gene	cluster	p_val	avg_log2FC	pct.1	pct.2	p_val_adj
OGN	0	1.44330915345115e-179	0.939806728711165	0.987	0.725	2.8897935870399e-175
DCN	0	8.31374647320014e-166	0.888893609056916	0.993	0.738	1.66457831886413e-161
MGP	0	3.52992945623318e-152	0.99308129355109	0.983	0.792	7.06762475727007e-148
COL1A2	0	5.15302529070621e-147	0.754636339803897	1	0.831	1.0317387237052e-142
RPL10	0	2.04569724820928e-143	0.529510097700049	1	1	4.09589503036462e-139
DLK1	0	8.4443234367203e-143	0.85952266824557	0.978	0.76	1.69072243850014e-138
LUM	0	8.80681672457188e-128	1.01888652557505	0.894	0.669	1.76330084459378e-123
COL3A1	0	2.24650540405409e-126	0.761354386043032	0.997	0.797	4.4979531199971e-122
MFAP4	0	4.65110017183133e-126	1.05106849817085	0.748	0.4	9.31243276404069e-122
CD81	0	2.0163330428932e-125	0.57899286638271	1	0.957	4.03710201848076e-121
COL5A2	0	3.22474007878327e-125	0.74977488614435	0.967	0.682	6.45657458573986e-121
KRT10	0	9.11275651913926e-120	0.728078443454166	0.953	0.738	1.82455611026206e-115
ITM2A	0	4.29284092225523e-119	0.879472163112039	0.935	0.688	8.59512609453943e-115
COL1A1	0	3.55489734174379e-115	0.640860681899097	1	0.84	7.11761545763941e-111
PPIB	0	6.58028046791504e-114	0.641702114922424	0.993	0.918	1.31750375528595e-109
PTN	0	6.85530315924224e-114	0.794442723891233	0.95	0.712	1.37256879854348e-109
MXRA8	0	1.15221661166235e-113	0.90492284299059	0.847	0.537	2.30696809987036e-109
CHCHD2	0	2.10507616969878e-112	0.567334410351544	0.987	0.932	4.2147835069709e-108
PCOLCE	0	2.26624471494768e-111	0.655173096331488	0.987	0.731	4.53747516826824e-107
RPL5	0	1.45134892674639e-109	0.494740159344718	1	0.995	2.90589082113161e-105
NGFRAP1	0	6.91392997712308e-107	0.712370724357796	0.931	0.693	1.38430706001958e-102
MAGED2	0	1.32367900087247e-103	0.800241128669394	0.867	0.603	2.65027009554685e-99
NPM1	0	4.80695590625316e-103	0.554016144388228	0.99	0.97	9.62448711550007e-99
SSPN	0	1.61258322050988e-102	1.06582344177991	0.628	0.315	3.22871412410487e-98
CRABP2	0	4.00526814102279e-102	1.03503521384086	0.668	0.352	8.01934787195583e-98
LAPTM4A	0	8.93236235612919e-102	0.649243896119065	0.954	0.826	1.78843759094419e-97
CPE	0	1.77561633376344e-101	0.778634542521496	0.878	0.583	3.55513902346116e-97
CALD1	0	1.12106194309878e-99	0.603958951919456	0.985	0.792	2.24459022247238e-95
POSTN	0	2.91876616256973e-98	0.690998020412154	0.928	0.689	5.84395361069711e-94
COPZ2	0	1.05761599277516e-97	1.01849491393545	0.644	0.344	2.11755874073443e-93
NDN	0	1.07483271193847e-97	1.01385596172871	0.636	0.332	2.1520300558432e-93
RPLP1	0	2.21345346774458e-97	0.364920239337648	1	1	4.4317765331182e-93
TIMP1	0	1.1950106207973e-96	0.617940040321418	0.991	0.914	2.39265026496036e-92
CNN3	0	2.67429273145437e-96	0.737190993846774	0.89	0.652	5.35446890691794e-92
PRRX1	0	2.47378372682099e-93	0.941618756334058	0.717	0.419	4.953009777841e-89
GLT8D2	0	3.59766465274784e-93	1.0754027058532	0.555	0.267	7.20324416773172e-89
MORF4L1	0	3.6809656162537e-93	0.558555575737206	0.985	0.89	7.37002935686316e-89
RPL19	0	6.85721473537449e-93	0.372624768801471	1	1	1.37295153431668e-88
CDC42EP5	0	3.56354806441916e-92	0.771510009844109	0.814	0.521	7.13493593458005e-88
NPW	0	5.41778355978888e-92	0.76427367960847	0.894	0.639	1.08474862434093e-87
H3F3B	0	4.46803656854389e-90	0.373941064205653	1	0.998	8.94590281753858e-86
SPARC	0	1.51966217472713e-87	0.531623613913347	0.997	0.798	3.04266760623866e-83
RPS2	0	2.655414365877e-87	0.361770447747579	1	0.999	5.31667064335892e-83
FXYD1	0	4.18788809477849e-87	0.887687276640427	0.667	0.367	8.3849895433655e-83
RPL4	0	7.79683003668886e-87	0.487852816442431	0.99	0.951	1.56108130994584e-82
COL6A1	0	1.00987670899608e-86	0.545436021656438	0.991	0.767	2.02197514675195e-82
CD63	0	1.74427194277588e-86	0.436073863518482	0.997	0.979	3.49238128382587e-82
ISLR	0	1.23409003224957e-85	0.576436177274043	0.965	0.708	2.47089506257009e-81
COL6A2	0	9.25054753183684e-85	0.52877603774324	0.999	0.811	1.85214462682437e-80
RPL10A	0	1.51751413520564e-82	0.457890737151292	0.994	0.981	3.03836680150873e-78
RPS4X	0	2.60905079631515e-82	0.405283814007917	1	0.998	5.22384150438219e-78
PSMB5	0	1.09439279967331e-79	0.871124355697289	0.682	0.41	2.19119326350591e-75
OLFML3	0	5.42430696199747e-79	0.838306618476502	0.65	0.365	1.08605473993113e-74
FIBIN	0	1.24046449226331e-78	0.999801388888807	0.62	0.346	2.4836580064096e-74
CFH	0	4.28688273522232e-78	0.63844655157115	0.866	0.598	8.58319661246213e-74
SUMO2	0	7.30035755286629e-78	0.484528422078034	0.974	0.921	1.46167758923489e-73
ITM2C	0	1.55289243231453e-77	0.654472333118267	0.887	0.647	3.10920122798015e-73
NDUFA4	0	1.89861518262143e-77	0.506632380892757	0.957	0.893	3.80140731864462e-73
RPS4Y1	0	2.97970033055695e-77	0.533979023625123	0.962	0.91	5.96595600184113e-73
CYGB	0	5.86517515637543e-77	0.813672899469726	0.695	0.41	1.17432536980949e-72
TTC3	0	1.14316591335315e-76	0.542668627319481	0.952	0.766	2.28884679171568e-72
ASPN	0	7.98951038943519e-76	0.991316370558154	0.527	0.269	1.59965977017271e-71
MEOX2	0	9.32307896403585e-75	0.950680680116145	0.623	0.357	1.86666687017926e-70
EPHX1	0	4.38305120144423e-74	1.03909301350374	0.543	0.293	8.77574511553163e-70
ABI3BP	0	6.28880141603862e-74	0.975818826926678	0.583	0.322	1.25914381951925e-69
CYTL1	0	1.15090678546189e-73	1.09882599840027	0.609	0.353	2.30434556585179e-69
BOC	0	2.55754028748977e-73	0.710249805095089	0.739	0.451	5.12070716361201e-69
C1S	0	2.81457323346934e-73	0.649445840401994	0.772	0.487	5.63533852805231e-69
RPS12	0	4.40226608204736e-72	0.341567379977475	1	1	8.81421714947522e-68
CDH11	0	4.4121712848269e-72	0.788975375819439	0.637	0.357	8.83404934648042e-68
MEST	0	9.13315691861664e-72	0.658395548468778	0.783	0.508	1.82864067824542e-67
CCND2	0	6.13429070279311e-71	0.588918441128913	0.868	0.638	1.22820768451324e-66
LMAN1	0	7.58146463313608e-70	0.703253627089051	0.778	0.537	1.51796084884651e-65
SLC25A6	0	7.75329569815292e-70	0.502230505098061	0.967	0.887	1.55236486468418e-65
ATP5G1	0	1.33690002545059e-69	0.64017548846825	0.842	0.614	2.67674123095717e-65
SERPINF1	0	2.20823353344271e-69	0.718962227281235	0.74	0.481	4.421325180659e-65
FKBP10	0	3.65625194334246e-69	0.563791184034923	0.876	0.61	7.32054764096027e-65
ATP6V1G1	0	3.82884186821575e-69	0.567529446243962	0.895	0.744	7.66610718854157e-65
CPXM1	0	1.07703942378075e-68	0.737638746408783	0.673	0.399	2.15644833429381e-64
SFRP2	0	1.1018917780982e-68	1.04073427073248	0.479	0.24	2.20620771810822e-64
COL6A3	0	1.1792779957351e-68	0.521381063143475	0.908	0.635	2.36115040306082e-64
RPS8	0	1.25063745916526e-68	0.338873303792963	1	1	2.50402632074068e-64
FGFR1	0	1.42384125283266e-68	0.534622430407582	0.89	0.646	2.85081495642155e-64
MMP2	0	2.19227014334526e-68	0.586691428102092	0.851	0.597	4.38936328100587e-64
SOD3	0	2.75970135061859e-68	0.947714948868257	0.541	0.297	5.52547404420853e-64
LAMB1	0	2.96873604962521e-67	0.48783598607455	0.951	0.731	5.9440033185596e-63
KDELR2	0	5.5128600158919e-67	0.63221322507699	0.848	0.659	1.10378483238188e-62
CIRBP	0	5.64659561683758e-67	0.485146954440096	0.962	0.883	1.13056137440322e-62
EEF1A1	0	7.19147226961209e-67	0.284900504278355	1	1	1.43987657782173e-62
BGN	0	9.20369996984843e-67	0.601811953867171	0.785	0.518	1.84276480796305e-62
TSPAN3	0	1.5108969432508e-66	0.62855433567518	0.828	0.583	3.02511785977675e-62
SGCE	0	1.78470784849192e-66	0.888863213624946	0.546	0.299	3.57334205425052e-62
TRIP6	0	1.96830324443176e-66	0.8567332189199	0.559	0.308	3.94093675600126e-62
SEC61G	0	3.56286462221761e-66	0.549337647411621	0.919	0.766	7.1335675466041e-62
SUB1	0	1.20413022749936e-65	0.507541843839451	0.942	0.841	2.41090954149922e-61
IGF2	0	2.39013654925907e-65	0.370886909037766	0.992	0.811	4.78553139892652e-61
GPC3	0	2.4379512578753e-65	0.622620569083826	0.79	0.538	4.88126600851793e-61
RCN2	0	2.65755237381985e-65	0.653702149714239	0.775	0.529	5.32095136286211e-61
CHODL	0	3.26838616063907e-65	1.02827054706066	0.459	0.229	6.54396277083154e-61
PPIC	0	1.56335815127572e-64	0.863714996730609	0.551	0.308	3.13015569048425e-60
PRDX6	0	2.19276110121235e-64	0.589533613658974	0.894	0.765	4.39034627684737e-60
GPX8	0	4.18490749045466e-64	0.849254087786139	0.538	0.291	8.37902177738832e-60
SPARCL1	0	9.72890250354573e-64	0.459868060177398	0.736	0.47	1.94792085925993e-59
C15orf61	0	1.48046010826335e-63	0.868367309659489	0.552	0.312	2.96417722876489e-59
IGFBP7	0	3.18597553499453e-63	0.325221083650724	0.942	0.765	6.37896021616605e-59
LHFP	0	1.16909335476168e-62	0.786168428722258	0.61	0.354	2.34075871490383e-58
COL5A1	0	3.62116808998829e-62	0.575158406644106	0.796	0.529	7.25030274977455e-58
KDELR1	0	5.49828490368433e-62	0.559803564985822	0.87	0.682	1.10086660341568e-57
TMEM98	0	6.00309372926427e-62	0.864605213104256	0.516	0.277	1.20193942647329e-57
NFIB	0	1.25298277239596e-61	0.61482360980734	0.796	0.568	2.50872210689118e-57
TCEB2	0	5.0578635991538e-61	0.443469326262099	0.972	0.913	1.01268544982257e-56
SLC9A3R2	0	5.18317773965038e-61	0.691821124833253	0.575	0.33	1.0377758470328e-56
HTRA1	0	5.75351389010119e-61	0.654931148050525	0.73	0.492	1.15196855107606e-56
SEPT11	0	6.34388362313176e-61	0.761690748319241	0.725	0.497	1.27017237902344e-56
ARF4	0	1.29335891181953e-60	0.691800093789639	0.741	0.52	2.58956321324505e-56
CCDC80	0	1.58153431066771e-60	0.7027583491174	0.669	0.416	3.16654799681888e-56
KDM5B	0	1.73423787953226e-60	0.763975930612041	0.63	0.384	3.47229108239949e-56
IGFBP4	0	4.61571181825433e-60	0.597799981623399	0.864	0.652	9.24157820250882e-56
ZNF667-AS1	0	4.94879837816547e-60	0.843673364480959	0.552	0.317	9.9084841127629e-56
FAT1	0	7.59792715524576e-60	0.666461090269736	0.732	0.478	1.52125697502331e-55
LGALS1	0	2.56063483206873e-59	0.402836019604961	0.983	0.931	5.12690306076801e-55
HDDC2	0	3.10709616334769e-59	0.839944035117431	0.541	0.308	6.22102793825474e-55
HMGN2	0	4.8441050444214e-59	0.279818522829365	0.965	0.856	9.69886711994052e-55
IL11RA	0	6.63486102512099e-59	0.87134442545686	0.514	0.284	1.32843187444972e-54
EID1	0	1.00682359867836e-58	0.47685959243858	0.933	0.819	2.01586220927381e-54
WASL	0	2.17547380585993e-58	0.769104327618787	0.591	0.35	4.35573365409275e-54
PEG10	0	2.32669375469698e-58	0.919485462268311	0.53	0.298	4.6585062356543e-54
RARRES2	0	2.46796368889466e-58	0.500984420140051	0.724	0.455	4.94135689790489e-54
TSHZ2	0	3.8665550684429e-58	0.491466234406029	0.873	0.629	7.74161655803638e-54
CLTB	0	9.59034919921458e-58	0.669461487350749	0.702	0.476	1.92017971666674e-53
PDGFRB	0	1.39176541246995e-57	0.696502906228112	0.589	0.346	2.78659270884734e-53
SSR2	0	1.52190330133071e-57	0.540047429482772	0.874	0.74	3.04715478992434e-53
PTMS	0	1.82494395255825e-57	0.443723587403246	0.953	0.818	3.65390278181212e-53
GAS2	0	3.76547489573549e-57	0.841728036589447	0.521	0.291	7.53923383624161e-53
DUT	0	6.62708904100121e-57	0.379457523520264	0.878	0.691	1.32687576778926e-52
AEBP1	0	8.53222126665303e-57	0.587991564465003	0.692	0.445	1.70832134200927e-52
ZFHX4	0	1.16437486109137e-56	0.635116683803379	0.685	0.431	2.33131134687713e-52
PRDX4	0	1.3382654268727e-56	0.636152456516044	0.69	0.444	2.67947503768452e-52
CAPN6	0	1.37819124825139e-56	0.787310255365147	0.576	0.341	2.75941451724892e-52
MSX1	0	2.64276010618381e-56	1.06151523505048	0.425	0.221	5.29133428460122e-52
RPL15	0	3.77816941209571e-56	0.302376468712827	1	0.999	7.56465079689804e-52
KAZALD1	0	5.21828092742755e-56	0.925771693660674	0.456	0.242	1.04480420728954e-51
S100A13	0	5.22887924323856e-56	0.701480750016019	0.692	0.456	1.04692620208122e-51
MDK	0	7.37132464284209e-56	0.539077176271642	0.837	0.611	1.47588661998984e-51
CALU	0	1.40803184140873e-55	0.594979749917528	0.797	0.581	2.81916135286856e-51
MXRA5	0	1.43093636150569e-55	0.984966675819975	0.457	0.246	2.86502078300669e-51
SEPT7	0	1.82147502618419e-55	0.491847999930189	0.949	0.833	3.64695729742599e-51
BMP5	0	2.62371263302177e-55	0.846739139587118	0.51	0.288	5.25319743383619e-51
EDNRA	0	6.72175875373103e-55	0.957202327144739	0.454	0.244	1.34583053767203e-50
PARK7	0	7.0024556946239e-55	0.494718996560837	0.89	0.758	1.4020316791776e-50
GABARAPL2	0	7.71626794440858e-55	0.545483029427898	0.842	0.666	1.54495116782949e-50
MDFI	0	1.38880306304115e-54	0.866466292289065	0.471	0.255	2.780661492821e-50
DAD1	0	1.48796156990391e-54	0.504191479434898	0.874	0.708	2.97919665526161e-50
FBLN1	0	1.49331606989368e-54	0.768999610151396	0.527	0.303	2.98991743514113e-50
FSTL1	0	1.69639999697243e-54	0.480007758271819	0.86	0.613	3.39653207393819e-50
SPRY2	0	3.20262284323024e-54	0.740256120590835	0.553	0.316	6.41229145671558e-50
LOXL1	0	3.30611982961936e-54	1.02021277450301	0.39	0.195	6.61951312286389e-50
OSTC	0	4.50854151414222e-54	0.597569546056509	0.793	0.593	9.02700181961555e-50
EMILIN1	0	5.30410123080916e-54	0.540635147669783	0.82	0.575	1.06198714843261e-49
RPL24	0	5.68781366309022e-54	0.307073403541442	0.997	0.996	1.13881405162392e-49
LINC00657	0	6.31791617358986e-54	0.557076683168569	0.829	0.638	1.26497317627616e-49
FMO1	0	6.9404818235066e-54	0.897179636862023	0.47	0.252	1.38962327070249e-49
COX7C	0	7.58370335181273e-54	0.401322911502634	0.97	0.93	1.51840908509994e-49
PALLD	0	9.83433891290342e-54	0.674852572132129	0.634	0.399	1.96903133714152e-49
COL12A1	0	1.15662792241091e-53	0.609447582384662	0.653	0.401	2.31580042625113e-49
RPL18	0	1.35575549882818e-53	0.29444548768582	1	0.999	2.71449365975378e-49
GNAI1	0	2.06398592811089e-53	0.832144661716469	0.541	0.318	4.13251262526363e-49
MEG3	0	2.13298086786904e-53	0.313894966205313	0.951	0.735	4.27065429364739e-49
FMOD	0	3.86353434396951e-53	0.582845143598782	0.722	0.466	7.73556846349576e-49
FBN1	0	4.597435446128e-53	0.620718498845878	0.721	0.479	9.20498525023748e-49
ARL1	0	6.82241040387506e-53	0.785683950615878	0.55	0.331	1.36598301106386e-48
SPRY1	0	1.44011316021885e-52	0.669920547975019	0.727	0.521	2.88339456939019e-48
RPS5	0	1.78652130302465e-52	0.359239579336113	0.985	0.968	3.57697295291595e-48
SLIT3	0	1.979495673938e-52	0.765525647624367	0.518	0.292	3.96334623835866e-48
CD99	0	3.03314160456046e-52	0.436490448234407	0.958	0.853	6.07295612065095e-48
LAMA2	0	3.29007889256508e-52	0.57661359563368	0.7	0.449	6.58739595869381e-48
SSR4	0	7.60989439949809e-52	0.436821273260581	0.941	0.854	1.52365305666751e-47
MRC2	0	7.98832871687093e-52	0.546105711128186	0.698	0.435	1.5994231756919e-47
MXRA7	0	1.40035691471707e-51	0.70941396462404	0.603	0.374	2.80379461464653e-47
RGS3	0	1.58183974530461e-51	0.987948115405004	0.439	0.24	3.16715953804889e-47
TMED3	0	1.74128093606669e-51	0.777517391593103	0.561	0.344	3.48639269019274e-47
OLFM2	0	1.94689823290186e-51	0.798580734451319	0.498	0.281	3.8980796419161e-47
TPM1	0	2.45624504574306e-51	0.632235543192	0.727	0.502	4.91789383058675e-47
SMO	0	2.79003141872841e-51	0.973677381469094	0.407	0.214	5.58620090657802e-47
BOD1	0	3.12410110680425e-51	0.791779866317049	0.486	0.274	6.25507523604347e-47
RAB34	0	4.06480025355686e-51	0.798270315010366	0.548	0.336	8.13854306767155e-47
THBS4	0	4.13661718197501e-51	0.552042152707569	0.854	0.671	8.28233492175037e-47
CNTN5	0	5.75936650670521e-51	1.01542518096101	0.372	0.185	1.15314036197252e-46
RPL6	0	1.20500082867422e-50	0.318480882064544	1	0.996	2.41265265917152e-46
ARF5	0	1.9192532221889e-50	0.57295040092207	0.803	0.619	3.84272880146661e-46
THRA	0	2.05430265500044e-50	0.759986646898441	0.514	0.299	4.11312477584188e-46
COLEC12	0	2.87162717720596e-50	0.639084904493419	0.641	0.415	5.74957193420177e-46
ARID5B	0	2.8733527968625e-50	0.75670362554221	0.614	0.399	5.75302696987809e-46
RBFOX2	0	2.95457706106518e-50	0.737980983173175	0.543	0.321	5.91565419166471e-46
PPAP2B	0	2.99425595064469e-50	0.888512662039965	0.464	0.26	5.99509926438081e-46
CDO1	0	5.23654323349004e-50	1.096554440182	0.321	0.148	1.04846068620938e-45
ANGPTL1	0	5.89242633544025e-50	1.07888505673346	0.374	0.189	1.17978160088185e-45
RP11-14N7.2	0	8.54226249081744e-50	0.56123641751699	0.694	0.452	1.71033179591147e-45
NFIX	0	9.32553879188872e-50	0.498112971215709	0.725	0.472	1.86715937691196e-45
ACTG1	0	1.30651890028429e-49	0.411269362326891	0.994	0.986	2.6159121421492e-45
CDK4	0	1.71260562962365e-49	0.692406320926549	0.542	0.323	3.42897899163247e-45
CTSK	0	1.91658294624739e-49	0.944769620508352	0.394	0.204	3.83738237497653e-45
PYCR1	0	1.9391743640761e-49	0.886349249810057	0.432	0.234	3.88261491175317e-45
MAGED1	0	2.50271368613951e-49	0.702612233882253	0.552	0.327	5.01093334238852e-45
TIMP3	0	4.43731581667e-49	0.64994496583322	0.572	0.344	8.88439372813667e-45
RNF212	0	8.97494683203865e-49	0.671814418514293	0.555	0.328	1.79696385471078e-44
FAM20C	0	1.00711393268626e-48	0.721501672165313	0.533	0.318	2.01644351602442e-44
UQCRH	0	1.02698474647299e-48	0.447317390533177	0.916	0.8	2.05622885938822e-44
COL14A1	0	2.15551798671728e-48	0.962459511574709	0.406	0.215	4.31577811300533e-44
LINC00478	0	2.41287429609956e-48	1.06946659101183	0.313	0.145	4.83105691565054e-44
ALDH1A3	0	7.50759389532314e-48	0.714551087044013	0.577	0.355	1.5031704497216e-43
SNUPN	0	1.15642641876219e-47	0.853496797729734	0.426	0.229	2.31539697564566e-43
NFIA	0	1.19701246285356e-47	0.564847159800809	0.691	0.456	2.3966583531254e-43
COL21A1	0	1.80134697350376e-47	0.834817888331256	0.446	0.246	3.60665691034923e-43
RSL24D1	0	1.85649666698389e-47	0.572544204548211	0.764	0.577	3.71707762663514e-43
SNHG7	0	3.10370698376633e-47	0.544020421643622	0.782	0.587	6.21424212289695e-43
SRSF9	0	3.20601034493195e-47	0.542119935174553	0.801	0.63	6.41907391262275e-43
NME1	0	3.8278284652159e-47	0.590633899557429	0.63	0.406	7.66407815305528e-43
QPRT	0	3.88083459624242e-47	0.841362177128113	0.442	0.245	7.77020702859656e-43
HNRNPA1	0	4.82452427223257e-47	0.405632617951836	0.965	0.932	9.65966249786406e-43
TSC22D1	0	1.03498836885053e-46	0.717053059493949	0.686	0.507	2.07225371211253e-42
DLC1	0	1.04077895664015e-46	0.660870678544191	0.576	0.356	2.0838476269849e-42
BICC1	0	1.40799451912766e-46	0.855876124058005	0.434	0.239	2.8190866261974e-42
NENF	0	1.85699078752308e-46	0.533585869794827	0.771	0.582	3.71806695477871e-42
APOD	0	2.75508611449217e-46	0.546777400562127	0.817	0.652	5.51623341843623e-42
MBTPS1	0	2.92665422644277e-46	0.69140761790264	0.566	0.354	5.85974709218371e-42
C21orf33	0	3.23896589275834e-46	0.788351486216758	0.493	0.294	6.48505751048075e-42
C11orf31	0	3.71879685836223e-46	0.459210909853716	0.883	0.754	7.44577506981286e-42
SNRPE	0	4.05899109177912e-46	0.516998795794423	0.771	0.553	8.12691196396015e-42
SIX1	0	5.98297579542725e-46	0.877193346776411	0.432	0.24	1.19791141376044e-41
FAM3C	0	7.12747814208308e-46	0.708297231053116	0.561	0.351	1.42706367360787e-41
CXCL12	0	7.90280848849051e-46	0.676050754612234	0.521	0.306	1.58230031556557e-41
WBP5	0	8.92539716123118e-46	0.604047961397435	0.662	0.439	1.78704301962171e-41
EPS8	0	1.5026671048232e-45	0.750017170376149	0.517	0.313	3.008640077277e-41
LIMA1	0	2.26584852907615e-45	0.627742180383336	0.571	0.354	4.53668192491627e-41
OLFML2B	0	2.35958606918001e-45	0.654300839327203	0.663	0.455	4.72436322771222e-41
CCDC102B	0	2.55644114683721e-45	0.964436111474744	0.386	0.206	5.11850646419746e-41
LOXL2	0	2.83078939994049e-45	0.682334783123081	0.548	0.333	5.66780653656086e-41
MDH2	0	3.9403568748477e-45	0.587001433151644	0.73	0.541	7.88938253482007e-41
NDUFA5	0	4.16653879589925e-45	0.620808550299476	0.607	0.394	8.34224397714949e-41
SEPW1	0	4.57981917143888e-45	0.406809944143478	0.916	0.777	9.16971394505493e-41
CLEC11A	0	6.24127404427829e-45	0.721805620651104	0.557	0.353	1.2496278891454e-40
PHF14	0	6.31912409000112e-45	0.583966262820273	0.653	0.435	1.26521502530002e-40
PMEPA1	0	1.00788321474323e-44	0.684509116476156	0.528	0.32	2.0179837725589e-40
PDAP1	0	1.09103524022486e-44	0.637312833030706	0.622	0.411	2.18447075797821e-40
EEF2	0	1.11494651662661e-44	0.411049570564579	0.935	0.852	2.23234591558979e-40
RCN1	0	1.12883679314256e-44	0.713560479059097	0.532	0.324	2.26015702723003e-40
AKR7A2	0	1.57353758483528e-44	0.796767015908884	0.502	0.307	3.15053695235719e-40
EVA1B	0	1.59056096796489e-44	0.69160060809543	0.589	0.388	3.18462117005929e-40
EPB41L4A-AS1	0	1.89052507776627e-44	0.703884753931615	0.532	0.33	3.78520931070363e-40
SCXA	0	2.04650312532808e-44	0.817641693570772	0.587	0.403	4.09750855753188e-40
FAM114A1	0	3.11026832932743e-44	0.842060706051164	0.42	0.233	6.22737924897937e-40
LSAMP	0	3.17661050410321e-44	0.996253870505423	0.318	0.153	6.36020955131545e-40
TPM2	0	3.18436031835718e-44	0.590351349229401	0.687	0.474	6.37572622941475e-40
CD276	0	4.44666765446646e-44	0.641749437839138	0.552	0.341	8.90311797777274e-40
KDELR3	0	5.94098933111188e-44	0.892954891263928	0.352	0.179	1.18950488387522e-39
EMP1	0	8.13055767271604e-44	0.599985918853016	0.649	0.436	1.62790025723121e-39
RPL7A	0	9.76887335647952e-44	0.28684312987127	0.998	0.998	1.95592382343433e-39
TMEM106B	0	1.38867860121122e-43	0.721402515189644	0.487	0.289	2.78041229534511e-39
PDCD7	0	1.5262606594673e-43	0.619605746458132	0.622	0.41	3.05587909238542e-39
TERF2IP	0	1.87582437728278e-43	0.532824929131414	0.704	0.494	3.75577556819559e-39
RPL3	0	2.32580014410158e-43	0.278012101843596	0.999	0.999	4.65671704852019e-39
RPS7	0	2.59541527302454e-43	0.2760997424797	0.999	0.998	5.19654045964972e-39
CRABP1	0	2.63592271878178e-43	0.791645621153049	0.566	0.375	5.27764446754487e-39
TMCO1	0	2.63837087878774e-43	0.556125856543791	0.714	0.512	5.28254617350882e-39
RPL35A	0	3.41161431107193e-43	0.272106178993845	0.999	0.997	6.83073417362823e-39
C12orf57	0	3.86155557420245e-43	0.514537112634727	0.792	0.589	7.73160657066815e-39
PDLIM2	0	7.04263960020032e-43	0.869915271083417	0.423	0.242	1.41007730075211e-38
ZNF428	0	1.23104846672746e-42	0.645370871393571	0.589	0.381	2.46480524008173e-38
VPS25	0	1.57600985963814e-42	0.746989533090612	0.462	0.271	3.15548694096749e-38
FUNDC2	0	1.63272515095874e-42	0.676144578410758	0.55	0.353	3.26904229724958e-38
CBX1	0	2.02917936904014e-42	0.625169431682044	0.6	0.402	4.06282293269218e-38
PPIL4	0	2.10408889546957e-42	0.77493866106213	0.482	0.293	4.21280678650916e-38
DGUOK	0	3.15062407166075e-42	0.648812125791991	0.605	0.405	6.30817951627916e-38
TUSC3	0	4.20201762329961e-42	0.693215647521026	0.493	0.29	8.41327968537048e-38
ERH	0	4.60909132845201e-42	0.511938605037796	0.76	0.571	9.22832265782662e-38
POLR2J	0	5.12086750034825e-42	0.563995468932557	0.685	0.482	1.02530009091973e-37
GLCE	0	1.19358720936547e-41	0.74409458062975	0.452	0.263	2.38980031059154e-37
DDR2	0	1.1969315559312e-41	0.491942048259316	0.58	0.353	2.39649636128544e-37
HIST1H2BK	0	1.68484825833965e-41	0.726470744736087	0.474	0.281	3.37340318284765e-37
LEPREL4	0	1.88075843421633e-41	0.762575560439139	0.452	0.264	3.76565453698794e-37
GTF2H5	0	2.33544146165132e-41	0.647467795170259	0.553	0.354	4.67602089451827e-37
NID1	0	2.35099602279715e-41	0.690586815414844	0.511	0.318	4.70716423684445e-37
FAM129A	0	2.51377184898431e-41	0.590664580533075	0.626	0.412	5.03307399603639e-37
SLC39A7	0	2.5210734927572e-41	0.796703263062329	0.448	0.267	5.04769334719847e-37
MMP14	0	5.37853433497984e-41	0.590150344543157	0.572	0.36	1.07689014454966e-36
C1orf21	0	5.41877916529314e-41	0.643771949157972	0.549	0.346	1.08494796447499e-36
VASN	0	6.00087756498771e-41	0.841485067124469	0.37	0.2	1.20149570606184e-36
TMEM230	0	1.61535766173806e-40	0.621668527722777	0.6	0.403	3.23426911033194e-36
CUTA	0	1.7892081887803e-40	0.512868096148118	0.756	0.584	3.58235263557591e-36
HDLBP	0	1.81735446159746e-40	0.544611803362298	0.721	0.533	3.63870710301044e-36
PSMD8	0	1.84017993167755e-40	0.516967447636595	0.743	0.562	3.6844082592048e-36
TCF12	0	2.05491712438863e-40	0.66077045263954	0.544	0.344	4.11435506645091e-36
NUPR1	0	3.08159761785991e-40	0.445392080552633	0.786	0.588	6.16997475047911e-36
LRP1	0	3.28241246109332e-40	0.386280495852791	0.897	0.712	6.57204622960104e-36
GLT8D1	0	3.37328903111033e-40	0.856609014620319	0.403	0.231	6.75399929808911e-36
KERA	0	3.56600089574808e-40	1.09115846160106	0.271	0.127	7.1398469934668e-36
SMARCA1	0	3.62367441125515e-40	0.665655940506943	0.487	0.293	7.25532090621506e-36
ATXN7L3B	0	5.92059140100052e-40	0.66252253468973	0.518	0.325	1.18542081030832e-35
PDCD6	0	6.03456876928974e-40	0.597433116143728	0.638	0.447	1.20824135898719e-35
FKBP14	0	8.46819318687874e-40	0.824728087978722	0.394	0.221	1.69550163987686e-35
LMNA	0	9.37875732061646e-40	0.438434886286028	0.812	0.617	1.87781479073383e-35
CCDC8	0	1.03341859299719e-39	0.845151130942895	0.359	0.193	2.06911070689897e-35
PGRMC1	0	1.24562597277197e-39	0.644029646888946	0.518	0.327	2.49399232268404e-35
SEP15	0	1.28246019753378e-39	0.610396061332055	0.601	0.415	2.56774180750213e-35
SEC62	0	1.35055829755103e-39	0.415509218755279	0.883	0.756	2.70408782335668e-35
SNHG8	0	1.37471220974682e-39	0.522856547251935	0.78	0.616	2.75244878635508e-35
GSTM3	0	1.48477532331732e-39	0.896740942530811	0.368	0.203	2.97281715234593e-35
TIMM13	0	1.55588340265871e-39	0.644955807970191	0.585	0.398	3.11518974880327e-35
FSTL5	0	1.68024557402225e-39	0.823863786302446	0.432	0.256	3.36418768830735e-35
TM9SF3	0	1.73305944739423e-39	0.478520507119004	0.77	0.574	3.46993162557273e-35
ETV1	0	1.87588455160968e-39	0.771377819293988	0.409	0.232	3.75589604923289e-35
BARX1	0	2.07307902477606e-39	0.976426245509784	0.332	0.176	4.15071882340663e-35
SMAD3	0	2.1491480965864e-39	0.550291754454816	0.543	0.334	4.30302431898528e-35
FERMT2	0	2.32550864546951e-39	0.85833170549627	0.436	0.262	4.65613340995905e-35
LEPROT	0	2.48757181247432e-39	0.619006840733321	0.568	0.376	4.98061628293607e-35
ST13	0	4.28269495436337e-39	0.457228106172672	0.871	0.764	8.57481183762633e-35
FBXO17	0	5.17147077324082e-39	0.874566145094441	0.374	0.208	1.03543187821828e-34
BMP1	0	5.38564170736902e-39	0.650662160579586	0.478	0.285	1.07831318264943e-34
NDUFB10	0	6.7385731767465e-39	0.467438726307127	0.796	0.64	1.34919712144818e-34
LARP6	0	7.98911144085164e-39	0.891062660071366	0.35	0.187	1.59957989268731e-34
CXCL14	0	9.12728336406323e-39	1.02821730549712	0.33	0.177	1.82746467515274e-34
EGFL6	0	9.7362936252609e-39	1.10518589309823	0.289	0.143	1.94940070964974e-34
NRBP1	0	1.20882543694985e-38	0.673834180701984	0.532	0.343	2.42031028986099e-34
PHLDA3	0	1.30161559673306e-38	0.763114587605198	0.409	0.235	2.60609474777893e-34
FN1	0	1.64820796081808e-38	0.355928486884981	0.805	0.611	3.30004197914996e-34
CTHRC1	0	1.72438629732854e-38	0.662550303483127	0.488	0.298	3.4525662445112e-34
CHD9	0	2.01127074243913e-38	0.424518382297585	0.837	0.675	4.02696628051164e-34
IMP3	0	2.27302121355578e-38	0.646621016429476	0.541	0.35	4.55104307378139e-34
EGFR	0	2.78132043016214e-38	0.57140622830482	0.524	0.322	5.56875976527064e-34
NME4	0	2.92633380611226e-38	0.50712609409037	0.664	0.454	5.85910554659797e-34
SHFM1	0	3.06891263580729e-38	0.39589615130678	0.885	0.754	6.14457687941335e-34
SEPT6	0	3.17010907119872e-38	0.525986453947318	0.716	0.529	6.34719238235408e-34
MLF2	0	3.62602197548542e-38	0.636081374605549	0.561	0.367	7.26002119931691e-34
SCN7A	0	4.28614114363385e-38	0.800793945412607	0.359	0.191	8.58171179778369e-34
UBE2E3	0	4.34384351395588e-38	0.662289615484986	0.518	0.33	8.69724348364246e-34
TUSC1	0	4.78466454619802e-38	0.918009559284462	0.318	0.165	9.57985535439768e-34
EPB41L2	0	4.99739257595706e-38	0.49726813982005	0.721	0.523	1.00057794155812e-33
TMEM208	0	5.03575234967908e-38	0.672956540536842	0.53	0.344	1.00825833545275e-33
THY1	0	5.80265292645236e-38	0.736335599163069	0.466	0.287	1.16180716893429e-33
ANKRD50	0	7.63332412545962e-38	0.659086750124098	0.453	0.267	1.52834415639953e-33
CALM2	0	8.15566998636248e-38	0.345062304760869	0.927	0.845	1.6329282446695e-33
LRRC59	0	1.27334519507184e-37	0.804475739692548	0.409	0.241	2.54949174957284e-33
FKBP7	0	1.35597354210461e-37	0.858683342858177	0.356	0.196	2.71493022600185e-33
GBAS	0	1.78327138093367e-37	0.687711939862668	0.498	0.317	3.57046595890538e-33
TNMD	0	1.88907505006797e-37	0.852602217983282	0.442	0.271	3.78230606524609e-33
C1R	0	2.28818288933819e-37	0.602697874583614	0.521	0.323	4.58139978103293e-33
GALNT11	0	2.29987258518674e-37	0.752466625397242	0.411	0.24	4.60480489006088e-33
TCEAL8	0	2.92593637865159e-37	0.656275464526427	0.477	0.294	5.85830981733622e-33
PEBP1	0	2.98284651441329e-37	0.461223498072932	0.828	0.703	5.97225529115829e-33
KCNE4	0	3.11894267509793e-37	0.816211207835517	0.333	0.175	6.24474702408108e-33
PPP2R1A	0	3.32070572900748e-37	0.633972882446443	0.511	0.324	6.64871701061877e-33
LRRC17	0	3.56364131433155e-37	0.810232032391416	0.37	0.205	7.13512263955463e-33
ETFA	0	3.64029223939689e-37	0.591980750172849	0.581	0.393	7.28859312172045e-33
KIFAP3	0	3.94223410687454e-37	0.823811884005395	0.37	0.207	7.89314112878421e-33
ASS1	0	4.25004630108948e-37	1.05438200101575	0.27	0.131	8.50944270404135e-33
MRFAP1	0	4.50176873965073e-37	0.500862636071334	0.712	0.525	9.01344137052869e-33
PRMT1	0	4.5997625248246e-37	0.53481639041627	0.618	0.423	9.20964452720382e-33
NDUFA11	0	4.93540550651727e-37	0.552806023054955	0.674	0.496	9.88166890514889e-33
RCN3	0	4.95388921202284e-37	0.934003081861885	0.344	0.19	9.91867698031213e-33
ELN	0	5.41112511200531e-37	0.513239592391981	0.532	0.335	1.0834154699257e-32
TMEM59L	0	6.14081379654571e-37	0.839432794582502	0.341	0.184	1.22951373834438e-32
IGFBP6	0	9.04692173603883e-37	1.19933511397575	0.295	0.151	1.8113746699897e-32
COL4A2	0	1.1526678386496e-36	0.392908040938665	0.82	0.629	2.30787154654422e-32
CRLF1	0	1.17213162951695e-36	0.830643931405737	0.356	0.196	2.34684194861884e-32
PLEKHA5	0	1.36573258217721e-36	0.78460127968187	0.404	0.237	2.7344697760352e-32
P4HB	0	2.63588176574779e-36	0.396035958761996	0.864	0.699	5.27756247138023e-32
SBDS	0	3.08757309713829e-36	0.623163971297606	0.546	0.36	6.18193885509029e-32
ATRAID	0	3.28633077798579e-36	0.540076054668358	0.655	0.469	6.57989148368316e-32
DCTD	0	3.29760708098662e-36	0.861707113215384	0.371	0.213	6.60246889755142e-32
BUD31	0	3.72929177575709e-36	0.537195265019252	0.648	0.458	7.46678799342084e-32
VCL	0	5.53903172143988e-36	0.744287989754071	0.439	0.266	1.10902493126669e-31
NEO1	0	6.10787703581861e-36	0.681811338422984	0.434	0.257	1.2229191401116e-31
PTPLAD1	0	6.721428210341e-36	0.562892483583432	0.534	0.343	1.34576435627448e-31
IAH1	0	1.12833746128373e-35	0.728206458702752	0.461	0.288	2.25915726498228e-31
SWI5	0	1.81140147891563e-35	0.844008977840685	0.361	0.204	3.62678804108487e-31
NREP	0	1.9354823955837e-35	0.640998149719677	0.473	0.292	3.87522285243769e-31
SNAI2	0	2.02355250196777e-35	0.967515962107397	0.315	0.169	4.05155681943987e-31
ANAPC11	0	4.54899067596542e-35	0.461186007113791	0.716	0.53	9.10798913141797e-31
TMED1	0	5.86609131775915e-35	0.897725287830108	0.318	0.171	1.17450880364174e-30
FAM213A	0	5.91793881631464e-35	0.606647839069117	0.559	0.373	1.18488970980252e-30
PCDH18	0	6.64290160974649e-35	0.7891478286736	0.339	0.185	1.33004176030344e-30
DMKN	0	7.28109217306038e-35	1.01302267414468	0.255	0.124	1.45782027489015e-30
BDH2	0	7.82144306732298e-35	0.685107124791823	0.407	0.24	1.56600933093941e-30
TAGLN	0	1.11248596913713e-34	0.84347718338212	0.325	0.18	2.22741940740637e-30
SRM	0	1.38857484888219e-34	0.716144255900328	0.491	0.321	2.78020456243192e-30
MFAP2	0	1.39700182948239e-34	0.702218898123524	0.425	0.254	2.79707706298964e-30
COMMD4	0	1.4204086963503e-34	0.441270513067507	0.58	0.378	2.84394229183258e-30
CDKN1C	0	1.86432960642309e-34	0.656911487645027	0.505	0.336	3.73276073798032e-30
GTF2A2	0	1.96135255028809e-34	0.551855964380251	0.623	0.446	3.92702007618682e-30
UFC1	0	1.9876042597643e-34	0.47770625302122	0.74	0.576	3.97958124890008e-30
PSMB1	0	2.38617954957514e-34	0.408296677545239	0.828	0.686	4.77760869415935e-30
PHB2	0	2.56776231242518e-34	0.608606062197377	0.579	0.405	5.14117370193769e-30
CTGF	0	3.03022633513309e-34	0.807121346560169	0.452	0.287	6.06711916820346e-30
CMYA5	0	3.38849592348331e-34	0.590274977300771	0.474	0.291	6.78444653799829e-30
TMEM204	0	4.45274725827049e-34	0.802016264219642	0.375	0.217	8.91529056050917e-30
PDK2	0	7.42847567715769e-34	0.902767617000745	0.334	0.188	1.48732940008051e-29
PTRF	0	8.32001315528838e-34	0.40333712186233	0.728	0.521	1.66583303395184e-29
TCEAL4	0	9.93543803262244e-34	0.566140613519572	0.558	0.379	1.98927340289166e-29
ACBD3	0	1.41515530431703e-33	0.595833386838086	0.536	0.361	2.83342395030355e-29
ABCA10	0	1.43725127070613e-33	0.658009213540302	0.463	0.289	2.87766449420781e-29
ESD	0	1.64537807651051e-33	0.617634241507098	0.526	0.354	3.29437598478935e-29
NDUFAB1	0	1.84308658205663e-33	0.530025800214206	0.625	0.439	3.69022795459379e-29
ADH5	0	1.89522155134479e-33	0.663504952794261	0.468	0.3	3.79461259010254e-29
SMOC2	0	2.16529347063921e-33	1.02176874325845	0.256	0.127	4.33535058691383e-29
LAMTOR5	0	2.94074272072446e-33	0.528480593170166	0.639	0.465	5.88795507543452e-29
EIF3I	0	3.34776383507099e-33	0.564993786613003	0.58	0.403	6.70289275057913e-29
TMEM9	0	4.48904962056778e-33	0.684440933204339	0.436	0.269	8.98797515030082e-29
OAF	0	5.34157714283996e-33	0.771466143784159	0.381	0.224	1.06949057553942e-28
TWIST1	0	5.47855552279166e-33	0.847166838856055	0.318	0.173	1.09691638677335e-28
C1orf123	0	6.17788623622527e-33	0.684480319449466	0.441	0.275	1.23693638221702e-28
PDLIM4	0	6.3827897137554e-33	0.698273220393652	0.36	0.205	1.27796215648811e-28
SMARCE1	0	9.74464782331139e-33	0.581284462469019	0.556	0.382	1.95107338718341e-28
ATP5J	0	1.04621034398043e-32	0.407684213136853	0.831	0.713	2.09472235071762e-28
PHB	0	1.20709358927027e-32	0.457247790948062	0.695	0.52	2.41684278443693e-28
SON	0	1.30357531294709e-32	0.258854858057943	0.984	0.927	2.61001849158266e-28
BTBD3	0	1.62162173360508e-32	0.812475145112105	0.338	0.19	3.24681103502409e-28
PBX1	0	1.83019283279832e-32	0.641957468774393	0.417	0.251	3.6644120898288e-28
COX6C	0	2.65433722188487e-32	0.31510488785295	0.911	0.801	5.31451398565789e-28
CDK6	0	2.78193201939181e-32	0.634264658284988	0.46	0.293	5.56998428922629e-28
SMAD5	0	2.78931895103654e-32	0.553874904276411	0.552	0.374	5.58477440376536e-28
NRK	0	2.89796542067802e-32	0.734051860863666	0.385	0.229	5.80230636528154e-28
OLFML1	0	3.1351040025448e-32	0.88639995276764	0.269	0.137	6.2771052338952e-28
ZNHIT1	0	3.22502648368726e-32	0.44197696756807	0.771	0.613	6.45714802563864e-28
TNC	0	4.32214716955075e-32	0.574704109357251	0.498	0.318	8.6538030628745e-28
SNHG18	0	4.53261059493587e-32	0.938415769946299	0.277	0.145	9.07519293318061e-28
DSTN	0	4.66195090392464e-32	0.399228868737602	0.716	0.534	9.33415809983791e-28
RAB2A	0	4.88622756314847e-32	0.469448025866083	0.733	0.582	9.78320482693586e-28
GRHPR	0	4.91571668289278e-32	0.692256169530128	0.4	0.24	9.84224794248792e-28
NGFR	0	5.23743748263654e-32	0.805033317935209	0.333	0.186	1.04863973277349e-27
HIC1	0	5.54044311531866e-32	0.735317261768272	0.393	0.234	1.1093075205491e-27
WLS	0	5.72486522726992e-32	0.678543624589073	0.418	0.256	1.14623251580398e-27
NAGLU	0	5.944668819057e-32	0.736521025875486	0.393	0.237	1.19024159095159e-27
CFDP1	0	6.17720914960454e-32	0.475959503058945	0.658	0.464	1.23680081593382e-27
MRPL51	0	6.6115650715215e-32	0.447595302969245	0.706	0.53	1.32376755862003e-27
TENM3	0	7.41734089843766e-32	0.613911430680714	0.408	0.243	1.48509999468519e-27
RPLP0	0	7.77722381580173e-32	0.258056529868941	0.985	0.971	1.55715575239982e-27
CNPY2	0	7.85028664105316e-32	0.595557895151329	0.52	0.347	1.57178439127166e-27
GCSH	0	8.57551763675701e-32	0.742336761231831	0.365	0.213	1.71699014123149e-27
SEC61B	0	1.07965709585739e-31	0.332881183881791	0.864	0.745	2.16168943732566e-27
PTPRN2	0	1.31157815830682e-31	0.95164715598475	0.281	0.149	2.62604178856191e-27
CDC42EP1	0	1.35131349652276e-31	0.877932119909127	0.286	0.151	2.70559988273787e-27
C12orf23	0	1.4262341094105e-31	0.658560175945657	0.436	0.272	2.8556059338617e-27
HSBP1	0	1.49638897789917e-31	0.392774054295468	0.805	0.651	2.99607001154973e-27
LPAR1	0	1.5352419306066e-31	0.89661477706942	0.279	0.146	3.07386139346054e-27
C1orf122	0	1.5629910215864e-31	0.691840447202531	0.44	0.279	3.12942062342029e-27
MTCH1	0	1.57228002645717e-31	0.480393680671471	0.735	0.575	3.14801906897254e-27
DESI2	0	1.92884751795748e-31	0.779975860343571	0.382	0.231	3.86193850045447e-27
MFGE8	0	2.14492966320299e-31	0.488871862960764	0.523	0.341	4.29457817166502e-27
COPB2	0	2.73728637485358e-31	0.623379932023644	0.493	0.323	5.48059477973184e-27
MRPS26	0	2.80773035109858e-31	0.631255571607518	0.469	0.302	5.62163770896957e-27
MRPS33	0	2.91736129159327e-31	0.633024919816975	0.456	0.291	5.84114077802804e-27
DEXI	0	2.98706349952428e-31	0.878331234592426	0.295	0.16	5.98069853874752e-27
SNAPC5	0	3.12293163218567e-31	0.711369612287785	0.404	0.248	6.25273371396214e-27
SERPINE2	0	3.13026392275112e-31	0.48476187245082	0.407	0.248	6.2674144261323e-27
MPC2	0	3.29817399056585e-31	0.571721525585956	0.546	0.373	6.60360396391095e-27
ARPC1A	0	3.48001725904147e-31	0.586250455037406	0.526	0.357	6.96769055605283e-27
PLP1	0	4.10440563929871e-31	0.820617129486457	0.262	0.134	8.21784097100387e-27
PLEKHH2	0	4.68944570062674e-31	0.633913537922839	0.397	0.236	9.38920818179486e-27
PHPT1	0	5.44132043489715e-31	0.470089239760392	0.711	0.542	1.08946117747511e-26
ERBB2	0	5.75421313680093e-31	0.793374668353027	0.325	0.182	1.15210855425028e-26
TSPAN5	0	6.09657929782175e-31	0.747903848248266	0.379	0.227	1.22065710700987e-26
C1QTNF4	0	6.25152997984987e-31	0.819962665400332	0.344	0.2	1.25168133256554e-26
SKP1	0	6.30438832468576e-31	0.367777922947349	0.883	0.773	1.26226463036858e-26
CRISPLD1	0	6.90446553389174e-31	0.718445067402276	0.354	0.206	1.3824120891958e-26
TGFB2	0	7.56079612054335e-31	0.765218714438649	0.368	0.217	1.51382259925519e-26
EDIL3	0	8.11562177812799e-31	0.982647024850787	0.257	0.132	1.62490979241679e-26
MEIS3	0	9.83636303202824e-31	0.667889166499561	0.368	0.216	1.96943660627269e-26
C17orf89	0	1.17351421073853e-30	0.536068793857199	0.55	0.374	2.34961015274068e-26
POLR2L	0	1.21442902866746e-30	0.394353281692265	0.823	0.693	2.43152980119798e-26
ACBD6	0	1.24357231865766e-30	0.609656321862907	0.476	0.31	2.48988049641637e-26
PLSCR4	0	1.24759688787649e-30	0.842378146577519	0.321	0.182	2.49793848890631e-26
PLEKHA4	0	1.41143340682206e-30	0.615204624758068	0.395	0.238	2.82597196713912e-26
COX7A2L	0	1.6253468381246e-30	0.543677315051211	0.58	0.416	3.25426943929308e-26
YIPF3	0	1.98729846914275e-30	0.590844816030953	0.491	0.328	3.97896899491761e-26
SSBP4	0	2.00208808741657e-30	0.638760847454916	0.466	0.301	4.00858076862546e-26
NT5C3B	0	2.31814520468504e-30	0.646774672348808	0.452	0.29	4.64139032882039e-26
ACP1	0	2.32855373206478e-30	0.584097772634777	0.515	0.35	4.6622302823401e-26
ANTXR1	0	2.68381991552522e-30	0.754812930455914	0.315	0.174	5.3735442348646e-26
CLTA	0	2.90209614412403e-30	0.411498922005907	0.815	0.688	5.81057689976513e-26
ERI3	0	2.99481695761594e-30	0.776148476260026	0.331	0.188	5.99622251253864e-26
GOLGA2	0	3.01914206830493e-30	0.683284227821859	0.411	0.253	6.04492624916013e-26
RHOBTB3	0	3.32255414791242e-30	0.634354244079003	0.467	0.305	6.65241791495024e-26
MPDZ	0	4.79734084574513e-30	0.694194501957684	0.362	0.212	9.6052358413509e-26
SRP9	0	5.44030044163416e-30	0.508098076490964	0.587	0.411	1.08925695442399e-25
STUB1	0	5.86910699129573e-30	0.537060950584899	0.589	0.419	1.17511260179723e-25
MEOX1	0	7.81691382272287e-30	0.857289178246556	0.302	0.167	1.56510248558557e-25
TBC1D2B	0	9.40838663628571e-30	0.50218063147028	0.516	0.34	1.88374717231712e-25
RORA	0	1.03051333137358e-29	0.551515911963655	0.438	0.269	2.06329379207617e-25
CA11	0	1.04665719312977e-29	0.728340133907921	0.329	0.187	2.09561703208442e-25
NME3	0	1.09666972307586e-29	0.481873848750959	0.669	0.503	2.19575211954248e-25
NPDC1	0	1.41700335861344e-29	0.401560225981064	0.481	0.301	2.83712412461583e-25
SCARF2	0	1.86323785934286e-29	0.62658040720429	0.393	0.238	3.73057484197628e-25
SEMA6D	0	2.00228447924878e-29	0.603155439544138	0.353	0.204	4.0089739843519e-25
MTPN	0	2.03567774858303e-29	0.488559841903585	0.664	0.512	4.07583398821293e-25
DHRS3	0	2.21920916432781e-29	0.744982243267909	0.41	0.258	4.44330058881714e-25
PTGR1	0	2.2229187409916e-29	0.86537805692886	0.274	0.146	4.45072790321339e-25
MATN2	0	2.40249348403648e-29	0.590456915203222	0.384	0.229	4.81027245373784e-25
OAZ2	0	2.50149684107745e-29	0.587906038759792	0.506	0.342	5.00849697520528e-25
CETN2	0	2.82200899524014e-29	0.658766732613042	0.402	0.248	5.65022641026981e-25
NES	0	3.32429383230147e-29	0.493149417527071	0.483	0.31	6.655901111034e-25
TFG	0	3.46090128611347e-29	0.67952873561464	0.436	0.284	6.92941655505639e-25
SEC31A	0	3.50608157906098e-29	0.502972060005618	0.59	0.415	7.0198765375959e-25
SAT2	0	3.71692115936634e-29	0.509675600301695	0.622	0.461	7.44201954528328e-25
RARA	0	3.74848653514584e-29	0.75689147913564	0.346	0.205	7.505219740669e-25
COPS6	0	3.77151726314942e-29	0.489166260480588	0.625	0.45	7.55133186427776e-25
PSMG3	0	3.85115114397715e-29	0.69383383111911	0.372	0.225	7.71077482047105e-25
TPST1	0	4.29879726520129e-29	0.918009559284462	0.261	0.138	8.60705188438603e-25
PDGFRA	0	4.51619453600548e-29	0.766092139110074	0.343	0.202	9.04232469999016e-25
ABCA8	0	4.52841567871704e-29	0.658520911935848	0.382	0.231	9.06679387192726e-25
PRSS35	0	4.59998739111235e-29	0.953290262485579	0.258	0.136	9.21009475448515e-25
MIR503HG	0	4.63827389777128e-29	0.84913507079292	0.3	0.168	9.28675199811767e-25
SURF4	0	4.9166928788785e-29	0.590503839019243	0.475	0.313	9.84420248209053e-25
NDUFB2	0	5.16232203101757e-29	0.351856141974949	0.878	0.781	1.03360011705034e-24
SMIM7	0	5.16481302275184e-29	0.609972110867836	0.483	0.326	1.03409886341537e-24
NHP2	0	6.39279637900163e-29	0.645867340204344	0.482	0.326	1.27996569100371e-24
LIFR	0	7.24887635576724e-29	0.570158674860777	0.437	0.274	1.45137002395172e-24
PRDX2	0	8.13087148383871e-29	0.437046626079337	0.701	0.553	1.62796308849419e-24
ZCRB1	0	1.34986767689569e-28	0.55175603942846	0.472	0.308	2.70270506268055e-24
PSMA4	0	1.5090416823945e-28	0.447065177730962	0.679	0.511	3.02140325649027e-24
IMPDH2	0	1.52605069475234e-28	0.672748765714554	0.434	0.282	3.05545870103313e-24
SNX3	0	1.67255794887059e-28	0.386408795474741	0.84	0.733	3.34879552522869e-24
CDC26	0	2.342789456073e-28	0.650919218699155	0.404	0.255	4.69073304894935e-24
EDF1	0	2.96067758478401e-28	0.307709701888709	0.935	0.884	5.92786866025455e-24
SAMD11	0	3.79951818174987e-28	0.828088974610269	0.27	0.145	7.60739530349959e-24
SUMO1	0	3.98198052763598e-28	0.511402734345504	0.598	0.44	7.97272141243275e-24
NDUFC1	0	4.06776340358694e-28	0.463796760189628	0.68	0.523	8.14447588666177e-24
PLAGL1	0	4.23955047333651e-28	0.512633183154505	0.466	0.301	8.48842795771437e-24
POLR3D	0	4.52891953936991e-28	0.763471291273093	0.327	0.192	9.06780270172643e-24
RRBP1	0	4.80085126811059e-28	0.371373373899814	0.821	0.692	9.61226440901103e-24
GOLIM4	0	5.40145525733285e-28	0.549213732302493	0.511	0.348	1.08147937162318e-23
BTF3	0	5.41695205361498e-28	0.300726932870752	0.952	0.923	1.08458214017479e-23
THAP5	0	5.80526370843284e-28	0.743098018565171	0.362	0.223	1.16232989970242e-23
EBPL	0	6.960816039574e-28	0.608969445972518	0.462	0.309	1.39369458744351e-23
MPHOSPH10	0	7.56348641981151e-28	0.610054406949704	0.437	0.283	1.51436125097466e-23
SYCE1L	0	8.36906081932141e-28	0.844487122433377	0.314	0.182	1.67565335724453e-23
LDHB	0	8.41970308298256e-28	0.376475940988527	0.785	0.65	1.68579295127477e-23
TM2D1	0	8.78951090075319e-28	0.751651172862342	0.358	0.218	1.7598358725488e-23
MRPS6	0	9.77914365834355e-28	0.593709123581528	0.627	0.481	1.95798014327355e-23
PKDCC	0	9.85557107840828e-28	0.66839566921299	0.349	0.208	1.97328244131891e-23
RUNX1T1	0	1.60650757920902e-27	0.658041456498452	0.363	0.218	3.21654947509229e-23
C1D	0	1.92580402951052e-27	0.652135366081478	0.403	0.256	3.85584482788596e-23
POLR2F	0	1.97554653298529e-27	0.55560124421465	0.498	0.338	3.95543926834316e-23
TNS3	0	2.00374253285304e-27	0.728677215382902	0.35	0.211	4.01189329927836e-23
SCOC	0	2.70846796487722e-27	0.667641565286829	0.388	0.244	5.42289455927717e-23
RHOC	0	2.89269913049541e-27	0.345570736775442	0.728	0.557	5.79176219907791e-23
LAMA4	0	3.02268421774029e-27	0.482749518808721	0.496	0.326	6.05201834075962e-23
SRI	0	3.18365444148206e-27	0.488507580609679	0.585	0.423	6.37431292273538e-23
NBPF1	0	3.50719927737842e-27	0.63575205310254	0.392	0.247	7.02211439316707e-23
SF3B14	0	3.50784090487025e-27	0.426785225240133	0.685	0.526	7.02339905973121e-23
GTF2I	0	4.2225894041589e-27	0.344623588509212	0.828	0.68	8.45446850500695e-23
ITGAE	0	4.69844916949455e-27	0.561433236094205	0.467	0.311	9.40723492716198e-23
ARL16	0	5.4125125727848e-27	0.724129825690427	0.335	0.2	1.08369326732297e-22
PIK3R1	0	5.49468464206757e-27	0.547115226282596	0.687	0.545	1.10014575903477e-22
RABL5	0	6.61364575658056e-27	0.850746332379784	0.261	0.141	1.32418415338256e-22
NDUFS4	0	7.75304510678829e-27	0.627463589882097	0.45	0.302	1.55231469128115e-22
TCEAL7	0	1.0426323334867e-26	0.733676445565106	0.322	0.189	2.08755845810707e-22
TFPI	0	1.13164223675467e-26	0.317002091987986	0.477	0.305	2.26577408643021e-22
TENC1	0	1.18254775984382e-26	0.558158981253346	0.404	0.252	2.36769712475929e-22
ZEB1	0	1.21200432916347e-26	0.492088798546078	0.48	0.316	2.4266750678511e-22
WDR61	0	1.31638071288456e-26	0.589795201549668	0.445	0.292	2.63565746333747e-22
COL16A1	0	1.32008623048538e-26	0.376138550442975	0.524	0.341	2.64307665067784e-22
ZKSCAN1	0	1.3752923742205e-26	0.488909347463991	0.506	0.343	2.75361039166428e-22
CSRP2	0	1.44048478242554e-26	0.887544278557411	0.329	0.199	2.88413863137241e-22
MPG	0	1.48951406912315e-26	0.567830191465885	0.458	0.304	2.98230506919838e-22
AKAP12	0	1.51400926678685e-26	0.406673642586741	0.548	0.375	3.03134935396063e-22
F3	0	1.54775712445969e-26	0.80011130581912	0.284	0.159	3.0989193145932e-22
FNDC1	0	1.69861089480725e-26	0.679871723747333	0.325	0.191	3.40095873358307e-22
IDH3G	0	1.7306999183585e-26	0.533260682083391	0.511	0.355	3.46520737653738e-22
SAR1A	0	1.82208992166399e-26	0.634524543416505	0.402	0.258	3.64818844115564e-22
DOCK1	0	2.14065549677958e-26	0.660421105447652	0.382	0.241	4.28602043565208e-22
JTB	0	2.51258455417999e-26	0.491555263093438	0.61	0.453	5.03069679437918e-22
CXXC5	0	2.76542324319775e-26	0.743532604040991	0.374	0.237	5.53693041753054e-22
VGLL4	0	3.24266808362083e-26	0.593953595219479	0.47	0.315	6.49247003702562e-22
ERLEC1	0	3.41995142444487e-26	0.600335757041371	0.449	0.3	6.84742674202353e-22
LAMC1	0	3.61348417010879e-26	0.463297117709544	0.507	0.338	7.23491800539182e-22
FKBP9	0	3.67004945705385e-26	0.61901616183692	0.415	0.268	7.34817302291321e-22
PLCE1	0	3.72068213950993e-26	0.65999999379438	0.35	0.213	7.44954977972679e-22
SETBP1	0	3.9992984957608e-26	0.759823394298916	0.297	0.17	8.00739544821227e-22
PI16	0	5.03464681000149e-26	0.640751581836428	0.341	0.204	1.0080369842985e-21
RNF7	0	5.05086933064443e-26	0.417718045705759	0.669	0.504	1.01128505738163e-21
ZNF22	0	5.53007664358179e-26	0.537707039314461	0.458	0.303	1.10723194557795e-21
PYURF	0	5.57126739001787e-26	0.587896831696419	0.457	0.309	1.11547915682938e-21
CDC42EP4	0	6.40403192641006e-26	0.821747706226059	0.274	0.154	1.28221527230582e-21
TSPAN6	0	6.73335807227084e-26	0.819325284425055	0.256	0.139	1.34815295323007e-21
RAB14	0	7.24175049686665e-26	0.577035708706553	0.532	0.386	1.44994328448264e-21
TOMM7	0	7.55118006547754e-26	0.294104396357705	0.918	0.864	1.51189727270991e-21
GSN	0	7.57451320864042e-26	0.36034509441645	0.873	0.772	1.51656903463398e-21
CPNE3	0	9.18726706643242e-26	0.643728974830897	0.404	0.264	1.8394746120411e-21
COL13A1	0	9.3772063678238e-26	0.775715676819341	0.277	0.155	1.87750425896568e-21
FAM13A	0	9.42096115273444e-26	0.48266507668526	0.491	0.331	1.88626484200049e-21
LAGE3	0	1.30809093959444e-25	0.576631672832165	0.468	0.32	2.61905967925598e-21
COL11A1	0	1.37679092166049e-25	0.618925039310598	0.35	0.211	2.75661078334863e-21
PPDPF	0	1.54820462190879e-25	0.322970531485936	0.9	0.83	3.09981529398577e-21
CBX5	0	1.57881847255244e-25	0.364019097518301	0.581	0.397	3.1611103457445e-21
EIF4E2	0	1.63099602170085e-25	0.662456734820121	0.389	0.253	3.26558023464944e-21
GNG12	0	1.66275551024193e-25	0.651038738891498	0.337	0.201	3.32916908260639e-21
PTPRA	0	1.73525047469008e-25	0.528118873900242	0.485	0.329	3.47431850042449e-21
ATP1B1	0	1.86052439593318e-25	0.643374672120516	0.464	0.313	3.7251419455374e-21
C11orf58	0	1.95012472710762e-25	0.3548064051317	0.827	0.703	3.90453972861488e-21
SPRY4	0	1.98254717043866e-25	0.60149750094428	0.361	0.223	3.96945594465229e-21
AFF3	0	2.09285890596467e-25	0.612955282961496	0.392	0.249	4.19032210152245e-21
DCTN3	0	2.35484892227911e-25	0.469419500294592	0.525	0.366	4.71487851218723e-21
FAM229B	0	2.67683769440195e-25	0.809352495765	0.278	0.159	5.35956443173158e-21
MPLKIP	0	3.07155804709464e-25	0.539250241800424	0.466	0.314	6.14987352189289e-21
MAGEH1	0	3.11608039498835e-25	0.766530225162968	0.306	0.182	6.23901616684567e-21
EFEMP2	0	3.13697690412202e-25	0.672442090602227	0.345	0.212	6.28085515743312e-21
PFDN2	0	3.20576413238105e-25	0.418806229161212	0.687	0.541	6.41858094585333e-21
C7orf50	0	3.32953553130376e-25	0.619407907769792	0.469	0.328	6.6663960407764e-21
LINC00667	0	3.45183649626515e-25	0.713651060778276	0.32	0.191	6.91126703282208e-21
TRAPPC2L	0	3.83193718063785e-25	0.664137059989457	0.407	0.27	7.67230462307311e-21
MRPS34	0	5.49829279477477e-25	0.497512912302307	0.541	0.388	1.1008681833698e-20
KANK2	0	5.58558097423285e-25	0.678460016751497	0.313	0.185	1.1183450226609e-20
MPZL1	0	5.74005751680219e-25	0.597645361613536	0.443	0.3	1.14927431601413e-20
RNF187	0	5.92622558054883e-25	0.596766993058556	0.433	0.287	1.18654888573749e-20
CD27-AS1	0	6.30335985208034e-25	0.732674698636031	0.292	0.169	1.26205870958353e-20
EBF2	0	6.39403431160992e-25	0.78858960578765	0.286	0.165	1.28021354987054e-20
RDH14	0	6.84505517949963e-25	0.838687106623057	0.27	0.153	1.37051694803942e-20
TMED9	0	1.05909672786012e-24	0.454578134697908	0.638	0.49	2.12052346852154e-20
NDUFA10	0	1.2742385122348e-24	0.499045385442552	0.499	0.347	2.55128034919652e-20
RABEP1	0	1.34614048768969e-24	0.543273920719933	0.484	0.337	2.69524248445229e-20
OBSL1	0	1.41642059497792e-24	0.62087737624424	0.35	0.216	2.83595731526478e-20
F2R	0	1.43891690011354e-24	0.735304211550579	0.364	0.233	2.88099941740733e-20
APBB2	0	1.55167664947927e-24	0.658510032487401	0.318	0.189	3.10676698758739e-20
C16orf91	0	1.58237231868803e-24	0.8347069125899	0.256	0.143	3.16822585647718e-20
USP8	0	1.7818220736183e-24	0.444696971338576	0.551	0.387	3.56756415579856e-20
CYTH3	0	1.82482918580643e-24	0.643680683748358	0.357	0.222	3.65367299582163e-20
OST4	0	1.83636717058936e-24	0.312471862212354	0.899	0.827	3.67677434895402e-20
CCND1	0	1.97783239509827e-24	0.489706788951285	0.388	0.244	3.96001602146575e-20
OCIAD1	0	1.98858525562898e-24	0.510342719371982	0.562	0.415	3.98154539882033e-20
HMCN1	0	2.08913812187254e-24	0.694478916949417	0.268	0.15	4.18287234761319e-20
ALDH1A1	0	2.11270895420776e-24	0.824564995165398	0.318	0.195	4.23006586811478e-20
CDK14	0	2.37447956461726e-24	0.836215468120815	0.26	0.146	4.75418298427667e-20
KRIT1	0	2.52097360638574e-24	0.523220743849424	0.444	0.295	5.04749335470552e-20
DHRS4L2	0	2.58774106571349e-24	0.73554426122447	0.315	0.19	5.18117516177155e-20
NR1D2	0	2.61398013171985e-24	0.623217594334614	0.43	0.291	5.23371101972948e-20
IGFBP2	0	2.81659360248408e-24	0.523855826945407	0.625	0.489	5.63938371089362e-20
VCAN	0	2.84111965732293e-24	0.448876928810042	0.569	0.412	5.68848977789197e-20
GOPC	0	3.04519317570233e-24	0.577752968723925	0.443	0.3	6.09708577639121e-20
ZNF302	0	3.13405382086265e-24	0.518898519312756	0.418	0.271	6.27500256013121e-20
MICU1	0	3.31691149349796e-24	0.654460731965136	0.368	0.235	6.64112019228161e-20
FAM43A	0	3.46985047040022e-24	0.666226288425377	0.376	0.243	6.94733461183532e-20
VBP1	0	3.81112053831867e-24	0.557934330608823	0.427	0.282	7.63062554182164e-20
SNRPB2	0	4.14188571770401e-24	0.499003157802673	0.527	0.378	8.29288358398698e-20
TBL2	0	4.17654696667807e-24	0.729718790262665	0.28	0.161	8.36228233668283e-20
TGFB1I1	0	4.38416270426667e-24	0.724590046280854	0.311	0.188	8.77797056648274e-20
VIM	0	4.82579994954884e-24	0.295746931651884	0.961	0.967	9.66221665898669e-20
UBE2I	0	6.77413888012151e-24	0.388501918229471	0.721	0.586	1.35631808657793e-19
NR2F2	0	7.02674292119634e-24	0.485265624347027	0.473	0.316	1.40689446768193e-19
NIFK	0	7.39573774786386e-24	0.566711529083499	0.381	0.242	1.4807746118773e-19
MYL6B	0	7.60112991797167e-24	0.597908817448107	0.446	0.305	1.52189823217629e-19
UACA	0	7.77552272329452e-24	0.329512635316989	0.748	0.573	1.55681515965803e-19
MAP1LC3A	0	8.49864179186798e-24	0.616485684628212	0.402	0.265	1.70159805956781e-19
CASD1	0	8.75868572319191e-24	0.570371345291205	0.38	0.243	1.75366405549748e-19
WWTR1	0	9.180932553536e-24	0.394633377886904	0.459	0.302	1.83820631586898e-19
TBX3	0	9.29416370002022e-24	0.767766923703849	0.259	0.145	1.86087745601805e-19
PDLIM7	0	9.43849276692639e-24	0.632375287689589	0.388	0.253	1.889775021794e-19
ABCA6	0	1.00377761523479e-23	0.472111096300858	0.412	0.268	2.0097635412231e-19
RGCC	0	1.03669863945483e-23	0.571104952641418	0.614	0.489	2.07567801591646e-19
EBF1	0	1.16279382242475e-23	0.656797889057486	0.32	0.193	2.32814579125883e-19
ATP5A1	0	1.2389949365211e-23	0.47030356663917	0.55	0.395	2.48071566190255e-19
GGCT	0	1.4972272409911e-23	0.603209604181365	0.407	0.272	2.99774838191239e-19
DNPH1	0	1.5165720558413e-23	0.565481261483629	0.429	0.291	3.03648057020544e-19
CTSL	0	1.55611939244107e-23	0.406304692360441	0.523	0.367	3.11566224754551e-19
EIF1AX	0	1.57785689824906e-23	0.524366495467021	0.489	0.345	3.15918508167426e-19
NAT14	0	1.66616184686887e-23	0.771646058614299	0.272	0.156	3.33598924980086e-19
TMEM248	0	1.67302494214598e-23	0.528967268538563	0.484	0.338	3.34973053916469e-19
FHL1	0	1.70232162169198e-23	0.69662778250135	0.316	0.192	3.40838835095168e-19
NHP2L1	0	1.77568317729833e-23	0.361331150980585	0.75	0.615	3.55527285758673e-19
IGFBP5	0	1.85426716006526e-23	0.374539684014526	0.661	0.513	3.71261370788267e-19
EIF3L	0	2.00246603333567e-23	0.480712520836713	0.546	0.398	4.00933749194467e-19
MRPS14	0	2.09385735955211e-23	0.71539763658302	0.326	0.202	4.19232120529523e-19
CHMP2A	0	2.13481828723976e-23	0.478790225049786	0.564	0.414	4.27433317471145e-19
UFM1	0	2.17391497662452e-23	0.518926503566081	0.469	0.322	4.35261256619761e-19
CNKSR3	0	2.80372924633778e-23	0.630401537580976	0.296	0.174	5.6136266970175e-19
HMGN3	0	2.86228723029405e-23	0.38984619881254	0.657	0.508	5.73087149249475e-19
NPRL3	0	3.05873538637845e-23	0.592680885236586	0.37	0.236	6.12419999060692e-19
NOB1	0	3.11559922124235e-23	0.783057221063859	0.308	0.189	6.23805276077144e-19
NDUFB5	0	3.23628242134927e-23	0.502809749712272	0.52	0.374	6.4796846640255e-19
HNRNPK	0	3.24562028763478e-23	0.322361028589841	0.855	0.745	6.49838093990236e-19
MRPL28	0	3.39949769950899e-23	0.509077422654805	0.456	0.311	6.8064742939569e-19
CEP57	0	3.77109362039938e-23	0.423883982300603	0.558	0.4	7.55048364676363e-19
CNTFR	0	4.35135250461304e-23	0.771987744368636	0.268	0.156	8.71227798473622e-19
COL4A1	0	5.10380773590671e-23	0.260822747111382	0.755	0.594	1.02188438488324e-18
KCNQ1OT1	0	5.12399115349784e-23	0.255928530071016	0.637	0.47	1.02592550875334e-18
RRAGA	0	5.22522458480045e-23	0.631725608421763	0.375	0.244	1.04619446636875e-18
C7orf73	0	6.57038181379428e-23	0.519760504421936	0.49	0.345	1.31552184675789e-18
TMEM14C	0	7.44531215626535e-23	0.391480350872377	0.646	0.489	1.49070039992745e-18
HSD17B10	0	8.34851093449735e-23	0.624509872723617	0.368	0.239	1.67153885930506e-18
RND3	0	8.41918698230976e-23	0.786488727041296	0.261	0.151	1.68568961759806e-18
IREB2	0	9.50922519813006e-23	0.500737370345295	0.442	0.297	1.9039370691696e-18
ABCA9	0	9.88997692772106e-23	0.48523732054013	0.37	0.235	1.98017118046831e-18
THSD4	0	1.04368705483387e-22	0.649750129190685	0.313	0.19	2.08967022118837e-18
PXDN	0	1.07118277002997e-22	0.391099726609471	0.47	0.312	2.144722142154e-18
MAML2	0	1.10195181060249e-22	0.399073782135107	0.614	0.46	2.2063279151883e-18
ATPIF1	0	1.14779773706594e-22	0.328934302658005	0.808	0.695	2.29812062915343e-18
BET1	0	1.25385092576786e-22	0.706896511627123	0.325	0.204	2.5104603235724e-18
CD164	0	1.26172398688558e-22	0.383912925813945	0.728	0.585	2.5262237665423e-18
FASTK	0	1.35255034072868e-22	0.516471890484741	0.408	0.268	2.70807629220697e-18
DCHS1	0	1.40517722534622e-22	0.623075068984381	0.332	0.206	2.8134458405882e-18
AP1S1	0	1.88023898780304e-22	0.659714801943561	0.363	0.236	3.76461450137924e-18
RER1	0	1.90003106977839e-22	0.499136493891471	0.506	0.364	3.80424220791029e-18
NOTCH2	0	1.90095438640387e-22	0.544522564674028	0.411	0.273	3.80609087245783e-18
TRPM7	0	2.0483953253648e-22	0.501381060980851	0.415	0.272	4.10129712044541e-18
RIC3	0	2.06358922662462e-22	0.578656830676009	0.321	0.196	4.13171834954781e-18
TBCA	0	2.17171743718574e-22	0.328985033240071	0.789	0.644	4.34821265273329e-18
SVIL	0	2.80909041535127e-22	0.706114002442469	0.299	0.18	5.62436082961632e-18
TPBG	0	2.96968008988906e-22	0.808323979674289	0.278	0.166	5.94589347597588e-18
SYNGR1	0	3.06247628271393e-22	0.761769472952941	0.262	0.152	6.13169001324983e-18
NDUFA8	0	3.33897205604531e-22	0.561569172834298	0.413	0.277	6.68528985061393e-18
SPAG7	0	3.52767929335614e-22	0.599853218286308	0.397	0.265	7.06311948115767e-18
TOP2B	0	3.92417566038189e-22	0.544668891533891	0.42	0.284	7.85698450721661e-18
EPHB3	0	3.93983999198466e-22	0.758409788632218	0.26	0.15	7.88834763195168e-18
LSM7	0	3.98612652452986e-22	0.354378824839236	0.732	0.596	7.98102252741369e-18
IFI6	0	4.03881976337057e-22	0.51507490125131	0.595	0.455	8.08652493022056e-18
TXN2	0	4.07367236472994e-22	0.534067033063173	0.47	0.335	8.15630680866228e-18
AP3S1	0	4.33849393796245e-22	0.5960814643971	0.402	0.271	8.68653256258841e-18
TCF7L1	0	4.38309919326351e-22	0.725364481342066	0.257	0.147	8.77584120475219e-18
ATP5O	0	4.64458481158388e-22	0.420509899813646	0.646	0.505	9.29938770975325e-18
EIF4H	0	4.71748956134202e-22	0.433378701812143	0.568	0.422	9.44535759971899e-18
YAP1	0	4.86823863874362e-22	0.6072220220023	0.354	0.226	9.74718740249248e-18
PRKCDBP	0	4.88144611149641e-22	0.398922189783496	0.354	0.222	9.77363140443812e-18
ENAH	0	5.19857484860002e-22	0.735887467754074	0.299	0.183	1.0408586561867e-17
GLRX5	0	5.21817207876822e-22	0.518312606140104	0.419	0.282	1.04478241361097e-17
PDHB	0	5.33599706378867e-22	0.707201903556792	0.3	0.184	1.06837333211177e-17
RASSF8-AS1	0	5.55950874119043e-22	0.635580577156015	0.306	0.186	1.11312484016115e-17
ATP5J2	0	5.79021966456975e-22	0.320861096892438	0.825	0.723	1.15931778124016e-17
GJA1	0	5.84555035545134e-22	0.519594280953032	0.341	0.214	1.17039609216847e-17
ARF1	0	6.03071625801595e-22	0.329327004147245	0.814	0.712	1.20747000917995e-17
NDUFB8.1	0	6.14588048121863e-22	0.385503053839504	0.659	0.508	1.23052818994959e-17
PARVA	0	6.6067630262487e-22	0.718653837963225	0.286	0.171	1.32280609311552e-17
MALSU1	0	8.74643656882676e-22	0.72653597555251	0.306	0.19	1.75121152981049e-17
ZBED6	0	9.86937717125476e-22	0.601201536055908	0.338	0.212	1.97604669722863e-17
SPON2	0	1.00174441899292e-21	0.741466679077642	0.25	0.142	2.00569267570762e-17
ATP5H	0	1.00734396270627e-21	0.356958408190779	0.766	0.652	2.01690408213049e-17
ZFAND6	0	1.0520467794226e-21	0.575294863782864	0.434	0.298	2.10640806175993e-17
PREX2	0	1.09857444552442e-21	0.705549673159274	0.286	0.173	2.19956575482899e-17
COPS8	0	1.14767898824395e-21	0.686062831234765	0.284	0.169	2.29788287026203e-17
TNPO1	0	1.182168872328e-21	0.537291136302718	0.452	0.317	2.36693851617511e-17
MRPL43	0	1.18328916039267e-21	0.530890763570592	0.452	0.316	2.36918155693821e-17
USP46	0	1.20471512625633e-21	0.743388163177394	0.256	0.148	2.41208062579042e-17
PLAC9	0	1.20751391852647e-21	0.565229184799357	0.302	0.183	2.4176843676737e-17
PDCD4	0	1.22721465484551e-21	0.415779512908929	0.519	0.368	2.45712918193169e-17
C19orf70	0	1.24491389913576e-21	0.467181393638187	0.516	0.375	2.49256660884961e-17
FKBP8	0	1.295295587181e-21	0.388095652606188	0.65	0.496	2.59344082465379e-17
DPYSL3	0	1.29970321190348e-21	0.615555708900253	0.346	0.22	2.60226577087315e-17
RBMS3	0	1.40105663078689e-21	0.54116772214409	0.345	0.216	2.80519558616152e-17
HOXB2	0	1.43280935245023e-21	0.696315948831568	0.31	0.193	2.86877088547584e-17
EFNB1	0	1.47566781057116e-21	0.744035453189005	0.287	0.174	2.95458209032559e-17
MARVELD1	0	1.47944500251463e-21	0.487261976916957	0.418	0.276	2.9621447840348e-17
COPRS	0	1.55687106186037e-21	0.668031306276115	0.35	0.23	3.11716724005683e-17
PSMB6	0	1.77997630088917e-21	0.400431813954179	0.632	0.486	3.5638685496403e-17
KIAA1217	0	2.02549649488174e-21	0.666726159143026	0.258	0.148	4.05544908205222e-17
EMILIN3	0	2.08372539407132e-21	0.643704041115648	0.329	0.207	4.17203498400959e-17
PSMB7	0	2.09556682676177e-21	0.506946667052145	0.498	0.36	4.19574390054243e-17
IFT20	0	2.28963465704651e-21	0.551157211867333	0.427	0.296	4.58430651033852e-17
NDUFS2	0	2.29923361851562e-21	0.459054943475412	0.523	0.378	4.60352555099197e-17
TMED2	0	2.94475391103145e-21	0.515095619088108	0.466	0.33	5.89598628066716e-17
C8orf59	0	3.08270722093922e-21	0.378967390860804	0.678	0.538	6.17219639776451e-17
POLR2C	0	3.09421860662593e-21	0.619785724988368	0.365	0.241	6.19524449418644e-17
ZNF652	0	3.19986990019553e-21	0.530260916903757	0.46	0.326	6.40677951417149e-17
TMEM115	0	3.27489120885809e-21	0.784984140653679	0.261	0.154	6.55698717837567e-17
GOLM1	0	3.3541146626211e-21	0.64507669238443	0.313	0.195	6.71560837749996e-17
TSPAN31	0	3.37296965575492e-21	0.693136148444259	0.288	0.175	6.75335984475251e-17
LSM5	0	3.44044139767855e-21	0.363644780767311	0.525	0.369	6.888451766432e-17
APH1A	0	3.45034278015058e-21	0.526379297767033	0.427	0.292	6.90827631441749e-17
YWHAQ	0	3.51649032780409e-21	0.374798907040089	0.626	0.471	7.04071693432934e-17
UBE2H	0	3.71583313859354e-21	0.499100858249789	0.485	0.348	7.43984111009199e-17
C14orf2	0	3.74814485153514e-21	0.349500990619665	0.739	0.61	7.50453562174366e-17
PLD3	0	3.82482835925625e-21	0.285318918800647	0.813	0.677	7.65807134090287e-17
DNM3OS	0	3.98688703029213e-21	0.73071899766729	0.257	0.151	7.98254521205091e-17
SESN3	0	4.02859668856818e-21	0.545093800840422	0.412	0.279	8.06605628985121e-17
EXT2	0	4.18105118256308e-21	0.693565815206726	0.286	0.173	8.3713006777278e-17
RWDD1	0	4.42494896873223e-21	0.456140465039498	0.532	0.388	8.85963282519567e-17
MAN1A2	0	4.48914858248377e-21	0.615082426327156	0.351	0.228	8.98817329184901e-17
FKBP11	0	4.56001561554526e-21	0.728667104014909	0.263	0.155	9.13006326544471e-17
NRN1	0	4.7404158859416e-21	0.715875976931815	0.268	0.16	9.49126068683227e-17
MRPL3	0	4.95460447817051e-21	0.624095840566697	0.346	0.226	9.920109086193e-17
SPOP	0	4.95545472581721e-21	0.508916423754875	0.459	0.322	9.92181145203122e-17
POFUT2	0	4.95716515849817e-21	0.782214040912662	0.254	0.148	9.92523608034503e-17
YIPF5	0	5.13746449972418e-21	0.634883735511199	0.339	0.219	1.02862314213478e-16
DTWD1	0	5.17503472767982e-21	0.675116685848976	0.306	0.19	1.03614545317605e-16
SUPT4H1	0	5.26773364507517e-21	0.506002933054997	0.476	0.341	1.05470563041695e-16
SELM	0	5.43289391538817e-21	0.57940272325047	0.368	0.243	1.08777401973902e-16
KLHDC10	0	6.17452465630293e-21	0.657886748870572	0.279	0.167	1.23626332668497e-16
CD59	0	6.29571789029126e-21	0.251031484055409	0.6	0.432	1.26052863599412e-16
SUCLG1	0	6.86572668180084e-21	0.541486489124186	0.393	0.265	1.37465579623017e-16
SEPT2	0	7.08322984163838e-21	0.305249449735547	0.774	0.643	1.41820427889284e-16
BCL7C	0	7.40122622828452e-21	0.43029455551895	0.517	0.372	1.48187351542713e-16
FARP1	0	8.28848032814037e-21	0.657245327075496	0.29	0.176	1.65951953130026e-16
H1F0	0	8.48328787292307e-21	0.50181559097304	0.478	0.338	1.69852389791666e-16
CDC42BPA	0	8.68701477212087e-21	0.529237714699424	0.352	0.226	1.73931409767404e-16
RHEB	0	9.08275092129467e-21	0.271203555951317	0.644	0.5	1.81854838946162e-16
H1FX	0	9.40045984734458e-21	0.300192613085121	0.778	0.649	1.88216007063533e-16
LAMTOR4	0	9.68533770746741e-21	0.315026927009063	0.823	0.737	1.93919831578913e-16
ZC3H6	0	9.69892700933662e-21	0.787425449474318	0.257	0.153	1.94191916580938e-16
PDIA6	0	1.02822762068123e-20	0.33775845313357	0.744	0.62	2.05871734212795e-16
DNAJA2	0	1.03359982836568e-20	0.599899803743495	0.37	0.248	2.06947357635376e-16
PCGF2	0	1.05370463129343e-20	0.536064697869189	0.363	0.235	2.1097274127757e-16
COMMD3	0	1.16871267479734e-20	0.611480346063787	0.375	0.252	2.33999651747923e-16
DNAJC8	0	1.29867624767312e-20	0.398080943980796	0.566	0.419	2.60020958309111e-16
PHAX	0	1.42506888626801e-20	0.618682893334233	0.329	0.21	2.8532729240858e-16
MAP2K2	0	1.45279663779338e-20	0.44559779714925	0.504	0.362	2.9087894281899e-16
ATP2B4	0	1.46578569121763e-20	0.552082271630723	0.325	0.203	2.93479611095593e-16
ZNF322	0	1.55395310318572e-20	0.634363255831994	0.312	0.196	3.11132490319845e-16
CCDC25	0	1.61568980732373e-20	0.560792714393961	0.38	0.255	3.23493413222357e-16
ISOC2	0	1.77215215585529e-20	0.663963936677923	0.341	0.225	3.54820304645347e-16
PTK7	0	1.91865060608947e-20	0.647642807760416	0.29	0.178	3.84152224351234e-16
MGMT	0	1.96800571267419e-20	0.491105472677923	0.421	0.288	3.94034103791626e-16
MRPL55	0	2.02304048615918e-20	0.500494556399376	0.43	0.298	4.0505316613879e-16
COX16	0	2.08224654541688e-20	0.549488770093328	0.442	0.315	4.16907403323368e-16
MIA3	0	2.13132833615142e-20	0.442505379655873	0.474	0.332	4.26734559464237e-16
ACADM	0	2.20447976954262e-20	0.59398452356152	0.324	0.205	4.41380939457824e-16
GLG1	0	2.28758404820048e-20	0.456251638007853	0.468	0.328	4.580200781307e-16
CDH19	0	2.30469049470906e-20	0.365167755468419	0.256	0.149	4.61445130850648e-16
ARMC10	0	2.33589371618538e-20	0.638949729524593	0.32	0.204	4.67692639854637e-16
ANXA5	0	2.46694577714105e-20	0.301587528294254	0.848	0.768	4.9393188349918e-16
ANXA6	0	2.5782466158044e-20	0.499740938742605	0.429	0.295	5.16216537416357e-16
PPFIBP1	0	2.58286964069714e-20	0.290167990285587	0.423	0.285	5.17142159460381e-16
IGF1	0	2.60603643651496e-20	0.571916993193348	0.33	0.21	5.21780615319025e-16
FLNA	0	2.77984305054732e-20	0.349206552625347	0.662	0.511	5.56580175580585e-16
LEPRE1	0	2.84733246992546e-20	0.599279164356149	0.305	0.189	5.70092907128475e-16
COPZ1	0	2.87837487640438e-20	0.55389721811508	0.44	0.31	5.76308217753686e-16
BCAP29	0	2.91289622033123e-20	0.534350879424063	0.448	0.317	5.83220081234718e-16
MSRB2	0	2.96383749394871e-20	0.494160822568793	0.468	0.333	5.93419543038412e-16
TMEM185A	0	3.234171828812e-20	0.612034025452448	0.322	0.205	6.47545883564739e-16
LMAN2	0	3.42179927994177e-20	0.374669428671706	0.628	0.481	6.85112651829941e-16
RP11-139H15.1	0	3.43470488600035e-20	0.652514551962684	0.309	0.194	6.8769661227499e-16
TCF7L2	0	3.44761861921043e-20	0.575709587092802	0.329	0.21	6.90282199938313e-16
DPM2	0	3.45582674982214e-20	0.652115499311428	0.329	0.214	6.91925631849388e-16
EIF2AK1	0	3.54984881128189e-20	0.535569114700916	0.375	0.248	7.10750728994859e-16
PCSK1N	0	4.23486521412616e-20	0.611446765793679	0.314	0.199	8.47904713172339e-16
ARL3	0	4.23542317007221e-20	0.602688851508047	0.326	0.209	8.48016427111858e-16
TSC22D3	0	4.2361977087122e-20	0.314137138110084	0.809	0.706	8.48171505238357e-16
ZNF32	0	4.36235537949612e-20	0.700448820177557	0.279	0.171	8.73430794082713e-16
SSBP3	0	4.48398208609946e-20	0.567967828188186	0.313	0.196	8.97782893278834e-16
HGF	0	4.57813866302049e-20	0.688791838211874	0.3	0.189	9.16634923109963e-16
MBIP	0	4.58494153458508e-20	0.672950227781371	0.259	0.154	9.17996994054626e-16
SERPING1	0	5.27607193638917e-20	0.329821355618835	0.641	0.493	1.05637512310384e-15
SERBP1	0	5.30897721933885e-20	0.298239060292276	0.84	0.748	1.06296341885602e-15
WBSCR22	0	5.44264384628775e-20	0.48447295854561	0.436	0.305	1.08972615090373e-15
ZRANB2	0	6.22040509164219e-20	0.318699696818096	0.693	0.54	1.2454495074486e-15
BFAR	0	6.70021446863851e-20	0.547458568019022	0.371	0.248	1.3415169409108e-15
MARCKS	0	7.2074228411933e-20	0.315722835019547	0.902	0.83	1.44307020126372e-15
EIF3D	0	7.5956124699121e-20	0.520470650382958	0.513	0.389	1.5207935287258e-15
RNF24	0	8.22049462316606e-20	0.59733834994855	0.336	0.218	1.64590743345031e-15
IFT57	0	8.64106936855306e-20	0.696930469892046	0.276	0.169	1.73011490897169e-15
CTDSPL	0	9.62308319417622e-20	0.716375698114811	0.271	0.164	1.92673371713796e-15
ECHS1	0	1.05893978140805e-19	0.510438293399632	0.451	0.324	2.12020923033519e-15
CAMLG	0	1.08073429932859e-19	0.498022844033885	0.448	0.317	2.16384621411571e-15
MESDC2	0	1.09943326501062e-19	0.351302468270574	0.589	0.445	2.20128528320426e-15
RAP1B	0	1.10674173230216e-19	0.425468836827771	0.606	0.472	2.21591829641538e-15
FLYWCH2	0	1.14434276992303e-19	0.678000594549392	0.289	0.181	2.2912030939399e-15
MYO9A	0	1.2108828049073e-19	0.40134795425401	0.493	0.346	2.4244295519854e-15
ZNF280D	0	1.21158217453565e-19	0.395646684920708	0.511	0.368	2.42582982985527e-15
C19orf10	0	1.21483255954053e-19	0.374603704246991	0.539	0.393	2.43233775071206e-15
MYO1B	0	1.24425306193738e-19	0.724580620936535	0.275	0.17	2.49124348061101e-15
AIMP1	0	1.26533065924326e-19	0.554556557570551	0.389	0.266	2.53344504593685e-15
POLR2M	0	1.31178820076819e-19	0.703996803563987	0.252	0.15	2.62646233557808e-15
MRPL27	0	1.34620230446847e-19	0.496258715919183	0.422	0.293	2.69536625400678e-15
MRPL40	0	1.5483488942695e-19	0.654800164665095	0.357	0.243	3.1001041561064e-15
SPG20	0	1.58892838624154e-19	0.49522518463008	0.42	0.29	3.18135241493282e-15
FOXO3	0	1.76796184435054e-19	0.480539539074622	0.443	0.311	3.53981320475866e-15
PSMB2	0	1.85064543274781e-19	0.455066746265599	0.482	0.349	3.70536228544766e-15
PJA2	0	1.87234076087423e-19	0.383552280972903	0.564	0.422	3.74880067142239e-15
UBFD1	0	1.94855273248027e-19	0.652572663235364	0.286	0.177	3.901392280972e-15
MRPS23	0	2.12761259145062e-19	0.619042612840411	0.341	0.227	4.25990593060243e-15
PSMC2	0	2.27621741969088e-19	0.597556864260703	0.332	0.215	4.55744251770507e-15
EAPP	0	2.27906267772839e-19	0.596549188518845	0.344	0.227	4.56313929334779e-15
RAD50	0	2.28698929415012e-19	0.451523183113214	0.42	0.288	4.57900996474737e-15
HIBADH	0	2.28719840032179e-19	0.705803515167309	0.268	0.164	4.57942863712429e-15
R3HCC1	0	2.32264429664404e-19	0.689948387861322	0.286	0.179	4.65039841074069e-15
SMIM11	0	2.4706392162595e-19	0.642171805644643	0.331	0.218	4.94671383879477e-15
NDUFS3	0	2.94387406629771e-19	0.505438397609894	0.418	0.293	5.89422465554127e-15
KCTD12	0	3.03474709380106e-19	0.322034065840888	0.755	0.638	6.07617063120847e-15
UBTD2	0	3.06544188075208e-19	0.668547173024197	0.257	0.154	6.13762773364181e-15
NDUFB4	0	3.14472804728782e-19	0.368751120244985	0.709	0.595	6.29637449627967e-15
AUTS2	0	3.28836898210335e-19	0.560183959429191	0.325	0.208	6.58397237596732e-15
HDGFRP3	0	3.30368639245954e-19	0.625607416700272	0.302	0.191	6.61464089498248e-15
BTF3L4	0	3.32237510775658e-19	0.549807611820424	0.407	0.285	6.65205944075023e-15
MRPS7	0	3.53636418065498e-19	0.499041953305485	0.417	0.291	7.08050836250741e-15
FAM115A	0	3.55204363636906e-19	0.524112628011421	0.363	0.241	7.11190176873813e-15
MRPS2	0	3.66725402345365e-19	0.724806846197243	0.274	0.17	7.34257600575889e-15
KHDRBS1	0	3.98281039003692e-19	0.388475533970661	0.525	0.387	7.97438296293192e-15
COIL	0	4.14572486743951e-19	0.526835469050726	0.322	0.205	8.30057032958739e-15
CHMP3	0	4.17113376888582e-19	0.56329152927943	0.37	0.251	8.3514440320632e-15
CKAP4	0	4.17539570035061e-19	0.552739012300258	0.345	0.226	8.359977271242e-15
DKK3	0	4.38210591614933e-19	0.655754777917568	0.29	0.182	8.77385246531419e-15
APEX1	0	4.41477685583849e-19	0.497662675931941	0.491	0.364	8.83926622075981e-15
HNRNPR	0	4.57985040271055e-19	0.309488936706582	0.695	0.546	9.16977647630705e-15
PDRG1	0	4.69981552508e-19	0.648065208467995	0.287	0.18	9.40997064431518e-15
WBSCR16	0	4.95945903817795e-19	0.709853620261335	0.261	0.159	9.92982888623989e-15
KIAA1430	0	5.16135719323659e-19	0.483778494772307	0.422	0.295	1.03340693722983e-14
MYEOV2	0	5.29836797138074e-19	0.360136333681077	0.667	0.538	1.06083923522985e-14
SYPL1	0	5.78027551350141e-19	0.499807758161733	0.414	0.289	1.15732676331325e-14
C19orf53	0	5.98518421770942e-19	0.337400465468182	0.76	0.658	1.19835358406978e-14
MAGOHB	0	6.03099680476751e-19	0.607884911010983	0.311	0.2	1.20752618025055e-14
RPS27L	0	6.11096453523825e-19	0.31769909422987	0.83	0.716	1.2235373192454e-14
COPB1	0	6.37344532548906e-19	0.475992298355329	0.416	0.289	1.27609122306942e-14
CYR61	0	6.37737971823114e-19	0.635025941224857	0.265	0.162	1.27687896718424e-14
ARHGAP10	0	6.80228544132244e-19	0.541313408217733	0.357	0.238	1.36195359106158e-14
ZSCAN18	0	6.91961090094556e-19	0.566202821376927	0.326	0.212	1.38544449458732e-14
TTYH2	0	7.35975515591936e-19	0.637596952647957	0.297	0.189	1.47357017731817e-14
TSPAN4	0	7.62130591604056e-19	0.490745757672359	0.494	0.367	1.52593787050964e-14
DDX1	0	7.79858493680163e-19	0.498470667770677	0.376	0.251	1.56143267604642e-14
DDX42	0	8.2205930513976e-19	0.445021980076935	0.483	0.354	1.64592714075083e-14
SNX17	0	8.58689056802992e-19	0.507684187354939	0.382	0.258	1.71926722953095e-14
TMEM14B	0	9.60435657672921e-19	0.476016046275254	0.459	0.33	1.92298427379272e-14
COX11	0	1.01224849756113e-18	0.650662160579586	0.29	0.183	2.02672394181689e-14
CBX3	0	1.03282281856067e-18	0.289583410079344	0.788	0.662	2.06791784732217e-14
CSNK1E	0	1.05547491167783e-18	0.4854519609626	0.441	0.312	2.11327186816136e-14
CPNE1	0	1.12687744012503e-18	0.405601376605342	0.514	0.374	2.25623401061833e-14
FAM3A	0	1.13809523245903e-18	0.664579972829257	0.254	0.153	2.27869427442947e-14
MAGEF1	0	1.19695313581227e-18	0.624137749528075	0.301	0.193	2.39653956852333e-14
DENR	0	1.2238815317702e-18	0.456478602310564	0.45	0.319	2.4504556029103e-14
PDXK	0	1.22432625725879e-18	0.469348837103488	0.438	0.311	2.45134603228355e-14
BLOC1S4	0	1.22706442655032e-18	0.68910383098934	0.265	0.163	2.45682839483906e-14
LRP6	0	1.39547302921204e-18	0.524958873444992	0.311	0.197	2.79401609908835e-14
NFIC	0	1.43999807949348e-18	0.418388850531466	0.481	0.345	2.88316415476185e-14
LMCD1	0	1.46877031594595e-18	0.705251197394394	0.272	0.169	2.94077192658697e-14
IGF2BP2	0	1.67818560917644e-18	0.566822522542967	0.325	0.212	3.36006322669306e-14
GOLGA3	0	1.68024105766786e-18	0.514303532361604	0.352	0.235	3.36417864566258e-14
SDF2	0	1.75994591264005e-18	0.602271400516298	0.355	0.243	3.5237637062879e-14
CCNB1IP1	0	1.98434056715137e-18	0.695617137948014	0.288	0.184	3.97304668355047e-14
MYL12B	0	2.04718212836477e-18	0.251229399535167	0.91	0.843	4.09886805741195e-14
HMG20A	0	2.10935416666113e-18	0.521644430056063	0.359	0.239	4.22334891248892e-14
COX7A2	0	2.19570769712151e-18	0.300327726465186	0.806	0.691	4.39624595117668e-14
ECI2	0	2.44058158612513e-18	0.594184429224502	0.337	0.225	4.88653245173974e-14
UAP1	0	2.76445571641757e-18	0.598907508475863	0.293	0.185	5.53499323541125e-14
DPM3	0	2.83294888412989e-18	0.443845696967046	0.486	0.355	5.67213025580487e-14
TPR	0	2.83636660739695e-18	0.294549033173329	0.758	0.62	5.67897322133018e-14
ITPRIPL2	0	3.12795534940198e-18	0.467934730905417	0.42	0.294	6.26279220057264e-14
SPATS2L	0	3.40813429090722e-18	0.452371087105994	0.454	0.324	6.82376647725444e-14
PRKAR1A	0	3.42809162171485e-18	0.348133783413748	0.636	0.496	6.86372504499747e-14
C21orf2	0	3.47282854555296e-18	0.691034240063431	0.259	0.16	6.95329731390614e-14
NNMT	0	3.51891765204293e-18	0.633085354753776	0.271	0.168	7.04557692292035e-14
CLSTN1	0	3.51962504577742e-18	0.499902746102396	0.395	0.273	7.04699326665556e-14
TPD52L1	0	3.61220436961561e-18	0.653956660615647	0.263	0.162	7.23235558884437e-14
ADAMTS9	0	3.62834545476261e-18	0.50212664829617	0.363	0.242	7.26467326952569e-14
PCDH9	0	3.64184706238416e-18	0.560349951083193	0.299	0.19	7.29170618830556e-14
LTBP3	0	3.81451095352083e-18	0.422080607688872	0.444	0.314	7.6374138311394e-14
VAMP2	0	4.00447314053134e-18	0.365621761792537	0.559	0.42	8.01775612197185e-14
IK	0	4.09088387123336e-18	0.45077584888019	0.44	0.312	8.19076768698344e-14
NCAM1	0	4.50069167401236e-18	0.53238678907971	0.288	0.179	9.01128486970754e-14
OSBPL8	0	5.33563899501476e-18	0.435719405742137	0.444	0.316	1.06830163958186e-13
CSNK1G3	0	5.60316116292582e-18	0.548502019413788	0.354	0.24	1.12186492804101e-13
TNFRSF1A	0	5.83462885471748e-18	0.41934393219498	0.51	0.377	1.16820938929153e-13
UNC50	0	5.90085449463802e-18	0.629786821359835	0.295	0.19	1.18146908691642e-13
MRPL32	0	7.09473191481524e-18	0.542765649864643	0.361	0.249	1.42050722398431e-13
AURKAIP1	0	7.11336544307165e-18	0.371408492779671	0.643	0.514	1.42423802901181e-13
USMG5	0	7.15692346961317e-18	0.312796722251022	0.751	0.64	1.43295921708595e-13
LTBP1	0	7.38065042138584e-18	0.696158893508601	0.304	0.198	1.47775382736987e-13
COPG1	0	7.44076852868895e-18	0.688527713161695	0.266	0.166	1.4897906748141e-13
NDUFB9	0	7.69216684767458e-18	0.441106804420759	0.445	0.319	1.5401256462414e-13
LSM6	0	7.94995351311865e-18	0.506167399165425	0.383	0.265	1.59173969239662e-13
NUBP2	0	8.13362315600808e-18	0.573305121636956	0.35	0.236	1.62851402829594e-13
PCBP2	0	8.23490351315285e-18	0.289793860609422	0.823	0.722	1.64879238140346e-13
SIVA1	0	8.7085162060906e-18	0.275583032738488	0.672	0.535	1.74361911478346e-13
SNF8	0	8.79513055467244e-18	0.468336907109493	0.447	0.323	1.76096103965652e-13
TNKS1BP1	0	9.11297473294612e-18	0.635855923287494	0.258	0.158	1.82459980103047e-13
DDIT3	0	9.3847339899005e-18	0.466956833761389	0.394	0.275	1.87901143945788e-13
TMEM101	0	9.77601290555983e-18	0.648466044577113	0.292	0.188	1.95735330395119e-13
PHF3	0	1.03732195954984e-17	0.347659599171199	0.575	0.433	2.0769260274107e-13
SLC25A36	0	1.07667701407874e-17	0.401029563229811	0.509	0.374	2.15572271758844e-13
SPIN1	0	1.13576230652706e-17	0.641724129952812	0.312	0.206	2.27402329012848e-13
IL6ST	0	1.14657299342432e-17	0.353657338238592	0.518	0.378	2.29566844743418e-13
FMR1	0	1.27248732128341e-17	0.545424201629886	0.343	0.23	2.54777411467365e-13
POP7	0	1.27717989117933e-17	0.5955147014588	0.299	0.193	2.55716957811925e-13
PTPRG	0	1.31059072390016e-17	0.526530181862342	0.326	0.213	2.6240647473929e-13
NUDT4	0	1.33953353443573e-17	0.505048776991373	0.39	0.27	2.68201404264723e-13
MDH1	0	1.44683095470568e-17	0.476181153627671	0.465	0.344	2.89684493751172e-13
PNKD	0	1.59863765071957e-17	0.476863293674915	0.421	0.301	3.20079230427073e-13
AP2M1	0	1.60179564228514e-17	0.3242147674785	0.7	0.581	3.20711523498332e-13
MGST3	0	1.74237244944286e-17	0.28808317049953	0.748	0.613	3.4885781182745e-13
MUM1	0	1.81290269564638e-17	0.38061533004788	0.477	0.345	3.62979377722318e-13
RNPS1	0	1.8522129846742e-17	0.383408019683573	0.533	0.399	3.70850083791469e-13
MRPS18B	0	1.86427060161737e-17	0.578684414162565	0.328	0.218	3.7326425985583e-13
MLEC	0	1.89476341069501e-17	0.424930287257309	0.468	0.339	3.79369530089354e-13
AKR1A1	0	2.16447970697417e-17	0.427071166316924	0.523	0.396	4.33372126930368e-13
STOML2	0	2.17639445012875e-17	0.468223502160376	0.408	0.287	4.35757696804777e-13
CPED1	0	2.17999310244139e-17	0.54305926847579	0.357	0.244	4.36478218970815e-13
TMF1	0	2.1827245172948e-17	0.454934969403633	0.418	0.298	4.37025102852764e-13
CCT3	0	2.19180554344232e-17	0.361452144292742	0.562	0.426	4.38843305908021e-13
ARHGEF40	0	2.47388363560291e-17	0.590283619858987	0.314	0.207	4.95320981520414e-13
SNRPD2	0	2.78340466828185e-17	0.315113425103563	0.662	0.523	5.57293282683391e-13
CKS1B	0	2.89342764022384e-17	0.302811796205958	0.375	0.251	5.79322082125618e-13
NEDD8	0	2.93238400780387e-17	0.291261492736638	0.758	0.638	5.8712192604249e-13
CSAD	0	2.96945346575226e-17	0.430954992524164	0.376	0.255	5.94543972912918e-13
ATP5G3	0	3.01894673733761e-17	0.346501709238875	0.748	0.644	6.04453515749736e-13
EHD2	0	3.07295268806217e-17	0.589595188373015	0.302	0.197	6.15266587203808e-13
TAF7	0	3.09224861976989e-17	0.382447802137039	0.551	0.42	6.19130018650328e-13
FHL3	0	3.14206719467765e-17	0.632055323946801	0.292	0.19	6.29104693718358e-13
GTPBP6	0	3.32715617487178e-17	0.6094604941983	0.297	0.194	6.66163209332827e-13
ZNF677	0	3.37834938942013e-17	0.666656958498303	0.265	0.167	6.76413114749698e-13
NDUFAF3	0	3.38033667606888e-17	0.434502202479119	0.479	0.356	6.76811009282511e-13
VPS41	0	3.385709781348e-17	0.578641016454661	0.323	0.216	6.77886812421496e-13
SDHC	0	3.57739009649887e-17	0.583428219050396	0.335	0.228	7.16265045121004e-13
CDKN2C	0	3.62181861802178e-17	0.540586351805396	0.293	0.189	7.2516052370032e-13
GNPTG	0	3.74296894696743e-17	0.491609342379086	0.395	0.278	7.49417242561818e-13
UQCRQ	0	3.80111458623088e-17	0.282447489788399	0.735	0.614	7.61059162455147e-13
GHITM	0	3.84686863593649e-17	0.468982632024594	0.423	0.304	7.70220038287204e-13
QTRT1	0	4.09497649496552e-17	0.517505999631787	0.343	0.231	8.19896193821997e-13
ZCCHC11	0	4.63807098259684e-17	0.310098725589225	0.628	0.487	9.28634572135539e-13
COX6A1	0	4.69235065220468e-17	0.412214934420259	0.503	0.377	9.39502447584421e-13
RPS19BP1	0	5.00880493915199e-17	0.425346512635866	0.515	0.393	1.00286292491701e-12
AFG3L2	0	5.12271055303619e-17	0.516237443477659	0.291	0.186	1.02566910692891e-12
LTBP4	0	5.38367647713356e-17	0.330901786731749	0.481	0.338	1.07791970425168e-12
RP11-220I1.1	0	5.57308699553312e-17	0.504568844939948	0.323	0.213	1.11584347824564e-12
ORMDL3	0	5.75303687552499e-17	0.635679830041374	0.259	0.161	1.15187304321761e-12
IGF2R	0	5.78985210649061e-17	0.439724390254895	0.34	0.225	1.15924418876155e-12
MRPL22	0	5.92825399073775e-17	0.589061036719327	0.327	0.222	1.18695501402551e-12
RYBP	0	6.12961577838777e-17	0.494923210495222	0.386	0.267	1.2272716711488e-12
TRIB2	0	6.36170385829717e-17	0.479032207912725	0.355	0.24	1.27374034650826e-12
XRN2	0	6.44931971643763e-17	0.431615958289427	0.469	0.345	1.29128279362514e-12
U2AF1	0	6.45874863621086e-17	0.280438944211146	0.738	0.603	1.29317065194214e-12
CCNI	0	6.46661368114998e-17	0.256498841458188	0.877	0.818	1.29474539123985e-12
ZNF593	0	6.8043223548445e-17	0.5960814643971	0.307	0.204	1.36236142188697e-12
SAMD4B	0	6.83643446044598e-17	0.495683076412484	0.359	0.246	1.36879090767049e-12
SSBP1	0	6.93146055322198e-17	0.335348270236409	0.644	0.516	1.3878170319661e-12
MCFD2	0	6.98636153933133e-17	0.620292017988974	0.343	0.238	1.39880930740492e-12
SRSF1	0	7.0295365072911e-17	0.383673131633274	0.498	0.366	1.40745379948982e-12
NTPCR	0	7.68756482116593e-17	0.59929102087299	0.309	0.204	1.53920422849384e-12
WDR83OS	0	8.14258821443113e-17	0.34160907206673	0.657	0.536	1.6303090122934e-12
INPP1	0	8.40373213689921e-17	0.650253556647017	0.264	0.166	1.68259524844996e-12
SMARCD3	0	8.81996108222438e-17	0.548610141509638	0.304	0.198	1.76593260788297e-12
FBL	0	9.27997981205535e-17	0.447232117329115	0.413	0.293	1.85803755796972e-12
ATP5C1	0	9.51975512580648e-17	0.338911680626524	0.641	0.509	1.90604537128897e-12
PER3	0	9.5509385605208e-17	0.445340922880337	0.419	0.3	1.91228891858747e-12
TMED4	0	9.5663647300369e-17	0.407284205563223	0.497	0.368	1.91537754624799e-12
PCMTD2	0	9.57454645427545e-17	0.573480035459967	0.293	0.189	1.91701569107503e-12
ARPP19	0	9.96178643093813e-17	0.361513713865366	0.527	0.393	1.99454887920243e-12
SND1	0	9.99379782878857e-17	0.440283969481015	0.415	0.292	2.00095820128005e-12
RABAC1	0	1.04421004399779e-16	0.332571470940443	0.724	0.607	2.09071735009237e-12
SMIM20	0	1.06442457724568e-16	0.573519309745008	0.325	0.218	2.13119088856131e-12
PCNP	0	1.12076357245554e-16	0.477981381127918	0.425	0.309	2.24399282477049e-12
SRP72	0	1.1471345332968e-16	0.4800290398899	0.396	0.28	2.29679276256686e-12
FAM127B	0	1.15489109339158e-16	0.588172932878202	0.282	0.181	2.31232294718861e-12
EMC6	0	1.18383541564364e-16	0.522524857427019	0.364	0.253	2.37027526920169e-12
RBX1	0	1.18835056670657e-16	0.326098483826133	0.683	0.56	2.37931550465989e-12
GALNT10	0	1.20634377174137e-16	0.629494728554878	0.251	0.156	2.41534149978056e-12
CYSTM1	0	1.24405783012635e-16	0.543512521330558	0.318	0.212	2.49085258747898e-12
EIF3B	0	1.26370214551846e-16	0.355188609933977	0.471	0.339	2.53018443575706e-12
LZTS2	0	1.29818354522205e-16	0.668882726813764	0.252	0.158	2.59922309424359e-12
CHID1	0	1.37509122981739e-16	0.484324997411089	0.361	0.25	2.75320766034037e-12
METTL23	0	1.37552902302551e-16	0.510761408111181	0.363	0.252	2.75408420990167e-12
RSL1D1	0	1.51358546723169e-16	0.40971213184741	0.537	0.415	3.03050082249128e-12
TNS1	0	1.83356933932656e-16	0.627585155419163	0.261	0.164	3.67117253119964e-12
TCF4	0	1.86157361434884e-16	0.263413727409867	0.795	0.671	3.72724269064924e-12
TAF9	0	1.87865378336932e-16	0.471536366458796	0.399	0.285	3.76144060506206e-12
MED10	0	2.02090255521497e-16	0.388813291285072	0.437	0.312	4.04625109605142e-12
PMPCB	0	2.0766102817745e-16	0.503860692642823	0.336	0.226	4.15778910616891e-12
RAB18	0	2.22408837421436e-16	0.511496132312157	0.37	0.259	4.453069742852e-12
CLPX	0	2.28418182002452e-16	0.483072502567913	0.389	0.274	4.57338884005309e-12
MRPL14	0	2.30295507182137e-16	0.459460808945257	0.402	0.285	4.61097664480076e-12
U2SURP	0	2.40680659353521e-16	0.311000037844447	0.604	0.461	4.8189081615762e-12
THSD7A	0	2.43231731002511e-16	0.509577543116187	0.293	0.191	4.86998571813228e-12
KRR1	0	2.43966056663593e-16	0.611848780255416	0.308	0.207	4.88468838651846e-12
IGBP1	0	2.49882877484199e-16	0.511977345603985	0.365	0.255	5.00315497298863e-12
DNAJC19	0	2.82555853410896e-16	0.487976512121015	0.372	0.259	5.65733329699296e-12
FAM103A1	0	2.99093613364927e-16	0.598918623700629	0.294	0.194	5.98845232679257e-12
ZNF704	0	3.02426514364973e-16	0.468665937968298	0.299	0.193	6.05518367061549e-12
URI1	0	3.06689506676183e-16	0.504842047358665	0.396	0.284	6.14053730267054e-12
DNAJC2	0	3.23048827257836e-16	0.574337693204531	0.331	0.227	6.46808361935638e-12
ZC3H11A	0	3.307508032341e-16	0.302153050617522	0.579	0.441	6.62229258235315e-12
ETFB	0	3.33413866517634e-16	0.368329528484169	0.5	0.373	6.67561243541607e-12
PHC2	0	3.35762307974093e-16	0.440399588573951	0.427	0.309	6.7226329302573e-12
HIST1H2AC	0	3.56825134332806e-16	0.309109003906551	0.59	0.459	7.14435283961145e-12
TLN2	0	3.70445714531933e-16	0.506227707186739	0.305	0.2	7.41706409635837e-12
SEC61A1	0	3.7313547851893e-16	0.444914026534108	0.428	0.312	7.47091855090602e-12
SNRPF	0	3.90467397222195e-16	0.381603878741507	0.527	0.397	7.81793822718279e-12
SMARCA2	0	4.33449332305053e-16	0.498295572796145	0.343	0.235	8.67852253141177e-12
TIMM10	0	4.71279686713554e-16	0.577364093097676	0.323	0.222	9.43596188737879e-12
NAA20	0	4.85727446946704e-16	0.53363728460949	0.385	0.277	9.72523494276691e-12
ILF2	0	4.89298684022104e-16	0.448484598447428	0.464	0.349	9.79673825149057e-12
TFAM	0	5.67342733212437e-16	0.55158200423024	0.326	0.223	1.13593362043794e-11
MORF4L2	0	5.88386832057627e-16	0.304026880023806	0.582	0.442	1.17806811514578e-11
TMX4	0	6.02429035979515e-16	0.439511208844476	0.352	0.239	1.20618341583819e-11
ABL1	0	6.17347050852363e-16	0.547013421761155	0.316	0.212	1.2360522652166e-11
GPATCH8	0	6.2597835967127e-16	0.405416750582945	0.384	0.267	1.25333387173382e-11
FAM96B	0	6.52611565833436e-16	0.329372336655801	0.602	0.474	1.30665887711171e-11
C6orf89	0	6.58689805815388e-16	0.499001597390952	0.334	0.226	1.31882872920357e-11
FZD1	0	6.61393360766869e-16	0.556350559842182	0.31	0.208	1.32424178692743e-11
SKIL	0	6.66784776794597e-16	0.384214488054865	0.513	0.387	1.33503648009814e-11
ACTR10	0	6.98430458870775e-16	0.519460182794187	0.339	0.233	1.39839746475107e-11
MED13	0	7.11237820154949e-16	0.404939977045092	0.414	0.294	1.42404036351424e-11
FAM127A	0	7.95891677325022e-16	0.57820069105066	0.254	0.159	1.59353431634016e-11
CD2BP2	0	7.9952958058713e-16	0.591799559500088	0.279	0.183	1.60081812625155e-11
SH3BP5	0	8.42614140078257e-16	0.406339829350967	0.484	0.364	1.68708203126469e-11
CLINT1	0	8.45505165013916e-16	0.439849140980494	0.461	0.345	1.69287044139086e-11
APPBP2	0	8.7276514490095e-16	0.572760390162481	0.3	0.2	1.74745037312068e-11
VDAC2	0	8.78058685166366e-16	0.410352784730755	0.464	0.344	1.7580490994401e-11
SFT2D1	0	9.24308130593617e-16	0.486350023740297	0.369	0.26	1.85064973907454e-11
NRD1	0	9.42454349063709e-16	0.320014494410956	0.527	0.392	1.88698209769536e-11
FAM207A	0	9.61646928465826e-16	0.61944545746261	0.279	0.184	1.92540948017428e-11
BLOC1S6	0	1.01270716519271e-15	0.5261412244598	0.336	0.232	2.02764228614885e-11
HBP1	0	1.02591286337825e-15	0.462526534287209	0.394	0.282	2.05408273505593e-11
CALCOCO2	0	1.04284270312692e-15	0.441314208265423	0.436	0.319	2.08797966020072e-11
NDUFB7	0	1.04545619120392e-15	0.307236822790521	0.684	0.561	2.0932123860285e-11
UBXN4	0	1.06129391172209e-15	0.308927798629137	0.663	0.535	2.12492267004997e-11
CCDC82	0	1.24348026273995e-15	0.447505783148221	0.416	0.302	2.48969618205793e-11
TMEM141	0	1.25071753198519e-15	0.547478445236096	0.297	0.198	2.50418664254075e-11
WDR45B	0	1.2558116448933e-15	0.435067995503815	0.398	0.284	2.51438607540536e-11
CCT7	0	1.28549856907609e-15	0.481699498449745	0.437	0.324	2.57382523500414e-11
HNRNPA0	0	1.32192475214898e-15	0.353639686814239	0.537	0.41	2.64675773875268e-11
CLTC	0	1.38694692030227e-15	0.31375634454098	0.623	0.484	2.7769451238292e-11
ZNF138	0	1.40105460254376e-15	0.639188037895093	0.256	0.164	2.80519152521311e-11
GINM1	0	1.42592840364229e-15	0.466579825143665	0.366	0.254	2.85499384977259e-11
ATP5B	0	1.43825903777248e-15	0.312948362482345	0.686	0.564	2.87968224542806e-11
MINOS1	0	1.46322070149998e-15	0.419042207029744	0.477	0.357	2.92966048854327e-11
PMP22	0	1.4846282090317e-15	0.419585959981566	0.379	0.268	2.97252260012327e-11
PTGFRN	0	1.63142154039534e-15	0.57118061610846	0.259	0.165	3.26643220817954e-11
TLE3	0	1.65854088904502e-15	0.484517693969136	0.31	0.207	3.32073056804595e-11
LRRC41	0	1.68627988440936e-15	0.564091350152663	0.268	0.172	3.37626958456441e-11
GALNT1	0	1.73258734118337e-15	0.448908606672107	0.382	0.269	3.46898637451733e-11
EPRS	0	1.87569705771129e-15	0.464291591841558	0.35	0.24	3.75552064894954e-11
NFE2L1	0	1.91319423596696e-15	0.392621791921677	0.412	0.292	3.83059749925305e-11
ASNSD1	0	1.95348396952754e-15	0.623705712105452	0.265	0.173	3.91126560378804e-11
LAMB2	0	2.28394742018406e-15	0.42439600509035	0.37	0.256	4.57291952469253e-11
SUCO	0	2.49258342401064e-15	0.464124935374026	0.366	0.257	4.99065053155411e-11
BZW1	0	2.69853808983577e-15	0.364411229472641	0.56	0.442	5.40301296346919e-11
SF3B1	0	2.9090019655934e-15	0.256828073851721	0.824	0.732	5.82440373551110e-11
NSRP1	0	2.9584022030061e-15	0.428571593325385	0.385	0.271	5.92331289085882e-11
FKBP3	0	3.00217021145178e-15	0.458204330638373	0.381	0.271	6.01094519736876e-11
ATP6V1F	0	3.07302214299413e-15	0.298797496610396	0.754	0.661	6.15280493470286e-11
IER3IP1.1	0	3.18953858656701e-15	0.529476694758859	0.339	0.236	6.38609415802447e-11
COA3	0	3.2174686331036e-15	0.498197244843029	0.353	0.247	6.44201569720003e-11
RAB11B	0	3.26461249676358e-15	0.465497354586955	0.367	0.259	6.53640714102004e-11
FAM208B	0	3.36866103081602e-15	0.573434548729755	0.271	0.177	6.74473311589984e-11
ZNF106	0	3.52880085707491e-15	0.451759108033674	0.44	0.327	7.06536507603538e-11
CTD-2336O2.1	0	4.0651627168997e-15	0.513565693345386	0.331	0.229	8.13926879177658e-11
C4orf3	0	4.17060423899643e-15	0.281895766211464	0.764	0.672	8.35038380731864e-11
LIMCH1	0	4.24747744150677e-15	0.512242181291871	0.291	0.192	8.50429933338485e-11
CREB3L2	0	4.34793810736922e-15	0.458408281678205	0.372	0.265	8.70544167857465e-11
KIDINS220	0	4.35766996786482e-15	0.483960091479815	0.37	0.263	8.72492680965894e-11
CRCP	0	4.69073067334649e-15	0.488074274778733	0.32	0.218	9.39178095417435e-11
UBA2	0	5.06322795679007e-15	0.52270827806688	0.328	0.228	1.01375950150851e-10
TBL1XR1	0	5.39303158113254e-15	0.409969875341501	0.416	0.301	1.07979278317436e-10
JAM3	0	5.45119591737251e-15	0.583543321645502	0.278	0.184	1.09143844657632e-10
RHOU	0	6.01821406015538e-15	0.719325564860726	0.263	0.173	1.20496681912431e-10
KIAA1377	0	6.02057839711521e-15	0.483112347766864	0.268	0.173	1.20544020667041e-10
RIN2	0	6.53668070826509e-15	0.668344207797911	0.255	0.167	1.30877421140884e-10
CYBRD1	0	6.71097795265032e-15	0.434207897236072	0.322	0.218	1.34367200567965e-10
MEAF6	0	6.75255641975803e-15	0.405058303478694	0.393	0.28	1.35199684636395e-10
NT5C	0	6.75704611207748e-15	0.34718629009296	0.481	0.357	1.35289577256015e-10
SCFD1	0	7.23831854828156e-15	0.491120470113475	0.322	0.221	1.44925613973693e-10
SOX4	0	7.36948394654306e-15	0.278843664798836	0.668	0.547	1.47551807577685e-10
AAMP	0	7.38910220034156e-15	0.510879141860215	0.308	0.208	1.47944604255239e-10
HECTD1	0	7.38974093232365e-15	0.442319126456534	0.386	0.274	1.47957392946984e-10
TXNL4A	0	8.13200698609426e-15	0.422878468792372	0.439	0.329	1.62819043875579e-10
REST	0	9.56761287898279e-15	0.530639809460857	0.317	0.218	1.91562745062993e-10
RBMX	0	9.63552777294839e-15	0.296946679595822	0.628	0.501	1.92922537069973e-10
LSM12	0	1.02560870669188e-14	0.505749144676192	0.353	0.252	2.05347375253849e-10
LSM14A	0	1.03812078379146e-14	0.472040200453727	0.356	0.252	2.07852543330726e-10
POLR2K	0	1.06047950760534e-14	0.433719757031256	0.423	0.313	2.1232920701274e-10
ASNA1	0	1.07106496435011e-14	0.509924820647385	0.33	0.23	2.14448627162179e-10
SKA2	0	1.13421020343e-14	0.335857960652499	0.361	0.25	2.27091566930755e-10
ROMO1	0	1.17220518015597e-14	0.381199272532384	0.482	0.366	2.34698921170829e-10
BOD1L1	0	1.17393371154075e-14	0.301863197037136	0.603	0.476	2.35045007724688e-10
FAF2	0	1.20394341737194e-14	0.588667458148431	0.253	0.163	2.41053551026211e-10
TMED10	0	1.26436758089433e-14	0.374931820493686	0.507	0.392	2.53151677046662e-10
RAI14	0	1.33832868288845e-14	0.531905838250445	0.27	0.176	2.67960168887925e-10
RBP1	0	1.34691854741336e-14	0.378379234599796	0.28	0.184	2.69680031563103e-10
ZNF830	0	1.4007349320332e-14	0.514358820307425	0.279	0.184	2.80455148091686e-10
FIS1	0	1.43755267244374e-14	0.338223812414293	0.628	0.51	2.87826796076686e-10
TPTEP1	0	1.50749977779841e-14	0.451031131593817	0.333	0.229	3.01831605510797e-10
DYNLRB1	0	1.58124265225212e-14	0.306434367635923	0.594	0.469	3.16596403833919e-10
CLCN5	0	1.61253967347655e-14	0.475893903387551	0.276	0.181	3.22862693423475e-10
TXNL1	0	1.73984856987295e-14	0.442506621468477	0.425	0.318	3.48352480659961e-10
SPCS1	0	1.79025158878268e-14	0.259535091506618	0.671	0.551	3.58444173106069e-10
NDUFA13	0	1.79210096270307e-14	0.414301359368573	0.458	0.346	3.58814454752409e-10
CNBP	0	1.90694031944835e-14	0.321257860859698	0.671	0.564	3.81807590759948e-10
POLR2I	0	2.16686271996967e-14	0.393855971051478	0.442	0.327	4.33849253792327e-10
SEC63	0	2.21369670448583e-14	0.440741255501384	0.386	0.278	4.43226354172152e-10
KIAA0232	0	2.40818457117998e-14	0.477176059128281	0.317	0.216	4.82166714841655e-10
TIPRL	0	2.41459400419698e-14	0.539497936030732	0.314	0.218	4.8345001152032e-10
DDOST	0	2.46832181394376e-14	0.381216041201401	0.452	0.341	4.94207393587819e-10
PLOD3	0	2.48119322057525e-14	0.463676501215789	0.35	0.247	4.96784506623577e-10
RFNG	0	2.4903283396371e-14	0.551881660486565	0.302	0.206	4.9861354016214e-10
PEX2	0	2.6767868165436e-14	0.539279494809801	0.29	0.194	5.35946256408359e-10
ATN1	0	2.72309442194635e-14	0.486931723896697	0.345	0.245	5.45217965162098e-10
PTGIS	0	2.72896970459163e-14	0.518015940230069	0.257	0.165	5.46394314253336e-10
LPGAT1	0	2.81448059037055e-14	0.446586471741749	0.384	0.277	5.63515303803991e-10
VDAC1	0	2.86729384368747e-14	0.336108481549523	0.558	0.436	5.74089573383105e-10
TMBIM4.1	0	2.87086577886362e-14	0.308009039649449	0.618	0.497	5.74804746244074e-10
PAM	0	2.930833087831e-14	0.448287632820095	0.288	0.19	5.86811400845522e-10
ANAPC5	0	3.31235987786741e-14	0.419843620283543	0.436	0.328	6.63200694746614e-10
IFITM1	0	3.35020220464777e-14	0.511833287945314	0.277	0.184	6.70777485414576e-10
MAZ	0	3.36903850376633e-14	0.376597336933807	0.453	0.337	6.74548889224095e-10
TMEM203	0	3.41225344665781e-14	0.584534710569065	0.264	0.175	6.83201385089826e-10
SRSF10	0	3.44196137882713e-14	0.285181870520096	0.491	0.364	6.89149507268767e-10
CPQ	0	3.46612640983224e-14	0.415293842918365	0.402	0.293	6.93987829776611e-10
NAT9	0	3.89488502718127e-14	0.504552056922808	0.314	0.217	7.79833880142235e-10
KLF10	0	4.16273570023417e-14	0.495334172425038	0.356	0.253	8.33462941900885e-10
DYNC1I2	0	4.28825848320168e-14	0.317501913938677	0.548	0.425	8.5859511350664e-10
LSM2	0	4.91065011881375e-14	0.356904458765088	0.413	0.301	9.83210366788889e-10
PLS3	0	5.16542808712334e-14	0.534770142964432	0.284	0.192	1.03422201160383e-09
NDUFA1	0	5.36135500312906e-14	0.26107459223505	0.781	0.693	1.0734504987265e-09
ISYNA1	0	5.6691979045244e-14	0.511958408881794	0.255	0.165	1.13508680444388e-09
COL9A3	0	5.7576544654203e-14	0.379753440075041	0.325	0.222	1.15279757706645e-09
UBTF	0	6.20973660352606e-14	0.373689043060652	0.38	0.271	1.24331346275799e-09
PRDX5	0	6.21511917244382e-14	0.284557212243275	0.623	0.492	1.2443911607067e-09
DLD	0	6.52206445424414e-14	0.52902249237217	0.276	0.184	1.30584774502876e-09
RYK	0	6.60753571302613e-14	0.500839472712806	0.29	0.196	1.32296080046209e-09
FRA10AC1	0	6.62674139220181e-14	0.531800713064837	0.253	0.165	1.32680616154665e-09
TMEM147	0	7.12166060658928e-14	0.408995911796605	0.422	0.315	1.4258988866513e-09
ZC3H13	0	8.55421722026412e-14	0.368771789080321	0.456	0.341	1.71272537184128e-09
CNOT4	0	8.77176562691651e-14	0.338636740258943	0.443	0.328	1.75628291382122e-09
UBE2B	0	9.83017721060564e-14	0.31550321239248	0.588	0.469	1.96819808110746e-09
COA6	0	1.02974516534113e-13	0.499078143901127	0.316	0.222	2.06175577004601e-09
DDX18	0	1.03533233285956e-13	0.326825183514398	0.552	0.435	2.07294239685141e-09
SEC13	0	1.04069718820536e-13	0.524073858107319	0.32	0.225	2.08368391022477e-09
NELFE	0	1.04839912179271e-13	0.549227650966491	0.295	0.203	2.09910472165337e-09
JRKL	0	1.050494891454e-13	0.569621095440687	0.252	0.165	2.1033008716692e-09
PRKDC	0	1.07146973826031e-13	0.34462694482683	0.456	0.339	2.1452967099448e-09
UBE2Z	0	1.15300505420574e-13	0.415509218755279	0.388	0.284	2.30854671953074e-09
DHX36	0	1.24111621353061e-13	0.291533884985235	0.526	0.401	2.48496288273099e-09
PAIP1	0	1.2614168645097e-13	0.539706553635158	0.303	0.211	2.52560884612132e-09
PEAK1	0	1.31617668386637e-13	0.359493728492052	0.434	0.32	2.63524895643724e-09
CDK5RAP3	0	1.37430938559944e-13	0.31085131244911	0.492	0.367	2.7516422518472e-09
CDIPT	0	1.37471992370996e-13	0.533782723831998	0.313	0.219	2.75246423125208e-09
TSC22D4	0	1.44286253632507e-13	0.389840258120086	0.384	0.276	2.88889937023005e-09
STRA13	0	1.47681607936333e-13	0.379812781928805	0.393	0.285	2.95688115410126e-09
ANP32A	0	1.49851712712163e-13	0.325269707971587	0.561	0.444	3.00033099192293e-09
UQCRFS1	0	1.55805305542987e-13	0.421510784426564	0.395	0.294	3.11953382758168e-09
TOP1	0	1.5691087194635e-13	0.350773777480311	0.532	0.417	3.14166947810982e-09
NONO	0	1.59438280291471e-13	0.365001743426305	0.452	0.338	3.19227324799583e-09
LMO4	0	1.60763027986739e-13	0.352161769473402	0.456	0.344	3.21879734635048e-09
PDIA4	0	1.6645656262619e-13	0.345038838303906	0.463	0.349	3.33279329690157e-09
C7orf55-LUC7L2	0	1.7031874024859e-13	0.480567681858461	0.331	0.234	3.41012181725726e-09
LUC7L	0	1.75030130794168e-13	0.353541762678684	0.445	0.332	3.50445327876083e-09
SSNA1	0	1.75836820024537e-13	0.43667668820418	0.393	0.292	3.52060481053128e-09
CHCHD3	0	1.78546031812725e-13	0.457584691010074	0.308	0.212	3.57484864895438e-09
LRPAP1	0	1.97434098243777e-13	0.332640264526806	0.544	0.43	3.95302551503691e-09
FAM200B	0	2.00161540855851e-13	0.441317542091829	0.379	0.277	4.00763437101586e-09
RFXANK	0	2.0312545486354e-13	0.501125528279214	0.288	0.197	4.06697785727781e-09
C5orf15	0	2.29706535786261e-13	0.574767022550315	0.253	0.168	4.59918425951251e-09
METRN	0	2.29900014727181e-13	0.465111304955025	0.275	0.185	4.60305809486762e-09
GADD45GIP1	0	2.44608736236579e-13	0.323631631819445	0.532	0.414	4.89755611692878e-09
MRPL20	0	2.49755505278336e-13	0.395636583228632	0.47	0.361	5.00060472668284e-09
RPL7L1	0	2.51465178152186e-13	0.378549754029402	0.41	0.3	5.03483579696307e-09
RDX	0	2.57083946845995e-13	0.365545416436933	0.423	0.312	5.14733478375052e-09
CCT8	0	2.66725619165363e-13	0.394447603227449	0.461	0.354	5.34038034692889e-09
CMKLR1	0	2.75641724569313e-13	0.504612418386874	0.258	0.171	5.51889860932679e-09
SF3B5	0	2.76411479567997e-13	0.342825197052756	0.522	0.414	5.53431064391044e-09
SMAD4	0	2.95563331269675e-13	0.462046554815429	0.302	0.208	5.91776901868142e-09
EIF3E	0	3.10567158912722e-13	0.281512132484858	0.708	0.6	6.21817565575052e-09
OXLD1	0	3.19854144652557e-13	0.516431099514344	0.299	0.208	6.4041196842335e-09
HSPA2	0	3.37685944732313e-13	0.565392260325959	0.339	0.244	6.76114798543037e-09
RAB22A	0	3.37922825384906e-13	0.528805358988885	0.272	0.183	6.7658908098566e-09
NRP2	0	3.50495838852809e-13	0.31190542318445	0.54	0.424	7.01762768551095e-09
RP11-161M6.2	0	3.52045263623037e-13	0.394689808388916	0.281	0.188	7.04865026826045e-09
AASDHPPT	0	3.55042893767633e-13	0.569974249727622	0.27	0.184	7.10866881901556e-09
TRIP11	0	3.56539578789662e-13	0.3991270744023	0.394	0.289	7.13863544652662e-09
BABAM1	0	3.664737266383e-13	0.553955988724423	0.26	0.174	7.33753695475205e-09
SRSF11	0	3.68183381854763e-13	0.25594418271307	0.705	0.594	7.37176767149606e-09
AL132709.5	0	3.76228445431565e-13	0.377863376584715	0.279	0.185	7.5328459344308e-09
TRAPPC6A	0	3.83449518416373e-13	0.486456973222602	0.309	0.216	7.67742625773262e-09
SEPT9	0	3.85037067696418e-13	0.361669349677591	0.464	0.354	7.70921216941768e-09
SEC23A	0	3.97530874109136e-13	0.443350380503456	0.332	0.236	7.95936316141312e-09
SLC2A4RG	0	4.04907665110617e-13	0.463063338568982	0.326	0.231	8.10706127084477e-09
LSM3	0	4.14229330521102e-13	0.313715876688031	0.487	0.368	8.2936996556935e-09
A1BG	0	4.14594217994688e-13	0.453503383741318	0.385	0.285	8.30100543268965e-09
EXOC7	0	4.38499027409569e-13	0.385951804551575	0.338	0.238	8.7796275267944e-09
FAM32A	0	4.38551358425864e-13	0.516036094709243	0.336	0.245	8.78067529840265e-09
TOR1AIP2	0	4.40287848872384e-13	0.420509899813645	0.393	0.291	8.81544331012287e-09
UBXN6	0	4.57748922554444e-13	0.471731667144567	0.329	0.235	9.16504892738507e-09
PLEKHJ1	0	4.60958288083858e-13	0.449860723546056	0.335	0.238	9.22930684401501e-09
UFL1	0	4.84671434996956e-13	0.460769561520655	0.306	0.212	9.70409147150905e-09
TRMT10C	0	5.18077475051106e-13	0.481042956130883	0.3	0.207	1.03729472054732e-08
MSL1	0	5.34233848355304e-13	0.344570243154144	0.417	0.306	1.06964301117699e-08
CHD4	0	5.40622060724053e-13	0.297254321390704	0.512	0.393	1.0824334899817e-08
PSMB4	0	5.49000757896271e-13	0.424545413048802	0.384	0.283	1.09920931745991e-08
BBX	0	5.66180525072662e-13	0.317043099541843	0.464	0.349	1.13360664730048e-08
SLC39A10	0	5.68884411025841e-13	0.329914169078343	0.441	0.331	1.13902036775594e-08
ESF1	0	5.89415689580727e-13	0.405674858650704	0.35	0.25	1.18012809367853e-08
GOLGB1	0	5.8997490886189e-13	0.265685423369476	0.621	0.497	1.18124776252328e-08
LY6E	0	6.32554720105266e-13	0.278932531221864	0.634	0.524	1.26650106059476e-08
ZNHIT6	0	6.69621488590317e-13	0.537385644231887	0.279	0.191	1.34071614445553e-08
EIF3M	0	6.92769711452707e-13	0.368600166387852	0.443	0.336	1.38706351627061e-08
RBM28	0	6.96714027982191e-13	0.479915116302065	0.336	0.24	1.39496082682594e-08
EMP2	0	6.98754006692052e-13	0.32588726699044	0.356	0.253	1.39904527219883e-08
KLHDC3	0	7.019261625387e-13	0.492987971432997	0.305	0.214	1.40539656263498e-08
TWISTNB	0	7.20260371804117e-13	0.408618134151436	0.293	0.203	1.4421053164262e-08
EIF6	0	7.40493924307316e-13	0.427327006662725	0.377	0.277	1.48261693524811e-08
DCAF6	0	7.57527106903762e-13	0.434330394400488	0.277	0.187	1.51672077344271e-08
PRELID1	0	8.20647189601446e-13	0.260699879950533	0.625	0.507	1.64309980302001e-08
PPP3CA	0	8.61402354036519e-13	0.392263101554288	0.367	0.267	1.72469979325192e-08
C1orf27	0	8.864656617702e-13	0.554912275420695	0.261	0.176	1.77488154799629e-08
ARMCX3	0	9.06891536071133e-13	0.364446539017557	0.433	0.325	1.81577823352162e-08
PLIN3	0	9.15545239270881e-13	0.454792330915675	0.364	0.269	1.83310467806816e-08
PWP1	0	9.18832203157774e-13	0.525256474403376	0.274	0.187	1.8396858371625e-08
ECHDC1	0	9.30744255550209e-13	0.477823111017409	0.328	0.235	1.86353614846263e-08
PRKRIP1	0	9.59005383869602e-13	0.403942684070319	0.325	0.228	1.92012057958372e-08
CALCOCO1	0	9.62930314333332e-13	0.460642515319493	0.26	0.173	1.9279790753582e-08
SERINC3	0	9.93144779711315e-13	0.340762023691311	0.406	0.295	1.98847447793799e-08
C16orf13	0	1.03285690272901e-12	0.38886896883576	0.418	0.314	2.06798609064402e-08
PRDX3	0	1.0769753587777e-12	0.527807525507707	0.299	0.211	2.1563200633447e-08
QSER1	0	1.10214212928161e-12	0.472411609989756	0.296	0.205	2.20670897124764e-08
POR	0	1.23031704021381e-12	0.38229627652249	0.337	0.238	2.46334077791609e-08
FEM1B	0	1.26807856864567e-12	0.473342492442554	0.284	0.194	2.53894691014236e-08
JPX	0	1.30014381199622e-12	0.509440702174552	0.277	0.189	2.60314794037883e-08
SUPT16H	0	1.32318561765145e-12	0.293072447752379	0.47	0.357	2.64928224366173e-08
TAX1BP3	0	1.32382954266136e-12	0.528277148917229	0.289	0.202	2.65057151031657e-08
LARP1	0	1.37050431227611e-12	0.355726315816824	0.387	0.282	2.74402373403923e-08
ATXN10	0	1.38878599251164e-12	0.477302344183468	0.315	0.223	2.78062731420681e-08
CTSF	0	1.40614014915748e-12	0.501404764858658	0.267	0.181	2.8153738066431e-08
MAGOH	0	1.43260390640423e-12	0.405335919370185	0.419	0.32	2.86835954140255e-08
GSPT1	0	1.46739127860126e-12	0.401157246895567	0.394	0.293	2.93801081801544e-08
RNMT	0	1.49598618880309e-12	0.302943707165937	0.509	0.396	2.99526354722154e-08
SLC25A11	0	1.50304147952585e-12	0.446175429020345	0.371	0.276	3.00938965030667e-08
PTOV1	0	1.53465352906561e-12	0.403436386454704	0.336	0.239	3.07268329589516e-08
LONP2	0	1.60197209249456e-12	0.382878214515312	0.345	0.247	3.2074685235926e-08
RAB4A	0	1.64357455268586e-12	0.496272966518427	0.318	0.228	3.29076496938763e-08
IFT27	0	1.66697342252863e-12	0.522490631410674	0.278	0.191	3.33761418658683e-08
C9orf16	0	1.69971556285458e-12	0.307343833436882	0.652	0.551	3.40317049994744e-08
SNRNP27	0	1.70581876617019e-12	0.4623845260769	0.314	0.224	3.41539033362595e-08
CWC15	0	1.72093645669037e-12	0.396663157859278	0.429	0.33	3.44565897358546e-08
MRPL36	0	1.73189782625681e-12	0.463621914129159	0.318	0.225	3.46760582773139e-08
SMC3	0	1.73249720036382e-12	0.301407741389349	0.443	0.335	3.46880589456844e-08
EXOC4	0	1.7426511390953e-12	0.434576281259996	0.319	0.225	3.48913611069661e-08
BRK1	0	1.99622843455296e-12	0.274111883548616	0.622	0.506	3.99684857166194e-08
C5orf24	0	2.1751476871046e-12	0.346892606680889	0.382	0.275	4.35508069912083e-08
MRPL10	0	2.18369523891045e-12	0.540457015368622	0.27	0.186	4.3721946073465e-08
MFF	0	2.22916117897446e-12	0.457383953124832	0.315	0.224	4.46322651254266e-08
ID3	0	2.26971320590257e-12	0.367365643525198	0.573	0.489	4.54441978085813e-08
SRPK2	0	2.27345214618738e-12	0.416349705257867	0.377	0.28	4.55190588709638e-08
SNRPC	0	2.33133477510718e-12	0.412426535871091	0.361	0.264	4.66779848671959e-08
STOM	0	2.50784052792167e-12	0.296707685678635	0.422	0.317	5.02119830500476e-08
SRP68	0	2.56239169183542e-12	0.520195046574764	0.271	0.187	5.13042064539288e-08
EIF1B	0	2.6133097715222e-12	0.309081473572429	0.502	0.388	5.23236882454174e-08
NDUFA6	0	2.74151790905869e-12	0.340104470767309	0.45	0.347	5.4890671575173e-08
CHD6	0	2.74586506599899e-12	0.353224940500936	0.396	0.293	5.49777103514318e-08
CAPZA2	0	2.76312866569113e-12	0.340533816625329	0.478	0.371	5.53233621444678e-08
SNRNP200	0	2.81765192520484e-12	0.353456390141413	0.427	0.325	5.64150268464512e-08
ZNF148	0	2.96277196175492e-12	0.391000786087218	0.338	0.243	5.93206202182569e-08
TRIO	0	3.54648002054575e-12	0.333047058563306	0.37	0.27	7.1007622971367e-08
SPRED1	0	3.79981267033709e-12	0.493216477692695	0.272	0.187	7.60798492854893e-08
TUFM	0	3.96627563101297e-12	0.331968004630512	0.459	0.353	7.94127706841416e-08
GATAD1	0	4.22497856780753e-12	0.324779442579705	0.431	0.324	8.45925208846424e-08
BIN1	0	4.35346254065963e-12	0.429000013160501	0.333	0.242	8.71650269890871e-08
LINC00493	0	4.40659007571644e-12	0.376882967413387	0.467	0.368	8.82287464959945e-08
ATOX1	0	4.63437751331313e-12	0.261363898153523	0.625	0.506	9.27895065715555e-08
TIMMDC1	0	4.80422715014592e-12	0.500018742616271	0.309	0.222	9.61902360002216e-08
PSMD3	0	4.8376119890588e-12	0.340634762140133	0.383	0.281	9.68586672449352e-08
ARIH1	0	4.86804826249977e-12	0.458577940647165	0.304	0.215	9.74680623117705e-08
ARL14EP	0	4.89196717714791e-12	0.503772001828658	0.263	0.179	9.79469668208555e-08
DBN1	0	4.89730788145251e-12	0.470961665102998	0.258	0.175	9.80538984024421e-08
RING1	0	5.06070682007487e-12	0.499674469905043	0.256	0.173	1.01325471951539e-07
SPG21	0	5.11576571351174e-12	0.403436386454704	0.379	0.282	1.02427861115932e-07
PIGC	0	5.26261594223272e-12	0.474919321326988	0.27	0.186	1.05368096395384e-07
TERF1	0	5.37381718288108e-12	0.448101607289834	0.28	0.193	1.07594567635645e-07
HEXA	0	5.7106514216439e-12	0.275099709354026	0.648	0.538	1.14338662764154e-07
PDS5B	0	5.76965573125217e-12	0.331944502116148	0.411	0.308	1.15520047051131e-07
SNX1	0	5.80551143136633e-12	0.348736432615279	0.371	0.272	1.16237949878817e-07
SPATS2	0	5.85649662977754e-12	0.493256905172407	0.3	0.214	1.17258775521406e-07
TXLNA	0	5.89822775518583e-12	0.504267700003691	0.3	0.213	1.18094316114331e-07
CAMK2D	0	6.15399047793633e-12	0.499376352819771	0.28	0.196	1.23215197349241e-07
MARCH6	0	6.21424735560713e-12	0.338057664089252	0.363	0.264	1.24421660553966e-07
PSMA5	0	6.28856473650694e-12	0.385489706695305	0.382	0.285	1.25909643154342e-07
DYNLT1	0	6.57376580945153e-12	0.319285157318821	0.549	0.443	1.31619939036839e-07
PSMC5	0	7.41951072955056e-12	0.304514957448793	0.493	0.381	1.48553443827061e-07
C17orf85	0	7.50634222627673e-12	0.388098102072159	0.32	0.226	1.50291984054513e-07
ZFR	0	7.9321065594623e-12	0.448396857564887	0.337	0.245	1.58816637533554e-07
ABCF1	0	8.03006968968358e-12	0.397368039530162	0.36	0.265	1.60778055326845e-07
NDUFV3	0	8.10472745867029e-12	0.338899784808743	0.402	0.3	1.62272853177497e-07
R3HDM2	0	8.32848079594014e-12	0.304139096090202	0.421	0.314	1.66752842496314e-07
MED8	0	8.6565629748835e-12	0.480509801948104	0.283	0.198	1.73321703883117e-07
POLD2	0	8.77258496678624e-12	0.398179770313537	0.326	0.233	1.75644696204994e-07
RPL26L1	0	9.08401892482707e-12	0.477719268073707	0.307	0.22	1.81880226912888e-07
AHCYL1	0	9.15645675141076e-12	0.418203592741049	0.328	0.236	1.83330577076746e-07
NBR1	0	9.1831765998416e-12	0.371799461859434	0.354	0.257	1.83865561882029e-07
THRAP3	0	9.62153548062262e-12	0.34429715318458	0.473	0.369	1.92642383393026e-07
PRR4	0	9.70578432530586e-12	0.553528280071893	0.258	0.179	1.94329213761274e-07
NUCB2	0	9.92968586544999e-12	0.312002998661838	0.399	0.296	1.9881217039804e-07
CIR1	0	1.00091342189905e-11	0.41711132335178	0.386	0.292	2.00402885332627e-07
WDR60	0	1.0156989234778e-11	0.312946730451303	0.372	0.27	2.03363238458725e-07
MOCS2	0	1.0716788412746e-11	0.567322471415676	0.256	0.177	2.145715376e-07
CREBBP	0	1.07502132481218e-11	0.393978876155881	0.348	0.255	2.15240769653894e-07
PDCD5	0	1.08054565241452e-11	0.29986768952454	0.456	0.348	2.16346850526435e-07
PXDC1	0	1.08864935427301e-11	0.508276091865545	0.286	0.202	2.17969373712541e-07
COPS7A	0	1.11067583981442e-11	0.476499848644427	0.251	0.17	2.22379516647644e-07
MRPS18C	0	1.159651788316e-11	0.390936270452421	0.379	0.284	2.3218548105663e-07
DAAM1	0	1.18770799843417e-11	0.426930233443107	0.338	0.248	2.3780289544649e-07
EIF4B	0	1.21486057422607e-11	0.251162878043696	0.599	0.488	2.43239384171545e-07
NARG2	0	1.22939951395784e-11	0.374893044833756	0.306	0.216	2.4615037068464e-07
NUDC	0	1.26430163390981e-11	0.317852915653427	0.484	0.378	2.53138473141421e-07
COPA	0	1.32808123522237e-11	0.285158046918759	0.482	0.374	2.65908424916224e-07
MTA1	0	1.36033290685439e-11	0.431297861872646	0.281	0.196	2.72365854610386e-07
TIMM9	0	1.36482875753823e-11	0.505496461421165	0.256	0.176	2.73266013834304e-07
RAB5C	0	1.36609407011247e-11	0.313845185530698	0.498	0.393	2.73519354717919e-07
CRYBG3	0	1.38571449817663e-11	0.517748853998119	0.265	0.183	2.77447756824925e-07
MED4	0	1.39817101056712e-11	0.383114055849921	0.363	0.269	2.79941799735749e-07
CAMSAP2	0	1.4068184462674e-11	0.422442701797849	0.334	0.242	2.8167318931166e-07
FBXO9	0	1.41682970973449e-11	0.481199295466066	0.272	0.19	2.8367764448304e-07
METAP2	0	1.48500120756356e-11	0.334496275200376	0.474	0.369	2.97326941778375e-07
TAF11	0	1.49682554582969e-11	0.425968990400318	0.3	0.213	2.9969441078602e-07
NUDCD3	0	1.56304281913683e-11	0.376579953118019	0.347	0.252	3.12952433247576e-07
TOX4	0	1.62391124732186e-11	0.413217407247289	0.356	0.264	3.25139509938783e-07
TLK1	0	1.65424219794714e-11	0.373543397203086	0.319	0.228	3.31212372872976e-07
ILF3	0	1.80574993049239e-11	0.290483570450314	0.456	0.348	3.61547251083187e-07
ZBTB16	0	1.82110812161759e-11	0.383352140411372	0.289	0.203	3.64622268110274e-07
DYNC1LI2	0	1.82726480821412e-11	0.32058064521236	0.423	0.321	3.65854959900631e-07
MSI2	0	2.00845641947749e-11	0.410272570389132	0.293	0.207	4.02133144307783e-07
SLC44A1	0	2.03452335466221e-11	0.504888899100591	0.309	0.224	4.07352266070467e-07
PSMD12	0	2.07229815671568e-11	0.405906563017355	0.354	0.262	4.14915536937613e-07
NFATC4	0	2.07926523732072e-11	0.355190392354876	0.296	0.207	4.16310485816355e-07
OAT	0	2.12739942055485e-11	0.418760602811427	0.327	0.238	4.25947911983493e-07
ZNF644	0	2.14677393701131e-11	0.316306385219888	0.392	0.289	4.29827077668404e-07
SKIV2L2	0	2.14746370761122e-11	0.441847005309065	0.28	0.196	4.29965183537919e-07
PSMA2.1	0	2.16160130993862e-11	0.475983696146738	0.272	0.189	4.32795814275911e-07
C2orf49	0	2.28329708373217e-11	0.425326916111421	0.264	0.181	4.57161742104855e-07
NSF	0	2.41015054586874e-11	0.484449904427037	0.259	0.179	4.8256034229384e-07
HES4	0	2.45951158585689e-11	0.372010214107694	0.276	0.191	4.92443409720267e-07
MLX	0	2.49713825556002e-11	0.435321160726775	0.32	0.232	4.99977021528227e-07
SNRPD3	0	2.67466294697187e-11	0.291776585691442	0.446	0.342	5.35521015242707e-07
NDRG2	0	2.71145457871218e-11	0.466416327190096	0.299	0.213	5.42887435749753e-07
UBE2Q2	0	2.728386725575e-11	0.397917909169809	0.32	0.232	5.46277590194626e-07
MRPS21	0	2.74528689933597e-11	0.313496841994019	0.507	0.403	5.49661342985048e-07
PPP2CB	0	2.79775641669424e-11	0.449371176530537	0.312	0.226	5.6016678975052e-07
SH3GL1	0	2.80677987186176e-11	0.473438861638067	0.299	0.214	5.61973465944161e-07
CUEDC2	0	2.80984055228859e-11	0.459327587346749	0.306	0.22	5.62586275379222e-07
TEAD1	0	2.82248258640494e-11	0.395572160959102	0.293	0.206	5.65117463449997e-07
SAP30BP	0	2.86883377487674e-11	0.376590782942295	0.338	0.246	5.74397898405821e-07
SUN1	0	2.9166302741421e-11	0.306034106925586	0.394	0.293	5.83967713488731e-07
PPM1G	0	2.97541939699193e-11	0.33924954034769	0.413	0.312	5.95738471665724e-07
ZNF580	0	3.01680297398336e-11	0.497450832291455	0.281	0.2	6.04024291450948e-07
ARFGAP1	0	3.14848305777616e-11	0.412256240960191	0.254	0.172	6.30389277827943e-07
SARS	0	3.22394233543423e-11	0.452099730207069	0.323	0.239	6.45497734400642e-07
USP16	0	3.39106960029229e-11	0.414500995753508	0.322	0.233	6.78959955370522e-07
HLTF	0	3.44141254621449e-11	0.468044477505886	0.302	0.218	6.89039620003065e-07
DHX9	0	3.50398543424253e-11	0.357456550709114	0.388	0.293	7.01567963644039e-07
SASH1	0	3.61651972557955e-11	0.454126982212618	0.286	0.201	7.24099579455538e-07
CSNK2A1	0	3.84522519434904e-11	0.401622055835089	0.334	0.245	7.69890988412565e-07
SIKE1	0	3.88455947119254e-11	0.492765988855156	0.274	0.194	7.7776649732217e-07
THUMPD2	0	3.93160167553481e-11	0.423244867534884	0.273	0.19	7.8718528747558e-07
PCMTD1	0	4.01039523491364e-11	0.314823299944399	0.456	0.352	8.0296133393441e-07
GNB2	0	4.21333080052543e-11	0.254637932693208	0.579	0.466	8.43593092881202e-07
TUBGCP2	0	4.28623017119473e-11	0.356698326627951	0.375	0.278	8.58189004876609e-07
BRD3	0	4.34605635235874e-11	0.47955678015119	0.262	0.182	8.70167402869267e-07
ZC3H15	0	4.46030733790575e-11	0.309298455790697	0.473	0.37	8.9304273519549e-07
ZNF91	0	5.02507664117511e-11	0.347145167893994	0.33	0.24	1.00612084509608e-06
CEP95	0	5.40385403094789e-11	0.48315995188092	0.256	0.177	1.08195965407639e-06
CSNK2B	0	5.45066510032883e-11	0.334544406949808	0.473	0.373	1.09133216638784e-06
HDAC2	0	5.77422643864531e-11	0.361847430416135	0.345	0.253	1.15611561754556e-06
TROVE2	0	6.45039021012656e-11	0.319782129638094	0.423	0.325	1.29149712787154e-06
AL592183.1	0	6.67702838388768e-11	0.324909353436604	0.42	0.322	1.33687462302199e-06
PTP4A2	0	6.80542241068269e-11	0.277084236291023	0.546	0.441	1.36258167506689e-06
BTBD7	0	7.24784662637919e-11	0.449385516366444	0.285	0.204	1.45116385153364e-06
NCOR2	0	7.38506129830274e-11	0.398186125767502	0.341	0.254	1.47863697314618e-06
XRCC6	0	7.70252929494152e-11	0.273625972303759	0.512	0.406	1.54220041543319e-06
SLC38A10	0	7.71754465410285e-11	0.355813398272388	0.352	0.259	1.54520679064447e-06
HADHB	0	7.81241142405845e-11	0.362650771608204	0.429	0.336	1.56420101532498e-06
MRPS10	0	7.88800503599922e-11	0.535449683522793	0.25	0.175	1.57933636830776e-06
COPS2	0	7.96356438021619e-11	0.403918973862077	0.331	0.243	1.59446486020689e-06
KIN	0	8.51525616512543e-11	0.428295373711122	0.288	0.205	1.70492458938141e-06
PLEKHH3	0	8.74806284052214e-11	0.467995921762643	0.261	0.183	1.75153714192934e-06
CUL3	0	9.15547141843019e-11	0.421766975195001	0.322	0.238	1.83310848739809e-06
ANKIB1	0	9.51313988317013e-11	0.453159093557461	0.263	0.184	1.90472086740832e-06
KLF9	0	9.78748111096501e-11	0.484660181728676	0.273	0.194	1.95964946803741e-06
ASPH	0	9.90248144054967e-11	0.348741803750737	0.392	0.3	1.98267483402685e-06
MAP4K4	0	1.00130510890222e-10	0.319768593534493	0.363	0.27	2.00481308904403e-06
NUPL2	0	1.02749709032496e-10	0.437478760707592	0.293	0.21	2.05725467424863e-06
ARL8A	0	1.06441679869999e-10	0.414606688202924	0.321	0.235	2.13117531435711e-06
CASC3	0	1.0993872893593e-10	0.42537217642235	0.326	0.241	2.20119323075519e-06
MRPS12	0	1.16114268802676e-10	0.482057007696372	0.256	0.179	2.32483988996718e-06
SYNE1	0	1.17394056447948e-10	0.312075491598412	0.37	0.275	2.35046379820081e-06
UBE2V2	0	1.2041154320596e-10	0.422989183876105	0.314	0.23	2.41087991806973e-06
MAP4	0	1.23664583783451e-10	0.267434262612248	0.423	0.321	2.47601229651225e-06
COMMD1	0	1.28229744849256e-10	0.438634232261922	0.309	0.226	2.5674159513718e-06
UPF3A	0	1.30356983368724e-10	0.36595667533694	0.383	0.291	2.6100075210086e-06
CHURC1	0	1.31937426784609e-10	0.370967831865522	0.364	0.272	2.64165115908145e-06
RGL2	0	1.35091788729994e-10	0.383053727670605	0.292	0.208	2.70480779395193e-06
SPPL2A	0	1.35689928188366e-10	0.378034513336616	0.366	0.275	2.71678374218746e-06
NPTN	0	1.35828099523899e-10	0.339297010753308	0.37	0.276	2.71955020866751e-06
ZNF326	0	1.41547855191172e-10	0.403213076332613	0.343	0.257	2.83407115663765e-06
PSMC1	0	1.45199358563588e-10	0.378633632867252	0.352	0.262	2.90718155716016e-06
FAM133B	0	1.4880213613622e-10	0.26163631107215	0.522	0.413	2.9793163697194e-06
TMEM183A	0	1.5965903950136e-10	0.424057997070789	0.274	0.194	3.19669328889623e-06
ATP6V1E1	0	1.60623721096936e-10	0.388909779999421	0.355	0.268	3.21600814380285e-06
USP47	0	1.63696465624357e-10	0.349699547173003	0.347	0.256	3.27753063473089e-06
UROS	0	1.73322159832666e-10	0.495066861920272	0.262	0.185	3.47025628416965e-06
TPGS1	0	1.79526173689959e-10	0.451478548263828	0.295	0.214	3.59447304962035e-06
NBPF10	0	1.86414518531902e-10	0.421755701629865	0.282	0.202	3.73239149004574e-06
SRP54	0	1.93716783301475e-10	0.399520048233557	0.332	0.248	3.87859743526213e-06
AKAP17A	0	2.11719573694461e-10	0.344385774954738	0.401	0.308	4.23904930451049e-06
ZNRD1	0	2.14071477463774e-10	0.277362925985627	0.329	0.242	4.28613912177969e-06
XRCC5	0	2.20819086649036e-10	0.255759500756844	0.596	0.492	4.421239752887e-06
AKT2	0	2.27526259170958e-10	0.414257150947562	0.288	0.207	4.55553076112093e-06
SMIM15	0	2.36316363003315e-10	0.456918716725474	0.276	0.198	4.73152622005237e-06
CCDC47	0	2.39082274737657e-10	0.284490238385105	0.435	0.335	4.78690530479736e-06
COMMD2	0	2.68195658496773e-10	0.401084579279528	0.302	0.22	5.36981347442238e-06
SKI	0	2.8276562277615e-10	0.429468934714878	0.29	0.211	5.66153329922408e-06
MNAT1	0	2.84890376599678e-10	0.464437458586629	0.27	0.193	5.70407512027875e-06
DKC1	0	2.95304846400312e-10	0.390460301062244	0.284	0.202	5.91259363462705e-06
PSMC6	0	3.10947620453175e-10	0.34575811031286	0.356	0.267	6.22579325671347e-06
RRP15	0	3.14393123468713e-10	0.472057313563396	0.262	0.186	6.29477911809057e-06
DNAJC1	0	3.20476003670951e-10	0.355755958961591	0.368	0.279	6.41657054549977e-06
FNDC3A	0	3.22286876864413e-10	0.289471469842298	0.423	0.323	6.45282784857927e-06
CHCHD1	0	3.4141980264263e-10	0.400922249819216	0.342	0.258	6.83590728851074e-06
DCTN2	0	3.4563944496199e-10	0.382219900545008	0.322	0.237	6.92039296702896e-06
PDHA1	0	3.46685138261115e-10	0.420812307226849	0.29	0.211	6.94132983826405e-06
ZNF511	0	3.5999833210721e-10	0.483072502567913	0.254	0.179	7.20788660545055e-06
ABCA5	0	3.64506990444156e-10	0.330012998473673	0.252	0.174	7.29815896267289e-06
CCT6A	0	3.69121027502289e-10	0.33350909060597	0.491	0.397	7.39054121265083e-06
RFC1	0	3.73603708343867e-10	0.315110775294735	0.418	0.322	7.48029344846091e-06
RTFDC1	0	3.78538000264563e-10	0.355128034176204	0.418	0.327	7.57908784129708e-06
LAPTM4B	0	3.81295798625559e-10	0.347891640113934	0.286	0.204	7.63430448008094e-06
TGFBI	0	3.82837356767481e-10	0.263402635834134	0.63	0.526	7.6651695571985e-06
SCAND1	0	3.91058225326404e-10	0.306797159405481	0.527	0.43	7.82976778748527e-06
NCOA1	0	4.040406796949e-10	0.373763854180526	0.302	0.22	8.08970248885128e-06
AP2B1	0	4.1258151405114e-10	0.295717808106796	0.4	0.307	8.26070707433193e-06
GNPDA1	0	4.14284443121954e-10	0.487730117721901	0.261	0.186	8.29480312018777e-06
NCKAP1	0	4.24929175358302e-10	0.360580242319451	0.29	0.209	8.50793194902393e-06
ERGIC2	0	4.44841961168178e-10	0.427362225700184	0.3	0.219	8.90662574650926e-06
ISCU	0	4.48049716191283e-10	0.313125807605096	0.45	0.355	8.97085141758187e-06
LRRC58	0	4.64672649789036e-10	0.490016404901706	0.261	0.187	9.30367579407607e-06
RSBN1L	0	5.17896025922925e-10	0.288061549550788	0.507	0.406	1.03693142310288e-05
UBE2E2	0	5.70918001638365e-10	0.459699351539919	0.269	0.193	1.14309202288033e-05
MRPL4	0	5.83494212564824e-10	0.395004778934714	0.319	0.237	1.16827211239729e-05
ACTN1	0	5.92297765500392e-10	0.309658145472215	0.37	0.279	1.18589858608489e-05
GTF3C1	0	6.00326756762023e-10	0.396289492555125	0.26	0.183	1.20197423238892e-05
DDX50	0	6.03794189298515e-10	0.468994556592503	0.304	0.225	1.20891672581349e-05
TMEM50B	0	6.06510225009919e-10	0.405644875276166	0.298	0.217	1.21435477251486e-05
CBR1	0	6.29598390345463e-10	0.465042604373296	0.27	0.195	1.26058189714969e-05
PRPF38A	0	6.38300863975349e-10	0.448707696623104	0.256	0.182	1.27800598985144e-05
MKLN1	0	6.41593707276976e-10	0.337693423419671	0.331	0.244	1.28459892070996e-05
PRRT2	0	6.68774375146533e-10	0.372604717537312	0.252	0.176	1.33902005391839e-05
PKD1	0	6.96839345870603e-10	0.324018899934067	0.291	0.209	1.39521173830212e-05
PAPOLA	0	7.07819975493781e-10	0.26314504533315	0.516	0.413	1.41719715493365e-05
NOL7	0	7.11021240792026e-10	0.299174452511629	0.462	0.367	1.42360672831379e-05
RGL1	0	7.51971088979787e-10	0.382759271048758	0.311	0.229	1.50559651435533e-05
CTDSP2	0	7.72577716357271e-10	0.415675956119335	0.29	0.212	1.54685510369053e-05
GLO1	0	7.77268762900989e-10	0.29755368668691	0.355	0.266	1.55624751708036e-05
NSA2	0	8.1683299375861e-10	0.252474788984986	0.582	0.483	1.63546302010349e-05
THUMPD1	0	8.48061122334338e-10	0.404960189510552	0.29	0.213	1.69798797913781e-05
TIMM17B	0	8.49676222045823e-10	0.45953094852563	0.251	0.178	1.70122173178015e-05
EPM2AIP1	0	8.57755524680882e-10	0.326440544255433	0.313	0.229	1.71739811151606e-05
SEC24D	0	8.91306033829569e-10	0.41048365244612	0.261	0.185	1.78457294093356e-05
C10orf32	0	9.26561726733385e-10	0.375588575976133	0.329	0.247	1.85516188926558e-05
DGCR6L	0	9.45639519283498e-10	0.475431367425959	0.268	0.194	1.89335944550942e-05
HDAC3	0	9.78126244242451e-10	0.40835534438979	0.258	0.183	1.95840436622224e-05
PPP1R35	0	1.01212646898209e-09	0.359741925228726	0.327	0.245	2.02647961619594e-05
THOC2	0	1.08912141595398e-09	0.295853422729516	0.376	0.284	2.18063889902306e-05
USP11	0	1.10448074181073e-09	0.38186953714798	0.311	0.229	2.21139134125344e-05
MRPL17	0	1.15921967097033e-09	0.409146176877554	0.294	0.216	2.3209896252168e-05
HM13	0	1.17014641951173e-09	0.303950742207844	0.41	0.318	2.34286716114639e-05
NAA50	0	1.18895010410676e-09	0.37872463295795	0.287	0.207	2.38051589844256e-05
CAPN2	0	1.21436183482297e-09	0.413431631769309	0.254	0.18	2.43139526568254e-05
TFDP2	0	1.2400667453669e-09	0.439546679863985	0.259	0.184	2.48286163757361e-05
ELK4	0	1.26586890858412e-09	0.379204504734337	0.32	0.239	2.53452272876713e-05
C1orf54	0	1.26888451891766e-09	0.313823655681919	0.279	0.2	2.54056058377694e-05
MRPL33	0	1.33936848136304e-09	0.261861641186219	0.476	0.377	2.68168357338508e-05
RNF216	0	1.45117044387891e-09	0.33059557956921	0.325	0.242	2.90553346273435e-05
ABHD14B	0	1.47022051943986e-09	0.457503307419906	0.276	0.201	2.94367552402249e-05
PPIP5K2	0	1.54998767996095e-09	0.425369241881646	0.306	0.229	3.10338533281782e-05
TM9SF2	0	1.5568137592312e-09	0.334472646664372	0.362	0.276	3.11705250873271e-05
MRPS25	0	1.60481802496576e-09	0.446753632246258	0.271	0.197	3.21316664958645e-05
ARHGAP24	0	1.6217853223565e-09	0.395559117584639	0.299	0.22	3.24713857242218e-05
LARS	0	1.64699596101637e-09	0.313740253586899	0.395	0.306	3.29761531314698e-05
ZNF655	0	1.66108957879747e-09	0.425479733429159	0.277	0.202	3.3258335546683e-05
NPHP3	0	1.70175336585421e-09	0.260620956202887	0.39	0.298	3.40725058911329e-05
ALG5	0	1.77490970499967e-09	0.44235083097392	0.258	0.185	3.55372421135034e-05
MRPL54	0	1.82325932320377e-09	0.412803319166999	0.315	0.236	3.65052981691859e-05
FAM162A	0	1.85560404273437e-09	0.362794401957358	0.328	0.246	3.71529041436275e-05
SNX13	0	1.8952235557039e-09	0.372955779999942	0.312	0.232	3.79461660323034e-05
YIPF4	0	2.02419156678019e-09	0.372409490834079	0.345	0.264	4.05283635500729e-05
CCDC66	0	2.04269615337536e-09	0.427584938290879	0.275	0.201	4.08988623828815e-05
ECH1	0	2.0451241271844e-09	0.328711382750507	0.435	0.349	4.0947475274486e-05
C14orf119	0	2.05341590003575e-09	0.375739199780379	0.304	0.224	4.11134931505158e-05
YES1	0	2.06331983001555e-09	0.377341437519985	0.259	0.184	4.13117896365713e-05
MPC1	0	2.21363055333722e-09	0.41960487811601	0.29	0.215	4.43213109389179e-05
C19orf60	0	2.26974211333018e-09	0.290671720755517	0.524	0.434	4.54447765930969e-05
IDH3B	0	2.32308034108232e-09	0.420509899813646	0.262	0.189	4.65127145891501e-05
ELP5	0	2.37210221603663e-09	0.41749339599128	0.258	0.185	4.74942305694855e-05
STAG2	0	2.46481400203374e-09	0.312018631708936	0.421	0.334	4.93505059487195e-05
SMDT1	0	2.5965704665104e-09	0.266768836135663	0.524	0.431	5.19885338804712e-05
TMEM30A	0	2.70201273307944e-09	0.352441309356613	0.356	0.273	5.40996989417165e-05
RAD23A	0	2.73264045822808e-09	0.294541312543754	0.42	0.328	5.47129272546425e-05
PIBF1	0	2.75651361527079e-09	0.368335808566445	0.296	0.218	5.51909156049518e-05
PSMA3	0	2.77146476664685e-09	0.350783881928899	0.362	0.28	5.54902675578033e-05
SMC5	0	2.78054701188916e-09	0.266607334451925	0.395	0.305	5.56721122720447e-05
TANC2	0	2.81546688836772e-09	0.410053703093842	0.3	0.224	5.63712780388984e-05
C1orf86	0	2.92681292892863e-09	0.27129128403479	0.431	0.337	5.8600648463009e-05
SURF1	0	3.09380541080424e-09	0.389419989886618	0.313	0.236	6.19441719351226e-05
ABI2	0	3.09885123394431e-09	0.333888035002677	0.312	0.232	6.20451994060329e-05
ZDHHC5	0	3.10224997277226e-09	0.405033171389033	0.266	0.193	6.21132489548461e-05
RBFA	0	3.22512322849971e-09	0.384860657199564	0.268	0.194	6.45734172810211e-05
CHST12	0	3.32839565088787e-09	0.395568143121365	0.263	0.19	6.66411377220769e-05
ADNP	0	3.55619399693168e-09	0.382991489739711	0.292	0.215	7.12021162065662e-05
DECR1	0	3.71223389604457e-09	0.356440445694584	0.336	0.254	7.43263470666045e-05
JKAMP	0	3.8107420918486e-09	0.414525048554831	0.257	0.185	7.62986781629927e-05
TRAM1	0	3.93906210381552e-09	0.269150456421568	0.525	0.432	7.88679014425943e-05
HES1	0	4.45964659137909e-09	0.263402635834134	0.345	0.259	8.9291044052592e-05
BRD4	0	4.92454629407932e-09	0.257513740921175	0.418	0.326	9.85992659000562e-05
AGTRAP	0	4.98918699852048e-09	0.465441644547333	0.277	0.206	9.9893502084377e-05
PPIG	0	5.34976136988337e-09	0.279697633970372	0.523	0.43	0.000107112922147805
MKRN1	0	5.40044129567362e-09	0.383640848270866	0.302	0.226	0.000108127635621977
SUPT5H	0	5.62357780656853e-09	0.322940572112983	0.313	0.233	0.000112595274843115
NTMT1	0	5.81413144003475e-09	0.426533687441415	0.253	0.183	0.000116410539692376
SETD5	0	5.82218977519153e-09	0.275022011012198	0.377	0.291	0.000116571883678885
SMC1A	0	5.89623294267838e-09	0.345734157016868	0.297	0.219	0.000118054375978307
NELFCD	0	5.93088940540396e-09	0.375384005120766	0.259	0.186	0.000118748267674998
TNKS2	0	6.07125916960177e-09	0.415157127224333	0.274	0.202	0.000121558751093767
MANF	0	6.23058123930426e-09	0.372677867241518	0.32	0.243	0.00012474869757335
ALYREF	0	6.25912506768174e-09	0.332051753217939	0.279	0.204	0.000125320202105124
CEP290	0	6.32324023978842e-09	0.307907496284798	0.281	0.205	0.000126603916081044
RSBN1	0	6.35784733375809e-09	0.330063200124485	0.277	0.203	0.000127296819316504
SSBP2	0	6.39364724138944e-09	0.386369136165753	0.291	0.217	0.000128013605067099
NARS	0	6.41508661486405e-09	0.30406175330144	0.364	0.278	0.000128442864202808
RBBP7	0	6.50343058456097e-09	0.285955166136583	0.346	0.262	0.00013021168716408
PPP1CC	0	6.69424270516969e-09	0.270191869874417	0.388	0.299	0.000134032127442907
HTATSF1	0	7.87432173781342e-09	0.406110520753029	0.254	0.184	0.0001576596698345
CERS2	0	8.01679831476125e-09	0.397478931158304	0.262	0.191	0.00016051233585815
RBBP4	0	8.09645984797198e-09	0.27122788205233	0.362	0.276	0.000162107319076095
SMIM19	0	8.65796899265534e-09	0.457192199458222	0.269	0.2	0.000173349855170945
RBM42	0	8.66000313400792e-09	0.373439247364263	0.291	0.217	0.000173390582749107
STAG1	0	8.73122279330014e-09	0.355073364893305	0.322	0.244	0.000174816542767455
USO1	0	8.7910769671049e-09	0.422584228051504	0.274	0.203	0.000176014943035374
MRPS11	0	8.93392034763039e-09	0.362620173946653	0.319	0.242	0.000178874953200256
FXR1	0	9.73533286968609e-09	0.265089674462831	0.463	0.372	0.000194920834716855
TTTY15	0	1.00628719097661e-08	0.287200554561714	0.356	0.273	0.000201478821377337
POLR2H	0	1.0594371514346e-08	0.386521692436886	0.297	0.224	0.000212120506460236
COPS5	0	1.06034228167722e-08	0.349930750857147	0.325	0.247	0.000212301731637414
MKKS	0	1.08802341553927e-08	0.409772849206135	0.287	0.214	0.000217844048259272
ISCA1	0	1.15304201707868e-08	0.422853017178462	0.27	0.199	0.000230862072659493
PIGT	0	1.23432944351233e-08	0.380115312220085	0.303	0.229	0.000247137441180038
MRPL19	0	1.25160732813472e-08	0.440125953980633	0.261	0.192	0.000250596819239134
SUPT6H	0	1.29749503684382e-08	0.391807467091962	0.258	0.188	0.000259784456276871
IPO5	0	1.35937469666826e-08	0.400882692137034	0.279	0.208	0.000272174001766918
RAB1A	0	1.41746169259705e-08	0.370794140186997	0.362	0.285	0.000283804180091781
SRSF4	0	1.4844457947885e-08	0.274547064433968	0.395	0.311	0.000297215737032554
TOMM22	0	1.49331698670421e-08	0.439636376993705	0.266	0.198	0.000298991927077917
RAD23B	0	1.59473929359406e-08	0.386671503975298	0.3	0.229	0.000319298701363402
VCP	0	2.00382064134374e-08	0.279123841329809	0.427	0.342	0.000401204968809844
PURA	0	2.01735516838361e-08	0.271616108406029	0.356	0.271	0.000403914851813767
SECISBP2	0	2.04580733944112e-08	0.27994590483913	0.313	0.235	0.000409611545502901
CUL5	0	2.06630401915619e-08	0.360565236949545	0.281	0.21	0.000413715390715452
TP53I13	0	2.09738769448177e-08	0.311128702028777	0.359	0.279	0.00041993896418914
RALY	0	2.53999830656748e-08	0.312993831660176	0.352	0.272	0.000508558460940941
RHOQ	0	2.55491609473542e-08	0.416481806579105	0.31	0.239	0.000511545300487926
GMPS	0	2.61893170539343e-08	0.446448455422396	0.259	0.193	0.000524362506053873
SKAP2	0	2.68913436613377e-08	0.28981472561325	0.4	0.315	0.000538418482787303
GPATCH2	0	2.72143397516368e-08	0.374836947490129	0.273	0.203	0.000544885510507272
NBN	0	2.72639689727854e-08	0.402697490130798	0.273	0.204	0.000545879186773109
ELF2	0	2.79662819227587e-08	0.300467269113841	0.318	0.24	0.000559940896657474
SMAP1	0	2.81485266974924e-08	0.32830290749148	0.299	0.225	0.000563589801537193
C1orf35	0	2.83970627993187e-08	0.358420470955574	0.285	0.213	0.000568565991367958
ASCC3	0	2.86941318167417e-08	0.328970494559905	0.313	0.238	0.000574513907234801
MCTS1	0	2.92924564756754e-08	0.390815895731583	0.311	0.239	0.000586493563555972
ARHGAP5	0	3.0521595632593e-08	0.338693621704448	0.284	0.211	0.000611103387755776
REEP3	0	3.07358537493393e-08	0.430344259918221	0.277	0.209	0.000615393263769271
SIL1	0	3.10094192348002e-08	0.379676438811569	0.298	0.226	0.00062087059191917
CCS	0	3.10633342320813e-08	0.320127315137574	0.358	0.279	0.000621950077994731
PDK4	0	3.20143439269195e-08	0.378718916948588	0.296	0.225	0.000640991194104782
FNBP1L	0	3.23822502098593e-08	0.392699335847193	0.264	0.196	0.000648357413701803
ANKRD17	0	3.29344548005378e-08	0.334812903387056	0.303	0.229	0.000659413654016368
NUB1	0	3.45833865169402e-08	0.286142593972736	0.369	0.289	0.000692428564842177
ANKLE2	0	3.50623655211634e-08	0.267518309039701	0.31	0.232	0.000702018682464734
C4orf27	0	3.51549204035869e-08	0.448169674767031	0.258	0.192	0.000703871816320616
RBM27	0	4.01324997124617e-08	0.3870501153809	0.284	0.214	0.000803532909242908
PRPF6	0	4.27129037779012e-08	0.331260439089292	0.304	0.231	0.000855197759441137
RRAS	0	4.74140886243304e-08	0.285890993185103	0.33	0.254	0.000949324882436344
NOC2L	0	4.75576391825453e-08	0.333047058563306	0.281	0.21	0.000952199051712922
SF3B3	0	4.82590171370294e-08	0.387737700096716	0.266	0.198	0.000966242041117602
FAM134C	0	4.86370979097548e-08	0.38689703250756	0.256	0.189	0.000973811974349111
ERCC1	0	4.86720629939122e-08	0.346380024182026	0.334	0.26	0.000974512045264109
PSMD13	0	5.14566369016431e-08	0.323895998102655	0.368	0.291	0.0010302647840447
MECP2	0	5.31720322539979e-08	0.263481704102775	0.362	0.281	0.00106461042978955
PBDC1	0	5.39973431025895e-08	0.398175869994009	0.256	0.189	0.00108113480360005
ADI1	0	5.53139636596443e-08	0.385834472922741	0.277	0.209	0.0011074961803934
PSMD7	0	5.78887041317938e-08	0.304380985018025	0.366	0.287	0.00115904763412678
ARL5A	0	5.84297758292295e-08	0.296321929027636	0.389	0.308	0.00116988097165283
POLR2B	0	6.02987112152153e-08	0.301036663660685	0.3	0.227	0.00120730079595104
DHX29	0	6.12394173809577e-08	0.312071186864319	0.322	0.248	0.00122613561480154
ATF6B	0	6.24403412200363e-08	0.305739712567571	0.277	0.207	0.00125018051190757
BASP1	0	6.85580753883228e-08	0.280713999092168	0.338	0.263	0.001372669785425
OSBPL1A	0	6.87466347220842e-08	0.372006087683009	0.297	0.228	0.00137644512040557
PIAS1	0	6.92473336958796e-08	0.301947854650721	0.314	0.24	0.0013864701152589
FAM208A	0	7.11981584134125e-08	0.390257623248791	0.297	0.229	0.00142552952775335
FYTTD1	0	7.21597940765261e-08	0.348771410856322	0.281	0.213	0.0014447833970002
TAF12	0	7.45926656960036e-08	0.416888185923312	0.253	0.189	0.00149349435256538
ERGIC3	0	7.5505823445923e-08	0.302002117412291	0.322	0.246	0.00151177759703427
LINC00116	0	7.66879358476955e-08	0.382693076844631	0.281	0.213	0.00153544585154256
HSD17B12	0	8.10926257863319e-08	0.345915092780604	0.278	0.209	0.00162363655349394
RNASEH2C	0	8.31536615896397e-08	0.299099726639968	0.37	0.291	0.00166490261234777
EIF4G1	0	8.5266629872062e-08	0.265693841021347	0.405	0.322	0.00170720846329842
MRPS5	0	8.80316818213973e-08	0.282553230004159	0.341	0.266	0.00176257033342802
FRG1	0	8.98317993807341e-08	0.396029794986345	0.271	0.205	0.00179861228720106
P4HA1	0	9.05905647173902e-08	0.255544181213222	0.42	0.337	0.00181380428677159
YTHDC1	0	9.18796753680126e-08	0.253410029063212	0.459	0.376	0.00183961486021835
ITFG1	0	1.0055720351185e-07	0.394966092016818	0.277	0.21	0.00201335632871426
CCDC12	0	1.02382346112593e-07	0.312595569124191	0.312	0.241	0.00204989933386634
KHSRP	0	1.05330518890646e-07	0.297218979427679	0.296	0.224	0.00210892764922851
KANSL1	0	1.06715144500763e-07	0.288109653549444	0.322	0.248	0.00213665062319429
AXL	0	1.13858888016891e-07	0.323288092100978	0.257	0.191	0.00227968265587419
C8orf4	0	1.20274604143229e-07	0.399592555232734	0.279	0.213	0.00240813812415573
YTHDF2	0	1.24506251229635e-07	0.293597787331426	0.29	0.22	0.00249286416211975
C19orf25	0	1.26016214542896e-07	0.306513988117046	0.263	0.195	0.00252309664757787
AKAP8L	0	1.30355662054243e-07	0.252701082020942	0.297	0.225	0.00260998106565006
LRPPRC	0	1.31296633622768e-07	0.315779951165532	0.296	0.226	0.00262882119839507
DNAJC15	0	1.3641447785551e-07	0.263560352792086	0.459	0.379	0.00273129067562303
C1orf52	0	1.38046073277781e-07	0.354873421016484	0.265	0.199	0.00276395847916773
RB1CC1	0	1.38882645176705e-07	0.272238146075134	0.304	0.231	0.00278070832172799
PHYKPL	0	1.3940589937733e-07	0.324148371655765	0.254	0.188	0.00279118491733289
PTEN	0	1.43460778343306e-07	0.267932440351117	0.365	0.287	0.00287237170398968
UBE2M	0	1.44576148747497e-07	0.27326830518094	0.389	0.311	0.00289470365022239
NKAP	0	1.46112563010163e-07	0.402088702992957	0.254	0.19	0.00292546573658947
TEX264	0	1.47639957401446e-07	0.419064407939526	0.272	0.208	0.00295604722709176
SDF4	0	1.53428414909349e-07	0.250475108405838	0.386	0.309	0.00307194372331498
DNAJC10	0	1.59893810752258e-07	0.338749417927489	0.282	0.215	0.00320139387888171
ATG12	0	1.64567418919836e-07	0.309158008216117	0.311	0.24	0.00329496886161295
LYRM2	0	1.66084237557603e-07	0.361421703192981	0.254	0.191	0.00332533860437833
NOP56	0	1.66540298668103e-07	0.323396888529587	0.325	0.253	0.00333446985993275
MED28	0	1.67639651956165e-07	0.268506806368595	0.346	0.27	0.00335648111146634
SLC39A1	0	1.79630884798566e-07	0.335808198240363	0.297	0.23	0.00359656957543689
TMEM167A	0	1.84266809130887e-07	0.285513231674285	0.411	0.335	0.00368939005241861
THOC7	0	1.84765250642073e-07	0.322314952445542	0.347	0.275	0.00369936984835559
LASP1	0	1.92104697522713e-07	0.339535257925615	0.29	0.222	0.00384632025379975
CHCHD5	0	1.92542593773281e-07	0.367812476723983	0.251	0.187	0.00385508781252863
UQCRC2	0	1.96677398705052e-07	0.270605272252593	0.391	0.313	0.00393787487687255
PRPF31	0	2.16795575263608e-07	0.373192503719702	0.284	0.218	0.00434068100792797
JDP2	0	2.492267687386e-07	0.39098689962121	0.271	0.206	0.00499001836368426
IMPAD1	0	2.74862520344458e-07	0.404513426475528	0.258	0.195	0.00550329738233674
XPC	0	2.97941931790801e-07	0.323517994587906	0.276	0.211	0.00596539335831542
WBP11	0	3.12416324966451e-07	0.304426380623538	0.313	0.243	0.00625519965847828
POLR2E	0	3.45063741023038e-07	0.308071062394114	0.353	0.282	0.00690886622276328
IFI27L2	0	3.71292507629677e-07	0.281011647967469	0.404	0.329	0.00743401858776139
CCT2	0	3.80458801934445e-07	0.285473905645173	0.37	0.296	0.00761754613233146
CDC27	0	3.8559324821307e-07	0.380636517081566	0.256	0.194	0.00772034801572208
BSDC1	0	3.9238739352823e-07	0.286340677051572	0.269	0.203	0.00785638039322222
C12orf44	0	3.95310842354369e-07	0.358039251185936	0.254	0.191	0.00791491368561917
GDI2	0	4.22170569528996e-07	0.266069345845771	0.456	0.38	0.00845269914310957
KIAA0947	0	4.26250041236237e-07	0.381627239008367	0.252	0.19	0.00853437832563194
SDHA	0	4.5729733824255e-07	0.340770874553983	0.259	0.196	0.00915600730629233
LDLRAD4	0	4.77453954772317e-07	0.283346497407018	0.251	0.188	0.00955958308245133
ZMYM4	0	4.97728970832909e-07	0.320935243460375	0.287	0.221	0.00996552945401651
CLPTM1	0	5.11928255463028e-07	0.377946694953067	0.257	0.196	0.0102498275308807
HDGFRP2	0	5.94554557720465e-07	0.396435764834788	0.252	0.192	0.0119041713546792
CTCF	0	5.97554953384136e-07	0.27799017205718	0.29	0.223	0.0119642452766572
C19orf66	0	6.2858616623782e-07	0.365614921019737	0.252	0.19	0.0125855522204136
QSOX1	0	6.60831319607922e-07	0.314975485641288	0.271	0.207	0.0132311646811898
MBNL2	0	7.40589784242459e-07	0.254495220491774	0.352	0.28	0.0148280886601025
CERS6	0	7.97376662251809e-07	0.351182398773531	0.273	0.211	0.0159650755316057
HADHA	0	8.09225209477237e-07	0.262370312593283	0.458	0.384	0.0162023071441532
COA1	0	8.16647927502633e-07	0.251120221212684	0.334	0.264	0.0163509248044577
LHFPL2	0	8.27858004815823e-07	0.330612129646252	0.291	0.227	0.0165753729724224
CSNK1G2	0	8.84053220794392e-07	0.30507923370749	0.323	0.255	0.0177005135867453
ZSCAN16-AS1	0	8.93045436561605e-07	0.375751509517544	0.266	0.206	0.0178805557308365
STRAP	0	8.9567548090341e-07	0.401694405512876	0.286	0.227	0.0179332144786481
FAM50A	0	8.95881877325618e-07	0.272460905702267	0.429	0.356	0.0179373469478135
SREK1IP1	0	9.2279854019149e-07	0.266572780675291	0.341	0.272	0.018476272371714
RPL17	0	9.69311654211816e-07	0.304477906366535	0.354	0.285	0.019407557940629
FAM204A	0	1.02282256794068e-06	0.330710709808349	0.331	0.268	0.0204789534553083
SH3PXD2A	0	1.05559122975518e-06	0.251252967399659	0.274	0.209	0.0211350476021582
DCAF7	0	1.06303035391095e-06	0.267503872416754	0.355	0.285	0.0212839937460049
CTDSP1	0	1.07465918712793e-06	0.355658755463678	0.27	0.209	0.0215168262446753
CTNNA1	0	1.09055195285873e-06	0.292365553046881	0.343	0.276	0.0218350312001374
CUX1	0	1.0953383709334e-06	0.269281615753969	0.368	0.295	0.0219308648628285
COX14	0	1.14183216288005e-06	0.253047736498086	0.428	0.355	0.0228617635651843
WDR43	0	1.14274148294994e-06	0.447830505813157	0.252	0.195	0.0228799699716238
HEXDC	0	1.19968840857952e-06	0.278138717460916	0.261	0.198	0.0240201613165791
TIMM8B	0	1.20929983833618e-06	0.300331483419928	0.345	0.275	0.024212601363167
ANKRD26	0	1.26774487337863e-06	0.33511247772909	0.255	0.195	0.0253827878547869
SHISA5	0	1.27008911936018e-06	0.294636935202977	0.319	0.252	0.0254297243478295
ARFGAP3	0	1.57623299209427e-06	0.311351987463987	0.313	0.249	0.0315593369677115
SUPT20H	0	1.60543147667106e-06	0.286367558816508	0.259	0.197	0.032143949025908
SRSF6	0	1.6469681421214e-06	0.292618632654299	0.3	0.234	0.0329755961415548
YIF1A	0	1.68036190289002e-06	0.361860756068043	0.267	0.208	0.0336442060196639
UQCC2	0	1.72039813005309e-06	0.267424020502522	0.338	0.272	0.034445811359923
PRKD3	0	1.72508175560631e-06	0.297740189827353	0.252	0.192	0.0345395869107496
MAN2C1	0	1.74219319954701e-06	0.254595318770488	0.279	0.214	0.0348821922413302
AP3D1	0	1.82022922167532e-06	0.267143278952371	0.297	0.232	0.0364446294763832
NAA10	0	2.02732658526602e-06	0.274525725955446	0.334	0.267	0.0405911328901963
RBM26	0	2.08232722782694e-06	0.261355071404272	0.329	0.261	0.0416923557555511
STX6	0	2.31856841990597e-06	0.37204119017917	0.263	0.205	0.0464223769033574
WDR33	0	2.43370093291468e-06	0.257469924058261	0.32	0.254	0.0487275600788177
METTL5	0	2.55696754377848e-06	0.3615534862523	0.267	0.209	0.0511956041615327
SLC25A39	0	2.56019411630909e-06	0.26083499506509	0.316	0.251	0.0512602065967406
TSG101	0	2.88587601165513e-06	0.335086203836905	0.275	0.216	0.0577810095053591
NDUFS7	0	3.63004639484338e-06	0.260180249817088	0.403	0.337	0.0726807889175541
PPP4R2	0	3.66430450685227e-06	0.362650771608204	0.298	0.24	0.0733667048361961
DUS1L	0	3.90721165028549e-06	0.296764353880323	0.263	0.204	0.0782301916620161
IST1	0	3.94115521540816e-06	0.311972065858992	0.286	0.226	0.0789098097229021
GALK1	0	3.97509836415757e-06	0.364846103640482	0.263	0.207	0.0795894194471628
PSMC4	0	4.05690226757837e-06	0.315310694266497	0.292	0.233	0.081227297201454
FAM96A	0	4.09654079127807e-06	0.291251115793133	0.32	0.257	0.0820209397229696
PRDM2	0	4.31719090766645e-06	0.269811257270945	0.274	0.213	0.0864387963532978
JOSD2	0	4.71190100569179e-06	0.282956010547083	0.261	0.202	0.0943416819359611
ILK	0	4.84693573649866e-06	0.297497859225439	0.334	0.273	0.0970453473161761
STIM2	0	5.17910224353818e-06	0.323235335925859	0.307	0.246	0.103695985120121
FAM173A	0	5.29375278637808e-06	0.354064839832389	0.271	0.215	0.105991518288862
GNAI3	0	5.48044230745621e-06	0.273104518107024	0.333	0.27	0.109729415879888
CLPP	0	5.78611324450688e-06	0.314832322963533	0.268	0.21	0.115849559381517
ABCE1	0	5.86480728131594e-06	0.328871382592113	0.261	0.204	0.117425171386508
FNTA	0	5.9503992450971e-06	0.319231815802672	0.277	0.219	0.119138893685334
TTC1	0	6.80189333355494e-06	0.282345267381641	0.267	0.208	0.136187508324437
MRPL12	0	7.28463450040696e-06	0.274409871428964	0.267	0.209	0.145852951967148
DNAJB14	0	7.28540989945502e-06	0.291676624143445	0.299	0.239	0.145868477006888
BNIP2	0	7.89449497015242e-06	0.279390390605154	0.315	0.255	0.158063578292392
ANO6	0	8.29894789588922e-06	0.261442317760183	0.26	0.202	0.166161534771494
GIGYF2	0	9.38419155889545e-06	0.287243368950181	0.252	0.195	0.187890283392205
CYFIP1	0	9.88907897625002e-06	0.305321111799674	0.27	0.213	0.197999139262478
AP2A1	0	9.94601132474973e-06	0.27297077867272	0.262	0.204	0.199139038744139
EIF2A	0	1.06977800454138e-05	0.274703072332501	0.294	0.234	0.214190952069276
ZBTB1	0	1.16761093873385e-05	0.272727589289494	0.257	0.202	0.233779062153291
ITFG3	0	1.21982403568034e-05	0.322948611063836	0.279	0.223	0.244233168423918
FBXW11	0	1.30437556165074e-05	0.278310028946118	0.258	0.202	0.26116207495371
C10orf118	0	1.49918623518325e-05	0.253630370620447	0.266	0.21	0.30016706800839
SMEK2	0	1.53026262979625e-05	0.256553905068551	0.263	0.207	0.306389183737806
ARCN1	0	1.56003192491321e-05	0.268195914213338	0.281	0.225	0.312349592006123
VPS4B	0	1.57250220248472e-05	0.32302134037804	0.269	0.215	0.314846390981491
NUTF2	0	1.70043643884681e-05	0.268879183707734	0.31	0.252	0.340461383785909
ATP2A2	0	1.70737875942627e-05	0.298675092334949	0.285	0.227	0.341851375212327
STX10	0	2.05753320224144e-05	0.309588085739317	0.253	0.2	0.411959297752782
SMARCC2	0	2.11439871307227e-05	0.275992369173518	0.264	0.209	0.423344910331331
AK2	0	2.13886421311104e-05	0.27797567606963	0.29	0.234	0.428243392749092
SFSWAP	0	2.66322366295757e-05	0.251006523285823	0.283	0.227	0.533230641797365
NOSIP	0	2.79385257830002e-05	0.269994888028005	0.278	0.223	0.559385163227229
FNDC3B	0	3.15210847308884e-05	0.278672572904511	0.258	0.204	0.631115158481847
KIF2A	0	3.4768597270678e-05	0.269111414203479	0.293	0.238	0.696136854553514
CEBPZ-AS1	0	3.57317288932528e-05	0.279168689861463	0.254	0.202	0.715420675900707
GUSB	0	3.91850729501006e-05	0.262366835411141	0.305	0.249	0.784563530606915
MTIF3	0	4.45160821478523e-05	0.323536839280833	0.277	0.226	0.891300996764298
HEBP1	0	7.97049035149911e-05	0.27979747815075	0.259	0.209	1
DAP	0	0.00014657504953271	0.250279598393283	0.29	0.239	1
DARS	0	0.000147834231450436	0.280033928090023	0.262	0.215	1
MIER1	0	0.000232544011863022	0.252329560904949	0.268	0.22	1
PHACTR2	0	0.000233851649688974	0.254921486465495	0.296	0.249	1
CUL1	0	0.000278602140171045	0.265095951703311	0.265	0.219	1
EMC3	0	0.000522420408530994	0.271508648254174	0.254	0.212	1
CHMP2B	0	0.000560821104955677	0.255994000390897	0.27	0.226	1
MRPS15	0	0.000901193635704691	0.258597109403425	0.253	0.212	1
OLA1	0	0.000907884133732101	0.260327214642721	0.25	0.21	1
PSMD11	0	0.00103167643633388	0.257098205330007	0.273	0.231	1
FILIP1L	0	0.00427141788259004	0.263926797434769	0.27	0.235	1
MT-ND3	1	1.12226966912954e-219	0.747021857372533	1	1	2.24700833153117e-215
MT-ATP6	1	1.34633603523683e-218	0.651506260317083	1	1	2.69563400975118e-214
MT-CYB	1	1.24369561659578e-207	0.686741331621994	1	1	2.49012736354808e-203
MT-ND4	1	1.24779608907888e-191	0.634261652519806	1	1	2.49833732955372e-187
MT-CO2	1	8.24037327570972e-186	0.605463234726269	1	1	1.6498875372626e-181
MT-CO3	1	1.97904168710743e-147	0.583291790998312	1	1	3.9624372659265e-143
IGF2	1	5.89992561586795e-121	1.0321120553029	0.999	0.83	1.18128310680908e-116
MT-ND4L	1	1.17531391697283e-115	0.599289657944449	1	0.995	2.353213524563e-111
MT-ND5	1	9.91961994212858e-104	0.621935185245333	1	0.992	1.98610630481298e-99
COL6A1	1	2.84482809304567e-92	0.760938892354313	0.997	0.79	5.69591480789605e-88
MT-ND2	1	4.95887685263507e-92	0.49024782354783	1	0.998	9.92866323434595e-88
MT-ND1	1	1.56727328899322e-90	0.445544347891115	1	0.999	3.13799457922223e-86
MEG3	1	2.30944583472749e-87	0.908310140513826	0.969	0.757	4.62397245029139e-83
ISLR	1	7.76035628334068e-87	0.827285179496221	0.975	0.735	1.55377853505047e-82
COL6A2	1	2.11280729107712e-85	0.72031141489522	0.999	0.832	4.23026275819461e-81
COL1A1	1	3.83744394287199e-84	0.743946779060197	1	0.858	7.6833302624183e-80
LAMB1	1	9.23383037453233e-78	0.805318918749505	0.969	0.753	1.84879751758886e-73
COL1A2	1	8.14601262060451e-76	0.676847496149802	1	0.85	1.63099464689744e-71
MT-CO1	1	1.9931603706705e-67	0.302294572219828	1	1	3.99070569415647e-63
BOC	1	1.58276185877379e-65	0.964354328515409	0.758	0.48	3.16900579363689e-61
COL3A1	1	4.17919928506336e-65	0.662876916384112	0.996	0.819	8.36759280855387e-61
COL6A3	1	5.26892717871072e-65	0.768756175952801	0.918	0.664	1.05494459972146e-60
C1S	1	1.16724214260775e-63	0.924366453470171	0.788	0.516	2.33705221792923e-59
COL5A2	1	5.49366509939057e-60	0.688374451663881	0.951	0.715	1.09994162619998e-55
FGFR1	1	4.37971400126948e-55	0.777676486325153	0.897	0.672	8.76906337334175e-51
LUM	1	1.09544549892546e-54	0.663049719703961	0.931	0.689	2.19330097794856e-50
OGN	1	1.25886271757919e-54	0.57129584616577	0.987	0.753	2.52049493313705e-50
LRP1	1	9.34664672863813e-53	0.694541801009035	0.901	0.732	1.87138560800793e-48
DCN	1	6.52231044965308e-52	0.550096280424141	0.99	0.767	1.30589699822954e-47
DDR2	1	2.5907964263384e-51	1.05270945239029	0.622	0.372	5.18729260481475e-47
7SK.2	1	1.86900771545375e-49	0.577263983004532	0.99	0.925	3.74212724788149e-45
SPARC	1	4.91217320158826e-49	0.551924134577826	0.995	0.82	9.83515318422001e-45
NFIX	1	3.21159574056589e-47	0.917876555265177	0.714	0.501	6.43025699176102e-43
DLK1	1	6.47934684245808e-46	0.523769732301105	0.98	0.784	1.29729482479696e-41
MMP2	1	2.61336946148295e-43	0.691203044901619	0.828	0.628	5.23248833578117e-39
FSTL1	1	6.00903000383739e-43	0.690432123883381	0.832	0.643	1.20312798736832e-38
KCTD12	1	3.39083765535061e-42	0.879047498426678	0.801	0.645	6.789135153543e-38
ZFHX4	1	8.64311201623348e-42	0.849738116134197	0.691	0.459	1.73052388789027e-37
TSHZ2	1	9.14822512507063e-42	0.634157378198024	0.865	0.657	1.83165763454164e-37
NFIB	1	1.73810067064382e-41	0.789869107108429	0.789	0.594	3.48002516276305e-37
COL5A1	1	6.52458146846531e-40	0.684789977306604	0.77	0.562	1.30635170161612e-35
SON	1	6.75298534488928e-40	0.471425898415267	0.983	0.934	1.35208272575373e-35
EMILIN1	1	1.25436447722037e-39	0.679390806091181	0.788	0.606	2.51148855629062e-35
CAPN6	1	1.18127429932842e-37	0.8074084279089	0.593	0.364	2.36514740211537e-33
ABCA10	1	1.83922194350468e-37	1.00456506147478	0.521	0.3	3.68249017528507e-33
FBN1	1	7.34277515354754e-37	0.728553290702557	0.711	0.506	1.47017044124329e-32
TTC3	1	1.08379529882642e-36	0.49572918523887	0.949	0.787	2.16997494731025e-32
LAMA2	1	1.89197268724639e-36	0.732455661912768	0.7	0.477	3.78810771440473e-32
COLEC12	1	2.08757206964307e-35	0.839865339136968	0.642	0.439	4.17973679783936e-31
COL16A1	1	2.17832616587815e-34	0.893355686099475	0.56	0.356	4.36144464932124e-30
PCOLCE	1	2.32927071589585e-34	0.43499559160775	0.979	0.76	4.66366582736667e-30
CCND2	1	2.61819517772631e-34	0.636547647610689	0.828	0.668	5.24215038484361e-30
RPL13A	1	1.13603683768514e-33	0.404794029478036	0.986	0.962	2.27457295641318e-29
CYGB	1	2.02223883960795e-33	0.725067309102729	0.653	0.447	4.04892660466304e-29
PDGFRB	1	7.23279878530805e-33	0.813458097396423	0.59	0.373	1.44815097279438e-28
FKBP10	1	1.01198721616831e-32	0.557392031113349	0.823	0.646	2.02620080421219e-28
IGFBP4	1	2.34977460988921e-32	0.553636717735991	0.848	0.678	4.70471872392018e-28
MGP	1	3.03481605523247e-32	0.526827901307675	0.98	0.813	6.07630870578644e-28
C1R	1	3.30263107215905e-32	0.829026098766562	0.544	0.342	6.61252793267685e-28
POSTN	1	4.28674155558135e-32	0.443397304145935	0.91	0.718	8.58291394258499e-28
MT-ATP8	1	1.83225113097959e-31	0.504086908592084	0.899	0.837	3.66853321444733e-27
CALD1	1	2.57949154248502e-31	0.412564182123598	0.973	0.815	5.16465796636351e-27
BMP5	1	4.00203470453289e-31	0.848900582804659	0.515	0.311	8.01287388541575e-27
CFH	1	5.63932695937989e-31	0.56842742601422	0.817	0.634	1.12910604380704e-26
MRC2	1	2.14665774886536e-30	0.691944049141965	0.662	0.468	4.29803814477821e-26
CCDC80	1	4.01833843017034e-30	0.734029251586009	0.642	0.447	8.04551720488705e-26
DDX17	1	6.12829029765332e-30	0.528290315653005	0.917	0.852	1.22700628339615e-25
FMO1	1	8.21115056460364e-29	0.775070678841392	0.467	0.277	1.64403656604494e-24
COL21A1	1	3.20524815757494e-27	0.870016892520053	0.453	0.268	6.41754786109654e-23
KCNQ1OT1	1	3.84478937679828e-27	0.725373187692999	0.659	0.486	7.69803729022551e-23
LUC7L3	1	1.99807405291265e-26	0.484823023109126	0.889	0.79	4.0005438687417e-22
CPXM1	1	7.73989427375071e-26	0.665758750109163	0.611	0.437	1.54968163149037e-21
ABCA6	1	1.38560886785064e-25	0.935567886079232	0.451	0.279	2.77426607521056e-21
COL14A1	1	1.71259428954375e-25	0.817489734629051	0.406	0.236	3.4289562865245e-21
MATN2	1	2.0861735609325e-25	1.1314714988678	0.402	0.243	4.17693670369906e-21
PRRX1	1	2.44263248071803e-25	0.606751388158413	0.651	0.46	4.89063875289365e-21
FMOD	1	3.20788392463552e-25	0.537724401408786	0.685	0.499	6.42282519390523e-21
SPRY2	1	1.05138328713397e-24	0.799429137496289	0.518	0.347	2.10507961749964e-20
PDGFRA	1	2.17326401770568e-24	0.957523861929912	0.375	0.213	4.35130921625032e-20
PTN	1	4.13584204016057e-24	0.287377992500642	0.936	0.74	8.28078293280949e-20
SPRY1	1	6.81626225055778e-24	0.598988626343906	0.714	0.545	1.36475202780668e-19
GSN	1	1.33196222213916e-23	0.445773671108906	0.873	0.783	2.66685476116702e-19
CDH11	1	2.97289878991001e-23	0.60280920107268	0.577	0.395	5.95233795715783e-19
SLIT3	1	3.70049634789899e-23	0.80610241498902	0.485	0.321	7.40913378776337e-19
RP11-14N7.2	1	7.95223729886259e-23	0.665409996564494	0.645	0.484	1.59219695197827e-18
PLAGL1	1	2.1516441672363e-22	0.885881158255792	0.472	0.318	4.30802195164052e-18
PI16	1	3.00459989281379e-22	0.735403271459237	0.373	0.215	6.01580990539177e-18
PPAP2B	1	8.38670553063822e-22	0.805763297423348	0.443	0.285	1.67918618134439e-17
EEF2	1	9.43017868834667e-22	0.382824774693194	0.914	0.864	1.88811037698077e-17
MMP14	1	1.47331338565315e-21	0.703789781388946	0.546	0.387	2.94986806075474e-17
CXCL14	1	1.91343338141984e-21	1.00694435955086	0.337	0.193	3.8310763162788e-17
ELN	1	4.41039043955088e-21	0.646007976859755	0.523	0.358	8.83048373806876e-17
BGN	1	4.71125432975977e-21	0.439381169348711	0.709	0.557	9.43287341904501e-17
TCF4	1	6.4055457025295e-21	0.509482692039897	0.793	0.685	1.28251836056046e-16
AEBP1	1	1.02475127200887e-20	0.543923320228634	0.646	0.478	2.05175699681616e-16
NOTCH2	1	1.77982856576916e-20	0.820274333419887	0.433	0.285	3.563572754383e-16
LIFR	1	1.87790570589947e-20	0.853544435040979	0.442	0.291	3.75994280435191e-16
CMYA5	1	1.97403073392047e-20	0.732314708570855	0.469	0.312	3.95240433545557e-16
CXCL12	1	3.07565414067684e-20	0.601948065799486	0.497	0.333	6.15807472046318e-16
RBFOX2	1	3.6807141964145e-20	0.750583363948964	0.505	0.351	7.36952596406112e-16
NFIA	1	4.94796632110426e-20	0.60061387469286	0.628	0.49	9.90681816811496e-16
GTF2I	1	4.97074242091011e-20	0.458763456686629	0.792	0.701	9.95242047514622e-16
PBX1	1	6.23769909776005e-20	0.767062720437859	0.42	0.269	1.24891211335352e-15
ABCA9	1	7.72771470688041e-20	0.807793796302917	0.394	0.247	1.5472430386116e-15
MXRA8	1	9.20539391086177e-20	0.39103050685405	0.758	0.582	1.84310396883274e-15
EMILIN3	1	1.39586736706822e-19	0.781473890693627	0.362	0.217	2.79480564234399e-15
RPL4	1	1.47453239672567e-19	0.262747968832036	0.993	0.955	2.95230876472414e-15
FAT1	1	2.48772914826484e-19	0.512588248552109	0.681	0.512	4.98093130065586e-15
CPE	1	3.06504614140889e-19	0.414104300326591	0.779	0.628	6.13683538432889e-15
THBS4	1	3.65040095330929e-19	0.344375643860161	0.847	0.692	7.30883278871586e-15
ANKRD50	1	5.00992465892648e-19	0.815848382203582	0.433	0.29	1.00308711521026e-14
RP11-161M6.2	1	8.58588452814784e-19	0.905509223574806	0.325	0.193	1.71906580022576e-14
LINC00657	1	1.07100681985396e-18	0.443957983385118	0.774	0.666	2.1443698547116e-14
BPTF	1	1.2365304592674e-18	0.519206171323623	0.72	0.609	2.47578128554519e-14
NFATC4	1	2.15438380442972e-18	0.793312436380554	0.349	0.211	4.31350725322918e-14
OLFML3	1	2.31962745862072e-18	0.561087537448677	0.564	0.407	4.64435809765041e-14
NEO1	1	6.87787957130537e-18	0.747270150942257	0.42	0.278	1.37708904776676e-13
MYO9A	1	8.71000217898287e-18	0.705181031709295	0.501	0.361	1.74391663627595e-13
FIBIN	1	1.89583552940837e-17	0.464704064785524	0.547	0.385	3.79584189698144e-13
SMAD3	1	2.21532970865534e-17	0.686004655290152	0.498	0.363	4.43553314266973e-13
TIMP2	1	2.94973592170615e-17	0.401108741499912	0.854	0.777	5.90596126244005e-13
NUCKS1	1	3.35502264760941e-17	0.27511172121728	0.908	0.822	6.71742634504356e-13
UACA	1	4.31285435698183e-17	0.42491427168541	0.723	0.595	8.63519699354902e-13
SOD3	1	5.45638402052645e-17	0.562612896210359	0.485	0.331	1.09247720858981e-12
NTRK3	1	1.11626030624386e-16	1.00902357469313	0.257	0.146	2.23497638516145e-12
PNISR	1	1.18326169804493e-16	0.364854249138824	0.879	0.797	2.36912657182557e-12
MSX1	1	2.18285102535347e-16	0.80222529011812	0.38	0.249	4.37050432296272e-12
PRRT2	1	3.19995356078772e-16	0.88968211556028	0.298	0.179	6.40694701940918e-12
PTGIS	1	9.65398625537177e-16	0.842226956802282	0.289	0.171	1.93292112805054e-11
FBLN1	1	1.00634672954152e-15	0.696334366958927	0.471	0.334	2.01490742188804e-11
SEMA6D	1	1.0203219066631e-15	0.858202787872291	0.345	0.221	2.04288852152086e-11
PLD3	1	1.1651579025275e-15	0.403822031238392	0.782	0.696	2.33287915244057e-11
ZC3H11A	1	1.1703269898042e-15	0.609789132152093	0.563	0.458	2.34322869898596e-11
MORF4L1	1	1.31341760912944e-15	0.269916249724203	0.96	0.903	2.62972473699896e-11
TENC1	1	1.3686323482343e-15	0.764276894041772	0.397	0.27	2.74027568763471e-11
BMP1	1	1.36963652032629e-15	0.676825056370634	0.442	0.31	2.7422862409973e-11
SPRY4	1	1.56265596814839e-15	0.719933437692243	0.365	0.237	3.12874977942671e-11
PLCE1	1	1.58122691722505e-15	0.788010697665374	0.352	0.227	3.16593253366799e-11
EMP1	1	3.14334659213416e-15	0.464885319266683	0.614	0.463	6.29360854677102e-11
ABI3BP	1	3.70213005625401e-15	0.477252544033329	0.512	0.36	7.41240479863178e-11
RRBP1	1	4.09297500543979e-15	0.405937121299493	0.801	0.708	8.19495455589155e-11
SPARCL1	1	4.85757560696536e-15	0.297984400075337	0.637	0.512	9.72583788026605e-11
AL132709.5	1	5.95532565264471e-15	0.845343872731326	0.307	0.192	1.19237530217252e-10
MXRA5	1	6.78166460637366e-15	0.678123279008894	0.404	0.276	1.35782488748813e-10
CYTH3	1	6.85394364259241e-15	0.7101415009638	0.362	0.236	1.37229659611985e-10
SCN7A	1	8.60887667142373e-15	0.743443790110908	0.333	0.213	1.72366928715246e-10
OLFM2	1	9.29523852793449e-15	0.679623230631837	0.437	0.312	1.86109265806304e-10
PTPRG	1	9.79819405214012e-15	0.731591536176127	0.345	0.223	1.96179441311949e-10
HIF3A	1	1.12164340361561e-14	0.817888725876843	0.28	0.167	2.24575442271917e-10
TGFB2	1	1.28491878954108e-14	0.733901922855767	0.359	0.235	2.57266440041916e-10
FUS	1	1.53264711970355e-14	0.320613106580054	0.873	0.814	3.06866606307044e-10
ITPRIPL2	1	1.76113976144281e-14	0.658936835744239	0.432	0.306	3.5261540303608e-10
SCARF2	1	1.78091291151457e-14	0.737675200867087	0.378	0.257	3.56574383143447e-10
C1orf21	1	1.93692428079486e-14	0.597651227945955	0.501	0.374	3.87810979500747e-10
SETBP1	1	2.04403915667153e-14	0.826782949915281	0.296	0.184	4.09257519948774e-10
EDNRA	1	2.05257840692675e-14	0.560763855925916	0.407	0.273	4.10967248634874e-10
LRRN3	1	2.28727512263359e-14	0.978179372341571	0.251	0.148	4.57958225053698e-10
COL4A1	1	4.78057169160864e-14	0.339011557566979	0.727	0.616	9.57166064093881e-10
MAML2	1	5.83607833739375e-14	0.576448406380349	0.586	0.481	1.16849960471298e-09
MEST	1	7.12162997330627e-14	0.40167165607962	0.689	0.55	1.42589275325538e-09
EGFR	1	8.36256629851068e-14	0.584467419297786	0.479	0.35	1.67435302428781e-09
MUM1	1	8.36745614463464e-14	0.596903125754641	0.482	0.359	1.67533206927875e-09
RUNX1T1	1	8.40033966216709e-14	0.717170457114926	0.354	0.236	1.6819160071591e-09
MLLT6	1	1.03071703379043e-13	0.692443549850039	0.376	0.257	2.0637016450552e-09
MEOX2	1	1.15278386849669e-13	0.452822563041698	0.54	0.397	2.30810386150407e-09
FKBP9	1	1.20525308764778e-13	0.682530998176479	0.404	0.285	2.41315773208838e-09
GPC3	1	1.66980945071509e-13	0.361524984513897	0.72	0.574	3.34329248222176e-09
RBMS3	1	2.22259246049978e-13	0.707873590419645	0.343	0.231	4.45007462441266e-09
IRF2BP2	1	2.97777782531178e-13	0.601592450036636	0.505	0.394	5.96210676183925e-09
IL11RA	1	3.40856618612553e-13	0.584977518073199	0.442	0.318	6.82463121786053e-09
SRRM2	1	4.22101299435189e-13	0.310102049037226	0.93	0.901	8.45131221729135e-09
AKAP9	1	6.36156538807994e-13	0.399325617890703	0.749	0.673	1.27371262200137e-08
NR1D1	1	9.67828469605227e-13	0.903426600775992	0.264	0.166	1.93778616184359e-08
IGFBP5	1	1.14540212994225e-12	0.323049843892486	0.645	0.531	2.29332414457037e-08
MARVELD1	1	1.16308221644e-12	0.697148689929305	0.403	0.293	2.32872321375617e-08
CHD9	1	1.21532894441379e-12	0.388530165637886	0.778	0.7	2.43333161250529e-08
LTBP3	1	1.24044038434921e-12	0.601114861820185	0.443	0.328	2.48360973754399e-08
N4BP2L2	1	1.40131190647893e-12	0.318043719307821	0.808	0.764	2.80570669915211e-08
TIMP3	1	1.51568966810147e-12	0.504110503968358	0.505	0.378	3.03471385347277e-08
CCDC102B	1	1.60948724626342e-12	0.614474442670683	0.349	0.23	3.22251536446861e-08
ECM2	1	1.7394546257553e-12	0.794340711025793	0.26	0.16	3.48273605168726e-08
SEC31A	1	1.91050078226699e-12	0.506342040388038	0.549	0.439	3.82520466625497e-08
DHRS3	1	2.02399137835294e-12	0.760825868339144	0.384	0.278	4.05243553773826e-08
ABCA8	1	2.4715296307321e-12	0.669529057793964	0.365	0.25	4.94849662665181e-08
PALLD	1	2.49870131525869e-12	0.515312279677056	0.553	0.435	5.00289977341096e-08
OBSL1	1	3.1869352096362e-12	0.718757910241802	0.338	0.232	6.3808816767336e-08
SAMD4B	1	3.2537537320028e-12	0.635479959015445	0.369	0.257	6.51466572221601e-08
APBB2	1	3.40906281878975e-12	0.800770935993214	0.308	0.205	6.82562557578083e-08
SPTBN1	1	3.56263380571176e-12	0.289901514369067	0.589	0.458	7.13310540579609e-08
NID1	1	4.22900101949888e-12	0.570982546000026	0.46	0.346	8.46730584124066e-08
THRA	1	9.41134530886307e-12	0.521835977714887	0.45	0.33	1.88433955774056e-07
FOXO3	1	9.82801570676288e-12	0.592934338299711	0.438	0.326	1.96776530480806e-07
NAV1	1	1.06973543806711e-11	0.746963214957398	0.28	0.18	2.14182429409796e-07
TFPI	1	1.38492014690617e-11	0.354277104676625	0.451	0.327	2.77288711813554e-07
PTRF	1	1.46293827519192e-11	0.3531879674265	0.661	0.552	2.92909501458927e-07
PTK7	1	1.57085197992503e-11	0.742474034498911	0.29	0.19	3.1451598342059e-07
SESN3	1	2.11269250285369e-11	0.744548858495695	0.398	0.296	4.23003292921365e-07
LRRC17	1	2.23473487126198e-11	0.667103984617348	0.334	0.227	4.47438615924074e-07
SEPT6	1	2.75369910134113e-11	0.42797665016016	0.648	0.558	5.51345634070522e-07
TCF7L1	1	2.91306093348557e-11	0.811248041325261	0.252	0.16	5.83253060102482e-07
DLC1	1	4.429797886097e-11	0.459558386633942	0.506	0.389	8.8693413275434e-07
FAM20C	1	4.5035089015794e-11	0.548706959214108	0.46	0.351	9.01692552274228e-07
EBF1	1	4.87286017255701e-11	0.692286638064479	0.311	0.209	9.75644063749364e-07
FAM115A	1	5.19938460630273e-11	0.609464115220677	0.362	0.255	1.04102078587393e-06
RPL23	1	6.29293501740098e-11	0.267867774781959	0.932	0.932	1.25997144918402e-06
CA11	1	6.4171844772883e-11	0.675984079931263	0.306	0.206	1.28484867604266e-06
ZKSCAN1	1	6.44122402792964e-11	0.562038386053126	0.472	0.365	1.28966187487207e-06
CYTL1	1	6.98856499923547e-11	0.443719639071302	0.506	0.394	1.39925048414693e-06
COL12A1	1	7.29733966057445e-11	0.414192583217972	0.57	0.439	1.46107334684022e-06
EPHB3	1	7.36593453759142e-11	0.782156144436229	0.254	0.163	1.47480741311655e-06
LTBP4	1	7.56126957780057e-11	0.459842480807594	0.476	0.355	1.51391739486723e-06
ORMDL3	1	8.79692448892036e-11	0.764650342310297	0.263	0.171	1.76132022117163e-06
ZBTB16	1	8.84038753247676e-11	0.699860099551384	0.309	0.21	1.7700223917525e-06
TSPAN3	1	9.2708102224122e-11	0.329970915158573	0.717	0.624	1.85620162273137e-06
CLCN5	1	1.01909297547777e-10	0.748004252905299	0.283	0.19	2.0404279555016e-06
LPP	1	1.04920235490847e-10	0.574607059556181	0.412	0.307	2.10071295499774e-06
VCAN	1	1.05487391793008e-10	0.530732113132338	0.538	0.434	2.1120685584796e-06
ALDH1A3	1	1.15019831524889e-10	0.343161989256578	0.515	0.387	2.30292706679133e-06
KAZALD1	1	1.16956532243872e-10	0.528821317594514	0.384	0.274	2.34170368858681e-06
ATN1	1	1.17553978688214e-10	0.646322364043595	0.355	0.254	2.35366576129542e-06
CNTFR	1	1.23145123427626e-10	0.750551117927966	0.261	0.169	2.46561166126794e-06
PXDN	1	1.45131604279875e-10	0.489368240391356	0.44	0.333	2.90582498089166e-06
TBC1D2B	1	1.61058494942052e-10	0.530824986466211	0.476	0.364	3.22471318572977e-06
RNF212	1	1.62742754385636e-10	0.503067715628688	0.471	0.363	3.2584354283092e-06
TRIO	1	1.6613696924598e-10	0.70095496890885	0.375	0.28	3.32639439824302e-06
PEAK1	1	1.81416519261021e-10	0.586060913624463	0.434	0.333	3.63232154864416e-06
H6PD	1	2.50969450907293e-10	0.735971973637386	0.265	0.174	5.02491034606582e-06
AHNAK	1	2.54239276753401e-10	0.395618783379459	0.651	0.584	5.09037879915659e-06
LSAMP	1	2.70738477813958e-10	0.743081726282308	0.268	0.177	5.42072580279106e-06
THSD4	1	3.17697607764431e-10	0.669855374703997	0.302	0.204	6.36094150265945e-06
HTRA1	1	3.20440737903802e-10	0.313869939304761	0.642	0.529	6.41586445430992e-06
DNM3OS	1	3.2191691368591e-10	0.723556829023677	0.252	0.163	6.44542044581929e-06
KDM5B	1	3.85463618295417e-10	0.425980355627446	0.532	0.424	7.71775256551084e-06
DPYSL3	1	3.90835434826696e-10	0.583790381721517	0.337	0.235	7.82530707610011e-06
CDC42EP5	1	4.0165464134004e-10	0.341758492024147	0.675	0.571	8.04192922891029e-06
SERPING1	1	4.40569499693486e-10	0.435939729555331	0.602	0.514	8.82108252286299e-06
MSL1	1	5.04455871578564e-10	0.606585103917361	0.414	0.318	1.0100215460746e-05
ETV1	1	5.24781457487855e-10	0.583592110650844	0.359	0.258	1.05071743418218e-05
TTYH2	1	5.86337614657429e-10	0.627461105485295	0.295	0.201	1.1739651720671e-05
CD276	1	6.21937912974648e-10	0.484986110138433	0.475	0.374	1.24524408935784e-05
PER3	1	7.10905258127592e-10	0.620712979198879	0.412	0.314	1.42337450782307e-05
FAM129A	1	8.1391714243729e-10	0.496304751192275	0.538	0.447	1.62962490258794e-05
EIF3B	1	8.59013902535968e-10	0.559556901779872	0.447	0.357	1.71991763565752e-05
MAGED2	1	9.71306631210875e-10	0.309903833361769	0.741	0.648	1.94475013701042e-05
ERBB2	1	1.03868267045274e-09	0.639596399704989	0.293	0.201	2.07965044278048e-05
LRP6	1	1.08438316275144e-09	0.654081914353498	0.302	0.21	2.17115196846093e-05
NDRG2	1	1.63463647122477e-09	0.597517452663742	0.312	0.221	3.27286914268623e-05
ITM2C	1	1.68235502599296e-09	0.253839025071143	0.798	0.685	3.3684112330431e-05
TCF12	1	1.77714935882555e-09	0.54719763650887	0.468	0.375	3.55820844624052e-05
IL6ST	1	2.01302048044579e-09	0.433962851845883	0.498	0.396	4.03046960594857e-05
PCGF2	1	2.41038374364449e-09	0.678311579186862	0.342	0.251	4.826070331525e-05
OGT	1	2.49015870509744e-09	0.577394048391028	0.352	0.256	4.98579575934609e-05
SMAD5	1	2.72488037805388e-09	0.459129842136245	0.501	0.4	5.45575549293947e-05
SLC25A36	1	3.19036236161123e-09	0.444797367405625	0.488	0.391	6.38774352041801e-05
MPDZ	1	3.36763397431729e-09	0.586632535260028	0.326	0.233	6.74267674337807e-05
CMKLR1	1	3.74057315322999e-09	0.903065992844297	0.261	0.18	7.48937556739709e-05
RIC3	1	3.82470122068826e-09	0.636898871957875	0.302	0.212	7.65781678406204e-05
TRIB2	1	3.86427031674944e-09	0.580253622697323	0.349	0.254	7.73704202819573e-05
NCAM1	1	4.2135610761628e-09	0.770897078808039	0.277	0.193	8.43639198669316e-05
PDS5B	1	4.92417943887495e-09	0.527279638528008	0.41	0.32	9.85919207251542e-05
SEC62	1	5.6619951464758e-09	0.288629201767238	0.793	0.781	0.000113364466822738
ABCA5	1	6.01515308551664e-09	0.710058976737383	0.265	0.181	0.000120435395078214
MFAP4	1	6.10311020605571e-09	0.294457376984587	0.579	0.459	0.000122196472545647
PLEKHA4	1	6.66373450629133e-09	0.629542735041067	0.351	0.261	0.000133421292284965
SERPINF1	1	7.41173112444388e-09	0.295500247225412	0.623	0.524	0.000148397680573615
GDI1	1	7.49289979180799e-09	0.53463354566398	0.371	0.277	0.000150022839631579
SMARCD3	1	8.15411131679088e-09	0.601373969118967	0.296	0.21	0.000163261616784787
ZRANB2	1	8.24124675130332e-09	0.419469580694665	0.628	0.565	0.000165006242454595
GLG1	1	9.06921464670302e-09	0.557134239513016	0.429	0.348	0.000181583815656288
MAGED1	1	9.56231188304778e-09	0.506231825306003	0.458	0.364	0.000191456608522383
ZNF280D	1	9.90043456675985e-09	0.45660985015773	0.482	0.387	0.000198226500895666
MFGE8	1	1.06033910559828e-08	0.407935035908957	0.471	0.368	0.000212301095722888
SEC61A1	1	1.11357340642632e-08	0.514820682692623	0.42	0.325	0.000222959667434677
ZBTB20	1	1.22200340779325e-08	0.590799093058767	0.299	0.212	0.000244669522308365
PLEKHH3	1	1.34833987960316e-08	0.728519743009862	0.272	0.19	0.000269964610694144
SNRNP70	1	1.42912005298783e-08	0.431145598103901	0.646	0.576	0.000286138417009224
GATAD1	1	1.43161282720399e-08	0.453688448037734	0.436	0.335	0.000286637520262782
NFE2L1	1	1.77926512690924e-08	0.499850605388932	0.399	0.306	0.000356244463709768
SUN1	1	1.81296279522e-08	0.493604057639931	0.398	0.303	0.000362991410858949
ASPN	1	1.85001183409916e-08	0.356098072706961	0.414	0.312	0.000370409369423334
EPHX1	1	2.07679800753769e-08	0.489399016953238	0.428	0.335	0.000415816497069196
PIK3R1	1	2.19183627368437e-08	0.405890851683446	0.622	0.568	0.000438849458717086
PCBP2	1	2.21077088558489e-08	0.281793167939739	0.796	0.737	0.000442640546711807
GOLGA3	1	2.27331975222946e-08	0.575943507118995	0.339	0.25	0.000455164080791382
ABL1	1	2.3819291153858e-08	0.585856710674413	0.311	0.224	0.000476909847482545
CRLF1	1	2.42669384801392e-08	0.511062534433122	0.308	0.22	0.000485872642249347
HIST1H2AC	1	2.43567791865672e-08	0.349374686434772	0.568	0.476	0.000487671432873448
F3	1	2.78955775810759e-08	0.677234002858246	0.255	0.176	0.000558525254328302
PRRC2C	1	2.83037889333712e-08	0.296698717420436	0.826	0.797	0.000566698462023959
LTBP1	1	2.97292422017932e-08	0.52077912303674	0.296	0.21	0.000595238887364304
TEAD1	1	3.07781714836911e-08	0.642737595746211	0.298	0.215	0.000616240549446464
EBF2	1	3.12937253181883e-08	0.657769921603123	0.261	0.181	0.000626562968320767
COPA	1	3.28984215926317e-08	0.438823313693777	0.476	0.387	0.000658692197127672
PPP3CA	1	3.89906912166749e-08	0.611964905393553	0.363	0.279	0.000780671619540265
SPAG9	1	4.0697766599315e-08	0.419627059123007	0.597	0.531	0.000814850682851486
CDK5RAP3	1	5.08374505690156e-08	0.53164145227232	0.462	0.385	0.00101786743529283
CTGF	1	5.22819511348045e-08	0.326010876016104	0.404	0.311	0.00104678922562106
SRSF1	1	5.49243806107166e-08	0.414457776781147	0.476	0.383	0.00109969594858777
LOXL1	1	5.66615239670084e-08	0.424182777381996	0.316	0.225	0.00113447703286744
IREB2	1	5.67761492862868e-08	0.509954101213928	0.403	0.317	0.00113677206101003
IGF1	1	6.41107627952346e-08	0.560480379866524	0.311	0.226	0.00128362569268619
SFRP2	1	6.57931289750418e-08	0.332706479330519	0.376	0.279	0.00131731002833829
SGCE	1	7.16352974376526e-08	0.406419198649926	0.434	0.34	0.00143428192529668
LAMC1	1	7.29796621549336e-08	0.311200104968635	0.466	0.362	0.00146119879566608
PPP2R1A	1	7.66252740227314e-08	0.513002712741522	0.434	0.354	0.00153419123648313
TMEM185A	1	7.73257268336954e-08	0.579405228059002	0.303	0.22	0.00154821570266425
CCDC8	1	8.40477072700353e-08	0.626389601658728	0.299	0.218	0.00168280319496065
CLSTN1	1	1.21020819450189e-07	0.518007325594265	0.372	0.29	0.00242307884703169
HIC1	1	1.25527496878788e-07	0.508373361156094	0.341	0.258	0.0025133115425071
SIX1	1	1.27179241217424e-07	0.430368701777518	0.362	0.27	0.00254638276765526
RXRA	1	1.29222358960948e-07	0.771831566452063	0.25	0.177	0.0025872900711161
TENM3	1	1.47952995857605e-07	0.463960263787571	0.354	0.268	0.00296231488306097
OLFML2B	1	1.5351168971067e-07	0.369499034186036	0.573	0.489	0.00307361105138704
FZD1	1	2.16794865913739e-07	0.513475699525879	0.3	0.221	0.00434066680532489
CTSK	1	2.4210638482188e-07	0.517411657974638	0.317	0.235	0.00484745403690368
FXYD1	1	2.6400458518107e-07	0.319427782523405	0.518	0.419	0.00528589980449538
LAMA4	1	2.64227181169683e-07	0.319519199299639	0.446	0.351	0.0052903566213794
PNN	1	2.8744032151047e-07	0.306823287162703	0.655	0.607	0.00575513011728263
BICC1	1	3.21936114992534e-07	0.436794243267621	0.355	0.271	0.00644580489438052
CAMSAP2	1	3.4363487524272e-07	0.539636650033108	0.332	0.252	0.00688025747210973
ZEB1	1	3.5162701987158e-07	0.497415599865332	0.424	0.341	0.00704027619186877
CCNL2	1	3.88055276119078e-07	0.41786521433223	0.437	0.355	0.00776964273845618
AKT2	1	4.35861046599031e-07	0.568004324731934	0.293	0.216	0.00872680987500581
TCF7L2	1	4.8158368713257e-07	0.588489772797087	0.304	0.227	0.00964226858376831
S100A13	1	4.81861867910437e-07	0.312683292103028	0.579	0.496	0.00964783831930276
PTOV1	1	4.86804579488014e-07	0.55187543489022	0.328	0.251	0.00974680129050901
NR2F2	1	5.24360062855101e-07	0.25257850193831	0.437	0.338	0.0104987371784848
ATP2B4	1	5.90031353383584e-07	0.553908066888345	0.295	0.22	0.0118136077574461
NFIC	1	6.00603249440395e-07	0.431418440585996	0.445	0.364	0.0120252782602956
CYBRD1	1	6.23979978099206e-07	0.512045721791806	0.308	0.231	0.0124933271215023
POGZ	1	6.31598192679536e-07	0.542246610863618	0.332	0.255	0.0126458590138297
NCKAP1	1	6.8380435424106e-07	0.525303026073921	0.295	0.217	0.0136911307806145
SSBP3	1	6.90711902632108e-07	0.584084337859705	0.287	0.212	0.0138294337145001
OAF	1	6.90982186813172e-07	0.484888949688237	0.329	0.248	0.0138348453443733
MXRA7	1	7.11176442545566e-07	0.312159128373884	0.502	0.411	0.0142391747326473
NPEPPS	1	7.47520791548785e-07	0.60165188257041	0.303	0.229	0.0149668612883898
LAMB2	1	7.93393769994396e-07	0.544586491400953	0.347	0.271	0.0158853300628278
AKAP13	1	8.60792619760594e-07	0.255714989347576	0.772	0.741	0.0172347898328466
PCDH18	1	8.90150690473896e-07	0.586086067999478	0.283	0.209	0.0178225971246683
SH3PXD2A	1	1.10109966930118e-06	0.494168443903769	0.289	0.214	0.0220462175787482
MGEA5	1	1.17248119946969e-06	0.415071396269101	0.41	0.335	0.0234754185757821
HDLBP	1	1.20920603957173e-06	0.302156803363457	0.631	0.565	0.0242107233243052
RASSF8-AS1	1	1.21190732340388e-06	0.527945620792055	0.276	0.203	0.0242648084291926
TMEM9	1	1.23648564388833e-06	0.499890364524986	0.372	0.296	0.0247569155619322
SMARCA1	1	1.32285733386836e-06	0.420551396830808	0.408	0.325	0.0264862495387124
EIF4G1	1	1.34957980897895e-06	0.428236786092765	0.414	0.33	0.0270212869353765
ANGPTL1	1	1.3554211519634e-06	0.46681728479261	0.296	0.219	0.0271382423046113
TTTY15	1	1.39505289923434e-06	0.477680010255181	0.362	0.281	0.0279317491484701
SMO	1	1.45511443185261e-06	0.428436411413286	0.326	0.245	0.0291343011545529
MIR503HG	1	1.53427746071186e-06	0.612356336155679	0.257	0.187	0.0307193033183729
DMTF1	1	1.60553596476434e-06	0.607232879029427	0.289	0.218	0.0321460410865116
CHD4	1	1.62588708675706e-06	0.388531007982037	0.484	0.409	0.0325535112510499
LOXL2	1	1.65552543426449e-06	0.28701329380298	0.455	0.368	0.0331469302448435
DDX42	1	2.05762636148793e-06	0.398672608611819	0.451	0.372	0.0411977950097113
CNKSR3	1	2.28312266304407e-06	0.661338894176946	0.257	0.192	0.0457126819594683
EPB41L2	1	2.30836210054223e-06	0.314534205315847	0.622	0.557	0.0462180259770565
DCAF7	1	2.72344012258902e-06	0.480009308820934	0.365	0.292	0.0545287181344774
EFNB1	1	2.83936972589338e-06	0.603100588591721	0.257	0.19	0.0568498606518372
NCOR2	1	3.08967210355877e-06	0.496483488670619	0.338	0.264	0.0618614148574537
NR1D2	1	3.55768982502339e-06	0.43771085850134	0.385	0.312	0.0712320656766183
GOLGB1	1	3.61256344063964e-06	0.39546352808449	0.575	0.516	0.072330745208487
SNAI2	1	3.82528800771783e-06	0.513584787801436	0.261	0.192	0.0765899164905264
PKDCC	1	4.24119077221588e-06	0.526470538511911	0.3	0.23	0.0849171216413064
SYNE1	1	5.18522702190644e-06	0.404144240757822	0.36	0.287	0.103818615432611
GPATCH8	1	5.20486543443371e-06	0.445023199102484	0.355	0.284	0.104211815728232
MKLN1	1	5.37977809552797e-06	0.664924600394461	0.317	0.255	0.107713917028661
TPTEP1	1	5.68793270010839e-06	0.495077077808314	0.312	0.243	0.11388378852157
EXOC7	1	5.80510976270025e-06	0.526265755681065	0.321	0.251	0.116229907668784
MAN2C1	1	5.858232842822e-06	0.455032033152089	0.29	0.22	0.117293537978982
TGFBI	1	5.99954057540903e-06	0.311204832999215	0.597	0.542	0.12012280140084
FAM13A	1	6.02001149297424e-06	0.404682058113869	0.429	0.357	0.12053267011233
PLOD1	1	6.10090739036976e-06	0.535926591392121	0.251	0.185	0.122152367769983
ANXA6	1	6.36054802365051e-06	0.408275322837877	0.389	0.315	0.127350892529531
NRK	1	6.39508826454589e-06	0.6146383628001	0.321	0.254	0.128042457232738
ARHGEF40	1	7.34220795270341e-06	0.482812610500484	0.291	0.222	0.147005687629028
ZCCHC11	1	8.14117151635105e-06	0.307081689314168	0.581	0.509	0.163002536100381
IGF2R	1	8.1591348970384e-06	0.570723625068953	0.308	0.241	0.163362198908503
AUTS2	1	8.29258611864448e-06	0.503623907807505	0.293	0.225	0.1660341592675
SEPT11	1	9.31555192849815e-06	0.272150712013973	0.605	0.537	0.18651598071239
UBFD1	1	9.38144438204682e-06	0.5312144640428	0.256	0.193	0.187835279417341
AFF3	1	9.48447426774897e-06	0.434348607677032	0.342	0.271	0.18989814378887
KLF9	1	1.04828374044979e-05	0.541113913614152	0.268	0.203	0.209887370512858
MSI2	1	1.06676591104648e-05	0.523750689568031	0.283	0.217	0.213587870709726
TNRC6B	1	1.09151063449354e-05	0.416754890414444	0.469	0.403	0.218542259238297
SKI	1	1.09740242927596e-05	0.606141184826709	0.283	0.221	0.219721914389632
GAS2	1	1.14732753915099e-05	0.261902028060778	0.414	0.33	0.229717919888812
PDLIM7	1	1.18664758777897e-05	0.428498517114847	0.342	0.274	0.237590580025105
CLTC	1	1.23386265112722e-05	0.293289603606835	0.57	0.506	0.247043980008691
GJA1	1	1.45176472216163e-05	0.467337665963636	0.3	0.233	0.290672332671201
RNF24	1	1.46194176576338e-05	0.456397094658024	0.302	0.236	0.292709980341145
MFAP2	1	1.46716293747529e-05	0.351232996936484	0.356	0.281	0.293755363341303
FNDC1	1	1.54518697377695e-05	0.575793974506623	0.276	0.212	0.309377335889622
FZD2	1	1.66814188212338e-05	0.489230847308426	0.251	0.19	0.333995367638743
ANTXR1	1	1.67313800909993e-05	0.50404188974356	0.259	0.197	0.334995692181987
NDN	1	1.68281766023677e-05	0.306683619701353	0.466	0.387	0.336933751932606
NES	1	1.69133166381942e-05	0.308400108440239	0.412	0.338	0.338638425729925
PLEKHH2	1	1.70426196705188e-05	0.473713839209714	0.33	0.263	0.341227331043127
PARVA	1	1.71856660112903e-05	0.471513566592078	0.252	0.188	0.344091404878055
PKD1	1	1.76728696340257e-05	0.49191083621317	0.285	0.219	0.353846195812463
PLEKHA5	1	1.89471566157761e-05	0.438437657025975	0.332	0.265	0.37935996976107
RORA	1	1.89650375868e-05	0.360861780312994	0.367	0.297	0.379717982562909
TLN2	1	2.01506805686051e-05	0.441283584753346	0.283	0.215	0.403456926344611
CDK6	1	2.04956754543716e-05	0.448992690591659	0.389	0.32	0.410364413947429
ARHGAP10	1	2.38175658754888e-05	0.363459395387355	0.325	0.255	0.476875303959037
ATP1B1	1	2.48651417428256e-05	0.502471088126819	0.395	0.338	0.497849867974855
GLT8D2	1	2.51183826599156e-05	0.325462723654892	0.393	0.319	0.502920257616831
ZNF302	1	2.52416061936291e-05	0.456273790551141	0.36	0.294	0.505387439208842
SEPT2	1	2.54721889704489e-05	0.291371403468675	0.691	0.668	0.510004167566328
PAM	1	2.86285267220186e-05	0.437808837722464	0.268	0.203	0.573200362028256
AKAP17A	1	3.17501110356368e-05	0.369318821442107	0.391	0.319	0.63570072315552
LARP1	1	3.5829313446294e-05	0.477363197513256	0.356	0.297	0.717374513821697
CDC42BPA	1	3.64602529623299e-05	0.404682058113869	0.311	0.245	0.730007184811769
HGF	1	3.82585927880009e-05	0.584503095698681	0.265	0.205	0.766013544801354
SLC44A1	1	4.06837934599555e-05	0.509985424654827	0.296	0.235	0.814570912655228
BTBD3	1	4.12854639292127e-05	0.525031460759175	0.274	0.214	0.826617558790696
U2SURP	1	4.2313665031463e-05	0.336728451606825	0.534	0.485	0.847204201259952
CRISPLD1	1	4.5018270596969e-05	0.463434645397958	0.293	0.23	0.901355813892513
TM9SF3	1	4.66446213067956e-05	0.26880678400717	0.651	0.61	0.933918607804661
KRIT1	1	4.73299874387686e-05	0.462556887040468	0.377	0.32	0.947641008499025
FAM208A	1	5.02772412428165e-05	0.40765362464516	0.3	0.236	1
TNRC6A	1	5.1156072928147e-05	0.462625056568418	0.359	0.299	1
SPG20	1	5.35092761705859e-05	0.427968910649785	0.369	0.311	1
GTF3C1	1	5.36048114058883e-05	0.485494103701966	0.251	0.193	1
EPS8	1	5.53127349896157e-05	0.343652624716309	0.415	0.348	1
FKBP14	1	6.21798300392698e-05	0.457296684277291	0.313	0.25	1
FAM178A	1	6.3024073134977e-05	0.464860053793017	0.315	0.25	1
CSAD	1	7.62494230768354e-05	0.4261868979281	0.336	0.274	1
VASN	1	7.67409985812987e-05	0.412391401428521	0.29	0.228	1
LENG8	1	7.81763041329096e-05	0.418160442552755	0.369	0.311	1
TNS3	1	7.99997492071784e-05	0.42075682097194	0.294	0.233	1
PER1	1	8.04923963739941e-05	0.42547581841342	0.343	0.281	1
STAT2	1	8.78224293264335e-05	0.542526201636579	0.283	0.227	1
CASD1	1	8.88793632351462e-05	0.399421541653173	0.328	0.264	1
ATP6V0A1	1	8.96875865865048e-05	0.420401979259931	0.362	0.301	1
THSD7A	1	9.27622535080964e-05	0.522837381075246	0.263	0.206	1
SEPT9	1	9.72612389182072e-05	0.333433262274835	0.43	0.37	1
PUM1	1	9.75031183497346e-05	0.49261012901914	0.347	0.292	1
POR	1	0.000105729550747871	0.433207756295158	0.311	0.252	1
PRKAR1A	1	0.000105901620685937	0.314250096571078	0.572	0.519	1
STIM2	1	0.000107640562847284	0.424364423975569	0.312	0.252	1
SLC38A10	1	0.000108340352286934	0.374130492032795	0.334	0.272	1
NREP	1	0.000114742907516348	0.328351002979718	0.385	0.323	1
GLCE	1	0.000128200001793512	0.302665520539208	0.36	0.295	1
LEPREL4	1	0.000132236744324583	0.327044646719603	0.363	0.295	1
TRPM7	1	0.000134331632052459	0.405838527146447	0.352	0.296	1
GOLGA2	1	0.000137378888353162	0.389543461275948	0.341	0.279	1
MEIS3	1	0.000155707521978649	0.424739710455122	0.302	0.241	1
PABPN1	1	0.000163717425264268	0.36235733132359	0.455	0.403	1
SETD5	1	0.000166550731236847	0.41415334746778	0.36	0.302	1
TMED4	1	0.000172671703619119	0.360059066693241	0.446	0.388	1
WLS	1	0.000173942912757436	0.37254943717306	0.341	0.283	1
TLE3	1	0.000194877390267288	0.556071108118753	0.274	0.223	1
REV3L	1	0.00019733907875125	0.367799627802116	0.312	0.251	1
USP8	1	0.000201215368117677	0.287023345760805	0.475	0.415	1
DKK3	1	0.000221329499816783	0.332777503540145	0.256	0.198	1
MDM4	1	0.000224426675361352	0.374508071203211	0.404	0.352	1
HEXDC	1	0.000243313873643005	0.472280136264679	0.259	0.205	1
TNC	1	0.000251020240195953	0.296074097728036	0.411	0.348	1
THY1	1	0.000255520294975362	0.386018213848833	0.378	0.317	1
RPS20	1	0.000260104378538016	0.25816025826777	0.651	0.634	1
GOLIM4	1	0.000268414099877763	0.395417197028167	0.425	0.377	1
AKAP12	1	0.00029980267130525	0.275957251677275	0.464	0.404	1
FEM1B	1	0.00030620390933659	0.44940650261192	0.26	0.207	1
CCND1	1	0.000312926049544638	0.376221293659224	0.326	0.268	1
CEP290	1	0.000321293124606319	0.507492863697644	0.267	0.215	1
TBL1XR1	1	0.000323165484254197	0.383223111180921	0.373	0.319	1
CKAP4	1	0.000344976721769512	0.407440558076432	0.3	0.245	1
H1F0	1	0.000347462766752563	0.28647401451251	0.419	0.361	1
MBTPS1	1	0.000349220978716409	0.342654448442155	0.442	0.393	1
LDLRAD4	1	0.000358443328296617	0.35930215460986	0.25	0.195	1
SMARCA2	1	0.000364342218975945	0.455582956413907	0.306	0.252	1
DCHS1	1	0.000382948490062183	0.429882612239012	0.28	0.226	1
TMEM59L	1	0.000385726306997702	0.411217494163815	0.264	0.211	1
CLPX	1	0.000395046554783204	0.362157441467312	0.347	0.292	1
GPX8	1	0.000406204654269961	0.256312959136558	0.398	0.336	1
PHF14	1	0.00040792561940902	0.273522406725494	0.524	0.475	1
PIAS1	1	0.000409155936123867	0.441648384467817	0.302	0.249	1
ASH1L	1	0.000419697930366121	0.333828902149973	0.419	0.364	1
SDF4	1	0.000435356082174333	0.319544269809773	0.376	0.319	1
NBR1	1	0.000446549926401093	0.43530261010004	0.322	0.272	1
KMT2E	1	0.000452789058389334	0.260174553602215	0.653	0.64	1
TIA1	1	0.000457386431475886	0.457828651481286	0.295	0.244	1
CNTN5	1	0.00051643244419841	0.421861292312487	0.272	0.218	1
ZNF638	1	0.000589537686830066	0.275741229981224	0.527	0.48	1
NPRL3	1	0.000613219527014998	0.391895903158026	0.309	0.258	1
IPO5	1	0.000619750345009436	0.396946409334264	0.269	0.217	1
TSPAN5	1	0.00062474918309027	0.368156182088755	0.307	0.253	1
LIMA1	1	0.000628532617029291	0.261641868968649	0.454	0.393	1
EPM2AIP1	1	0.000639654322721528	0.393826513736502	0.294	0.241	1
LINC00969	1	0.0007002896044692	0.397551221107197	0.311	0.26	1
NAGLU	1	0.00072837159457568	0.361020829317729	0.316	0.264	1
SURF4	1	0.000771276940489651	0.363692243482261	0.391	0.341	1
BBX	1	0.000782193528670459	0.409194971064322	0.411	0.368	1
EHD2	1	0.00078303566061707	0.378762180236028	0.265	0.213	1
CDK12	1	0.000815319287245219	0.425836323356972	0.363	0.315	1
ADD1	1	0.000855414443182983	0.289883064497487	0.407	0.353	1
SNRNP200	1	0.000872497132332191	0.320098848639716	0.394	0.34	1
ADAMTS9	1	0.000881911082983347	0.408443976910068	0.312	0.262	1
PDK2	1	0.000895800626460686	0.358644487485254	0.264	0.213	1
HERC1	1	0.000913414940114294	0.372973198386531	0.347	0.293	1
AHI1	1	0.000934388816422893	0.335426835336206	0.384	0.335	1
KPNB1	1	0.000945995119723307	0.28787752703177	0.45	0.398	1
SND1	1	0.000961121924911033	0.316602899997956	0.367	0.312	1
ATP2A2	1	0.000988720146632391	0.467961846290946	0.28	0.234	1
KCNE4	1	0.00104084803510496	0.442770894101957	0.25	0.203	1
PDK4	1	0.00105247061537425	0.455308131183837	0.282	0.234	1
NGFR	1	0.00105801333896904	0.403977100835787	0.26	0.211	1
GNAI1	1	0.00113589365733648	0.27200591233176	0.414	0.359	1
MDFI	1	0.00114797005372841	0.281418495435682	0.35	0.294	1
RBM28	1	0.00121583380606758	0.413118895262508	0.302	0.255	1
CSNK1E	1	0.00126216264566809	0.384050725341738	0.38	0.333	1
NPHP3	1	0.00130260224393692	0.300187890242763	0.363	0.312	1
FRMD4A	1	0.0013149543691853	0.36409452418515	0.294	0.244	1
ILF3	1	0.00132328434107848	0.348222551009006	0.412	0.365	1
RARA	1	0.0013964214251951	0.430560689939474	0.276	0.23	1
KANK2	1	0.00140014350971747	0.379029792805377	0.254	0.206	1
SLC39A7	1	0.00145972781203541	0.368913350366176	0.347	0.299	1
MECP2	1	0.00147757984900467	0.425591047876849	0.337	0.293	1
SMC5	1	0.0015923240105198	0.362984292536693	0.364	0.319	1
SUPT5H	1	0.00167816227603458	0.384721316382981	0.291	0.245	1
XPO1	1	0.00170017938223345	0.345275957390595	0.429	0.384	1
LUC7L	1	0.00173142975718198	0.310633704752772	0.398	0.351	1
SPIN1	1	0.00179470424794343	0.401275456670619	0.268	0.223	1
APPBP2	1	0.00184090190445583	0.322014400444034	0.264	0.215	1
NPTN	1	0.00187875391274625	0.386350235341611	0.334	0.29	1
PCMTD2	1	0.00188143913133334	0.417157571660929	0.251	0.206	1
GOLGA4	1	0.00188910644252296	0.302145294707931	0.479	0.442	1
BRWD1	1	0.00194510945913862	0.381665405388897	0.293	0.248	1
TNPO1	1	0.00209775006893943	0.299747218325598	0.39	0.34	1
WDR60	1	0.00218071562405238	0.260605880440448	0.336	0.286	1
OGFR	1	0.0022233852053993	0.415306898650996	0.29	0.245	1
MAP4	1	0.00228480721252796	0.359042700729188	0.38	0.338	1
LIMCH1	1	0.00229428889348755	0.375504687088153	0.254	0.208	1
C6orf89	1	0.00230106824969433	0.458081752703379	0.286	0.244	1
ANKRD36	1	0.00233861042020646	0.303649671663479	0.345	0.296	1
IMPDH2	1	0.00233882874600255	0.333912021672725	0.354	0.309	1
SETD5-AS1	1	0.0023918635992741	0.364267789667961	0.3	0.255	1
TRPS1	1	0.00239565918762849	0.340722762520239	0.359	0.313	1
CHD3	1	0.00242794274517265	0.413615182883876	0.26	0.218	1
ZBED6	1	0.00247915109514262	0.367858627165376	0.278	0.233	1
DST	1	0.0025139495401132	0.287623557315361	0.36	0.31	1
TMEM248	1	0.00257659024815409	0.277323359947573	0.407	0.363	1
COL11A1	1	0.00257700366888598	0.303532180152999	0.282	0.235	1
SECISBP2	1	0.00267209371661902	0.299846848925514	0.293	0.247	1
MAP1B	1	0.00276312625082382	0.321549222809203	0.303	0.257	1
KDM5A	1	0.00289026553225126	0.290870449931342	0.354	0.306	1
NFAT5	1	0.00306875350882628	0.391219798307306	0.277	0.233	1
IGF2BP2	1	0.00313453933523897	0.37752646937433	0.276	0.23	1
TBC1D5	1	0.00319241446522227	0.307519323628367	0.295	0.249	1
SETD2	1	0.00320065433985917	0.308499819672764	0.38	0.336	1
OAZ2	1	0.00345252040056502	0.262319509966201	0.419	0.371	1
GNB2	1	0.00346140927175857	0.27247819909679	0.512	0.487	1
TMEM204	1	0.00350905971310284	0.34701671740261	0.29	0.245	1
YAP1	1	0.00359916368488473	0.274648178087826	0.296	0.247	1
RP11-220I1.1	1	0.00380656667381521	0.371892122996199	0.276	0.231	1
GALNT11	1	0.00386437676182777	0.333908983700488	0.315	0.271	1
TMEM98	1	0.0040654339486036	0.285118223665815	0.367	0.322	1
LHFPL2	1	0.00410641351269341	0.381118586343189	0.278	0.236	1
ERGIC3	1	0.00413344471244894	0.361877735570453	0.299	0.257	1
CUX1	1	0.00419951308470654	0.373299932628871	0.342	0.306	1
MARCH6	1	0.00422088784175854	0.330615960671766	0.324	0.28	1
SSRP1	1	0.00436894187091481	0.263364835758673	0.311	0.264	1
RGL1	1	0.00439261408480992	0.272258210022627	0.287	0.241	1
TOP2B	1	0.00445185488180919	0.28623771887593	0.354	0.307	1
KMT2C	1	0.00462589773908018	0.29941001501381	0.388	0.351	1
CTDSP2	1	0.00464138336855687	0.326394118266994	0.267	0.223	1
CREBBP	1	0.00465270781274288	0.347401220028601	0.309	0.27	1
R3HDM2	1	0.00472094478937451	0.353179632676247	0.371	0.332	1
RAD50	1	0.00475208124496713	0.275060658373663	0.354	0.31	1
LRPPRC	1	0.00484962846776113	0.352477543922673	0.278	0.236	1
USP11	1	0.00526370390779814	0.283965475513324	0.287	0.241	1
BIRC6	1	0.00537508193261651	0.306540966634707	0.29	0.247	1
TMEM106B	1	0.00604555840512031	0.278048619582852	0.369	0.325	1
FBXO17	1	0.00625839976847453	0.270273024683557	0.283	0.238	1
UBE2H	1	0.00637046562015471	0.272833355874616	0.41	0.372	1
NCOA1	1	0.00637429541337188	0.342101339576639	0.273	0.232	1
TSC22D4	1	0.00637987359962654	0.31040211001445	0.334	0.294	1
DDX39B	1	0.00656068305242414	0.292440793544191	0.286	0.245	1
SUGP2	1	0.00676798913961248	0.330578724272279	0.298	0.258	1
UBE2Z	1	0.00680734074327295	0.287209214392876	0.342	0.301	1
FASTK	1	0.00684187142264069	0.300524826822577	0.332	0.293	1
LONP2	1	0.0069534896400476	0.338985930297379	0.304	0.263	1
ATP6AP1	1	0.00711901215381762	0.302224173637009	0.425	0.398	1
HMG20A	1	0.0074360731996262	0.329692162343694	0.3	0.26	1
BSDC1	1	0.00761317365334571	0.38698005638041	0.25	0.212	1
RYBP	1	0.00778680663495426	0.332666241841753	0.324	0.288	1
ZNF704	1	0.00795384922474106	0.364886651808766	0.251	0.211	1
DOCK1	1	0.0079600976108245	0.30869223794574	0.303	0.266	1
QSER1	1	0.0080495434967483	0.328331171983754	0.259	0.22	1
PRRC2B	1	0.0081596093098226	0.295805337864071	0.375	0.335	1
RGL2	1	0.00849679790799849	0.356514775653359	0.259	0.221	1
LGALS3BP	1	0.0086037516601264	0.278745069048894	0.334	0.291	1
DDX1	1	0.00924886960796833	0.313040638257702	0.311	0.273	1
UBR5	1	0.0094199517899261	0.420178394437037	0.261	0.226	1
ZNF91	1	0.00967503090851681	0.275568680188545	0.296	0.254	1
AIF1	2	0	3.9777831955405	0.942	0.088	0
MS4A6A	2	0	3.98268598309637	0.931	0.081	0
C1QC	2	0	4.96102803719929	0.892	0.057	0
HLA-DQB1	2	0	3.70523150132819	0.977	0.142	0
C1QA	2	0	4.8530182239428	0.922	0.089	0
TYROBP	2	0	3.75036159210109	0.979	0.149	0
MS4A7	2	0	4.40836217816477	0.888	0.06	0
HLA-DQA1	2	0	3.57289153504236	0.952	0.126	0
FCER1G	2	0	3.71072161961672	0.918	0.093	0
HLA-DMA	2	0	3.73252408412794	0.926	0.106	0
C1QB	2	0	4.94799710245746	0.877	0.06	0
CTSS	2	0	3.88286071994321	0.934	0.122	0
CD68	2	0	4.30594907217577	0.879	0.071	0
CD163	2	0	5.13808908181971	0.849	0.046	0
CD14	2	0	4.55489889676575	0.857	0.061	0
HCST	2	0	3.60441848705758	0.912	0.118	0
CSF1R	2	0	4.91976228291606	0.837	0.05	0
LAPTM5	2	0	3.59823657068176	0.907	0.121	0
FCGR2A	2	0	3.66306051460623	0.888	0.103	0
CFD	2	0	4.23821284758689	0.875	0.091	0
SRGN	2	0	2.97471640113822	0.949	0.182	0
MSR1	2	0	4.8509010987938	0.809	0.043	0
ITGB2	2	0	3.67407915061068	0.866	0.1	0
F13A1	2	0	5.11831520684973	0.787	0.041	0
LYZ	2	0	3.4522325664971	0.823	0.093	0
HLA-DMB	2	0	3.82292034833886	0.787	0.079	0
MS4A4A	2	0	4.55667105115433	0.75	0.047	0
VAMP8	2	0	3.17646596933229	0.804	0.105	0
HLA-DPA1	2	0	3.818501953379	0.995	0.299	0
FCGR3A	2	0	4.56140037178242	0.722	0.04	0
FOLR2	2	0	5.24368901301442	0.713	0.033	0
CTSC	2	0	3.18145864735763	0.827	0.148	0
C1orf162	2	0	3.32431887278765	0.754	0.079	0
HCLS1	2	0	3.6357333718081	0.753	0.079	0
FGL2	2	0	3.3265428745459	0.754	0.08	0
IER3	2	0	2.27315063959001	0.834	0.164	0
HLA-DPB1	2	0	3.44466222845896	0.992	0.322	0
TYMP	2	0	3.11598636718825	0.785	0.122	0
RGS1	2	0	3.29934332813269	0.749	0.091	0
PTPRC	2	0	2.32159389339059	0.765	0.111	0
RNASET2	2	0	2.9673712760308	0.838	0.184	0
MAFB	2	0	3.16912094433206	0.819	0.165	0
CYBB	2	0	4.45975814027637	0.693	0.044	0
SPI1	2	0	3.49160318807457	0.72	0.072	0
HLA-DRA	2	0	3.6297591904312	1	0.353	0
FCGR2B	2	0	3.93533606411856	0.691	0.049	0
RNASE6	2	0	3.56107165175147	0.7	0.061	0
C10orf54	2	0	3.31663858589513	0.745	0.108	0
RGS10	2	0	2.9737301170359	0.804	0.167	0
RNASE1	2	0	4.82687338921503	0.73	0.094	0
STAB1	2	0	4.22080955560255	0.705	0.073	0
CD74	2	0	3.95554814569619	1	0.369	0
SLCO2B1	2	0	4.90175553889033	0.649	0.032	0
ARHGDIB	2	0	2.47219866629893	0.776	0.159	0
C5AR1	2	0	3.62873671387684	0.664	0.047	0
HLA-DRB1	2	0	3.76762575165168	1	0.384	0
LST1	2	0	3.07612644536383	0.683	0.076	0
CD37	2	0	2.66639451787828	0.709	0.103	0
CSF2RA	2	0	3.51480229499754	0.664	0.06	0
C3AR1	2	0	4.60327967844278	0.627	0.034	0
ARRB2	2	0	3.23704355743939	0.691	0.098	0
SMAP2	2	0	2.68519556285604	0.765	0.173	0
MNDA	2	0	3.6729745552025	0.639	0.053	0
CD53	2	0	3.06161228833053	0.669	0.084	0
RNF130	2	0	2.71079738644395	0.774	0.19	0
IL18	2	0	3.63026602261809	0.628	0.053	0
GPR183	2	0	2.42807753008297	0.658	0.085	0
TNFSF13B	2	0	3.62348955331126	0.63	0.062	0
ASAH1	2	0	3.01212743116723	0.733	0.166	0
FAM26F	2	0	3.09882549362297	0.672	0.107	0
PILRA	2	0	3.80644366352068	0.613	0.048	0
CREG1	2	0	3.17818408563104	0.693	0.139	0
IQGAP2	2	0	3.02218763825303	0.667	0.116	0
LY86	2	0	3.99513760432919	0.593	0.044	0
CARD16	2	0	3.11419448619735	0.639	0.091	0
MFSD1	2	0	3.15366304583485	0.665	0.123	0
TBXAS1	2	0	4.02224807666199	0.584	0.042	0
CD86	2	0	3.92485680137072	0.583	0.043	0
THEMIS2	2	0	3.78822997905126	0.583	0.046	0
CLEC7A	2	0	3.90532575646466	0.578	0.042	0
HMOX1	2	0	3.49014415592354	0.601	0.067	0
GPR34	2	0	4.95323737877901	0.554	0.023	0
CYBA	2	0	2.5464944731119	0.977	0.447	0
TNFRSF1B	2	0	3.28834706164299	0.606	0.077	0
VSIG4	2	0	4.16980642324145	0.562	0.035	0
LY96	2	0	3.33882498923804	0.61	0.084	0
PLTP	2	0	3.63934716693092	0.62	0.102	0
RASSF4	2	0	3.45726353802439	0.569	0.052	0
CTSB	2	0	3.03777914600375	0.945	0.43	0
LAIR1	2	0	4.06448235438265	0.55	0.04	0
C3	2	0	4.76685100867171	0.532	0.031	0
SLA	2	0	3.32203667340642	0.556	0.057	0
FYB	2	0	2.98805669020067	0.565	0.067	0
IGSF6	2	0	3.74279067816657	0.523	0.042	0
FPR3	2	0	4.3215206920619	0.509	0.03	0
NAIP	2	0	3.47395762923634	0.54	0.064	0
ADAP2	2	0	4.44823014863734	0.501	0.029	0
CECR1	2	0	3.89057079220776	0.503	0.036	0
HAVCR2	2	0	3.85613651424269	0.503	0.042	0
WAS	2	0	3.41523755192455	0.512	0.051	0
EVI2B	2	0	3.37297370371736	0.514	0.055	0
PLD4	2	0	3.77212025847373	0.494	0.038	0
MARCH1	2	0	3.80490264171669	0.487	0.038	0
CD4	2	0	3.86292319548205	0.484	0.04	0
NCF2	2	0	3.63466776834806	0.477	0.039	0
AOAH	2	0	3.55876545516246	0.48	0.042	0
ADAM28	2	0	3.70158372431305	0.479	0.042	0
CLEC4E	2	0	4.08332194676804	0.465	0.031	0
CPM	2	0	4.18457317282214	0.465	0.032	0
CD84	2	0	3.90976805894171	0.454	0.035	0
TREM2	2	0	4.6789553668785	0.435	0.02	0
HLA-DRB5	2	0	3.63428888674127	0.449	0.04	0
TFEC	2	0	3.82921170489332	0.432	0.033	0
FPR1	2	0	4.09506800901729	0.421	0.027	0
GPX1	2	0	2.76053300657232	0.974	0.593	0
NCKAP1L	2	0	3.81425974096237	0.412	0.032	0
TLR2	2	0	4.32988303760962	0.399	0.023	0
SAT1	2	0	2.81349193916181	0.999	0.629	0
FCGR1A	2	0	4.13932027185103	0.388	0.022	0
MPEG1	2	0	4.27776030653348	0.372	0.023	0
PSAP	2	0	2.41219544998671	0.986	0.707	0
CST3	2	0	2.36101408336035	1	0.866	0
FTH1	2	0	2.34600185491549	1	0.989	0
FTL	2	0	2.78422741182793	1	0.997	0
UNC93B1	2	1.07307378367929e-303	3.38862952746193	0.499	0.057	2.14850832968267e-299
HLA-DOA	2	1.40318824326616e-300	3.44050872827898	0.508	0.062	2.80946350066751e-296
IFI30	2	9.43735607633514e-299	2.49053215350454	0.554	0.071	1.88954743360382e-294
MERTK	2	1.23565083017119e-297	3.89785924974614	0.412	0.035	2.47402009216876e-293
NCF4	2	2.05481220891687e-297	3.4839735664362	0.444	0.042	4.11414500469336e-293
B2M	2	1.63819341629294e-293	2.00458425376592	1	0.959	3.27999085810172e-289
ALOX5	2	8.504108422354e-293	3.83426273940565	0.388	0.029	1.70269258832372e-288
HLA-A	2	1.62835911913365e-291	1.95557937585956	0.997	0.739	3.2603006283294e-287
ALOX5AP	2	3.52409365427534e-290	2.86555945942418	0.499	0.058	7.05594031459008e-286
EVI2A	2	5.38830105993499e-288	3.5442147158311	0.413	0.036	1.07884563822018e-283
RNF144B	2	1.72620520212077e-287	3.34585832912577	0.427	0.039	3.4562080556862e-283
FMNL1	2	1.16810872418248e-285	3.08119743491126	0.506	0.064	2.33878728755816e-281
CPVL	2	2.1777657898639e-284	2.67740045919335	0.772	0.214	4.3603226644655e-280
IL10RA	2	2.14961851364273e-282	2.98380132750479	0.506	0.064	4.30396618801547e-278
MRC1L1	2	9.04472639452559e-281	4.27234993367548	0.339	0.021	1.81093511871191e-276
MRC1	2	1.21508982898559e-280	4.5515754613385	0.318	0.017	2.43285285559495e-276
SAP30	2	2.90055780123533e-279	3.05327377431002	0.627	0.122	5.80749682963337e-275
PTAFR	2	3.08861117075328e-279	4.343777479268	0.324	0.018	6.18401728608221e-275
HLA-B	2	1.9546051176573e-277	1.82811968566593	0.997	0.74	3.91351036657344e-273
MYO1F	2	6.44829925558441e-277	3.11000733803961	0.469	0.054	1.29107847695311e-272
EMILIN2	2	6.80507609837182e-277	2.92709666823287	0.565	0.089	1.36251233641601e-272
AMICA1	2	8.18591266044101e-276	2.83383911779646	0.498	0.062	1.6389834328735e-271
SORL1	2	1.23344409174975e-275	3.31687940382162	0.458	0.052	2.46960176050135e-271
GIMAP4	2	9.31811809922871e-275	2.40519072153283	0.604	0.098	1.86567360582757e-270
OGFRL1	2	1.46706204805816e-273	2.89506934169665	0.61	0.114	2.93735163262204e-269
NPC2	2	1.10512294038437e-270	2.23601063402958	0.911	0.455	2.21267715123759e-266
CLEC10A	2	2.42155379985018e-270	2.92708459643071	0.412	0.039	4.84843501806003e-266
CIITA	2	1.64407275122703e-269	3.805824039066	0.355	0.026	3.29176246250676e-265
SAMSN1	2	1.15746923487424e-267	2.6012495375345	0.486	0.059	2.31748490206521e-263
SLC11A1	2	3.42579746581291e-266	3.4708234963585	0.374	0.031	6.85913168605061e-262
ITGAX	2	6.96663468333349e-266	3.45991301065824	0.388	0.035	1.39485959629703e-261
RP11-1143G9.4	2	8.51553107662422e-266	2.89141264105766	0.432	0.047	1.7049796321617e-261
TLR5	2	1.10852246089435e-265	4.32564604472315	0.326	0.021	2.21948367120267e-261
TMEM176B	2	1.78830997713126e-265	2.49693158650577	0.8	0.261	3.58055423621221e-261
HNMT	2	4.22325630990662e-265	2.86868436549336	0.601	0.114	8.45580378369504e-261
VMO1	2	5.20881997072721e-265	3.34377067090728	0.509	0.075	1.042909934539e-260
GPNMB	2	2.65603886593298e-264	3.48606197968885	0.487	0.068	5.31792101737101e-260
SERPINA1	2	5.96782817675308e-262	3.26758979351383	0.407	0.041	1.1948785575495e-257
FGD2	2	1.95132669372688e-261	3.93816917258016	0.335	0.023	3.90694630617996e-257
ADORA3	2	3.47841492805267e-261	4.46026993669689	0.305	0.017	6.96448236894706e-257
INPP5D	2	6.48172566882592e-260	3.32282211438288	0.431	0.048	1.29777111341233e-255
HLA-C	2	6.73365220911849e-257	1.99767300789113	0.967	0.623	1.3482118453097e-252
TMSB4X	2	2.36557130588325e-256	1.47286488645719	1	0.988	4.73634686863944e-252
HLA-E	2	5.38363725834791e-255	2.00783423552533	0.963	0.553	1.07791185186642e-250
LPAR6	2	9.73224487762859e-255	2.72370798325475	0.65	0.145	1.9485900693988e-250
LCP1	2	1.45382510921606e-252	2.51669903674982	0.557	0.091	2.91084863367239e-248
CHCHD10	2	2.5556477707352e-251	2.54299082150765	0.667	0.154	5.11691796656603e-247
SYK	2	4.51743150320729e-250	3.91093936292818	0.335	0.026	9.04480135572163e-246
SIGLEC1	2	5.8661617437357e-249	4.75072615856967	0.265	0.012	1.17452290433076e-244
SLC43A2	2	1.61482457637291e-246	3.48701230137221	0.377	0.037	3.23320176681384e-242
PLAUR	2	8.11769803624121e-246	1.67931113884548	0.54	0.084	1.62532550081621e-241
ITM2B	2	1.67322624207227e-245	1.53897214803358	0.999	0.959	3.3501335818771e-241
RGS2	2	2.29784384083009e-245	2.34867888374984	0.746	0.204	4.60074293811e-241
LILRB2	2	1.0661212130946e-243	3.8439530032348	0.32	0.023	2.13458789285802e-239
CD300A	2	1.97027138261918e-243	3.29737974698781	0.396	0.043	3.94487736228012e-239
FCER1A	2	2.60108125903474e-243	2.69480956392899	0.398	0.041	5.20788489683936e-239
GMFG	2	6.48867489749399e-242	2.17846679748853	0.649	0.134	1.29916248797625e-237
CXCL16	2	1.27566169054459e-239	2.67184200238186	0.694	0.193	2.55412983680838e-235
CYTH4	2	1.28405127409123e-239	3.69519680040526	0.348	0.031	2.57092746098545e-235
NAMPT	2	1.17640945337977e-237	2.47176141342016	0.702	0.193	2.35540700755698e-233
SPINT2	2	3.92050488781647e-237	3.13043756524166	0.409	0.048	7.84963488638614e-233
LGMN	2	4.95798805556034e-237	3.386685726172	0.606	0.144	9.92688368484291e-233
GPSM3	2	1.64953316822472e-236	2.61046287301502	0.508	0.081	3.30269530941954e-232
RCSD1	2	6.54617347294868e-236	2.66664069176753	0.556	0.102	1.31067485275378e-231
CTSZ	2	4.38809485221836e-234	2.20557006918222	0.763	0.238	8.7858435131116e-230
ZEB2	2	1.34675428762836e-233	2.50596853880347	0.693	0.185	2.6964714346895e-229
AP1B1	2	9.82350443803055e-233	3.19462320799914	0.469	0.073	1.96686205858248e-228
ATP8B4	2	2.11834562095072e-232	4.18346048947516	0.289	0.019	4.24135160226753e-228
LGALS9	2	4.26791699999259e-232	3.03296568257486	0.431	0.057	8.54522341738517e-228
SLC7A7	2	1.66819338095461e-230	3.64247326791764	0.329	0.028	3.34005678734733e-226
LRRC25	2	6.90687095593279e-230	3.75025116595981	0.322	0.027	1.38289370279686e-225
ST8SIA4	2	3.87135797421719e-229	2.98070688028515	0.449	0.064	7.75123293597767e-225
NEAT1	2	9.32805338973062e-229	2.07768923774274	0.984	0.689	1.86766284969187e-224
FXYD5	2	4.21199330384608e-227	2.15955643972754	0.727	0.202	8.43325299296062e-223
SYNGR2	2	5.69510466800282e-227	2.81031495485947	0.475	0.074	1.14027385662752e-222
CASP1	2	1.88870469503656e-226	2.9759622834384	0.428	0.057	3.7815645404022e-222
SAMHD1	2	2.57633302215622e-226	2.50467875111716	0.598	0.128	5.15833397696119e-222
DUSP1	2	7.20052911744719e-225	1.98662908792249	0.852	0.319	1.44168993989528e-220
PLEK	2	1.29340190272902e-224	2.52629216804628	0.427	0.055	2.58964928964404e-220
GLRX	2	2.47996079799708e-224	2.67982550866658	0.498	0.084	4.96537750974975e-220
DOCK2	2	6.91934222424866e-222	3.23322740644856	0.377	0.043	1.38539070013907e-217
LTC4S	2	5.79175749189779e-221	2.99826912483261	0.443	0.065	1.15962568502778e-216
PLEKHO1	2	1.16713960407656e-220	2.40587019366754	0.679	0.184	2.33684691528208e-216
SLC15A3	2	1.37140917846342e-219	3.45141776584992	0.357	0.038	2.74583545711946e-215
TLR1	2	5.59629051301958e-219	3.95971695324852	0.283	0.02	1.12048928651678e-214
PARVG	2	2.17415436522282e-218	3.18972147720579	0.379	0.044	4.35309187004913e-214
PTPN6	2	2.33783391195174e-218	3.14838253440535	0.365	0.04	4.68081105850977e-214
NPL	2	2.61131889559221e-217	3.56901336118661	0.339	0.034	5.22838269275472e-213
BST2	2	3.08535408411911e-217	1.93972379541084	0.735	0.208	6.17749594722329e-213
NABP1	2	2.20151591309035e-216	2.33793874604967	0.542	0.102	4.40787516118949e-212
CTSD	2	3.01195428102233e-214	2.58340712562724	0.894	0.526	6.0305348614629e-210
RGS18	2	3.18372087052979e-213	3.36664158761974	0.335	0.033	6.37444592697474e-209
FCHO2	2	4.55194003627521e-213	2.64518255517563	0.61	0.153	9.11389434063023e-209
GLIPR1	2	2.63299675234605e-212	2.29488028963693	0.647	0.165	5.27178609754726e-208
CSF3R	2	4.72653780255741e-212	3.39922224168353	0.326	0.031	9.46347398828044e-208
IFNGR1	2	5.12654777916996e-211	2.27843462065695	0.749	0.264	1.02643739634541e-206
PYCARD	2	3.21322182416353e-210	2.25851361794079	0.668	0.182	6.43351273634023e-206
ITGAM	2	1.9098027496931e-209	3.94847862226787	0.273	0.019	3.82380706543552e-205
C2	2	3.63714458856741e-209	4.13896731893407	0.276	0.02	7.28229089522968e-205
RBM47	2	9.85067189078768e-208	3.84664459924107	0.294	0.025	1.97230152597351e-203
PRKAG2	2	2.15725232673134e-206	2.81658827294831	0.45	0.073	4.31925060858149e-202
CEBPD	2	9.89568614904518e-205	1.70374541323666	0.982	0.758	1.98131428076183e-200
CREM	2	2.23765925334923e-203	2.20542563321006	0.695	0.214	4.48024135705582e-199
SLAMF8	2	4.27634566836054e-203	3.93689064799266	0.263	0.018	8.56209929719146e-199
GPR155	2	1.50669054444849e-201	3.17497983229012	0.388	0.054	3.01669580809477e-197
FAM49B	2	2.14370032067589e-201	2.27458139586598	0.621	0.157	4.29211678205727e-197
CXCR4	2	1.1907459010807e-197	1.68509833869409	0.628	0.148	2.38411144314377e-193
RHBDF2	2	2.9033156721013e-197	3.26327786091674	0.339	0.039	5.81301863868123e-193
HMHA1	2	4.87171879212395e-197	2.99812393336256	0.351	0.042	9.75415536559057e-193
FERMT3	2	8.75580539197736e-195	2.9606492279439	0.376	0.051	1.75308735558171e-190
CD72	2	1.40099688444368e-193	3.27161315322018	0.342	0.041	2.80507596203313e-189
UCP2	2	9.65966726308296e-193	2.60054740414994	0.403	0.06	1.93405857941447e-188
TMSB10	2	3.24926570966895e-192	1.12762234082796	1	0.976	6.50567980389918e-188
SLC16A10	2	5.70221996622385e-192	3.94058177465196	0.265	0.021	1.14169848163734e-187
CD33	2	1.8689291405773e-189	3.67420444587525	0.267	0.022	3.74196992526387e-185
TLR4	2	3.33156531797185e-185	3.6888544744677	0.3	0.032	6.67046007964324e-181
MEF2C	2	6.98894599581322e-185	2.02623334560089	0.7	0.227	1.39932676728172e-180
MAF	2	8.56273094476052e-185	2.9129524859126	0.521	0.122	1.71442998975995e-180
NINJ1	2	2.10956954636589e-184	2.58521791861251	0.538	0.129	4.22378014573378e-180
CD9	2	1.09038013002074e-183	2.31935429885542	0.606	0.165	2.18315909632752e-179
LIPA	2	3.50243236690081e-183	2.89073718342424	0.468	0.095	7.01257008500881e-179
OSCAR	2	1.09909475297358e-182	3.74855178733533	0.251	0.02	2.20060751440371e-178
SLC16A3	2	1.01250533560276e-179	2.63311635385692	0.446	0.084	2.02723818294384e-175
CSTA	2	2.43742696418767e-179	3.11728377012059	0.307	0.034	4.88021626769654e-175
ARL4C	2	4.30479939950717e-178	2.28907346215544	0.557	0.135	8.61906935769325e-174
GRN	2	6.4824147773358e-177	1.57322679815043	0.936	0.644	1.29790908671817e-172
FAU	2	4.57714558958343e-174	1.16326706227207	0.995	0.966	9.16436089946394e-170
SIPA1L1	2	3.48271625645914e-173	2.3063847119388	0.556	0.141	6.9730944886825e-169
TNFAIP2	2	7.64563445725955e-173	2.7422257088104	0.361	0.053	1.53080893103251e-168
LYL1	2	1.08916313433846e-172	2.75009395214374	0.365	0.055	2.18072242757247e-168
RHOG	2	1.14049643503967e-172	2.25802736494542	0.575	0.156	2.28350196223643e-168
FOS	2	2.40647803150025e-172	1.52671357410326	0.912	0.451	4.81825031466979e-168
RNF135	2	4.57512516423227e-172	3.66454450472121	0.25	0.021	9.16031560382585e-168
OAZ1	2	8.91137998915702e-172	1.20187661295923	0.973	0.869	1.78423650142902e-167
RB1	2	1.21646221373677e-171	2.35833451582902	0.564	0.153	2.43560064434376e-167
PLA2G7	2	2.63076268999503e-169	3.51075467300056	0.285	0.032	5.26731305790805e-165
HERPUD1	2	3.23778151072598e-169	1.72220145580116	0.841	0.435	6.48268614077555e-165
GPRIN3	2	8.31341198948597e-169	2.56645207194692	0.416	0.076	1.66451134853488e-164
HCK	2	1.04038888553622e-168	3.24679683304897	0.283	0.031	2.08306662662062e-164
PIK3IP1	2	3.1921976233409e-168	2.77863256878667	0.362	0.056	6.39141808145315e-164
ATP1B3	2	6.43275962342413e-167	2.30841732776652	0.598	0.179	1.28796713180198e-162
CD93	2	1.59870483213293e-166	2.00619215454951	0.388	0.062	3.20092681489655e-162
HSPA1B	2	5.11179785291255e-166	1.36810876695556	0.919	0.497	1.02348416611015e-161
DOCK4	2	8.44620565262297e-165	2.77065677320964	0.335	0.047	1.69109929576817e-160
LAT2	2	1.41310091653284e-164	3.19970113048237	0.291	0.034	2.82931065508205e-160
REL	2	2.39640088418933e-163	1.77031801583975	0.65	0.202	4.79807385032388e-159
HIF1A	2	9.54613722659767e-162	1.98453753474481	0.726	0.299	1.91132759550939e-157
YWHAH	2	1.6074885101325e-161	2.13359988536995	0.605	0.186	3.21851349498729e-157
ARPC3	2	2.06281444313316e-161	1.37520316930272	0.93	0.74	4.13016707804122e-157
ARHGAP4	2	2.4136930271853e-161	2.69613589318419	0.377	0.064	4.8326961790304e-157
FCGRT	2	9.02379077604058e-161	1.43025748218288	0.955	0.79	1.80674338917885e-156
ZFP36	2	2.80468125760347e-160	1.5551445705445	0.676	0.214	5.61553281397367e-156
DRAM2	2	2.89863255144497e-160	2.45728494640986	0.468	0.105	5.80364209450311e-156
SYTL3	2	2.89699155724601e-158	2.56033803025454	0.329	0.047	5.80035649591796e-154
ACSL1	2	5.44178469452339e-157	2.40842351363474	0.524	0.141	1.08955413153747e-152
ARHGAP30	2	1.78911894348257e-156	3.10515549397537	0.278	0.033	3.58217394864081e-152
DOK2	2	5.49163593886661e-156	1.84645685832846	0.402	0.071	1.09953534767987e-151
NCF1	2	3.76418953389699e-155	2.6656186045655	0.318	0.045	7.53666028476855e-151
OSTF1	2	4.00116448915222e-154	2.27304196068446	0.505	0.128	8.01113154018057e-150
FAM49A	2	1.02500077104319e-153	2.65471942120926	0.362	0.062	2.05225654378267e-149
EPB41L3	2	6.86155598838682e-153	2.11641374146581	0.525	0.137	1.37382073999481e-148
APOC1	2	2.48376600939915e-152	3.43188813532707	0.435	0.099	4.97299630401898e-148
CNPY3	2	8.37416027697449e-151	1.96356927874413	0.645	0.225	1.67667437065583e-146
GPR65	2	1.32739645619734e-149	3.11204601961878	0.267	0.032	2.65771318459832e-145
ARHGAP18	2	1.89485894614436e-149	1.87959332798288	0.7	0.274	3.79388658197025e-145
PTPRE	2	4.86501056912483e-149	2.30859413490178	0.412	0.083	9.74072416150174e-145
SOD2	2	1.96239396038479e-146	1.48942182211746	0.653	0.235	3.92910518748243e-142
GATM	2	6.51189046652566e-146	3.20388199256221	0.255	0.029	1.30381070920777e-141
SGK1	2	7.81938838317199e-146	2.30531308071396	0.549	0.165	1.5655979420787e-141
RHOB	2	1.12208190442569e-145	1.99224201448274	0.678	0.266	2.24663238904112e-141
EPSTI1	2	2.48541799810843e-145	2.38368458193869	0.413	0.087	4.97630391581269e-141
IL13RA1	2	7.98059167799962e-144	2.16056625499625	0.55	0.166	1.59787406576908e-139
SLC31A2	2	2.16665475082805e-142	3.15153384802186	0.251	0.029	4.33807614210792e-138
GIMAP7	2	2.24939867756969e-142	1.63085502763038	0.413	0.082	4.50374603223004e-138
PREX1	2	2.35594955042212e-142	2.40882901184537	0.413	0.089	4.71708218985517e-138
DENND3	2	3.22192811302761e-142	2.99720938813961	0.276	0.037	6.45094446790389e-138
JUNB	2	5.29412448772435e-142	1.20419038634897	0.859	0.426	1.05998960493217e-137
TPP1	2	8.33955164915751e-142	2.13364653993204	0.551	0.17	1.66974503119432e-137
SLC1A3	2	2.24026168266812e-141	2.27092319416128	0.62	0.225	4.48545194103811e-137
MAP3K8	2	7.54963375964183e-141	2.70551641214542	0.314	0.049	1.51158767135549e-136
PLA2G16	2	1.28729499214252e-140	2.36973255021618	0.383	0.076	2.57742203326774e-136
APBB1IP	2	2.39326989278807e-140	2.35104247396579	0.337	0.057	4.79180497934027e-136
RPL26	2	2.68649932862771e-139	1.01674566600777	0.993	0.962	5.37890895577841e-135
MGAT4A	2	3.03657678682489e-139	2.3571621096043	0.436	0.103	6.0798340425808e-135
FGD4	2	7.55268970685082e-139	2.46844386814259	0.362	0.068	1.51219953310567e-134
SH3BGRL3	2	2.46094152594211e-138	1.58875808847901	0.856	0.524	4.92729712324128e-134
DOCK8	2	3.64889299416108e-138	2.40329118861734	0.353	0.065	7.30581355290932e-134
GIMAP1	2	1.09652879880101e-136	1.95814816685945	0.395	0.08	2.19546996095939e-132
CD302	2	2.37245314819785e-136	2.02748073642211	0.576	0.194	4.75012569332173e-132
CMTM6	2	2.84420062787774e-136	1.95732678421658	0.578	0.189	5.69465849713681e-132
PFKFB3	2	9.172953055318e-136	2.33697660393575	0.346	0.063	1.83660866073577e-131
STX7	2	1.383997663578e-134	2.10279439582591	0.503	0.142	2.77104012201587e-130
FCHSD2	2	2.30930370649976e-134	2.35900176368742	0.392	0.085	4.62368788115382e-130
AC074289.1	2	3.24919026192277e-134	3.14651577325523	0.25	0.031	6.50552874242177e-130
ODF3B	2	1.04283166368571e-133	2.86698504752524	0.276	0.039	2.08795755703152e-129
EFHD2	2	1.43449686902668e-133	2.04309764497636	0.451	0.112	2.87214963116523e-129
HSPA1A	2	4.91917427147391e-133	1.11972462722185	0.971	0.8	9.84917072634506e-129
RAP2B	2	5.6849690849312e-133	2.3533050335179	0.431	0.105	1.13824451018492e-128
SDSL	2	2.92449717226389e-131	2.98592863639226	0.257	0.034	5.85542823830676e-127
MGAT1	2	2.99641024650295e-131	1.84582882594204	0.616	0.222	5.99941259554821e-127
PARP14	2	5.46982098834176e-131	1.92785929282623	0.636	0.244	1.09516755828579e-126
CREBL2	2	8.42010525770537e-131	2.36642293120209	0.413	0.098	1.68587347469777e-126
LYN	2	1.16090038238943e-130	2.41111069307664	0.346	0.066	2.32435474562012e-126
TSPAN33	2	1.77427824155506e-129	2.79494469281978	0.278	0.042	3.55245989524154e-125
APLP2	2	3.19237769332502e-129	1.60981781997913	0.753	0.365	6.39177861757535e-125
DAB2	2	8.64022434174163e-129	2.29710710571872	0.634	0.267	1.72994571770351e-124
NR4A2	2	3.37913676496742e-128	1.90015746758753	0.427	0.101	6.76570763081777e-124
BTG1	2	1.09309175800293e-127	1.08501873838921	0.93	0.594	2.18858831787347e-123
RAB31	2	4.70110453549013e-127	2.05146439112957	0.49	0.141	9.41255150095835e-123
IDH1	2	1.02992009211829e-126	2.63922951212125	0.357	0.074	2.06210600843924e-122
ATG16L2	2	5.30356122099447e-125	2.53881692023409	0.302	0.052	1.06187902766751e-120
PYGL	2	5.34142424790457e-125	2.84606936197631	0.289	0.048	1.06945996291545e-120
BLVRB	2	7.51592890312873e-125	2.00042671923198	0.597	0.223	1.50483928498443e-120
ANXA1	2	1.52494427433635e-123	1.06619893576157	0.697	0.26	3.05324342607624e-119
ETS2	2	1.63870653921103e-122	1.85231138803706	0.553	0.182	3.28101823280833e-118
GADD45B	2	1.04229007295704e-121	1.69314470573641	0.72	0.341	2.08687318407458e-117
SDCBP	2	2.92912737440122e-121	1.38654055223416	0.859	0.567	5.86469882902612e-117
GBP2	2	3.97967449593285e-121	2.44290877603546	0.305	0.054	7.96810427575675e-117
MYO9B	2	1.03093408785673e-119	2.11785357097356	0.436	0.116	2.06413623070675e-115
PPP1R15A	2	1.90723944585266e-119	1.1870715925332	0.671	0.26	3.81867481848619e-115
TCIRG1	2	1.91148125208216e-118	2.14249206419642	0.388	0.091	3.82716776291891e-114
S100A11	2	2.512090080592e-118	1.19486194736355	0.971	0.844	5.0297067593613e-114
MBP	2	2.51587020271722e-118	2.07612644536383	0.391	0.092	5.03727531988041e-114
GLUL	2	2.70886250899965e-118	1.57508480440982	0.871	0.589	5.42368451551911e-114
C15orf48	2	2.86544122719296e-118	2.3161397885427	0.272	0.043	5.73718642508575e-114
SH3TC1	2	6.30857200408669e-118	2.64496928072171	0.285	0.049	1.26310228665824e-113
FES	2	1.76510566879546e-117	2.5082742750651	0.322	0.064	3.53409457006227e-113
CMTM7	2	3.5278346574905e-117	2.34000725488332	0.364	0.083	7.06343055122749e-113
AP1S2	2	5.97310505077718e-117	1.86307714719033	0.447	0.122	1.19593509326661e-112
DNAJB1	2	9.84478515999026e-117	1.07122394664283	0.815	0.442	1.97112288473325e-112
SESN1	2	1.18559633592048e-116	2.22301120540808	0.461	0.139	2.37380098377998e-112
RNF149	2	8.37010620183286e-116	2.05318963408668	0.446	0.126	1.67586266373097e-111
ITPR2	2	1.0716381720606e-115	2.31401520302345	0.422	0.114	2.14563394809974e-111
MPP1	2	2.19949405767051e-115	2.29543947376831	0.387	0.096	4.4038270022679e-111
MYO5A	2	2.51896342702138e-115	2.38946854757333	0.35	0.078	5.04346857358221e-111
SEPP1	2	2.0285530705342e-114	3.04829543339339	0.745	0.587	4.06156895782357e-110
CAPG	2	8.45759000391928e-114	2.09423041514296	0.512	0.17	1.69337867058472e-109
MANBA	2	3.85175968521016e-113	2.27327291554117	0.353	0.079	7.71199324172778e-109
PPT1	2	2.88071084900623e-112	1.85585096503949	0.558	0.206	5.76775926188027e-108
GNAI2	2	8.95435888341546e-112	1.1496473567024	0.86	0.552	1.79284173563744e-107
CHMP1B	2	1.47716728972435e-111	1.99584264306765	0.469	0.144	2.9575843474861e-107
NAGK	2	5.71028899393324e-110	1.80740296764822	0.562	0.212	1.14331406236531e-105
FAM105A	2	8.51285043885785e-110	2.23383189817307	0.353	0.082	1.70444291486812e-105
CHN2	2	3.24774840743934e-109	2.53096495270065	0.3	0.06	6.50264186137505e-105
SRGAP1	2	3.65198825193156e-109	2.21024380107914	0.374	0.093	7.31201087801737e-105
CORO1A	2	1.10894804786016e-108	1.58434671449177	0.387	0.092	2.22033578142561e-104
TSPO	2	3.80547434736487e-108	1.49692177734254	0.709	0.34	7.61932073829393e-104
PLSCR1	2	4.35166470756209e-108	1.6653085894584	0.605	0.249	8.71290307748081e-104
SNX6	2	5.27945961491501e-108	1.6805465690604	0.705	0.369	1.05705340409828e-103
BCAT1	2	1.13059687001524e-107	2.43901266259157	0.321	0.069	2.26368105314451e-103
PKIB	2	2.1535556141076e-107	2.31182214260712	0.318	0.067	4.31184905056624e-103
MALAT1	2	2.0143576775813e-106	0.603324565611039	1	1	4.03314694205329e-102
CTSH	2	2.95332699812348e-105	1.55252120088012	0.712	0.37	5.91315131564284e-101
GRB2	2	4.48166337417837e-105	1.65814527022004	0.627	0.279	8.97318640777994e-101
MAN1A1	2	4.26045777668887e-104	2.3500362075078	0.399	0.112	8.53028856048646e-100
CEBPB	2	5.07632787718932e-103	1.60033491500589	0.623	0.262	1.01638236757085e-98
GPX4	2	9.50603517824208e-103	1.05400435778081	0.9	0.689	1.90329836338763e-98
KLF4	2	1.28539697135774e-102	1.85135791307431	0.37	0.093	2.57362181605246e-98
BMP2K	2	3.24634747654473e-101	1.96921124144732	0.413	0.118	6.49983691753786e-97
GCA	2	1.76664895485967e-100	2.20211438274722	0.321	0.073	3.53718453742003e-96
MX2	2	3.20129346183433e-100	2.48573005859205	0.257	0.046	6.4096297692847e-96
MARCH2	2	3.38896923945069e-100	2.49770679050945	0.265	0.05	6.78539421122816e-96
MFSD12	2	5.62068749830763e-100	2.36128366209577	0.303	0.066	1.12537405091115e-95
TPT1	2	4.17747585208088e-99	0.592014045227617	1	1	8.36414215103633e-95
FOSB	2	8.19906549891813e-99	1.4041148571216	0.575	0.213	1.64161689419339e-94
RILPL2	2	1.00845290524335e-98	1.85157978286127	0.422	0.127	2.01912440687824e-94
SNX29	2	1.0854786013869e-98	2.07415150317878	0.377	0.103	2.17334525569685e-94
CFL1	2	1.77038474643696e-98	0.950348547605904	0.923	0.715	3.54466433931608e-94
TNFSF12	2	1.77605689166099e-97	2.08197126783849	0.38	0.106	3.55602110848362e-93
GK	2	2.74702100020974e-97	2.29299763898612	0.295	0.063	5.50008544661994e-93
VMP1	2	3.23152134491995e-97	1.57083204469192	0.782	0.493	6.47015203679873e-93
PHACTR1	2	9.5412000845454e-97	2.23309579170223	0.299	0.065	1.91033908092768e-92
C9orf72	2	2.97896386338507e-96	2.28604951473807	0.303	0.068	5.96448144726958e-92
NAAA	2	5.28499956693229e-96	2.41082183632507	0.257	0.048	1.05816261329118e-91
SNX10	2	8.71912119043133e-96	2.21882709212983	0.316	0.074	1.74574244474816e-91
CD48	2	1.9904008708878e-95	2.08130668446951	0.278	0.056	3.98518062369155e-91
RTN3	2	3.83448245323139e-95	1.8105632132193	0.458	0.152	7.67740076785989e-91
CLIC1	2	5.2440664111479e-95	1.08609265260695	0.852	0.593	1.04996697684003e-90
TKT	2	7.10757519938991e-94	1.63926258363181	0.605	0.279	1.42307870642185e-89
CPEB4	2	1.51525108472018e-93	2.13611810804014	0.347	0.091	3.03383572182675e-89
LRRK2	2	4.08066603097496e-93	2.27965983944897	0.287	0.063	8.17030952721807e-89
HSPA6	2	6.93891731008845e-93	1.62196297041631	0.376	0.101	1.38931002382591e-88
KIAA0930	2	1.14227850865477e-92	2.46711847067603	0.266	0.054	2.28707003002857e-88
KLF2	2	1.52498953626242e-92	1.49673420268562	0.45	0.144	3.05333404950462e-88
SIRPA	2	2.43253345653787e-92	2.01430144130068	0.369	0.103	4.87041848668011e-88
RGS19	2	5.96028019089443e-92	1.9495940394349	0.374	0.106	1.19336729982088e-87
WIPF1	2	5.33892105331126e-91	1.56143636519307	0.535	0.207	1.06895877329398e-86
COTL1	2	7.82240832390152e-91	1.48775432405206	0.619	0.284	1.56620259461156e-86
OAS1	2	6.89811686889339e-89	2.02697879603475	0.307	0.074	1.38114095948984e-84
HN1	2	1.18057199075091e-88	1.33049125643856	0.538	0.215	2.36374123988148e-84
TXNIP	2	1.36073818016013e-88	1.06841043119419	0.97	0.877	2.72446998431661e-84
LSP1	2	1.41728152191565e-88	1.68649811011271	0.429	0.139	2.83768106317952e-84
HBEGF	2	1.48314384334918e-88	2.32417167697817	0.255	0.052	2.96955060315373e-84
IRAK3	2	2.1830550429213e-87	1.82364195887095	0.383	0.114	4.37091280693703e-83
USP15	2	4.65044548208154e-87	1.47262799320525	0.571	0.241	9.31112194422367e-83
TMEM70	2	1.20093387452897e-86	2.04148030255694	0.433	0.154	2.40450980358191e-82
CELF2	2	1.92741976761996e-86	1.551494478844	0.505	0.192	3.85907985872868e-82
TAOK3	2	4.69466836643223e-86	1.75943499884262	0.46	0.165	9.39966500327061e-82
ARHGAP26	2	6.14632301262069e-86	2.12711037408264	0.257	0.053	1.23061679358691e-81
ATP5E	2	2.05944150096476e-85	0.65458035716057	0.992	0.96	4.12341377323164e-81
CAT	2	2.26681566032463e-85	1.81739217696367	0.413	0.135	4.53861831510197e-81
KIAA1598	2	1.56007062312729e-83	2.08138217081533	0.303	0.076	3.12357340162546e-79
S100A4	2	1.80409062484283e-83	1.23452867431637	0.746	0.443	3.61215024906032e-79
CD83	2	3.28523783039875e-83	0.903528210536471	0.329	0.085	6.57770318402438e-79
USP53	2	3.48239558210021e-83	1.62559732694543	0.451	0.159	6.97245243448103e-79
AHR	2	3.90905820595352e-83	1.68989297473237	0.395	0.122	7.82671633996013e-79
RAPGEF1	2	1.95697709164332e-82	1.91639407914231	0.362	0.108	3.91825953288825e-78
ALCAM	2	2.24002741856117e-82	1.99265191830297	0.299	0.074	4.48498289744317e-78
GNA13	2	6.69644455342621e-82	1.80906497469366	0.427	0.149	1.340762128487e-77
ATP6V0B	2	1.30108660445445e-81	1.1067215225669	0.82	0.598	2.6050355994387e-77
PPP1R18	2	8.82788281943242e-81	1.6868776275199	0.407	0.135	1.76751869810676e-76
ADRBK1	2	2.07593841927724e-80	1.93278942348291	0.351	0.105	4.15644390307689e-76
RPS25	2	3.68447674139208e-80	0.657542976955725	0.992	0.967	7.37705933161523e-76
PAK1	2	4.21234585147403e-80	2.00150840401725	0.309	0.082	8.4339588638213e-76
LMO2	2	1.22288137653986e-79	1.4324756360494	0.31	0.079	2.44845309210811e-75
GIMAP5	2	2.03184597062832e-79	1.95794501901552	0.258	0.057	4.06816200239203e-75
UBXN2B	2	2.10202485854339e-79	2.03464980938768	0.291	0.073	4.20867417177557e-75
SERP1	2	1.32479611335639e-78	1.02348203037738	0.824	0.615	2.65250677816217e-74
TMEM176A	2	1.36070380263332e-78	1.47524638552924	0.532	0.226	2.72440115363244e-74
APMAP	2	4.8957769640238e-78	1.69006801305676	0.449	0.169	9.80232463736844e-74
SLC2A3	2	8.64074014168121e-78	1.81860580062378	0.412	0.145	1.73004899116741e-73
FRMD4B	2	2.26074529649489e-77	1.62110726059348	0.37	0.114	4.52646423264207e-73
ETV6	2	1.89428890762736e-76	1.82023893342962	0.366	0.117	3.7927452508515e-72
VEGFB	2	3.07263317385824e-76	1.56844586572897	0.484	0.196	6.15202614069898e-72
ARPC5	2	7.2305007224956e-76	0.981290108348741	0.849	0.657	1.44769085465807e-71
NCOA4	2	1.47722440533698e-75	1.68895232586103	0.475	0.195	2.95769870436569e-71
COMT	2	2.5080676859676e-75	1.44342470603448	0.54	0.24	5.02165312084432e-71
PICALM	2	2.58023207925365e-75	1.75783998902987	0.414	0.15	5.16614066908166e-71
FNBP1	2	2.85811406224708e-75	1.5548363563195	0.455	0.174	5.7225159754311e-71
ARPC2	2	2.88074404029566e-75	0.990317122966009	0.845	0.642	5.76782571747997e-71
LRRFIP1	2	1.51062470737039e-74	1.27637376626252	0.631	0.321	3.024572789097e-70
EIF4A1	2	5.90289853201429e-74	0.854017935283028	0.912	0.732	1.1818783440799e-69
M6PR	2	1.36234403389418e-73	1.53837858306351	0.488	0.203	2.72768522466293e-69
MTRNR2L2	2	1.7917083783747e-73	1.07059240698562	0.894	0.7	3.58735851518182e-69
ZFP36L2	2	2.12523293135559e-73	0.988195849662395	0.911	0.754	4.25514137516016e-69
WSB1	2	5.5663036154839e-73	1.19370282657182	0.671	0.358	1.11448530989219e-68
CAP1	2	7.79364843978218e-73	1.33312288249564	0.588	0.288	1.56044429061319e-68
ATP6V1B2	2	6.29665610577772e-72	1.7680041500015	0.396	0.141	1.26071648549882e-67
MKNK1	2	6.68185574397922e-72	2.03909571441887	0.278	0.073	1.33784115705952e-67
METRNL	2	1.03575888750632e-71	1.34449758369824	0.609	0.315	2.07379644456515e-67
ID2	2	1.15205648742566e-71	1.60026375338895	0.394	0.134	2.30664749912366e-67
DPYD	2	1.25641262952742e-71	1.59327816229537	0.403	0.142	2.5155893668398e-67
CTSA	2	1.42233975870441e-70	1.52535886452627	0.494	0.214	2.84780866487797e-66
TBC1D22A	2	1.83638310615582e-70	2.08484366246494	0.267	0.069	3.67680625514518e-66
DNAJC4	2	2.22198460713401e-70	1.93758650271811	0.285	0.078	4.44885758040371e-66
IER5	2	2.99776981740508e-70	1.37642274492995	0.572	0.284	6.00213472840845e-66
ATG3	2	6.93632028585133e-70	1.6028401810658	0.387	0.135	1.38879004763315e-65
CITED2	2	9.70440705079362e-69	1.97945042595216	0.333	0.107	1.9430163797099e-64
DNM2	2	1.57502323335374e-68	1.60561132759752	0.401	0.145	3.15351151782085e-64
VEGFA	2	1.81045401859467e-68	1.87767971965242	0.412	0.158	3.62489103603026e-64
AKR1B1	2	2.82602770082445e-68	1.57691380710027	0.455	0.188	5.65827266259071e-64
SLC8A1	2	5.48530794040247e-68	1.46628927600365	0.416	0.153	1.09826835582738e-63
APAF1	2	1.43849953740038e-67	1.84417971731414	0.34	0.112	2.88016377378304e-63
GNB4	2	2.74410136334622e-67	1.82107319419163	0.316	0.097	5.4942397496918e-63
ATF3	2	3.53186760895843e-67	1.36229942076101	0.409	0.152	7.07150532665657e-63
SLC4A7	2	3.54787535997197e-67	1.49322053093662	0.436	0.17	7.10355604573588e-63
SOAT1	2	7.80887422041215e-67	1.77985873634728	0.344	0.114	1.56349279641092e-62
PNRC1	2	1.74239428359069e-66	0.838999683306216	0.882	0.681	3.48862183460527e-62
PRPF38B	2	1.97528801419625e-66	1.41158039682192	0.502	0.224	3.95492166202374e-62
PTPLAD2	2	2.68969080633403e-66	1.82580309127959	0.311	0.096	5.385298932442e-62
CNTRL	2	2.80910648253299e-66	1.68493568803936	0.359	0.122	5.62439299932756e-62
TFRC	2	3.39062914303037e-66	2.28882917564748	0.296	0.09	6.78871767017541e-62
MCOLN1	2	1.23131388232777e-65	1.66636388812566	0.392	0.146	2.46533665519665e-61
RP11-796E2.4	2	1.98008133729231e-65	2.17397376876198	0.255	0.068	3.96451885352666e-61
CKLF	2	2.54792433884342e-65	1.40056139586177	0.472	0.203	5.10145411123229e-61
TNFAIP8	2	4.26236351424332e-65	1.40293676163094	0.413	0.157	8.53410422821797e-61
CAB39	2	7.15901953260967e-65	1.69162852704437	0.37	0.132	1.43337889081911e-60
CLEC2B	2	2.47032103974526e-64	1.14148364671681	0.564	0.274	4.94607678577796e-60
RNF13	2	2.58882783362198e-64	1.38055013914178	0.531	0.258	5.18335108847792e-60
ARRDC2	2	2.81795369561473e-64	1.95486356262111	0.276	0.079	5.64210688935981e-60
TMEM66	2	7.75656444930814e-63	0.869920210777102	0.823	0.648	1.55301933404048e-58
HSPH1	2	1.12917871491692e-62	0.869315339416738	0.654	0.373	2.26084162300667e-58
PRR13	2	1.49388695269298e-62	1.51560608590899	0.399	0.153	2.99106045668189e-58
CARD8	2	1.53781819950954e-62	1.62757181993221	0.351	0.122	3.07901959905801e-58
PPP1R10	2	2.02182626904994e-62	1.32939307494881	0.523	0.249	4.04810055589179e-58
PHF20	2	4.09465029091318e-62	1.54286385106396	0.428	0.177	8.19830881246637e-58
PTBP3	2	4.71060213032895e-62	1.70689263569812	0.346	0.12	9.43156758534462e-58
TNFSF10	2	6.81780902749733e-62	1.28053739120406	0.295	0.087	1.36506172348552e-57
SWAP70	2	7.77214588315309e-62	1.54337474399132	0.357	0.127	1.55613904872491e-57
CASP4	2	8.53374894694899e-62	1.5530690751613	0.374	0.138	1.70862721415813e-57
NFIL3	2	9.8206313717138e-61	1.77016064523246	0.298	0.093	1.96628681324454e-56
TPM3	2	1.33096508812858e-60	0.97655161124124	0.754	0.491	2.66485829945105e-56
EEF1D	2	1.52375236833288e-60	0.7390846364622	0.893	0.756	3.05085699187609e-56
UVRAG	2	1.97748526186907e-60	1.68159460151963	0.289	0.088	3.95932099131425e-56
JUN	2	9.31862074580377e-60	1.12089041849637	0.883	0.715	1.86577424572483e-55
LACTB	2	9.592741684995e-60	1.55644166186581	0.355	0.128	1.9206587401697e-55
TRMT1	2	1.07188884558908e-59	1.85906746833043	0.287	0.089	2.14613584663845e-55
HLA-F	2	1.30417717896336e-59	1.39648918858461	0.403	0.158	2.61122354772044e-55
SH3KBP1	2	1.59271092105714e-59	1.42014448132266	0.42	0.17	3.18892580614061e-55
ELF1	2	2.22483469085538e-59	1.25483233234836	0.48	0.216	4.45456401803064e-55
HSP90AA1	2	6.145226962253e-59	0.581082607083784	0.997	0.98	1.2303973423823e-54
TGOLN2	2	7.46029908291361e-59	1.21109744352332	0.565	0.293	1.49370108238096e-54
SCAMP2	2	9.56481743453313e-59	1.37066026042505	0.494	0.235	1.91506774674222e-54
DSE	2	1.3874527817032e-58	1.33564636702139	0.442	0.187	2.77795795952614e-54
ARAP1	2	2.85790209384782e-58	1.8349057627843	0.278	0.086	5.72209157230211e-54
PLIN2	2	3.57861748312842e-58	1.8087672930159	0.428	0.19	7.16510792471973e-54
SIPA1	2	4.03363765374616e-58	1.8236683251165	0.272	0.082	8.07614931033056e-54
NUP214	2	6.32568454408313e-58	1.58163553576536	0.357	0.132	1.26652855941633e-53
KIAA1033	2	1.31136960357407e-57	1.47438823189185	0.396	0.159	2.625624220276e-53
ARL6IP5	2	1.56891840031218e-57	1.03915481155952	0.627	0.35	3.14128842110505e-53
SNX2	2	2.90033588646861e-57	1.25034427262441	0.529	0.266	5.80705251188745e-53
CAPZB	2	3.41063781853889e-57	1.01322655155038	0.733	0.496	6.82877904027856e-53
CYTIP	2	5.23558763473098e-57	1.20931328913065	0.27	0.078	1.04826935622584e-52
ZNF267	2	1.44052954161144e-56	1.7670016982825	0.27	0.082	2.88422824821442e-52
CD58	2	5.55656640170258e-56	1.75419835047647	0.263	0.08	1.11253572494889e-51
UBXN1	2	6.51597833742534e-56	1.18849775191595	0.578	0.318	1.3046291827193e-51
TRIM38	2	8.71462175171047e-56	1.42697156516301	0.366	0.139	1.74484156712747e-51
ISG20	2	1.32549747920978e-55	1.31531410924326	0.269	0.08	2.65391105287381e-51
TWF2	2	4.3977625278277e-55	1.4519475482464	0.388	0.158	8.80520013321662e-51
XAF1	2	4.8124625685213e-55	1.58043128273977	0.32	0.111	9.63551255469335e-51
TNFRSF14	2	4.81429708841736e-55	1.51140248352248	0.348	0.13	9.63918563042924e-51
PLEKHB2	2	8.58974166861677e-55	1.57933297557085	0.328	0.118	1.71983807689045e-50
IRF7	2	8.63562716265296e-54	0.783861328206286	0.311	0.106	1.72902527050637e-49
PTPN18	2	1.27861743881944e-53	1.73252043705831	0.278	0.091	2.56004783600429e-49
DHRS7	2	1.85684139738072e-53	1.31889102221934	0.472	0.225	3.71776784583568e-49
MCL1	2	2.6145136443997e-53	1.10998900711746	0.616	0.353	5.23477921881708e-49
ARL6IP1	2	3.73816633400388e-53	1.24630546477333	0.37	0.145	7.48455663394257e-49
DAZAP2	2	3.89405203885234e-53	1.32577429758272	0.436	0.197	7.79667099219015e-49
AAK1	2	1.15780230014108e-52	1.16287835423844	0.525	0.271	2.31815176534248e-48
PABPC1	2	2.04812470151397e-52	0.71214800985964	0.901	0.739	4.10075527737128e-48
ATP5L	2	2.9851928287282e-52	0.728809993015605	0.857	0.693	5.97695308167961e-48
RBPJ	2	5.55888294127237e-52	1.07270277721313	0.656	0.404	1.11299954250155e-47
ITSN2	2	6.61015219757206e-52	1.36551415095431	0.362	0.141	1.32348467299788e-47
SMS	2	8.87715979671658e-52	1.28181980375852	0.433	0.195	1.77738493449859e-47
HEXB	2	1.19975544349498e-51	1.20011516263929	0.472	0.223	2.40215034896566e-47
GRINA	2	1.88936757896482e-51	1.35252399307432	0.418	0.185	3.78289176660336e-47
MTRNR2L8	2	3.02932286742465e-51	0.978916689788228	0.829	0.66	6.06531024515763e-47
IQGAP1	2	8.26811257822715e-51	1.12507098173467	0.554	0.296	1.65544150041264e-46
ADAM9	2	1.83589639704895e-50	1.70894494610949	0.3	0.108	3.67583176617141e-46
TAPBP	2	1.84086094120279e-50	1.21651528617481	0.457	0.214	3.68577177647623e-46
CDC42SE2	2	7.63752118468526e-50	1.33124118790139	0.342	0.131	1.52918449159768e-45
NFKBIA	2	1.30958526898468e-49	0.819271773543159	0.705	0.486	2.62205162556113e-45
CLN8	2	1.37986879521961e-49	1.66175210171188	0.285	0.099	2.76277330178871e-45
FOXN2	2	1.97692152810727e-49	1.62018100250478	0.263	0.086	3.95819228357638e-45
CCDC107	2	3.01380897559257e-49	1.34883123539604	0.428	0.199	6.03424833093144e-45
BROX	2	3.39566823210925e-49	1.52931435380696	0.313	0.116	6.79880693432915e-45
PFDN5	2	1.62064999065815e-48	0.505639267158558	0.979	0.95	3.24486541129575e-44
SNAP23	2	1.99690809491482e-48	1.49116394464268	0.281	0.097	3.99820938763846e-44
SH3BGRL	2	2.16696716308597e-48	0.830954358587972	0.79	0.605	4.33870165393073e-44
CFLAR	2	4.61096779174885e-48	1.06180116133188	0.449	0.203	9.23207971263955e-44
GAPDH	2	5.64965276979739e-48	0.617612279883617	0.984	0.951	1.13117347756883e-43
FAM111A	2	5.33998723087538e-47	1.31031071837072	0.326	0.125	1.06917224336587e-42
CCNH	2	6.41633867108036e-47	1.2270890086225	0.379	0.161	1.28467932872371e-42
STK4	2	7.61273892836185e-47	0.843901153424704	0.472	0.225	1.52422258823661e-42
FUCA1	2	2.56169721416131e-46	1.70180151425812	0.291	0.109	5.12903016219377e-42
RAB32	2	2.89099694288433e-46	1.33104211823072	0.403	0.187	5.788354079043e-42
ZFP36L1	2	7.089626193056e-46	1.03523956963764	0.826	0.653	1.41948495637367e-41
MXD1	2	9.28258565692139e-46	1.27530843997657	0.283	0.101	1.8585593002288e-41
RNF166	2	1.53032007762782e-45	1.48198062247734	0.291	0.107	3.06400685942642e-41
ATP6AP2	2	1.66343749395286e-45	1.04698009970432	0.632	0.417	3.33053455039242e-41
SLC40A1	2	1.70625904152097e-45	1.62878363209016	0.454	0.238	3.41627185293329e-41
STX4	2	1.73696093119449e-45	1.41927102616089	0.373	0.166	3.4777431764376e-41
TRABD	2	2.42548590497024e-45	1.44982314926178	0.336	0.137	4.85630787893142e-41
IFI44L	2	2.49405854708622e-45	1.35096667103406	0.342	0.14	4.99360402297602e-41
CYTH1	2	2.76269517371094e-45	1.54725068941035	0.287	0.106	5.53146827680404e-41
CMIP	2	2.76810459561787e-45	1.55438755395707	0.269	0.094	5.54229902134609e-41
BNIP3L	2	3.51174064708014e-45	1.13572305726292	0.575	0.347	7.03120712358386e-41
GNS	2	4.91537602513922e-45	1.31783234175712	0.405	0.189	9.84156587753375e-41
CORO1B	2	5.71472054034902e-45	1.23664877116433	0.37	0.161	1.14420134658868e-40
SERPINB6	2	5.79406964758044e-45	1.2922707190351	0.355	0.149	1.16008862483856e-40
VAMP5	2	6.83675395886419e-45	1.21944729570908	0.405	0.183	1.36885487764379e-40
ABRACL	2	7.63411717175202e-45	1.37152069764319	0.298	0.111	1.52850294012819e-40
APOE	2	1.3078667616937e-44	1.65133283652655	0.763	0.65	2.61861083026313e-40
PDCL3	2	1.34362038301395e-44	1.57053218333817	0.276	0.1	2.69019673087052e-40
FLOT1	2	1.69382754088258e-44	1.1963571927544	0.455	0.23	3.39138150235509e-40
TMEM219	2	5.32026056298167e-44	1.09070594054806	0.505	0.274	1.06522256992019e-39
LAMP2	2	4.41891454389046e-43	1.10843082593826	0.546	0.323	8.84755069977749e-39
CTTNBP2NL	2	6.48814411209733e-43	1.48753908082392	0.294	0.113	1.29905621412413e-38
DDAH2	2	1.47159913408691e-42	1.09041439418986	0.45	0.223	2.94643578626881e-38
ZNF524	2	2.37725691798523e-42	1.60609971148734	0.254	0.09	4.75974380119003e-38
CEP170	2	5.34239936726395e-42	1.18096881122133	0.465	0.245	1.06965520131359e-37
B4GALT1	2	5.45290035671389e-42	1.4312214041864	0.32	0.134	1.09177970942125e-37
EMB	2	1.12433179271757e-41	1.15211786664638	0.418	0.202	2.25113711537912e-37
RPS27	2	1.14820290369356e-41	0.356103065734742	1	0.999	2.29893185377524e-37
GPR108	2	1.32336934794694e-41	1.40612182151931	0.305	0.122	2.64965010845936e-37
ANKRD37	2	1.37655309557638e-41	1.05137034627826	0.299	0.117	2.75613460796303e-37
LAP3	2	1.50974974818812e-41	1.24056382116772	0.431	0.214	3.02282094582225e-37
CAST	2	1.56952190515718e-41	0.944485231753757	0.594	0.357	3.14249675850571e-37
SERPINB1	2	3.80120839760243e-41	1.09531660647703	0.442	0.221	7.61077945367958e-37
DNAJA1	2	5.99141565339535e-41	0.358814308252195	0.753	0.538	1.19960124212282e-36
SSH2	2	7.31368502901144e-41	1.54863308064029	0.258	0.094	1.46434601650867e-36
HSD17B11	2	7.52834355376834e-41	1.12754195486438	0.443	0.225	1.5073249463355e-36
RP11-439A17.7	2	8.26968120766298e-41	1.56679838247953	0.265	0.098	1.65575557139828e-36
CACUL1	2	9.44703075025565e-41	1.4224953995145	0.285	0.111	1.89148449681619e-36
TGFB1	2	1.12172373128614e-40	0.987580635184206	0.454	0.228	2.24591525478111e-36
CLK1	2	1.44629509491991e-40	0.757830265759918	0.565	0.321	2.89577203904865e-36
GLA	2	2.92894404587343e-40	1.36214302144734	0.289	0.114	5.86433176864778e-36
PLXDC2	2	4.19548904923082e-40	0.864110681378884	0.616	0.383	8.40020817436994e-36
TMEM179B	2	7.52647086576294e-40	1.35228413169618	0.3	0.121	1.50694999674306e-35
EPS15	2	9.22162041267593e-40	1.43929231044394	0.333	0.147	1.84635283902598e-35
LITAF	2	1.42962127005245e-39	1.04787202866063	0.554	0.343	2.86238770689902e-35
GNPTAB	2	1.56160382729256e-39	1.35409621459516	0.31	0.13	3.12664318300516e-35
ZNF331	2	1.89520482805623e-39	0.763671103096754	0.381	0.178	3.79457910673418e-35
LPCAT2	2	4.44454780199482e-39	1.17591721484696	0.324	0.136	8.89887360915403e-35
MSN	2	1.83482294209096e-38	0.891404441993441	0.547	0.314	3.67368249465452e-34
SLC38A2	2	2.5743034321344e-38	1.14229886331193	0.501	0.298	5.1542703318195e-34
PSMB9	2	2.68802847156243e-38	1.08073815426965	0.41	0.201	5.3819706057623e-34
BAZ1A	2	4.22275906020547e-38	1.22838645182548	0.325	0.14	8.45480819034339e-34
CDC42SE1	2	6.34469862345744e-38	1.08045237076662	0.359	0.162	1.27033555838865e-33
GSTO1	2	7.59467407662729e-38	0.984045945122149	0.579	0.374	1.52060564362232e-33
RPS29	2	1.94136991143274e-37	0.382196675280331	0.993	0.975	3.88701083667064e-33
FLII	2	2.39271128147816e-37	1.53635271840893	0.251	0.095	4.79068652777557e-33
LYSMD2	2	3.18625883929959e-37	1.28330761646411	0.28	0.111	6.37952744804565e-33
SEC14L1	2	1.90702215237492e-36	0.828198931920249	0.524	0.301	3.81823975348506e-32
SP110	2	2.15013026230103e-36	1.1881398074802	0.343	0.156	4.30499081117912e-32
QKI	2	2.54607299854259e-36	0.74807224767963	0.731	0.54	5.09774735768198e-32
CREBRF	2	4.10904628074677e-36	1.12921676369211	0.402	0.203	8.22713246331117e-32
TMEM123	2	5.01196013574174e-36	1.06955711685226	0.438	0.234	1.00349465837821e-31
MAT2A	2	5.29489028711819e-36	1.22997160904211	0.432	0.233	1.0601429332868e-31
MOB1A	2	6.87373509653664e-36	1.00938951193177	0.498	0.288	1.37625924102857e-31
RARRES3	2	7.1629763567036e-36	1.14720954342532	0.267	0.105	1.43417112613919e-31
UBE2D3	2	9.37534752864596e-36	0.882537244020706	0.641	0.428	1.87713208218549e-31
AMD1	2	1.52593481226833e-35	0.945779101523758	0.457	0.245	3.05522668112365e-31
RPS3	2	1.65853351219366e-35	0.362722554469261	0.997	0.984	3.32071579811415e-31
PIP4K2A	2	4.31048711529143e-35	1.30539011454238	0.258	0.101	8.6304573022365e-31
MT2A	2	8.00228386279041e-35	0.775433086913254	0.407	0.21	1.60221727500789e-30
CNDP2	2	1.06829135161287e-34	1.24370696218428	0.303	0.132	2.1389329441993e-30
SYAP1	2	1.09271404440264e-34	1.08253843387807	0.409	0.212	2.18783205970296e-30
GYPC	2	1.94661492278687e-34	1.01638094632606	0.494	0.304	3.89751239840388e-30
YWHAB	2	2.02780881851388e-34	0.576316625205816	0.804	0.654	4.06007881642849e-30
IFRD1	2	2.10502075798738e-34	1.21978643055448	0.377	0.189	4.21467256164233e-30
FKBP5	2	4.32878020610844e-34	0.740680026301778	0.646	0.423	8.66708372867032e-30
UPP1	2	5.40862648589113e-34	1.03424400536584	0.292	0.122	1.08291519500512e-29
RPL36AL	2	1.04163927155438e-33	0.508219108822408	0.909	0.818	2.08557014950619e-29
GSTP1	2	1.76827607942417e-33	0.617161089604031	0.831	0.721	3.54044236622308e-29
GAA	2	3.27849049512271e-33	1.07110587589928	0.439	0.246	6.56419366933469e-29
C10orf11	2	3.37308982856202e-33	1.29775815218707	0.277	0.118	6.75360045474687e-29
TMEM2	2	4.1111573995073e-33	0.997130410121803	0.348	0.165	8.23135934529351e-29
FUOM	2	7.19550368330778e-33	1.30103622040283	0.272	0.115	1.44068374747188e-28
MX1	2	9.64759735852523e-33	1.29325547143908	0.291	0.128	1.93164194312392e-28
IRF1	2	1.60122742507834e-32	0.918350526587638	0.309	0.136	3.20597755049185e-28
RAB8A	2	1.60193298005742e-32	1.01438898772535	0.433	0.241	3.20739021267096e-28
HMGB2	2	1.76206822535189e-32	0.354496372122239	0.556	0.339	3.52801300079955e-28
ELMO1	2	2.60796063539045e-32	1.17027788305514	0.309	0.141	5.22165878417875e-28
NMI	2	3.63680862339716e-32	1.32467451729755	0.255	0.105	7.28161822576579e-28
DDT	2	4.94482684374372e-32	0.915972273418869	0.438	0.238	9.90053230654367e-28
FKBP15	2	5.59135229525139e-32	1.28664901403649	0.262	0.11	1.11950055655523e-27
MGST2	2	7.09218833509377e-32	0.816690192500433	0.401	0.203	1.41999794845248e-27
IL10RB	2	8.96180572383036e-32	1.26652491754589	0.3	0.138	1.79433274202531e-27
JDP2	2	1.18332866231704e-31	1.06459546757413	0.385	0.2	2.36926064769118e-27
IER2	2	2.15143643962392e-31	0.919586719311263	0.579	0.401	4.30760603941502e-27
BLVRA	2	4.66949404093038e-31	1.37241265699401	0.261	0.112	9.34926096875081e-27
NOP10	2	6.93285337094151e-31	0.929202250603725	0.498	0.303	1.38809590192991e-26
UQCR10	2	5.26864577726271e-30	0.641871666551203	0.748	0.588	1.05488825752354e-25
ACTR2	2	5.99666959807857e-30	0.826893578598309	0.601	0.411	1.20065318692729e-25
ZFAND5	2	1.67026308650734e-29	0.869010884613105	0.498	0.31	3.344200751805e-25
TET2	2	2.95542681472551e-29	1.06346321009808	0.368	0.193	5.91735556844342e-25
MIS18BP1	2	6.90707758366848e-29	0.73725848805476	0.455	0.257	1.3829350738021e-24
PQLC3	2	1.14893282041135e-28	1.27760618068099	0.263	0.118	2.30039329302761e-24
YPEL3	2	1.29252575380949e-28	0.885640121439205	0.514	0.33	2.58789506427736e-24
RTN4	2	1.72025623954019e-28	0.744225764401694	0.569	0.371	3.44429704280737e-24
RUNX1	2	1.88402831700209e-28	0.816354826539041	0.439	0.245	3.77220149630159e-24
ATP6V0D1	2	4.66965403490233e-28	0.996928659855177	0.392	0.216	9.34958130868145e-24
FOSL2	2	4.6869366490919e-28	1.10481912125955	0.263	0.117	9.3841845588118e-24
ACTB	2	5.44001706508909e-28	0.387913903752124	0.995	0.968	1.08920021677214e-23
DDX5	2	6.46398805540053e-28	0.431376168241178	0.955	0.871	1.2942196884523e-23
LINC00936	2	7.03960095025918e-28	1.25858775132014	0.325	0.167	1.40946890226089e-23
EIF2AK4	2	2.70638398475518e-27	1.0136787475574	0.37	0.2	5.41872201427683e-23
STK17B	2	2.89946819665711e-27	0.924445418008053	0.309	0.149	5.80531522334687e-23
C12orf45	2	4.19140883062674e-27	1.06117610389786	0.307	0.151	8.39203876068086e-23
PTPN2	2	4.80704428012185e-27	0.990002780892925	0.337	0.172	9.62466405765996e-23
MYH9	2	8.16107945191625e-27	0.731076465022144	0.347	0.174	1.63401132786267e-22
NIN	2	8.91191689871607e-27	1.04592620758814	0.291	0.139	1.78434400146093e-22
SQSTM1	2	1.05984046684915e-26	0.648156713066147	0.782	0.656	2.12201258272537e-22
MBOAT7	2	1.61800708793562e-26	1.26096612081743	0.258	0.119	3.2395737914647e-22
ANKRD13D	2	2.0902777432313e-26	1.18722159522868	0.25	0.112	4.1851540974977e-22
MTSS1	2	3.65431597137824e-26	1.22672818363227	0.296	0.147	7.3166714378935e-22
DDX3X	2	4.93275969532142e-26	0.867357307891361	0.51	0.33	9.87637146197255e-22
RNPEP	2	4.98772108752187e-26	1.06216026619983	0.298	0.147	9.98641516143628e-22
COLGALT1	2	1.0914572825075e-25	1.11741012676529	0.281	0.136	2.18531577103651e-21
CCNL1	2	5.51725149387879e-25	0.819937660846202	0.556	0.381	1.10466409410441e-20
KLF6	2	8.06400271601474e-25	1.00437286674109	0.575	0.412	1.61457462380047e-20
C1orf63	2	8.60657203917155e-25	0.574384637722607	0.763	0.612	1.72320785368293e-20
VPS28	2	8.70639357992352e-25	0.717186121433268	0.536	0.354	1.74319412257229e-20
PSME1	2	1.0192541522856e-24	0.770263620701996	0.502	0.322	2.04075066370622e-20
ABHD12	2	1.79928268069533e-24	1.13283708902531	0.261	0.124	3.60252378328819e-20
ARPC1B	2	2.46043071123041e-24	0.407667823078262	0.872	0.775	4.92627437002553e-20
ALDH2	2	2.4859008112842e-24	0.77163604282028	0.481	0.304	4.97727060435322e-20
DMXL2	2	2.95170529201096e-24	1.08535152501512	0.325	0.172	5.90990433566434e-20
PRMT10	2	3.07455149644817e-24	1.00956528168936	0.362	0.209	6.15586700618853e-20
MKNK2	2	4.52539317693365e-24	0.964618130146844	0.298	0.15	9.06074221885655e-20
FKBP2	2	4.95668520938356e-24	0.78483247087946	0.462	0.286	9.92427512622777e-20
RPL39	2	5.50052388761778e-24	0.257088845586875	0.999	0.999	1.10131489277883e-19
USF2	2	5.59395052450344e-24	0.778390948425038	0.446	0.272	1.12002077401608e-19
CTSL	2	6.18238419586779e-24	1.01053810373626	0.532	0.384	1.23783696369665e-19
STAT1	2	6.23090654982992e-24	1.11581678402134	0.344	0.189	1.24755210940695e-19
MAX	2	1.11355665035782e-23	0.939194927849195	0.355	0.198	2.22956312534642e-19
CISD2	2	1.24724999417647e-23	1.04703353384351	0.299	0.153	2.49724393834014e-19
SRSF7	2	1.25127304842196e-23	0.491986508688502	0.771	0.635	2.50529889755045e-19
ALKBH7	2	1.59024680947576e-23	0.928900492180657	0.433	0.273	3.18399216193236e-19
AGFG1	2	1.72575604784018e-23	1.11601917248735	0.287	0.146	3.4553087589856e-19
STX12	2	1.75127390376542e-23	0.980969212323494	0.326	0.176	3.50640061011912e-19
LAMP1	2	1.76570439213086e-23	0.855304162082847	0.488	0.328	3.5352933339244e-19
IVNS1ABP	2	1.94695537715678e-23	0.966330734744453	0.373	0.216	3.8981940561433e-19
HSPB1	2	1.97467043774875e-23	0.925765051590192	0.778	0.729	3.95368515046055e-19
LAMTOR1	2	2.70203316431063e-23	0.789439878014424	0.492	0.324	5.41001080158275e-19
BAG1	2	7.04014117812875e-23	1.03519618130895	0.295	0.153	1.40957706668494e-18
MT-ND1	2	1.16219818124479e-22	0.4011605336715	1	0.999	2.32695319848832e-18
ACTR3	2	1.22635065283498e-22	0.814604359592046	0.458	0.294	2.45539927710619e-18
FEZ2	2	1.29274447391008e-22	0.861347208137261	0.39	0.229	2.58833298566276e-18
RAP1A	2	1.55703310301786e-22	0.838886259620073	0.427	0.261	3.11749167886235e-18
MEF2A	2	2.10418155390246e-22	0.720317457800694	0.584	0.419	4.2129923072235e-18
CHPT1	2	2.28470519749257e-22	1.06600222809013	0.252	0.122	4.57443674641963e-18
LMBRD1	2	2.49917995872607e-22	1.04888986109003	0.259	0.127	5.00385811336133e-18
PPP1R14B	2	2.93553685871113e-22	0.352736166499147	0.336	0.177	5.87753189851142e-18
SLC25A5	2	3.05999058864068e-22	0.624430475506142	0.61	0.444	6.12671315657637e-18
REEP5	2	3.2282291573316e-22	0.689897340509427	0.531	0.357	6.46356041880933e-18
GNAQ	2	3.54694356945944e-22	1.01982604820059	0.273	0.137	7.1016904147717e-18
ZCCHC6	2	3.93590171999938e-22	1.11397407598519	0.284	0.147	7.88046242378276e-18
CDKN1A	2	4.77091959483204e-22	0.917697082759351	0.295	0.152	9.55233521277271e-18
RIT1	2	5.39476351918493e-22	1.05913337445053	0.251	0.122	1.08013955181121e-17
DDIT4	2	6.00256516355212e-22	1.02350748983163	0.69	0.566	1.2018335970464e-17
YBX1	2	1.17483231238271e-21	0.367434158984276	0.942	0.914	2.35224925585266e-17
ANXA11	2	1.51135698288084e-21	0.848835224614547	0.379	0.226	3.02603895112401e-17
JARID2	2	1.69987229505801e-21	1.05711447683803	0.261	0.13	3.40348430916514e-17
MTRNR2L12	2	2.00182422933979e-21	0.305279450786741	1	0.998	4.00805247198413e-17
DRAP1	2	2.52590228420978e-21	0.652245239770766	0.62	0.46	5.05736155344482e-17
ARID4A	2	2.68325224000583e-21	0.871071340460397	0.32	0.174	5.37240763493967e-17
CHORDC1	2	2.69352481675083e-21	0.753447142419463	0.374	0.217	5.39297538809851e-17
AIG1	2	3.07202912955123e-21	1.00860245116683	0.274	0.141	6.15081672318747e-17
KDM2A	2	4.33184256794267e-21	1.02730396677916	0.291	0.155	8.6732151895348e-17
KIAA1551	2	4.585853311774e-21	0.699481180767403	0.336	0.186	9.18179550083389e-17
CTBS	2	5.22457952300808e-21	0.970271812722674	0.28	0.145	1.04606531209668e-16
GAS6	2	5.5158763522801e-21	0.938085504941308	0.392	0.24	1.10438876325352e-16
CHMP4B	2	6.34609690516346e-21	0.929808056873855	0.302	0.162	1.27061552235183e-16
HEXIM1	2	9.58849634853137e-21	1.054736115341	0.294	0.159	1.91980873890295e-16
C6orf62	2	9.86128742490624e-21	0.884621878850255	0.394	0.244	1.97442696821473e-16
PPCS	2	2.09549183385083e-20	0.804367946706407	0.353	0.203	4.19559374973612e-16
ZC3HAV1	2	2.48012153971391e-20	0.824012485207611	0.296	0.157	4.9656993468152e-16
MAP1LC3B	2	2.60854502335324e-20	0.704902087191705	0.549	0.4	5.22282884575785e-16
UBC	2	3.32057197269757e-20	0.368836406218521	0.975	0.983	6.64844920373508e-16
ATP6V0E1	2	3.76301101992041e-20	0.437757760224506	0.844	0.748	7.53430066408464e-16
RNF114	2	4.73619568427467e-20	0.920745991716464	0.316	0.176	9.48281099905474e-16
CD2AP	2	5.99336082355387e-20	0.962784972287889	0.281	0.151	1.19999070409196e-15
LTA4H	2	6.97692308791808e-20	1.05146439112956	0.257	0.132	1.39691954066296e-15
SSR3	2	8.28031022785788e-20	0.644221491542116	0.553	0.394	1.65788371382171e-15
POLR2A	2	9.41192841609149e-20	1.04553812553041	0.269	0.142	1.88445630746984e-15
RNF213	2	1.67777816364983e-19	0.657962189432853	0.584	0.426	3.35924743925969e-15
LEPROTL1	2	6.08170412098206e-19	0.636037574029623	0.346	0.198	1.21767879910303e-14
SPTLC2	2	8.0770418134361e-19	0.927555321881907	0.262	0.138	1.61718531188618e-14
RANBP2	2	8.22730304753147e-19	0.973345112309266	0.387	0.247	1.64727061617675e-14
PHKB	2	8.43477629429298e-19	0.967679717905524	0.285	0.157	1.68881090964334e-14
SRGAP2	2	8.81223070108115e-19	0.798614516076735	0.383	0.235	1.76438483097047e-14
ARRDC3	2	1.47339519671602e-18	0.95023261199856	0.342	0.205	2.95003186286481e-14
BRI3	2	1.61254321824267e-18	0.359299797807312	0.878	0.772	3.22863403156547e-14
NUDT3	2	1.68113912289275e-18	0.70009814100035	0.454	0.305	3.36597675185587e-14
ERP29	2	2.75281617196769e-18	0.597939033467457	0.591	0.455	5.51168853951371e-14
IFNAR1	2	3.13831528400772e-18	0.752062606132481	0.403	0.258	6.28353486164025e-14
KLF3	2	3.2956328795589e-18	0.780900235489488	0.357	0.215	6.59851615145283e-14
CD44	2	3.82933351203874e-18	0.397989391115242	0.532	0.346	7.66709155780396e-14
PLXND1	2	5.17680444093427e-18	0.850851515494265	0.25	0.129	1.03649978516386e-13
PGK1	2	5.18554435961478e-18	0.692688713215892	0.477	0.324	1.03824969168207e-13
ERP44	2	5.97471448056751e-18	0.772537941179405	0.388	0.246	1.19625733329923e-13
SLC20A1	2	7.72272999449905e-18	1.00595115130428	0.259	0.14	1.5462449994986e-13
TXNDC12	2	9.7911972921316e-18	0.780886615007799	0.385	0.244	1.96039352183059e-13
SLC3A2	2	1.22489852134145e-17	0.61092670108752	0.494	0.34	2.45249181942985e-13
TALDO1	2	1.60240179736417e-17	0.692683128729411	0.521	0.375	3.20832887868254e-13
DCP2	2	1.76228195336648e-17	0.745714153103695	0.373	0.232	3.52844092703037e-13
STX8	2	1.77703140048246e-17	0.891581654648745	0.28	0.156	3.55797227004598e-13
ADIPOR1	2	1.98553729246168e-17	0.930448990168199	0.322	0.196	3.97544276696677e-13
H2AFY	2	2.29179016616209e-17	0.549114150224154	0.567	0.412	4.58862227068974e-13
VAMP3	2	2.5840213069466e-17	0.877518689217437	0.28	0.156	5.17372746076848e-13
TSPYL2	2	4.23720979044726e-17	0.881635522976585	0.333	0.207	8.48374144243351e-13
VPS29	2	4.52416915449707e-17	0.654662676925557	0.46	0.313	9.05829148113402e-13
TAF10	2	4.73441810916764e-17	0.647924486886542	0.439	0.291	9.47925193817546e-13
PLBD1	2	5.30729096198974e-17	0.933857786824387	0.311	0.187	1.06262579640959e-12
DPP7	2	5.39876614533751e-17	0.547218651353897	0.573	0.419	1.08094095761948e-12
TSEN34	2	7.00753313559463e-17	0.827965316011571	0.333	0.201	1.40304828440876e-12
YME1L1	2	7.56138720846597e-17	0.907954415025273	0.46	0.334	1.51394094687906e-12
IRF2	2	8.03385841966352e-17	0.871267653812135	0.296	0.171	1.60853913278503e-12
ROCK1	2	8.08673819500037e-17	0.639105186044532	0.495	0.345	1.61912672140297e-12
HIGD2A	2	1.17562185987812e-16	0.633239163158117	0.506	0.364	2.35383008784797e-12
UBAC2	2	1.42475044690648e-16	0.961330226323731	0.309	0.183	2.85263534479615e-12
PAK2	2	1.46842312619447e-16	0.646646557509422	0.521	0.379	2.94007678326657e-12
ZYX	2	1.50247785135103e-16	0.688159588913644	0.407	0.268	3.00826115397504e-12
UBE2L6	2	1.70089033711993e-16	0.902359377627128	0.267	0.15	3.40552263298152e-12
POLD4	2	1.70130812378698e-16	0.746225637169531	0.381	0.246	3.4063591254463e-12
BID	2	2.18190438325033e-16	0.765702322594923	0.309	0.181	4.36860895614381e-12
CHMP4A	2	2.86738177098726e-16	0.728475785814865	0.381	0.244	5.74107178187068e-12
PQLC1	2	2.88874012720023e-16	0.927503829650326	0.262	0.146	5.7838354826803e-12
CYLD	2	2.93443266971466e-16	0.833702319205327	0.258	0.141	5.87532109130269e-12
NCOA7	2	3.71256440099429e-16	0.609622778051035	0.252	0.135	7.43329644367076e-12
ITSN1	2	4.67764969192746e-16	0.973032952399731	0.281	0.165	9.36559021317717e-12
IFNGR2	2	4.7247386641082e-16	0.69945538588204	0.471	0.336	9.45987175327744e-12
NR4A1	2	4.95712093299278e-16	0.508733281713326	0.311	0.182	9.92514753203814e-12
TRAPPC1	2	5.98469575490581e-16	0.650891231161354	0.357	0.22	1.19825578404724e-11
EEF1B2	2	6.80499052672243e-16	0.371540507399681	0.89	0.849	1.36249520326036e-11
MAF1	2	7.22219201085646e-16	0.833131227462479	0.314	0.189	1.44602728441368e-11
MBNL1	2	8.61011867356251e-16	0.537852305206946	0.531	0.376	1.72391796082068e-11
ZSWIM7	2	1.35128571581827e-15	0.784895147699388	0.31	0.187	2.70554426021135e-11
YPEL5	2	1.56541966019132e-15	0.478452892893124	0.41	0.27	3.13428324363505e-11
VPS35	2	1.75742995378315e-15	0.672039245645531	0.471	0.337	3.51872625346463e-11
ADPGK	2	1.75758909072563e-15	0.717521301753888	0.353	0.222	3.51904487745086e-11
DGKZ	2	1.99437103681965e-15	0.842131712481394	0.258	0.145	3.9931296899203e-11
CCDC23	2	3.69660088282272e-15	0.961925384631169	0.269	0.157	7.40133428758766e-11
ATF6	2	3.8362154285805e-15	0.854286674882981	0.348	0.224	7.68087053110388e-11
DDX27	2	3.84812034818208e-15	0.721897858573162	0.366	0.238	7.70470656113017e-11
GABARAPL1	2	4.75318022937658e-15	0.881009352467646	0.31	0.192	9.51681745525778e-11
GSDMD	2	5.27858443687366e-15	0.768637453898568	0.27	0.154	1.05687817595085e-10
GGA1	2	5.51437684224647e-15	0.731724488678051	0.311	0.188	1.10408853135459e-10
PSME2	2	5.56582895247312e-15	0.887989565865071	0.425	0.296	1.11439027286417e-10
PPP1CA	2	6.86649530361888e-15	0.79795656706214	0.273	0.159	1.37480968969057e-10
VTI1B	2	8.40652087852166e-15	0.775554423611383	0.283	0.166	1.68315361029761e-10
CLNS1A	2	1.44879469305897e-14	0.818286786238036	0.324	0.206	2.90077673444266e-10
COMMD9	2	1.7950690628034e-14	0.873671081823563	0.258	0.15	3.59408727754496e-10
ALDOA	2	1.92117956576923e-14	0.457565028283719	0.75	0.662	3.84658572658315e-10
C19orf24	2	2.05305449778674e-14	0.726431109229495	0.284	0.167	4.11062571546861e-10
PAPD4	2	2.52578082313152e-14	0.834099533359933	0.266	0.156	5.05711836407394e-10
CTDNEP1	2	2.65451083830185e-14	0.850058365883988	0.276	0.165	5.31486160044796e-10
UBE2L3	2	2.73107992430261e-14	0.640987740028481	0.401	0.272	5.46816822443869e-10
DPYSL2	2	3.10491580091287e-14	0.612552353304731	0.395	0.265	6.21666241658774e-10
PEPD	2	3.26256546448536e-14	0.775693317703763	0.307	0.191	6.53230857299259e-10
MBD2	2	3.65762518726188e-14	0.80291588611777	0.285	0.173	7.32329714993574e-10
SLC9A9	2	3.77522347094269e-14	0.80361054460155	0.289	0.176	7.55875243352144e-10
LIMD2	2	4.83896795177704e-14	0.653336670360804	0.284	0.168	9.68858163304798e-10
EIF3J	2	5.98798203119225e-14	0.619564434914585	0.372	0.244	1.19891376228531e-09
XBP1	2	6.949844423106e-14	0.579364548650537	0.295	0.18	1.39149785039428e-09
EXOC1	2	6.99459079297423e-14	0.793862568049988	0.262	0.154	1.4004569685693e-09
SP100	2	8.31420833069612e-14	0.599774442574347	0.39	0.259	1.66467079197198e-09
ARL8B	2	8.66070081662987e-14	0.796358023770239	0.276	0.166	1.73404551750563e-09
HGSNAT	2	9.05133411552392e-14	0.78567658194964	0.291	0.177	1.8122581166102e-09
PRMT2	2	1.13109742533797e-13	0.553407501583926	0.465	0.332	2.26468326501168e-09
SNX5	2	1.19708511705789e-13	0.729487554623748	0.317	0.2	2.39680382137331e-09
C17orf62	2	1.36368135599216e-13	0.632978239328045	0.351	0.228	2.7303628109675e-09
ILF3-AS1	2	1.39641343259993e-13	1.07931050103917	0.303	0.201	2.79589897475159e-09
SRA1	2	1.93961129226483e-13	0.765253538985468	0.287	0.175	3.88348972937264e-09
FGFR1OP2	2	1.93977594147491e-13	0.614162671551022	0.406	0.278	3.88381939002107e-09
CDV3	2	1.97531910647431e-13	0.473170508097798	0.562	0.426	3.95498391498286e-09
SSR1	2	2.14569302340907e-13	0.640833801057724	0.38	0.256	4.29610657146965e-09
TRA2B	2	2.38253112826939e-13	0.729706530360244	0.605	0.509	4.77030382502097e-09
PDE4DIP	2	3.32021432987603e-13	0.744504954272628	0.274	0.165	6.64773313127778e-09
MAPRE1	2	5.06265937974252e-13	0.730990959315147	0.294	0.182	1.01364566101205e-08
CAPZA1	2	7.55938269456556e-13	0.64767523653136	0.373	0.255	1.51353960310592e-08
DUSP23	2	8.13547261457973e-13	0.53665364312546	0.273	0.164	1.62888432689115e-08
SMG1	2	1.13145046642067e-12	0.582997524273139	0.399	0.275	2.26539012386747e-08
FMNL2	2	1.1793418149371e-12	0.844337436921142	0.294	0.187	2.36127818186706e-08
BCAS2	2	1.44531481930357e-12	0.650106609606538	0.326	0.218	2.89380933120962e-08
FILIP1L	2	1.7242621728598e-12	0.574620175735201	0.348	0.23	3.4523177224999e-08
BTG2	2	1.80764526815834e-12	0.402915535694797	0.432	0.306	3.61926735590663e-08
NFE2L2	2	1.94233238094517e-12	0.508796711691914	0.551	0.419	3.88893789312843e-08
RN7SL1	2	2.08502216057587e-12	0.6698698316272	0.288	0.179	4.17463136990501e-08
MXD4	2	2.85386239643333e-12	0.653855800483446	0.306	0.194	5.71400329013881e-08
ARPC4	2	3.07101199126430e-12	0.661316088499203	0.379	0.261	6.14878020890939e-08
LGALS3BP	2	3.3299209709027e-12	0.686498110112714	0.398	0.284	6.66716776794138e-08
PARP4	2	3.99081077310936e-12	0.74484535148881	0.269	0.166	7.99040132991956e-08
LAMTOR2	2	4.53379752685617e-12	0.562207869372611	0.46	0.343	9.07756940827143e-08
PABPC4	2	4.70485146576335e-12	0.489680453467347	0.529	0.406	9.42005360475138e-08
ANKRD12	2	4.8858401814468e-12	0.483368583888722	0.514	0.383	9.78242921129278e-08
CHD1	2	5.39204277696391e-12	0.561553272534076	0.351	0.234	1.07959480480371e-07
BACH1	2	5.62742531663412e-12	0.552564489306821	0.351	0.232	1.12672309689648e-07
DBI	2	6.24733552266969e-12	0.320601456980418	0.619	0.501	1.25084151834893e-07
C1orf43	2	9.09400867484078e-12	0.527689820667792	0.405	0.284	1.82080241687662e-07
JOSD1	2	1.34955977003091e-11	0.56693503485603	0.333	0.224	2.70208857155589e-07
PGP	2	1.51959176362286e-11	0.670626109238798	0.325	0.219	3.0425266291257e-07
RHOA	2	1.54780370352564e-11	0.332725529862416	0.793	0.722	3.09901257519904e-07
TMBIM6	2	2.14751686878793e-11	0.282651112312436	0.912	0.873	4.29975827468719e-07
BAZ2B	2	2.38364646489207e-11	0.530594089471216	0.346	0.23	4.77253695200691e-07
SPCS3	2	2.84866847642408e-11	0.521740890387849	0.442	0.323	5.7036040234963e-07
NEU1	2	3.15995260144631e-11	0.779721232961605	0.339	0.239	6.3268570986158e-07
GSTK1	2	3.18975125929206e-11	0.430338751946634	0.55	0.426	6.38651997135457e-07
TMEM256	2	3.65966480720185e-11	0.671530692806637	0.269	0.17	7.32738087697955e-07
ZFHX3	2	3.77712692078624e-11	0.686498110112714	0.326	0.221	7.56256352079821e-07
COX8A	2	3.90128379928566e-11	0.47091864358345	0.571	0.465	7.81115042292974e-07
FAR1	2	5.39120135297902e-11	0.667876430630702	0.278	0.178	1.07942633489346e-06
TMEM50A	2	5.57155319919695e-11	0.474840432267086	0.475	0.353	1.11553638154321e-06
C4orf48	2	5.68128481535171e-11	0.414880359379829	0.422	0.3	1.13750684572972e-06
ISG15	2	6.97619259426629e-11	0.804042299503753	0.401	0.287	1.396773281224e-06
NANS	2	1.12199317178204e-10	0.670917000800702	0.317	0.216	2.246454728542e-06
EFR3A	2	1.32503197980619e-10	0.79782528287673	0.251	0.158	2.65297902996795e-06
CMTM3	2	1.45612475340696e-10	0.654402755288806	0.311	0.21	2.91545298127141e-06
PPP2R5C	2	1.57394907917192e-10	0.537894994987669	0.272	0.172	3.15136084631801e-06
TGFBR2	2	1.71289250552218e-10	0.390618863990317	0.365	0.25	3.42955337455651e-06
LSM10	2	1.71478584424515e-10	0.599223690500131	0.324	0.22	3.43334421734763e-06
TRIM22	2	2.48441797921149e-10	0.659255288954583	0.317	0.215	4.97430167797724e-06
GNPDA1	2	2.61777445042431e-10	0.649609449199272	0.289	0.191	5.24130800463956e-06
VIMP	2	2.74746393729686e-10	0.640740300693188	0.331	0.228	5.50097229525577e-06
ITGA4	2	2.80725192596796e-10	0.4526659192527	0.281	0.179	5.62067980617305e-06
PGLS	2	3.0779682020905e-10	0.509872074617139	0.499	0.397	6.1627079342256e-06
UGP2	2	3.35811086534507e-10	0.626264978177308	0.317	0.216	6.7236095745939e-06
ATP5G2	2	3.41373430662812e-10	0.287169459464565	0.867	0.831	6.83497882873083e-06
A2M	2	4.57105162824833e-10	0.318590195319937	0.791	0.747	9.1521595700788e-06
DEGS1	2	5.29275219841318e-10	0.585846956232296	0.295	0.196	1.05971484516629e-05
NSL1	2	6.79518079887301e-10	0.638034843481608	0.311	0.215	1.36053109955035e-05
NUMB	2	9.4273339644161e-10	0.652460860897589	0.32	0.223	1.88754080635539e-05
SNHG12	2	1.18679497039535e-09	0.732172044146473	0.255	0.166	2.37620088972557e-05
IFI44	2	2.80659870534081e-09	0.562433232940063	0.289	0.197	5.61937192783337e-05
ZNF706	2	3.05512376113254e-09	0.34934379288455	0.604	0.492	6.11696879453957e-05
OS9	2	3.56211132660587e-09	0.399841159725211	0.477	0.364	7.13205929813028e-05
RAB10	2	3.77344668502409e-09	0.544702371533851	0.368	0.27	7.55519495275524e-05
RNF145	2	5.0214735607594e-09	0.616694826726537	0.257	0.169	0.000100539943633525
CANX	2	5.3659012108676e-09	0.4086842539963	0.575	0.479	0.000107436074043991
PTGER4	2	5.5047532056542e-09	0.507030350101699	0.295	0.2	0.000110216168683608
ACSL3	2	8.35299490412239e-09	0.609345370990992	0.278	0.189	0.000167243663970339
EMP3	2	8.91756422062081e-09	0.334640654160246	0.545	0.431	0.00017854747082527
CHMP5	2	9.34954674176493e-09	0.577129919649514	0.311	0.22	0.000187196624863617
TECR	2	1.01770898414495e-08	0.477154366299584	0.414	0.311	0.000203765692805502
RSRC1	2	1.07317791176069e-08	0.545897779035951	0.31	0.216	0.000214871681492725
FAM46A	2	1.09254131616214e-08	0.395404961837247	0.377	0.274	0.000218748622321984
EIF2S3	2	1.2451466768533e-08	0.506176515497703	0.339	0.243	0.000249303267639568
FOXN3	2	1.35020792128262e-08	0.390144779916433	0.468	0.359	0.000270338629999207
ARHGAP24	2	2.03548778696097e-08	0.428613673357826	0.325	0.226	0.000407545364705326
SCPEP1	2	2.05131680173217e-08	0.520173987685919	0.361	0.267	0.000410714650042814
SMCHD1	2	2.49088648422781e-08	0.403320595664724	0.506	0.408	0.000498725291872092
CMPK1	2	2.76319712970666e-08	0.532198552639763	0.332	0.24	0.000553247329309867
SYF2	2	2.86778629323177e-08	0.36695659165999	0.519	0.419	0.000574188171630864
IKBIP	2	3.13021358283078e-08	0.516830932257158	0.311	0.219	0.000626731363554379
ZNF217	2	3.19382797793744e-08	0.524863463204895	0.259	0.174	0.000639468237742635
ENO1	2	4.33006783361185e-08	0.274716045077167	0.684	0.61	0.000866966181645764
TMBIM4.1	2	4.43851295567804e-08	0.359586686491897	0.604	0.513	0.000888679063985857
ATM	2	4.50142864723398e-08	0.413161432641405	0.416	0.318	0.000901276043749188
ATP6AP1	2	5.24815012949513e-08	0.379560831137471	0.497	0.39	0.00105078461892751
RPS10	2	5.29214634432871e-08	0.348434206009324	0.623	0.543	0.00105959354106149
ADAM10	2	5.3491441988998e-08	0.631791180457396	0.265	0.183	0.00107100565150372
AFF1	2	6.11279383260356e-08	0.602413038757383	0.262	0.18	0.00122390358116388
PDIA3	2	6.1281791227234e-08	0.407964809699974	0.505	0.403	0.00122698402395168
FIBP	2	6.71051053300348e-08	0.584985966999199	0.259	0.178	0.00134357841891796
PRNP	2	7.84401109313861e-08	0.519620390691906	0.348	0.26	0.00157052790106821
CYFIP1	2	9.06310218414169e-08	0.609257110269625	0.299	0.216	0.00181461431930885
NDUFS8	2	9.18573674120413e-08	0.46916816798734	0.369	0.278	0.00183916821032389
RPL36A	2	1.31252574235421e-07	0.395539341032658	0.407	0.31	0.0026279390413416
TPRKB	2	1.46548284073834e-07	0.487683375907716	0.252	0.171	0.0029341897437263
NCOR1	2	1.90813067002272e-07	0.506025125537634	0.318	0.232	0.00382045922751948
NECAP2	2	1.94922363555062e-07	0.646891871854975	0.306	0.224	0.00390273556309945
RNF181	2	2.05743532005434e-07	0.478726841404455	0.387	0.299	0.0041193969978128
KPNA4	2	2.16715713074616e-07	0.521418160345271	0.28	0.196	0.00433908200717996
SELT	2	2.49872730804104e-07	0.500641222946202	0.31	0.226	0.00500295181615978
SDHD	2	2.60699012960526e-07	0.491163944642678	0.288	0.204	0.00521971563749565
LIMS1	2	2.94180705163007e-07	0.43882730433807	0.468	0.382	0.00589008607877372
DNAJB6	2	2.98276143531991e-07	0.255947482948646	0.69	0.614	0.00597208494579753
NUDT1	2	3.04065899695137e-07	0.4027769504936	0.329	0.241	0.00608800744369604
FUCA2	2	3.04475195172474e-07	0.490182853111574	0.284	0.201	0.00609620235774328
TACC1	2	3.71574919390195e-07	0.311254854627743	0.475	0.375	0.00743967303603049
PCBP1	2	3.78569862965196e-07	0.326965554227323	0.519	0.42	0.00757972579628916
ZFYVE16	2	4.28990245859575e-07	0.431568384964277	0.388	0.296	0.0085892427026004
AIP	2	5.88021581643745e-07	0.479052129539748	0.287	0.206	0.0117733681076711
TMEM165	2	6.50407917024414e-07	0.521969991423853	0.342	0.261	0.0130224673146628
DDRGK1	2	7.6167088736233e-07	0.498639065204825	0.284	0.206	0.0152501745067686
DBNL	2	7.77453487423758e-07	0.432724719300818	0.291	0.208	0.0155661737251985
VAPA	2	8.59591693425449e-07	0.329216089726124	0.61	0.533	0.0172107448857643
RALBP1	2	8.93522424605122e-07	0.421623011389601	0.357	0.272	0.0178901059854438
TLN1	2	1.03170675805656e-06	0.427647493892745	0.45	0.365	0.0206568327098084
EMC7	2	1.25158864190017e-06	0.524794722523958	0.252	0.179	0.0250593077881251
RRP7A	2	1.29529679887338e-06	0.493000603122295	0.287	0.209	0.0259344325070428
RHOQ	2	1.77035361742681e-06	0.437981079635497	0.324	0.245	0.0354460201281197
VMA21	2	1.79564276957957e-06	0.463969017748699	0.289	0.212	0.0359523595325221
SNW1	2	1.87998032066446e-06	0.362653041733207	0.381	0.292	0.0376409659803439
CSGALNACT2	2	2.00069881924995e-06	0.512812507947441	0.257	0.184	0.0400579917590226
TRMT112	2	2.148474814355e-06	0.320236524649319	0.601	0.523	0.0430167627330157
CCPG1	2	2.15376873539282e-06	0.311882444687432	0.331	0.244	0.0431227576200349
ERICH1	2	2.68748248438855e-06	0.251649097569433	0.358	0.269	0.0538087743024276
MT-ND2	2	2.7093346996596e-06	0.256023093358711	1	0.998	0.0542462993565845
BLOC1S1	2	3.14195381026758e-06	0.328659550575818	0.481	0.392	0.0629081991891774
SCP2	2	4.65019811757561e-06	0.304937130871265	0.381	0.294	0.0931062667100988
PRPF40A	2	4.85811717018934e-06	0.375686727222742	0.402	0.316	0.097269221981531
GTF3A	2	5.03698988151417e-06	0.33041427313184	0.416	0.333	0.100850611407677
IFI16	2	5.62469819590237e-06	0.25050523647239	0.668	0.589	0.112617707278357
HAGH	2	5.75344698841898e-06	0.420580562673257	0.269	0.196	0.115195515602125
ATP2B1	2	6.06143008697202e-06	0.314481577025057	0.398	0.31	0.121361953201354
AP2A2	2	6.77442312387452e-06	0.543822893915242	0.373	0.304	0.135637499786216
TXNDC17	2	8.26798786076301e-06	0.356384736662071	0.288	0.213	0.165541652948197
PARL	2	1.33504973270417e-05	0.445688416221262	0.265	0.196	0.267303657482028
BNIP2	2	1.49158215029391e-05	0.403520935419468	0.332	0.26	0.298644578131847
MAP3K2	2	1.50023409291204e-05	0.351077863022079	0.372	0.293	0.300376870082848
VPS26A	2	1.60328329703198e-05	0.450388383455187	0.277	0.208	0.321009381731742
ISCU	2	1.61858444171083e-05	0.327863259863242	0.443	0.366	0.324072976919342
WBP2	2	1.65493477337705e-05	0.375686727222742	0.336	0.261	0.331351040325554
PDE4B	2	1.92000062773376e-05	0.317191077912597	0.276	0.204	0.384422525684853
WAPAL	2	2.24375827134946e-05	0.471264387204973	0.266	0.2	0.449245281089589
AGTRAP	2	2.3855134693192e-05	0.453736665876032	0.28	0.214	0.47762750682709
TMEM109	2	2.44380468944541e-05	0.349900136294223	0.255	0.187	0.489298574920759
RTF1	2	2.66867816373542e-05	0.326609534363997	0.332	0.257	0.534322741943105
NSA2	2	2.7869888436307e-05	0.284421643067425	0.567	0.496	0.558010906271739
UBAC1	2	3.09688980901204e-05	0.450155640123606	0.266	0.201	0.620059277560391
TMOD3	2	3.40045667675366e-05	0.270989348556049	0.384	0.305	0.680839435819617
LBR	2	3.75709020558697e-05	0.38327322169455	0.28	0.213	0.752244600962623
DIP2A	2	3.76201939813732e-05	0.381968160041194	0.294	0.225	0.753231523895055
MYCBP2	2	3.78479676778039e-05	0.35109106128061	0.333	0.265	0.75779200884499
NDUFA3	2	4.25478185532718e-05	0.338119569996965	0.488	0.417	0.851892423073608
HEBP1	2	4.32522726419594e-05	0.303246163467154	0.283	0.212	0.865997002837312
VPS4B	2	5.21161511847341e-05	0.393362279763119	0.285	0.219	1
ACAA1	2	5.29495664200822e-05	0.40254955746911	0.252	0.189	1
TANK	2	5.45009387641049e-05	0.405527299890472	0.27	0.205	1
SDCCAG8	2	6.011766023525e-05	0.405482575165385	0.298	0.232	1
TMEM160	2	6.29588843046124e-05	0.399837084367296	0.342	0.276	1
AGPAT2	2	7.25294519723088e-05	0.383222714766635	0.273	0.209	1
P4HA1	2	7.74810758005098e-05	0.283040764865727	0.421	0.346	1
FAM120A	2	7.75071043321042e-05	0.385389436607604	0.263	0.2	1
KMT2A	2	8.28781512751061e-05	0.34656712314639	0.318	0.25	1
SKAP2	2	9.52875165391426e-05	0.302150900730165	0.394	0.325	1
KRAS	2	9.56997106169772e-05	0.320479430131553	0.255	0.191	1
TUBGCP2	2	0.000105048730139924	0.347376790712506	0.357	0.292	1
SETX	2	0.000114894361993572	0.427480654184414	0.364	0.298	1
FAM162A	2	0.000134834063428472	0.365959442000722	0.321	0.256	1
PSMG2	2	0.000151824194742111	0.363201188102349	0.361	0.296	1
ZMYM2	2	0.000166611287433553	0.321074542876458	0.324	0.258	1
PPP4C	2	0.000176778073959586	0.397907693588045	0.317	0.256	1
VKORC1	2	0.000181128058955583	0.286565900250071	0.336	0.267	1
LPIN2	2	0.000223024879715942	0.296874394801166	0.292	0.23	1
USP9X	2	0.000276930455627126	0.306317594510611	0.261	0.2	1
UBE3A	2	0.000303262303868082	0.370006818150387	0.257	0.199	1
ACAP2	2	0.000332175619776038	0.366237332741848	0.372	0.313	1
KLHL24	2	0.000347308921907467	0.447088970300654	0.267	0.212	1
GCC2	2	0.000354146908329928	0.27755285424229	0.454	0.389	1
EIF4A3	2	0.000356478172098483	0.264819833894053	0.383	0.328	1
LHFPL2	2	0.000359016143098752	0.359118025402484	0.295	0.234	1
SERINC1	2	0.00043271592945932	0.261481487375753	0.409	0.339	1
PCBD1	2	0.000490665209665133	0.291526279558743	0.305	0.245	1
EIF5A	2	0.000610113788396358	0.311311068270755	0.387	0.327	1
ANXA7	2	0.000634766580688266	0.26877152330623	0.257	0.2	1
NEMF	2	0.00106859111267048	0.301516076812496	0.284	0.23	1
EWSR1	2	0.00117629250555339	0.28803108778794	0.259	0.206	1
UXT	2	0.00123532679477778	0.268292302228617	0.406	0.351	1
PPP1CB	2	0.00139982514505188	0.26414350316682	0.461	0.403	1
AFF4	2	0.00153926673815492	0.286524507347924	0.451	0.394	1
CRTAP	2	0.00159547151494824	0.275468566409291	0.391	0.335	1
TTYH3	2	0.00162335191406529	0.369130666777099	0.289	0.241	1
RAB8B	2	0.00201419514405571	0.264130141155362	0.287	0.233	1
NAPA	2	0.00205462897863103	0.314630159124716	0.266	0.216	1
LARP7	2	0.00212874901477508	0.316946117382102	0.269	0.22	1
SFT2D1	2	0.00307684654561186	0.273509442312893	0.328	0.277	1
PLD3	2	0.00335257535720737	0.297613845002647	0.711	0.705	1
MIER1	2	0.0054486930988204	0.250382345656012	0.273	0.225	1
ARL5A	2	0.00566607966740858	0.25981413300475	0.366	0.32	1
DICER1	2	0.00617998869991737	0.254753920941373	0.284	0.238	1
UBE2A	2	0.00971316616413024	0.257510562181211	0.262	0.22	1
SCXA	3	1.40347283481396e-140	1.82175227091939	0.825	0.397	2.81003330986451e-136
DLK1	3	7.33556290326481e-99	0.930291220774922	0.994	0.784	1.46872640449168e-94
NPW	3	1.18652808354391e-98	1.18445630596036	0.951	0.663	2.37566652887162e-94
FSTL5	3	1.19298376523699e-98	1.34275868807519	0.635	0.253	2.3885920947575e-94
CRABP1	3	1.49279987599452e-97	1.41242401682258	0.751	0.376	2.98888391171624e-93
ITM2C	3	1.64161778498385e-84	0.935445478508044	0.932	0.67	3.28684712909467e-80
ITM2A	3	3.78895404888196e-84	0.945745168899577	0.956	0.714	7.58624379667147e-80
TNMD	3	1.13228459547038e-83	1.25914827585476	0.614	0.271	2.26706021705079e-79
RPL10	3	5.66924129739423e-83	0.549908834363945	1	1	1.13509549256427e-78
THBS4	3	3.50720132168361e-80	0.869293028935138	0.939	0.683	7.02211848627492e-76
FAT1	3	5.5477879760921e-77	0.997247787068407	0.838	0.496	1.11077810857316e-72
GPC3	3	1.61945583838349e-72	0.907220652900761	0.883	0.557	3.24247447961142e-68
FGFR1	3	8.71340231574955e-69	0.769956372444588	0.944	0.669	1.74459741165937e-64
MEST	3	2.41590935563582e-66	0.965196651863158	0.838	0.534	4.83713371185404e-62
RPS4X	3	5.05644220460363e-66	0.508683432388689	1	0.999	1.01240085820574e-61
RPL19	3	1.40134858423994e-63	0.411564173585938	1	1	2.80578013536521e-59
NGFRAP1	3	4.40768763235299e-62	0.748821284413658	0.949	0.719	8.82507217749717e-58
PPIB	3	7.68626339892677e-60	0.592940993290496	0.993	0.927	1.53894365773312e-55
ACTG1	3	4.76574172188535e-59	0.627181724932286	0.999	0.986	9.54196807555884e-55
RPL5	3	3.13017986851211e-58	0.50214374335174	0.997	0.996	6.26724613273494e-54
CHCHD2	3	2.51901707051744e-57	0.551112875253071	0.985	0.939	5.04357597859002e-53
RPL10A	3	2.38584627545303e-56	0.522076114089524	0.996	0.983	4.77694141271205e-52
GAS2	3	6.55118153717612e-56	1.06552821006721	0.603	0.309	1.3116775673734e-51
CD99	3	1.58129343795996e-55	0.575303481629505	0.97	0.864	3.16606572148343e-51
RPS2	3	2.09682293835002e-52	0.395553378307177	1	1	4.19825888716442e-48
LOXL2	3	2.30895361645594e-52	0.939608660711893	0.642	0.348	4.62298693086809e-48
SLC25A6	3	4.29837137635136e-52	0.607462439736248	0.963	0.897	8.60619916973069e-48
RPS7	3	6.15122167864721e-52	0.430642184973499	1	0.998	1.23159760449875e-47
RPS4Y1	3	8.4390818146012e-52	0.578196119313922	0.968	0.916	1.68967296091945e-47
H3F3B	3	4.07960884076387e-51	0.4198338908469	1	0.999	8.16819282097742e-47
PRSS35	3	3.0069348250743e-50	1.42478104431165	0.355	0.139	6.02048490676376e-46
CHODL	3	8.9743861349725e-50	1.12728248508015	0.514	0.25	1.79685159194419e-45
TNC	3	1.69758656669411e-49	1.0119483084484	0.6	0.327	3.39890782383495e-45
NPM1	3	6.37963921089313e-49	0.515556761393498	0.985	0.973	1.27733136280502e-44
RPL15	3	7.77700093332653e-48	0.392490703108987	1	0.999	1.55711112687064e-43
RPL24	3	1.49414135059127e-47	0.407240362475311	1	0.996	2.99156981215385e-43
TPM2	3	2.60440552292384e-47	0.835279927459053	0.756	0.491	5.21454073799811e-43
CRABP2	3	2.07896865262197e-46	0.886433902865629	0.663	0.39	4.16251103627971e-42
PRDX2	3	2.08954858075724e-46	0.821994662312789	0.79	0.56	4.18369416839215e-42
RPS8	3	2.95856733061158e-46	0.386730900550816	1	1	5.9236435093505e-42
FNDC1	3	1.349186221355e-45	1.08088908672192	0.431	0.194	2.70134065239697e-41
MXRA8	3	3.08315391946329e-45	0.648758766900895	0.862	0.572	6.17309077754939e-41
PTN	3	6.70193987873226e-45	0.456867539575772	0.98	0.737	1.34186240251977e-40
TSHZ2	3	3.590160285588e-44	0.611258361073675	0.896	0.655	7.1882189238043e-40
TIMP1	3	1.02161367856386e-42	0.468626756772732	0.992	0.923	2.04547490722057e-38
RPL35A	3	1.58557930122792e-42	0.363977775317455	1	0.997	3.17464687691854e-38
RPL6	3	2.67608958494052e-42	0.391615440832894	1	0.996	5.35806656696792e-38
RCN2	3	2.99952802883476e-42	0.710741007685946	0.794	0.556	6.00565501933296e-38
RPS5	3	6.02040446301123e-42	0.480740003812429	0.987	0.97	1.20540538158411e-37
PEG10	3	6.58519160225371e-42	1.01849194099976	0.569	0.321	1.31848706260324e-37
MEOX1	3	7.52749203939292e-41	1.316756880579	0.379	0.174	1.50715445612725e-36
RPL4	3	9.03309769377771e-41	0.448282207748969	0.994	0.955	1.80860682024817e-36
IGFBP2	3	1.18144704489275e-40	1.09093868307801	0.723	0.494	2.36549327328426e-36
FMOD	3	1.45498144294827e-40	0.665583049860636	0.761	0.492	2.91316384507104e-36
CNN3	3	4.21946215880756e-40	0.613746537934445	0.904	0.678	8.4482071343645e-36
NDUFA4	3	8.04182946540717e-40	0.490730389116734	0.966	0.9	1.61013509556382e-35
HTRA1	3	9.04012717588603e-40	0.687595221951228	0.782	0.515	1.8100142631559e-35
PTMS	3	1.63321384524914e-39	0.493814961997849	0.965	0.833	3.27002076095782e-35
FAT3	3	6.53287135329822e-39	1.1124421147898	0.342	0.147	1.30801150235737e-34
COL13A1	3	7.62945297523325e-39	1.11769815760714	0.361	0.159	1.5275690747012e-34
POSTN	3	8.26498046359011e-39	0.497195623066565	0.938	0.716	1.65481438842001e-34
SEC61G	3	1.31340708154396e-38	0.556051745842917	0.917	0.784	2.62970365866731e-34
TPM1	3	1.36838969489426e-38	0.745708465971266	0.758	0.525	2.7397898471173e-34
NME4	3	1.45799996500765e-38	0.753049269140874	0.708	0.474	2.91920752993831e-34
GABARAPL2	3	1.6253885481276e-38	0.635191146173973	0.861	0.684	3.25435295106107e-34
FIBIN	3	1.87882465644352e-38	0.778870087285136	0.637	0.376	3.76178272713121e-34
TCEB2	3	3.6172017004759e-38	0.469109528446106	0.966	0.921	7.24236124469286e-34
MDH2	3	4.96673754500858e-37	0.692196320071535	0.779	0.558	9.94440191261619e-33
UQCRH	3	1.39185592538335e-36	0.538969865187364	0.925	0.813	2.78677393380254e-32
GNAI1	3	2.05104953106863e-36	0.822500144107593	0.582	0.34	4.10661137110562e-32
COPZ2	3	8.23507563015383e-36	0.783892698247969	0.621	0.382	1.6488268426694e-31
RPL18	3	1.00725435669629e-35	0.331725752990549	1	0.999	2.01672467297731e-31
COX7C	3	2.35369650013074e-35	0.461772361078853	0.965	0.935	4.71257113256176e-31
EGFL6	3	6.64571605879834e-35	1.28608771880975	0.338	0.155	1.3306052692926e-30
LGALS1	3	1.7082669458167e-34	0.406652830784863	0.985	0.937	3.4202920789142e-30
EEF1A1	3	1.71510882455057e-34	0.264833214315291	1	1	3.43399088851515e-30
OGN	3	1.806844428098e-34	0.442441440143468	0.977	0.757	3.61766391393782e-30
RPLP1	3	1.85404976409571e-34	0.28980102603963	1	1	3.71217843767243e-30
FAM129A	3	1.90145277453259e-34	0.642041568589036	0.683	0.431	3.80708874516916e-30
HNRNPA1	3	2.25635680228306e-34	0.461909300765194	0.977	0.935	4.51767758953115e-30
CIRBP	3	2.66952326862143e-34	0.463522526689846	0.961	0.892	5.34491948843382e-30
MEOX2	3	5.74009551857116e-34	0.700436062866006	0.635	0.387	1.14928192472832e-29
MFAP4	3	6.57183351970347e-34	0.628948814733694	0.711	0.445	1.31581250731503e-29
SUMO2	3	1.80672464564519e-33	0.403892653844824	0.969	0.928	3.61742408551079e-29
TTC3	3	2.0194658127797e-33	0.468014035357107	0.962	0.787	4.04337445034752e-29
HMGN2	3	3.45383397716227e-33	0.333409248919039	0.969	0.868	6.9152663890743e-29
CALD1	3	3.49012426959042e-33	0.400180090017715	0.99	0.814	6.98792681257393e-29
SNRPE	3	5.14638185177771e-33	0.644446978607586	0.768	0.579	1.03040857436293e-28
CDC42EP5	3	5.25267954228942e-33	0.584495847151746	0.792	0.558	1.05169149795719e-28
FKBP10	3	8.19711439250133e-33	0.493835364772633	0.88	0.641	1.64122624366662e-28
RPS3A	3	9.11299722425701e-33	0.315720875460915	1	0.998	1.82460430424074e-28
BTF3	3	1.01627739763604e-32	0.443729056320395	0.959	0.926	2.03479060554688e-28
CSRP2	3	2.9060546011837e-32	1.11195687395851	0.399	0.206	5.81850252249001e-28
CPE	3	5.27837601796469e-32	0.492940885541581	0.873	0.618	1.05683644631689e-27
CYTL1	3	5.73581243877168e-32	0.684304795290924	0.615	0.383	1.14842436649087e-27
MDFI	3	8.33517606386527e-32	0.865503173527706	0.49	0.279	1.66886895150711e-27
SFRP2	3	2.23454858503555e-31	0.914186424236908	0.476	0.269	4.47401317695819e-27
ZNF185	3	2.44124521008187e-31	1.27044735628675	0.273	0.117	4.88786115962591e-27
NDUFB10	3	2.59910681363501e-31	0.580369042405396	0.823	0.655	5.20393166226003e-27
KAZALD1	3	3.63331892969933e-31	0.900474397611625	0.472	0.265	7.27463116104399e-27
RPL7A	3	5.03244579039663e-31	0.320801878123593	0.997	0.998	1.00759629615321e-26
RPL3	3	9.1505137986313e-31	0.339601375237117	1	0.999	1.83211587276196e-26
ATP5G1	3	1.18294218490042e-30	0.528374073070139	0.849	0.64	2.36848684260762e-26
PCOLCE	3	3.72607695527201e-30	0.439931142009601	0.986	0.762	7.46035127984562e-26
SNHG7	3	6.4287814672395e-30	0.582269434320768	0.8	0.608	1.28717062537069e-25
PRRX1	3	6.50653775740434e-30	0.626243867530049	0.69	0.457	1.3027389897875e-25
KDELR1	3	6.74692366500398e-30	0.522751877472798	0.869	0.705	1.3508690562071e-25
HIST1H2BK	3	9.93514520215312e-30	0.860945519782241	0.503	0.3	1.9892147723751e-25
C11orf31	3	9.97632969789438e-30	0.504254935860213	0.906	0.766	1.99746073211241e-25
EPHA7	3	2.41565617184911e-29	1.10604109090805	0.286	0.129	4.83662678727628e-25
RGCC	3	3.2771901835995e-29	0.582033568966424	0.704	0.493	6.56159018560291e-25
RNF212	3	4.59475436348327e-29	0.698808188622676	0.575	0.352	9.1996171865662e-25
ALDH1A3	3	1.02459348655335e-28	0.716396424731582	0.594	0.379	2.05144107877712e-24
GNB2L1	3	1.58453381681878e-28	0.335089812356025	0.997	0.99	3.17255360803455e-24
KRT10	3	1.79098697289658e-28	0.436511340781283	0.925	0.767	3.58591411713354e-24
MZT2B	3	1.8302016583859e-28	0.426224461181322	0.911	0.776	3.66442976042024e-24
PHB	3	2.1079087836664e-28	0.616942322982139	0.734	0.536	4.22045496665687e-24
MEG3	3	3.48367713663464e-28	0.292682482941205	0.968	0.759	6.97501836296987e-24
CD81	3	3.7922052218784e-28	0.338952775468438	1	0.962	7.59275329524493e-24
FXYD1	3	4.26919668520985e-28	0.651021104398368	0.631	0.407	8.54778560312717e-24
COL11A1	3	4.68456706104983e-28	0.859183868457428	0.41	0.221	9.37944016963398e-24
SSR2	3	7.94862570669665e-28	0.489978521807739	0.885	0.755	1.5914738389948e-23
RPL8	3	9.56066329222608e-28	0.360416800358283	1	0.998	1.91423600436951e-23
FSCN1	3	3.15502468192873e-27	0.485942313693089	0.654	0.429	6.31699041815771e-23
C12orf57	3	3.15615740535437e-27	0.510021513918102	0.807	0.611	6.31925835700052e-23
PALLD	3	5.26450782475647e-27	0.627371581951675	0.652	0.425	1.05405975667274e-22
CLTB	3	7.32891369582197e-27	0.606565981272499	0.701	0.503	1.46739510017747e-22
PPIA	3	7.81936221606249e-27	0.278263247037903	0.992	0.986	1.56559270290003e-22
SEPT6	3	8.89503766449575e-27	0.602386757088649	0.741	0.548	1.78096444118534e-22
SLC9A3R2	3	1.14515665897719e-26	0.613050722245643	0.572	0.359	2.29283266260412e-22
PSMD8	3	1.82509996474185e-26	0.544813124748148	0.773	0.58	3.65421514940614e-22
PRDX4	3	1.93868154817282e-26	0.665542849311309	0.67	0.475	3.88162819575163e-22
SIX1	3	2.42565557421613e-26	0.781927481993088	0.455	0.26	4.85664759069553e-22
SYCE1L	3	2.95043555563872e-26	0.933646022753452	0.363	0.192	5.90736206949984e-22
MRPS6	3	3.50007716134601e-26	0.685422628222847	0.68	0.492	7.00785449244698e-22
CMYA5	3	4.04580624826665e-26	0.710312552575343	0.508	0.309	8.10051327027948e-22
RPL30	3	4.29512671723489e-26	0.305616989820133	0.999	0.999	8.5997027132477e-22
COL5A1	3	6.02038564734847e-26	0.511191148925023	0.792	0.561	1.20540161431211e-21
LHFP	3	6.75280347492011e-26	0.652658637913916	0.596	0.386	1.3520463117485e-21
NACA	3	1.44714090134585e-25	0.289367807719269	0.996	0.993	2.89746551267467e-21
SNHG8	3	1.78817880393877e-25	0.516907128178263	0.8	0.633	3.5802916012462e-21
CD63	3	2.41809175984889e-25	0.27745079005923	1	0.981	4.84150332156944e-21
RPS12	3	2.57233901954837e-25	0.262156144386889	0.999	1	5.15033718493975e-21
SPRY1	3	3.12220314823841e-25	0.438292001037993	0.77	0.54	6.25127514340293e-21
QPRT	3	4.02595057746154e-25	0.828649906164898	0.451	0.268	8.0607582461935e-21
H1F0	3	5.85548158428966e-25	0.733387760701182	0.544	0.347	1.17238452280647e-20
NAT14	3	7.43172219334301e-25	0.982305474854688	0.32	0.164	1.48797941755114e-20
EMILIN1	3	1.04574020772391e-24	0.43189005257384	0.837	0.602	2.09378104390482e-20
BARX1	3	1.28687469037867e-24	0.897871746141477	0.358	0.191	2.57658050507618e-20
ADAMTS9	3	1.39870599920367e-24	0.764979707537939	0.428	0.249	2.80048915160558e-20
TUSC3	3	1.72688046235122e-24	0.762192599662242	0.499	0.314	3.45756006171962e-20
PSMB5	3	1.88251033653065e-24	0.627606980774719	0.639	0.447	3.76916219580168e-20
SSR4	3	2.56558235452125e-24	0.422091720427761	0.934	0.865	5.13680899022245e-20
CHD9	3	3.33939764440437e-24	0.457897582553427	0.859	0.691	6.68614196362643e-20
TENM3	3	3.63186669994361e-24	0.754709597834376	0.444	0.258	7.2717235066271e-20
NME1	3	3.9541606886035e-24	0.636608680151527	0.625	0.433	7.91702053072192e-20
MARCKS	3	4.34679248547513e-24	0.419293957760851	0.952	0.833	8.7031479144183e-20
RPL18A	3	5.27480047080533e-24	0.277403322431157	1	0.999	1.05612055026464e-19
NENF	3	5.94167646918218e-24	0.489908593498349	0.792	0.602	1.18964246265966e-19
RGS3	3	1.13821092540286e-23	0.690966587272019	0.445	0.263	2.27892591484161e-19
NDUFB2	3	1.42993391564264e-23	0.421361399072767	0.899	0.79	2.86301368589969e-19
ZFHX4	3	1.60565317236906e-23	0.502697356091391	0.675	0.463	3.21483878171734e-19
PARK7	3	2.31575126411633e-23	0.455134410756317	0.897	0.773	4.63659718101372e-19
TMEM59L	3	2.48128978640655e-23	0.867139149590009	0.363	0.2	4.9680384103432e-19
RSL24D1	3	2.93509951015502e-23	0.540589100775354	0.769	0.598	5.87665623923237e-19
SRSF9	3	3.60875175385622e-23	0.497220340660398	0.8	0.65	7.22544276157093e-19
EID1	3	5.17979948911306e-23	0.396067615396837	0.939	0.832	1.03709945371022e-18
NRN1	3	6.59219564063817e-23	1.01637934073983	0.315	0.167	1.31988941116857e-18
GTF2H5	3	9.04898358141583e-23	0.702922694273129	0.556	0.377	1.81178749267108e-18
TIMM13	3	9.08217047448559e-23	0.671412084409322	0.599	0.419	1.8184321724015e-18
RABAC1	3	1.00186254300674e-22	0.509225118708107	0.779	0.615	2.0059291836081e-18
SERPINF1	3	1.0221689069413e-22	0.468048498215822	0.718	0.514	2.04658658547787e-18
NDN	3	1.29233819400831e-22	0.628561300512623	0.568	0.376	2.58751953204344e-18
MRC2	3	1.3133210904013e-22	0.50188308529647	0.686	0.467	2.62953148720149e-18
FUNDC2	3	1.41652762428682e-22	0.675863374413322	0.559	0.375	2.83617160934708e-18
EIF3I	3	1.59553679733399e-22	0.637763836777977	0.6	0.422	3.19458377562212e-18
BMP5	3	1.69919531714636e-22	0.586524890557275	0.511	0.314	3.40212886399045e-18
H1FX	3	1.92339191456929e-22	0.50340843281873	0.832	0.658	3.85101529135062e-18
RP11-38H17.1	3	2.32989037005194e-22	1.07019104259364	0.265	0.129	4.664906498918e-18
PDLIM2	3	3.73337315395705e-22	0.802481127125359	0.431	0.262	7.47495972885281e-18
RAB34	3	3.87488462523586e-22	0.71068909225541	0.534	0.363	7.75829399664724e-18
UFC1	3	4.08702366629401e-22	0.523587968118739	0.761	0.593	8.18303878465388e-18
LEPREL4	3	4.2541612607847e-22	0.747373027223657	0.458	0.285	8.51768167634313e-18
MRFAP1	3	4.57800654320795e-22	0.52705878097398	0.717	0.547	9.16608470081095e-18
COL12A1	3	9.10820020599351e-22	0.457173860991824	0.644	0.431	1.82364384524402e-17
PMEPA1	3	1.01198513489387e-21	0.560090831289115	0.524	0.345	2.0261966370845e-17
ATP5J	3	1.24439310500115e-21	0.443755636103627	0.88	0.722	2.49152387483331e-17
EPB41L4A-AS1	3	1.4693199861238e-21	0.698042727690462	0.527	0.354	2.94187247621707e-17
SUB1	3	2.58511997950053e-21	0.392508423786893	0.937	0.854	5.17592722295596e-17
RPL27	3	2.7241200747024e-21	0.280716264636299	0.994	0.982	5.45423321356915e-17
ZNHIT1	3	2.85597239340146e-21	0.474507562463281	0.779	0.631	5.7182279260684e-17
ASPN	3	3.23353456256857e-21	0.744155577045843	0.479	0.305	6.4741829011748e-17
TMA7	3	3.51527161636673e-21	0.3142334971345	0.983	0.952	7.03827683028946e-17
OLFML3	3	3.57529862708892e-21	0.532588310306795	0.613	0.403	7.15846291115744e-17
PDCD6	3	4.05873538458607e-21	0.591469003170789	0.634	0.47	8.12639998701823e-17
DUT	3	4.08859070662025e-21	0.269022497837878	0.872	0.714	8.18617631279506e-17
KCNE4	3	4.85553590857856e-21	0.876417803603541	0.344	0.192	9.721753996156e-17
RPL22	3	5.29983021301996e-21	0.273119996786432	0.994	0.989	1.06113200525086e-16
LAPTM4A	3	5.34241622075238e-21	0.376520644141976	0.934	0.844	1.06965857571904e-16
CFH	3	9.63828239168459e-21	0.3635815897556	0.845	0.632	1.92977690046309e-16
LDHB	3	1.36036041242608e-20	0.454539790251265	0.811	0.663	2.7237136177595e-16
EGFR	3	1.75286131371673e-20	0.515386044756349	0.539	0.344	3.50957892232363e-16
ADAM12	3	1.81636403933939e-20	0.99711593670506	0.303	0.164	3.63672407956534e-16
DAD1	3	1.84965980831907e-20	0.423144807628444	0.861	0.729	3.70338886821644e-16
MRPL51	3	1.98141145129517e-20	0.487388166053803	0.728	0.549	3.96718200778319e-16
UQCRQ	3	1.98930607799947e-20	0.477479273736798	0.783	0.623	3.98298862937053e-16
ATPIF1	3	2.41702870973806e-20	0.446570930870793	0.837	0.705	4.83937488263754e-16
ARF5	3	2.57106475762909e-20	0.462934689424928	0.799	0.641	5.14778585772497e-16
DCN	3	2.78625166586881e-20	0.266175601378908	0.977	0.77	5.57863308540254e-16
SHFM1	3	2.85688497337292e-20	0.366057440418881	0.901	0.768	5.72005509368726e-16
FBXO17	3	2.90296852206409e-20	0.794443354315442	0.383	0.227	5.81232357487673e-16
MMP2	3	4.88423801425793e-20	0.335823956380984	0.841	0.628	9.77922135214722e-16
NDUFC1	3	5.06684328122291e-20	0.500853196909673	0.721	0.537	1.01448336176645e-15
EMP1	3	7.71851077908509e-20	0.462082063544445	0.662	0.459	1.54540022818842e-15
CTHRC1	3	1.22293038436031e-19	0.737314013558425	0.487	0.32	2.44855121556621e-15
BTBD3	3	1.23117610998906e-19	0.81419495615802	0.355	0.205	2.46506080742009e-15
COL1A1	3	1.24061727333084e-19	0.276022910093269	1	0.859	2.48396390466301e-15
FABP5	3	1.27543217525614e-19	0.723911255800541	0.49	0.332	2.55367030129784e-15
OSTC	3	1.3589952762872e-19	0.444740221481493	0.779	0.618	2.72098034218224e-15
NDUFA11	3	1.39051734562914e-19	0.525961288289202	0.682	0.516	2.78409382941867e-15
ARPC1A	3	1.55173220013835e-19	0.607221415527648	0.549	0.374	3.106878211117e-15
MYL6B	3	1.73634499138843e-19	0.728302471541399	0.476	0.318	3.47650994175791e-15
ATP6V1G1	3	1.80462948777537e-19	0.396892047724575	0.879	0.764	3.61322916042384e-15
MEIS3	3	2.01552073291292e-19	0.716789121353424	0.387	0.232	4.03547561143824e-15
ZNF385D	3	2.14924620627244e-19	1.15285876358294	0.265	0.14	4.30322075419867e-15
GLT8D2	3	2.18352582018102e-19	0.729523914582061	0.473	0.311	4.37185539716643e-15
COL6A2	3	2.69168166665459e-19	0.274017128571951	0.999	0.833	5.38928503297581e-15
TMEM230	3	2.85824577474178e-19	0.61015378842902	0.589	0.428	5.72277969018799e-15
MFAP2	3	4.46617529916234e-19	0.717415795951794	0.434	0.273	8.94217618398283e-15
MAGED2	3	6.88368611496008e-19	0.435625179554946	0.8	0.642	1.37825163393731e-14
COX6C	3	8.05562297542375e-19	0.366734423346609	0.901	0.815	1.61289683213934e-14
CRISPLD1	3	8.22628133149266e-19	0.783726407916224	0.372	0.221	1.64706604819146e-14
PCDH9	3	1.07850887679086e-18	0.799719858858501	0.341	0.198	2.15939047311067e-14
LAGE3	3	1.11496251624658e-18	0.637951519585448	0.499	0.334	2.2323779500289e-14
PLEKHA5	3	1.53136520617596e-18	0.669919799463129	0.415	0.256	3.0660994158055e-14
DGUOK	3	1.69723789675511e-18	0.571565536808961	0.587	0.431	3.39820971688308e-14
RPLP0	3	1.77327894704066e-18	0.267363252171114	0.985	0.973	3.5504591077648e-14
C8orf59	3	1.93551313421546e-18	0.467290863114247	0.703	0.552	3.87528439732619e-14
NDUFB8.1	3	2.24382922915312e-18	0.514207942130339	0.692	0.522	4.49259488261039e-14
ABI3BP	3	4.39325776501042e-18	0.426688448765781	0.551	0.357	8.79618069710387e-14
BEND5	3	4.44770494220265e-18	0.877669817082178	0.266	0.142	8.90519483527815e-14
SHMT2	3	5.52772630950718e-18	0.861844849920496	0.306	0.172	1.10676136168953e-13
COL6A1	3	6.80535591200952e-18	0.272869495334472	0.993	0.793	1.36256836070255e-13
SPRY4	3	7.66857410501783e-18	0.762210128838645	0.383	0.236	1.53540190730667e-13
SNX3	3	8.45890250256881e-18	0.432653888082942	0.845	0.745	1.69364145906433e-13
C19orf53	3	9.76002028057854e-18	0.411479901242996	0.803	0.665	1.95415126057743e-13
SF3B14	3	1.30752321803856e-17	0.504001798816795	0.682	0.545	2.61792298715681e-13
TSPAN3	3	1.60195084564827e-17	0.360584214567695	0.8	0.615	3.20742598315697e-13
CLTA	3	1.74663320786474e-17	0.41365686368011	0.831	0.701	3.49710900878678e-13
EBF1	3	2.22129379287336e-17	0.718109372459046	0.346	0.205	4.44747443209105e-13
ENAH	3	2.32675677908679e-17	0.721555146306326	0.332	0.193	4.65863242308757e-13
AEBP1	3	2.79820940941305e-17	0.466155186600072	0.656	0.478	5.60257487952681e-13
NFIB	3	2.92895305916419e-17	0.332321255392025	0.789	0.596	5.86434981505854e-13
MORF4L1	3	3.04767944674616e-17	0.299728577376724	0.975	0.902	6.10206378827517e-13
ZNF652	3	3.05205596855924e-17	0.564382552111759	0.501	0.337	6.11082646024932e-13
GSTM3	3	3.09384555149657e-17	0.787029211936527	0.362	0.223	6.19449756320644e-13
MDK	3	3.83369235659044e-17	0.372120731680219	0.82	0.64	7.67581883636538e-13
GLCE	3	4.05144601976575e-17	0.650876760097566	0.435	0.287	8.11180522077498e-13
PYCR1	3	4.07029930660527e-17	0.726360493807213	0.407	0.261	8.14955327168507e-13
MRPS26	3	4.13751706969893e-17	0.648291435296973	0.473	0.321	8.2841366769512e-13
MRPL27	3	4.48955341932397e-17	0.699775708216252	0.454	0.305	8.98898385617046e-13
RHOC	3	4.87511368827934e-17	0.413519146247466	0.745	0.575	9.7609526266729e-13
POLR2J	3	4.89577036923988e-17	0.48969318674378	0.663	0.508	9.8023114332921e-13
GCSH	3	5.04324308072399e-17	0.71984183599283	0.373	0.23	1.00975812962256e-12
CUTA	3	5.39473668021279e-17	0.399322107451359	0.761	0.604	1.0801341781122e-12
EBPL	3	5.44036722647777e-17	0.657978440374426	0.476	0.325	1.08927032608538e-12
KDM5B	3	6.81934809994277e-17	0.514772447062593	0.586	0.419	1.36536987657054e-12
C11orf58	3	7.2745514782873e-17	0.382216849454421	0.855	0.714	1.45651069698268e-12
RPS26	3	7.46345061862848e-17	0.273255215635774	0.985	0.979	1.49433208286179e-12
NOB1	3	9.71380310990617e-17	0.729680852098824	0.337	0.2	1.94489765866541e-12
TPBG	3	9.88012117076895e-17	0.852190708846664	0.304	0.177	1.97819786081136e-12
COL16A1	3	1.25011195133456e-16	0.528329707171088	0.53	0.362	2.50297414896206e-12
ENPP2	3	1.30461465246415e-16	0.959786965418638	0.293	0.171	2.61209945716372e-12
ATP1B1	3	1.37088213672521e-16	0.492326435452893	0.487	0.328	2.74478021415121e-12
ZNF593	3	1.45816840339187e-16	0.769921118982861	0.348	0.212	2.91954477727121e-12
FAM20C	3	2.25204467958557e-16	0.554463681324976	0.508	0.346	4.50904385746622e-12
LAMTOR5	3	2.33154334934991e-16	0.443517606893239	0.648	0.484	4.66821609406839e-12
ETFB	3	2.93859353209285e-16	0.566193039381992	0.534	0.384	5.88365196995630e-12
FAM101B	3	3.00195653929781e-16	0.965757036470609	0.258	0.144	6.01051738298207e-12
CFDP1	3	3.0425896120765e-16	0.476792871317669	0.648	0.488	6.09187292129957e-12
NT5C3B	3	3.42575472672914e-16	0.584990795863648	0.465	0.308	6.85904611385708e-12
TMEM208	3	3.95654883808547e-16	0.604926126200351	0.513	0.368	7.92180208361473e-12
NDUFA5	3	6.14457796208295e-16	0.543238189983324	0.572	0.424	1.23026739956825e-11
OLFML2A	3	6.16861597158719e-16	0.750255110955827	0.286	0.162	1.23508028983119e-11
POLR2I	3	6.39982754944085e-16	0.619445289890701	0.479	0.336	1.28137347194905e-11
ATP5C1	3	6.74374801766744e-16	0.496270639705253	0.665	0.522	1.35023322809737e-11
IDH3G	3	8.25407375522844e-16	0.654445311684855	0.518	0.373	1.65263064727184e-11
ATRAID	3	9.04359731113895e-16	0.475956664623199	0.648	0.491	1.81070905363624e-11
TMED3	3	9.14172543488956e-16	0.589371848786349	0.523	0.374	1.83035626657359e-11
COMMD4	3	1.10132379528431e-15	0.496680506217083	0.558	0.404	2.20507050291825e-11
ATOX1	3	1.26206061090006e-15	0.419356783529714	0.673	0.515	2.5268977551441e-11
CCND2	3	1.29650037445137e-15	0.315036497327434	0.842	0.668	2.59585304972654e-11
BUD31	3	1.38745095236742e-15	0.479035735768631	0.635	0.482	2.77795429683004e-11
NME3	3	1.44836499090726e-15	0.414434554604642	0.687	0.52	2.89991638479452e-11
CCDC25	3	1.64946842943329e-15	0.693801585988042	0.403	0.267	3.30256568941134e-11
MIA3	3	2.00170441673751e-15	0.64186421972044	0.489	0.347	4.00781258319185e-11
PPIC	3	2.09054384310673e-15	0.54154340599184	0.5	0.343	4.18568688266829e-11
MRPS33	3	2.11662584561521e-15	0.642944485619575	0.449	0.311	4.23790826809077e-11
NAGLU	3	2.50736457466211e-15	0.603822259329984	0.397	0.255	5.02024535138848e-11
PRDX6	3	2.88302201363992e-15	0.326145743618831	0.882	0.782	5.77238667570984e-11
SMARCA1	3	3.01764144379603e-15	0.575454924219498	0.469	0.318	6.04192169876841e-11
MTCH1	3	3.29183047311627e-15	0.423978794937273	0.739	0.593	6.5909029732734e-11
ETV1	3	3.2951143991031e-15	0.571690954307296	0.399	0.254	6.59747804988422e-11
SPRY2	3	3.31226278289614e-15	0.481174495955846	0.508	0.349	6.63181254391466e-11
CCDC80	3	3.62453856742521e-15	0.254009978203745	0.644	0.449	7.25705111969876e-11
P4HB	3	3.65176849464565e-15	0.312842275263268	0.849	0.721	7.31157087997952e-11
RAB2A	3	4.67288936177273e-15	0.425731555394694	0.735	0.599	9.35605908014137e-11
HIST1H2AC	3	5.48369947836785e-15	0.429991379870559	0.635	0.469	1.09794630955881e-10
NES	3	5.93132385551979e-15	0.417273507642712	0.489	0.33	1.18756966235217e-10
TERF2IP	3	7.28907354672032e-15	0.420124955423041	0.677	0.522	1.45941830552434e-10
CALU	3	7.41101427995399e-15	0.314198321919378	0.793	0.607	1.48383327913239e-10
ATP5J2	3	8.02835033367754e-15	0.36844783173335	0.845	0.732	1.60743630380892e-10
EIF3E	3	8.28796648785546e-15	0.463794419430507	0.741	0.609	1.65941665019842e-10
BET1	3	9.23611461831132e-15	0.645621353949272	0.346	0.216	1.84925486887829e-10
PRMT1	3	1.10946215891747e-14	0.510589513581587	0.587	0.45	2.22136513458456e-10
SSC5D	3	1.36456551870093e-14	0.72292958840694	0.254	0.141	2.73213308154299e-10
STUB1	3	1.46236046674665e-14	0.492937128751196	0.585	0.44	2.92793812652015e-10
SEC11A	3	2.053192291749e-14	0.350740770931937	0.865	0.78	4.11090160653984e-10
CCNB1IP1	3	2.13946545909134e-14	0.758383381901562	0.314	0.194	4.28363774219268e-10
MLF2	3	2.16946118395015e-14	0.501488253620358	0.541	0.392	4.34369518250499e-10
DNPH1	3	2.24788328510606e-14	0.587664515111786	0.445	0.305	4.50071191343935e-10
NDUFB11	3	2.47593582096226e-14	0.372927766016192	0.801	0.667	4.95731870073064e-10
DLC1	3	2.58240902934512e-14	0.425339254820025	0.546	0.385	5.17049935855481e-10
TRPS1	3	2.83256997718361e-14	0.602128868872486	0.445	0.304	5.67137160831703e-10
VPS25	3	2.86473109825596e-14	0.603256349117894	0.438	0.297	5.73576460492809e-10
HSBP1	3	2.92305054816481e-14	0.39185794274937	0.797	0.67	5.85253180753558e-10
ETFA	3	3.22285931943677e-14	0.477946860413338	0.563	0.417	6.4528089293763e-10
DCTN3	3	3.30431795420682e-14	0.502847848968339	0.528	0.384	6.61590540791289e-10
USMG5	3	3.65947819794494e-14	0.392073558779535	0.775	0.65	7.32700724792536e-10
RFXANK	3	3.81273916949241e-14	0.839818543590497	0.32	0.204	7.6338663651577e-10
SAMD11	3	3.81800035154545e-14	0.785694633189615	0.273	0.159	7.6444003038643e-10
ATP5I	3	3.91358775833742e-14	0.32634819385064	0.877	0.79	7.83578540974318e-10
HDLBP	3	4.65878440838551e-14	0.363845672098781	0.718	0.555	9.32781814246947e-10
BOD1	3	6.93812032501184e-14	0.636185461941319	0.438	0.305	1.38915045147387e-09
BOC	3	6.99552347300044e-14	0.301270703420839	0.683	0.491	1.40064370976415e-09
ANAPC11	3	7.53417730642278e-14	0.372071988976679	0.699	0.554	1.50849298029197e-09
SNRPD2	3	7.7766964140229e-14	0.422847018618349	0.683	0.537	1.55705015601567e-09
COX5B	3	8.54130204953049e-14	0.341397072164762	0.838	0.74	1.71013949635699e-09
LSM7	3	8.98619773389921e-14	0.395899972502646	0.746	0.611	1.7992165102813e-09
JTB	3	9.4517257339073e-14	0.471855114683427	0.603	0.473	1.89242452644292e-09
PHB2	3	9.63550966445022e-14	0.518877583662867	0.561	0.428	1.92922174501622e-09
RRP15	3	1.01018240691924e-13	0.711627897797167	0.308	0.19	2.02258721513371e-09
RRBP1	3	1.023518013756e-13	0.308861757012086	0.851	0.703	2.04928776714226e-09
WBP5	3	1.0376804802581e-13	0.355422090258284	0.639	0.468	2.07764385757276e-09
TIMM10	3	1.06861523588046e-13	0.657587074026986	0.358	0.23	2.13958142527986e-09
SAT2	3	1.31856094540522e-13	0.459140931990524	0.623	0.48	2.64002272489034e-09
KDELR2	3	1.36024066621871e-13	0.334716898005202	0.823	0.684	2.7234738619031e-09
SEC61B	3	1.45750017670067e-13	0.3003442867913	0.846	0.762	2.91820685379007e-09
EIF3H	3	1.72047572128187e-13	0.413601265454264	0.694	0.569	3.44473648915055e-09
VASN	3	1.72518742043899e-13	0.58022440739416	0.352	0.222	3.45417025320294e-09
BICC1	3	1.82287910017841e-13	0.541791298837186	0.401	0.266	3.64976853437721e-09
UQCR11.1	3	1.88889060358692e-13	0.36494918544883	0.785	0.662	3.78193676650173e-09
FKBP8	3	1.93738029516547e-13	0.426621782037635	0.666	0.512	3.8790228269803e-09
NDUFA1	3	1.94564796389381e-13	0.359629824341494	0.814	0.7	3.89557635330819e-09
NUPR1	3	2.03136692345522e-13	0.329197474597964	0.768	0.613	4.06720285414205e-09
PDLIM7	3	2.05390452274237e-13	0.607901660398856	0.399	0.268	4.11232763543477e-09
FZD1	3	2.14381752269886e-13	0.702601385903998	0.341	0.217	4.29235144394766e-09
MAGEF1	3	2.17239139639331e-13	0.719207572914159	0.323	0.203	4.34956205385868e-09
ST13	3	2.26843755893326e-13	0.298640172934348	0.88	0.776	4.54186568049618e-09
YIPF3	3	2.27138652573715e-13	0.549640961873537	0.485	0.348	4.54777010183093e-09
GTF2A2	3	2.28318340345959e-13	0.414228704894002	0.621	0.467	4.5713898104068e-09
NDUFAB1	3	2.28430869920266e-13	0.470150287087351	0.594	0.465	4.57364287754356e-09
ASS1	3	2.41281711115058e-13	0.755422959409676	0.256	0.149	4.8309424199457e-09
POLR3D	3	3.12441266927502e-13	0.640125695446526	0.33	0.207	6.25569904642244e-09
PGRMC1	3	3.28754109700129e-13	0.432097047005269	0.503	0.351	6.58231478441598e-09
NCBP2-AS2	3	3.42385281410752e-13	0.671611563114492	0.301	0.185	6.85523810440607e-09
STRA13	3	3.61402785179533e-13	0.590433781844338	0.423	0.295	7.23600656486462e-09
VBP1	3	4.35960243316537e-13	0.53766260038148	0.435	0.298	8.72879599168371e-09
TLE3	3	4.63819637190385e-13	0.680185635641039	0.335	0.216	9.28659677582589e-09
MAZ	3	6.60232547473643e-13	0.492533803517196	0.485	0.347	1.32191760655173e-08
CLEC11A	3	7.51226779800192e-13	0.45797790949542	0.527	0.381	1.50410625851594e-08
TPI1	3	8.73965311401348e-13	0.358218619752831	0.837	0.749	1.74985334648778e-08
WASL	3	1.08605895569027e-12	0.446732114270177	0.53	0.386	2.17450724108306e-08
COPZ1	3	1.11746514198171e-12	0.596725213390618	0.449	0.324	2.23738870727578e-08
NDUFA8	3	1.12470118402774e-12	0.604015249321095	0.414	0.293	2.25187671066033e-08
C9orf16	3	1.14240834520091e-12	0.474942712600316	0.683	0.559	2.28732998876126e-08
LMAN1	3	1.14704982329096e-12	0.340500365554085	0.723	0.572	2.29662315619316e-08
EIF3K	3	1.26811292840494e-12	0.363342151006716	0.823	0.727	2.53901570525237e-08
CNTN5	3	1.45262983826822e-12	0.53647391582738	0.334	0.212	2.90845546218062e-08
RHOBTB3	3	1.56463145936953e-12	0.449495316013175	0.469	0.324	3.13270510794967e-08
CDK4	3	1.66202127745425e-12	0.471715072813084	0.494	0.354	3.32769900171889e-08
PEBP1	3	1.81540045016388e-12	0.290095197577368	0.832	0.717	3.63479478131813e-08
PDCD7	3	1.90547559143327e-12	0.428650258149042	0.585	0.439	3.81514322916768e-08
PXMP2	3	1.9198658512285e-12	0.676989120083663	0.268	0.161	3.84395540732971e-08
COPS6	3	2.2447979246424e-12	0.38725572556196	0.614	0.472	4.49453440471902e-08
TMEM9	3	2.40060243462107e-12	0.493496223927098	0.423	0.291	4.80648619459831e-08
KDELR3	3	2.54041542975684e-12	0.616993810896605	0.32	0.204	5.08641977345915e-08
STOML2	3	2.7570046262951e-12	0.62152860439119	0.423	0.3	5.52007466276805e-08
CALM2	3	2.90836283541333e-12	0.313011015439614	0.927	0.855	5.82312406906457e-08
NRK	3	3.05191987884055e-12	0.547193800303703	0.375	0.248	6.11055398141456e-08
SUMO1	3	3.13680710123893e-12	0.459153310607047	0.593	0.459	6.28051517810059e-08
PPDPF	3	3.74123097303716e-12	0.278358385220541	0.91	0.837	7.490692654215e-08
PLD3	3	3.87047422925229e-12	0.272610588194425	0.849	0.689	7.74946350180893e-08
TBCA	3	3.91228385007972e-12	0.346185351714171	0.786	0.662	7.83317472462962e-08
POLR2C	3	3.92260381132986e-12	0.624640572994423	0.375	0.255	7.85383735104464e-08
S100A13	3	3.99484461930253e-12	0.287543748286204	0.652	0.489	7.99847789676752e-08
TRIP6	3	4.10632078698011e-12	0.531912046828892	0.476	0.347	8.22167547969158e-08
MRPL43	3	4.15987080923377e-12	0.536861971181681	0.458	0.331	8.32889333424786e-08
ZNF667-AS1	3	4.22442757665736e-12	0.47368170696458	0.487	0.352	8.45814889398337e-08
SKP1	3	4.32955822940007e-12	0.292270859691204	0.869	0.788	8.66864148690482e-08
MRPS7	3	4.6051637029622e-12	0.53430343097012	0.432	0.304	9.22045876607091e-08
GALK1	3	5.25690771063795e-12	0.659703353248203	0.32	0.207	1.05253806182393e-07
IL11RA	3	5.3077058657645e-12	0.409918134780576	0.461	0.317	1.06270886844337e-07
TRAPPC2L	3	5.60172774478279e-12	0.579635748162316	0.408	0.286	1.12157792906041e-07
ARL16	3	6.40547309762977e-12	0.69141032304311	0.328	0.216	1.28250382360743e-07
PSMB1	3	6.49940602956822e-12	0.320038105245492	0.824	0.703	1.30131107524015e-07
TMEM98	3	6.63743653639582e-12	0.424950650092857	0.452	0.312	1.32894754331717e-07
C14orf2	3	6.82677734991351e-12	0.370828358272014	0.755	0.623	1.36685736099968e-07
SEPW1	3	6.89121719129501e-12	0.251665689140238	0.897	0.796	1.37975950604109e-07
TRIB2	3	7.7144987827664e-12	0.525365772644392	0.377	0.251	1.54459694628549e-07
GADD45GIP1	3	8.1885582295359e-12	0.46951752389176	0.551	0.426	1.63951312871768e-07
AP2M1	3	9.2746168860887e-12	0.349678631229381	0.731	0.592	1.85696379293268e-07
NFIA	3	1.00620664714636e-11	0.348159762708741	0.644	0.489	2.01462694891644e-07
C1orf122	3	1.01495083785556e-11	0.56582760101857	0.42	0.301	2.03213456755439e-07
ATP5O	3	1.0447099296881e-11	0.412601562867262	0.648	0.522	2.09171822122151e-07
OLFML2B	3	1.25033661658119e-11	0.276330221132852	0.639	0.483	2.50342397371885e-07
TGFB1I1	3	1.27021336345521e-11	0.669027318741261	0.311	0.203	2.54322119631001e-07
ATP5D	3	1.28218855464735e-11	0.316894293419379	0.804	0.704	2.56719792411491e-07
DPM3	3	1.32453417088954e-11	0.452144083142266	0.499	0.369	2.65198231695504e-07
TGFB2	3	1.53111749816756e-11	0.479585012850929	0.354	0.236	3.06560345483108e-07
UBE2E3	3	1.65880893729974e-11	0.48640970108646	0.483	0.356	3.32126725426154e-07
PCDH18	3	1.74704246536956e-11	0.624196161695684	0.317	0.206	3.49792842416293e-07
IGF2BP2	3	1.79278838341479e-11	0.512020344765498	0.342	0.223	3.58952090127308e-07
PSMA4	3	1.87506585139895e-11	0.348962863650786	0.669	0.532	3.75425684767097e-07
ZRANB2	3	2.07657695858512e-11	0.276016125792417	0.714	0.555	4.15772238647912e-07
CPXM1	3	2.10029967654204e-11	0.357360565156984	0.597	0.44	4.20522001237247e-07
C21orf33	3	2.19134392914479e-11	0.520862813792754	0.451	0.323	4.38750881493371e-07
FAM229B	3	2.43213469510711e-11	0.668930763019482	0.276	0.173	4.86962008654345e-07
NAA20	3	2.88576474193115e-11	0.563851133838136	0.407	0.287	5.77787816629455e-07
NDUFB7	3	2.94554707195254e-11	0.363664694842373	0.701	0.574	5.89757434746337e-07
SCARF2	3	3.17656806864964e-11	0.554777031392647	0.377	0.258	6.36012458705031e-07
MFGE8	3	3.19523428966707e-11	0.351648849841862	0.51	0.364	6.39749809477141e-07
RPS19BP1	3	3.53036804595729e-11	0.523333397337696	0.525	0.406	7.06850290161569e-07
SMAD3	3	3.61055202126727e-11	0.338614686196109	0.507	0.363	7.22904725698133e-07
HSPA2	3	3.64986923014744e-11	0.50389428298959	0.369	0.252	7.3077681726012e-07
HDDC2	3	3.753734691732e-11	0.4582362663768	0.47	0.344	7.51572759978581e-07
COPE	3	3.8475147833473e-11	0.369506986900795	0.696	0.583	7.70349409921796e-07
MPG	3	4.11965049898209e-11	0.513904484224412	0.448	0.323	8.24836422906195e-07
IMPDH2	3	4.27301155194241e-11	0.510032545145605	0.423	0.302	8.55542372929909e-07
NHP2L1	3	4.52010829161164e-11	0.343249965230632	0.749	0.631	9.05016082146483e-07
TMCO1	3	4.80790789252752e-11	0.320002072084289	0.687	0.539	9.6263931824186e-07
FKBP3	3	4.84752869844643e-11	0.528594931196215	0.401	0.282	9.70572196002945e-07
COX7A2	3	5.52549493530664e-11	0.290383141705062	0.81	0.704	1.1063145959471e-06
EDF1	3	5.62180429925364e-11	0.277212326927104	0.938	0.89	1.12559765679656e-06
MPLKIP	3	5.65817575708842e-11	0.467415611809384	0.459	0.333	1.13287995008424e-06
ARL1	3	5.8425207663554e-11	0.455139951099505	0.492	0.363	1.16978950783968e-06
FAM43A	3	6.01014276005947e-11	0.577531648157307	0.373	0.259	1.20335078341911e-06
FAM3C	3	6.27605875565769e-11	0.427856201006478	0.517	0.381	1.25659248405778e-06
CLINT1	3	6.5097048529325e-11	0.496668429109497	0.482	0.356	1.30337310565414e-06
PCSK1N	3	6.95907856929588e-11	0.549211752187985	0.323	0.211	1.39334671114442e-06
NDUFS2	3	7.76267715202172e-11	0.439715933459193	0.514	0.396	1.55424321937779e-06
COX16	3	7.88610733901353e-11	0.502109053032189	0.449	0.329	1.57895641141729e-06
ANGPTL1	3	8.13518752421531e-11	0.447772686937882	0.33	0.216	1.62882724609839e-06
IDH3B	3	8.21259383539746e-11	0.659246297948676	0.296	0.194	1.64432553772328e-06
QTRT1	3	9.39530790954453e-11	0.555410486964136	0.356	0.243	1.88112854964901e-06
CD27-AS1	3	9.57954901251605e-11	0.636526221448592	0.287	0.184	1.91801730328596e-06
TM9SF3	3	9.86782961370695e-11	0.312415035335101	0.734	0.601	1.97573684525641e-06
SEPT11	3	9.96877847568911e-11	0.373408099566399	0.673	0.53	1.99594882640247e-06
RBX1	3	1.06870795564954e-10	0.343766567082428	0.692	0.574	2.13976706880152e-06
CASD1	3	1.30210682269947e-10	0.523840667929702	0.375	0.259	2.60707828040889e-06
MRPS34	3	1.30971523650837e-10	0.413131308011792	0.531	0.407	2.62231184653706e-06
SMO	3	1.38237846038139e-10	0.473074064524981	0.358	0.242	2.76779815337561e-06
KCNQ1OT1	3	1.50382841845356e-10	0.288504655855882	0.638	0.49	3.01096525942772e-06
PSMB3	3	1.52903939072363e-10	0.405368099984468	0.577	0.455	3.06144266810686e-06
ARF4	3	1.68599350801718e-10	0.324658631089848	0.687	0.552	3.375696201752e-06
PRELID1	3	1.76056175507876e-10	0.325741746514283	0.649	0.519	3.52499674601869e-06
C16orf13	3	1.7898353377564e-10	0.482136628607886	0.446	0.323	3.58360831325586e-06
FKBP7	3	2.05613101533364e-10	0.557306669576174	0.327	0.219	4.11678551890101e-06
GPX8	3	2.15092715223598e-10	0.409551369544864	0.462	0.329	4.30658634420689e-06
SEMA6D	3	2.16841909184069e-10	0.483928037736145	0.337	0.223	4.34160870568343e-06
MAP3K7	3	2.18723802636451e-10	0.662372398935396	0.255	0.16	4.37928797638702e-06
MAGED1	3	2.24985872580838e-10	0.457691638285504	0.479	0.362	4.50466714081353e-06
CD164	3	2.38372304179e-10	0.322015330698091	0.724	0.602	4.77269027427194e-06
MPC2	3	2.53483433065499e-10	0.430360114526728	0.517	0.397	5.07524529683742e-06
AP1S1	3	2.59405232276915e-10	0.556729982336821	0.359	0.252	5.19381156064838e-06
ERH	3	2.61769960985852e-10	0.316316150658514	0.725	0.598	5.24115815885873e-06
TBX3	3	2.69608871174077e-10	0.808822653999186	0.252	0.16	5.39810881864736e-06
PSMB2	3	2.70561743633416e-10	0.459376893238367	0.487	0.364	5.41718723102826e-06
NAT9	3	2.71222975280131e-10	0.523228908676325	0.337	0.226	5.43042641105879e-06
SNAPC5	3	2.8700069897488e-10	0.540372995934528	0.379	0.269	5.74632799487505e-06
SGCE	3	2.93225428614741e-10	0.419741565203358	0.466	0.338	5.87095953172435e-06
ARMCX3	3	3.0678780684818e-10	0.466398418650715	0.456	0.335	6.14250546871427e-06
PHPT1	3	3.08573799648312e-10	0.338941945540978	0.694	0.563	6.17826461655851e-06
URM1	3	3.14936365840059e-10	0.697720445763312	0.263	0.17	6.30565591684967e-06
ATP5A1	3	3.19628470514838e-10	0.467698243130304	0.525	0.416	6.39960123664809e-06
PLEKHH2	3	3.33706517415522e-10	0.401583525280749	0.377	0.258	6.68147189169358e-06
EVA1B	3	3.76864243160557e-10	0.441412512029635	0.532	0.418	7.54557587656066e-06
MRPL28	3	3.78899602510848e-10	0.509196052615731	0.441	0.329	7.5863278414722e-06
EIF4H	3	4.13231815514498e-10	0.393034669598787	0.563	0.44	8.27372741023128e-06
NHP2	3	4.31399318009327e-10	0.447384544104398	0.466	0.347	8.63747714518274e-06
HOXB2	3	5.02513400767501e-10	0.62822879802414	0.307	0.207	1.00613233101669e-05
LEPROT	3	5.02745441860811e-10	0.448487578997786	0.524	0.404	1.00659692369372e-05
FLYWCH2	3	5.06445996561566e-10	0.621891227251184	0.293	0.193	1.01400617431557e-05
WNK1	3	5.19099696007388e-10	0.628525109246138	0.42	0.317	1.03934141134599e-05
TOMM7	3	5.19615959288925e-10	0.255613561942082	0.923	0.87	1.04037507368829e-05
NDUFS4	3	5.36788592545671e-10	0.46393028913775	0.435	0.321	1.07475811999494e-05
OAF	3	5.77759390742481e-10	0.549745525683766	0.351	0.246	1.15678985214459e-05
CXXC5	3	6.49866872202466e-10	0.449674476595796	0.366	0.254	1.30116345152378e-05
AURKAIP1	3	6.57854132347094e-10	0.311883917957243	0.659	0.527	1.31715554378535e-05
TMEM185A	3	6.74820373554587e-10	0.558547268844753	0.323	0.219	1.35112535193099e-05
TUSC1	3	7.12391322140026e-10	0.649352302925875	0.285	0.187	1.42634990518876e-05
ZNF428	3	7.61960062344344e-10	0.433061807317328	0.524	0.413	1.52559643682585e-05
MUM1	3	7.75685703440717e-10	0.332774599502569	0.494	0.359	1.553077915429e-05
RUNX1T1	3	7.79579908186391e-10	0.42603067196959	0.351	0.237	1.56087489217079e-05
FAM207A	3	8.05839896264971e-10	0.66517519002265	0.289	0.194	1.61345264030173e-05
C12orf23	3	8.06508735482116e-10	0.512587107703798	0.41	0.294	1.61479179018229e-05
SNRPB2	3	8.60276897653804e-10	0.441606377888701	0.511	0.398	1.72244640448245e-05
MDH1	3	8.72440098273708e-10	0.451991018430363	0.468	0.358	1.74679956476362e-05
RNF7	3	8.86030902974012e-10	0.353143170222996	0.648	0.526	1.77401107393457e-05
ARF1	3	9.7900436116132e-10	0.291260654299594	0.815	0.724	1.96016253191719e-05
PHF14	3	9.82516478712982e-10	0.333881585558233	0.61	0.466	1.96719449367913e-05
SSPN	3	9.97846003364659e-10	0.305231885096518	0.504	0.366	1.99788726793672e-05
HNRNPR	3	1.0049976355417e-09	0.303499635229152	0.686	0.565	2.01220626588159e-05
CUEDC2	3	1.00656205063462e-09	0.562587263109219	0.33	0.228	2.01533853778064e-05
MAML2	3	1.05684122657283e-09	0.355886613392497	0.613	0.479	2.11600750384411e-05
EIF3L	3	1.06959423135955e-09	0.431514905820357	0.531	0.417	2.1415415700281e-05
MESDC2	3	1.08610214161136e-09	0.438487424672269	0.576	0.464	2.17459370793427e-05
SSBP4	3	1.14825851020089e-09	0.478278468251487	0.438	0.324	2.29904318912422e-05
NTPCR	3	1.18550882219453e-09	0.567329696470028	0.317	0.216	2.37362576379788e-05
DPM2	3	1.2682015837571e-09	0.56872186569273	0.33	0.227	2.53919321099847e-05
NRBP1	3	1.38809939031183e-09	0.4726700559562	0.485	0.371	2.77925259928234e-05
NREP	3	1.51896298649859e-09	0.396302596276421	0.437	0.317	3.04126769156747e-05
FAM96B	3	1.61428632858432e-09	0.339446595442757	0.608	0.488	3.23212408709153e-05
WDR61	3	1.63212674200963e-09	0.367906522894737	0.435	0.311	3.26784416285168e-05
NDUFB4	3	1.63236142196492e-09	0.31412027129592	0.725	0.607	3.26831403905817e-05
PSMB7	3	1.66038014671206e-09	0.473398896552801	0.487	0.377	3.32441312974689e-05
CRCP	3	1.74006665142908e-09	0.501257465493774	0.332	0.228	3.48396144949131e-05
COA3	3	1.79084575834014e-09	0.515775679098952	0.365	0.258	3.58563137734863e-05
ASNA1	3	1.89945462921546e-09	0.591669143388729	0.341	0.24	3.8030880586152e-05
ATP5B	3	1.93306453193639e-09	0.326016234061798	0.696	0.577	3.87038180584304e-05
MSRB2	3	2.03446806657565e-09	0.411392377502392	0.466	0.349	4.07341196289777e-05
EIF3F	3	2.11729559298905e-09	0.281644605372155	0.751	0.625	4.23924923628268e-05
CNPY2	3	2.16071975020596e-09	0.413702436664204	0.483	0.372	4.32619308386237e-05
SRP9	3	2.16622629440977e-09	0.360140000298446	0.558	0.435	4.33721828666725e-05
DHRS4L2	3	2.27858445310175e-09	0.63677687492218	0.301	0.206	4.56218179200033e-05
AXL	3	2.38755521303122e-09	0.599875763727689	0.29	0.195	4.78036304753112e-05
NPDC1	3	2.42160341517899e-09	0.258887098271929	0.452	0.326	4.84853435787137e-05
RYBP	3	2.52257815971138e-09	0.457452837792095	0.392	0.281	5.05070599137412e-05
CCT7	3	2.70282746692735e-09	0.434035660116551	0.446	0.336	5.41160115428194e-05
LINC00667	3	2.73644925189777e-09	0.561866456178966	0.306	0.208	5.47891869214971e-05
ESD	3	3.16796349789878e-09	0.435547284787776	0.49	0.379	6.34289651549293e-05
CDO1	3	3.18944108965045e-09	0.681272604278675	0.265	0.175	6.38589894969814e-05
UBFD1	3	3.32371345843308e-09	0.607516716274934	0.283	0.19	6.65473908647471e-05
HMCN1	3	3.43440132283009e-09	0.612112322357581	0.255	0.166	6.87635832857041e-05
IMP3	3	3.56718424600588e-09	0.411676754316623	0.49	0.379	7.14221629735297e-05
MIR503HG	3	3.56739636461401e-09	0.542676283436439	0.279	0.186	7.14264100123018e-05
CD276	3	3.68378617526639e-09	0.385677134371389	0.499	0.372	7.37567668011836e-05
VDAC1	3	3.82920383134549e-09	0.368236319453697	0.563	0.45	7.66683191111995e-05
C1orf86	3	3.96329854722005e-09	0.450128785591842	0.454	0.345	7.93531635124397e-05
COX7A2L	3	4.69832784001491e-09	0.39102348649402	0.548	0.439	9.40699200127786e-05
GTF2I	3	4.83897964805945e-09	0.265032654420415	0.813	0.699	9.68860505134463e-05
POLR2K	3	5.72108378825184e-09	0.453375681652381	0.434	0.324	0.000114547539608378
PTGR1	3	5.87677471342565e-09	0.60677887805454	0.252	0.164	0.000117664783312208
SMIM20	3	5.891423111323e-09	0.51782930589874	0.328	0.231	0.000117958073534909
CEP57	3	5.93527370204699e-09	0.367180420663313	0.542	0.42	0.000118836050062385
CHMP2A	3	6.16470789292589e-09	0.373612366694116	0.541	0.434	0.000123429781432162
DNM3OS	3	6.26152996750523e-09	0.641764925523017	0.252	0.164	0.00012536835300939
PXDN	3	6.27550054490801e-09	0.417010198619663	0.448	0.333	0.000125648071910148
ANP32A	3	6.45422056623224e-09	0.375855276010227	0.572	0.457	0.000129226404177102
APOA1BP	3	6.50784842282155e-09	0.616572348269101	0.258	0.17	0.000130300141121733
FARP1	3	6.6537625938452e-09	0.545835057757742	0.285	0.19	0.000133221634653969
MGST3	3	7.04954302941028e-09	0.273531784504481	0.738	0.63	0.000141145950534853
ITGAE	3	7.05955880410619e-09	0.416991809563135	0.445	0.332	0.000141346486375814
NIFK	3	7.16469260339143e-09	0.58049452857357	0.358	0.261	0.000143451475305103
RBMX	3	7.4468804131858e-09	0.295352037616586	0.637	0.515	0.000149101439632806
LMCD1	3	7.48111431379555e-09	0.50480953941844	0.273	0.181	0.000149786870790815
SPATA20	3	7.92031542006252e-09	0.521591856782328	0.277	0.185	0.000158580555340492
CDK6	3	7.92990782550378e-09	0.425233370711624	0.428	0.316	0.000158772614482237
NET1	3	8.52234128532054e-09	0.676035955912528	0.251	0.167	0.000170634317214688
NDUFS5	3	8.65005904158672e-09	0.282091849301386	0.838	0.756	0.000173191482130649
ATP5H	3	8.97319943436895e-09	0.301005230550652	0.761	0.666	0.000179661399074935
SNRPF	3	9.03397099705447e-09	0.32922636853573	0.537	0.411	0.000180878167303025
TWIST1	3	9.10470740332874e-09	0.568352417536835	0.286	0.193	0.000182294451629448
CTD-2336O2.1	3	9.89168434799096e-09	0.530626131941577	0.338	0.241	0.000198051304015475
AKR7A2	3	1.1211382565434e-08	0.423258767909439	0.444	0.337	0.00022447430172512
GGCT	3	1.12336746343911e-08	0.466245832631435	0.39	0.29	0.000224920633529778
PLIN3	3	1.16536837534324e-08	0.476591016898631	0.382	0.278	0.000233330056111224
ZCRB1	3	1.18579743340962e-08	0.398295206615371	0.441	0.331	0.000237420362117274
NDUFB9	3	1.21611436026056e-08	0.480008325117561	0.437	0.335	0.000243490417211369
LAMTOR4	3	1.25513515954865e-08	0.282512458710355	0.823	0.748	0.000251303161644831
GALNT10	3	1.27851397529945e-08	0.586865122383582	0.254	0.167	0.000255984068134455
ACP1	3	1.32976883492052e-08	0.39664913868313	0.483	0.373	0.000266246316127786
NCL	3	1.33645877705712e-08	0.27401333248287	0.855	0.766	0.000267585776342377
NDUFA13	3	1.62099570052914e-08	0.425592246477179	0.462	0.359	0.000324555759159944
TCF7L2	3	1.63385101016747e-08	0.514175229469172	0.32	0.226	0.000327129649255731
ATP6V1F	3	1.63736817223749e-08	0.257588024482043	0.772	0.67	0.00032783385544539
NDUFA10	3	1.69393865924139e-08	0.463957326242465	0.469	0.369	0.000339160398353312
LMAN2	3	1.78689952523185e-08	0.349237114069076	0.604	0.501	0.000357773022941921
NT5C	3	1.88798970385578e-08	0.409457312902672	0.483	0.372	0.000378013298506005
AL132709.5	3	1.93198179659009e-08	0.452241354658314	0.287	0.195	0.000386821395313268
SLIT3	3	2.06823151594656e-08	0.31473048997624	0.445	0.327	0.00041410131412282
SNRPD1	3	2.16334232455007e-08	0.31476207849514	0.503	0.388	0.000433144400221415
MAP1LC3A	3	2.17017304178662e-08	0.38923390975231	0.39	0.282	0.000434512046426516
MRPS23	3	2.33452841734463e-08	0.438702301004597	0.341	0.241	0.000467419279720741
PRPF4B	3	2.33804571999743e-08	0.310434908910366	0.696	0.593	0.000468123514057886
RPS27L	3	2.60448314216633e-08	0.283074605176348	0.831	0.729	0.000521469614724542
ECHS1	3	2.81637926478332e-08	0.412890633261513	0.445	0.34	0.000563895456394916
UPF3A	3	2.84922680302784e-08	0.504545496949512	0.399	0.3	0.000570472190502233
R3HCC1	3	2.92037780040488e-08	0.65119776917513	0.277	0.193	0.000584718043197064
FAM213A	3	2.95240554137907e-08	0.333907812028005	0.514	0.4	0.000591130637494917
TXN2	3	2.96035257813083e-08	0.438622535704515	0.454	0.353	0.000592721793193355
NCBP2	3	3.06689525512541e-08	0.527838849528148	0.287	0.198	0.00061405376798121
MRPL10	3	3.2254419089214e-08	0.650529080847567	0.279	0.195	0.000645797979004242
ACBD6	3	3.25876960151804e-08	0.359571642052668	0.445	0.333	0.000652470849615942
COPB2	3	3.37936399777389e-08	0.451033382923674	0.449	0.348	0.000676616259634289
CDKN1C	3	3.48289219954009e-08	0.412571472555534	0.461	0.361	0.000697344676191916
THRA	3	3.61253270471797e-08	0.364918136703712	0.442	0.332	0.000723301298138631
CBX3	3	3.63169581681353e-08	0.260830300559027	0.79	0.677	0.000727138136442406
TLN2	3	4.01792968708762e-08	0.436418214509902	0.306	0.213	0.000804469881948683
THSD4	3	4.2715911613442e-08	0.435651129530571	0.297	0.206	0.000855257982324336
TCEAL7	3	4.28902505583335e-08	0.487545234431891	0.299	0.208	0.000858748596678953
EPB41L2	3	4.98829000323205e-08	0.263959216601903	0.679	0.551	0.00099875542444712
C17orf89	3	5.15467477303003e-08	0.356286882592145	0.51	0.399	0.00103206898305607
FKBP14	3	5.30947318962473e-08	0.4009276867813	0.345	0.247	0.00106306272202666
MZT2A	3	5.77820307797947e-08	0.314990158940731	0.532	0.419	0.00115691182027305
KIFAP3	3	5.97814037887963e-08	0.472545583755537	0.324	0.231	0.00119694326665928
CNKSR3	3	6.04757834725843e-08	0.509692186658301	0.279	0.19	0.00121084613668808
MRPL40	3	6.11277689982192e-08	0.473746826693806	0.352	0.257	0.00122390019088234
PRDX5	3	6.15017748133903e-08	0.292229734550022	0.618	0.508	0.0012313885353137
RCN1	3	6.44184063044368e-08	0.358884171358147	0.465	0.356	0.00128978533102743
ISOC2	3	6.52693800140445e-08	0.493161317514182	0.331	0.24	0.0013068235266412
SNRPB	3	6.59520990727033e-08	0.295297570602294	0.606	0.496	0.00132049292763366
EPHX1	3	6.6030639316149e-08	0.390757462022774	0.441	0.335	0.00132206546038794
CLCN5	3	6.60628006615132e-08	0.532040784172563	0.279	0.192	0.00132270939484482
SEP15	3	6.82428498616214e-08	0.335263171187113	0.551	0.443	0.00136635833992938
HSD17B10	3	6.90727611089958e-08	0.467972452829784	0.351	0.257	0.00138297482292431
C4orf27	3	6.97232051361635e-08	0.544551687670653	0.282	0.197	0.00139599801323627
MRPL3	3	7.00103234597491e-08	0.518813839632026	0.332	0.242	0.0014017466963111
FAM32A	3	7.28438434539298e-08	0.488030624136273	0.346	0.254	0.00145847943363458
LEO1	3	7.64391759824194e-08	0.584460214609944	0.254	0.172	0.00153046518152
NEDD8	3	8.06521611185834e-08	0.287814159834216	0.751	0.653	0.00161481756991628
UBE2I	3	8.35576762795857e-08	0.281208721934934	0.711	0.603	0.00167299179446987
UROS	3	8.45417177485338e-08	0.552718259598422	0.276	0.193	0.00169269427276114
RSL1D1	3	8.85892989882522e-08	0.407002481243804	0.518	0.432	0.00177373494434279
SENP7	3	9.00633090851285e-08	0.477639491458729	0.342	0.248	0.00180324757450244
PRKAR1A	3	9.77488556107278e-08	0.306627706437415	0.618	0.515	0.00195712758703799
HIC1	3	9.82837721047711e-08	0.364915761625344	0.359	0.257	0.00196783768508173
EFEMP2	3	9.96385397492144e-08	0.516586617301872	0.32	0.231	0.00199496284285877
NDUFS6	3	1.07169015079424e-07	0.271860164196288	0.632	0.51	0.00214573801992022
CHID1	3	1.07301812536173e-07	0.535772002158755	0.354	0.264	0.00214839689059925
SIRT2	3	1.09979679707103e-07	0.55536397916958	0.269	0.186	0.00220201314709561
PKDCC	3	1.12120177589413e-07	0.335278630707902	0.325	0.227	0.00224487019569522
BMP1	3	1.15845895905065e-07	0.373107915305577	0.417	0.315	0.00231946652781121
RABEP1	3	1.18473637859095e-07	0.3826086846983	0.461	0.357	0.0023720791772148
PSMB6	3	1.19664719215518e-07	0.294940403447623	0.623	0.504	0.00239592700813311
PPIL4	3	1.20020376793751e-07	0.384035359464895	0.424	0.322	0.00240304798416447
C1orf123	3	1.24278699872059e-07	0.414133800112145	0.397	0.3	0.00248830812883836
SUPT4H1	3	1.24746258499256e-07	0.413939484664226	0.454	0.36	0.0024976695876721
MNAT1	3	1.31160051346782e-07	0.529888636324304	0.286	0.2	0.00262608654806526
YAP1	3	1.37864336714818e-07	0.424947598807438	0.337	0.243	0.0027603197497041
MRPL52	3	1.39911595806048e-07	0.397952963426978	0.411	0.315	0.0028013099712287
RIN2	3	1.4138273196762e-07	0.480722328250933	0.261	0.177	0.00283076505945568
BDH2	3	1.43597344575348e-07	0.426047121655646	0.361	0.265	0.00287510603308762
CDKN2C	3	1.4969517511177e-07	0.426159932522421	0.29	0.202	0.00299719679608785
PLS3	3	1.51959990759001e-07	0.57058867812828	0.285	0.203	0.00304254293497671
C7orf50	3	1.61322624226433e-07	0.416610530404357	0.449	0.347	0.00323000158226164
SLC39A1	3	1.62847104266906e-07	0.49137595397981	0.324	0.235	0.003260524721632
MRPL4	3	1.64756302139317e-07	0.54141802380893	0.331	0.246	0.00329875068143341
APEX1	3	1.68637497279556e-07	0.411116960988557	0.475	0.381	0.00337645997053127
ZNHIT6	3	1.70621905439281e-07	0.468620387642932	0.289	0.2	0.00341619179070529
MPHOSPH10	3	1.7280715248491e-07	0.411012424345111	0.401	0.305	0.00345994480705287
TCEAL8	3	1.7541652549369e-07	0.393990652198204	0.421	0.322	0.00351218967343466
YWHAQ	3	1.75956230771674e-07	0.31596842431271	0.599	0.493	0.00352299565251046
PLEKHA4	3	1.77195424125801e-07	0.386066735232843	0.359	0.261	0.00354780678184679
TMED1	3	1.89595371655499e-07	0.585193672167999	0.273	0.194	0.0037960785312864
OBSL1	3	1.92209769538418e-07	0.39979979508545	0.327	0.234	0.00384842400569821
BSG	3	1.95745714040346e-07	0.268216970079542	0.742	0.641	0.00391922068651581
KIAA1377	3	2.01915383256231e-07	0.472314871200674	0.268	0.185	0.00404274980355625
C1D	3	2.07222840176966e-07	0.461618149996168	0.37	0.277	0.00414901570602322
ATN1	3	2.16338816090974e-07	0.397661108751952	0.352	0.256	0.00433153577577349
SMARCE1	3	2.20452098728215e-07	0.335644866271103	0.51	0.408	0.00441389192073632
SSBP1	3	2.26101435950898e-07	0.267700989205412	0.646	0.531	0.00452700295060888
ZSCAN18	3	2.33667292354634e-07	0.488511930403291	0.313	0.227	0.00467848652752448
ERI3	3	2.38459875430918e-07	0.517100702013921	0.293	0.21	0.00477444362587783
PMPCB	3	2.55957994868433e-07	0.518576819026896	0.325	0.241	0.00512479097325576
EIF3D	3	2.66246449970003e-07	0.347819993262058	0.506	0.404	0.00533078642129941
NDUFA6	3	2.75230669402611e-07	0.408099088843808	0.451	0.359	0.00551066846277909
U2SURP	3	2.7933992451951e-07	0.288891948389042	0.592	0.479	0.00559294396872963
SMIM7	3	2.87029563416935e-07	0.408450541902093	0.446	0.349	0.00574690591873388
SLIRP	3	3.18396483080304e-07	0.397629881533202	0.417	0.322	0.00637493438423384
PDK2	3	3.23614178776611e-07	0.520014505288241	0.293	0.21	0.0064794030874653
DHRSX	3	3.28843464967994e-07	0.625431584956432	0.255	0.179	0.00658410385558917
SRSF10	3	3.46786826802264e-07	0.341301113743259	0.489	0.379	0.00694336584623493
SNX17	3	3.55738915455211e-07	0.440209430619355	0.365	0.275	0.00712260456524424
FAM115A	3	3.70294502952751e-07	0.416063827210544	0.349	0.257	0.00741403653811997
NPRL3	3	3.96113597150545e-07	0.429063263456874	0.345	0.255	0.00793098644214821
RFNG	3	4.20150105890614e-07	0.478067386314903	0.3	0.218	0.00841224542014188
BFAR	3	4.24252005417308e-07	0.450150699225686	0.354	0.264	0.00849437365246534
VDAC2	3	4.26585295442405e-07	0.40240372582915	0.449	0.36	0.00854109078534783
POLD2	3	4.54378188609379e-07	0.419699155573161	0.332	0.243	0.00909756009233699
A1BG	3	4.56407221075781e-07	0.422523858713626	0.389	0.296	0.00913818538037929
JAM3	3	4.84260185561936e-07	0.513665004132952	0.276	0.195	0.00969585743532109
MORF4L2	3	4.900308821568e-07	0.278780809122475	0.563	0.461	0.00981139832254346
SLC9A9	3	5.21167495140473e-07	0.503362381609654	0.259	0.18	0.0104348155877026
JOSD2	3	5.23107937873467e-07	0.489791459469915	0.287	0.206	0.0104736671321026
SMAD5	3	5.46168851676044e-07	0.331756586782792	0.499	0.401	0.0109353927482578
SRSF1	3	5.46923833899179e-07	0.302856901708528	0.487	0.383	0.0109505090023294
NDUFB5	3	5.58316199955105e-07	0.408407189085187	0.477	0.396	0.0111786069555011
PSMG3	3	5.67063718263393e-07	0.427576063024217	0.334	0.246	0.0113537497670696
HEBP1	3	6.06163697399713e-07	0.503304102968723	0.292	0.211	0.0121366095493371
MYO9A	3	6.11432315848487e-07	0.33294518539494	0.466	0.366	0.0122420978279184
RNPS1	3	6.43904922892729e-07	0.337272743086175	0.514	0.417	0.0128922643661582
TMEM14C	3	6.54006593964286e-07	0.307473041400659	0.604	0.512	0.0130945200243529
OXLD1	3	7.06652816944745e-07	0.463850608990245	0.301	0.218	0.0141486027008677
AIMP1	3	7.071014971423e-07	0.370165568591733	0.375	0.282	0.0141575861757831
COX6A1	3	7.1248869449009e-07	0.377338859302774	0.486	0.394	0.0142654486410806
SKA2	3	7.43651040199191e-07	0.296805186073184	0.356	0.264	0.0148893811268682
TBL2	3	7.64951241202717e-07	0.538015553298443	0.255	0.178	0.0153158537513608
FIS1	3	7.77552036097893e-07	0.274328787046168	0.628	0.524	0.015568146866752
CKS1B	3	7.86982748726572e-07	0.271686022291024	0.361	0.267	0.0157569685950034
TIMM9	3	7.96935865131277e-07	0.492585539904962	0.262	0.184	0.0159562498916584
OAT	3	8.62882135917507e-07	0.392741788118634	0.335	0.247	0.0172766261253403
IAH1	3	8.6348621302465e-07	0.338411568055585	0.411	0.314	0.0172887209571795
FASTK	3	9.60642054474826e-07	0.402641343393863	0.376	0.288	0.019233975214695
METTL23	3	9.64871246322713e-07	0.467406070817051	0.351	0.266	0.0193186520938734
COPRS	3	9.66114604541292e-07	0.356229778894503	0.337	0.246	0.0193435466121257
TTTY15	3	9.91617341659547e-07	0.381135359788246	0.372	0.281	0.0198541624147075
CCDC8	3	9.9707335960827e-07	0.449248626353941	0.301	0.219	0.0199634028060768
DCTD	3	1.02646642754119e-06	0.454665955311873	0.32	0.237	0.0205519108122297
MIF	3	1.07585820076369e-06	0.281585232277729	0.679	0.569	0.0215408328956906
DYNLRB1	3	1.08453374448342e-06	0.282176648868853	0.586	0.485	0.021714534632047
HDGFRP2	3	1.09261285700323e-06	0.446252574614478	0.276	0.197	0.0218762946229186
MTPN	3	1.14319831389445e-06	0.291514513448189	0.639	0.533	0.0228891166407946
MICU1	3	1.1509900482743e-06	0.470605372010179	0.338	0.254	0.0230451227465481
SNUPN	3	1.18399848814514e-06	0.423157040717119	0.346	0.262	0.0237060177296421
GBAS	3	1.19595115469533e-06	0.43253658149745	0.432	0.346	0.0239453340193099
PTOV1	3	1.20255797955343e-06	0.438332259953215	0.335	0.251	0.0240776158666188
IFT57	3	1.2493311495714e-06	0.54014168502425	0.258	0.184	0.0250141082767185
DENR	3	1.28125747719208e-06	0.4011677003463	0.424	0.337	0.0256533372083398
NGFR	3	1.31207564345364e-06	0.389801142396942	0.29	0.208	0.0262703785332287
ZNF704	3	1.31434681100106e-06	0.550533033925091	0.286	0.207	0.0263158518498631
NBN	3	1.31441144518546e-06	0.552399979129744	0.289	0.21	0.0263171459555034
VPS41	3	1.34602446653973e-06	0.420228397464993	0.313	0.23	0.0269501018690585
DDOST	3	1.36178392334878e-06	0.369496372710128	0.444	0.355	0.0272656377132894
CETN2	3	1.3996835066331e-06	0.394926640323074	0.359	0.271	0.028024463169808
MALSU1	3	1.45660660379365e-06	0.494344921683359	0.285	0.206	0.0291641774211564
LAPTM4B	3	1.51913875806923e-06	0.401666928795412	0.297	0.212	0.0304161962140621
SMIM11	3	1.53770743099022e-06	0.496700573544262	0.314	0.234	0.0307879781832861
RNF187	3	1.59740452374249e-06	0.43595745570673	0.393	0.309	0.0319832333743722
UNC50	3	1.7124184438767e-06	0.518347014441613	0.28	0.204	0.0342860420832994
ESF1	3	1.7477854661165e-06	0.436574257454285	0.345	0.262	0.0349941606025846
SPATS2	3	1.81646775810788e-06	0.432432080027635	0.306	0.223	0.036369317452836
MINOS1	3	1.82414099143098e-06	0.332261039024944	0.463	0.373	0.036522950930431
TIMMDC1	3	1.82695525418446e-06	0.419476386225838	0.314	0.232	0.0365792980992812
HADHB	3	1.82799694217158e-06	0.415964845025515	0.431	0.347	0.0366001547761594
RPS10	3	1.85451585873096e-06	0.27207424533089	0.644	0.541	0.0371311165235112
ZC3H15	3	1.96447916173344e-06	0.351446879562098	0.472	0.382	0.0393328017762269
MRPS11	3	1.98430069784542e-06	0.451036416654071	0.331	0.25	0.039729668572261
MRPS2	3	2.04103538749183e-06	0.460597486660802	0.259	0.184	0.0408656105283614
NSA2	3	2.26498742046862e-06	0.251620826192532	0.594	0.493	0.0453495781326226
PIN4	3	2.26603623936991e-06	0.461711644484987	0.286	0.209	0.0453705775846644
ZNF280D	3	2.317224619172e-06	0.254708622539067	0.494	0.387	0.0463954713250618
ARL14EP	3	2.31904946775771e-06	0.489448021003866	0.263	0.189	0.0464320084434448
UQCRFS1	3	2.47870046565697e-06	0.375729630912999	0.392	0.307	0.0496285407233839
OSBPL8	3	2.53245002681628e-06	0.387612923859451	0.421	0.334	0.0507047144369155
PRKRIP1	3	2.53487327295554e-06	0.371874867291965	0.324	0.24	0.0507532326711157
CERS6	3	2.55390421527304e-06	0.44375871912592	0.294	0.216	0.0511342701981968
JPX	3	2.66907848640666e-06	0.385849313350205	0.279	0.199	0.0534402894548342
VCL	3	2.75797650837279e-06	0.283602236969919	0.389	0.292	0.05522020565064
KRR1	3	2.80528052447362e-06	0.497391423606279	0.296	0.22	0.0561673266610107
GNL3	3	2.99101307398661e-06	0.256131208096183	0.38	0.288	0.05988606376736
RBM3	3	3.10719934411554e-06	0.394060714847412	0.459	0.375	0.0622123452678813
APRT	3	3.16159580710704e-06	0.291099856539136	0.63	0.533	0.0633014712498971
METAP2	3	3.16224670892874e-06	0.322473119045091	0.473	0.381	0.0633145036061711
PRKACA	3	3.28895870238607e-06	0.489065658153451	0.261	0.186	0.0658515311391739
ZNF511	3	3.31459384336392e-06	0.461967371929096	0.261	0.187	0.0663647979318324
COX11	3	3.31675353990435e-06	0.442949951941635	0.273	0.198	0.066408039375965
SF3B5	3	3.37861807715243e-06	0.349989897472609	0.515	0.427	0.067646691140746
FAM114A1	3	3.46105514468668e-06	0.429221247993711	0.342	0.264	0.0692972461069166
ERLEC1	3	3.49124864029695e-06	0.368216479935544	0.407	0.323	0.0699017802760254
CCT8	3	3.78808960858923e-06	0.313594597959251	0.461	0.366	0.0758451301431736
DCHS1	3	3.98666443888193e-06	0.357345877635252	0.304	0.224	0.079820995395294
ENSA	3	4.0638361231208e-06	0.372159680522084	0.421	0.338	0.0813661268571247
GLT8D1	3	4.43947187290618e-06	0.424090924690319	0.341	0.259	0.0888871058393275
FBL	3	4.68084736677982e-06	0.35423158599766	0.396	0.309	0.0937199259776656
CCS	3	4.74001090416021e-06	0.403619841849151	0.366	0.287	0.0949044983230958
USP8	3	4.83863811125597e-06	0.363519205653798	0.493	0.413	0.0968792122635671
SWI5	3	4.89224850252648e-06	0.39024005175259	0.308	0.229	0.0979525995175852
SRPK2	3	5.20997162280604e-06	0.44023651600688	0.373	0.292	0.104314051831823
CLPX	3	5.26526725129107e-06	0.36245890067696	0.375	0.289	0.10542118090535
TAGLN	3	5.29587708029343e-06	0.518052479899502	0.275	0.203	0.106034050901635
CCDC88A	3	5.60177995117816e-06	0.271226349308312	0.406	0.316	0.112158838182489
CDC26	3	6.10630330708344e-06	0.447079950355964	0.354	0.278	0.122260404814425
UFM1	3	6.23120557492562e-06	0.312295488694542	0.432	0.343	0.124761198021161
WDR45B	3	6.38729527967384e-06	0.346477279279241	0.383	0.299	0.12788642608963
ECI2	3	6.5055108300662e-06	0.370776844738612	0.32	0.24	0.130253337839586
CHCHD1	3	6.87984504466027e-06	0.385751823649823	0.346	0.267	0.137748257484188
ILF2	3	6.95081450425875e-06	0.304815563373984	0.454	0.364	0.139169208004269
TMEM14B	3	7.05398877581594e-06	0.319610165717165	0.434	0.348	0.141234963269387
TNS3	3	7.23207824310894e-06	0.389430235580604	0.308	0.232	0.144800670583527
ARMC10	3	7.26129089448639e-06	0.430621922900714	0.294	0.22	0.145385566289407
ZNF326	3	7.39037260216758e-06	0.416901750882067	0.346	0.267	0.147970040240599
PDLIM4	3	7.426608074783e-06	0.328955761577605	0.308	0.229	0.148695546873305
CTSK	3	7.65144127604075e-06	0.343493000189277	0.317	0.235	0.153197157228888
COMMD3	3	8.0603264548697e-06	0.393327737138549	0.348	0.27	0.161383856279401
TSPAN4	3	8.3077866766336e-06	0.341887312314766	0.473	0.385	0.166338504839558
ISCA1	3	8.55124497947897e-06	0.412264297400248	0.28	0.206	0.171213026979128
PFDN1	3	8.57971082505212e-06	0.373468328324859	0.377	0.295	0.171782970139194
UBE2M	3	8.96787459289194e-06	0.386192745402436	0.397	0.32	0.179554785098882
PLEKHH3	3	9.72724922438425e-06	0.436396966064976	0.263	0.192	0.194758983970621
SKIL	3	9.8201418125703e-06	0.304805273748298	0.487	0.404	0.196618879371283
SRI	3	1.00355710265241e-05	0.265170398037709	0.544	0.447	0.200932203093065
EIF2AK1	3	1.00586663977045e-05	0.389397070558571	0.345	0.267	0.20139461861484
SMIM19	3	1.0183187993029e-05	0.44154557193695	0.279	0.207	0.203887789996426
ECH1	3	1.03782923739997e-05	0.340804378839561	0.442	0.358	0.207794169912223
DCXR	3	1.05212103557946e-05	0.426976075304516	0.306	0.232	0.21065567374372
C10orf32	3	1.07642187913009e-05	0.35856135816921	0.335	0.256	0.215521188639428
MRPL36	3	1.0771732062493e-05	0.413350463535249	0.311	0.237	0.215671619355235
URI1	3	1.09423428486102e-05	0.336806829266243	0.382	0.299	0.219087588514873
FMR1	3	1.10064866644143e-05	0.361076029725469	0.324	0.246	0.220371875994904
CPNE1	3	1.11476123523321e-05	0.324512984270363	0.473	0.395	0.223197494518392
COPS8	3	1.11584377680334e-05	0.416661195146058	0.256	0.186	0.223414240991564
NR1D2	3	1.15501835574207e-05	0.307364980959686	0.399	0.311	0.231257775186678
PLOD3	3	1.17615200326666e-05	0.422551191315964	0.335	0.261	0.23548915409405
TOMM22	3	1.19204104604548e-05	0.481139754605069	0.275	0.205	0.238670458239225
PDAP1	3	1.21610441348141e-05	0.293222029337134	0.524	0.447	0.243488425667249
GRHPR	3	1.25203475032437e-05	0.391603071941414	0.342	0.266	0.250682397709945
TM2D1	3	1.29059192796481e-05	0.354502849402962	0.315	0.239	0.258402315817114
DOCK1	3	1.32297732373965e-05	0.378673697771188	0.342	0.262	0.264886519759152
SARS	3	1.34726569512366e-05	0.345725698660513	0.327	0.248	0.269749537477659
KRTCAP2	3	1.36189391334719e-05	0.352311405979208	0.473	0.396	0.272678399330374
F2R	3	1.36408367781016e-05	0.343663714570588	0.332	0.252	0.273116833971151
ZNF32	3	1.4011599017087e-05	0.470265984993575	0.254	0.186	0.280540235520115
COA1	3	1.40572440405026e-05	0.390757462022774	0.346	0.271	0.281454140178944
AHI1	3	1.48907097623103e-05	0.273355144329349	0.42	0.331	0.298141790860976
ADH5	3	1.5329023827654e-05	0.269640479844635	0.415	0.326	0.306917715077289
UQCC2	3	1.54417830992258e-05	0.353532509057066	0.356	0.278	0.309175381212699
KLHDC10	3	1.5642768767859e-05	0.501475078864609	0.251	0.183	0.313199516270072
AKR1A1	3	1.58013711716319e-05	0.295929095273894	0.5	0.414	0.316375053598414
ACBD3	3	1.60073345024235e-05	0.331066929826784	0.469	0.39	0.320498851407524
TAF9	3	1.61343717394773e-05	0.340723910968928	0.382	0.3	0.323042390967814
TFG	3	1.64392431158997e-05	0.283767272007808	0.394	0.307	0.329146525666545
RAD23B	3	1.6507842628237e-05	0.378545043341084	0.311	0.236	0.330520025102562
MRPS18B	3	1.69197515238238e-05	0.396048774353287	0.307	0.234	0.33876726501
FHL1	3	1.72391695369985e-05	0.312131453524527	0.286	0.21	0.345162652469784
MBTPS1	3	1.75499521557515e-05	0.250148879283334	0.482	0.389	0.351385142062456
CDC42BPA	3	1.81630154379626e-05	0.358389584377567	0.324	0.244	0.363659895098887
ARL3	3	1.85690376554881e-05	0.457675563827345	0.296	0.226	0.371789271938183
CHCHD3	3	1.87270791213224e-05	0.448673292741451	0.294	0.225	0.374953578167118
IK	3	1.96400952252934e-05	0.313882326476644	0.413	0.33	0.393233986600824
SASH1	3	2.0125343934945e-05	0.429299441333281	0.282	0.211	0.402949636265468
RAD50	3	2.01455315781679e-05	0.311859811293963	0.389	0.307	0.403353833258077
ACTR10	3	2.08362636896568e-05	0.358701537749705	0.323	0.247	0.417183671594308
DUS1L	3	2.09295019119059e-05	0.426022954897558	0.277	0.209	0.419050487280179
ABL1	3	2.16067138830907e-05	0.310565475455628	0.301	0.226	0.432609625367243
DESI2	3	2.2635230835459e-05	0.33409741453245	0.331	0.254	0.45320259178756
MRPS14	3	2.29613709886443e-05	0.489046366531089	0.287	0.221	0.459732569934637
PLCE1	3	2.29850488418059e-05	0.337318203061314	0.31	0.234	0.460206647910638
AP2A1	3	2.33227464339528e-05	0.407183009935885	0.279	0.209	0.466968029100604
ERBB2	3	2.33622361064698e-05	0.377966183186872	0.275	0.204	0.467758691323738
GALNT11	3	2.35829450998216e-05	0.362364121631209	0.345	0.268	0.472177726788628
RNF8	3	2.37196126731484e-05	0.431535021058339	0.256	0.189	0.474914084941777
RBFA	3	2.37430312016739e-05	0.352041455743424	0.273	0.202	0.475382970719914
RASSF8-AS1	3	2.38218112006869e-05	0.331378914943842	0.276	0.203	0.476960303860153
ARPP19	3	2.40814357681484e-05	0.260881870505624	0.503	0.412	0.482158506949868
ANAPC5	3	2.42015785898961e-05	0.310366934161446	0.423	0.342	0.4845640065269
EIF4E2	3	2.44337373831501e-05	0.431074249300684	0.344	0.274	0.489212289885431
ZC3H8	3	2.5781291507596e-05	0.339794933353526	0.255	0.186	0.516193018565087
PDHB	3	2.67580170653079e-05	0.433208557463435	0.269	0.201	0.535749017681595
RARA	3	2.87243042230608e-05	0.364791382367251	0.3	0.227	0.575118019154122
GNL1	3	2.87534742078157e-05	0.457022658870333	0.259	0.194	0.575702060588885
SUCLG1	3	2.97456565703411e-05	0.417600543167809	0.355	0.284	0.595567535851369
HM13	3	2.99404394599373e-05	0.318174161935895	0.41	0.329	0.599467478866865
SRGAP2	3	3.09317256075496e-05	0.402867936405195	0.314	0.243	0.619315010114359
SDHC	3	3.09597074927381e-05	0.378122889153125	0.315	0.243	0.619875263419602
EMC6	3	3.14326280270501e-05	0.409401376495181	0.339	0.269	0.629344078357597
CWC15	3	3.20001785064106e-05	0.322316913646001	0.423	0.343	0.640707574055352
ZNF322	3	3.22134974671005e-05	0.436546756857819	0.28	0.213	0.644978646286286
SCOC	3	3.22695435941927e-05	0.294874036776489	0.344	0.266	0.646100801842926
ROMO1	3	3.28794981616973e-05	0.313466991119848	0.465	0.382	0.658313312193504
PLSCR4	3	3.32489684928313e-05	0.370016988787393	0.275	0.204	0.665710847163468
LSM5	3	3.33534103971582e-05	0.273116452754803	0.469	0.394	0.667801982971902
AL592183.1	3	3.34393058857576e-05	0.310327689183002	0.414	0.334	0.66952178244464
CCDC82	3	3.37961833921654e-05	0.271208407237002	0.403	0.317	0.676667183877935
SAR1A	3	3.46842925501714e-05	0.310047402013006	0.358	0.28	0.694448905439531
MIEN1	3	3.60123790461943e-05	0.339193050681751	0.269	0.2	0.721039853262903
SDF2	3	3.62799244190342e-05	0.286598784901158	0.335	0.258	0.726396646717902
UBE2Z	3	3.69170520712796e-05	0.386062064974216	0.37	0.299	0.739153216571161
ASNSD1	3	3.8622961162813e-05	0.436853876612228	0.251	0.185	0.773308928401842
PLEKHJ1	3	3.87812862693351e-05	0.399737110828896	0.32	0.251	0.776478913684627
POP7	3	3.99284818434089e-05	0.421038642625836	0.275	0.208	0.799448063468732
GOLM1	3	4.04312396020274e-05	0.356475030920744	0.283	0.213	0.809514279311793
C15orf61	3	4.135177924288e-05	0.272443618730283	0.435	0.353	0.827945324000944
CREB3L2	3	4.19397879179007e-05	0.300486333268142	0.355	0.28	0.839718433692207
EMD	3	4.42033718981558e-05	0.361385521315391	0.263	0.196	0.885039912144875
C19orf70	3	4.46638134150206e-05	0.330067671917073	0.469	0.397	0.894258872195543
SNF8	3	4.52611696001534e-05	0.306849517949061	0.418	0.341	0.906219137734271
LARP6	3	4.57903706585525e-05	0.32600288983348	0.283	0.214	0.916814801325538
LRRC59	3	4.79841746438841e-05	0.386077514981169	0.339	0.269	0.960739144719847
LSM2	3	4.81896850529608e-05	0.331747945018367	0.394	0.316	0.964853874130381
EIF3M	3	4.93780178632096e-05	0.316262044339919	0.428	0.35	0.988646673657182
FERMT2	3	4.97497215848491e-05	0.323222644541852	0.37	0.29	0.996088925571848
KNOP1	3	5.06193963118439e-05	0.339931218209953	0.256	0.189	1
NDUFA2	3	5.15734981028895e-05	0.258169571835315	0.539	0.459	1
SMARCD3	3	5.16253727857068e-05	0.286604599324382	0.285	0.213	1
SETBP1	3	5.4048407311372e-05	0.342491012622049	0.256	0.19	1
DNAJC8	3	5.45981878740768e-05	0.285787902421232	0.521	0.442	1
SLC25A11	3	5.49717496787271e-05	0.312543032690625	0.363	0.288	1
RNF24	3	5.56431322715091e-05	0.337146769986323	0.307	0.236	1
MRP63	3	5.69135080372099e-05	0.250256152952141	0.485	0.4	1
ANKRD50	3	5.72272936972574e-05	0.268729529982806	0.377	0.298	1
KIAA1430	3	5.79834243993047e-05	0.320842277868565	0.389	0.314	1
MLX	3	6.05994966345778e-05	0.371885718457722	0.311	0.243	1
SNAI2	3	6.08813145523297e-05	0.354665446625211	0.258	0.193	1
AUTS2	3	6.23109352577215e-05	0.360353055497916	0.293	0.225	1
GLO1	3	6.41601068823139e-05	0.293874734324779	0.351	0.277	1
CCT3	3	6.60268570020339e-05	0.285321621277453	0.52	0.446	1
GOLGA3	3	6.68821459104657e-05	0.329889106618001	0.325	0.252	1
PUF60	3	6.7873774741419e-05	0.405624942364095	0.261	0.196	1
TP53I13	3	6.94860007027521e-05	0.29007526082433	0.362	0.288	1
MAGOH	3	7.20855573656404e-05	0.318280913981181	0.408	0.333	1
GMPS	3	7.5623320089626e-05	0.454118589367234	0.262	0.2	1
MGMT	3	7.81067786405091e-05	0.293634995124669	0.385	0.308	1
AFF3	3	7.88723352910358e-05	0.252429305474801	0.346	0.271	1
MRPL14	3	7.95645261150363e-05	0.398715640180063	0.369	0.303	1
PDHA1	3	8.35611331719578e-05	0.362700353893964	0.287	0.221	1
NSRP1	3	8.83565760800745e-05	0.370357085026347	0.354	0.288	1
COA6	3	8.95350964446529e-05	0.467421166058979	0.296	0.235	1
NFATC4	3	9.53585237331178e-05	0.309856840905345	0.287	0.219	1
RER1	3	9.59954668241785e-05	0.267821355891783	0.465	0.385	1
POLR2E	3	9.71924941938258e-05	0.342416763629938	0.358	0.29	1
UBE2E2	3	9.73942812480159e-05	0.376028683916185	0.266	0.202	1
PPP1R35	3	0.000101295463044	0.420346888283224	0.32	0.256	1
RAB22A	3	0.00010732044099536	0.414449108831767	0.258	0.196	1
HMG20A	3	0.000107382563513612	0.370161459748331	0.325	0.257	1
SNORA76	3	0.000108888130333401	0.326482801699375	0.296	0.23	1
SDF4	3	0.000111506080882572	0.336572816818492	0.39	0.317	1
SLC25A39	3	0.000112554414885302	0.381005292245906	0.325	0.258	1
ITFG3	3	0.000114715632117698	0.321507688213852	0.294	0.228	1
NELFCD	3	0.00011713990248056	0.347535207101679	0.258	0.195	1
RPL7L1	3	0.000118561527638288	0.339505762299078	0.383	0.316	1
PCGF2	3	0.000119440474031492	0.313344992113581	0.324	0.254	1
FAM103A1	3	0.000119628226238268	0.374237201857621	0.272	0.208	1
RRAGA	3	0.000120867839678506	0.335379606331067	0.334	0.264	1
COX14	3	0.000124592114015278	0.258105746715015	0.439	0.362	1
PSMC4	3	0.000129435560488945	0.426676210483543	0.301	0.239	1
CA11	3	0.000132860391811447	0.353459863241695	0.275	0.21	1
CRYBG3	3	0.000136197487476744	0.375094443655259	0.256	0.194	1
MANF	3	0.000142383765887703	0.365410510090667	0.317	0.252	1
CASC3	3	0.0001456305762511	0.32677557210195	0.321	0.251	1
CSNK2B	3	0.000148558382408759	0.281566758755822	0.461	0.386	1
ZNF22	3	0.000155769198754495	0.275093888842496	0.399	0.328	1
PRKDC	3	0.00015682517265935	0.284762897020467	0.431	0.356	1
PSMD3	3	0.000158271982436288	0.305987358544022	0.368	0.295	1
FAM200B	3	0.000158697903061783	0.277885647071047	0.365	0.291	1
RBM27	3	0.000159369856635402	0.360801256838077	0.285	0.222	1
SCAND1	3	0.000159556472392029	0.266349518342283	0.511	0.443	1
TRPM7	3	0.000163296648538985	0.298817285450943	0.366	0.295	1
SRP68	3	0.000168317379720489	0.376248170695718	0.259	0.198	1
RP11-139H15.1	3	0.000170504915736303	0.350606722178906	0.273	0.212	1
SF3B3	3	0.000171788940673782	0.354446501961147	0.268	0.206	1
POLR2F	3	0.000179509249949704	0.294947165574524	0.434	0.364	1
MRPL17	3	0.000181275848439204	0.360260248473264	0.287	0.226	1
UAP1	3	0.000198000480856577	0.424287243117686	0.261	0.202	1
TXNL4A	3	0.00020232978031751	0.340722507788159	0.41	0.345	1
PPP2R1A	3	0.000212171667611721	0.256510109898986	0.431	0.355	1
PSMD4	3	0.00021746223424301	0.343384203760668	0.369	0.3	1
STX10	3	0.000220009220961829	0.414383299582489	0.263	0.205	1
DECR1	3	0.000228752503357877	0.372141783855427	0.325	0.265	1
RBM28	3	0.000229359866437952	0.313392363815833	0.32	0.253	1
NOC2L	3	0.000229452001030426	0.300968679454094	0.283	0.218	1
ATXN7L3B	3	0.000245345400635724	0.287770080485585	0.434	0.358	1
IER3IP1.1	3	0.000247963039561393	0.34929084472739	0.314	0.251	1
GJA1	3	0.000252776097513434	0.314986208618954	0.301	0.234	1
LEPRE1	3	0.000253614924143954	0.367940172151077	0.268	0.207	1
TOP2B	3	0.000259036068656717	0.254973254149487	0.376	0.305	1
PXDC1	3	0.000264147279560748	0.394710908756785	0.273	0.213	1
POLR2H	3	0.000274225303916496	0.34733086579373	0.294	0.233	1
CHURC1	3	0.000275193522597615	0.302041201580471	0.352	0.284	1
PIGC	3	0.000287138557055872	0.387297167307135	0.256	0.198	1
KLHDC3	3	0.000298224570450677	0.326179253230158	0.289	0.227	1
CDIPT	3	0.000299957226232026	0.300729874057212	0.297	0.232	1
THUMPD2	3	0.00030392916150502	0.395458329788588	0.258	0.201	1
PNKD	3	0.000306241015410286	0.276353693573033	0.39	0.319	1
OLA1	3	0.000314106399648599	0.33051655976168	0.272	0.212	1
TMEM106B	3	0.0003432333859694	0.256453330597898	0.396	0.323	1
ARHGEF40	3	0.000345497741769744	0.406666249752048	0.282	0.223	1
CHD3	3	0.000346587070075184	0.364791382367251	0.276	0.216	1
MRPL12	3	0.000354741879614121	0.325484531952105	0.275	0.215	1
CBR1	3	0.000359158621410037	0.37533475264905	0.262	0.205	1
LIMCH1	3	0.000362822622783228	0.393200001582777	0.265	0.207	1
C19orf25	3	0.000369532755925396	0.367104235497616	0.262	0.204	1
COIL	3	0.000371064117349155	0.383968296360135	0.282	0.224	1
GTPBP6	3	0.000391046316127625	0.417777788343355	0.265	0.21	1
ABCE1	3	0.000399808720570101	0.364239502376603	0.268	0.21	1
PPM1G	3	0.000413347326988958	0.28883898037699	0.392	0.326	1
MEAF6	3	0.000428273163564092	0.262640348054709	0.365	0.297	1
NDUFS7	3	0.000435163413664663	0.332435981681568	0.407	0.344	1
DNAJC19	3	0.000456917171435453	0.322818633366199	0.338	0.277	1
SSNA1	3	0.0004650429793791	0.289789832978728	0.373	0.306	1
UFL1	3	0.000473720542874264	0.328396507887311	0.286	0.226	1
PDXDC1	3	0.000493514650371979	0.37144398696594	0.287	0.23	1
ITFG1	3	0.000495258616573926	0.357374984670251	0.276	0.218	1
CSNK1G3	3	0.000503642735359555	0.291601661658121	0.318	0.257	1
CDC5L	3	0.000544502320949528	0.26768786571904	0.355	0.29	1
AP3S1	3	0.000577673012949551	0.27031893322127	0.358	0.292	1
MRPL32	3	0.000601204447268899	0.275917658397171	0.331	0.265	1
EIF4EBP1	3	0.000618595528279672	0.332217331368448	0.308	0.252	1
SH3GL1	3	0.000623178948008337	0.324967499957319	0.285	0.226	1
EIF2A	3	0.000629667628950371	0.319682062132608	0.3	0.24	1
POLR2B	3	0.000652432791111191	0.370436088196594	0.294	0.236	1
COPB1	3	0.000660950676624176	0.274379799016574	0.373	0.309	1
SFSWAP	3	0.000671294722003828	0.294897446615258	0.292	0.233	1
VDAC3	3	0.000675113424385465	0.281310425461929	0.352	0.291	1
SND1	3	0.000686953418397017	0.294474603279721	0.372	0.312	1
DNAJC2	3	0.000721073955467032	0.31282815381032	0.301	0.243	1
PHC2	3	0.000723558286843991	0.251703335216757	0.394	0.327	1
RP11-220I1.1	3	0.000732332158276594	0.338216115013676	0.287	0.23	1
PSMB8	3	0.000790468363346968	0.324662581400809	0.348	0.287	1
ACADM	3	0.000953588050913454	0.312178431873853	0.282	0.224	1
NDUFS3	3	0.000987661920761449	0.335776038252908	0.368	0.314	1
SYNCRIP	3	0.00102015171645821	0.269108489393488	0.415	0.353	1
PEX2	3	0.00103165618046472	0.377777559562869	0.259	0.209	1
CLPP	3	0.00105207661022578	0.346700502236152	0.269	0.216	1
RBM22	3	0.00108194692363908	0.340819891772866	0.272	0.219	1
PSMA3	3	0.00114013292474414	0.252479882874616	0.354	0.291	1
ARHGAP24	3	0.00122365591483248	0.280221777240629	0.289	0.231	1
ANKRD26	3	0.00128393305616503	0.298885891290146	0.256	0.202	1
COPS5	3	0.00129675707221941	0.317119868388407	0.313	0.258	1
FNTA	3	0.00131580466820287	0.323100162304723	0.279	0.225	1
MAGEH1	3	0.00138060801997373	0.251890081009211	0.258	0.202	1
RCN3	3	0.00139520839554405	0.270681010031023	0.272	0.216	1
SNRPA	3	0.00146493964250733	0.263515603646239	0.258	0.203	1
IFT20	3	0.00153134434644151	0.301437721465558	0.373	0.317	1
RRAS	3	0.00158635127569514	0.260214010979954	0.321	0.264	1
RTFDC1	3	0.00159724711241187	0.289115329697991	0.393	0.341	1
SEC23A	3	0.00164699707733589	0.297510586094585	0.306	0.25	1
ZNF830	3	0.00172696601044733	0.323609367856199	0.251	0.199	1
SPOP	3	0.00178191093154025	0.27235587044347	0.399	0.345	1
CUL5	3	0.00178886531232178	0.307934396280219	0.272	0.219	1
WBSCR22	3	0.00183647197990681	0.253227329856293	0.39	0.326	1
ZSCAN16-AS1	3	0.001849077900325	0.27766744034713	0.266	0.213	1
DCTN2	3	0.00186158332655499	0.266812793723405	0.306	0.249	1
ABHD14B	3	0.00189039347024415	0.283202930285696	0.265	0.211	1
STRAP	3	0.00204932008559494	0.288162709609135	0.287	0.234	1
GNG12	3	0.00205462863547753	0.293787258803013	0.277	0.224	1
LRPPRC	3	0.00205494989255598	0.258569194928093	0.29	0.235	1
PSMC2	3	0.00207346680313638	0.287890300063246	0.287	0.234	1
TRMT10C	3	0.00212280772258137	0.300747296290179	0.273	0.221	1
MDM2	3	0.00214388351163652	0.283145948697633	0.283	0.23	1
YIPF5	3	0.00219057078643019	0.284721573096706	0.292	0.238	1
SIKE1	3	0.00219789267664682	0.273753074283848	0.258	0.206	1
PIN1	3	0.00221828019232942	0.270681010031023	0.28	0.227	1
SLC2A4RG	3	0.00222155931090487	0.353143170222996	0.296	0.245	1
THAP5	3	0.0022218978549376	0.261945622035425	0.301	0.246	1
ZNF580	3	0.00230446795431959	0.305813013136091	0.262	0.212	1
EAPP	3	0.00231235129564314	0.299833459093984	0.297	0.246	1
AGPAT2	3	0.00233611728611303	0.288310193051956	0.261	0.21	1
ELK4	3	0.00242682883669208	0.290584328252744	0.304	0.251	1
RYK	3	0.00243505946770217	0.313979076974007	0.259	0.211	1
FAM173A	3	0.00257471558779828	0.315623131961995	0.27	0.221	1
SPAG7	3	0.00261519568684729	0.258855574634234	0.342	0.287	1
ABCF1	3	0.00274101171122806	0.277581511937034	0.334	0.279	1
HDAC2	3	0.00275442114334122	0.287710437306419	0.32	0.267	1
ECI1	3	0.00289754957825009	0.269169543113424	0.252	0.202	1
PRPF31	3	0.00290444635895	0.291786643042675	0.276	0.226	1
NDUFB3	3	0.00304356775307525	0.267778202128386	0.351	0.298	1
LARS	3	0.00323307947598364	0.292610734266199	0.37	0.32	1
HEXDC	3	0.00328340372354232	0.257040443065001	0.255	0.206	1
FNBP1L	3	0.00332618227370351	0.329024996261828	0.254	0.205	1
IMPAD1	3	0.00334658381158228	0.259561566838627	0.252	0.203	1
FAM50A	3	0.0035639426910512	0.274001988043522	0.415	0.366	1
IFT27	3	0.00365921465585139	0.27599751089295	0.252	0.205	1
TAX1BP3	3	0.00381026661292285	0.257497803344612	0.265	0.215	1
MED8	3	0.00396937483126665	0.327337403623341	0.258	0.211	1
FAM96A	3	0.00419154851125916	0.266707422909072	0.315	0.265	1
ANKRD36C	3	0.00454260638685203	0.307448685275825	0.346	0.29	1
RAB18	3	0.00473859415205002	0.263509354628769	0.327	0.277	1
NUTF2	3	0.0048149454066636	0.253200530508343	0.311	0.259	1
SURF1	3	0.00491377454152103	0.353454062378254	0.293	0.247	1
PHAX	3	0.00513214274008314	0.321170780484717	0.276	0.23	1
CSNK2A1	3	0.0053859729810709	0.307736875254877	0.308	0.259	1
PSMD12	3	0.00551014510657761	0.281132970848276	0.323	0.276	1
NOSIP	3	0.00569352456099217	0.273956142063884	0.276	0.23	1
TMEM183A	3	0.00589337739348711	0.315092284826342	0.251	0.206	1
DMTF1	3	0.00597029326728104	0.268042831950076	0.268	0.221	1
MRPS18C	3	0.00610825737219188	0.250220468577782	0.348	0.299	1
SSBP3	3	0.00617775041903975	0.271012245261703	0.261	0.216	1
YIF1A	3	0.00661523589318556	0.328970860347794	0.259	0.216	1
MRPS25	3	0.00692538138205634	0.29654493915709	0.251	0.208	1
FAM162A	3	0.00692967378026386	0.250568963449273	0.306	0.258	1
SMIM15	3	0.007961945345824	0.308540553857042	0.252	0.21	1
USP11	3	0.00841467880764061	0.26106547301	0.286	0.242	1
SCFD1	3	0.00845400506409928	0.332384610056199	0.283	0.238	1
FRG1	3	0.00869368126582745	0.308637244374706	0.256	0.215	1
SLC25A37	3	0.0087502299143357	0.254022541278192	0.37	0.328	1
MTA1	3	0.00937706509839149	0.270321638988964	0.252	0.209	1
ATXN10	3	0.00951814728334813	0.261088692008233	0.282	0.238	1
ANKRD36	3	0.00963617840811828	0.258820854820962	0.345	0.296	1
PI16	4	2.77218573036494e-154	2.21723986281346	0.619	0.191	5.55047026933669e-150
LUM	4	6.98137760300701e-154	1.27193574368046	0.988	0.687	1.39781142367406e-149
CAPN6	4	3.42101803664941e-128	1.62716648082531	0.775	0.348	6.84956231297946e-124
ABCA8	4	3.2891156325515e-125	1.94905686604701	0.621	0.224	6.5854673194946e-121
GSN	4	2.16605071229889e-115	1.11594451584349	0.949	0.776	4.33686673616484e-111
FZD2	4	5.9855004377719e-108	2.07942154872992	0.504	0.163	1.19841689765069e-103
CLDN1	4	1.61572994269548e-104	2.49558491754365	0.33	0.072	3.23501449126489e-100
FMO1	4	2.56770749127043e-104	1.60285390256051	0.652	0.26	5.14106393902166e-100
C1S	4	2.37833753366488e-103	1.22182812466725	0.872	0.511	4.76190740990383e-99
ABCA9	4	5.73590645020766e-98	1.70531047921124	0.587	0.228	1.14844318946058e-93
ABCA6	4	2.99620525018862e-95	1.46287584260898	0.633	0.262	5.99900215192765e-91
PLAC9	4	1.94123166455553e-94	1.79429649810415	0.503	0.176	3.88673403877308e-90
CYP1B1	4	2.87612682286844e-94	2.19421600149823	0.403	0.119	5.75858112474718e-90
COL21A1	4	4.23434084194041e-93	1.45344334080936	0.619	0.252	8.4779972337331e-89
ABCA10	4	1.41758316849021e-91	1.1791466079926	0.675	0.287	2.8382850199511e-87
VIT	4	8.68710466756122e-91	1.97683362066136	0.373	0.1	1.73933209653911e-86
IGFBP7	4	4.81815644661661e-87	0.832266888469527	0.961	0.785	9.64691283741578e-83
APOD	4	5.37505493792789e-87	2.13857606115762	0.872	0.667	1.07619349967192e-82
C1R	4	2.07896685532224e-84	1.3571843110644	0.685	0.329	4.16250743772619e-80
DCN	4	1.57687536040064e-82	0.801217387906301	0.994	0.77	3.15721984659416e-78
NR2F2	4	1.42633369940113e-76	1.36714648448302	0.649	0.316	2.85580533294095e-72
LAMB1	4	2.07721938123848e-71	0.757110303388847	0.978	0.755	4.15900864511569e-67
EMILIN3	4	3.12802202576249e-71	1.49527109103234	0.501	0.204	6.26292569998165e-67
CYGB	4	6.54790581170587e-71	1.07498878306376	0.764	0.438	1.31102170161975e-66
IGFBP4	4	2.62926244645125e-68	0.827248522209934	0.93	0.671	5.2643092702847e-64
ISLR	4	2.18375314347688e-66	0.751562365652928	0.975	0.739	4.37231054386941e-62
LAMA2	4	2.78600583654829e-66	1.05989892836093	0.778	0.472	5.57814088593699e-62
CD81	4	1.7193683693653e-65	0.566217248063948	0.997	0.962	3.4425193491432e-61
NTRK3	4	1.75348240096401e-65	1.53681514099768	0.388	0.133	3.51082246321014e-61
COL3A1	4	4.71832498485374e-61	0.674585561057139	1	0.822	9.44703028467416e-57
MATN2	4	5.46728896439759e-61	1.38877852488482	0.515	0.234	1.09466059645169e-56
OGN	4	1.97374243258461e-60	0.689117208653136	0.981	0.758	3.95182709852091e-56
COL6A2	4	2.33592617109105e-60	0.607315085070205	0.997	0.835	4.67699137975851e-56
SOD3	4	4.9327612066861e-60	0.99993256961057	0.643	0.316	9.87637448802692e-56
CXCL14	4	7.47769354497027e-59	1.4335159387222	0.449	0.183	1.49718380157395e-54
SSPN	4	1.46795477392567e-58	1.06059717104503	0.657	0.351	2.93913904835397e-54
C8orf4	4	8.64548447920065e-57	1.41708136605257	0.464	0.201	1.73099890242555e-52
IGF2	4	2.67847518601323e-56	0.574230337431939	0.996	0.833	5.36284301743569e-52
C11orf96	4	6.94562809519858e-56	2.16042849180884	0.382	0.153	1.39065365722066e-51
CHN1	4	1.25045897332633e-54	1.73493332355095	0.285	0.089	2.50366895639398e-50
CALD1	4	2.22312424231289e-54	0.633450928399242	0.993	0.815	4.45113935795887e-50
SERPING1	4	9.95195893870428e-54	0.926655482657081	0.76	0.498	1.99258121870737e-49
IGF1	4	1.32850494863297e-53	1.47300325252995	0.466	0.211	2.65993260815293e-49
PCOLCE	4	5.9423861612869e-52	0.579843494816501	0.988	0.763	1.18978455721286e-47
KRT10	4	7.88780352841512e-52	0.631587899492823	0.946	0.765	1.57929602245928e-47
CDH19	4	5.98893346197703e-51	1.04256042654091	0.385	0.148	1.19910425775704e-46
TENM2	4	2.86542055153463e-50	1.53940324045764	0.322	0.116	5.73714502828263e-46
COLEC12	4	7.13453135949517e-50	0.957575008798627	0.71	0.435	1.42847586879812e-45
TPD52L1	4	3.79830624517547e-49	1.58518832137963	0.382	0.161	7.60496876409033e-45
COL1A2	4	6.16122531632115e-48	0.570331241937596	1	0.852	1.23360053283382e-43
COL6A1	4	6.51200449053031e-48	0.570808724522677	0.994	0.794	1.30383353909398e-43
FSTL1	4	1.23424445253568e-47	0.727232845628954	0.881	0.641	2.47120424286693e-43
RARRES2	4	1.33668499427294e-47	0.803035237036724	0.763	0.484	2.67631069553327e-43
OLFML2B	4	1.7975570271062e-47	1.12070687135068	0.707	0.476	3.59906867967203e-43
LRRC17	4	3.01338326919611e-47	1.2950573947943	0.455	0.216	6.03339598158446e-43
MT-CYB	4	4.23964169380511e-45	0.278594828553742	1	1	8.48861059933659e-41
BGN	4	4.25916150141495e-45	0.826491873677919	0.807	0.549	8.52769315813301e-41
IGFBP6	4	5.15956552478436e-45	1.42316725042974	0.375	0.161	1.03304820937232e-40
SCN7A	4	1.53607711631408e-44	1.14351064555207	0.44	0.203	3.07553360228406e-40
CDH11	4	5.5705092837627e-44	0.823137301619645	0.675	0.387	1.11532736879497e-39
RND3	4	2.0437823473637e-43	1.27069072088808	0.367	0.153	4.09206101589159e-39
LIFR	4	2.04849008673688e-43	0.964946890068841	0.543	0.283	4.10148685166458e-39
COL1A1	4	4.32439306043013e-43	0.526932021685685	1	0.86	8.65829978559321e-39
CPED1	4	1.19279541341157e-41	1.15436447573784	0.478	0.245	2.38821497673265e-37
CD63	4	6.20150354774169e-41	0.438660439262417	0.997	0.981	1.24166504032884e-36
CRLF1	4	5.36448052044534e-39	1.22287500312532	0.427	0.208	1.07407628980357e-34
IGFBP5	4	6.97306491491662e-39	0.959607746169769	0.721	0.525	1.39614705726461e-34
LAPTM4A	4	9.71059257167632e-39	0.509182902452556	0.945	0.843	1.94425484470103e-34
CXCL12	4	2.2757306722627e-38	0.962110059743404	0.567	0.328	4.55646795200437e-34
APOE	4	2.60389789135972e-38	0.519777267915843	0.84	0.643	5.21352435808044e-34
LAMA4	4	3.73220015588072e-38	0.7960528979085	0.594	0.337	7.47261115210438e-34
COL15A1	4	6.09959932155204e-38	1.33850616478268	0.267	0.098	1.22126177616115e-33
NRP2	4	1.60646009416142e-37	0.937192595798697	0.648	0.427	3.21645440053e-33
MGP	4	9.17371057263879e-37	0.726849499652241	0.955	0.819	1.83676033085374e-32
SPON2	4	1.64413700564354e-36	1.33622284246942	0.336	0.146	3.2918911126995e-32
C1orf21	4	1.80018895417478e-36	0.88548365080117	0.604	0.365	3.60433832404874e-32
PKDCC	4	3.40451808370345e-36	1.17446452728178	0.427	0.217	6.81652610719104e-32
HDDC2	4	1.80368487172261e-35	0.884649435260368	0.569	0.334	3.61133785016301e-31
PDGFRB	4	8.24748838692165e-35	0.724426676976726	0.625	0.372	1.65131212482945e-30
MXRA7	4	2.61314684397963e-34	0.75106544313519	0.639	0.398	5.23204261101601e-30
OLFML3	4	1.09420224088783e-33	0.670451582208645	0.657	0.399	2.19081172670561e-29
MMP14	4	1.296261263305e-33	0.790129934664416	0.613	0.382	2.59537430138928e-29
C15orf61	4	1.44242263698194e-33	0.835642347558921	0.57	0.339	2.88801860376524e-29
PLAGL1	4	4.17915340109863e-33	0.887157274128213	0.536	0.314	8.36750093967968e-29
FBN1	4	4.65164682324261e-33	0.654258578704635	0.74	0.507	9.31352726949635e-29
OLFM2	4	5.49835976937482e-33	0.807247118771286	0.537	0.303	1.10088159302423e-28
CPE	4	1.2416759977305e-32	0.561751968949268	0.843	0.623	2.486083682656e-28
DKK3	4	2.41798509635613e-32	1.11781762859546	0.376	0.186	4.84128975992424e-28
CFH	4	3.04758144926197e-32	0.572382738577199	0.854	0.633	6.10186757771232e-28
MMP2	4	1.53858584434354e-31	0.617413024858737	0.828	0.631	3.08055657754464e-27
PDE5A	4	1.7209580482543e-31	1.16369511205243	0.312	0.139	3.44570220421477e-27
COL6A3	4	2.59742242406877e-31	0.559385460213426	0.885	0.671	5.20055917747048e-27
COL9A3	4	3.60530115096579e-31	0.984086016814098	0.425	0.224	7.21853396446371e-27
F3	4	7.16396910163837e-31	1.06829897006485	0.349	0.167	1.43436989353003e-26
ARHGAP10	4	2.8826882848097e-30	1.00096324713626	0.443	0.244	5.77171848384599e-26
EBF2	4	3.69520938922198e-30	1.00654871533142	0.357	0.172	7.39854823910025e-26
PHYHIP	4	3.89124764823713e-30	1.2609908575996	0.272	0.115	7.79105604130038e-26
FBLN1	4	4.71684707800885e-30	0.949314831174956	0.546	0.329	9.44407121958932e-26
FHL2	4	2.1595252138948e-29	1.4455879624401	0.266	0.115	4.32380138326017e-25
ARL4A	4	2.2150918517581e-29	0.649280483343802	0.557	0.339	4.43505690559006e-25
SRM	4	2.65501740082755e-29	1.18652986208314	0.528	0.338	5.31587583993693e-25
SPTBN1	4	3.09857604816033e-29	0.518873310263384	0.69	0.449	6.20396896362661e-25
COL4A2	4	3.54612065551041e-29	0.476162960074323	0.852	0.649	7.10004277646294e-25
TTC3	4	5.60844473150446e-29	0.414804320699862	0.943	0.79	1.12292280414182e-24
NDRG2	4	6.36331197802913e-29	0.962186844696959	0.403	0.212	1.27406232424099e-24
PPAP2B	4	1.8975054536462e-28	0.944376186249762	0.482	0.283	3.79918541929041e-24
MORF4L1	4	2.6118990646157e-28	0.380975325023975	0.969	0.903	5.22954430717355e-24
TMEM98	4	3.98074538610157e-28	0.786385523682872	0.518	0.306	7.97024841205257e-24
SPARCL1	4	5.20938467862527e-28	0.556117809140001	0.706	0.507	1.04302300035435e-23
LTBP4	4	5.93158356420497e-28	0.801077430528272	0.555	0.348	1.18762166122512e-23
RP11-161M6.2	4	6.24421498028245e-28	0.881957699756949	0.373	0.19	1.25021672335215e-23
SGCE	4	9.24339836944218e-28	0.643574463079271	0.558	0.329	1.85071322152971e-23
DDR2	4	1.58751215505749e-27	0.693569212545988	0.601	0.378	3.17851683685611e-23
SERPINE2	4	1.95628816401909e-27	0.569026649805524	0.469	0.261	3.91688016199903e-23
MAB21L1	4	2.58056138806484e-27	1.20119614618496	0.285	0.132	5.16680001118343e-23
PTRF	4	2.65319143192778e-27	0.5766435584732	0.748	0.544	5.3122198850058e-23
CYTH3	4	2.9782345013031e-27	0.886220566172432	0.421	0.232	5.96302111850908e-23
LAMC1	4	3.91772933900576e-27	0.735026797239094	0.558	0.353	7.84407768255734e-23
JUN	4	4.05857443553338e-27	0.64706690562507	0.834	0.722	8.12607773482493e-23
RASSF2	4	6.49513769962789e-27	1.2102382611292	0.27	0.122	1.3004564702195e-22
ERBB2	4	6.83423814532547e-27	0.947539501871531	0.373	0.194	1.36835116145706e-22
COL5A2	4	7.80776305555148e-27	0.481093335770147	0.936	0.721	1.56327031898252e-22
HIC1	4	8.62854621660248e-27	0.845158021951506	0.443	0.248	1.72760752348815e-22
RGL1	4	1.23747692889318e-26	0.868862570448206	0.416	0.228	2.47767630702993e-22
CPXM1	4	1.26099590935304e-26	0.636731637949045	0.654	0.435	2.52476600970666e-22
IFIT1	4	1.59259424383244e-26	1.00840330488631	0.312	0.151	3.18869219500131e-22
TCEB2	4	2.08607453603439e-26	0.420122676947524	0.951	0.923	4.17673843604805e-22
HEY1	4	2.50519364517186e-26	1.08633814185975	0.284	0.13	5.01589871636311e-22
TGFBI	4	2.69292386402418e-26	0.752231526598734	0.697	0.532	5.39177216054922e-22
RPLP1	4	2.94484702461355e-26	0.261992248406489	1	1	5.89617271268125e-22
PDK4	4	3.58806505178185e-26	0.822146166638226	0.409	0.221	7.18402384667762e-22
NDN	4	4.53894671696449e-26	0.604479678149572	0.604	0.373	9.0878791167063e-22
THY1	4	7.05600611367738e-26	0.833986744523446	0.504	0.305	1.41275354408049e-21
LARP6	4	8.79714329731166e-26	0.8655310907133	0.384	0.204	1.76136403098774e-21
SEPT9	4	9.05086131775881e-26	0.779342840928852	0.557	0.358	1.81216345304167e-21
EGR1	4	1.1909236816151e-25	0.844636641755009	0.428	0.246	2.38446739532976e-21
PTPN9	4	1.73452557502371e-25	1.16890257393762	0.284	0.134	3.47286710631246e-21
DHRS3	4	2.04007066119386e-25	1.115616457765	0.446	0.273	4.08462947784235e-21
MXRA8	4	2.53557490735929e-25	0.455646079200058	0.809	0.58	5.07672807951477e-21
PLEKHA4	4	2.88440203621226e-25	0.754673668596848	0.448	0.252	5.77514975690418e-21
RP11-14N7.2	4	3.12441946006633e-25	0.59229232534354	0.688	0.482	6.25571264294481e-21
PLK2	4	3.78428942152636e-25	0.999543933990112	0.351	0.184	7.57690427978007e-21
FAM171B	4	3.96041145023869e-25	1.15365076044987	0.287	0.138	7.9295358056679e-21
PHLDA3	4	4.24446245714198e-25	0.918063773407163	0.436	0.254	8.49826273168967e-21
NFIX	4	6.59693383916059e-25	0.610717270667425	0.713	0.505	1.32083809327673e-20
EPB41L2	4	7.32166535225587e-25	0.596118681832515	0.719	0.548	1.46594383682867e-20
LRP1	4	7.47036940956765e-25	0.465039085374933	0.876	0.737	1.49571736318363e-20
STIM2	4	1.49537678723316e-24	0.850731670717312	0.422	0.242	2.99404340339824e-20
BHLHE41	4	1.6382403221862e-24	1.02883066001433	0.288	0.138	3.28008477308121e-20
NUCKS1	4	2.93186404649391e-24	0.335157760163371	0.924	0.822	5.8701781938901e-20
ARID5B	4	3.24411685814157e-24	0.622944322777333	0.624	0.425	6.49537077337106e-20
NGFR	4	3.82966891340132e-24	0.937064281130268	0.37	0.2	7.66776309841212e-20
FAM20C	4	4.30013420578483e-24	0.644956054222143	0.551	0.343	8.60972870682239e-20
HES1	4	5.70016437516031e-24	0.901577820204719	0.437	0.26	1.1412869111946e-19
ASPN	4	7.92601959377975e-24	0.46909591470843	0.518	0.302	1.58694764306658e-19
MSX1	4	9.82476764830965e-24	0.855988427858617	0.424	0.246	1.96711497854456e-19
PDGFRA	4	1.20812185690567e-23	0.838723735879141	0.388	0.214	2.41890158189654e-19
CTSK	4	1.21333527992041e-23	0.832710038312546	0.403	0.227	2.42933989745664e-19
EDNRA	4	1.26245687106025e-23	0.738860763230275	0.461	0.269	2.52769114723683e-19
TIMP1	4	1.35171604093375e-23	0.33971322508931	0.982	0.924	2.70640585715755e-19
EID1	4	1.61396359408357e-23	0.386945331613543	0.919	0.835	3.23147790807412e-19
TSPAN3	4	1.8071069533056e-23	0.4998276724182	0.784	0.618	3.61818954190848e-19
CNN3	4	2.61930347178299e-23	0.412834814433524	0.879	0.683	5.2443694112039e-19
SON	4	2.63297483350178e-23	0.312590617661051	0.981	0.935	5.27174221163727e-19
CFI	4	5.60154815599032e-23	0.948865421387985	0.282	0.136	1.12154197179238e-18
SEPT7	4	5.88909292073365e-23	0.394104010150528	0.931	0.849	1.17911418458929e-18
BOC	4	6.33743581498298e-23	0.543313075303394	0.699	0.491	1.26888139887589e-18
NOTCH3	4	6.74308378584443e-23	0.859677816492489	0.296	0.144	1.35010023560177e-18
RIC3	4	8.68916491636341e-23	0.849093065851322	0.373	0.206	1.73974459955428e-18
EGFR	4	9.96943219574843e-23	0.624138130447053	0.543	0.345	1.99607971423275e-18
TSC22D1	4	1.19508031693481e-22	0.668609717236892	0.696	0.528	2.39278981056688e-18
SMAD5	4	1.24807216274428e-22	0.599290466223398	0.593	0.392	2.49889008424661e-18
PLSCR4	4	1.38645139423504e-22	0.831596614297146	0.36	0.195	2.77595298153739e-18
TRIO	4	1.44635931877189e-22	0.711897448417974	0.458	0.273	2.89590062804507e-18
EFNB1	4	1.44831757065675e-22	0.912033717457443	0.339	0.182	2.89982143996895e-18
PRDX6	4	1.58887858073839e-22	0.448439484735135	0.858	0.785	3.1812526943544e-18
PEAK1	4	1.59429331447067e-22	0.700783405050177	0.518	0.325	3.19209407423319e-18
PPFIBP1	4	2.80521898942046e-22	0.537869671307202	0.488	0.295	5.61660946061765e-18
AKAP12	4	3.22656136157009e-22	0.693834547841306	0.564	0.395	6.46022115813564e-18
RPLP0	4	4.17917886241859e-22	0.304312921829576	0.985	0.973	8.36755191833449e-18
WLS	4	7.97056899966832e-22	0.772098843960437	0.448	0.273	1.59586732511359e-17
IFITM3	4	8.30504673672617e-22	0.412176311316525	0.884	0.767	1.66283645762731e-17
NRK	4	8.7827817406266e-22	0.658182629726745	0.422	0.244	1.75848856010826e-17
SOCS3	4	9.08835869698997e-22	1.48943092597425	0.255	0.126	1.81967117831133e-17
STAT3	4	9.38957110124293e-22	0.546340612052904	0.757	0.593	1.87997992589086e-17
ADD3	4	1.01654577308119e-21	0.711796662199495	0.418	0.243	2.03532794686315e-17
7SK.2	4	1.01658282516495e-21	0.255290417246131	0.987	0.927	2.03540213254527e-17
FXYD1	4	1.25512426369789e-21	0.547357213148652	0.616	0.41	2.51300980077592e-17
PTPRK	4	1.36777894395177e-21	0.980099078001333	0.272	0.133	2.73856700158024e-17
GPX8	4	1.57956520872489e-21	0.638658019647537	0.515	0.324	3.16260546090897e-17
TENC1	4	1.72275961822805e-21	0.709546857694844	0.449	0.266	3.4493093076162e-17
RPL4	4	1.89479213782796e-21	0.285830985974052	0.993	0.955	3.79375281835913e-17
COL4A1	4	2.85422629643193e-21	0.359472877224378	0.799	0.61	5.71473189071601e-17
CCND2	4	4.28071710770031e-21	0.450998911509634	0.824	0.671	8.57085179303756e-17
TMED3	4	6.31355181216079e-21	0.571454247108757	0.564	0.37	1.26409934383083e-16
VGLL4	4	1.17105578977363e-20	0.745486796965386	0.503	0.331	2.34468790228477e-16
ELN	4	1.26478321172779e-20	0.544792388989303	0.557	0.357	2.53234894652139e-16
FAM198B	4	1.98056800721445e-20	0.858249431633906	0.315	0.168	3.96549326404476e-16
GPC3	4	2.06366125507116e-20	0.576551413746729	0.73	0.575	4.13186256490348e-16
CLEC11A	4	2.41361050595228e-20	0.617087219808469	0.56	0.378	4.83253095501766e-16
PDRG1	4	2.56488462705095e-20	0.912585989476706	0.336	0.188	5.13541200028141e-16
EMILIN1	4	2.77220632415837e-20	0.455264523676384	0.796	0.608	5.55051150222988e-16
TLN2	4	2.8050871043688e-20	1.05040773855278	0.355	0.208	5.6163454003672e-16
C1QTNF4	4	3.55590609505716e-20	0.860856771293871	0.373	0.215	7.11963518352344e-16
SPARC	4	3.64259436958791e-20	0.294297404597203	0.99	0.824	7.2932024467889e-16
FKBP10	4	4.19035347438624e-20	0.360384663693968	0.845	0.646	8.38992572641613e-16
WBP5	4	4.29808724800031e-20	0.512342012179771	0.646	0.469	8.60563028794621e-16
ZNF667-AS1	4	5.90330396483548e-20	0.631737832761682	0.524	0.349	1.18195951983936e-15
DENND2A	4	7.11119768917706e-20	0.960977131829882	0.264	0.132	1.42380400132703e-15
ANTXR1	4	7.78630035661471e-20	0.935791841888701	0.336	0.189	1.5589730574014e-15
SLIT3	4	1.03970842031023e-19	0.572992711707642	0.504	0.321	2.08170419914514e-15
ZBTB20	4	1.0421595106238e-19	0.807703609682477	0.36	0.207	2.08661177217097e-15
ADAMTS7	4	1.11530025319877e-19	1.01620305168658	0.261	0.132	2.23305416695457e-15
MAGEH1	4	1.21363029311404e-19	0.855325019562837	0.343	0.193	2.42993057287293e-15
UACA	4	1.26075820396326e-19	0.488651150216587	0.755	0.594	2.52429007597523e-15
BICC1	4	1.85314167366627e-19	0.630742618456072	0.437	0.263	3.71036025901461e-15
RASSF8	4	1.89912530953044e-19	0.892035999864942	0.297	0.158	3.80242869474185e-15
ZEB1	4	3.30325964042484e-19	0.62627513351315	0.512	0.333	6.61378645205861e-15
EGFLAM	4	3.64535182069502e-19	1.01366429589087	0.276	0.145	7.29872341539557e-15
EEF2	4	4.08639129075439e-19	0.317846016628752	0.942	0.861	8.18177264234844e-15
ANKRD50	4	4.14990802823964e-19	0.640121160277196	0.464	0.289	8.30894585414141e-15
SEC61G	4	4.3408706379403e-19	0.37135780137714	0.881	0.789	8.69129119128407e-15
ARL1	4	4.49757149681146e-19	0.661466062675552	0.528	0.36	9.00503765091591e-15
WDR60	4	5.10287477317355e-19	0.689772822109473	0.442	0.275	1.02169758708481e-14
TUBA1A	4	6.59575569924954e-19	0.583979769530253	0.651	0.485	1.32060220610374e-14
CRTAC1	4	8.95043364913431e-19	0.996650254265181	0.285	0.153	1.79205582522967e-14
C6orf89	4	1.38146262953359e-18	0.76207433574529	0.387	0.234	2.76596447685215e-14
PNISR	4	1.95430793915099e-18	0.355762587306287	0.876	0.799	3.91291535576811e-14
PBX1	4	2.02024548367206e-18	0.707510548323671	0.431	0.27	4.0449355074082e-14
IL6ST	4	2.11507640225587e-18	0.472052829814261	0.584	0.388	4.23480597259671e-14
GLT8D2	4	2.33960272399367e-18	0.580675536628392	0.488	0.31	4.68435257398012e-14
IGFBP3	4	2.45156767518095e-18	0.372683112038515	0.251	0.128	4.90852879924731e-14
PAM	4	2.48301720994273e-18	0.926487890118589	0.336	0.197	4.97149705774733e-14
NEO1	4	2.61669546520287e-18	0.616493487516468	0.446	0.278	5.23914766042919e-14
LINC00657	4	3.02664193924581e-18	0.411807733172426	0.815	0.663	6.05994249075796e-14
BCL7C	4	3.06422945741203e-18	0.572493570435643	0.552	0.386	6.13520021963037e-14
MT-ATP8	4	3.17800649854089e-18	0.34362995632533	0.897	0.838	6.36300461137856e-14
TTYH2	4	3.24811457998588e-18	0.7531240073206	0.345	0.197	6.50337501204772e-14
ECM2	4	3.36966077724522e-18	0.805137145812704	0.294	0.158	6.74673480820038e-14
SVEP1	4	3.3774435130445e-18	0.81934572245727	0.284	0.15	6.76231740181769e-14
FAM3C	4	4.76838177854661e-18	0.531881136800504	0.557	0.378	9.54725399700601e-14
SEPW1	4	5.79458073284083e-18	0.354235305479139	0.891	0.797	1.16019095432939e-13
CDC42EP5	4	6.37102423468473e-18	0.408666223320432	0.749	0.565	1.27560647226858e-13
SERPINF1	4	7.06335015086486e-18	0.464967311576152	0.69	0.518	1.41422396720616e-13
C12orf23	4	7.56961461851484e-18	0.633505822419989	0.452	0.291	1.51558823891904e-13
EMCN	4	1.11406347490384e-17	0.969341448052531	0.285	0.155	2.23057788945248e-13
SEPT11	4	1.41182226788508e-17	0.402026380012518	0.706	0.527	2.8267505447595e-13
TNKS1BP1	4	2.55193903259185e-17	0.823457138864474	0.299	0.166	5.1094923310554e-13
KCTD12	4	2.55304312619177e-17	0.560155147845447	0.763	0.651	5.11170294726117e-13
PCSK1N	4	2.59399114144458e-17	0.788164067208991	0.351	0.209	5.19368906340033e-13
LIMA1	4	3.00613298520153e-17	0.52829694045388	0.557	0.383	6.0188794629705e-13
RORA	4	3.28472589776031e-17	0.569640113320261	0.451	0.289	6.5766781924957e-13
ITGA8	4	3.61001797342501e-17	0.886544422345171	0.275	0.149	7.22797798639156e-13
FOXD1	4	3.81820573490051e-17	0.990856974791535	0.278	0.152	7.6448115224178e-13
CSTB	4	4.16380222539399e-17	0.495610426675949	0.84	0.759	8.33676481568384e-13
LHFP	4	4.51780626461047e-17	0.452559571529134	0.581	0.389	9.04555170300309e-13
C12orf57	4	4.790587334834e-17	0.409366700681298	0.761	0.618	9.59171396180464e-13
ATP5G1	4	5.26867279428304e-17	0.357407248209399	0.806	0.646	1.05489366687135e-12
CD248	4	5.35536358364003e-17	0.934386816826458	0.257	0.136	1.07225089671641e-12
RBFOX2	4	5.85185505999644e-17	0.490092926469529	0.528	0.351	1.17165842011249e-12
SSFA2	4	5.97576671800867e-17	0.792912143158123	0.328	0.192	1.1964680122797e-12
MPZL1	4	7.74780590460407e-17	0.581884660776616	0.478	0.314	1.55126569821983e-12
TMEM248	4	8.02304995011431e-17	0.581912722768037	0.515	0.352	1.60637506101189e-12
MAGED1	4	8.44195097301795e-17	0.57087873424242	0.524	0.358	1.69024742381765e-12
BSG	4	8.89329251253423e-17	0.438798225876827	0.766	0.639	1.7806150268596e-12
PTGFRN	4	9.5972679559232e-17	0.747117394902092	0.306	0.172	1.92156499013494e-12
KLF9	4	1.07673345079492e-16	0.832642545070728	0.331	0.198	2.15583571518159e-12
TFPI	4	1.34206837804508e-16	0.395143374734201	0.497	0.324	2.68708930652185e-12
TAF7	4	1.68634075497042e-16	0.533786141847179	0.593	0.432	3.37639145960178e-12
MEOX2	4	1.86958523975387e-16	0.384467557403353	0.585	0.394	3.74328356703519e-12
PTPN13	4	2.5710558909651e-16	0.835339910783993	0.251	0.131	5.14776810489033e-12
LRRN3	4	2.57113233712418e-16	1.03146315996033	0.267	0.148	5.14792116539004e-12
FAM115A	4	2.59947876673845e-16	0.635470854142607	0.4	0.252	5.20467638676372e-12
SMARCD3	4	2.69803001359756e-16	0.634208181183816	0.351	0.206	5.40199569322504e-12
CALU	4	3.62930747096193e-16	0.435703419453961	0.751	0.613	7.26659941835997e-12
IER5L	4	4.04166490337893e-16	0.650394133804663	0.491	0.344	8.09222146954529e-12
FN1	4	4.32234823964981e-16	0.401269008553895	0.785	0.637	8.65420564542684e-12
SLC12A2	4	5.07386654520941e-16	0.917968731077612	0.273	0.152	1.01588955968183e-11
LUC7L3	4	5.13303025105971e-16	0.309010464452509	0.901	0.791	1.02773531686718e-11
BCAP29	4	5.33283520392387e-16	0.594435347320879	0.484	0.33	1.06774026452964e-11
LMO4	4	5.83527509291447e-16	0.525452441947896	0.515	0.352	1.16833877910334e-11
RNF24	4	8.29114222817435e-16	0.771596851465665	0.367	0.23	1.66005249692507e-11
ACBD3	4	8.53107833103449e-16	0.49953498034007	0.551	0.381	1.70809250343973e-11
BMP1	4	8.54357694543057e-16	0.546739944169688	0.469	0.31	1.71059497601411e-11
PDCD7	4	1.00618632850377e-15	0.447071645092263	0.61	0.437	2.01458626693026e-11
WASL	4	1.02540203520952e-15	0.592753312591537	0.536	0.386	2.0530599548965e-11
PTK7	4	1.10136179970494e-15	0.764024739741366	0.319	0.188	2.20514659536922e-11
MYL12B	4	1.21631731364688e-15	0.320248026037819	0.909	0.852	2.43531052538378e-11
RAI14	4	1.23703061218748e-15	0.746688432582504	0.313	0.183	2.47678269172177e-11
WWTR1	4	1.27812773381319e-15	0.452022113101928	0.484	0.319	2.55906734864077e-11
TWIST1	4	1.40006770565417e-15	0.685846625443282	0.325	0.19	2.80321556026078e-11
NAT9	4	1.43762912234026e-15	0.638733200009772	0.364	0.224	2.87842102874967e-11
MXRA5	4	1.50919441982564e-15	0.553506391910501	0.431	0.275	3.02170906737489e-11
SMARCE1	4	1.57984495265312e-15	0.514590278193338	0.56	0.403	3.16316556420208e-11
UBE2H	4	1.83266163192026e-15	0.55167057367878	0.521	0.361	3.66935511943074e-11
PPP2CB	4	2.3234794140501e-15	0.730205220268735	0.367	0.231	4.65207048281111e-11
PER3	4	2.60485659538596e-15	0.593636505175525	0.461	0.311	5.21544387528177e-11
PLEKHH2	4	2.63737370923624e-15	0.66356835090313	0.403	0.256	5.28054964063281e-11
FKBP9	4	2.8768015844131e-15	0.520547092199453	0.439	0.283	5.75993213231191e-11
ANGPTL1	4	2.92631340735061e-15	0.680887330890916	0.351	0.214	5.85906470419739e-11
YBX3	4	2.98651859977727e-15	0.523631658214509	0.685	0.57	5.97960754047405e-11
PTMS	4	3.07435618105734e-15	0.257045096953566	0.934	0.837	6.155475945713e-11
NPDC1	4	3.18417002910915e-15	0.42429576967716	0.482	0.324	6.37534523228233e-11
KDELR2	4	3.49875749994061e-15	0.376860164990936	0.807	0.686	7.00521226638109e-11
MTCH1	4	4.8367015067879e-15	0.44727109415564	0.724	0.596	9.68404375689073e-11
CCDC102B	4	4.99586366370156e-15	0.726959292293342	0.366	0.23	1.00027182274633e-10
GOLIM4	4	5.25522533697287e-15	0.489038443351572	0.534	0.366	1.05220121696871e-10
SHFM1	4	5.42230000314543e-15	0.347423303305737	0.857	0.773	1.08565290662978e-10
TCF4	4	5.57476512503059e-15	0.458710711364285	0.781	0.688	1.11617947333363e-10
PHACTR2	4	5.78994422195135e-15	0.620800043075191	0.385	0.245	1.1592626321191e-10
ITFG3	4	6.34932657825112e-15	0.649822529969203	0.36	0.221	1.27126216749744e-10
TBC1D2B	4	6.96410813902504e-15	0.54068536522962	0.518	0.361	1.39435373159559e-10
MRPL32	4	7.51547870273549e-15	0.621183639547309	0.4	0.258	1.5047491458617e-10
MAGED2	4	7.85909588192751e-15	0.373440910303113	0.782	0.645	1.57354817747953e-10
ID1	4	8.90660951977565e-15	0.495249790887198	0.375	0.237	1.78328135804948e-10
FERMT2	4	9.88559261403501e-15	0.524539501557137	0.437	0.284	1.97929335318209e-10
CAMK2N1	4	9.92355289697888e-15	0.798141878404567	0.264	0.147	1.98689376103311e-10
PROS1	4	1.07138705657503e-14	0.783633625737868	0.276	0.157	2.14513116467453e-10
RRBP1	4	1.21225232585707e-14	0.367611190098256	0.825	0.707	2.42717160683102e-10
ZC3H11A	4	1.22555310329946e-14	0.417723313143618	0.621	0.453	2.45380242342617e-10
PRNP	4	1.24831274493364e-14	0.732787902904566	0.388	0.257	2.49937177790613e-10
GPR124	4	1.26847070682707e-14	0.720199492839316	0.293	0.169	2.53973204920916e-10
RHOU	4	1.45102595303969e-14	0.823495480185843	0.3	0.18	2.90524416317606e-10
LAMB2	4	1.45454207360832e-14	0.610275096601763	0.409	0.266	2.91228413977859e-10
SUN1	4	1.5102394827691e-14	0.52413648380433	0.448	0.3	3.02380149240029e-10
SSBP4	4	1.59412572734719e-14	0.592611753935594	0.463	0.322	3.19175853129454e-10
CA11	4	1.83145248990942e-14	0.744057595153033	0.333	0.205	3.66693417529665e-10
FOXO3	4	1.88862302407359e-14	0.579394929736518	0.47	0.325	3.78140101880015e-10
COPZ2	4	2.13067913051094e-14	0.345587681237808	0.578	0.388	4.266045755109e-10
TSPAN5	4	2.37889611241127e-14	0.623194701013339	0.382	0.246	4.76302579626985e-10
FAM213A	4	2.64038921561056e-14	0.431946295883027	0.564	0.396	5.28658728749547e-10
SEC31A	4	2.70770079798487e-14	0.443870463385985	0.601	0.435	5.42135853772531e-10
RASSF8-AS1	4	2.77098164516659e-14	0.790849385838211	0.322	0.199	5.54805944995255e-10
ETFA	4	2.78882947641197e-14	0.439897668556334	0.576	0.417	5.58379437767204e-10
HMG20A	4	2.82922771579842e-14	0.621787545489675	0.388	0.251	5.66467973257159e-10
RNF212	4	3.76478781652895e-14	0.474296858096581	0.518	0.36	7.53785816625427e-10
PIAS1	4	4.24076026487871e-14	0.663666970868822	0.376	0.242	8.49085020234015e-10
CRABP2	4	6.73121879997247e-14	0.39143514186403	0.573	0.401	1.34772462813049e-09
ORMDL3	4	7.15128929763354e-14	0.71060190212382	0.29	0.17	1.43183114317219e-09
RBP1	4	8.70324225453591e-14	0.445721757716355	0.319	0.191	1.74256316420318e-09
NID1	4	9.20075580630877e-14	0.512238194697365	0.494	0.344	1.84217532753914e-09
HES4	4	9.4629980890257e-14	0.699412529990079	0.321	0.197	1.89468147738473e-09
PRRT2	4	9.56471263374718e-14	0.631404577736243	0.304	0.18	1.91504676352886e-09
FAM114A1	4	9.76264935855951e-14	0.67573813782343	0.39	0.259	1.95467765457078e-09
SMARCA1	4	1.04723889951902e-13	0.483453752929604	0.473	0.319	2.09678172461699e-09
PHF14	4	1.34447486553399e-13	0.403423947918816	0.627	0.465	2.69190757577215e-09
FHL1	4	1.50057267386048e-13	0.704440394464444	0.33	0.206	3.00444660760346e-09
NGFRAP1	4	1.52729825364223e-13	0.250410676760376	0.885	0.727	3.05795656344247e-09
EPS8	4	2.35377416285654e-13	0.540156855977948	0.488	0.341	4.71272662887137e-09
MRC2	4	2.41217010866812e-13	0.380503100464933	0.643	0.473	4.82964699157531e-09
PCGF2	4	2.55082206806076e-13	0.586372084967901	0.382	0.249	5.10725594467126e-09
THRA	4	3.14345469253657e-13	0.502816486774724	0.478	0.329	6.29382498539672e-09
PLOD1	4	3.61999769561656e-13	0.630462563311074	0.301	0.181	7.24795938616347e-09
SSBP2	4	3.70593493160369e-13	0.680256609852186	0.343	0.22	7.42002292005691e-09
MPDZ	4	3.90805205684574e-13	0.607090895446978	0.358	0.231	7.82470182821654e-09
EPHX1	4	4.0651491613972e-13	0.506053795105108	0.475	0.332	8.13924165094947e-09
LIMCH1	4	4.16590291934026e-13	0.692698203289115	0.321	0.201	8.34097082510307e-09
SURF4	4	4.34811350498306e-13	0.466972257960597	0.478	0.332	8.70579285967708e-09
AFF3	4	4.46957782047116e-13	0.564861390697012	0.4	0.266	8.94898871214735e-09
TLE2	4	4.50253201274338e-13	0.74926728672113	0.266	0.155	9.0149695959148e-09
NDUFA5	4	5.01875097197987e-13	0.453206230113587	0.57	0.425	1.00485431960981e-08
PDIA4	4	5.02999995595524e-13	0.468975467586668	0.506	0.359	1.00710659118136e-08
H1FX	4	5.57315817005156e-13	0.447363960860389	0.752	0.668	1.11585772880772e-08
HIST1H2BK	4	6.43955625528483e-13	0.51432933796276	0.446	0.308	1.28932795343313e-08
TMED4	4	7.8483991414833e-13	0.504543802907365	0.515	0.382	1.57140647610779e-08
CTGF	4	7.99705244396098e-13	1.00697574992587	0.427	0.31	1.60116984032987e-08
MBTPS1	4	9.31953197092463e-13	0.44537758176483	0.533	0.384	1.86595669121853e-08
CYBRD1	4	1.08505444400559e-12	0.723725098909739	0.349	0.228	2.172496007788e-08
RBMS3	4	1.11466647921051e-12	0.623179297780351	0.355	0.231	2.23178522467528e-08
MEIS3	4	1.14580081267859e-12	0.60134507023798	0.363	0.235	2.29412238714508e-08
TMF1	4	1.2864085501472e-12	0.565651265794799	0.445	0.31	2.57564719910472e-08
MDK	4	1.38115879698628e-12	0.281631514594785	0.788	0.644	2.76535614332594e-08
OAT	4	1.44834683084724e-12	0.53460635453289	0.373	0.244	2.89988002472234e-08
MAP1LC3A	4	1.82260758841501e-12	0.564588285542989	0.412	0.281	3.64922491352454e-08
CSAD	4	2.04877875510329e-12	0.571912252207936	0.394	0.268	4.1020648234678e-08
TOR1AIP2	4	2.32484190803279e-12	0.537492677805721	0.433	0.3	4.65479846826325e-08
ACN9	4	2.3857633845185e-12	0.673400910657635	0.29	0.176	4.77677544848295e-08
FKBP14	4	2.51045549624238e-12	0.598485818865166	0.37	0.245	5.02643399457649e-08
THSD4	4	2.78341138041196e-12	0.574003221425212	0.325	0.203	5.57294626586083e-08
EPB41L4A-AS1	4	3.26261804166814e-12	0.440387728813494	0.503	0.358	6.53241384302796e-08
SRRM2	4	3.29392928048812e-12	0.268240667390751	0.952	0.899	6.5951052053933e-08
FRMD4A	4	3.89917167444022e-12	0.576981014702226	0.364	0.237	7.80692152656421e-08
ATXN7L3B	4	4.28075288578085e-12	0.495328883841955	0.487	0.353	8.57092342791042e-08
ZNF12	4	6.19700295242321e-12	0.658102743654009	0.267	0.16	1.24076393113418e-07
TIMP3	4	6.33818830857932e-12	0.493958063190814	0.515	0.378	1.26903206314375e-07
EVA1B	4	6.94705563273243e-12	0.397985711438643	0.564	0.415	1.39093947878569e-07
TMEM204	4	7.15606668585442e-12	0.582344976004384	0.361	0.238	1.43278767184177e-07
GALNT11	4	7.17842418160195e-12	0.588347853225594	0.387	0.264	1.43726408964034e-07
CDC42EP4	4	7.51026527683962e-12	0.684860390270251	0.278	0.168	1.50370531372883e-07
NUPR1	4	7.9545714467015e-12	0.269784247705997	0.751	0.616	1.59266429505857e-07
VCAN	4	8.38560663952912e-12	0.285000723432436	0.581	0.431	1.67896616136652e-07
OBSL1	4	8.89733124211988e-12	0.578090700290253	0.354	0.232	1.78142366129724e-07
MARVELD1	4	1.00429729574715e-11	0.494439715826391	0.422	0.293	2.01080404554494e-07
CETN2	4	1.02748460528305e-11	0.507357337132702	0.397	0.268	2.05722967669773e-07
ABCA5	4	1.06002279665749e-11	0.627584919774486	0.29	0.18	2.12237764346762e-07
IFITM1	4	1.06104107709938e-11	0.584195916000339	0.307	0.193	2.12441644456837e-07
HILPDA	4	1.46700507417968e-11	0.705492247516999	0.288	0.18	2.93723755952256e-07
TERF2IP	4	1.49599886448054e-11	0.359722844912591	0.663	0.524	2.99528892646294e-07
WASF2	4	1.49723361410547e-11	0.391177802249652	0.587	0.446	2.99776114216197e-07
QTRT1	4	1.5944224168779e-11	0.539778442221917	0.366	0.243	3.19235256307294e-07
CTSF	4	1.70163993275766e-11	0.646545455911746	0.299	0.188	3.40702347336739e-07
USP8	4	1.85950260054206e-11	0.456504434303855	0.54	0.408	3.72309610680532e-07
ITPRIPL2	4	1.8995756945824e-11	0.47798762100401	0.436	0.308	3.80333045569287e-07
HGF	4	2.09285741082159e-11	0.67756795883432	0.312	0.201	4.19031910794699e-07
ABL1	4	2.11290381009987e-11	0.621281338284067	0.339	0.223	4.23045600858196e-07
GADD45A	4	2.12769815155218e-11	0.687084371300049	0.299	0.192	4.26007723903778e-07
ERCC6L2	4	2.39683710171331e-11	0.692288986142451	0.254	0.152	4.79894724505039e-07
SEC62	4	2.65113905212571e-11	0.285381481733023	0.848	0.775	5.3081106101661e-07
ATP10D	4	2.65742768963671e-11	0.615945158949754	0.299	0.188	5.32070172019061e-07
PIBF1	4	2.91692653065655e-11	0.57669726457222	0.339	0.223	5.84027029968054e-07
UAP1	4	2.9921279052359e-11	0.599183758929261	0.309	0.197	5.99083849186332e-07
TMEM9	4	3.02552985800077e-11	0.481909579398674	0.419	0.292	6.05771588168915e-07
COL5A1	4	3.33336302284271e-11	0.2957864842793	0.736	0.569	6.67405944433567e-07
SMO	4	3.69279064003546e-11	0.566059293175039	0.363	0.242	7.393705419479e-07
FBL	4	3.86755918009263e-11	0.505739972979774	0.43	0.306	7.74362699038146e-07
SLC25A36	4	3.97898327483325e-11	0.423097075317688	0.522	0.389	7.96672031287113e-07
AES	4	4.26802502116285e-11	0.304380672661667	0.809	0.72	8.54543969737226e-07
OLFML1	4	4.74186506544362e-11	0.665975793248314	0.255	0.155	9.49416223403121e-07
APP	4	5.55813388701803e-11	0.293734278175064	0.682	0.541	1.11284956685875e-06
RPN1	4	5.56082680300336e-11	0.535579793216847	0.397	0.276	1.11338874249733e-06
NPTN	4	5.75908726848485e-11	0.51603041210321	0.406	0.283	1.15308445289604e-06
SNHG9	4	5.81130135749706e-11	0.602992217602163	0.36	0.246	1.16353875779806e-06
CNOT4	4	6.12167609742502e-11	0.469381971299996	0.467	0.34	1.22568198822644e-06
ZNF652	4	6.79678827484548e-11	0.457236347224933	0.473	0.341	1.36085294838956e-06
GLCE	4	7.0551290868899e-11	0.505608827597513	0.419	0.29	1.4125779457771e-06
ALDH1A3	4	8.02625416211513e-11	0.358702354340346	0.536	0.387	1.60701660833869e-06
NENF	4	8.20635530769337e-11	0.332800984578168	0.719	0.611	1.64307645970637e-06
NCOR2	4	9.90255240021118e-11	0.450072102776486	0.385	0.26	1.98268904157028e-06
POLR2J	4	1.00593090200192e-10	0.360885942887298	0.639	0.512	2.01407485198824e-06
MRFAP1	4	1.02279365000377e-10	0.349189324550801	0.673	0.553	2.04783744603755e-06
PTPRA	4	1.09761880272559e-10	0.475745531740223	0.472	0.35	2.19765236681717e-06
RUNX1T1	4	1.13581696244043e-10	0.596795861818992	0.351	0.238	2.27413272219823e-06
GLT8D1	4	1.46444701124548e-10	0.547775250639246	0.37	0.256	2.93211580591571e-06
MLLT4	4	1.51551086929128e-10	0.65117254268501	0.251	0.154	3.034355862495e-06
UBE2E3	4	1.5598337132352e-10	0.388836814415987	0.494	0.356	3.12309906063952e-06
ZNF593	4	1.65473813925577e-10	0.601515802256615	0.322	0.215	3.3131167024179e-06
KDELR1	4	1.67379136770089e-10	0.269850559304988	0.818	0.711	3.35126507641072e-06
STMN3	4	1.74539676954552e-10	0.623220075779913	0.257	0.157	3.49463341198405e-06
NFIA	4	1.78659828529549e-10	0.314028042740847	0.631	0.492	3.57712708681862e-06
COPB2	4	2.04900989875822e-10	0.36421783304486	0.482	0.345	4.10252761929371e-06
GIGYF1	4	2.15797651547986e-10	0.575836561869033	0.258	0.158	4.32070057929377e-06
SEMA6D	4	2.45288424194971e-10	0.553248199491403	0.334	0.224	4.91116482923172e-06
CLSTN1	4	2.95209751987554e-10	0.504081357850919	0.404	0.287	5.9106896542948e-06
MAP1B	4	2.96785356979828e-10	0.454069589683096	0.367	0.251	5.94223641745011e-06
PCDH18	4	3.26996699339415e-10	0.550482857542166	0.316	0.207	6.54712791417377e-06
MYL6B	4	3.38594637439709e-10	0.402815522537359	0.449	0.322	6.77934183081786e-06
DAD1	4	3.40504913157516e-10	0.258518088243531	0.839	0.733	6.81758937123978e-06
MSI2	4	3.46107773408661e-10	0.512010709537881	0.324	0.214	6.92976983918821e-06
RRAGA	4	3.587322230755e-10	0.491093265477662	0.376	0.26	7.18253657041767e-06
PIK3R1	4	3.6862487846418e-10	0.48776445427095	0.66	0.565	7.38060731660982e-06
TMCO1	4	3.83123411493014e-10	0.340249383584308	0.663	0.542	7.67089694491313e-06
RSL24D1	4	3.86798296302535e-10	0.345540814928553	0.712	0.606	7.74447548856935e-06
OSTC	4	3.87025263819254e-10	0.303265818377358	0.736	0.624	7.74901983218911e-06
HSPA2	4	4.27771778693017e-10	0.541438040141947	0.366	0.253	8.56484655299158e-06
APBB2	4	4.27922883412102e-10	0.644252823955383	0.309	0.206	8.5678719716771e-06
EXT2	4	4.33186527165207e-10	0.603455317857574	0.288	0.187	8.67326064690178e-06
TUSC1	4	4.39248039270739e-10	0.587342560061795	0.29	0.187	8.79462424227873e-06
SPPL2A	4	4.39327297540772e-10	0.504673508621604	0.4	0.283	8.79621115136134e-06
YAP1	4	4.6314626050666e-10	0.533733021366777	0.352	0.242	9.27311442786436e-06
THAP5	4	4.6745603845943e-10	0.518447753862851	0.354	0.241	9.35940480203471e-06
PRKCDBP	4	4.85421238142487e-10	0.318578349152543	0.355	0.238	9.71910403008888e-06
LTBP1	4	4.97575739124613e-10	0.530167849718736	0.318	0.209	9.96246144875301e-06
ZC3H15	4	4.99356025034366e-10	0.37365671823696	0.51	0.378	9.99810633323808e-06
ADH5	4	5.11446001929609e-10	0.486565905297506	0.44	0.324	1.02401718506346e-05
PTGIS	4	5.69922231670701e-10	0.695570691671374	0.27	0.175	1.14109829225108e-05
SLC44A1	4	6.49282224561063e-10	0.557903428002602	0.337	0.231	1.29999287001616e-05
ABI2	4	6.57175270715467e-10	0.576022261031699	0.345	0.238	1.31579632702651e-05
PDS5B	4	6.89053625642882e-10	0.499262696666357	0.433	0.319	1.37962316926218e-05
FKBP7	4	7.4689523111257e-10	0.49129582146868	0.33	0.219	1.49543363173359e-05
POLR2J3	4	7.5073945842373e-10	0.523962538925616	0.416	0.301	1.50313054365599e-05
TCEAL4	4	7.79066877951359e-10	0.399945230818243	0.536	0.403	1.55984770303421e-05
PTPRG	4	8.07061601869866e-10	0.442086257570202	0.337	0.226	1.61589873926385e-05
TCF7L2	4	8.41951345424219e-10	0.576381691199316	0.331	0.225	1.68575498380837e-05
ZCCHC11	4	8.74268404657099e-10	0.419713548851017	0.622	0.505	1.75046019980444e-05
ATP6V0A1	4	9.81712540509029e-10	0.460520820509083	0.412	0.296	1.96558484860718e-05
LMAN1	4	1.02316994194787e-09	0.292567214108541	0.701	0.575	2.04859085776802e-05
ZRANB2	4	1.05252469546253e-09	0.312640792960852	0.679	0.56	2.10736494525508e-05
SPG20	4	1.09194821642965e-09	0.555729680688615	0.416	0.307	2.18629871893545e-05
CDC42EP1	4	1.10978255388088e-09	0.611127840594413	0.266	0.169	2.2220066293803e-05
RNMT	4	1.14746187402309e-09	0.379996830980336	0.536	0.407	2.29744816416902e-05
KDM5B	4	1.21278131397815e-09	0.303064391045767	0.567	0.422	2.42823074684706e-05
TCEAL7	4	1.22315417358519e-09	0.562938463639094	0.31	0.207	2.44899928635228e-05
NAV1	4	1.2781134930968e-09	0.68491525846017	0.278	0.182	2.55903883587841e-05
NME3	4	1.27969263619028e-09	0.343120977862016	0.637	0.527	2.56220059618019e-05
BRD2	4	1.29160882921731e-09	0.426522956993953	0.522	0.405	2.58605919785889e-05
H6PD	4	1.31380224627014e-09	0.646614659046028	0.27	0.175	2.63049485748207e-05
RAB1A	4	1.34667115104049e-09	0.495021786929254	0.403	0.29	2.69630497861327e-05
PLEKHH3	4	1.34968033004256e-09	0.481352897512801	0.293	0.189	2.70232995681122e-05
MFGE8	4	1.39091583660867e-09	0.350769129487149	0.504	0.366	2.78489168805789e-05
CNTN5	4	1.39508943036089e-09	0.447756110637545	0.324	0.214	2.79324805746857e-05
BTG2	4	1.41625293755153e-09	0.28284471069276	0.422	0.308	2.83562163156567e-05
FAM13A	4	1.43036546513789e-09	0.496887411047351	0.469	0.353	2.86387773429908e-05
HLTF	4	1.43800059395836e-09	0.525212822324072	0.331	0.225	2.87916478922344e-05
METRN	4	1.43815093774107e-09	0.459637042367658	0.297	0.193	2.87946580754516e-05
SNAPC5	4	1.53590319010029e-09	0.468552810848916	0.385	0.269	3.07518536721881e-05
SEPT2	4	1.56601545834136e-09	0.315848957516573	0.769	0.66	3.13547615069106e-05
NFE2L1	4	1.6396861087156e-09	0.463243398193117	0.424	0.305	3.28297952687037e-05
NHP2	4	1.69043909841432e-09	0.412790749789699	0.469	0.347	3.38459716284516e-05
BSDC1	4	1.8050637470068e-09	0.539347028009327	0.31	0.206	3.61409863425702e-05
SPATS2L	4	1.80991996411344e-09	0.425421210331625	0.457	0.34	3.62382175214793e-05
CCND1	4	1.88683515258543e-09	0.466645278775092	0.373	0.263	3.77782134250655e-05
COPA	4	1.9904435262563e-09	0.34885093857174	0.515	0.384	3.98526602827036e-05
TMEM230	4	2.0021812696024e-09	0.366472839489185	0.557	0.432	4.00876733799792e-05
SPRY1	4	2.00829486439956e-09	0.397766051625609	0.658	0.554	4.0210079775008e-05
SAV1	4	2.08286730636942e-09	0.609483300335727	0.276	0.181	4.17031692081285e-05
CYR61	4	2.13633440920975e-09	0.410933008540732	0.272	0.174	4.27736875411977e-05
SMIM11	4	2.17320862344142e-09	0.50253008638366	0.337	0.232	4.35119830585441e-05
CEP95	4	2.54862229464758e-09	0.546701322449655	0.282	0.184	5.10285155834338e-05
COL12A1	4	2.59262641003324e-09	0.334020776932556	0.579	0.44	5.19095659816854e-05
TAX1BP3	4	2.67936724856653e-09	0.544646428632389	0.31	0.21	5.36462910507991e-05
NFATC4	4	2.71422211084373e-09	0.431955267699727	0.322	0.216	5.43441551033131e-05
AKAP9	4	2.72071442795674e-09	0.282514540889421	0.77	0.672	5.44741442765499e-05
HNRNPA0	4	2.84897586855419e-09	0.323997116892411	0.552	0.425	5.70421948401919e-05
TMEM185A	4	3.00437654858674e-09	0.477158788586108	0.325	0.219	6.01536272558038e-05
TCF12	4	3.009232892731e-09	0.353395721126169	0.5	0.373	6.02508609782601e-05
HIF3A	4	3.05817032497682e-09	0.643228534522071	0.266	0.171	6.1230686246686e-05
PRRC2C	4	3.48297359860135e-09	0.270526918063595	0.858	0.794	6.97360973911962e-05
RCN1	4	3.7504960902813e-09	0.331544767756625	0.485	0.355	7.50924327196122e-05
NOTCH2	4	3.79725384159076e-09	0.535689706007391	0.4	0.291	7.60286164163303e-05
OAF	4	3.80206240481835e-09	0.452315994881862	0.355	0.246	7.6124893469273e-05
LGALS3BP	4	3.85378648683286e-09	0.466759731645184	0.394	0.285	7.71605130393674e-05
SYNE2	4	3.99128161183056e-09	0.31144188087848	0.303	0.198	7.99134404320714e-05
MUM1	4	4.01068590460743e-09	0.350234363875539	0.484	0.361	8.030195318205e-05
RHOBTB3	4	4.0195575287339e-09	0.393591378170825	0.446	0.327	8.04795808403101e-05
CDK4	4	4.02853737434077e-09	0.382894071324946	0.479	0.357	8.0659375309051e-05
SEP15	4	4.11163615504278e-09	0.358257252812462	0.569	0.441	8.23231790962666e-05
UBE2I	4	4.39819632479667e-09	0.291481955608357	0.712	0.604	8.80606868150788e-05
TFG	4	4.48241891971744e-09	0.452283011833179	0.416	0.305	8.97469916105825e-05
ARHGAP21	4	5.03189558494555e-09	0.564917574317298	0.388	0.287	0.00010074861340178
PSMB5	4	5.03327127068699e-09	0.340713165311196	0.573	0.455	0.000100776157381695
NAA20	4	5.27163500785019e-09	0.445381984245269	0.401	0.289	0.000105548676127177
NFIC	4	5.56341761907666e-09	0.486497971163984	0.47	0.363	0.000111390747569153
NPRL3	4	5.67195262914726e-09	0.458342938219523	0.361	0.253	0.000113563835540787
FBXO17	4	5.69396651162468e-09	0.423966748948895	0.342	0.232	0.000114004597495749
ZNF677	4	6.14861668516767e-09	0.592143422478506	0.272	0.178	0.000123107603270427
NR1D2	4	6.32290021430433e-09	0.37642919060299	0.428	0.308	0.000126597108090801
LINC00493	4	6.7158039641293e-09	0.370505515087689	0.499	0.377	0.000134463826969797
PMP22	4	6.78508949913284e-09	0.379764742245725	0.393	0.28	0.000135851061951638
KDELR3	4	6.79221003409937e-09	0.557517079368874	0.301	0.206	0.000135993629302738
METAP2	4	7.3227961796216e-09	0.372149555404053	0.497	0.379	0.000146617025108384
MYO9A	4	7.33745479054646e-09	0.319216286390834	0.49	0.364	0.000146910519816321
CMKLR1	4	7.46588344939231e-09	0.668041439895774	0.272	0.181	0.000149481918423733
GOLGB1	4	7.65555925723592e-09	0.370984651496934	0.615	0.513	0.000153279607448378
SH3PXD2A	4	7.6951693066292e-09	0.485367293613038	0.313	0.213	0.00015407267985733
SMC5	4	7.78227513482222e-09	0.489403352634477	0.421	0.313	0.00015581671274941
ZNF428	4	8.22284740637668e-09	0.403202568475526	0.531	0.413	0.000164637850770474
OAZ2	4	8.25829901335085e-09	0.406886767280203	0.476	0.366	0.000165347662845311
PCBP2	4	8.39052945090963e-09	0.269857290770256	0.8	0.737	0.000167995180666113
THBS1	4	8.44406420632832e-09	0.397475209134965	0.287	0.191	0.000169067053539106
LTBP3	4	8.66182116577431e-09	0.363010957530003	0.452	0.329	0.000173426983381133
VPS25	4	8.76670085657663e-09	0.481851585231237	0.403	0.301	0.000175526884550377
WDR61	4	8.86308413152584e-09	0.391964233083446	0.43	0.313	0.00017745667048141
CBX1	4	9.11822701180711e-09	0.264085963858282	0.572	0.43	0.000182565141230402
NR3C1	4	9.42428573465882e-09	0.350152453131521	0.515	0.393	0.000188693048979339
CDO1	4	1.02024791121188e-08	0.565916136002065	0.267	0.176	0.000204274036782842
ADI1	4	1.06079400449096e-08	0.574233224620739	0.31	0.214	0.00021239217557918
SNHG7	4	1.07425248641378e-08	0.271348804224044	0.716	0.618	0.000215086832829767
ZNF138	4	1.08603447772419e-08	0.534223400379279	0.267	0.174	0.000217445823129938
CCDC8	4	1.08864198597579e-08	0.460803109411444	0.318	0.217	0.000217967898432072
TSC22D4	4	1.1138337796848e-08	0.510639458238194	0.391	0.289	0.000223011799368491
PLXDC2	4	1.17457563328149e-08	0.344318461753271	0.519	0.396	0.000235173533295621
MECP2	4	1.21776727338204e-08	0.483310681374533	0.391	0.288	0.000243821363476552
IMP3	4	1.21787451615476e-08	0.377356442273123	0.499	0.379	0.000243842835624506
AP3S1	4	1.33747270303262e-08	0.440894842979087	0.397	0.288	0.00026778878460119
C17orf89	4	1.3676504493822e-08	0.373090684010662	0.51	0.4	0.000273830972975303
VPS36	4	1.41497432648755e-08	0.441314597140002	0.455	0.343	0.000283306159649337
SEC24D	4	1.45360343793223e-08	0.525851639019928	0.287	0.192	0.00029104048034279
ESYT2	4	1.48862570383936e-08	0.4904024517757	0.309	0.21	0.000298052638422716
PTEN	4	1.55959581340111e-08	0.501169762431016	0.397	0.293	0.000312262273759171
COL14A1	4	1.5667507667723e-08	0.751513052957944	0.334	0.246	0.000313694838523151
TIMM13	4	1.58224286627426e-08	0.366663056952466	0.543	0.426	0.000316796666685433
IREB2	4	1.63030910809127e-08	0.420444791723769	0.425	0.316	0.000326420489622034
GOLM1	4	1.64018327967977e-08	0.47525468374363	0.309	0.21	0.000328397496257483
LRP6	4	1.68108414560564e-08	0.573137368099466	0.306	0.211	0.000336586667633161
DNAJC15	4	1.72227575741165e-08	0.404731487092535	0.494	0.385	0.00034483405214896
MPLKIP	4	1.78145029731108e-08	0.447769223662821	0.439	0.336	0.000356681978527625
NR1D1	4	1.80385007661932e-08	0.655658266903681	0.255	0.168	0.000361166862340721
RPF2	4	1.82282373549058e-08	0.54535210463361	0.266	0.175	0.000364965768319924
TPTEP1	4	1.83248518081431e-08	0.531317488603272	0.34	0.241	0.000366900182902642
GTF3C1	4	1.89407100526286e-08	0.549671939530588	0.284	0.19	0.000379230896673729
COL16A1	4	1.92202536853943e-08	0.273823545851394	0.503	0.366	0.000384827919288965
BPTF	4	1.940849662508e-08	0.270144632370515	0.721	0.611	0.000388596919427352
TXLNA	4	2.07081738384573e-08	0.522608903644941	0.319	0.222	0.000414619056593592
STOM	4	2.18737160877854e-08	0.337055393289044	0.446	0.328	0.000437955543509639
MORF4L2	4	2.26327405517092e-08	0.369215192501611	0.573	0.46	0.000453152731326322
ANXA6	4	2.29976522898045e-08	0.373870489957623	0.425	0.312	0.000460458994146466
HIST1H2AC	4	2.47804811967775e-08	0.375577791911482	0.587	0.475	0.000496154794521879
LINC00667	4	2.50188095447078e-08	0.515599211586571	0.303	0.209	0.000500926604704139
ISOC2	4	2.54027238542613e-08	0.437302687098975	0.342	0.239	0.000508613337010019
EIF4G1	4	2.58309285712081e-08	0.403340945206631	0.436	0.329	0.000517186851852729
SESN3	4	2.86957108081953e-08	0.371498663428325	0.406	0.296	0.000574545521801687
R3HDM2	4	3.10620146006318e-08	0.421838147736003	0.431	0.326	0.00062192365633385
DGUOK	4	3.29361737940456e-08	0.346979623528578	0.551	0.435	0.000659448071704382
SERINC1	4	3.38673502103543e-08	0.443205003666288	0.44	0.337	0.000678092085911715
TGFB2	4	3.55582827595777e-08	0.557598403015285	0.337	0.239	0.000711947937412265
SCARF2	4	3.55788972979833e-08	0.375422629100948	0.366	0.26	0.000712360681700221
ZFAND6	4	3.58298540906978e-08	0.495684500204286	0.412	0.318	0.000717385338603951
SEC61A1	4	3.60647635897198e-08	0.361533078073376	0.439	0.325	0.000722088696593369
POLR2F	4	3.88315639050544e-08	0.330697480294312	0.475	0.36	0.000777485572506999
MDH2	4	4.06282032267861e-08	0.287884821077329	0.675	0.57	0.000813457885006711
KAT8	4	4.08313700233684e-08	0.563075434736218	0.267	0.179	0.000817525690607883
ING4	4	4.43598227926974e-08	0.543874213385254	0.275	0.186	0.000888172371955387
BDH2	4	4.6167711939364e-08	0.444572093392154	0.366	0.265	0.000924369928449946
PIGT	4	4.71214017405052e-08	0.510828546829468	0.33	0.235	0.000943464705648395
ANXA5	4	4.71713919643263e-08	0.254694412138159	0.818	0.781	0.000944465609909741
DHX36	4	5.09942060858291e-08	0.328572318149099	0.528	0.416	0.00102100599425047
JRKL	4	5.37258625508639e-08	0.531253859031839	0.261	0.175	0.0010756992199934
TBL1XR1	4	5.47443733255554e-08	0.460103070349322	0.418	0.315	0.00109609184272427
BBX	4	5.56316003175264e-08	0.371029393672356	0.475	0.362	0.00111385590155751
LSAMP	4	5.70957482461117e-08	0.576074571444907	0.266	0.179	0.00114317107138365
SND1	4	5.8675532233664e-08	0.439164100946049	0.413	0.308	0.00117480150638242
SNX13	4	5.95611118087094e-08	0.496426425166858	0.334	0.239	0.00119253258063398
PTPLAD1	4	6.06293793988369e-08	0.276667211947158	0.496	0.371	0.00121392143432351
MSL1	4	6.42191143251175e-08	0.358234212599267	0.428	0.318	0.0012857951070175
GNL3	4	6.52561721909811e-08	0.403197603384634	0.385	0.288	0.00130655907960782
GATAD1	4	6.55707043306518e-08	0.366672637353588	0.443	0.336	0.00131285664210831
MPHOSPH10	4	6.70069995481335e-08	0.433236830360227	0.404	0.306	0.00134161414495273
GOPC	4	6.82365291069283e-08	0.401108158929115	0.422	0.32	0.00136623178577892
ZC3H13	4	6.89878106694199e-08	0.375036431230332	0.461	0.354	0.00138127394522313
EIF3B	4	6.9051118519406e-08	0.312057821516038	0.476	0.355	0.00138254149499555
UBXN6	4	7.68841770169742e-08	0.568174567908419	0.336	0.246	0.00153937499223386
KANK2	4	8.2806863280717e-08	0.493250776258184	0.294	0.203	0.00165795901660652
CSNK1E	4	8.46594923933041e-08	0.320139377034735	0.437	0.328	0.00169505235669873
C21orf33	4	9.27296330349173e-08	0.374267460229947	0.434	0.325	0.00185663271262511
NFIB	4	9.28941182092832e-08	0.267486433351882	0.713	0.605	0.00185992603478627
SREK1	4	9.65277247623661e-08	0.46300221743745	0.401	0.306	0.0019326781051921
CASD1	4	9.80054757560487e-08	0.453217823659373	0.36	0.262	0.00196226563558761
ARHGAP5	4	9.81430715728233e-08	0.466283728657914	0.312	0.217	0.00196502057903107
SMIM7	4	9.95501535900578e-08	0.422594796075599	0.451	0.349	0.00199319317518014
STUB1	4	9.97138400183871e-08	0.279681568664682	0.564	0.443	0.00199647050484815
PTTG1IP	4	1.01128176310199e-07	0.313152560449885	0.522	0.407	0.0020247883460828
DHX40	4	1.02719033299518e-07	0.522896639327157	0.263	0.177	0.00205664048472296
SNAI2	4	1.03084259768911e-07	0.544138049567674	0.276	0.191	0.00206395304909315
ACBD6	4	1.08373814409681e-07	0.373965992051936	0.442	0.334	0.00216986051211064
TMEM59L	4	1.13542320825047e-07	0.403506503212872	0.303	0.207	0.00227334434755909
BARX1	4	1.14709872556179e-07	0.425695076215217	0.293	0.199	0.00229672106831982
ISYNA1	4	1.18086684460809e-07	0.552648018734198	0.26	0.176	0.00236433159627432
SLC39A6	4	1.1918583864261e-07	0.561218641432411	0.252	0.169	0.00238633886130234
CLPX	4	1.21511784940353e-07	0.399591602578844	0.39	0.288	0.00243290895807574
SNUPN	4	1.27158657211056e-07	0.404958525213728	0.361	0.261	0.00254597063467977
QSOX1	4	1.33402570602312e-07	0.489888480567743	0.303	0.212	0.0026709862685995
GINM1	4	1.3617641570192e-07	0.424859782119402	0.366	0.268	0.00272652419518385
GNG12	4	1.41119519028414e-07	0.48663716438135	0.31	0.221	0.0028254950099869
TMEM208	4	1.4242096163115e-07	0.327041713468545	0.482	0.372	0.00285155249377889
SPRY2	4	1.5305596005082e-07	0.311220359425551	0.472	0.354	0.00306448643213753
RFNG	4	1.62029789815507e-07	0.441497500751488	0.31	0.217	0.00324416045168608
NAGLU	4	1.74271455053271e-07	0.442393013885	0.357	0.26	0.00348926307307659
RBMS1	4	1.76819585540621e-07	0.414156009134774	0.41	0.309	0.00354028174169432
CNTFR	4	1.77757357836793e-07	0.562986873679316	0.254	0.171	0.00355905781860826
MRPS33	4	1.80444210818992e-07	0.39725611831815	0.416	0.315	0.00361285398901786
NSRP1	4	1.83531165598083e-07	0.375576504635111	0.388	0.285	0.00367466099760483
AFF4	4	1.89274961027704e-07	0.304208004505502	0.501	0.389	0.00378966326969669
NUDCD3	4	2.06639379886029e-07	0.436265857492102	0.357	0.262	0.00413733366407808
C6orf48	4	2.07579922914857e-07	0.36995671838765	0.437	0.338	0.00415616521660126
SBDS	4	2.08626139030832e-07	0.333705978510521	0.493	0.388	0.00417711255567532
PER1	4	2.09276425252299e-07	0.455413967614337	0.373	0.279	0.00419013258640154
SH3BP5	4	2.2729076019437e-07	0.405056509004792	0.479	0.38	0.00455081560061167
MRPL27	4	2.31754836958597e-07	0.39200609789915	0.41	0.311	0.00464019534558504
EHMT1	4	2.31944307084376e-07	0.451844880016007	0.296	0.205	0.00464398891644337
POLR2B	4	2.32593679319897e-07	0.37682748675632	0.328	0.233	0.00465699064734297
ABI3BP	4	2.37696596851161e-07	0.320039306280823	0.478	0.366	0.00475916126215395
TMEM167A	4	2.39084232890896e-07	0.363469806651247	0.442	0.341	0.00478694451094152
ARF4	4	2.47736440325254e-07	0.306285235617737	0.643	0.558	0.00496017900819224
KIFAP3	4	2.50094040566515e-07	0.560019365401038	0.321	0.232	0.00500738288022276
NONO	4	2.52381372539376e-07	0.321765620540817	0.46	0.351	0.00505317984098339
PARVA	4	2.62406428711006e-07	0.495891773338948	0.272	0.187	0.00525390151565177
SRSF1	4	2.70428646425819e-07	0.320320208755494	0.493	0.383	0.00541452235873775
CHMP2B	4	2.74078574613354e-07	0.444306291110346	0.318	0.226	0.00548760122090857
YIF1A	4	2.74634431568205e-07	0.490982634657314	0.299	0.212	0.00549873058885861
DLD	4	2.92089820845368e-07	0.480479903663831	0.281	0.195	0.00584822239296595
TMX4	4	3.09614394484598e-07	0.443728572912059	0.345	0.254	0.00619909940637062
PALLD	4	3.24117837978848e-07	0.256109584764038	0.557	0.437	0.0064894873520125
TUSC3	4	3.53184142588975e-07	0.308815380212646	0.428	0.322	0.00707145290291646
DDX1	4	3.54378426167998e-07	0.332377011022114	0.369	0.268	0.00709536484873565
PRKRIP1	4	3.54625500718032e-07	0.459035150254687	0.33	0.24	0.00710031177537643
ERH	4	3.60620116726797e-07	0.268973988425648	0.69	0.602	0.00722033597710393
ZSCAN18	4	3.67543864783687e-07	0.392328953901387	0.321	0.227	0.00735896326069898
ERLEC1	4	3.74794638494929e-07	0.380639317284794	0.421	0.322	0.00750413825194547
ZNF280D	4	3.92909146145798e-07	0.347693851189125	0.487	0.388	0.00786682692413116
ATP1A1	4	3.94579056557825e-07	0.386780960785744	0.481	0.39	0.00790026187040076
EBPL	4	3.95188371746874e-07	0.338980646793904	0.434	0.331	0.00791246157911592
ZNF655	4	3.99022394584276e-07	0.368291324064886	0.3	0.209	0.00798922638436638
AKT2	4	4.05238407931702e-07	0.411432657611809	0.306	0.215	0.00811368340360853
PRRX1	4	4.14759594420184e-07	0.275776616229824	0.591	0.469	0.00830431659948092
SLC39A7	4	4.17930395632233e-07	0.399748140232499	0.387	0.296	0.00836780238134858
ZNF302	4	4.32383094222092e-07	0.398041818282096	0.388	0.292	0.00865717431251472
SF3B14	4	4.33882311951594e-07	0.271489840608575	0.652	0.549	0.00868719164989481
DDX42	4	4.42199457587148e-07	0.364000931883113	0.466	0.372	0.00885371753980988
NUB1	4	4.68550170425907e-07	0.378124291374772	0.394	0.296	0.00938131151226751
HBP1	4	4.70397207280593e-07	0.404884034417717	0.391	0.296	0.00941829288417204
DVL3	4	4.73141324991188e-07	0.511223427094939	0.254	0.174	0.00947323560897356
NRBP1	4	4.81889178607196e-07	0.330440615147426	0.473	0.373	0.00964838513407328
PKD1	4	4.9100731027532e-07	0.460652815631547	0.304	0.218	0.00983094836633245
ZKSCAN1	4	5.39691685373527e-07	0.308514440439548	0.472	0.367	0.0108057069245488
HIBADH	4	5.67768461574573e-07	0.498825821962717	0.258	0.178	0.0113678601376461
WBP4	4	5.84844470629659e-07	0.557486149783586	0.264	0.186	0.011709755990947
VASN	4	5.86268965378583e-07	0.476542429890141	0.315	0.227	0.01173827722481
SETBP1	4	6.07069643083586e-07	0.422414160137083	0.273	0.188	0.0121547483938195
ZNF830	4	6.2245261163129e-07	0.483265214235943	0.279	0.196	0.0124627461900817
TXNDC15	4	6.48030758748859e-07	0.519868816507358	0.264	0.184	0.0129748718516697
NREP	4	6.71923803337385e-07	0.308785612134136	0.422	0.32	0.0134532583904211
TXNL4A	4	6.86777645422775e-07	0.303086172999625	0.448	0.342	0.0137506620166548
TMEM106B	4	6.94567254737822e-07	0.402303783757843	0.413	0.321	0.0139066255743607
SKI	4	7.01628764255075e-07	0.468741877900387	0.303	0.22	0.0140480111179151
SUCO	4	7.49076661813811e-07	0.398523294345576	0.363	0.271	0.0149980129228361
AHNAK	4	7.49859005252886e-07	0.285327786512755	0.667	0.583	0.0150136770031733
GLG1	4	7.75324031890265e-07	0.268345491715447	0.457	0.347	0.0155235377665069
CHD6	4	7.8348724788817e-07	0.373692855940343	0.401	0.305	0.0156869816772169
HMOX2	4	8.19038931595229e-07	0.53164179828815	0.257	0.178	0.0163987974883997
CUX1	4	8.39927408313682e-07	0.364839118199491	0.397	0.301	0.0168170265692565
NFE2L2	4	8.57522665007487e-07	0.322068999798279	0.522	0.423	0.0171693187987799
ZNF106	4	8.76079484175549e-07	0.371720742814377	0.436	0.342	0.0175408634321628
NT5C	4	8.89382987852318e-07	0.322758295100875	0.476	0.373	0.0178072261827791
KIAA0232	4	9.34958524764762e-07	0.414955467377935	0.313	0.229	0.0187197395828401
DEXI	4	9.91131436315759e-07	0.440287520283994	0.261	0.18	0.0198444336179141
DAAM1	4	1.02715855672992e-06	0.457503798864979	0.346	0.258	0.0205657686228464
SDF4	4	1.02919593078364e-06	0.351122865951292	0.416	0.315	0.0206065609261501
CNPY2	4	1.04206340995756e-06	0.29073471622723	0.481	0.373	0.0208641935941702
ASXL1	4	1.17663745644829e-06	0.462954218001687	0.261	0.182	0.0235586351530076
NBPF1	4	1.19028385766432e-06	0.337395816961577	0.363	0.268	0.0238318633981551
POLR2I	4	1.19275175480121e-06	0.360163942774773	0.436	0.342	0.0238812756346298
TCEAL8	4	1.20700763600014e-06	0.383739383964639	0.416	0.323	0.0241667068879948
ATP2B4	4	1.26213324175588e-06	0.472951399687606	0.304	0.22	0.0252704317664362
CGGBP1	4	1.28856842420807e-06	0.384408665740722	0.394	0.3	0.0257997169894941
SPSB3	4	1.29173108761185e-06	0.36309385420982	0.396	0.303	0.0258630398361644
H2AFJ	4	1.31257276596312e-06	0.334527659488641	0.479	0.383	0.0262803319201136
PLCE1	4	1.38041824036713e-06	0.313188564309101	0.325	0.232	0.0276387340086308
ZFHX4	4	1.3885742431123e-06	0.297332125498572	0.582	0.474	0.0278020334955946
YIPF3	4	1.42198920205343e-06	0.337665881793725	0.449	0.352	0.0284710678035138
C5orf24	4	1.46560833629147e-06	0.401927537752245	0.378	0.289	0.0293444101092277
SMARCA2	4	1.46855817483445e-06	0.386749851794122	0.337	0.249	0.0294034717765353
ZNF91	4	1.58998562843915e-06	0.386730652850209	0.339	0.25	0.0318346922526086
PSMD3	4	1.66238023993562e-06	0.346003509450813	0.385	0.294	0.0332841771639909
IFT20	4	1.68143591956573e-06	0.345346403736383	0.41	0.314	0.033665709981545
C5orf15	4	1.7105438980164e-06	0.496392622169144	0.255	0.179	0.0342485099260843
SYPL1	4	1.73943376594036e-06	0.404871445922605	0.396	0.307	0.0348269428616578
CCDC80	4	1.74571410968879e-06	0.602582470553707	0.527	0.463	0.0349526879041889
RBBP7	4	1.7836690087905e-06	0.330855196873226	0.366	0.271	0.0357126208940033
ZBED6	4	1.82291542251648e-06	0.398214465265752	0.316	0.23	0.0364984125896249
C14orf2	4	1.826761179979e-06	0.271650045143601	0.7	0.63	0.0365754123455396
MAGOHB	4	1.84307591084288e-06	0.398155996196832	0.299	0.215	0.0369020658868961
AL592183.1	4	1.898799591869e-06	0.367133661907712	0.425	0.333	0.038017765428401
APPBP2	4	2.04575421652491e-06	0.452004965209723	0.294	0.213	0.0409600909232618
ACTN4	4	2.06433844018474e-06	0.255358036860355	0.422	0.329	0.0413321842493789
PRRC1	4	2.09797545443213e-06	0.487712320915255	0.251	0.175	0.04200566454864
DTWD1	4	2.15376002872025e-06	0.464680841157908	0.287	0.207	0.0431225832950368
TROVE2	4	2.27639209583872e-06	0.360911876659065	0.428	0.336	0.0455779225428828
DHX9	4	2.289846569171e-06	0.360688538881185	0.394	0.304	0.0458473080079418
GPATCH2L	4	2.29298067909705e-06	0.457478882199764	0.331	0.249	0.0459100591568811
RCN3	4	2.39753189891155e-06	0.37536652962804	0.3	0.214	0.0480033836800071
CFDP1	4	2.43228258410286e-06	0.260876119714707	0.6	0.495	0.0486991618989075
AGO3	4	2.5851486055716e-06	0.418973610360178	0.27	0.192	0.0517598453807546
MRPL36	4	2.64098789460847e-06	0.405919273084412	0.319	0.237	0.0528778596258507
KLF10	4	2.76600167952213e-06	0.375249316231679	0.354	0.266	0.055380885627392
CKAP4	4	2.79116992413037e-06	0.399570304171764	0.327	0.243	0.0558848042209383
EHD2	4	2.79341000297575e-06	0.376437111275434	0.294	0.211	0.0559296550795804
JAM3	4	2.87430016849604e-06	0.432528096825885	0.276	0.196	0.0575492379736276
IFT43	4	2.90806046761301e-06	0.463201912231995	0.258	0.182	0.0582251866825477
TRIB2	4	2.95772548704345e-06	0.387913784927758	0.342	0.256	0.0592195797015839
MTX2	4	2.98593330864749e-06	0.476820722962795	0.263	0.187	0.0597843567057401
PHAX	4	3.11059220831537e-06	0.381131900812332	0.31	0.227	0.0622802771948904
SCPEP1	4	3.13644481122444e-06	0.411616387758307	0.352	0.268	0.0627978980103357
RP11-139H15.1	4	3.28492333676331e-06	0.415101503252429	0.291	0.21	0.065770735048675
COPS6	4	3.36238978358386e-06	0.259008670029454	0.581	0.477	0.0673217682469161
UBE2Z	4	3.46313444201088e-06	0.325370899350959	0.391	0.297	0.0693388777979418
GSTM3	4	3.49195817949109e-06	0.324137874494443	0.316	0.229	0.0699159866697705
RAB2A	4	3.5743110496983e-06	0.258968860014388	0.694	0.605	0.0715648558370593
SVIL	4	3.60453147361256e-06	0.411714271479874	0.279	0.197	0.0721699291646707
BLOC1S4	4	3.71738936268235e-06	0.493688003895959	0.251	0.178	0.0744295698196259
ZNF22	4	3.78626402336141e-06	0.372377114335213	0.413	0.327	0.0758085782757421
NDUFAF3	4	3.84533582604422e-06	0.301429106553142	0.469	0.372	0.0769913139090574
ZNF292	4	3.89796329625622e-06	0.264187169153357	0.464	0.368	0.078045021117642
SPG21	4	3.90062476804358e-06	0.372625641809955	0.381	0.294	0.0780983091057685
SEC13	4	3.91136310815697e-06	0.462340344549842	0.316	0.237	0.0783133121515189
RNF115	4	3.94561391378729e-06	0.380883877667096	0.339	0.254	0.0789990817818491
GLRX5	4	4.01357985521138e-06	0.464929774821004	0.381	0.303	0.0803598958610422
ZNF644	4	4.10970254090609e-06	0.362068695958919	0.39	0.302	0.0822844642740217
DPM3	4	4.22126458745373e-06	0.316081040166691	0.461	0.373	0.0845181595699986
VCL	4	4.36378930087012e-06	0.33138038449441	0.385	0.293	0.0873717893820216
AUTS2	4	4.38636909877545e-06	0.30155822588964	0.309	0.224	0.087823882095682
MAZ	4	4.44636796879757e-06	0.309601081644342	0.445	0.352	0.0890251794712649
NDUFC1	4	4.57635881873026e-06	0.262420844259817	0.631	0.548	0.0916278562686173
NCAM1	4	4.7308370611041e-06	0.428714560360369	0.272	0.194	0.0947208196374262
UBA1	4	4.75722661064391e-06	0.413297006405681	0.267	0.19	0.0952491911983123
CERS6	4	5.17173747406854e-06	0.383680261791698	0.296	0.216	0.1035485277058
BET1	4	5.21215097989139e-06	0.375282610189041	0.303	0.221	0.104357686919385
UBE2E2	4	5.21798726951785e-06	0.447071645092263	0.278	0.201	0.104474541110286
CCNL1	4	5.25582099221472e-06	0.263087680321952	0.487	0.39	0.105232047906123
CTDSPL	4	5.28063758245546e-06	0.409200377886203	0.254	0.179	0.105728925675923
PPP2R1A	4	5.39299084430129e-06	0.269317011845502	0.452	0.354	0.1079784626846
CHST12	4	5.40655676212712e-06	0.479790919258282	0.273	0.198	0.108250079491309
RP11-220I1.1	4	5.61367343770799e-06	0.431201343663734	0.307	0.229	0.112396969569789
TTTY15	4	5.9852047574901e-06	0.360235333280807	0.369	0.282	0.119835769654467
DOCK1	4	5.98970836946604e-06	0.353199239630012	0.346	0.262	0.119925940973449
SAMD4B	4	6.18063678688887e-06	0.415299007096403	0.345	0.262	0.123748709747089
CRYBG3	4	6.22569966059805e-06	0.416579590394983	0.267	0.193	0.124650958604494
GCSH	4	6.31721708495098e-06	0.373002154000474	0.318	0.237	0.126483320474888
MLF2	4	6.42836613597846e-06	0.262835797225546	0.496	0.398	0.128708746774561
ABHD17A	4	6.43704727935614e-06	0.31230622231292	0.427	0.338	0.128882560627269
GPATCH8	4	6.50284521998512e-06	0.356164395110785	0.369	0.283	0.130199966994542
LRRC59	4	6.70041124815932e-06	0.365483071751314	0.352	0.268	0.134155634010646
GALNT1	4	6.74280569337903e-06	0.366173094291655	0.367	0.284	0.135004455592835
NDUFS4	4	7.1242926842579e-06	0.318424650218728	0.412	0.324	0.142642588124212
PDXK	4	7.13900860280861e-06	0.346164180824442	0.413	0.329	0.142937230245434
MED10	4	7.42385127218224e-06	0.296867351542166	0.419	0.33	0.148640350171633
SELM	4	7.69139177777392e-06	0.340791772428494	0.345	0.261	0.153997046174589
BCLAF1	4	7.74898060183362e-06	0.305168405039761	0.47	0.379	0.155150089609913
VAMP2	4	7.75968646176819e-06	0.265513119180285	0.537	0.44	0.155364442337523
ZNF322	4	7.79469910740407e-06	0.445762650350145	0.288	0.213	0.156065465528444
ESD	4	7.80649221194764e-06	0.320714093496534	0.469	0.382	0.156301587067616
SNX1	4	8.000523919278e-06	0.383354573603193	0.364	0.285	0.160186489911784
SREK1IP1	4	8.22671707594046e-06	0.46359230461454	0.36	0.279	0.16471532929448
GTF2A2	4	8.53826871127952e-06	0.269187868617332	0.564	0.474	0.170953216137239
LSM12	4	8.68653504043125e-06	0.373581707546164	0.346	0.265	0.173921804579514
TAGLN	4	8.69344688112992e-06	0.28152526864837	0.278	0.203	0.174060193453983
FAM133B	4	9.07183909023008e-06	0.259267791888418	0.521	0.427	0.181636362264587
FAM208B	4	9.14154082883531e-06	0.433378785098844	0.261	0.189	0.183031930474941
EIF4E2	4	9.38716459369856e-06	0.305105389643036	0.361	0.273	0.187949809495033
VPS41	4	9.47149425246568e-06	0.377296623890023	0.31	0.231	0.189638257922868
LEPROT	4	9.62516682349536e-06	0.295988991044273	0.503	0.407	0.192715090140024
TNFRSF1A	4	9.89396619403501e-06	0.309010674039949	0.488	0.396	0.198096991136969
HSPA5	4	1.06377448344253e-05	0.307429635528633	0.703	0.665	0.212988927074863
OCIAD1	4	1.07882578341087e-05	0.256575567111605	0.534	0.436	0.216002498354525
FIS1	4	1.08518239874392e-05	0.262601351767408	0.604	0.527	0.217275219876509
NT5C3B	4	1.08690511471484e-05	0.269602327776997	0.406	0.315	0.217620142068205
USO1	4	1.10993932718741e-05	0.422609039921371	0.285	0.211	0.222232052089463
MTUS1	4	1.11042302340647e-05	0.310247679693663	0.304	0.226	0.222328897746444
POLR2K	4	1.14355459628533e-05	0.350898942607203	0.407	0.328	0.228962501268248
FASTK	4	1.14562884411396e-05	0.310924776609108	0.376	0.289	0.229377807168497
CCNT2	4	1.22469032146807e-05	0.428761266902965	0.251	0.18	0.245207496164337
FAM127B	4	1.23508612441008e-05	0.39834666493971	0.269	0.195	0.247288943829385
ITGAV	4	1.24173666991459e-05	0.517994385072374	0.251	0.184	0.248620516050299
SHC2	4	1.25093128007626e-05	0.421251986636825	0.251	0.179	0.250461460896869
TRIP11	4	1.25559728061284e-05	0.341848720501959	0.385	0.303	0.251395687524302
ALG5	4	1.27095702449966e-05	0.474360512161415	0.264	0.194	0.254471015445322
IMPDH2	4	1.27103622897816e-05	0.315380649193493	0.396	0.305	0.254486873766007
LSM5	4	1.27193054985671e-05	0.250375551569975	0.487	0.392	0.25466593469231
ZBTB16	4	1.33711732440736e-05	0.45657702050174	0.287	0.214	0.267717630692842
SSBP3	4	1.33864027095696e-05	0.390965283760871	0.288	0.213	0.268022555051002
PXDC1	4	1.38062327072686e-05	0.390192533191268	0.287	0.212	0.276428391264932
CIR1	4	1.45432098227441e-05	0.307934149747227	0.39	0.304	0.291184147070983
IDH3G	4	1.45871537535047e-05	0.25392340813176	0.472	0.379	0.292063992452672
HDGFRP3	4	1.5010014300138e-05	0.35346301210532	0.282	0.207	0.300530506317363
DDX50	4	1.57698964761062e-05	0.364141512953503	0.312	0.234	0.315744867244598
MRPS23	4	1.57778804236227e-05	0.327559533159537	0.324	0.243	0.315904721841774
IER3IP1.1	4	1.58748428790013e-05	0.365575828689712	0.33	0.25	0.317846104123364
FHL3	4	1.62628703760063e-05	0.458123326534309	0.275	0.204	0.325615190668398
EPM2AIP1	4	1.62793759059517e-05	0.378684944082607	0.316	0.239	0.325945664388965
COPS7A	4	1.70781267199424e-05	0.403212366657154	0.251	0.18	0.341938253186687
OGFR	4	1.70876924157061e-05	0.383323198049091	0.319	0.243	0.342129777547267
PPP1R12A	4	1.73667594648029e-05	0.271369391360299	0.439	0.353	0.347717258004284
CAMSAP2	4	1.75867334071854e-05	0.289277660573479	0.336	0.253	0.352121576278666
TSC2	4	1.76709829019559e-05	0.404308223178427	0.252	0.182	0.353808419662961
C10orf118	4	1.83168755297442e-05	0.37958982797444	0.291	0.214	0.366740481856538
NOC2L	4	1.93296876980869e-05	0.407747307145198	0.291	0.217	0.387019007091096
AP2B1	4	1.95628439910802e-05	0.308708964186683	0.403	0.318	0.391687262389407
CDIPT	4	2.01466759268121e-05	0.360748755298786	0.307	0.232	0.403376745406631
SH3GL1	4	2.09640118428983e-05	0.40511352325007	0.297	0.225	0.419741445118509
LEPREL4	4	2.12081355418859e-05	0.26878110407374	0.382	0.294	0.42462928981964
IL11RA	4	2.24716800392974e-05	0.298646446830671	0.409	0.323	0.449927977746812
WIPI2	4	2.27220242898949e-05	0.365671374571458	0.343	0.267	0.454940370332275
CAMLG	4	2.29324274328589e-05	0.293785887701256	0.421	0.337	0.459153062060702
FOS	4	2.33420293288325e-05	0.659417302779308	0.524	0.497	0.467354111221884
HSP90B1	4	2.38809350528406e-05	0.26794333504183	0.846	0.832	0.478144081627974
POR	4	2.47609894081528e-05	0.394904812834972	0.325	0.251	0.495764529930035
CCDC82	4	2.4844704545161e-05	0.266595370490097	0.403	0.317	0.497440674403213
TMEM43	4	2.66359300304664e-05	0.364063074068231	0.255	0.184	0.533304591069999
USP11	4	2.68353757500327e-05	0.323402368467354	0.315	0.239	0.537297893267154
TMED2	4	2.71349610917447e-05	0.264932285095721	0.436	0.35	0.543296190978912
LSM14A	4	2.74724917893928e-05	0.292842339544531	0.348	0.266	0.550054230607223
ZNF32	4	2.75037092944246e-05	0.451203848402888	0.254	0.187	0.550679267492969
HIBCH	4	2.77814849806494e-05	0.406350254716645	0.255	0.187	0.556240892282562
SPRED1	4	2.85617526495298e-05	0.361803494663891	0.269	0.198	0.571863411548885
TNPO1	4	2.91104928442035e-05	0.273363844908204	0.425	0.337	0.582850287726642
EIF6	4	2.97905399862119e-05	0.362154771763481	0.366	0.291	0.596466191603935
SCARB2	4	3.00648786690744e-05	0.344407517552464	0.406	0.329	0.601959000712208
GLO1	4	3.01002732796427e-05	0.344854372968184	0.354	0.277	0.602667671605005
BRD4	4	3.05649709512307e-05	0.309494959869915	0.419	0.337	0.61197184838554
TTC37	4	3.22973823275215e-05	0.347940408783886	0.333	0.255	0.646658188961635
WBSCR22	4	3.29983238643288e-05	0.278873562459921	0.409	0.324	0.660692440411591
LOXL1	4	3.30686732991625e-05	0.337632736473609	0.304	0.228	0.662100976795831
FMR1	4	3.31236955897288e-05	0.320415527380013	0.324	0.246	0.66320263309755
CTDSP2	4	3.32723947664992e-05	0.391589700834486	0.293	0.221	0.666179888014847
HADHB	4	3.36682814287059e-05	0.279811805183921	0.431	0.347	0.674106330765549
XPC	4	3.39826432491512e-05	0.332864856656865	0.291	0.217	0.680400483134505
OXLD1	4	3.54132258264398e-05	0.431707409479213	0.29	0.22	0.709043607496978
IGF2BP2	4	3.5689587851877e-05	0.324137874494443	0.303	0.228	0.714576927970282
GGCT	4	3.62990146912678e-05	0.287362871367883	0.375	0.292	0.726778872148564
CYSTM1	4	3.63505236820849e-05	0.370861740085285	0.3	0.227	0.727810185162704
FEM1B	4	3.67374029862904e-05	0.406964305624064	0.276	0.206	0.735556282591507
BZW1	4	3.80104360818249e-05	0.255797186768904	0.543	0.458	0.761044951230298
COPRS	4	3.87791114776552e-05	0.36132799661188	0.322	0.248	0.776435370005613
FAM172A	4	3.89273380512017e-05	0.445922431988431	0.254	0.186	0.77940316246116
SOX4	4	3.90532223244842e-05	0.299547224687217	0.637	0.565	0.781923617380822
NPHP3	4	4.05047303822759e-05	0.307346493291339	0.39	0.309	0.810985711713928
MRPL20	4	4.08326806681124e-05	0.290272979932397	0.457	0.376	0.817551932336947
TRMT10C	4	4.09575487966116e-05	0.36524209360662	0.291	0.22	0.820052042005757
UBTF	4	4.13667530408909e-05	0.305931806452353	0.366	0.286	0.828245129384717
RFC1	4	4.17283089724906e-05	0.290747775186374	0.413	0.335	0.835484202247206
BDP1	4	4.23193795669506e-05	0.326838490981097	0.436	0.353	0.847318617689484
GNPTG	4	4.25818083932772e-05	0.313108408795577	0.375	0.295	0.852572967650196
POLR2H	4	4.36759533935115e-05	0.367613423197743	0.304	0.232	0.874479938844887
CPNE1	4	4.37778705155172e-05	0.251116585076654	0.481	0.395	0.876520523461686
PPP3CA	4	4.40473486826526e-05	0.321646368191909	0.358	0.28	0.88191601532407
SHISA5	4	4.47050395471871e-05	0.323596423919167	0.333	0.259	0.895084301813781
MRPL28	4	4.50184191005366e-05	0.292390994166599	0.413	0.333	0.901358787230944
CBR1	4	4.6075700813513e-05	0.375161877518911	0.273	0.204	0.922527681688157
FAM134C	4	4.69750006293802e-05	0.385029160683544	0.264	0.196	0.940533462601451
NDUFAF2	4	4.72885611527849e-05	0.409418731678189	0.251	0.184	0.94681157140106
PREX2	4	4.78369131511242e-05	0.364685451044834	0.258	0.19	0.957790675111808
OSBPL1A	4	4.78815197890136e-05	0.275279244532002	0.313	0.234	0.95868378921563
DUS1L	4	4.79948557347446e-05	0.362035153102153	0.281	0.209	0.960953001521057
RARA	4	4.83594890562946e-05	0.32951516984387	0.301	0.227	0.96825368988513
KIN	4	4.85274904934992e-05	0.356822834068822	0.287	0.215	0.971617414660841
SNRNP27	4	4.88328810108325e-05	0.304376802802678	0.312	0.235	0.977731943598888
MKLN1	4	4.90236878400156e-05	0.343568404443345	0.328	0.255	0.981552277932792
MED13	4	4.95450713736447e-05	0.300348298718166	0.391	0.311	0.991991419043114
MAP4	4	4.97310832186467e-05	0.267345270860866	0.416	0.334	0.995715748203744
BAZ1B	4	5.01967267672742e-05	0.28399263217926	0.403	0.324	1
PSMG3	4	5.05101927810139e-05	0.352261475408831	0.322	0.248	1
EIF2AK1	4	5.12325813905397e-05	0.370248684757589	0.342	0.267	1
RAB22A	4	5.25206359764689e-05	0.442361568950135	0.261	0.196	1
OS9	4	5.2689728316259e-05	0.28540131511558	0.449	0.368	1
PMPCB	4	5.3913044968515e-05	0.319730452408062	0.316	0.242	1
APH1A	4	5.40593774726396e-05	0.425237708650902	0.379	0.314	1
CDC40	4	5.76291630929239e-05	0.376506951344716	0.327	0.255	1
NPEPPS	4	5.859991679402e-05	0.356877073018442	0.301	0.23	1
TFDP2	4	5.90341154594283e-05	0.399409423765588	0.26	0.193	1
TMEM50B	4	5.90386552187535e-05	0.365459317884812	0.297	0.227	1
SSRP1	4	6.00441892036522e-05	0.350758754901693	0.334	0.262	1
TMEM101	4	6.05568713082333e-05	0.41923922362431	0.269	0.203	1
ETV1	4	6.16082430614065e-05	0.305918000295774	0.337	0.262	1
KMT2C	4	6.3219559183317e-05	0.258772244415726	0.433	0.347	1
AAMP	4	6.47745881767193e-05	0.347690527562217	0.293	0.222	1
CAPN2	4	6.61670902246962e-05	0.401435281556827	0.254	0.189	1
PVRL2	4	6.8247167601569e-05	0.333700817281793	0.275	0.206	1
PPIL4	4	6.88538051754393e-05	0.345304029353567	0.401	0.325	1
RNF216	4	7.09636443594701e-05	0.402206700533139	0.321	0.253	1
AHCYL1	4	7.16440513671536e-05	0.318272380106635	0.321	0.248	1
IGF2R	4	7.23677034650377e-05	0.39659138229017	0.312	0.242	1
FUNDC2	4	7.41947433602997e-05	0.277917057800806	0.467	0.386	1
CHID1	4	7.69994452082209e-05	0.306437518122623	0.34	0.266	1
EXOC7	4	7.88294555251081e-05	0.36932360298448	0.324	0.251	1
TEAD1	4	8.49678780191545e-05	0.29681126392483	0.287	0.217	1
RNF187	4	8.66368147154042e-05	0.316116072767276	0.385	0.311	1
DDX46	4	8.9839087484392e-05	0.269071980312784	0.56	0.487	1
ALDH9A1	4	8.99260336328769e-05	0.397550857003118	0.264	0.2	1
CSNK2A1	4	9.08945429757173e-05	0.342411736590909	0.328	0.257	1
AP3D1	4	9.11051864960123e-05	0.341572467830464	0.31	0.238	1
SPOP	4	9.1148289136918e-05	0.274367673756558	0.419	0.343	1
SETD5	4	9.24519589966865e-05	0.292799907961436	0.376	0.301	1
TRIP6	4	9.31142785410537e-05	0.254193189149331	0.434	0.353	1
MRPL55	4	9.48699386419406e-05	0.283216406261065	0.397	0.318	1
IPO5	4	9.50582259531256e-05	0.354936849454876	0.285	0.216	1
ERGIC3	4	9.52186043156249e-05	0.34547384449264	0.325	0.255	1
PIGP	4	9.89461927731392e-05	0.416423298214994	0.255	0.193	1
TTC17	4	9.89754056651602e-05	0.40142859140224	0.316	0.248	1
SLC38A10	4	9.99910524909866e-05	0.342005455826488	0.345	0.271	1
COIL	4	0.000102045828620209	0.377198651987932	0.29	0.223	1
MICU1	4	0.00010381520729455	0.330994802995981	0.327	0.256	1
RHOT2	4	0.000107804527956511	0.39257893059632	0.255	0.191	1
MALSU1	4	0.000108686542748839	0.364779858991789	0.273	0.208	1
DPYSL3	4	0.000108846025991832	0.332564701648836	0.31	0.24	1
ATP2A2	4	0.000109436882903448	0.383697943503141	0.3	0.233	1
HEXB	4	0.000111326484177929	0.400150597704771	0.307	0.243	1
RBM28	4	0.000113452387198839	0.292757173470671	0.327	0.253	1
CDK13	4	0.000114852172049625	0.285504215922733	0.296	0.224	1
CREB3L2	4	0.000115047394577648	0.342464839699463	0.351	0.28	1
KIF2A	4	0.000116508225050176	0.358480679677835	0.31	0.243	1
AKAP8L	4	0.000120046380458017	0.29681126392483	0.303	0.233	1
CCDC66	4	0.00012073134430647	0.345596130832366	0.278	0.21	1
ARL8A	4	0.000129127665549008	0.3273151182786	0.316	0.246	1
ZCRB1	4	0.000132814663494633	0.321876274280724	0.406	0.335	1
PTBP1	4	0.000137012852179895	0.276061252985985	0.425	0.345	1
ARMC10	4	0.000139353484681385	0.405156617816748	0.285	0.222	1
WASH4P	4	0.000139707342654066	0.31007658148744	0.269	0.202	1
MDFIC	4	0.000140151289271296	0.350278763201283	0.325	0.256	1
PDLIM2	4	0.000143869803878572	0.261212734655448	0.349	0.272	1
NDUFS3	4	0.000151695133529836	0.281894291553794	0.388	0.312	1
PHIP	4	0.000152874401143097	0.262539522512942	0.399	0.321	1
NCKAP1	4	0.000157889998617754	0.341642351456228	0.287	0.219	1
MRPS5	4	0.00016042052457438	0.261416180433131	0.348	0.274	1
SEC63	4	0.000163327611560941	0.293367786355263	0.366	0.294	1
HTATSF1	4	0.000165130704031983	0.339819496726713	0.257	0.193	1
SRP68	4	0.000166060958892675	0.339096064564265	0.261	0.198	1
TNRC6A	4	0.000166094060668466	0.265953300736984	0.37	0.299	1
SPTSSA	4	0.000167069785938735	0.391994961739575	0.251	0.19	1
PNPLA8	4	0.000168484927049528	0.277030773172228	0.325	0.256	1
IP6K2	4	0.000170025753582489	0.371929549712221	0.26	0.198	1
CSRP1	4	0.000174284619742805	0.312923390748377	0.282	0.216	1
FZD1	4	0.000181091042231132	0.300305997945621	0.29	0.223	1
CAMK2D	4	0.000193983014321511	0.3714435892728	0.272	0.207	1
PRR4	4	0.000196319630794615	0.35567344792755	0.251	0.189	1
FAM178A	4	0.000199855591742946	0.320216954018532	0.319	0.251	1
CAND1	4	0.000202024792382703	0.322019033485647	0.36	0.29	1
KMT2E-AS1	4	0.000213599826423444	0.27571651634343	0.258	0.195	1
WDR43	4	0.000218380075731118	0.360267662219216	0.263	0.201	1
ATP6V1E1	4	0.000220586777580947	0.288936001576803	0.348	0.279	1
AP1S1	4	0.000222202892797781	0.282152663761928	0.327	0.256	1
MRPS14	4	0.000224570406846981	0.27448998269147	0.29	0.221	1
LONP2	4	0.000224721528156832	0.270479372073635	0.328	0.261	1
SWI5	4	0.000227121085080559	0.43852393851634	0.29	0.231	1
FLYWCH2	4	0.000227490778802077	0.379629293640287	0.258	0.198	1
CUL1	4	0.000236513910516199	0.345870655717032	0.285	0.222	1
MARCH6	4	0.000238829062741128	0.300199819837688	0.349	0.278	1
AHI1	4	0.000244004451310133	0.26892735068079	0.406	0.333	1
MLEC	4	0.000244766544388745	0.282031405888713	0.428	0.359	1
MRPS31	4	0.000246340597478024	0.325290800800519	0.258	0.195	1
SCOC	4	0.000252330246844282	0.274413264405408	0.336	0.268	1
IDS	4	0.00026180765378958	0.323100005829884	0.352	0.287	1
CEP290	4	0.000270454246690302	0.356844222696813	0.275	0.215	1
THSD7A	4	0.000277201162734274	0.386236650256409	0.267	0.206	1
AASDHPPT	4	0.000277623257583503	0.347885655990502	0.257	0.196	1
CEBPZ-AS1	4	0.000287130293761134	0.372944052269092	0.267	0.207	1
MRPL10	4	0.000288722515758011	0.370360891255089	0.258	0.197	1
MKRN1	4	0.000290335153574386	0.37141800435671	0.297	0.236	1
THUMPD1	4	0.000303385175750951	0.337466156914376	0.285	0.223	1
MDFI	4	0.000306458957518429	0.253933147631422	0.367	0.293	1
KHSRP	4	0.000308252379947479	0.272289504187532	0.3	0.232	1
KAZALD1	4	0.000312386231219136	0.256669251649505	0.351	0.28	1
MAGEF1	4	0.000314369636426508	0.257248360548611	0.275	0.209	1
FAM32A	4	0.000325534161819156	0.28996814073582	0.325	0.257	1
MAN1A2	4	0.000333445019551234	0.305506932458788	0.313	0.247	1
SAR1A	4	0.000334706796818506	0.335502708203687	0.346	0.282	1
LEPRE1	4	0.000335908865539487	0.36383973336482	0.269	0.208	1
GOLGA2	4	0.000338604386345645	0.323433376210294	0.345	0.28	1
ZNHIT6	4	0.000344917798054331	0.322405947466651	0.264	0.204	1
DCTD	4	0.000347473691699814	0.315498956220571	0.304	0.24	1
EFEMP2	4	0.000360178555297591	0.263272456530361	0.301	0.233	1
SPIN1	4	0.000365633592029339	0.278552359411322	0.287	0.222	1
GLUD1	4	0.000367996292415234	0.34986043915605	0.279	0.219	1
CCPG1	4	0.000374329497496439	0.290187171626841	0.313	0.247	1
RNF10	4	0.000379127922526239	0.30726210165321	0.282	0.219	1
MGEA5	4	0.000392119992061319	0.256321020285798	0.409	0.336	1
TRA2A	4	0.000411488103975262	0.261194731085908	0.413	0.342	1
PLOD3	4	0.000411847224847612	0.283447504701934	0.33	0.262	1
DPP8	4	0.000413622733510025	0.304772549627512	0.252	0.192	1
NRD1	4	0.000420294228077266	0.266437367780196	0.485	0.414	1
TNC	4	0.000436177675380424	0.281630469815069	0.43	0.347	1
CPNE3	4	0.00043800148900672	0.294731607198175	0.352	0.286	1
HUWE1	4	0.000441148804000739	0.266422376638156	0.296	0.23	1
WDR82	4	0.0004423556823984	0.339939404058707	0.3	0.239	1
ANKIB1	4	0.000448716156763597	0.328308064088301	0.254	0.194	1
ARMCX3	4	0.000455435640232924	0.277979703740968	0.406	0.341	1
SERINC3	4	0.000466424439411597	0.259918313843252	0.381	0.312	1
NMT1	4	0.000472489058163216	0.296381279368372	0.355	0.288	1
RPL7L1	4	0.00047681547392602	0.270902348610707	0.382	0.316	1
IPO7	4	0.000479619837849972	0.377028638669023	0.27	0.212	1
WDR45B	4	0.000480740565128771	0.277468869020175	0.369	0.301	1
ADAR	4	0.00048627691972271	0.25107441230472	0.403	0.333	1
AGGF1	4	0.000487555947054434	0.307750249427408	0.251	0.192	1
CRCP	4	0.000497738488994479	0.324607731212776	0.296	0.233	1
PNKD	4	0.000502654296455874	0.256776517097869	0.388	0.319	1
SRP54	4	0.000523993468069419	0.274916565468253	0.325	0.259	1
PTPN12	4	0.000546683428824215	0.311145591646026	0.288	0.227	1
TRPM7	4	0.000554146411298371	0.27903218468409	0.361	0.296	1
KRR1	4	0.000557312374419887	0.256829461284166	0.285	0.222	1
COA3	4	0.000568039621343032	0.327193844335308	0.322	0.263	1
ANO6	4	0.00057077552662687	0.378663566230463	0.264	0.209	1
TENM3	4	0.000602862480839911	0.289694364444295	0.34	0.271	1
NBR1	4	0.000609155215334198	0.268393395812897	0.336	0.271	1
LHFPL2	4	0.000625279533187927	0.310968815591418	0.296	0.235	1
RRP15	4	0.000638833163456987	0.344226357857393	0.254	0.197	1
URI1	4	0.000653828880229813	0.251409324028787	0.37	0.301	1
ALDH1A1	4	0.000656796211025401	0.398431656841757	0.272	0.215	1
LTBR	4	0.000662824443705026	0.313980846724845	0.29	0.229	1
ZYX	4	0.000663852848362107	0.261592534436112	0.342	0.276	1
CCNB1IP1	4	0.000667383650960232	0.363856179441133	0.257	0.201	1
MED13L	4	0.000670870257879649	0.275147380518234	0.284	0.222	1
SEC23A	4	0.000674051827750971	0.258486287281793	0.316	0.25	1
RAB11B	4	0.000688235794467742	0.257466834849156	0.342	0.275	1
TWISTNB	4	0.000718304894144517	0.272789803797617	0.273	0.216	1
PLXNB2	4	0.000720652822849682	0.354816917882703	0.321	0.264	1
TIPRL	4	0.000723499478434649	0.290396821731769	0.293	0.232	1
C1orf123	4	0.000750121292267007	0.253450580401639	0.369	0.303	1
FNDC3A	4	0.000760543619221862	0.292799907961436	0.401	0.338	1
TERF1	4	0.000765584592687116	0.326152939954383	0.264	0.206	1
CREBBP	4	0.000770552637135339	0.315148302391732	0.33	0.268	1
DKC1	4	0.000782824524873013	0.308659471711672	0.272	0.214	1
R3HCC1	4	0.000870331065380931	0.29850309783182	0.252	0.196	1
POLD2	4	0.000892596299055412	0.255320499158128	0.31	0.246	1
LARS	4	0.000926302333494729	0.274992309674512	0.382	0.319	1
RAB4A	4	0.000931527893437799	0.30398440700158	0.3	0.242	1
THUMPD2	4	0.00096648052578008	0.339670757612102	0.257	0.202	1
MPC1	4	0.00100487643664354	0.281889281561066	0.285	0.225	1
GPATCH2	4	0.00106486058842941	0.341971167581762	0.267	0.212	1
RYBP	4	0.00108608977466248	0.252367966251642	0.346	0.286	1
MRPL19	4	0.00109098416745609	0.261270910990926	0.258	0.201	1
BRWD1	4	0.00111201911091604	0.301738489537879	0.304	0.247	1
EPRS	4	0.00112310414732764	0.262195879255024	0.318	0.257	1
NUPL2	4	0.00119852595139627	0.35731641382109	0.276	0.222	1
FAM173A	4	0.0012081603182266	0.331478112390893	0.276	0.221	1
TRIM22	4	0.00124330421526416	0.275305640686844	0.279	0.22	1
LARP1	4	0.00134042610130717	0.28168448561341	0.358	0.298	1
ECHDC1	4	0.00138204639441455	0.299915614953068	0.306	0.249	1
TPGS1	4	0.00142325156620995	0.343935605198945	0.279	0.225	1
LSM6	4	0.00144605703201087	0.253689499212945	0.345	0.284	1
ADNP	4	0.00144626274291565	0.280431107177645	0.284	0.226	1
NRIP1	4	0.00145124420134359	0.417830947054381	0.258	0.206	1
SUMF2	4	0.0014710604482124	0.292898449339221	0.293	0.236	1
SERTAD1	4	0.00154248485748371	0.327686941575514	0.275	0.221	1
KLHDC3	4	0.00156836481255139	0.296950813881935	0.284	0.227	1
EXOC4	4	0.0015734371951601	0.329588869798721	0.294	0.24	1
UNC50	4	0.00160672512952862	0.297321558031948	0.261	0.207	1
REV1	4	0.00160697708237348	0.284513710643712	0.273	0.217	1
C19orf25	4	0.0016204997973443	0.331244760988704	0.257	0.204	1
PSMC2	4	0.00162291005514669	0.314701666871244	0.288	0.235	1
COX11	4	0.00175627480851592	0.362318195429263	0.251	0.201	1
ZNF704	4	0.00184107695041961	0.296552042822544	0.263	0.21	1
ZSCAN16-AS1	4	0.00185420778969261	0.29779456726494	0.267	0.213	1
MRPS25	4	0.00188940373574705	0.259056831906295	0.261	0.207	1
MTA1	4	0.00190284560825439	0.348514013448534	0.26	0.209	1
NCOA1	4	0.00201592888499083	0.292610664826005	0.287	0.232	1
MAN2C1	4	0.00202019608942272	0.267653094066813	0.276	0.222	1
GIGYF2	4	0.00202356262635117	0.372517156263347	0.251	0.202	1
SMAD4	4	0.00202956677315769	0.287801905892551	0.276	0.222	1
SIL1	4	0.00204114746588808	0.32844259434901	0.29	0.236	1
CWC25	4	0.00205965863957987	0.293501437292492	0.287	0.233	1
ARFGAP2	4	0.00206472431864421	0.286230489618108	0.251	0.199	1
STK25	4	0.00223638112293404	0.257700715864646	0.254	0.201	1
USP14	4	0.00225877910353698	0.262487404313714	0.251	0.198	1
FAM208A	4	0.00228768449253667	0.252784510047104	0.293	0.238	1
HEXDC	4	0.00238695379448388	0.277612091826077	0.258	0.206	1
CUL3	4	0.00259525968203629	0.256575567111605	0.306	0.25	1
TRPC4AP	4	0.00260601706740528	0.255670327475123	0.29	0.235	1
GRHPR	4	0.00271565672838414	0.254809937153688	0.324	0.268	1
LASP1	4	0.0029931514709184	0.271752029621725	0.284	0.232	1
INTS6	4	0.00339231724155542	0.279009453562431	0.251	0.201	1
SF3B3	4	0.00352353343679973	0.272757742482871	0.258	0.208	1
PUM2	4	0.00371414803784841	0.282436219649412	0.273	0.223	1
LSM3	4	0.00373540703320026	0.258968860014388	0.439	0.388	1
RPL26L1	4	0.00378536996913529	0.283374512715137	0.284	0.233	1
HEBP2	4	0.00402438162901088	0.255002233644637	0.333	0.279	1
TM2D1	4	0.00406502876389057	0.255606492823628	0.293	0.242	1
ZNF148	4	0.00407186394478877	0.262382902843899	0.309	0.258	1
YIPF5	4	0.00408448171471963	0.293954217963719	0.288	0.239	1
C14orf119	4	0.00432188154845427	0.315129342424688	0.284	0.236	1
XPA	4	0.00452805069545882	0.302906190970214	0.251	0.204	1
FRG1	4	0.00486957822178559	0.268042533087345	0.263	0.214	1
MKKS	4	0.00494729436692146	0.282616135975345	0.273	0.225	1
CCDC59	4	0.00528228240445709	0.279643004757731	0.3	0.254	1
SIKE1	4	0.00530691959627578	0.267970586137985	0.254	0.206	1
SDF2	4	0.00591274521018352	0.289665657237304	0.309	0.261	1
MED8	4	0.00595201773810791	0.255830728511599	0.258	0.211	1
FNDC3B	4	0.00611432051196227	0.295758237170969	0.257	0.211	1
DHX29	4	0.00635025317143276	0.251440086756885	0.309	0.258	1
RB1CC1	4	0.0064822533493785	0.258921898049543	0.29	0.242	1
CTDSP1	4	0.00688151055189707	0.309799366702345	0.263	0.218	1
NARG2	4	0.00718092981023667	0.269766099799599	0.275	0.23	1
ISCA1	4	0.00743556901376855	0.354586944770219	0.251	0.21	1
SNHG15	4	0.00830703441077403	0.256919426365681	0.276	0.233	1
TTYH3	4	0.0086771453124358	0.272351071935135	0.288	0.241	1
MT-ATP6	5	3.77808937931504e-210	0.969722580212492	1	1	7.56449055526457e-206
MT-CO3	5	9.14220239499113e-196	1.02894818357204	1	1	1.83045176352512e-191
MT-CYB	5	1.88020159824611e-182	0.923952286681689	1	1	3.76453964000835e-178
MT-CO2	5	1.47759694862699e-179	0.84715225220223	1	1	2.95844461054095e-175
MT-ND4	5	3.60658273190461e-171	0.84315753669994	1	1	7.2210999458194e-167
MT-CO1	5	5.93649187640976e-141	0.754226047835777	1	1	1.18860440349476e-136
MT-ND3	5	4.2223298107084e-138	0.853384089684067	1	1	8.45394874700035e-134
MT-ND2	5	6.1796404035014e-124	0.782777666138549	1	0.998	1.23728760158905e-119
MT-ND1	5	8.15189373940469e-118	0.792541866581774	1	0.999	1.63217216450361e-113
MT-ND5	5	1.51964351722996e-104	0.846739320968841	1	0.992	3.04263025019782e-100
MT-ND4L	5	1.24357940327479e-81	0.699283794562673	1	0.995	2.48989468123679e-77
7SK.2	5	1.14269183216009e-57	0.938439964169134	0.993	0.927	2.28789758635093e-53
MEG3	5	6.46355705152904e-56	1.15557038726627	0.973	0.762	1.29413339285714e-51
MTRNR2L12	5	2.26609261210363e-46	0.547615620228255	1	0.998	4.53717062795388e-42
KCNQ1OT1	5	3.91086941598646e-43	1.18598839530743	0.722	0.485	7.83034274468808e-39
SON	5	6.89908291672998e-38	0.644191367113236	0.993	0.934	1.38133438158768e-33
MT-ATP8	5	3.75057967717276e-35	0.660754520319372	0.957	0.833	7.5094106296353e-31
LUC7L3	5	2.65834797638206e-32	0.682597434479991	0.93	0.79	5.32254431831216e-28
TSHZ2	5	9.68884587764076e-32	0.843356522283252	0.886	0.661	1.93990072162123e-27
DDX17	5	1.31637240128537e-27	0.71005413559696	0.942	0.851	2.63564082185356e-23
COL6A3	5	1.45074493193758e-26	0.567608633487564	0.922	0.671	2.90468150272542e-22
IGF2	5	1.14800718705697e-23	0.562466091214008	0.991	0.836	2.29853998992547e-19
LAMB1	5	5.64364239017747e-22	0.548608352144846	0.961	0.76	1.12997007936133e-17
PNISR	5	7.51947126945743e-20	0.576132083830277	0.898	0.798	1.50554853757077e-15
SRRM2	5	5.17337374318477e-18	0.505169932562154	0.964	0.899	1.03581289086045e-13
UACA	5	1.51241298604612e-17	0.629192884212106	0.759	0.596	3.02815328066153e-13
FUS	5	8.1161472508005e-17	0.534560543568837	0.925	0.811	1.62501500255528e-12
N4BP2L2	5	1.35611921195299e-16	0.517632458141382	0.857	0.761	2.71522188617228e-12
AKAP9	5	2.17992797077253e-16	0.644819822888031	0.763	0.674	4.36465178308075e-12
COL6A1	5	2.82177492388692e-16	0.388124237316964	0.995	0.797	5.6497577526064e-12
LRP1	5	7.14575531203313e-16	0.439001395854828	0.896	0.737	1.43072312857527e-11
FGFR1	5	1.82959154018569e-15	0.453427252152011	0.877	0.68	3.66320818175978e-11
GTF2I	5	3.12885428316231e-15	0.488690564352	0.828	0.7	6.26459204574758e-11
RPL13A	5	6.15965818627889e-15	0.454519068384174	0.99	0.962	1.23328676205676e-10
TTC3	5	8.72505691016214e-15	0.452155839520598	0.947	0.792	1.74693089455266e-10
NKTR	5	1.66056160925748e-14	0.628860453584466	0.676	0.58	3.32477645405533e-10
MALAT1	5	2.17096754020132e-14	0.393435629729417	1	1	4.34671120899109e-10
CHD9	5	5.8155780557653e-13	0.526196406414715	0.812	0.699	1.16439503832533e-08
PRRC2C	5	2.64305011882952e-12	0.413740258030105	0.872	0.793	5.29191494792046e-08
NFIB	5	2.16513981792304e-11	0.404816852187892	0.759	0.602	4.33504294344552e-07
FAT1	5	2.33085348487856e-10	0.369436165848556	0.666	0.519	4.66683484742385e-06
COL6A2	5	2.94832157498797e-10	0.279167369991514	0.997	0.837	5.90312945744092e-06
FSTL1	5	3.81802558921229e-10	0.364282563539672	0.821	0.65	7.64445083472085e-06
ISLR	5	4.40179514420325e-10	0.278906355994154	0.968	0.743	8.81327423772375e-06
RRBP1	5	6.37166516510391e-10	0.415012095205837	0.823	0.709	1.2757347993571e-05
COL5A1	5	9.97575926582355e-10	0.382375029322193	0.708	0.574	1.99734652020319e-05
MRC2	5	1.04847181491015e-09	0.565316264787196	0.568	0.482	2.09925026781309e-05
FKBP10	5	1.55626496092431e-09	0.417593654721335	0.792	0.654	3.11595370476265e-05
NFIX	5	1.68702823924304e-09	0.5151864608986	0.606	0.517	3.37776794061242e-05
AKAP13	5	2.303818327227e-09	0.388720245042394	0.826	0.737	4.61270505477391e-05
AL132709.5	5	2.73592493361305e-09	1.15726932405508	0.28	0.198	5.47786890208004e-05
NFATC4	5	4.30151974018701e-09	1.06982783572398	0.3	0.219	8.61250282380244e-05
TCF25	5	4.45050088725609e-09	0.516173002529834	0.741	0.685	8.91079287646415e-05
BPTF	5	1.07941279964927e-08	0.512936984487126	0.689	0.615	0.000216120030745778
ZFHX4	5	1.28599188788376e-08	0.493011158226784	0.572	0.476	0.000257481295792086
MTRNR2L8	5	5.52578710775308e-08	0.341177963594411	0.771	0.67	0.00110637309471432
TCF4	5	6.2716815399098e-08	0.303420126880553	0.807	0.687	0.00125571607792074
ARGLU1	5	8.80605355575249e-08	0.392164455669529	0.828	0.763	0.00176314804293276
CCND2	5	9.59450766529769e-08	0.311558344197521	0.811	0.675	0.0019210123247459
SNRNP70	5	1.97650157920819e-07	0.506419837129964	0.626	0.58	0.00395735146189065
MDM4	5	2.78498024189108e-07	0.830349478413135	0.403	0.354	0.00557608744031432
MTRNR2L2	5	4.01946021343635e-07	0.326518073013237	0.812	0.712	0.00804776323934227
PNN	5	7.65113377916841e-07	0.471766454852185	0.648	0.609	0.015319100052651
BOC	5	1.96879078381754e-06	0.391122993998978	0.59	0.504	0.0394191290735948
CMYA5	5	2.40737532169403e-06	0.777164234341168	0.382	0.325	0.0482004686909578
ZRANB2	5	5.83372951192776e-06	0.443449188984182	0.616	0.568	0.116802932287818
FBN1	5	8.94303111794983e-06	0.292840303388838	0.616	0.521	0.179057369043592
LAMA2	5	9.3682384526637e-06	0.258287810174523	0.59	0.494	0.187570870299233
PRPF4B	5	1.95511842405771e-05	0.385901525526469	0.635	0.6	0.391453810864835
ZNF638	5	2.70550959037024e-05	0.646176982344567	0.495	0.484	0.541697130183929
DDR2	5	4.28417323634016e-05	0.59906183444653	0.433	0.397	0.857777165380026
LINC00969	5	7.27061698078436e-05	0.903682846221201	0.304	0.262	1
ANKRD36	5	0.000128979186275592	0.878387023310034	0.334	0.298	1
PLEKHH2	5	0.00023041464923505	0.7383351269481	0.309	0.267	1
COL16A1	5	0.000326368126234736	0.601422206650508	0.398	0.377	1
LENG8	5	0.000400226716123237	0.779167285599256	0.346	0.315	1
COL12A1	5	0.000532767808304462	0.304833940636766	0.497	0.449	1
HNRNPA3	5	0.000622366780265771	0.263977839782386	0.833	0.773	1
PKD1	5	0.000902668227823617	0.817945398615317	0.261	0.223	1
KMT2E	5	0.00118896889745992	0.303911323135026	0.669	0.639	1
SPAG9	5	0.00131274969748019	0.401482112945555	0.543	0.538	1
OGT	5	0.00152338941196988	0.705342468232431	0.294	0.264	1
MUM1	5	0.00426698842233256	0.63519074597027	0.375	0.372	1
SUGP2	5	0.0046886146966901	0.687566541918162	0.285	0.26	1
DLC1	5	0.00707970129004894	0.545171187269887	0.406	0.402	1
MLLT6	5	0.00740984589233873	0.733052608941176	0.288	0.268	1
ABCA10	5	0.00805653467894997	0.71342711923203	0.346	0.323	1
MYO9A	5	0.0083492639215061	0.544372544413209	0.377	0.377	1
PTPRC	6	0	3.64105798687663	0.846	0.138	0
PTPRCAP	6	0	6.88114284360868	0.668	0.015	0
CD52	6	0	4.38775139969403	0.678	0.052	0
CD2	6	0	6.59486538466093	0.637	0.016	0
STK17A	6	0	4.42127990703992	0.69	0.075	0
ACAP1	6	0	4.7370135405514	0.646	0.04	0
IL7R	6	0	7.13734694214835	0.612	0.013	0
CYTIP	6	0	3.99428503262841	0.637	0.064	0
LTB	6	0	5.01636340758776	0.595	0.029	0
CCL5	6	0	7.31215366432138	0.563	0.017	0
CD3D	6	0	7.74816047228746	0.502	0.003	0
CD7	6	0	6.69187671959785	0.466	0.014	0
CD3E	6	0	7.23878742436108	0.437	0.004	0
CD3G	6	0	7.37880764310751	0.412	0.003	0
KLRB1	6	0	7.61531448371034	0.376	0.004	0
SPOCK2	6	0	5.55451551030724	0.373	0.014	0
GZMA	6	0	6.74991894941966	0.361	0.004	0
CD96	6	0	6.40261222626697	0.339	0.005	0
SAMD3	6	0	6.8008998999203	0.337	0.004	0
GZMK	6	0	7.2458801510896	0.329	0.008	0
LCK	6	0	7.07455802858277	0.315	0.003	0
CTSW	6	0	6.82412257006452	0.307	0.006	0
CD247	6	0	6.81697033064704	0.302	0.003	0
CD69	6	1.00324038127632e-303	5.00030978530541	0.529	0.045	2.00868789139144e-299
CD27	6	2.84337666897072e-302	7.05106178066988	0.261	0.004	5.69300876661317e-298
NKG7	6	5.40094363719458e-290	7.03960542974835	0.271	0.005	1.0813769350391e-285
SKAP1	6	1.2334056279251e-278	5.430062204552	0.3	0.009	2.46952474823163e-274
ISG20	6	3.60626431401248e-274	3.92568293566459	0.593	0.069	7.22046240951578e-270
IL2RG	6	1.50341098671311e-265	4.34045064818912	0.417	0.028	3.010129477597e-261
IL32	6	4.35476332306364e-262	3.43255366739282	0.607	0.075	8.71910712543803e-258
TBC1D10C	6	7.13741120215491e-256	4.83087827083234	0.315	0.013	1.42905247089546e-251
RHOH	6	1.03083669197962e-234	4.81145615822836	0.293	0.013	2.06394122468159e-230
RAC2	6	2.08458792475162e-233	3.82849522595472	0.561	0.075	4.1737619429377e-229
CORO1A	6	2.15549595691958e-221	3.39299487795161	0.605	0.093	4.31573400494439e-217
CXCR4	6	1.5742959676e-216	3.01203457476428	0.759	0.163	3.15205538632871e-212
CST7	6	6.97306362894462e-199	4.26045660901427	0.368	0.032	1.39614679978729e-194
PLAC8	6	1.80813085608795e-194	5.44459496979343	0.29	0.018	3.6202396000593e-190
TUBA4A	6	4.08803844677496e-194	4.05005534910622	0.346	0.028	8.18507057813283e-190
RUNX3	6	4.09106686647651e-191	4.17549647317065	0.368	0.034	8.19113408005926e-187
TRAF3IP3	6	3.20946219556504e-187	3.89379208003359	0.371	0.035	6.42598520796032e-183
MALAT1	6	2.63796351738899e-186	1.65295222992922	1	1	5.28173055451624e-182
SLC38A1	6	1.12169367366326e-181	3.56820536255798	0.407	0.046	2.24585507340859e-177
STK4	6	3.66277954584678e-178	3.24578585493484	0.739	0.22	7.33361720669442e-174
CRIP1	6	1.59302775628881e-175	3.30790725289888	0.52	0.085	3.18956017364146e-171
DNAJB1	6	6.58360641539278e-172	2.70137432586498	0.946	0.452	1.31816967648994e-167
TSTD1	6	1.64522282997458e-171	3.60890973521685	0.368	0.038	3.2940651501751e-167
IKZF1	6	1.49150927885107e-170	3.60389166045022	0.402	0.049	2.9862998781156e-166
LCP1	6	3.70209843335795e-167	2.73886541632888	0.585	0.112	7.41234148326928e-163
CD37	6	1.85060807308817e-164	2.41162480563795	0.649	0.137	3.70528748393713e-160
PTPN7	6	3.68465279511142e-164	3.99766300193516	0.288	0.022	7.37741182637208e-160
SELL	6	5.63459018118457e-162	4.38379105062177	0.288	0.023	1.12815764607677e-157
PTPN22	6	1.55037680147995e-159	3.78906958343828	0.346	0.036	3.10416443192316e-155
ARHGDIB	6	2.95431714272746e-157	2.35423301093368	0.729	0.192	5.91513378316892e-153
BTG1	6	3.34693850535802e-153	2.36524858657205	0.968	0.608	6.70124027542783e-149
B2M	6	5.8165528132716e-153	1.92257431570814	1	0.961	1.16459020427324e-148
STK17B	6	3.34271339636859e-149	2.887295327467	0.593	0.139	6.69278076220918e-145
BIN2	6	2.51067293105474e-148	3.42245267099087	0.356	0.042	5.02686934255781e-144
HSPA1A	6	8.80967703056724e-138	2.44305432479964	0.998	0.807	1.76387353506017e-133
HSPA1B	6	1.566200694689e-135	2.35012104546927	0.939	0.516	3.13584703090631e-131
ETS1	6	2.93951369878307e-135	2.87428408972822	0.561	0.132	5.88549432770346e-131
APBB1IP	6	4.15441082436029e-127	3.06098833003869	0.402	0.066	8.31796135253418e-123
CLEC2D	6	6.22093977614536e-126	3.81776240528508	0.29	0.033	1.24555656197982e-121
CD53	6	8.42031312880299e-123	2.307988226544	0.541	0.121	1.68591509464893e-118
HCST	6	3.83344013709355e-119	1.36011083114134	0.69	0.171	7.67531384248871e-115
RPS27	6	1.15925650889525e-118	1.32342961393992	1	0.999	2.32106338211007e-114
CD48	6	1.28425824637644e-118	3.00008494971417	0.376	0.061	2.57134186089491e-114
HSP90AA1	6	3.94728735654092e-118	2.1625094650868	0.995	0.981	7.90325874526622e-114
TAGAP	6	5.24983292082419e-118	3.5336010424929	0.339	0.05	1.05112154740742e-113
RP11-489E7.4	6	8.01206588153426e-117	3.69762982712705	0.251	0.026	1.60417583080079e-112
JUND	6	1.20737236146573e-115	1.87540283903253	0.993	0.873	2.41740094212668e-111
DUSP2	6	2.83517678015871e-115	2.75539514355341	0.654	0.228	5.67659094923376e-111
GIMAP7	6	2.47244858908302e-111	2.73942829657186	0.449	0.096	4.95033656506202e-107
SYTL3	6	5.49839402492689e-110	3.14642939962385	0.354	0.059	1.10088845167086e-105
CDC42SE2	6	3.04065553675117e-109	2.63468533584356	0.512	0.131	6.0880005156832e-105
GMFG	6	1.78084104332692e-107	2.12530149344954	0.588	0.163	3.56559993694917e-103
JUNB	6	1.84801884742833e-107	2.33387675536973	0.868	0.447	3.70010333632101e-103
TNFAIP3	6	3.68502171346673e-107	2.82372794902732	0.454	0.102	7.37815047470308e-103
BIRC3	6	7.45397571523638e-106	3.47393621513564	0.254	0.029	1.49243501770463e-101
HLA-C	6	1.61362146368793e-105	1.50978668428339	0.973	0.639	3.23079289459597e-101
DUSP1	6	6.03960904054064e-105	1.8208682026391	0.807	0.348	1.20925052209705e-100
RPS3	6	3.75007206170686e-104	1.34922110635081	0.998	0.985	7.50839428194947e-100
ARHGAP15	6	9.22210657492014e-99	3.27593211336431	0.29	0.043	1.84645017843051e-94
FAU	6	4.96983449561405e-98	1.23521897561481	0.998	0.968	9.95060262711844e-94
SRGN	6	6.36844967501176e-98	0.876758558638042	0.746	0.233	1.27509099393085e-93
FOS	6	5.69250095718396e-96	1.69300361454358	0.915	0.474	1.13975254164737e-91
KIAA1551	6	1.25963126194379e-95	2.6838614251356	0.551	0.18	2.52203371266385e-91
HLA-B	6	1.57710328944767e-95	1.2488011726293	0.988	0.753	3.15767620613212e-91
PARP8	6	1.63795341602652e-95	3.05295740251251	0.393	0.086	3.2795103295683e-91
RPS25	6	1.71875718927206e-95	1.12613773714114	1	0.968	3.44129564436051e-91
OXNAD1	6	1.79668824448568e-93	3.16930049674601	0.273	0.04	3.59732920310923e-89
RPS29	6	1.87637379477303e-91	1.12478151056253	1	0.976	3.75687561189457e-87
DNAJA1	6	2.6052433596329e-91	2.3440169609897	0.829	0.544	5.21621825465698e-87
RARRES3	6	3.954510390521e-90	2.93414971444753	0.417	0.103	7.91772070390114e-86
FOSB	6	5.86311386067646e-89	1.8926891623491	0.641	0.227	1.17391265718464e-84
HLA-E	6	1.15718621464468e-87	1.33045888817753	0.917	0.576	2.31691823896158e-83
DEDD2	6	9.22065877963366e-87	2.97709800967301	0.366	0.08	1.84616030085825e-82
HSPA8	6	4.74708008328476e-86	2.07238017469468	0.949	0.818	9.50460374275275e-82
SH3BGRL3	6	3.61668745245703e-85	1.4770149092014	0.885	0.539	7.24133161730947e-81
CCL4	6	4.09869125120284e-84	3.06413855832631	0.307	0.056	8.20639962315832e-80
TMSB4X	6	6.43776979831799e-84	1.14673237126371	1	0.989	1.28897026901923e-79
HLA-A	6	1.45745772021034e-83	1.23152340794083	0.976	0.753	2.91812184740514e-79
EEF1D	6	1.04122452213951e-81	1.2555388637404	0.949	0.759	2.08473973822773e-77
PLP2	6	1.71387848456434e-81	2.59045022386207	0.388	0.094	3.43152750179473e-77
IRF1	6	1.66178155220304e-80	2.45905555216896	0.461	0.135	3.32721902382093e-76
MBP	6	9.92040443433581e-80	2.34542147461296	0.412	0.105	1.98626337584272e-75
TMEM66	6	1.85070420717811e-79	1.60063247477303	0.878	0.653	3.705479963612e-75
ARAP2	6	1.69640691509754e-78	3.05403959643519	0.3	0.059	3.3965459254083e-74
UCP2	6	2.72201935337723e-78	2.57291359962752	0.354	0.08	5.4500271493319e-74
PPP1R15A	6	4.17402380057441e-78	1.70438111769582	0.673	0.28	8.35723045351009e-74
SRSF7	6	2.10918465150765e-77	1.80869994302421	0.849	0.637	4.22300950924863e-73
CDC14A	6	2.62891779254384e-77	2.7954006088884	0.266	0.045	5.26361920423128e-73
HSPE1	6	5.55256665855696e-77	1.82658706261947	0.932	0.772	1.11173489637628e-72
LEPROTL1	6	1.96375519079447e-75	2.36569839938022	0.522	0.194	3.93183064300868e-71
PIK3IP1	6	8.41487164349936e-74	2.54011575001691	0.329	0.073	1.68482560046144e-69
FYB	6	2.72741802823995e-72	2.27175577504645	0.393	0.102	5.46083637614204e-68
DOK2	6	4.74679492866123e-72	2.3118285367939	0.366	0.09	9.50403280616552e-68
RPL41	6	8.54380651361645e-71	0.761763191845931	1	1	1.71064094015629e-66
CYBA	6	1.0977680201431e-70	1.25917508352839	0.851	0.481	2.19795112993052e-66
SLFN5	6	1.06184465700887e-68	2.59702948518391	0.417	0.127	2.12602537226315e-64
S100A4	6	1.30067335618935e-68	1.6877798188128	0.776	0.456	2.60420819376231e-64
SEPT1	6	1.61309699361058e-68	2.68048935338004	0.268	0.051	3.2297428006071e-64
ARL4C	6	3.94718733501064e-68	1.93500667618398	0.488	0.16	7.90305848215831e-64
MYL12A	6	1.04292020413622e-66	1.24685307670012	0.924	0.747	2.08813483272154e-62
HOPX	6	1.35232085071069e-66	3.14558282415724	0.327	0.082	2.70761680729294e-62
ZFP36L2	6	2.55506973489575e-66	1.39770440913654	0.91	0.762	5.11576062320826e-62
GPSM3	6	2.9740051726869e-66	2.16633222229043	0.393	0.109	5.95455315675372e-62
NR4A1	6	4.19307709007719e-66	2.20401071223414	0.495	0.176	8.39537894975255e-62
FXYD5	6	3.43238091876053e-65	1.70097433929165	0.59	0.237	6.87231307554233e-61
LIMD2	6	4.56241459505657e-65	2.07523250032993	0.468	0.162	9.13486650222227e-61
RPS15A	6	2.5784001283544e-62	0.765685890503231	1	0.995	5.16247273699117e-58
CLK1	6	6.89468637496366e-61	1.66703464999618	0.644	0.328	1.38045410599522e-56
PPP2R5C	6	7.83724941520661e-61	2.35705187893117	0.454	0.165	1.56917407791267e-56
SAMSN1	6	7.95927620505569e-61	2.58195429156904	0.334	0.09	1.59360628177625e-56
IL10RA	6	6.4914698925061e-60	2.19999993505583	0.351	0.096	1.29972210187757e-55
SOCS1	6	1.02625887486979e-59	2.48431182978814	0.341	0.094	2.0547755192643e-55
BTG2	6	4.04542498997427e-59	2.24223906310648	0.6	0.301	8.09974991492648e-55
RGS1	6	3.9836439715693e-58	1.32780518440294	0.451	0.142	7.97605195987605e-54
RPL30	6	2.11927756110614e-57	0.658218086897891	1	0.999	4.24321753284672e-53
DDX5	6	7.71433247112812e-57	0.940183374751272	0.971	0.874	1.54456364736927e-52
HSPH1	6	1.85568636590275e-55	1.83597661021473	0.666	0.386	3.71545524181049e-51
TSPYL2	6	2.66069518018618e-55	2.15931841134277	0.493	0.203	5.32724388976878e-51
ALOX5AP	6	1.34985296682022e-54	2.37882609578667	0.324	0.091	2.70267561016745e-50
JUN	6	1.41171452607964e-54	1.34333984083618	0.915	0.721	2.82653482411666e-50
APOBEC3G	6	3.04750913400882e-54	2.72458689651361	0.256	0.059	6.10172278811246e-50
ITGB2	6	3.56331831542274e-54	1.08409817420912	0.49	0.161	7.1344759311394e-50
PMAIP1	6	5.03253028551966e-54	2.86692606628402	0.315	0.087	1.00761321376675e-49
PPP1R2	6	1.07204289769856e-53	2.14949723005973	0.51	0.234	2.14644428977205e-49
EPB41	6	3.22365583470493e-53	2.44690571471541	0.31	0.086	6.4544037122462e-49
DOCK8	6	1.68126431515628e-52	2.40516470141433	0.302	0.082	3.3662274118059e-48
C12orf75	6	3.05452888296769e-52	3.06703506986776	0.259	0.063	6.11577772947791e-48
LSP1	6	9.80760148328129e-52	1.80220779363608	0.432	0.153	1.96367796898258e-47
RPL26	6	3.25708943096457e-51	0.766759458597486	0.998	0.963	6.52134445867726e-47
RPL28	6	3.14142576977378e-50	0.590711536029354	1	1	6.28976267624106e-46
CFL1	6	4.59094703561128e-50	0.94943683274939	0.937	0.724	9.19199415470091e-46
OCIAD2	6	1.8759590231017e-49	1.91204552774067	0.329	0.097	3.75604515605421e-45
THEM4	6	2.21858240664344e-49	2.40607299530468	0.256	0.063	4.4420456945815e-45
IER2	6	2.28358490873054e-49	1.42832544423831	0.678	0.403	4.57219370426029e-45
GIMAP4	6	3.7119807467335e-49	1.8625575188964	0.395	0.137	7.43212785110981e-45
VAMP8	6	1.43523883940537e-48	1.32264761175326	0.459	0.161	2.87363520425743e-44
GADD45B	6	1.89396944035964e-47	1.39990564401128	0.654	0.364	3.79210561348808e-43
RPS27A	6	1.14656719971935e-46	0.601994568422167	1	1	2.29565684727807e-42
FYN	6	1.33477300215077e-46	2.28371147695474	0.434	0.185	2.67248250490626e-42
SMAP2	6	1.96165709137874e-46	1.54558841652268	0.502	0.218	3.92762982835851e-42
HSPD1	6	2.19531742908211e-45	1.67556315763796	0.868	0.764	4.39546455650821e-41
AKNA	6	3.61886049694387e-45	2.35114146081872	0.268	0.074	7.24568248698101e-41
NR4A2	6	4.06671666753647e-45	1.36825436301762	0.368	0.12	8.14238011174153e-41
REL	6	7.0696971711308e-45	1.65945035009551	0.505	0.233	1.41549476760381e-40
CD44	6	1.03039072592091e-44	1.48318815983401	0.617	0.35	2.06304831143885e-40
ID2	6	7.71445131547577e-44	1.97101965475477	0.39	0.147	1.54458744238456e-39
LAPTM5	6	2.01414493800027e-43	0.618369763819297	0.512	0.184	4.03272099486414e-39
PSMB9	6	4.66519996437547e-43	1.77956449877216	0.461	0.208	9.34066336867257e-39
ABRACL	6	1.99273077949594e-42	1.92628945908287	0.341	0.117	3.98984556670678e-38
RPS14	6	2.18033517598077e-42	0.552471448190263	1	0.998	4.3654670893487e-38
UBB	6	4.37875462332116e-42	1.45878952793238	0.963	0.937	8.76714250681362e-38
ZNF331	6	1.18911231369106e-41	2.3109479986442	0.424	0.185	2.38084067447224e-37
KLF2	6	1.40272758428078e-41	1.55928793783222	0.412	0.161	2.80854116924698e-37
RPL39	6	2.43488943069985e-41	0.545907155695551	1	0.998	4.87513561814724e-37
KLF6	6	3.84778924208612e-41	1.55087563795046	0.639	0.416	7.70404362050483e-37
ERN1	6	5.55624134013868e-41	2.75465487443301	0.354	0.136	1.11247064112257e-36
PIP4K2A	6	1.00057973101044e-40	2.15075451115487	0.315	0.105	2.00336073742911e-36
RPL36	6	2.04907938358041e-40	0.534213534628892	1	0.999	4.10266674180469e-36
RPL13	6	6.38387685871707e-40	0.426131698761666	1	1	1.27817982465233e-35
PDE7A	6	2.38102799041568e-39	2.29697248538566	0.261	0.078	4.76729424241028e-35
ZFP36	6	8.1039470664962e-38	1.47856869645826	0.505	0.247	1.62257228165387e-33
NABP1	6	1.0546518681774e-36	1.69652820918447	0.359	0.135	2.11162397046479e-32
RPL23A	6	1.68954645218719e-36	0.612682812010307	0.998	0.979	3.38280990656919e-32
LYAR	6	3.7953038004759e-36	2.39646883004865	0.288	0.1	7.59895726931285e-32
FERMT3	6	3.89640679755512e-36	1.94305894847871	0.251	0.075	7.80138569006485e-32
ZC3HAV1	6	2.29611053793126e-35	1.87742882244115	0.373	0.159	4.59727251904597e-31
UBC	6	4.05277126878031e-35	1.17353939828182	0.988	0.982	8.11445863435194e-31
ITGA4	6	2.94152402052137e-34	1.78847549548757	0.395	0.176	5.88951939388789e-30
RAB11FIP1	6	4.05221990268923e-34	2.3073057030953	0.273	0.092	8.11335468916438e-30
RPS21	6	2.86945047292294e-33	0.630267898433152	0.99	0.958	5.74521373688632e-29
ATP5L	6	6.28933111345842e-33	0.84832325754956	0.841	0.702	1.25924987553665e-28
RPS28	6	1.54555004150818e-32	0.451622676839883	1	1	3.09450029310768e-28
RPL36AL	6	1.70651248628657e-32	0.761737967870259	0.917	0.822	3.41677930004297e-28
CNOT6L	6	2.87710196869084e-32	1.78825930819042	0.383	0.172	5.7605335617128e-28
FNBP1	6	5.67791922913016e-32	1.62312119586429	0.405	0.191	1.13683298805644e-27
CITED2	6	6.61628156293675e-32	1.65200448801556	0.317	0.12	1.3247118945312e-27
GPR183	6	6.72745431773986e-32	1.60451251879158	0.346	0.133	1.34697090349787e-27
EEF1B2	6	1.08042524791945e-31	0.727501399862951	0.937	0.848	2.16322743138433e-27
SLC38A2	6	1.35561953927263e-31	1.33728328891094	0.537	0.305	2.71422144153166e-27
AAK1	6	1.94225655575446e-31	1.49813337566466	0.5	0.285	3.88878607593158e-27
HLA-F	6	2.56520855138765e-31	1.66766846776096	0.385	0.172	5.13606056158834e-27
OPTN	6	2.87283034867219e-31	1.96576892995466	0.305	0.118	5.75198092411146e-27
GIMAP1	6	2.87315508183251e-31	1.8550165780103	0.283	0.103	5.75263110484504e-27
ZFAND2A	6	3.1536450136329e-31	2.33721342612832	0.38	0.174	6.31422804629579e-27
SMCHD1	6	3.74700913631062e-31	1.45558143753269	0.585	0.407	7.50226169272112e-27
FAM107B	6	2.51516770102115e-30	1.57193779859257	0.434	0.222	5.03586877098455e-26
DNAJB4	6	5.54673644509375e-30	1.80219343781874	0.422	0.214	1.11056757103667e-25
PNRC1	6	5.63769007111783e-30	0.772292337037664	0.829	0.694	1.12877830603921e-25
RPS18	6	6.80210375610789e-30	0.435785443339155	1	1	1.36191721404792e-25
MCL1	6	8.3947734521494e-30	1.33638607271538	0.568	0.369	1.68080154058935e-25
ARHGEF1	6	1.15541894085779e-29	1.78507305618101	0.334	0.144	2.31337980338547e-25
TNFAIP8	6	2.33547295302142e-29	1.57202499797165	0.376	0.172	4.6760839465395e-25
SIAH2	6	7.71214304629757e-29	1.90901146765103	0.266	0.097	1.5441252807297e-24
ATP5E	6	1.45556247022244e-28	0.614995784290906	0.993	0.961	2.91432717787938e-24
MTRNR2L12	6	2.9544295719431e-28	0.560908219830019	1	0.998	5.91535888894448e-24
RPS19	6	3.46564890419912e-28	0.459180020691338	1	1	6.93892223598748e-24
CYLD	6	4.79128869196745e-28	1.68429648873078	0.329	0.142	9.59311821905723e-24
EVL	6	5.54554778274462e-28	1.52779716703216	0.498	0.302	1.11032957706113e-23
WIPF1	6	9.8976528298627e-28	1.55618936481789	0.429	0.23	1.98170804959511e-23
RCSD1	6	1.10544711038811e-27	1.39342835775456	0.332	0.138	2.21332620441908e-23
ARL6IP5	6	1.6332157105976e-27	1.24685018477718	0.556	0.368	3.27002449575852e-23
FMNL1	6	8.32043657601884e-27	1.62374184334252	0.268	0.101	1.66591781125049e-22
ARPC2	6	2.05658665128979e-26	0.851346126939774	0.773	0.657	4.11769779321241e-22
CLIC1	6	4.03084032605851e-26	0.812596556491585	0.773	0.611	8.07054850083434e-22
RPL18A	6	4.61998450442058e-26	0.392129271794485	1	0.999	9.25013297475089e-22
PRMT10	6	7.31315763880206e-26	1.65803526453074	0.41	0.213	1.46424042244095e-21
RPL14	6	9.00852119880701e-26	0.461850697555941	0.998	0.994	1.80368611442514e-21
HINT1	6	1.4260264703563e-25	0.791210899249535	0.837	0.746	2.85519019894739e-21
MYH9	6	4.9653961577285e-25	1.29566615399043	0.373	0.181	9.94171618700401e-21
RPS15	6	6.29072958820221e-25	0.384329841346986	1	0.999	1.25952987814985e-20
RPS26	6	6.67644648374791e-25	0.510986254277594	0.995	0.978	1.33675811497601e-20
CHORDC1	6	1.09332433895126e-24	1.62035221917096	0.407	0.223	2.18905399144821e-20
ISG15	6	2.97885135576626e-24	1.08755978680721	0.488	0.287	5.9642561845152e-20
SLC2A3	6	4.79419918076895e-24	1.41991190276974	0.346	0.162	9.5989455997356e-20
UBE2S	6	5.70194321739057e-24	1.47815453631691	0.454	0.27	1.14164307098594e-19
USP15	6	6.02526646974189e-24	1.30630738454261	0.456	0.265	1.20637885257172e-19
RGS2	6	2.96613936322667e-23	1.03927689675115	0.456	0.25	5.93880423305244e-19
CCNH	6	3.1434813021192e-23	1.66137715511098	0.346	0.174	6.29387826310307e-19
RPL21	6	3.41750684298982e-23	0.516463126901367	1	0.979	6.84253220103423e-19
RNF213	6	3.63102869250911e-23	1.26243923583399	0.598	0.433	7.27004564814173e-19
RPS13	6	2.34947139725115e-22	0.496234091161195	1	0.99	4.70411163157626e-18
JAK1	6	2.45297691903069e-22	1.15462601633815	0.576	0.431	4.91135038728324e-18
C1orf63	6	2.56171810248388e-22	0.960708137921085	0.695	0.624	5.12907198479322e-18
RPL34	6	3.65136553858622e-22	0.342211138897698	1	0.999	7.31076408135732e-18
TRABD	6	4.42941777453411e-22	1.52541902824125	0.315	0.149	8.86858026817219e-18
CACYBP	6	5.30535412742927e-22	1.37661062826121	0.529	0.389	1.06223800339389e-17
RPL32	6	6.15547960818869e-22	0.348811805998524	1	1	1.23245012715154e-17
LYST	6	8.01202276664648e-22	1.88865238001645	0.293	0.138	1.60416719833796e-17
BTN3A2	6	9.18112386355739e-22	1.61228392688881	0.312	0.15	1.83824461996146e-17
HSPA6	6	9.74150860817296e-22	2.22860103333568	0.273	0.121	1.95044485352839e-17
S100A10	6	1.39772332767202e-21	0.418765949625569	0.79	0.589	2.79852164666493e-17
BCAS2	6	2.13259136461968e-21	1.49319497535062	0.393	0.219	4.26987443024153e-17
CD55	6	2.14770401902957e-21	1.55644278042382	0.266	0.114	4.30013298690101e-17
SP100	6	3.93408711649695e-21	1.33148638919335	0.437	0.262	7.8768292246502e-17
RPL29	6	1.40657448699457e-20	0.378682088795204	1	0.996	2.81624343786053e-16
FAM49B	6	1.56580684778779e-20	1.16511537957621	0.378	0.196	3.13505847064071e-16
UBXN1	6	1.58450234657324e-20	1.10770520307048	0.502	0.335	3.17249059830895e-16
YWHAB	6	1.86967316504248e-20	0.876158606667192	0.756	0.665	3.74345961104805e-16
DOCK10	6	1.9056458445694e-20	1.71704196688834	0.251	0.108	3.81548410999686e-16
ELF1	6	3.95699679103612e-20	1.42164625334151	0.402	0.233	7.92269897501251e-16
GTF3A	6	5.43163213192925e-20	1.3105691734175	0.48	0.333	1.08752138545487e-15
OAZ1	6	1.09306611863681e-19	0.554346321698389	0.949	0.875	2.18853698273462e-15
NFKBIA	6	1.67137563931491e-19	1.10896303634576	0.634	0.502	3.34642830503631e-15
BAZ1A	6	1.69057761102237e-19	1.45111256157824	0.307	0.15	3.384874492789e-15
TMSB10	6	3.72347375944987e-19	0.325393353786288	1	0.977	7.45513916117054e-15
SYNE2	6	6.58915346360564e-19	1.45237574007025	0.359	0.199	1.31928030648312e-14
TPT1	6	1.16698607713935e-18	0.331447119872606	1	1	2.33653952364841e-14
CREM	6	1.99439836412606e-18	1.42031122033661	0.42	0.256	3.9931844046532e-14
XBP1	6	3.6301340582885e-18	1.62363910557919	0.337	0.183	7.26825441150524e-14
IRF7	6	4.74228908439559e-18	3.25203948343332	0.251	0.12	9.49501120477685e-14
CDKN1B	6	5.44217150934482e-18	1.52284402682532	0.339	0.189	1.08963157960102e-13
CALM1	6	7.77581704641123e-18	0.456824399155459	0.971	0.877	1.55687408903246e-13
SERTAD1	6	8.00780178850476e-18	1.57400354571968	0.368	0.217	1.60332207409442e-13
COMMD6	6	1.0091160545628e-17	0.595311826353262	0.832	0.771	2.02045216444565e-13
DDX24	6	2.01171723182872e-17	0.948203107588064	0.588	0.493	4.02786024156747e-13
AMD1	6	2.03495276811183e-17	1.20179321687888	0.42	0.258	4.07438243231351e-13
LINC-PINT	6	2.13761099387029e-17	1.57550385386879	0.271	0.132	4.2799247319271e-13
RPL11	6	2.1881399691373e-17	0.304168408796054	1	1	4.38109384620671e-13
PTMA	6	2.31018779781768e-17	0.410279359496459	0.998	0.998	4.62545800879056e-13
ANXA1	6	6.03979611663205e-17	1.8137453889325	0.439	0.298	1.20928797847207e-12
PPP1R10	6	6.10383063794003e-17	1.08471065353944	0.427	0.268	1.22210897032835e-12
LBH	6	7.55878343888446e-17	1.53098881069274	0.28	0.139	1.51341962013345e-12
MBNL1	6	8.68096421283615e-17	0.989291088460757	0.527	0.383	1.73810265469405e-12
RPLP2	6	9.69852717816427e-17	0.361215631832833	1	0.992	1.94183911161205e-12
EML4	6	1.20502279990362e-16	1.35673312693553	0.38	0.232	2.41269664996702e-12
DNTTIP2	6	2.11373622406078e-16	1.50159609080846	0.344	0.203	4.2321226678145e-12
PBXIP1	6	2.54694896804748e-16	1.78287808188713	0.259	0.128	5.09950122382466e-12
YPEL5	6	3.34007253649694e-16	1.52184020362152	0.417	0.277	6.68749323257417e-12
HCLS1	6	1.11993175216576e-15	0.839330869640798	0.293	0.142	2.24232735418628e-11
TMEM2	6	1.84221689744608e-15	1.56350480469354	0.315	0.176	3.68848667206655e-11
PFN1	6	1.89092519506919e-15	0.497920260576244	0.944	0.876	3.78601042556753e-11
TLE4	6	2.5609693354441e-15	1.68224060580401	0.261	0.135	5.12757280342619e-11
CKS2	6	4.17291589489632e-15	0.617110335315665	0.263	0.125	8.35501220476142e-11
EZR	6	6.45637792811039e-15	1.15142115023458	0.466	0.318	1.29269598876626e-10
ANKRD12	6	1.2381240871644e-14	0.980115177850114	0.51	0.389	2.47897204732055e-10
ARPC3	6	2.06598541527873e-14	0.444237410666976	0.846	0.755	4.13651599847108e-10
GPBP1	6	2.31978373659874e-14	0.824645182755835	0.624	0.554	4.644670997418e-10
NFKBIZ	6	2.55162220460944e-14	1.25326223186058	0.251	0.126	5.10885797806901e-10
RPSA	6	2.61303242668059e-14	0.477282204530154	0.993	0.937	5.23181352469988e-10
OSTF1	6	3.37798268969809e-14	1.10458838314736	0.298	0.16	6.76339694131352e-10
CFLAR	6	3.6218972242337e-14	1.20002050106187	0.363	0.221	7.25176262236071e-10
CCSER2	6	4.16217138903886e-14	1.37915250788798	0.332	0.204	8.33349955513361e-10
SAMD9	6	4.92488501509687e-14	1.34046428671885	0.268	0.141	9.86060477722696e-10
PRPF38B	6	6.12579329911108e-14	1.11491576619891	0.38	0.245	1.22650633434802e-09
CCNL1	6	1.33292014443521e-13	0.791912333207107	0.524	0.392	2.66877271318817e-09
DGKZ	6	2.5724260098106e-13	1.3079293015666	0.273	0.15	5.15051135684279e-09
SYNRG	6	3.40778464279666e-13	1.13516987124979	0.393	0.264	6.82306641180748e-09
OFD1	6	3.79679831704087e-13	1.3863299914338	0.28	0.159	7.60194959037923e-09
RPL37	6	5.65520949607403e-13	0.292637851710247	1	0.999	1.13228604530394e-08
SRSF5	6	1.31183115091106e-12	0.688810667188075	0.678	0.621	2.62654833035413e-08
RPL3	6	1.41232447454892e-12	0.285805483382749	1	0.999	2.82775606294185e-08
CKLF	6	1.8283631823203e-12	1.06962047429899	0.354	0.223	3.66074876364171e-08
PSME1	6	1.93217419357574e-12	0.98488981309941	0.451	0.334	3.86859917037735e-08
PABPC1	6	2.31474722410077e-12	0.47844026842255	0.812	0.753	4.63458689209457e-08
PTBP3	6	3.18549721555069e-12	1.17336762808107	0.256	0.137	6.37800252497558e-08
CCDC107	6	4.51286641887743e-12	1.00438315209977	0.346	0.216	9.03566114387638e-08
IDI1	6	5.28975889399373e-12	1.38525886804688	0.298	0.177	1.05911552575542e-07
CTSC	6	5.70933293833641e-12	0.861674018786166	0.351	0.211	1.14312264091372e-07
CCND3	6	6.79536454643371e-12	1.2135540813891	0.341	0.222	1.36056788948696e-07
MAP1LC3B	6	9.53854293003e-12	0.785746722309422	0.515	0.41	1.90980706545061e-07
TRAPPC1	6	1.06426613204319e-11	1.06343537555316	0.349	0.227	2.13087364957688e-07
SRSF3	6	1.07669776763421e-11	0.577809376152337	0.802	0.732	2.15576427035722e-07
TUBB4B	6	1.96470961502398e-11	0.953815385347958	0.444	0.318	3.93374159120102e-07
C9orf142	6	2.3333947013311e-11	1.11534829357163	0.432	0.335	4.67192287100512e-07
TGFB1	6	2.37626589689142e-11	1.13632209677384	0.366	0.245	4.757759578756e-07
RGS10	6	2.48960648913346e-11	0.498569105304008	0.376	0.226	4.98469011254302e-07
SOD1	6	2.52523696022232e-11	1.00406914383204	0.693	0.667	5.05602944175713e-07
IFRD1	6	2.86244599428704e-11	1.111634356789	0.322	0.201	5.73118936976152e-07
CLEC2B	6	3.01888918269183e-11	1.2133256127465	0.41	0.298	6.04441992158558e-07
RPS23	6	4.60773263897253e-11	0.269267110733856	1	1	9.22560228975081e-07
MT2A	6	6.65313938985622e-11	0.298986812063784	0.363	0.222	1.33209156863701e-06
CBLB	6	8.30304215285213e-11	1.24045483724798	0.256	0.148	1.66243509984405e-06
TSC22D3	6	9.91680175702053e-11	0.920351882017573	0.754	0.726	1.98554204779065e-06
TPM3	6	1.0143557384785e-10	0.602593766171911	0.602	0.514	2.03094305958165e-06
ODF2L	6	1.07450015174977e-10	1.2264936575072	0.315	0.204	2.1513642038334e-06
HIST1H4C	6	1.10826155369224e-10	0.250649668654155	0.62	0.534	2.2189612828026e-06
MACF1	6	1.3496847426851e-10	0.978240295379931	0.451	0.349	2.70233879180411e-06
EMB	6	1.43784545789594e-10	0.959337239577678	0.339	0.218	2.87885417579926e-06
NCOA7	6	1.60603581536491e-10	1.03892454139774	0.251	0.14	3.21560490952363e-06
CHMP4A	6	2.74616445992099e-10	1.00600145769308	0.366	0.252	5.4983704816538e-06
RPL9	6	2.75935537101518e-10	0.266107356540933	0.998	0.996	5.52478132384659e-06
SRP14	6	3.42815045214384e-10	0.398800187912371	0.92	0.883	6.8638428352824e-06
IQGAP2	6	3.75802217763475e-10	0.740763044016104	0.288	0.167	7.5243120040603e-06
CHD2	6	6.52855366397908e-10	0.796875757320485	0.52	0.431	1.30714701460189e-05
BST2	6	8.16050096286893e-10	0.396673299204583	0.402	0.255	1.63389550278562e-05
MRPL18	6	8.96927649860059e-10	1.18850460504209	0.39	0.288	1.79582854054981e-05
BUB3	6	1.02555969682436e-09	0.955554053588063	0.334	0.222	2.05337562498173e-05
CARD16	6	1.43804236997125e-09	0.928165193103943	0.251	0.143	2.87924843315644e-05
RPS16	6	2.42611309513701e-09	0.266994894633529	0.995	0.978	4.85756363908333e-05
ANAPC16	6	2.49473666330177e-09	0.844404127403071	0.478	0.405	4.9949617472628e-05
CDC42SE1	6	3.36497948408878e-09	1.21704204394783	0.278	0.177	6.73736192304255e-05
PTGER4	6	3.92823043587002e-09	1.12160474946208	0.307	0.204	7.86510297869895e-05
PTPN2	6	5.95839690848568e-09	1.05869495717328	0.285	0.184	0.0001192990229017
FGFR1OP2	6	6.19226370357921e-09	0.899401473477211	0.388	0.286	0.000123981503873063
NGLY1	6	7.59787295024379e-09	1.00022594521979	0.254	0.154	0.000152124612209781
UBE2D2	6	1.06451018312753e-08	0.822717499574928	0.454	0.382	0.000213136228865793
GLIPR1	6	2.82600153751857e-08	0.877114510975482	0.315	0.21	0.000565822027841967
JOSD1	6	4.66189187430616e-08	1.02742231040537	0.324	0.23	0.000933403991073579
HSP90AB1	6	6.16952321122522e-08	0.706323567851219	0.995	0.987	0.00123526193735151
RPS10	6	7.02204685904954e-08	0.582609896184363	0.593	0.549	0.0014059542221189
KMT2A	6	7.1651076837413e-08	0.875318332722607	0.349	0.252	0.00143459786043868
MTRNR2L2	6	7.20324497332672e-08	0.516199886607161	0.749	0.719	0.00144223370855947
MKNK2	6	7.86946305720013e-08	1.25507562772013	0.251	0.16	0.00157562389331261
PPP1R14B	6	9.30910988176319e-08	2.16429637387989	0.273	0.189	0.00186386998052663
HNRNPDL	6	1.73547069130338e-07	0.38296824679933	0.751	0.734	0.00347475941812763
SP110	6	1.98721885160041e-07	1.05545503575418	0.259	0.171	0.00397880958467434
CAPG	6	2.24039939826475e-07	0.740996056217352	0.295	0.201	0.00448572767520568
PSMB8	6	2.54938787789734e-07	0.89079928411389	0.371	0.288	0.00510438440912605
RN7SL1	6	2.66161612830968e-07	1.12836343466743	0.273	0.185	0.00532908781210164
HMGB2	6	3.66615831213958e-07	0.406929239004472	0.437	0.357	0.00734038217256587
GLS	6	4.06014890216505e-07	0.816640665361523	0.395	0.304	0.00812923013191486
NCK2	6	5.46650836929666e-07	1.08291998301184	0.276	0.194	0.0109450430570058
MPHOSPH8	6	7.85621511173737e-07	0.60992206693191	0.571	0.555	0.0157297138967206
ACTR3	6	9.16465463384657e-07	0.853869913458572	0.383	0.306	0.0183494715078876
CORO1B	6	1.18407988077944e-06	1.76081724368099	0.254	0.179	0.023707647372966
NOP58	6	1.306041425793e-06	1.05735797470137	0.288	0.211	0.0261495614272275
CELF2	6	1.46901121398555e-06	0.917660149391553	0.305	0.22	0.0294125425264186
TRAPPC10	6	1.65647293531489e-06	1.0032117568135	0.251	0.17	0.0331659011108748
RBM39	6	1.76655635700161e-06	0.363805726646641	0.841	0.851	0.0353699913798863
CAP1	6	2.12438880193432e-06	0.706542271756669	0.393	0.315	0.0425345125923289
GCC2	6	4.25608017522432e-06	0.715799404029935	0.459	0.392	0.0852152372683413
MXD4	6	4.77233601873781e-06	1.04944829307069	0.276	0.202	0.0955517117671684
SMG1	6	5.42147590237351e-06	0.831424766933763	0.359	0.284	0.108548790517322
ATF3	6	6.13133976587867e-06	0.579495669186844	0.259	0.175	0.122761684792423
RNF19A	6	6.4286899552957e-06	1.08002034204119	0.334	0.27	0.128715230284931
OST4	6	6.58865361418066e-06	0.264260922654547	0.871	0.84	0.131918022663125
SELT	6	8.06702533577227e-06	0.75181045338886	0.312	0.23	0.161517981272832
TRIM22	6	8.57723824568386e-06	0.725981478585358	0.305	0.221	0.171733464155082
ATM	6	8.66319164134231e-06	0.812172421129884	0.385	0.324	0.173454423042956
RNASET2	6	9.64539535213517e-06	0.698718028734452	0.337	0.248	0.19312010574045
CHMP1B	6	1.21368758747455e-05	0.663393482046788	0.254	0.174	0.243004528764155
CHCHD10	6	1.64721372410773e-05	0.508695474078955	0.29	0.203	0.329805131840849
PSME2	6	1.73307205604748e-05	0.505773364457354	0.385	0.305	0.346995687061827
UXT	6	2.13208958978565e-05	0.718217185396579	0.412	0.353	0.426886977666883
ANP32E	6	2.26889812773599e-05	0.810235707228507	0.295	0.221	0.454278783135299
UTRN	6	3.19071661571959e-05	0.504034154561201	0.305	0.222	0.638845280799377
ARGLU1	6	3.53331432660832e-05	0.390457071071212	0.751	0.77	0.707440194473519
AIP	6	3.75955233790175e-05	0.753773300900606	0.283	0.21	0.752737569094688
APRT	6	4.57378727615696e-05	0.478772427608511	0.563	0.541	0.915763688432147
GADD45A	6	4.61255438849831e-05	1.41320968470911	0.263	0.198	0.923525639665133
DDIT4	6	5.88406654619435e-05	0.545881009529083	0.622	0.576	1
TRA2B	6	6.32986730645068e-05	0.542929043157434	0.524	0.519	1
YPEL3	6	7.14307857705895e-05	0.691261014111352	0.395	0.347	1
RPL31	6	9.25978112985625e-05	0.371101526239219	0.663	0.643	1
SH3KBP1	6	9.46071432483244e-05	0.72794590860352	0.263	0.192	1
IFITM1	6	9.77255102103547e-05	0.859947840047655	0.266	0.2	1
ERP29	6	0.000143231406185082	0.798664411435118	0.478	0.469	1
NCOR1	6	0.000161947304943708	0.791441871269857	0.3	0.238	1
CYCS	6	0.000179994965416147	1.03099538883793	0.42	0.392	1
EIF3K	6	0.00018171218650042	0.289780388515106	0.768	0.735	1
HERPUD1	6	0.000210267115699811	0.822881920253067	0.502	0.476	1
ATF7IP	6	0.000217911756551177	0.802706538087364	0.268	0.207	1
GLTSCR2	6	0.00029673018145441	0.420933657646241	0.622	0.616	1
EMP3	6	0.000297377788553691	0.494658088375946	0.483	0.441	1
TAOK3	6	0.000299759284561792	0.628410235052606	0.256	0.192	1
HN1	6	0.000343517292876527	0.339462313649442	0.312	0.245	1
LDHB	6	0.000373437266953838	0.314576991726146	0.688	0.677	1
TAF10	6	0.000455022148673617	0.669038556017281	0.354	0.304	1
FAM177A1	6	0.000518757401399143	0.763325754303309	0.276	0.214	1
ARPC5L	6	0.000556721885154523	0.678683410019609	0.288	0.229	1
TAPBP	6	0.000637091271748064	0.78877884938704	0.293	0.236	1
MIER1	6	0.000697627673108197	0.733483446895129	0.28	0.227	1
IER5	6	0.000721459409465641	0.972941644819461	0.363	0.312	1
EIF3J	6	0.000751913203236878	0.665472878498893	0.31	0.254	1
MSN	6	0.000764337886624049	0.560448246260204	0.383	0.336	1
YWHAZ	6	0.00127750418876428	0.416991228293785	0.58	0.58	1
KIF2A	6	0.00144457617906997	0.66602625362125	0.295	0.247	1
AHSA1	6	0.00145950511384393	0.826300416741477	0.298	0.257	1
TAGLN2	6	0.00149461412353614	0.503135403910394	0.444	0.41	1
EIF4A2	6	0.00153170568369389	0.285798507454892	0.759	0.779	1
PYCARD	6	0.00157099135060991	0.45728486049541	0.29	0.23	1
CMC1	6	0.00158825885812407	1.32152677216005	0.254	0.213	1
RPL22L1	6	0.00175424652224604	0.551794622760531	0.4	0.37	1
FNBP4	6	0.0018666911444742	0.583298011350585	0.376	0.334	1
NR3C1	6	0.00203419202042184	0.62785621988897	0.424	0.404	1
NEU1	6	0.00255820983447637	1.10274013073534	0.285	0.247	1
MTRNR2L8	6	0.00266576189942798	0.349409227980387	0.68	0.678	1
IQGAP1	6	0.00274109694400906	0.626982333433347	0.359	0.321	1
SQSTM1	6	0.00312534386551909	0.311654807194827	0.666	0.67	1
DHRS7	6	0.00319236133760532	0.495756512488289	0.302	0.248	1
NOP10	6	0.00467912319941237	0.555202199504818	0.359	0.321	1
LPIN2	6	0.0047785015432769	0.928238743330106	0.266	0.234	1
EPC1	6	0.00488896371373301	0.61890058027302	0.376	0.352	1
ZNRD1	6	0.00528664563271258	0.703695717415714	0.3	0.258	1
DDT	6	0.0057970036829064	0.559187904931646	0.3	0.257	1
LRRFIP1	6	0.00585897533202668	0.403357013170024	0.398	0.351	1
DDX3X	6	0.00703934701280261	0.645465698880842	0.371	0.348	1
CCDC50	6	0.00740592422702801	0.86541826711673	0.176	0.263	1
TANK	6	0.00829738692282285	0.694433844458681	0.251	0.21	1
HNRNPU	6	0.00871396829223653	0.321113737472204	0.673	0.709	1
CAST	6	0.00941355493849319	0.473401125614555	0.4	0.381	1
HLA-DQA1	7	0	3.22044702667393	0.952	0.169	0
HLA-DQB1	7	0	3.03749222917721	0.959	0.186	0
AIF1	7	0	2.87133091875374	0.901	0.134	0
HLA-DMA	7	0	2.91192566489624	0.894	0.15	0
IFI30	7	0	4.08655514475297	0.823	0.08	0
C1orf162	7	0	3.28652607044445	0.841	0.108	0
MS4A6A	7	0	2.82133484638664	0.861	0.129	0
ATF3	7	0	4.33207402863136	0.858	0.138	0
IER3	7	0	4.25352543298737	0.909	0.194	0
LYZ	7	0	3.31234870040557	0.841	0.129	0
NR4A2	7	0	3.98745364380249	0.8	0.095	0
SPI1	7	0	2.96934729721594	0.782	0.102	0
GPR183	7	0	3.50542781490651	0.782	0.107	0
PLAUR	7	0	4.77825575908019	0.767	0.094	0
LST1	7	0	3.44493758368569	0.762	0.102	0
CD83	7	0	4.61651071008118	0.732	0.073	0
KLF4	7	0	4.22188630528359	0.737	0.085	0
IL8	7	0	5.3625263011375	0.549	0.038	0
CXCL2	7	0	5.07169476155446	0.547	0.04	0
C15orf48	7	0	4.44065291612064	0.529	0.039	0
IL1B	7	0	7.18936595033675	0.456	0.015	0
BCL2A1	7	0	5.37730158439205	0.438	0.021	0
PPP1R15A	7	1.41464819203007e-295	3.62925924924025	0.965	0.263	2.83240861008261e-291
FCER1G	7	9.70878319890828e-294	2.85812444107811	0.853	0.139	1.94389257208542e-289
FOSB	7	9.76115087073188e-294	3.21870394455454	0.942	0.209	1.95437762733794e-289
TYROBP	7	1.57688987008962e-293	2.83661853629234	0.947	0.194	3.15724889789343e-289
IL18	7	1.72697137206451e-293	3.1254323667041	0.681	0.079	3.45774208114756e-289
FGL2	7	8.63105575635713e-292	3.04671022935926	0.782	0.113	1.72810998353782e-287
HLA-DMB	7	4.95078298160444e-291	2.64399198012655	0.805	0.114	9.91245768576841e-287
NR4A3	7	3.02220792254329e-287	4.0690171019407	0.481	0.035	6.05106470251618e-283
FCGR2A	7	3.92458468694837e-286	2.87043152710546	0.853	0.145	7.85780346020803e-282
RNASE6	7	9.62432100884567e-286	3.08783897228746	0.716	0.092	1.92698155239108e-281
OLR1	7	1.81994641596544e-285	4.47315421601743	0.461	0.032	3.643896714046e-281
TYMP	7	2.64087758909261e-282	2.91904295501018	0.856	0.152	5.28756510888122e-278
MNDA	7	4.14723913405354e-281	3.04530758071138	0.678	0.081	8.30360219420199e-277
SRGN	7	1.14268703902414e-280	3.15842576511953	0.942	0.222	2.28788798953413e-276
FCER1A	7	3.50450565453301e-275	4.18138809164032	0.539	0.051	7.016721221506e-271
CXCL3	7	7.02837891912371e-271	5.22895690025712	0.39	0.022	1.40722202718695e-266
ZFP36	7	2.9275579984923e-269	3.32627040028902	0.911	0.223	5.86155662458128e-265
SOD2	7	5.9501147902103e-267	4.30374014112684	0.901	0.241	1.19133198329591e-262
PLEK	7	6.9369799760226e-267	3.39599856176434	0.59	0.064	1.38892213079924e-262
CSF2RA	7	2.00083361910985e-264	2.9146783689433	0.686	0.089	4.00606907218174e-260
CCL3	7	5.48117622127712e-264	5.06676384280628	0.481	0.041	1.09744110302411e-259
DOK2	7	6.3747193460048e-261	3.55893549690582	0.618	0.075	1.27634630745708e-256
NFKBID	7	1.2757716504101e-258	3.52194128942362	0.559	0.06	2.55434999845111e-254
CSTA	7	2.29481350038818e-257	3.70120415544527	0.471	0.039	4.59467559047721e-253
CLEC10A	7	1.88189943892771e-256	3.96528243863656	0.522	0.051	3.76793905662106e-252
CD37	7	5.79108095434864e-255	2.73830060610198	0.782	0.13	1.15949022867969e-250
LAPTM5	7	1.19896132415782e-253	2.42906075709431	0.871	0.163	2.40056036322879e-249
NR4A1	7	1.23678699691107e-253	3.16044679011176	0.803	0.158	2.47629492521535e-249
DUSP1	7	3.77801562037888e-252	3.30339783174486	0.977	0.339	7.56434287512259e-248
AMICA1	7	4.07017091218216e-252	3.19224238946567	0.62	0.077	8.14929620037113e-248
VAMP8	7	4.97643379891876e-250	2.63110794354941	0.805	0.141	9.96381575219514e-246
CD86	7	8.8835463637759e-250	2.99922426828667	0.6	0.07	1.77866365295521e-245
RBKS	7	1.91851814044826e-247	4.10093119074915	0.403	0.028	3.84125702080551e-243
IGSF6	7	2.02029631034212e-246	3.11068801834407	0.57	0.064	4.04503727256699e-242
NCF2	7	1.88565782669991e-244	3.20876077560581	0.542	0.057	3.77546410061857e-240
RGS2	7	3.03779539780511e-243	3.17539489799625	0.886	0.224	6.08227394548539e-239
LY86	7	1.92014879672457e-240	2.89865067004336	0.595	0.072	3.84452192080193e-236
SERPINA1	7	5.97613536549445e-240	3.37514888987314	0.516	0.053	1.1965418228793e-235
CTSS	7	2.05508939143646e-239	2.47313882374036	0.853	0.169	4.11469997953408e-235
CSRNP1	7	4.29602302008479e-237	3.63690700354414	0.478	0.045	8.60149729081377e-233
CD68	7	5.8942826311528e-237	2.38567683031203	0.754	0.12	1.18015326840941e-232
HLA-DRA	7	2.4320942253288e-236	3.05177619158233	1	0.386	4.86953905795332e-232
ITGB2	7	4.28935808630685e-235	2.31775812108339	0.81	0.142	8.58815276040358e-231
MS4A7	7	3.31345857067858e-234	2.50049686982978	0.724	0.112	6.63420675021264e-230
PILRA	7	3.63687646430236e-234	2.95306202743204	0.605	0.078	7.28175405682619e-230
KLF2	7	7.96988228105866e-234	3.59506638022741	0.739	0.142	1.59572983031356e-229
DNAJB1	7	1.57041182727403e-233	3.0169734316084	0.995	0.451	3.14427856056806e-229
HLA-DPA1	7	4.59704545521326e-233	2.90169509990221	0.977	0.336	9.204204410428e-229
HCST	7	3.16641279723361e-232	2.38831308672288	0.838	0.163	6.33979170262114e-228
TREM1	7	4.89493736791765e-232	4.24026113079242	0.347	0.02	9.80064359804473e-228
HLA-DPB1	7	7.4066907875001e-232	3.1690295869347	0.972	0.357	1.48296762947327e-227
IER5	7	2.63223564778962e-229	3.30565921773633	0.896	0.28	5.27026221400439e-225
PHACTR1	7	5.08707016061295e-227	3.56385493115701	0.532	0.063	1.01853318755792e-222
CD1C	7	1.84833658692895e-226	5.73931345326839	0.266	0.01	3.70073951434915e-222
GADD45B	7	7.86997791270974e-226	3.47968634149218	0.942	0.347	1.57572697768274e-221
HLA-DRB1	7	1.63782831874088e-223	2.93981536941898	1	0.415	3.279259859783e-219
RIPK2	7	2.20563125906081e-223	3.71233976160568	0.519	0.061	4.41611490689155e-219
STX11	7	2.32306179218492e-223	4.46947386952948	0.352	0.023	4.65123432031264e-219
TNFSF13B	7	4.51682541209609e-223	2.74142797958465	0.635	0.091	9.04358784009879e-219
HSPH1	7	6.79210890328499e-223	3.26699374231475	0.942	0.37	1.35991604461572e-218
HSPA1B	7	3.41082285371296e-220	2.70937716640419	1	0.514	6.82914951770409e-216
NABP1	7	1.43650006174307e-219	2.8585829038178	0.689	0.116	2.87616042362198e-215
FCGR2B	7	2.14442575976217e-218	2.87332429483979	0.613	0.087	4.29356925619581e-214
CFP	7	3.4462579655989e-213	4.80590153411196	0.263	0.011	6.90009769872211e-209
JUNB	7	9.46670608866896e-213	2.96719639161706	0.977	0.441	1.8954238930733e-208
HCLS1	7	3.65339686855125e-212	2.28601338803846	0.709	0.117	7.31483121021332e-208
RGS1	7	2.05350122010387e-211	2.73553943947067	0.716	0.127	4.11152014289198e-207
HLA-DRB5	7	1.35367934863332e-210	2.99875954025796	0.504	0.058	2.71033679183363e-206
CLEC7A	7	3.07177738434694e-209	2.84283333755845	0.552	0.071	6.15031267893945e-205
CD74	7	1.16539854058446e-206	2.49660499619826	1	0.401	2.33336095795821e-202
KYNU	7	2.98539203050056e-206	3.80277436321362	0.375	0.03	5.97735192346823e-202
RP11-1143G9.4	7	6.63092662999213e-205	2.74700784505839	0.509	0.062	1.32764412985702e-200
TNFAIP3	7	2.04986308821558e-204	3.59943463106215	0.595	0.094	4.10423587522523e-200
BAG3	7	3.2721159269882e-203	4.1821569349672	0.587	0.098	6.55143050901576e-199
HSPA1A	7	1.56073510985312e-202	2.63710828874517	1	0.807	3.12490383694792e-198
PTPRE	7	2.62008896232062e-201	2.94463616964288	0.59	0.089	5.24594212035835e-197
HSP90AA1	7	1.85315582240375e-200	2.56255383262091	1	0.981	3.71038858761678e-196
HSPA6	7	1.32458443335831e-199	3.37608477933096	0.608	0.101	2.65208295247001e-195
MAP3K8	7	6.61962990144756e-198	3.22257355088962	0.468	0.054	1.32538229886783e-193
RASSF4	7	1.10025258722656e-197	2.87235530650239	0.559	0.079	2.20292573014502e-193
CKS2	7	5.16490639194655e-197	3.58324382824275	0.61	0.104	1.03411755779554e-192
ICAM1	7	4.98015211287703e-196	3.70963715139428	0.41	0.04	9.97126056040239e-192
CXCR4	7	4.13658457600996e-195	2.67554028462531	0.759	0.164	8.28226963808714e-191
SIK1	7	7.74812965031681e-194	3.10820320032245	0.511	0.068	1.55133051858643e-189
FOS	7	5.79366582429236e-192	2.71017780453591	0.98	0.471	1.16000777133982e-187
CD53	7	7.39641229497282e-190	2.36510189325495	0.663	0.115	1.48090966969946e-185
RGS18	7	1.52566917208365e-188	3.17296274150358	0.42	0.044	3.05469481634589e-184
CARD16	7	4.00587992949107e-188	2.44036428089976	0.661	0.118	8.02057279482703e-184
CD14	7	1.48947248246872e-187	2.25560670400706	0.661	0.114	2.98222180439887e-183
FOSL2	7	2.10520999093857e-187	3.02746932265037	0.603	0.104	4.21505144385721e-183
MS4A4A	7	1.78596945407705e-186	2.35601127571747	0.597	0.092	3.57586804095306e-182
WAS	7	2.06768936005021e-186	2.69397608769073	0.532	0.074	4.13992763669252e-182
GLRX	7	8.87253099885773e-185	2.70331525503099	0.597	0.099	1.77645815659129e-180
NFKBIZ	7	9.3199256750083e-185	3.19567188488645	0.597	0.105	1.86603551865016e-180
HCK	7	6.12392476215755e-183	3.33479971527022	0.385	0.037	1.22613221587919e-178
SOCS3	7	7.02583846445131e-183	3.03382202904724	0.608	0.11	1.40671337735244e-178
HBEGF	7	1.35683873536675e-182	3.70953313963973	0.435	0.051	2.7166625159513e-178
C5AR1	7	5.76215883850659e-182	3.227946273754	0.547	0.086	1.15369944264579e-177
ZFAND2A	7	6.48870746430155e-182	4.01425645351528	0.671	0.156	1.29916900850246e-177
FAM26F	7	2.98658110327031e-181	2.62361814120838	0.673	0.136	5.97973268496782e-177
DNAJA1	7	4.23950736041721e-181	2.97520025024454	0.942	0.538	8.48834163702734e-177
CFD	7	5.42292060174226e-181	2.30968642436026	0.704	0.142	1.08577716288083e-176
C10orf54	7	9.99045534774089e-181	2.34802818581242	0.706	0.143	2.00028896972468e-176
HAVCR2	7	1.12822780931635e-177	2.63396790715773	0.496	0.066	2.25893771981319e-173
SAT1	7	3.55144968299831e-176	2.63690014621028	0.985	0.649	7.11071255529922e-172
REL	7	6.6051262530751e-176	2.63693119218231	0.79	0.216	1.3224783783907e-171
CORO1A	7	1.56767569919288e-175	2.42603739709692	0.582	0.095	3.13880028492398e-171
CD300A	7	2.21079645712177e-175	2.81236906981318	0.458	0.057	4.42645666644921e-171
SPINT2	7	3.55968590826803e-175	2.82187154052186	0.476	0.062	7.12720312553424e-171
NFKBIA	7	4.5201994724738e-175	3.69493121894448	0.904	0.485	9.05034338378705e-171
CTSZ	7	1.48596891640351e-174	2.64636333424896	0.828	0.261	2.9752069644231e-170
HMOX1	7	5.81093540963792e-174	3.11398274168387	0.565	0.096	1.1634654877177e-169
CSF1R	7	6.51821247151159e-174	1.85416081637388	0.625	0.103	1.30507650104605e-169
IL10RA	7	1.81435699167303e-173	2.47734384471201	0.547	0.084	3.63270556872774e-169
EVI2B	7	1.06015688152033e-172	2.5668933383569	0.527	0.078	2.12264610818e-168
ARHGDIB	7	1.16076611341467e-171	2.16647993961285	0.78	0.191	2.32408591227885e-167
LAT2	7	2.16480774717496e-171	3.16926967110515	0.39	0.041	4.33437807139371e-167
RAB20	7	2.28210847465502e-171	3.73448592480372	0.314	0.025	4.56923758795428e-167
PFKFB3	7	4.51043080141934e-170	3.35533664627292	0.481	0.07	9.0307845506018e-166
RGS10	7	5.9875839494103e-170	2.32982671159416	0.777	0.202	1.19883405835093e-165
SGK1	7	4.274980730961e-169	3.07901919076791	0.709	0.175	8.55936641953011e-165
THEMIS2	7	1.11763899364817e-168	2.57004872416753	0.519	0.078	2.23773679308236e-164
IRF8	7	1.3288515298555e-168	2.74757819297682	0.43	0.053	2.66062653307668e-164
FCN1	7	2.80036142736354e-168	3.8506210007387	0.291	0.021	5.60688364986728e-164
LCP1	7	3.08267662811541e-168	2.32194113046598	0.615	0.111	6.17213514481267e-164
ITGAX	7	6.15070667047498e-167	3.0632593174859	0.42	0.051	1.2314944895625e-162
NAMPT	7	6.57469695885042e-166	2.90491153994312	0.754	0.216	1.31638582510103e-161
PTPN6	7	1.3155876925031e-164	3.05242085316274	0.425	0.053	2.6340696779297e-160
DAPP1	7	8.40767837397241e-164	3.82947000525036	0.306	0.025	1.68338536403676e-159
VSIG4	7	3.36849472503207e-163	2.7105051905542	0.476	0.067	6.74440013845921e-159
ZC3H12A	7	4.84218391620939e-163	4.31865769103487	0.253	0.016	9.69502063703445e-159
SAMHD1	7	5.48249707566702e-162	2.33651694949226	0.676	0.148	1.09770556449005e-157
IL1RN	7	1.69283189396199e-161	4.61525844023937	0.261	0.017	3.38938801809069e-157
CD48	7	4.1805814358064e-161	2.78520934900169	0.441	0.058	8.37036015077158e-157
CLK1	7	5.07241454835121e-161	2.65487475418251	0.851	0.316	1.01559884087088e-156
FTH1	7	2.05821454036963e-160	2.34854005776711	1	0.99	4.12095715272807e-156
CST3	7	4.28033966180363e-160	2.42971761145593	0.992	0.873	8.57009607086322e-156
NEAT1	7	2.84041168595207e-159	2.27509248133941	0.995	0.703	5.68707227761324e-155
MXD1	7	6.30087367242113e-159	3.16597746735164	0.534	0.095	1.26156092669216e-154
ANKRD37	7	6.91454318293674e-159	3.50366673047351	0.562	0.11	1.38442983608759e-154
IER2	7	8.10163185522219e-159	3.09170850003137	0.881	0.391	1.62210873005259e-154
CLEC4E	7	2.85069756127844e-158	2.80726836987586	0.428	0.055	5.7076666571917e-154
TFEC	7	3.77889073828412e-158	2.83228141003577	0.423	0.054	7.56609503619247e-154
CDKN1A	7	5.61695017109926e-158	2.82550226876786	0.628	0.139	1.12462576325749e-153
MIR142	7	9.68037807357697e-158	3.83530737080756	0.286	0.023	1.93820529789158e-153
CYBA	7	1.59209037679517e-157	1.99478637285287	0.949	0.476	3.18768335241928e-153
GPSM3	7	2.97281187355266e-157	2.50433937589165	0.559	0.099	5.95216393322713e-153
DNAJA4	7	5.66768297875241e-157	3.25704282677916	0.565	0.113	1.13478348600581e-152
MARCH1	7	7.02252218134974e-157	2.67733019770805	0.456	0.063	1.40604939114985e-152
GMFG	7	3.0540255400879e-156	2.02188060538687	0.706	0.157	6.11476993636399e-152
ALOX5AP	7	2.25433034785064e-155	2.55857021141434	0.506	0.081	4.51362022246655e-151
TBXAS1	7	4.56241098568158e-155	2.50880927914142	0.494	0.076	9.13485927553166e-151
HSPE1	7	8.97402336227858e-154	2.29941124574223	0.975	0.77	1.79677895759542e-149
CASP1	7	1.1755899276014e-153	2.67935787905503	0.478	0.073	2.35376615304352e-149
CCL4	7	7.7577310149064e-153	3.8946800659982	0.395	0.051	1.55325290380456e-148
FGR	7	7.22234569488152e-152	3.56041543723825	0.291	0.025	1.44605805502918e-147
CD72	7	8.07809581762075e-152	2.93342096928927	0.408	0.053	1.61739634460403e-147
CYBB	7	9.46653297092413e-152	2.17129114158783	0.529	0.088	1.89538923143843e-147
RHOB	7	7.78228400341681e-151	2.8477882628028	0.792	0.28	1.55816890316411e-146
LRRC25	7	6.50258063392012e-150	3.03195618029107	0.357	0.04	1.30194669452349e-145
FBP1	7	5.57543572248228e-149	3.49901331523849	0.327	0.033	1.1163137403554e-144
LY96	7	1.03704827151668e-148	2.36348737051679	0.58	0.113	2.07637804923069e-144
ADAM28	7	1.39730606608153e-148	2.65497151106879	0.451	0.066	2.79768620550843e-144
FPR3	7	6.68020149507354e-148	2.57038819104207	0.43	0.06	1.33750994334362e-143
OGFRL1	7	2.5933458840759e-147	2.28713057191422	0.63	0.138	5.19239712909678e-143
CHCHD10	7	6.30416120700569e-147	2.17205073815077	0.706	0.178	1.26221915686668e-142
MSR1	7	1.64170931564298e-146	1.98763116936168	0.557	0.098	3.28703039178038e-142
CYTIP	7	2.43943963403453e-146	2.44445556236975	0.478	0.075	4.88424603526393e-142
ALOX5	7	4.1130196280748e-146	2.85056403688499	0.385	0.048	8.23508789933137e-142
RASGEF1B	7	5.16880079233963e-146	3.08749839097218	0.43	0.063	1.03489729464224e-141
PTPRC	7	6.24251487070636e-146	1.51481224869158	0.699	0.149	1.24987632741283e-141
GPX1	7	2.82667373668864e-142	2.02804213943426	0.939	0.614	5.659566155598e-138
FPR1	7	1.01745838251116e-141	2.85291452391399	0.382	0.049	2.03715517346384e-137
HERPUD1	7	1.69319361607491e-140	2.69256006103601	0.876	0.453	3.39011225810519e-136
ARRB2	7	7.13802979002831e-140	2.22498084055926	0.613	0.133	1.42917632455947e-135
STXBP2	7	8.06610135310112e-140	3.20966336456997	0.339	0.039	1.61499481291791e-135
ZNF331	7	1.30002011617667e-138	3.48234115009947	0.628	0.173	2.60290027660893e-134
NCF4	7	1.4791925919659e-138	2.57347760631912	0.43	0.064	2.96163940763412e-134
NLRP3	7	1.89615933951862e-138	4.03651446225338	0.289	0.028	3.79649022958418e-134
BTK	7	1.99373720422951e-137	3.20439163504683	0.311	0.033	3.99186063030834e-133
LYL1	7	2.61934795414093e-137	2.60555394000904	0.433	0.066	5.24445847378098e-133
FYB	7	1.72703261482527e-136	2.24965999229481	0.519	0.095	3.45786470140316e-132
AOAH	7	1.83591175430444e-136	2.52225495287542	0.438	0.068	3.67586251446834e-132
C1QA	7	5.44748990802199e-136	2.06714900433975	0.641	0.149	1.09069642938416e-131
CSF3R	7	5.93319299296778e-136	2.92609047255972	0.357	0.045	1.18794390105201e-131
CTSC	7	2.37101513366529e-135	2.00022678667663	0.722	0.189	4.74724650062465e-131
GAPT	7	3.21751603618364e-135	3.26041047418021	0.309	0.033	6.44211060764688e-131
EIF4A3	7	6.74973676877979e-134	3.15707526112583	0.765	0.308	1.35143229584509e-129
HSPA8	7	7.42249073308578e-134	1.92871698711865	0.985	0.816	1.48613109457843e-129
EFHD2	7	8.08562051363035e-134	2.46878233219394	0.57	0.122	1.61890293923907e-129
JUN	7	2.21087762891681e-133	2.47322315240581	0.957	0.719	4.42661918861723e-129
RNASET2	7	2.63727948369259e-133	1.9148933252206	0.762	0.223	5.28036098224931e-129
ARL4C	7	3.66176927807095e-133	2.39605684894052	0.623	0.153	7.33159444855366e-129
MAFF	7	4.60190800663785e-132	3.04205264579481	0.42	0.068	9.2139402108903e-128
PARVG	7	4.92326651413872e-132	2.52118614936927	0.408	0.06	9.85736421460855e-128
CTA-292E10.6	7	7.89073904098591e-132	3.04408768195818	0.357	0.046	1.5798837707862e-127
AP1S2	7	1.4392922125925e-131	2.37186307290306	0.582	0.131	2.88175086805269e-127
LSP1	7	1.63946908797299e-131	2.47912649456454	0.6	0.143	3.28254500793952e-127
RELT	7	5.14839257028356e-131	3.25552424419517	0.301	0.032	1.03081116042217e-126
SAMSN1	7	8.25853390012144e-131	2.46909254284135	0.471	0.082	1.65352365748232e-126
PYCARD	7	1.32962795289301e-130	2.24689502173478	0.699	0.206	2.66218108728238e-126
PTGS2	7	4.55363185385003e-130	4.2058521667037	0.286	0.03	9.11728169777852e-126
HSPD1	7	7.36563579046522e-130	2.38736616463796	0.954	0.759	1.47474759796695e-125
SMAP2	7	7.52641616136621e-130	1.98939491368482	0.727	0.205	1.50693904382874e-125
CD33	7	1.71246861937584e-129	3.15292395436869	0.301	0.033	3.42870466971431e-125
CPVL	7	3.7005031452247e-129	2.28258143914615	0.737	0.245	7.40914739736889e-125
FTL	7	3.29873935487396e-128	2.05740624672672	1	0.997	6.60473593632865e-124
CD163	7	7.15450180948232e-128	1.61256748138483	0.547	0.105	1.43247435229455e-123
BTG1	7	9.85943206315977e-128	2.11907789618383	0.942	0.61	1.97405548768585e-123
CHMP1B	7	3.47894640465057e-127	3.30697249576575	0.585	0.154	6.96554649139137e-123
TAGAP	7	5.08068711844279e-127	2.98429477912312	0.359	0.05	1.01725517485462e-122
GLA	7	3.60784508351207e-126	3.27943274667699	0.509	0.11	7.22362742620787e-122
APBB1IP	7	1.52141172433664e-125	2.40311160647447	0.418	0.066	3.04617055446682e-121
JUND	7	3.19545494298227e-125	1.46015718802284	0.997	0.873	6.3979398868391e-121
LGALS9	7	3.37750587528865e-125	2.43506383874365	0.443	0.075	6.76244226350293e-121
MYO1F	7	6.67783895624356e-125	2.37138161284824	0.448	0.077	1.33703691581909e-120
TMSB4X	7	7.13390658004822e-125	1.41257249007466	0.997	0.989	1.42835077545726e-120
KDM6B	7	1.4118978225855e-124	2.72174108644796	0.456	0.084	2.8269018203807e-120
DEDD2	7	3.9078864698163e-124	2.5639744939332	0.438	0.076	7.82437028986619e-120
FERMT3	7	7.64774833245565e-124	2.38407550703	0.413	0.065	1.53123217112427e-119
CAPG	7	9.68159182436344e-123	2.32513232048024	0.643	0.18	1.93844831507405e-118
SLC2A3	7	8.23330707852613e-122	2.6292493841489	0.587	0.148	1.6484727432625e-117
NFKBIE	7	2.86689960722553e-120	3.16544712625028	0.337	0.046	5.74010639358696e-116
FXYD5	7	1.04146827826315e-119	1.90529372502545	0.734	0.229	2.08522778673848e-115
RNF144B	7	1.11173763146986e-119	2.84011724944987	0.387	0.062	2.22592108572895e-115
UCP2	7	1.79953176759085e-119	2.45155196153222	0.433	0.075	3.60302250507039e-115
UBC	7	2.11147546615022e-119	1.51297808445954	1	0.981	4.22759617832597e-115
CEBPB	7	2.7988720338591e-119	2.63367543274282	0.737	0.274	5.60390158619269e-115
TM6SF1	7	4.88963305970517e-119	2.84728890485213	0.314	0.039	9.7900233121417e-115
PRMT10	7	6.46242150206465e-119	2.58538339120117	0.648	0.199	1.29390603314338e-114
XBP1	7	1.57966995066067e-118	2.44265738933335	0.61	0.166	3.16281517521279e-114
PLD4	7	1.86389592900445e-118	2.16554703304879	0.41	0.067	3.7318924290527e-114
RP11-386I14.4	7	4.33313507155503e-118	3.47865719169482	0.266	0.028	8.67580304026747e-114
FCGR3A	7	1.8292216859124e-117	2.17277707029825	0.473	0.09	3.6624676595338e-113
RBM47	7	9.83287460913565e-117	2.78412730061909	0.306	0.038	1.96873815424114e-112
CD52	7	3.88104134016933e-116	2.43910247469872	0.41	0.07	7.77062097128703e-112
HSPB1	7	3.94410408486767e-116	2.45193727101996	0.911	0.723	7.89688519872205e-112
BTG2	7	5.77785430268648e-116	2.47589041197482	0.765	0.292	1.15684198848389e-111
ADAP2	7	6.89154191495453e-116	2.36191474904754	0.385	0.06	1.3798245222122e-111
TNFRSF1B	7	2.70705592880099e-114	2.12615167473805	0.514	0.11	5.42006738064533e-110
ATP1B3	7	3.57551446654186e-114	2.56726802388439	0.643	0.197	7.15889506491011e-110
MKNK2	7	1.44532582456519e-113	2.48577613225046	0.559	0.142	2.89383136594443e-109
PLEKHO1	7	4.67526539879297e-113	1.98258858072227	0.686	0.209	9.36081638146329e-109
F13A1	7	1.32855494085306e-112	1.70907989105947	0.494	0.098	2.66003270257599e-108
AP001055.6	7	1.7788112788647e-112	3.02492648797816	0.284	0.034	3.56153594254289e-108
SAP30	7	5.946729753073e-112	2.26334185493016	0.58	0.151	1.19065423116028e-107
C1QC	7	8.01885397282566e-112	1.98634644214305	0.539	0.122	1.60553494243915e-107
DUSP2	7	1.58157471260249e-111	2.62311063435382	0.671	0.228	3.1666288895727e-107
HLA-B	7	4.53828837429633e-111	1.35732215464929	0.987	0.754	9.08656098301611e-107
C1QB	7	5.70607833868997e-111	1.97201238517849	0.539	0.123	1.14247100497251e-106
B2M	7	6.5112409286291e-111	1.48377069758255	1	0.961	1.30368065873012e-106
CREM	7	1.94889812436821e-110	2.17520518001449	0.699	0.239	3.90208382461002e-106
LAIR1	7	2.98205723627436e-110	2.32435994507844	0.415	0.074	5.97067499846853e-106
SYNGR2	7	1.1911249642538e-109	2.34349221567477	0.466	0.095	2.38487040342897e-105
FAM49B	7	1.2415357747194e-109	1.98553053353457	0.635	0.18	2.48580292814319e-105
FCGR1A	7	1.69591369496489e-109	2.81080168262532	0.322	0.045	3.3955584000587e-105
RILPL2	7	2.44440144982015e-109	2.55231493846714	0.534	0.135	4.89418058282991e-105
C3AR1	7	4.37053137263978e-109	2.13224592767721	0.425	0.077	8.75067791429937e-105
LILRB2	7	2.66230234130374e-108	2.81412204091693	0.301	0.04	5.33046174775835e-104
CD1D	7	5.11281863312086e-108	2.95699412260985	0.306	0.042	1.02368854672346e-103
SLAMF8	7	4.08786915210258e-107	3.03036223527178	0.266	0.031	8.18473161633979e-103
GNA15	7	4.1864392661477e-107	3.25110851302942	0.253	0.028	8.38208869868092e-103
SCIMP	7	5.73327665547462e-107	3.11338322563765	0.251	0.027	1.14791665195913e-102
COTL1	7	6.08944897536904e-107	2.36681573816574	0.737	0.294	1.21922947384839e-102
CIITA	7	1.41013690554587e-106	2.7260212624283	0.319	0.046	2.82337611228394e-102
PRKAG2	7	2.56101746991262e-106	2.27344676554159	0.451	0.092	5.12766917825905e-102
TMSB10	7	5.41774678227246e-105	1.18959339538445	1	0.977	1.08474126074659e-100
OAZ1	7	6.23339901968567e-105	1.20461364054027	0.987	0.873	1.24805115172146e-100
CD69	7	1.81119766693721e-104	2.14695703966521	0.354	0.057	3.62637996874168e-100
ID2	7	1.49855758731911e-103	2.53552300186647	0.537	0.139	3.00041200133032e-99
ST3GAL6	7	2.24272152548755e-101	2.76123646066483	0.342	0.056	4.49037703833118e-97
TIPARP	7	2.69918243033931e-101	2.92200258112967	0.352	0.06	5.40430306202536e-97
YWHAH	7	1.11960847675157e-100	2.28786884749423	0.638	0.206	2.24168009215199e-96
GLIPR1	7	1.1399451541674e-100	1.81295942094838	0.641	0.191	2.28239818767397e-96
PKIB	7	2.96254160980405e-100	2.67640317347812	0.392	0.076	5.93160081114967e-96
BCAS2	7	1.57845397284333e-99	3.16055572619675	0.605	0.207	3.16038054442691e-95
CD55	7	1.9150324152579e-99	2.53798520884716	0.453	0.103	3.83427790182936e-95
HLA-C	7	2.3298306630533e-99	1.35247081677539	0.954	0.641	4.66478695356531e-95
TNFAIP2	7	2.36039978104082e-99	2.62376151616909	0.375	0.068	4.72599244159992e-95
PNRC1	7	6.55656545026981e-99	1.56374319648804	0.944	0.687	1.31275553445302e-94
IFRD1	7	2.36350397252726e-98	2.51564877324367	0.59	0.185	4.73220765379408e-94
OTUD1	7	5.80822434594918e-98	3.21672243695755	0.334	0.057	1.16292267854594e-93
SLC31A2	7	1.22353149142442e-97	2.98479942570922	0.281	0.039	2.44975475212997e-93
OSTF1	7	2.07383881648633e-97	2.04555960185638	0.544	0.145	4.15224007836893e-93
NAAA	7	3.72001563584772e-97	2.63272172014215	0.332	0.054	7.44821530609431e-93
EPSTI1	7	7.5774160398121e-97	2.21529087494593	0.453	0.101	1.51715023949118e-92
SH3BGRL3	7	7.86538663535288e-97	1.73584642053038	0.881	0.54	1.57480771213035e-92
DNAJC4	7	1.10937255847797e-96	2.25989266773538	0.408	0.081	2.22118573658459e-92
RGS19	7	1.47388707084185e-96	2.1875522194022	0.478	0.113	2.95101669323956e-92
TRIB1	7	2.68103445389122e-96	3.09399995691414	0.261	0.034	5.36796718358101e-92
SLC11A1	7	7.59112206303172e-96	2.61537676343811	0.322	0.052	1.51989445946021e-91
ODF3B	7	1.62131311541615e-95	2.60795351887479	0.314	0.049	3.24619311968622e-91
RP4-673M15.1	7	3.44335647155935e-95	2.73509896469173	0.329	0.055	6.89428832735613e-91
CD4	7	4.1088447523472e-95	2.07219019385737	0.377	0.069	8.22672896314956e-91
EVI2A	7	5.56952979343205e-95	2.33676420412105	0.347	0.06	1.11513125524097e-90
RCSD1	7	1.24856414386483e-94	1.91783954487439	0.514	0.128	2.49987512884616e-90
RNF130	7	1.80468321267037e-94	1.78110329762261	0.671	0.227	3.61333672840861e-90
FMNL1	7	1.81422694414981e-94	2.1098744153381	0.43	0.091	3.63244518757676e-90
CEBPA	7	5.33529300606865e-94	2.91218632725117	0.286	0.042	1.06823236567507e-89
ZC3HAV1	7	8.2182665920774e-94	2.34409530704043	0.537	0.149	1.64546133706574e-89
NRARP	7	2.15030173594012e-93	3.6560046461028	0.253	0.033	4.30533413569931e-89
FAU	7	1.17470088420945e-92	1.13548023525519	0.995	0.968	2.35198611036416e-88
ZNF385A	7	4.35837221900459e-92	2.36961034799604	0.354	0.065	8.72633285689099e-88
EMILIN2	7	7.85161653571233e-92	1.97408347919507	0.486	0.119	1.57205066278032e-87
GRASP	7	2.22097284464004e-91	2.73295224983697	0.527	0.156	4.44683182953829e-87
GCA	7	1.38952493141749e-90	2.37238174809861	0.392	0.081	2.7821068176841e-86
LYN	7	2.30304506497498e-90	2.21620111438414	0.387	0.078	4.61115682909291e-86
LINC00936	7	5.47536384213537e-90	2.69609002374862	0.529	0.162	1.09627734847234e-85
AVPI1	7	1.10601614855493e-89	3.07360378098859	0.299	0.048	2.21446553263667e-85
PMAIP1	7	2.04912629383721e-89	2.22266577811027	0.395	0.083	4.10276066552086e-85
SNAI1	7	9.20853776269092e-89	3.81224962658416	0.253	0.035	1.84373343084598e-84
TNFAIP8	7	3.12253678832261e-88	2.09399995691414	0.552	0.162	6.25194315757952e-84
HLA-E	7	2.10148006040888e-87	1.21285058500225	0.934	0.576	4.20758337695066e-83
PAK1	7	2.22254718448505e-87	2.33243222990095	0.403	0.088	4.44998397277597e-83
DOCK8	7	1.96782650234775e-86	2.02641858451787	0.382	0.078	3.93998222300066e-82
UPP1	7	3.21570690572821e-86	2.57824396644808	0.463	0.121	6.43848836664901e-82
SLC7A7	7	5.56854801480558e-86	2.62531902926893	0.289	0.046	1.11493468352437e-81
SLC38A2	7	8.86211566184732e-86	1.94192381130358	0.722	0.295	1.77437279781507e-81
SLA	7	9.82104058586763e-86	1.79846362825103	0.418	0.091	1.96636874610242e-81
MCL1	7	1.14931109111949e-85	1.77333977784094	0.77	0.357	2.30115066663945e-81
HMGA1	7	1.61672120058177e-85	2.19779536928644	0.352	0.068	3.23699918780481e-81
PLSCR1	7	5.18127776962685e-85	1.74750098983875	0.684	0.262	1.03739543503469e-80
TSPYL2	7	6.63010573032964e-85	2.24428906504903	0.58	0.198	1.3274797693266e-80
G0S2	7	6.70268724609951e-85	5.51100854370291	0.304	0.056	1.34201204041404e-80
MAFB	7	1.37215346134506e-84	2.62127309170437	0.6	0.212	2.74732566030508e-80
RHOG	7	1.77489706509929e-84	1.78007273373001	0.577	0.178	3.5536989037418e-80
PSTPIP1	7	2.54412138015887e-84	2.55108763508313	0.301	0.052	5.09383982735408e-80
PPP1R10	7	3.40296020209863e-84	2.05277193220644	0.661	0.254	6.81340691664188e-80
NCF1	7	1.72478065293363e-83	2.25029375328512	0.324	0.059	3.45335582330372e-79
LOH12CR1	7	1.88222994932246e-83	2.57957842465851	0.392	0.089	3.76860080453342e-79
LTC4S	7	3.05243262920266e-83	2.00272614879709	0.4	0.087	6.11158061018958e-79
FAM49A	7	6.33752485054092e-83	2.28928053263334	0.367	0.077	1.2688992255753e-78
ASAH1	7	2.18671657187332e-82	1.77573900498583	0.603	0.203	4.37824392020477e-78
FGD2	7	2.22186628629906e-82	2.5528352973694	0.273	0.043	4.44862067842798e-78
GK	7	2.33510869475773e-82	2.76656064247979	0.349	0.072	4.67535462864393e-78
ISG20	7	4.92070832298643e-82	1.80671800483366	0.387	0.082	9.85224220428342e-78
GPR65	7	1.22283275834716e-81	2.5535239346335	0.273	0.044	2.44835574876268e-77
BST2	7	1.43090615946752e-81	1.3299114953993	0.686	0.238	2.86496031248586e-77
ARPC3	7	2.10597539485282e-81	1.23110886496321	0.906	0.752	4.21658393557431e-77
ARHGAP15	7	3.99070839355071e-81	2.38274280361357	0.276	0.044	7.99019634556723e-77
RPL26	7	4.89691134124726e-81	1.10977144477114	0.997	0.963	9.80459588744526e-77
CLEC4A	7	1.37926329251945e-80	2.66403742520258	0.276	0.045	2.76156096428244e-76
CHST11	7	1.82392062975809e-80	2.37038910863762	0.316	0.059	3.65185388490165e-76
IFNGR1	7	2.6190172272303e-80	1.62881056007235	0.706	0.291	5.24379629236051e-76
ZNF267	7	4.21031233796018e-80	2.33825239741765	0.38	0.085	8.42988736306387e-76
SYK	7	6.19314183529628e-80	2.4676716268955	0.276	0.045	1.23999085826302e-75
ZEB2	7	6.3541070159222e-80	1.76573055681465	0.618	0.216	1.27221930672794e-75
CTSH	7	1.92524627724688e-79	1.63384850114596	0.777	0.384	3.8547280963037e-75
CMTM6	7	2.45054639812717e-79	1.86545303299264	0.595	0.208	4.90648399833023e-75
ANXA1	7	5.71888357637531e-79	1.65588948865243	0.696	0.282	1.14503486966186e-74
MRPL18	7	6.58665435811367e-79	2.31322380498425	0.641	0.273	1.31877993558152e-74
TLR2	7	6.67348878773103e-79	2.2975183328598	0.289	0.049	1.33616592507951e-74
HNMT	7	6.88788289449152e-79	1.88392407181634	0.504	0.145	1.37909191313509e-74
EIF4A1	7	7.6250607906457e-79	1.1766034400274	0.942	0.739	1.52668967150308e-74
CECR1	7	7.81422618790851e-79	2.17882105708806	0.344	0.069	1.56456436734304e-74
CHORDC1	7	8.25295592822534e-79	1.8535471940061	0.597	0.212	1.65240683594928e-74
ADCY7	7	2.59674318273858e-77	2.59731065184378	0.256	0.04	5.19919920047919e-73
SNX10	7	1.28829257788858e-76	2.20418701196431	0.37	0.083	2.57941939944852e-72
SETDB2	7	2.03704613750134e-76	2.28780553501903	0.367	0.083	4.07857377650517e-72
CMTM7	7	2.91876904229222e-76	1.98842017405233	0.4	0.095	5.84395937647749e-72
DOCK2	7	7.28946061696114e-76	2.08136869803764	0.324	0.063	1.45949580472796e-71
IRF1	7	2.14529362489418e-75	2.13120144475819	0.468	0.135	4.29530689576313e-71
TAOK3	7	2.80968231373368e-75	1.77221318494807	0.544	0.175	5.62554592855757e-71
CYTH4	7	3.62479958225352e-75	2.37056312049757	0.286	0.051	7.257573723588e-71
ARID5A	7	9.45395881756185e-75	2.27042150538203	0.322	0.065	1.89287163445223e-70
RNASEK	7	9.48853985700642e-75	2.35790911470874	0.329	0.068	1.89979545016982e-70
IL13RA1	7	4.10505104680183e-74	1.75770366566629	0.554	0.186	8.21913320590662e-70
SLC16A3	7	2.069681662515e-73	1.94259659886574	0.415	0.105	4.14391662468754e-69
HLA-A	7	3.76852836903477e-73	0.874999248780144	0.982	0.753	7.54534750048142e-69
PNP	7	4.55710075344366e-73	2.52003169941499	0.278	0.05	9.12422712854489e-69
NFIL3	7	9.32401673018188e-73	2.37708546855819	0.39	0.098	1.86685462971702e-68
CCNL1	7	2.00067580335287e-72	1.69630702095002	0.752	0.378	4.00575309347313e-68
TSPAN33	7	3.78365665182444e-72	2.41838509759702	0.286	0.054	7.5756373482829e-68
TREM2	7	1.10840141091668e-71	2.24841001909537	0.281	0.051	2.21924130493738e-67
MX2	7	1.20099728956846e-71	2.24725436064496	0.291	0.055	2.40463677317397e-67
CEBPD	7	2.32180774004429e-71	1.52488917771287	0.916	0.773	4.64872345711667e-67
CNPY3	7	2.70413414566159e-71	1.50912349221536	0.643	0.247	5.41421738644363e-67
MBP	7	8.44308773335456e-71	1.86587080822291	0.413	0.106	1.69047502597225e-66
NCKAP1L	7	4.03853357656447e-70	2.03924942997461	0.299	0.058	8.08595192699739e-66
GRB2	7	1.09924047788895e-69	1.51834623388553	0.686	0.294	2.20089928482926e-65
CPM	7	1.84350393685402e-69	2.10148338628036	0.311	0.064	3.69106358236913e-65
FGD4	7	2.05691174970647e-69	1.99410889598838	0.359	0.084	4.11834870526229e-65
VEGFA	7	2.21638772546958e-69	2.40146457249003	0.491	0.167	4.43765150393519e-65
MRC1L1	7	8.57742554661178e-69	2.35310347344412	0.251	0.043	1.71737214294261e-64
SLC25A19	7	1.3095107833388e-68	2.87552258558107	0.258	0.047	2.62190249040095e-64
IKZF1	7	1.42417426498435e-68	1.9828764986513	0.291	0.056	2.85148171335167e-64
NPC2	7	1.88732377872917e-68	1.39339903658172	0.792	0.486	3.77879966977154e-64
PSTPIP2	7	2.89652789197255e-68	2.41563238727728	0.273	0.052	5.79942814530744e-64
CTSB	7	3.89596008850036e-68	1.56519279551413	0.787	0.466	7.80049128919542e-64
CD84	7	3.96836770842048e-68	1.8519000753087	0.314	0.065	7.94546582579949e-64
SDSL	7	6.63757718247082e-68	2.56938845182608	0.256	0.046	1.32897570347431e-63
SCO2	7	9.25915449212575e-68	2.37921501938501	0.332	0.076	1.85386791241342e-63
DNAJB4	7	1.18312625168631e-67	2.28899278971295	0.542	0.207	2.36885538112634e-63
NINJ1	7	1.23920969660218e-67	1.79291058636848	0.486	0.153	2.48114565453689e-63
MFSD1	7	2.42276909271175e-67	1.61948723449714	0.506	0.16	4.85086827742746e-63
SIPA1L1	7	3.02676473304933e-67	1.74791892500082	0.509	0.165	6.06018834851137e-63
ATG16L2	7	4.7994284734833e-67	2.19339977707817	0.306	0.064	9.60941568960826e-63
METRNL	7	8.34326214231827e-67	1.73625684343923	0.686	0.325	1.67048794613496e-62
PLA2G7	7	1.87542417341537e-66	2.57053999774931	0.256	0.047	3.75497428001226e-62
CFLAR	7	2.75656472535914e-66	1.71097511381363	0.57	0.209	5.51919389311408e-62
CFL1	7	4.22049592883474e-66	1.02701676474578	0.939	0.725	8.45027694871292e-62
NFKB1	7	4.70573642324136e-66	2.36791691515379	0.415	0.12	9.42182546661385e-62
IQGAP2	7	5.99653144993111e-66	1.62707345948344	0.496	0.155	1.20062552690521e-61
SERP1	7	6.093191666213e-66	1.24608693136251	0.848	0.625	1.21997883540917e-61
HLA-DOA	7	8.90232480449943e-66	1.81007520785423	0.375	0.093	1.78242347235688e-61
UNC93B1	7	1.43029916979699e-65	1.92349185204554	0.362	0.089	2.86374499776753e-61
IRF7	7	1.91643294747299e-65	1.75033639231521	0.403	0.111	3.83708204743043e-61
ZFAND5	7	2.10314162009338e-65	1.84819242911988	0.656	0.31	4.21091015175097e-61
MALAT1	7	3.87450825195e-65	0.708505286122247	1	1	7.75754042205428e-61
ABI3	7	4.35979198355686e-65	2.45993974702494	0.251	0.045	8.72917550947754e-61
CXCL16	7	7.16263606207933e-65	1.645873617282	0.585	0.225	1.43410299234952e-60
RP11-796E2.4	7	1.90482942916188e-64	2.38107212295721	0.319	0.073	3.81384948306792e-60
MGAT1	7	2.0153625014438e-64	1.74707943749772	0.603	0.243	4.03515880039077e-60
S100A11	7	2.15857987755534e-64	1.04422126253541	0.972	0.85	4.32190863084131e-60
NAIP	7	5.44469398960115e-64	1.69291457511591	0.382	0.098	1.09013663059794e-59
INSIG1	7	6.91697067084756e-64	2.49686437756357	0.438	0.14	1.3849158677171e-59
CKLF	7	2.12396536243886e-63	1.77116989573238	0.557	0.211	4.25260344867508e-59
CTA-29F11.1	7	2.51142471866997e-63	2.2114830555001	0.332	0.08	5.02837457172102e-59
CITED2	7	3.26079093728087e-63	2.61486467163176	0.395	0.115	6.52875561462375e-59
ASGR1	7	1.8756341111938e-62	2.34924211608379	0.258	0.05	3.75539461743222e-58
GPR34	7	2.30740819494237e-62	1.96704964259028	0.301	0.065	4.61989268791361e-58
FAM105A	7	2.85806754549621e-62	1.94101430193762	0.367	0.095	5.7224228395925e-58
SLC8B1	7	4.61319351858872e-62	2.52011624801529	0.278	0.059	9.23653606291833e-58
UBE2S	7	1.05304637682828e-61	1.82316718051993	0.603	0.261	2.10840945568558e-57
RP11-1017G21.5	7	1.13272204541807e-61	2.53316572708587	0.299	0.067	2.26793607933606e-57
MPEG1	7	1.15469566110269e-61	2.15877021230437	0.253	0.048	2.31193165265981e-57
UBB	7	2.99679389268233e-61	1.31982685028787	0.982	0.936	6.00018073192856e-57
SQRDL	7	3.23367728036844e-61	2.37354944953095	0.253	0.049	6.4744686507537e-57
CCNH	7	9.85544509665279e-61	1.77052673903023	0.489	0.166	1.97325721725182e-56
ETV3	7	1.07088688052945e-59	2.34486276138227	0.286	0.064	2.14412971219606e-55
CAT	7	2.23133338590184e-59	1.72549297568812	0.456	0.147	4.46757570525267e-55
GNAI2	7	3.87842890620901e-59	1.06808791169449	0.843	0.569	7.76539035601167e-55
S100A4	7	4.5069858669674e-59	1.81729103253151	0.724	0.46	9.02388710284213e-55
ATG3	7	1.08867395990838e-58	1.82446398513839	0.446	0.144	2.17974300252855e-54
ST8SIA4	7	1.69308340584342e-58	1.74301477569253	0.349	0.089	3.38989159517969e-54
HMHA1	7	2.64235812715835e-58	2.06076200850005	0.284	0.062	5.29052944219645e-54
ATP5E	7	2.78348421384433e-58	0.716823261950417	1	0.961	5.57309209295911e-54
KLF6	7	2.82696603886341e-58	2.01044025559001	0.699	0.413	5.66015140301232e-54
TKT	7	3.04432490110856e-58	1.52859299729605	0.638	0.294	6.09534731699955e-54
CCDC112	7	3.25048153237248e-58	2.16411224303015	0.284	0.063	6.50811412411617e-54
SORL1	7	8.53498344398314e-58	1.78812683238398	0.329	0.081	1.7088743851543e-53
ILF3-AS1	7	9.91682071591703e-58	2.47187194591181	0.496	0.195	1.98554584374091e-53
SLC43A2	7	4.6910174590059e-57	2.1153060652555	0.276	0.06	9.39235515642161e-53
HN1	7	1.616369037553e-56	1.32530733330958	0.577	0.229	3.23629408698862e-52
RPS25	7	3.15629617346953e-56	0.699987432976064	0.995	0.968	6.3195361985207e-52
MEF2C	7	5.95180993559982e-56	1.31847117282444	0.62	0.257	1.1916713853058e-51
RAC2	7	9.07673275262306e-56	1.52891084423846	0.344	0.089	1.81734343173019e-51
STK17B	7	1.25820619952256e-55	1.52564525818704	0.456	0.148	2.51918045268408e-51
STAB1	7	1.46132750747061e-55	1.27311546023439	0.418	0.123	2.92586993545765e-51
SQSTM1	7	2.2057861623402e-55	1.54760083518473	0.833	0.66	4.41642505423756e-51
PDCL3	7	3.43992702444314e-55	2.14218607067793	0.362	0.104	6.88742188834006e-51
CDC42SE1	7	9.85227196142458e-55	1.55496228661375	0.476	0.166	1.97262189211643e-50
ETS2	7	2.4183145107804e-54	1.63350243867838	0.527	0.203	4.84194931348451e-50
STX4	7	2.85058398430597e-54	1.83014268207706	0.473	0.17	5.70743925337742e-50
AHR	7	3.91643818261374e-54	1.81900172178376	0.418	0.135	7.84149252922923e-50
WDR74	7	4.2237733692812e-54	2.09540815130694	0.344	0.096	8.45683903997482e-50
SLCO2B1	7	4.935913446368e-54	1.58284671481016	0.327	0.084	9.882685902318e-50
SLC25A5	7	9.60404820286025e-54	1.45636330796214	0.727	0.445	1.92292253117668e-49
SNAP23	7	9.80815259344609e-54	2.02186768628897	0.357	0.102	1.96378831225978e-49
INPP5D	7	3.11549027737888e-53	1.76743824963175	0.306	0.076	6.23783463336798e-49
YPEL5	7	3.37123851072251e-53	2.02914942150578	0.575	0.268	6.74989374616862e-49
LMO2	7	7.90640692403486e-53	1.43551375144045	0.337	0.089	1.58302079433026e-48
MAP1LC3B	7	8.43786803046904e-53	1.3912514512644	0.714	0.398	1.68942993706051e-48
PLAU	7	8.84614771405634e-53	2.59013899644152	0.273	0.064	1.77117569530836e-48
PLIN2	7	1.26982911960689e-52	2.64890144065933	0.481	0.199	2.54245186327692e-48
PABPC1	7	1.88123779758844e-52	0.898659579142944	0.924	0.746	3.76661431833157e-48
FOLR2	7	1.92339112405944e-52	1.63507299724691	0.337	0.091	3.85101370859181e-48
RAB32	7	3.40438926149035e-52	1.76605327164936	0.494	0.193	6.81626817935599e-48
GIMAP4	7	6.76403920667902e-52	1.14914033027269	0.435	0.135	1.35429592996127e-47
XAF1	7	1.15492444710059e-51	1.57133631892694	0.387	0.118	2.31238972798479e-47
TMEM176B	7	3.17781738892436e-51	1.53746702200864	0.613	0.3	6.36262597610435e-47
MB21D1	7	5.00799726777309e-51	2.18738112788	0.271	0.065	1.00270121295353e-46
UVRAG	7	6.51518012260354e-51	1.87050451081445	0.339	0.096	1.30446936414768e-46
ARRDC2	7	6.91831771493447e-51	1.93697878870246	0.319	0.086	1.38518557288418e-46
SPECC1	7	2.82595164612214e-50	2.09212843746437	0.258	0.059	5.65812038586575e-46
GLUL	7	4.54818970049883e-50	1.61518521710681	0.797	0.608	9.10638541833875e-46
CHKA	7	7.95279367975032e-50	2.12882921223705	0.261	0.061	1.59230835055961e-45
SLC15A3	7	1.21838535309564e-49	1.93778050866802	0.261	0.06	2.43945115396808e-45
OAS1	7	1.43812626432609e-48	1.87604979006013	0.314	0.086	2.8794164064337e-44
DRAM2	7	1.52711787679443e-48	1.64247194655008	0.395	0.129	3.0575954129178e-44
C9orf72	7	1.92662368535429e-48	1.99952025477117	0.299	0.08	3.85748594281635e-44
DNAJB6	7	2.21798773631057e-48	1.55472484142472	0.78	0.612	4.44085504564103e-44
GPRIN3	7	2.59388141494618e-48	1.65318582270187	0.342	0.098	5.19346936900525e-44
PIM3	7	3.47002900700253e-48	1.92257407058823	0.382	0.126	6.94769207782047e-44
PLA2G16	7	3.54885636562144e-48	1.64814062746332	0.334	0.095	7.10552021524725e-44
PREX1	7	4.07149759699262e-48	1.67439727725031	0.359	0.109	8.15195248869863e-44
UBXN1	7	1.21553784156929e-47	1.17633185184156	0.663	0.326	2.43374986639002e-43
TSPO	7	2.01538897289974e-47	1.25492263626085	0.681	0.361	4.03521180153986e-43
CREG1	7	2.04719351400612e-47	1.43458322285947	0.471	0.181	4.09889085374306e-43
ARHGAP4	7	3.32560510856815e-47	1.71659150325639	0.309	0.084	6.65852654837515e-43
AMD1	7	5.1046476603694e-47	1.4699451354901	0.562	0.249	1.02205255455916e-42
SYTL3	7	7.95223633437978e-47	1.80668370925307	0.266	0.065	1.59219675886952e-42
ZFP36L2	7	2.86350135801832e-46	1.12567198113439	0.896	0.763	5.73330241902428e-42
CLIC1	7	4.85106730358687e-46	1.0101960514148	0.835	0.608	9.71280695524164e-42
TNFSF10	7	8.14995331430556e-46	1.74671898830682	0.329	0.096	1.63178365259026e-41
ABRACL	7	2.13405452441616e-45	1.5245045623056	0.367	0.116	4.27280396878603e-41
TCIRG1	7	2.42236696323688e-45	1.66539881773848	0.349	0.109	4.85006313379288e-41
TBC1D22A	7	2.53633623303876e-45	1.87604979006013	0.289	0.078	5.07825240579021e-41
ELL2	7	3.00784449518388e-45	2.17725843828374	0.263	0.068	6.02230624825717e-41
EEF1D	7	3.01090074288817e-45	0.799970980645124	0.911	0.761	6.02842546741069e-41
ATF5	7	4.74186176581909e-45	1.51590237294228	0.286	0.077	9.49415562752299e-41
TFRC	7	5.1662776719276e-45	2.29411498203654	0.322	0.099	1.03439211547334e-40
MARCH2	7	1.68471425768007e-44	1.93282315921115	0.251	0.062	3.37313488672703e-40
RAB31	7	2.97068346021944e-44	1.48053676476334	0.438	0.162	5.94790242405136e-40
SRGAP1	7	3.38603845047345e-44	1.66435833403947	0.347	0.109	6.77952618553794e-40
MAP2K3	7	3.38993905556741e-44	1.91379530400024	0.251	0.062	6.78733597705707e-40
RAB11FIP1	7	4.17010093411393e-44	1.93201253580911	0.309	0.09	8.3493760902829e-40
ZSWIM6	7	4.2602673816694e-44	1.95208568109267	0.253	0.063	8.52990735157847e-40
GNA13	7	4.39882871291879e-44	1.55652152113376	0.435	0.163	8.80733484900599e-40
GPX4	7	5.78964174785008e-44	0.917857399947067	0.878	0.701	1.15920207075454e-39
S100A10	7	6.03460709201362e-44	0.98779395140683	0.833	0.587	1.20824903196297e-39
STK38L	7	8.09102834692948e-44	1.92103724483344	0.306	0.09	1.61998569562222e-39
HSP90AB1	7	8.97075185601015e-44	0.876027162621281	0.992	0.987	1.79612393661035e-39
USPL1	7	1.25349756118587e-43	2.04842778379688	0.286	0.08	2.50975281700635e-39
LPAR6	7	1.25494888918636e-43	1.4160710982585	0.468	0.182	2.51265866592893e-39
SERTAD1	7	1.70150198081654e-43	1.56930149796167	0.489	0.21	3.40674726599088e-39
FNBP1	7	2.46075693930577e-43	1.42066867838872	0.476	0.187	4.926927543878e-39
PSMB9	7	2.89162858400614e-43	1.33855878488984	0.504	0.206	5.7896187508971e-39
SIPA1	7	2.89650128866615e-43	1.69615566195883	0.309	0.09	5.79937488016737e-39
C12orf45	7	4.71104985634483e-43	1.66391795610465	0.413	0.153	9.43246402237361e-39
RAP2B	7	5.03544225048091e-43	1.7039391231665	0.37	0.126	1.00819624739129e-38
EIF4E	7	5.20941713760127e-43	2.43585064662735	0.392	0.152	1.04302949929053e-38
ARPC2	7	6.62326751614873e-43	0.962384014416071	0.835	0.653	1.3261106220833e-38
CASP4	7	7.51168845263947e-43	1.44805451729599	0.413	0.148	1.50399026198748e-38
H2AFX	7	7.92682772622544e-43	1.48822640818111	0.324	0.098	1.58710944734486e-38
LACTB	7	1.3592595154215e-42	1.56137523948497	0.39	0.138	2.72150940177692e-38
CHN2	7	1.46605515009477e-42	1.77829707271736	0.273	0.074	2.93533562151975e-38
PTPN2	7	1.64097869160638e-42	1.43325114478928	0.448	0.174	3.28556753633428e-38
GBP2	7	1.64299253098478e-42	1.67263105092463	0.266	0.07	3.28959964553773e-38
VMO1	7	1.7150418748298e-42	1.89711140558796	0.337	0.108	3.43385684178423e-38
PTPN18	7	4.54391734928037e-42	1.61890301931071	0.322	0.098	9.09783131672916e-38
TUBB4B	7	4.67413624141969e-42	1.17129114158783	0.613	0.308	9.35855558257051e-38
RIN3	7	6.66033360305918e-42	1.8955021527263	0.253	0.066	1.33353199400451e-37
FES	7	7.11779484614516e-42	1.77212477680757	0.284	0.08	1.42512488409518e-37
BLVRB	7	1.57782818207958e-41	1.38857452848189	0.537	0.246	3.15912758615974e-37
PRR13	7	2.72810489614958e-41	1.38956507463652	0.433	0.164	5.46221162307069e-37
AP1B1	7	2.8424522255327e-41	1.55710613229035	0.327	0.102	5.69115784596157e-37
GSTP1	7	6.67365791680141e-41	0.959312653169482	0.873	0.724	1.33619978810198e-36
PTMA	7	6.97250338855123e-41	0.513615985862398	1	0.998	1.39603462845573e-36
CYCS	7	1.24991131802004e-40	2.00213458854863	0.63	0.38	2.50257244093973e-36
WSB1	7	1.49452635132484e-40	1.18480909585559	0.668	0.374	2.99234066062259e-36
NAGK	7	1.595338801525e-40	1.31278789157637	0.522	0.233	3.19418734841336e-36
ACAP1	7	2.14459387296444e-40	1.4646589501737	0.253	0.065	4.29390585244941e-36
MCTP1	7	4.52102265502826e-40	1.61225843294515	0.261	0.07	9.05199155989758e-36
RPS27	7	6.25976228657597e-40	0.531073496354964	0.997	0.999	1.25332960501824e-35
TRMT1	7	7.64433026698531e-40	1.7010941310379	0.311	0.098	1.5305478060558e-35
DDIT4	7	1.64683889970532e-39	1.51631802041261	0.79	0.566	3.29730084498999e-35
PPP1R15B	7	2.22112302741592e-39	1.81378966099589	0.428	0.177	4.44713252549215e-35
UBE2D3	7	3.05498592534592e-39	1.10799482596842	0.722	0.434	6.1166928197276e-35
HIF1A	7	5.43979828544499e-39	1.28053689956137	0.605	0.328	1.0891564127118e-34
COMT	7	1.8059437606694e-38	1.13642175690476	0.549	0.255	3.61586059761226e-34
FOXN2	7	1.82216763207337e-38	1.58813803212507	0.301	0.093	3.6483440329373e-34
LIMD2	7	5.22254922918256e-38	1.32929621148122	0.423	0.165	1.04565880666693e-33
TPT1	7	7.1565964199498e-38	0.430669127602448	1	1	1.43289373520235e-33
OPN3	7	1.13190599416079e-37	1.95806536456803	0.296	0.095	2.26630218150872e-33
SERPINB1	7	1.45926353625567e-37	1.40939464847767	0.494	0.229	2.92173745229109e-33
LAP3	7	1.75197186279316e-37	1.37057481952683	0.489	0.221	3.50779806368447e-33
HIST2H2AA3	7	2.00154964073626e-37	1.64040877898491	0.301	0.096	4.00750269068214e-33
STK4	7	2.01693353383369e-37	1.05860208289269	0.519	0.235	4.03830432144181e-33
GIMAP1	7	2.37712926195567e-37	1.24861190286194	0.319	0.101	4.75948820828763e-33
MFSD12	7	2.56645167801308e-37	1.76389400759038	0.271	0.08	5.13854954971778e-33
BAZ1A	7	1.26834812427906e-36	1.45155196153222	0.385	0.146	2.53948661443153e-32
TET2	7	1.29582514962531e-36	1.34521364334451	0.461	0.196	2.5945011145798e-32
RPS3	7	1.38971053558814e-36	0.567776731864932	0.982	0.985	2.78247843435457e-32
CD9	7	1.40874221640409e-36	1.38750476218899	0.456	0.197	2.82058366568426e-32
PLK3	7	1.43009427970694e-36	1.73143828560266	0.289	0.09	2.86333476682923e-32
MGAT4A	7	1.54044419499644e-36	1.38822602616339	0.354	0.125	3.08427736722188e-32
CPEB4	7	2.36158890441327e-36	1.57872320199733	0.316	0.106	4.72837330441626e-32
ATP5L	7	4.33225784477576e-36	0.76974766489613	0.856	0.702	8.67404665681002e-32
EAF2	7	4.42148977227561e-36	1.69073962541165	0.266	0.079	8.85270682205022e-32
THAP2	7	4.4531501088777e-36	1.97029477611093	0.289	0.093	8.91609714799492e-32
FLOT1	7	4.48366748327303e-36	1.18880180257963	0.516	0.238	8.97719903500925e-32
IRAK3	7	6.73830807962908e-36	1.57294706904687	0.354	0.129	1.34914404370334e-31
ACOT9	7	8.03928043680843e-36	1.59357096640465	0.294	0.094	1.60962472905778e-31
ALDH2	7	8.25785560260775e-36	1.45405360086355	0.567	0.308	1.65338784875412e-31
PELI1	7	8.99872918358325e-36	1.97875274268973	0.268	0.082	1.80172555713704e-31
RPS13	7	1.14698599038144e-35	0.64059391472044	0.997	0.99	2.29649534994172e-31
CDC42SE2	7	2.54799684452189e-35	1.29410032355542	0.375	0.14	5.10159928210173e-31
COQ10B	7	2.54856403395791e-35	1.63541615393241	0.322	0.112	5.10273490879053e-31
ADRBK1	7	3.42209364997982e-35	1.36191474904754	0.339	0.118	6.85171590598959e-31
CD58	7	4.27866034276757e-35	1.58831009903933	0.281	0.088	8.56673373828923e-31
PPT1	7	6.60049304522182e-35	1.20063384201448	0.496	0.228	1.32155071751431e-30
CELF2	7	1.81673557208616e-34	1.11553811034132	0.476	0.21	3.6374679624309e-30
PDE4B	7	1.86956491279288e-34	1.54428424004496	0.443	0.198	3.74324286839391e-30
SELK	7	2.11052257081821e-34	2.02217418944841	0.62	0.402	4.22568829129221e-30
ISG15	7	2.31768234898444e-34	1.96682530183065	0.534	0.285	4.64046359913665e-30
SRA1	7	2.51399305083147e-34	1.34988054363731	0.418	0.173	5.03351688637476e-30
TOB1	7	3.39667471428726e-34	1.70882709807733	0.329	0.12	6.80082211294595e-30
LGMN	7	3.83956233249619e-34	1.53361761353401	0.42	0.179	7.68757170212388e-30
YME1L1	7	8.19674563383515e-34	1.47029663892092	0.58	0.333	1.64115241080647e-29
TMEM179B	7	1.33573353915744e-33	1.39533595196567	0.347	0.128	2.67440569210103e-29
KIAA1598	7	1.71956672357763e-33	1.64836668122357	0.278	0.09	3.44291649394714e-29
CCDC107	7	1.7523983267747e-33	1.24743683556788	0.466	0.209	3.50865192986831e-29
PIK3IP1	7	2.25980635241252e-33	1.5417497705038	0.258	0.078	4.52458427880034e-29
HNRNPU-AS1	7	5.17399399501516e-33	1.98747696894482	0.276	0.091	1.03593707768194e-28
NUDT22	7	7.21894686672803e-33	1.62663866809031	0.251	0.076	1.44537754165629e-28
CD302	7	7.69798373641211e-33	1.17761589726667	0.478	0.219	1.54129030370443e-28
TGIF1	7	8.76222306047206e-33	1.82100842650217	0.344	0.134	1.75437230116772e-28
CLEC2B	7	9.00183149261922e-33	1.2948782414536	0.562	0.289	1.80234670145222e-28
TNFSF12	7	9.03962290285822e-33	1.44547744712253	0.334	0.123	1.80991329761027e-28
EGR1	7	1.14137898387602e-32	2.12073108580263	0.478	0.251	2.28526900151657e-28
ETV6	7	1.26208396830082e-32	1.52905717621052	0.344	0.131	2.52694452133191e-28
BID	7	1.86061911351695e-32	1.31223638599595	0.423	0.181	3.72533158908364e-28
LRRFIP1	7	5.44354498281703e-32	1.04497367840846	0.608	0.338	1.08990657645962e-27
STX7	7	1.29931008886354e-31	1.21072883478858	0.403	0.167	2.60147865992258e-27
SERPINB9	7	2.35753486849426e-31	1.79179888714774	0.268	0.089	4.7202563136992e-27
ATP6V1B2	7	2.7050420000055e-31	1.43883072043084	0.377	0.156	5.41603509241101e-27
TMEM70	7	4.27734290507905e-31	1.45920553407565	0.395	0.171	8.56409596454928e-27
SYAP1	7	5.62073328995289e-31	1.69368298793881	0.453	0.22	1.12538321931437e-26
DDX3X	7	1.2102087132863e-30	1.3040014124415	0.577	0.335	2.42307988574182e-26
SIRPA	7	1.63961383333442e-30	1.4607704915616	0.322	0.12	3.28283481710218e-26
MAT2A	7	1.82667941890957e-30	1.30316012163955	0.481	0.24	3.65737753254074e-26
ITM2B	7	1.89778276368514e-30	0.650509889412161	0.967	0.963	3.79974064945039e-26
SIAH2	7	2.48775229361728e-30	1.82283925801804	0.278	0.097	4.98097764228052e-26
SNAPC1	7	3.43560500668396e-30	2.36886992859108	0.286	0.106	6.87876834438263e-26
PTPLAD2	7	7.34898003640841e-30	1.36949774564973	0.301	0.108	1.47141278288969e-25
RPS29	7	7.40685368252707e-30	0.448006125137649	0.99	0.976	1.48300024431557e-25
PPIF	7	7.4518665764281e-30	1.97401853651961	0.291	0.107	1.49201272593243e-25
FCHSD2	7	8.54371749111335e-30	1.45310408114496	0.296	0.106	1.71062311607071e-25
DOCK10	7	9.49594425890016e-30	1.40034619020199	0.296	0.105	1.90127795951699e-25
SH3KBP1	7	1.08607464073162e-29	1.06763697974916	0.423	0.183	2.17453864567284e-25
APOC1	7	1.2975117407998e-29	1.44737628556103	0.319	0.124	2.59787800742936e-25
GAPDH	7	1.58139125556713e-29	0.552169926987522	0.987	0.952	3.1662615718965e-25
USP15	7	2.72391295872171e-29	1.04515510521679	0.516	0.262	5.4538185259526e-25
PARP8	7	3.61257305614485e-29	1.22915954019577	0.276	0.094	7.23309377301322e-25
UBAC2	7	3.63515516482161e-29	1.45638835573936	0.405	0.184	7.27830767100583e-25
ERN1	7	4.88173468262065e-29	1.36015563279132	0.342	0.137	9.77420918154307e-25
TRABD	7	5.65955742375862e-29	1.26862429489227	0.359	0.146	1.13315658738495e-24
CRIP1	7	5.69712008914885e-29	1.57594282376941	0.281	0.1	1.14067738424938e-24
UBE2D1	7	7.7869998698893e-29	1.40982854931332	0.314	0.119	1.55911311394924e-24
KPNA2	7	1.10199780594052e-28	0.969400266394838	0.289	0.103	2.2064200070541e-24
RB1	7	2.03270943181246e-28	1.21950349839931	0.408	0.184	4.06989082437491e-24
CORO1B	7	2.38124721892367e-28	1.01714913738644	0.395	0.17	4.76773318172897e-24
GABARAPL1	7	2.44572171015875e-28	1.38991289573983	0.418	0.192	4.89682400807985e-24
ARL6IP5	7	2.46443121735908e-28	0.976185320550989	0.623	0.365	4.93428418339634e-24
RNF166	7	3.00354153247821e-28	1.45315584723481	0.304	0.115	6.01369085632787e-24
TCOF1	7	3.01729963696604e-28	1.627861666342	0.316	0.125	6.04123733313341e-24
TNFRSF14	7	3.22556330930734e-28	1.34734096654409	0.347	0.142	6.45822285789517e-24
EEF1B2	7	4.12088848677635e-28	0.634160859586038	0.919	0.849	8.2508429282236e-24
DDT	7	4.22407543910915e-28	1.0358210255465	0.494	0.245	8.45744384418434e-24
FAM46A	7	5.44810461571676e-28	1.67731029135473	0.496	0.272	1.09081950615881e-23
N4BP2L1	7	5.50284527123357e-28	1.45528468040855	0.276	0.098	1.10177968020639e-23
RARRES3	7	1.33393489774058e-27	1.08394629225021	0.301	0.111	2.67080445225618e-23
FKBP4	7	1.40329148740137e-27	1.83186083014155	0.43	0.219	2.80967021607501e-23
DDX5	7	1.80102860565296e-27	0.561480771833127	0.97	0.874	3.60601947423836e-23
PPP1R18	7	1.8964141528875e-27	1.15728397024351	0.365	0.152	3.79700041691136e-23
NXF1	7	2.38117948303844e-27	1.63212420717404	0.261	0.092	4.76759756093956e-23
MANBA	7	2.80440781725199e-27	1.41297492942152	0.273	0.098	5.61498533170193e-23
TUBA1C	7	3.56011006230379e-27	1.15515895875199	0.316	0.124	7.12805236674465e-23
HPRT1	7	4.58824736515165e-27	1.40636318776596	0.266	0.094	9.18658887450662e-23
TRIM38	7	5.03815246849028e-27	1.16908862134135	0.359	0.151	1.00873888724112e-22
MED29	7	6.90153284945591e-27	1.50574406189582	0.359	0.157	1.38182490711806e-22
TWF2	7	7.46398657451259e-27	1.18228281591742	0.385	0.17	1.49443939194891e-22
MIDN	7	8.08632947601924e-27	1.42161945545539	0.446	0.225	1.61904488768857e-22
BAG1	7	1.39256873097341e-26	1.27725382839682	0.362	0.157	2.78820111315496e-22
TPP1	7	1.49163924561554e-26	1.08662991709956	0.423	0.198	2.98656009757143e-22
BMP2K	7	1.56258408268432e-26	1.21907953383834	0.337	0.138	3.12860585035055e-22
EIF1	7	1.62255031404437e-26	0.411335891342633	1	0.998	3.24867023877964e-22
DNAJB9	7	1.76640491813927e-26	1.5210928947853	0.314	0.127	3.53669592709844e-22
PLTP	7	1.88530628680856e-26	1.46024292179626	0.342	0.146	3.77476024744811e-22
DAZAP2	7	2.66659524725917e-26	1.14739856837283	0.433	0.21	5.33905700406231e-22
PSME2	7	2.7734415853599e-26	1.3355923180784	0.524	0.297	5.55298474220759e-22
NMI	7	3.71987532195595e-26	1.41407725611356	0.289	0.111	7.44793436962019e-22
POLR2A	7	4.13163117870654e-26	1.51324981584005	0.339	0.145	8.27235194600623e-22
LYSMD2	7	4.71449788726069e-26	1.39963278220744	0.301	0.118	9.43936766987336e-22
STIP1	7	6.56094008918021e-26	1.28011833813827	0.357	0.155	1.31363142465566e-21
SNX29	7	6.83380551539451e-26	1.35722457898407	0.306	0.121	1.36826454029229e-21
RNASE1	7	7.79981292892502e-26	1.4066661304781	0.344	0.15	1.56167854462937e-21
SDCBP	7	1.00306584503912e-25	0.862694493432048	0.747	0.589	2.00833843493733e-21
MEPCE	7	1.30639348843759e-25	1.46665885392243	0.271	0.101	2.61566104254974e-21
LITAF	7	1.47081018322197e-25	1.1881976321932	0.572	0.353	2.94485614884703e-21
NGLY1	7	1.56178581875008e-25	1.35389335317599	0.344	0.149	3.12700756630141e-21
BHLHE40	7	1.56721391017176e-25	1.64234148289613	0.324	0.139	3.1378756909459e-21
RAPGEF1	7	1.91938612670272e-25	1.38301288156685	0.309	0.124	3.84299490288418e-21
TRA2B	7	2.29852120671977e-25	1.12304083116812	0.694	0.509	4.60209916009433e-21
RPL39	7	2.67827891248357e-25	0.408374225285986	0.997	0.999	5.36245003857461e-21
ARPC5	7	2.70487068089117e-25	0.641409895326639	0.823	0.668	5.41569207728031e-21
GADD45G	7	3.03349687349791e-25	2.42712591914663	0.273	0.108	6.07366744011752e-21
JOSD1	7	3.40418828663479e-25	1.25740485842459	0.438	0.223	6.81586578750018e-21
MYO9B	7	3.58021518926253e-25	1.24140660050705	0.332	0.139	7.16830685194144e-21
ELF1	7	6.3854972718845e-25	1.02115907254304	0.458	0.23	1.27850426377671e-20
BNIP3L	7	7.33822105903855e-25	1.09939642085863	0.577	0.359	1.4692586204407e-20
SULF2	7	9.95352610668861e-25	1.25515474872872	0.276	0.104	1.99289499708119e-20
BCL2L11	7	1.02586743874889e-24	1.33371547123836	0.291	0.114	2.05399178586304e-20
ARHGAP18	7	1.87881538237909e-24	0.831772881981822	0.547	0.305	3.76176415859942e-20
CAP1	7	3.63353308197166e-24	0.906261892153041	0.547	0.306	7.27505993672367e-20
DDAH2	7	4.30410938334677e-24	0.912267035205707	0.471	0.234	8.61768780733689e-20
PTPN1	7	4.84268822896193e-24	1.4467509752684	0.291	0.118	9.69603037202758e-20
SRSF7	7	5.50005134436552e-24	1.26160616268063	0.775	0.642	1.10122028016886e-19
APAF1	7	6.04000580901131e-24	1.21767533992541	0.306	0.126	1.20932996308025e-19
TCP1	7	6.14270944180396e-24	1.10420126976495	0.544	0.329	1.22989328443799e-19
VASP	7	6.58507300798629e-24	1.32191668111562	0.314	0.132	1.31846331765902e-19
VAMP5	7	6.95535188983185e-24	0.970337385648892	0.408	0.195	1.39260055538213e-19
ZNF524	7	7.51820983092018e-24	1.34203219940868	0.261	0.098	1.50529597234684e-19
TPM3	7	8.87171068196521e-24	0.735729585599874	0.724	0.507	1.77629391274307e-19
TBRG1	7	1.39012952676311e-23	1.277392454435	0.281	0.111	2.78331733848511e-19
PTP4A1	7	1.93880527478573e-23	1.31012406938931	0.334	0.148	3.881875921176e-19
ARF6	7	4.59763455187017e-23	1.45670444929782	0.322	0.143	9.20538389975446e-19
MX1	7	6.17822850865145e-23	1.07817710122618	0.319	0.134	1.23700491200219e-18
RPS9	7	1.02408626919472e-22	0.35893672697954	0.995	0.998	2.05042552818168e-18
ARRDC3	7	1.08718842973443e-22	1.20750937649361	0.41	0.208	2.17676867401427e-18
TAF10	7	1.13118773683119e-22	0.952697270825509	0.511	0.295	2.26486408668341e-18
TMEM66	7	1.13548859486683e-22	0.671435850767172	0.762	0.661	2.27347526464237e-18
SIRT1	7	1.20068857600766e-22	1.49219394602957	0.266	0.106	2.40401866688253e-18
JMJD6	7	1.98716718286655e-22	1.19480803540499	0.337	0.151	3.97870613353541e-18
DNTTIP2	7	2.02448530805828e-22	1.28431142884291	0.395	0.2	4.05342448379428e-18
CACUL1	7	2.11480282315272e-22	1.2149612239928	0.291	0.119	4.23425821251638e-18
CAB39	7	2.47182339851253e-22	1.06424785779283	0.334	0.146	4.94908480850179e-18
RTN3	7	3.57529833738747e-22	1.10160949047526	0.367	0.173	7.15846233111719e-18
PTBP3	7	4.16564628980034e-22	1.07643092747926	0.314	0.134	8.34045700143823e-18
PRPF38B	7	5.30028723281043e-22	0.917908238096043	0.461	0.241	1.06122350975331e-17
SLC20A1	7	5.73110138234289e-22	1.4128605730846	0.319	0.143	1.14748111877269e-17
CMIP	7	5.97893134774211e-22	1.26244724129507	0.263	0.104	1.19710163444493e-17
RPL41	7	7.90307002928729e-22	0.353991780599687	1	1	1.5823526812639e-17
P2RX4	7	9.09643427764236e-22	1.31007953557934	0.258	0.102	1.82128807106955e-17
DDX3Y	7	9.18618716441942e-22	1.04510974371713	0.57	0.373	1.83925839406006e-17
LINC-PINT	7	9.92097968680325e-22	1.27824907270999	0.301	0.131	1.98637855289175e-17
BASP1	7	1.14710335125597e-21	1.27412627120726	0.471	0.267	2.29673032988471e-17
CHPT1	7	2.02346371936532e-21	1.19342051722583	0.296	0.126	4.05137905891325e-17
PSAP	7	2.36936882817836e-21	0.563364237870049	0.833	0.731	4.74395026777871e-17
PLBD1	7	3.56319479639794e-21	0.974785472501669	0.387	0.189	7.13422862134796e-17
IFNAR2	7	5.26363664828951e-21	1.34953102459171	0.253	0.1	1.05388532972053e-16
PFDN5	7	5.33243666688946e-21	0.384419984588216	0.977	0.952	1.06766046944461e-16
MYL12A	7	5.34137066714169e-21	0.568423183517266	0.853	0.752	1.06944923497511e-16
ATP6V0D1	7	5.6293992711502e-21	1.03488337667445	0.423	0.223	1.12711832206969e-16
PIP4K2A	7	6.05510452780276e-21	1.13854193126025	0.268	0.109	1.21235302855667e-16
SLC8A1	7	6.07989263804952e-21	1.06674264166825	0.359	0.17	1.21731610399027e-16
THAP9-AS1	7	7.36274389464333e-21	1.38271308520422	0.271	0.114	1.47416858258549e-16
CHD1	7	8.19265018856527e-21	1.12997881683508	0.433	0.235	1.64033242075454e-16
PICALM	7	8.96786983885786e-21	1.02967008121132	0.354	0.167	1.79554689913612e-16
GPNMB	7	1.3008835647179e-20	1.56435517861179	0.253	0.104	2.60462907327818e-16
OSER1	7	1.51988626401673e-20	1.2954824811445	0.273	0.115	3.0431162778143e-16
NANS	7	1.71860437928632e-20	1.08045780984097	0.413	0.215	3.44098968820708e-16
ACSL1	7	2.51615504044387e-20	1.07369521574815	0.357	0.171	5.03784562197671e-16
EIF5	7	2.92247992441796e-20	0.73581486077504	0.765	0.624	5.85138930466964e-16
CREBL2	7	3.45327665478973e-20	1.20746446909645	0.284	0.122	6.91415051821999e-16
PCBP1	7	3.75010703574025e-20	0.780330406710219	0.633	0.418	7.50846430695913e-16
AIP	7	3.81545720918958e-20	0.934309601926476	0.403	0.203	7.63930842423939e-16
HLA-F	7	6.19539200495644e-20	1.04320911482738	0.357	0.174	1.24044138723238e-15
RPL29	7	6.70878907176156e-20	0.344427747105977	0.997	0.996	1.3432337479481e-15
IVNS1ABP	7	8.76680187187764e-20	1.05793187948582	0.418	0.221	1.75528907078734e-15
ITSN2	7	1.31266097574726e-19	1.14489062329817	0.327	0.155	2.62820980564117e-15
ALKBH7	7	1.40188617304044e-19	0.86780898331892	0.486	0.278	2.80685649566157e-15
IRS2	7	1.57597130634243e-19	1.25487272447977	0.322	0.151	3.15540974955882e-15
APMAP	7	1.61989136873247e-19	1.02534515453526	0.372	0.188	3.24334649847614e-15
ETHE1	7	3.07772563729002e-19	1.18031128009371	0.263	0.111	6.16222227098208e-15
M6PR	7	3.64083019650407e-19	0.956858431399589	0.415	0.222	7.28967021944045e-15
C9orf89	7	4.97141699476384e-19	1.10833162286286	0.304	0.139	9.95377110691617e-15
FRMD4B	7	5.26075358476139e-19	0.890781560371944	0.299	0.132	1.05330808274093e-14
SP110	7	5.68842053245433e-19	0.994155174037454	0.342	0.166	1.13893555900801e-14
EPB41L3	7	6.30344969361167e-19	1.01840308744372	0.344	0.168	1.26207669765493e-14
RPL28	7	6.7987971105376e-19	0.303255906992606	1	1	1.36125515747184e-14
CYTH1	7	8.13464617577412e-19	1.22131452336149	0.268	0.116	1.62871885731349e-14
ANKRD13D	7	1.23456125094503e-18	1.1418891480941	0.271	0.117	2.47183853664213e-14
FUOM	7	1.58301098179997e-18	1.09842924504126	0.278	0.122	3.1695045877599e-14
DRAP1	7	2.14675691790401e-18	0.739248421600282	0.661	0.466	4.2982367010274e-14
WIPF1	7	2.55589179163774e-18	0.853068321157444	0.428	0.23	5.11740654521709e-14
MBOAT7	7	2.9877426303785e-18	1.15540050157828	0.278	0.125	5.98205829454383e-14
MIF4GD	7	3.23633568078659e-18	1.09642230627645	0.291	0.133	6.47979130007091e-14
RAB8A	7	3.24625941627495e-18	0.902349223928663	0.443	0.251	6.4996606032657e-14
PHYH	7	3.29235527238113e-18	1.59918813897076	0.344	0.183	6.5919537263615e-14
H2AFZ	7	5.73537120679869e-18	0.252973927836082	0.719	0.515	1.14833602302523e-13
PPP1R14B	7	7.0942695268244e-18	0.571446085688776	0.37	0.183	1.42041464466078e-13
TFPT	7	8.39812039309219e-18	1.20026856139078	0.256	0.111	1.68147166510492e-13
TBC1D1	7	9.79529365476472e-18	1.16915223083149	0.251	0.107	1.96121369555699e-13
ZFP36L1	7	1.01155395680236e-17	0.725088925572346	0.777	0.665	2.02533333230968e-13
CDKN1B	7	1.05243589378147e-17	1.13605013580429	0.357	0.188	2.10718714652926e-13
MCOLN1	7	1.30314774462045e-17	1.13125495222379	0.327	0.162	2.60916241427906e-13
FAM111A	7	1.59723748814962e-17	0.903598975808487	0.299	0.137	3.19798889877316e-13
CD44	7	1.64500304264958e-17	0.875644388531111	0.567	0.353	3.29362509199299e-13
CNDP2	7	2.11172786420889e-17	1.10278225442622	0.299	0.141	4.22810152971903e-13
PPA1	7	2.2975042665652e-17	1.19227213176909	0.446	0.267	4.60006304251685e-13
PHF11	7	2.59573219850886e-17	1.1591969820282	0.253	0.11	5.19717500785445e-13
UBE2A	7	3.12765735726315e-17	0.981284941532983	0.392	0.214	6.26219556071228e-13
ARL6IP1	7	4.15258958396336e-17	0.937548011452354	0.324	0.159	8.31431486501145e-13
HNRNPU	7	4.16683086737352e-17	0.918588244988592	0.782	0.703	8.34282876265527e-13
ZSWIM7	7	4.64068022480442e-17	0.959578795705501	0.365	0.19	9.29156994610341e-13
RNF149	7	4.65896093905368e-17	1.10059481803332	0.309	0.15	9.32817159217329e-13
SUZ12	7	5.11794499733535e-17	1.10392738366239	0.256	0.113	1.02471494736648e-12
POLD4	7	5.56176677207212e-17	0.910922491733842	0.43	0.25	1.11357694310428e-12
ALG13	7	5.90032287917051e-17	1.31952356784844	0.357	0.19	1.18136264686752e-12
TGFB1	7	9.35680212100012e-17	0.827870281143305	0.433	0.241	1.87341892066664e-12
HIGD2A	7	9.48218723736181e-17	0.763216511179569	0.557	0.369	1.89852352866458e-12
PEA15	7	1.23348289509266e-16	1.09871428396893	0.306	0.151	2.46967945255453e-12
H2AFY	7	1.39804311003512e-16	0.717304587747884	0.605	0.417	2.79916191491232e-12
PSME1	7	1.39890343793768e-16	0.805384798761291	0.514	0.331	2.80088446343882e-12
PARP14	7	2.5200036163623e-16	0.794512756208219	0.463	0.275	5.0455512406806e-12
HEXIM1	7	2.53568185559744e-16	1.15285292005651	0.322	0.164	5.07694221127719e-12
TSEN34	7	2.69748088852732e-16	1.13049849234057	0.372	0.205	5.40089623500939e-12
ACTR3	7	2.89906283660289e-16	0.825459584851208	0.489	0.3	5.8045036114463e-12
VEGFB	7	3.0337325540135e-16	0.861330998709172	0.392	0.217	6.07413931964583e-12
RPS24	7	3.13777064209995e-16	0.296747347904435	1	1	6.28244437961252e-12
SRSF3	7	3.26991421338412e-16	0.71518080290837	0.818	0.731	6.54702223803768e-12
FCHO2	7	3.53996079331086e-16	0.963836957766707	0.357	0.192	7.08770950036701e-12
EIF2AK4	7	3.70790556637547e-16	0.865759132707056	0.382	0.208	7.42396852499696e-12
C19orf24	7	5.2458467899904e-16	0.881429952121964	0.334	0.17	1.05032344429188e-11
CARD8	7	5.72318855006826e-16	1.00903372583127	0.289	0.138	1.14589681149467e-11
ELMO1	7	5.80276869999449e-16	0.932422721383441	0.306	0.149	1.1618303491129e-11
PNPLA8	7	7.11927862636816e-16	1.07884436748351	0.418	0.254	1.42542196657143e-11
TMEM176A	7	7.37461921769363e-16	0.939652923000786	0.425	0.248	1.47654625976662e-11
MAPRE1	7	7.70876206245832e-16	0.861493393905486	0.354	0.184	1.54344834014541e-11
RN7SL1	7	8.33509939316183e-16	0.980661227519858	0.344	0.181	1.66885360049886e-11
RPL11	7	9.27264702476535e-16	0.282852872958649	1	1	1.85656938729852e-11
ARPC1B	7	1.08949829694473e-15	0.438436461741961	0.881	0.779	2.18139349014274e-11
AZIN1	7	1.11790215706297e-15	0.998379333366604	0.322	0.164	2.23826369887148e-11
CNTRL	7	1.59314973546944e-15	0.942351315334976	0.289	0.139	3.18980440035691e-11
GTF2B	7	1.63797447170032e-15	1.21362984190217	0.339	0.182	3.27955248723838e-11
SWAP70	7	2.39317380361046e-15	0.912281551503932	0.291	0.143	4.79161258958886e-11
NUP214	7	2.44047082537829e-15	0.953394288348335	0.299	0.147	4.8863106865724e-11
BCL10	7	2.82085910851573e-15	1.30009962016139	0.256	0.12	5.6479241070702e-11
GLIPR2	7	3.92099730115107e-15	1.07546809659795	0.261	0.122	7.85062079636467e-11
LSM10	7	6.70595527827291e-15	0.814679173590732	0.392	0.221	1.3426663658158e-10
PGK1	7	7.38268794402943e-15	0.777381494101909	0.514	0.329	1.47816178015357e-10
ATP6V0B	7	8.19681869142965e-15	0.552344885742996	0.727	0.616	1.64116703839804e-10
C10orf11	7	9.18566197062351e-15	0.999039756834712	0.266	0.127	1.83915323975824e-10
TMEM107	7	1.07347647794285e-14	1.19521220827243	0.261	0.127	2.14931460413716e-10
RANBP2	7	2.70437318650081e-14	1.34636462020472	0.4	0.253	5.41469599401192e-10
GNAQ	7	3.22279311550541e-14	0.960496595408597	0.286	0.143	6.45267637586493e-10
FCGRT	7	4.2161536924345e-14	0.443775743927353	0.866	0.804	8.44158292299236e-10
TLE4	7	4.6890566383292e-14	0.97839558258518	0.273	0.135	9.38842920126273e-10
RAP1A	7	6.14933613852825e-14	0.679121686711209	0.448	0.268	1.23122008165613e-09
LTA4H	7	6.15075578943772e-14	0.977620773199806	0.276	0.137	1.23150432416122e-09
PGP	7	6.73946907984466e-14	0.771345666241366	0.387	0.22	1.3493764991665e-09
PTGER4	7	8.24653354616489e-14	1.19694013478342	0.354	0.201	1.65112094661313e-09
NEU1	7	8.8906197488826e-14	1.07577827194183	0.39	0.241	1.78007988612127e-09
RPS15	7	9.14377136709178e-14	0.261334508696453	1	0.999	1.83076590311912e-09
EMP3	7	9.3373009351173e-14	0.785691713961155	0.587	0.434	1.86951439322919e-09
PTRHD1	7	9.41056858956536e-14	0.986665912802814	0.281	0.143	1.88418404300278e-09
SNHG12	7	9.53903808957347e-14	1.06761054247919	0.311	0.167	1.9099062062944e-09
SNX2	7	9.98294662745503e-14	0.763694181083637	0.453	0.284	1.99878557374905e-09
RTN4	7	1.05968883983968e-13	0.639271221023824	0.567	0.381	2.121708995127e-09
RPS19	7	1.33530452397299e-13	0.257967431865347	0.997	1	2.67354671789871e-09
RPL30	7	1.61096275917853e-13	0.296804930365983	0.997	0.999	3.22546963642725e-09
SLC3A2	7	1.76618303761214e-13	0.683380499528202	0.519	0.347	3.53625167790702e-09
LEPROTL1	7	2.05350952708124e-13	0.584864389131364	0.372	0.204	4.11153677512206e-09
USP36	7	2.08563974683144e-13	1.04040627751037	0.357	0.208	4.1758679011059e-09
CISD2	7	2.47576740633439e-13	0.89901093850344	0.304	0.161	4.95698150096272e-09
VPS29	7	3.66343252402266e-13	0.702482708577667	0.486	0.319	7.33492459959816e-09
PDE4DIP	7	4.47003055317874e-13	0.7419553867631	0.316	0.168	8.94989517357447e-09
TANK	7	5.38439934794389e-13	0.806821675977414	0.359	0.203	1.07806443744533e-08
ACAA1	7	5.51857099560491e-13	0.86560636364124	0.334	0.187	1.10492828474001e-08
RPL36AL	7	6.07033742544378e-13	0.377679656446187	0.896	0.824	1.21540295932235e-08
GRN	7	8.07585866778548e-13	0.512631693421883	0.767	0.669	1.61694842246401e-08
NOP10	7	8.45739265888383e-13	0.636411294508019	0.489	0.314	1.69333915816172e-08
SERPINB6	7	8.50796050628619e-13	0.682405961616863	0.309	0.162	1.70346385256862e-08
LIPA	7	1.08427457817797e-12	1.01351263689176	0.253	0.127	2.17093456042793e-08
IFNGR2	7	1.19138702480417e-12	0.684603501150298	0.504	0.341	2.38539510106291e-08
TRAPPC1	7	1.21993225902639e-12	0.716113837112607	0.385	0.225	2.44254836902265e-08
CAPZB	7	1.26038063934909e-12	0.553628305575893	0.663	0.512	2.52353411610474e-08
DSE	7	1.34089203949373e-12	0.916648815469812	0.352	0.205	2.68473404147435e-08
VMP1	7	1.97575803442136e-12	0.761430548681175	0.638	0.516	3.95586273651844e-08
PLEKHB2	7	2.14441921877681e-12	0.923390360737415	0.261	0.133	4.29355615983494e-08
DHRS7	7	2.30100125227551e-12	0.642471946550083	0.405	0.242	4.60706470730603e-08
ATP5G2	7	2.36023847041462e-12	0.402753684408008	0.881	0.832	4.72566946546415e-08
MT2A	7	2.42982126383069e-12	0.48524279982777	0.38	0.222	4.86498813444181e-08
RPL36	7	2.78743799400204e-12	0.264999609372262	1	0.999	5.58100835159088e-08
ACTR2	7	2.8125749517562e-12	0.530770978140261	0.595	0.421	5.63133756840627e-08
S100A6	7	3.12029729951456e-12	0.675093116937551	0.835	0.83	6.24745925308806e-08
COMMD9	7	3.80562493900728e-12	0.824879208926226	0.289	0.154	7.61962225288037e-08
PGLS	7	3.9026629113158e-12	0.591604867533976	0.567	0.398	7.81391168103649e-08
B4GALT1	7	4.26291582732391e-12	0.922218329664766	0.276	0.146	8.53521006946794e-08
LAMTOR1	7	7.25013314714421e-12	0.577082843616078	0.501	0.332	1.45162165872121e-07
SMS	7	8.28042507372558e-12	0.627401796931637	0.365	0.212	1.65790670826133e-07
KATNBL1	7	8.9391751164421e-12	0.842742718856695	0.271	0.142	1.78980164181404e-07
MIS18BP1	7	9.67916611281471e-12	0.663850155094722	0.428	0.268	1.93796263910776e-07
WTAP	7	1.0113027978046e-11	0.988619772149064	0.382	0.239	2.02483046176437e-07
EZR	7	1.12132836166139e-11	0.866980488064003	0.468	0.318	2.24512364571844e-07
UBE2L3	7	1.19184940011618e-11	0.626495037741156	0.438	0.277	2.38632086891262e-07
IDI1	7	1.23639696202668e-11	1.00284674948798	0.309	0.176	2.47551399736981e-07
ARL8B	7	1.65580252586874e-11	0.828971047784937	0.304	0.17	3.31524781729438e-07
MOB1A	7	1.75677457655897e-11	0.675177982807777	0.458	0.301	3.51741405718636e-07
GSTO1	7	2.3941020238049e-11	0.656707677943363	0.537	0.387	4.79347107206218e-07
FKBP2	7	2.50689884893986e-11	0.620755795730877	0.453	0.296	5.01931287534739e-07
IL10RB	7	2.96111016775984e-11	0.854907655763427	0.273	0.148	5.92873477788875e-07
RNASEH2B	7	3.54371170208705e-11	0.839896839237712	0.268	0.143	7.09521956991869e-07
ACTB	7	3.63975503493932e-11	0.419041137445367	1	0.969	7.28751753095551e-07
CYLD	7	6.1557229524113e-11	0.92858751844332	0.268	0.146	1.23249884953179e-06
MAP3K2	7	6.31463418036087e-11	0.892923608624525	0.433	0.294	1.26431605559185e-06
RPS10	7	7.40908694743135e-11	0.524368914530247	0.668	0.544	1.48344738861471e-06
VPS28	7	8.43853810991516e-11	0.558828697850295	0.527	0.364	1.68956410036721e-06
MALT1	7	9.62967114740779e-11	0.771066849766772	0.258	0.137	1.92805275713399e-06
TAPBP	7	9.69030848097328e-11	0.574991475710501	0.382	0.231	1.94019356406047e-06
SSR3	7	1.03953125227372e-10	0.562458909019296	0.559	0.402	2.08134947330245e-06
RNF13	7	1.27082084690704e-10	0.576502632451656	0.433	0.278	2.54443749967727e-06
STX8	7	1.47580020946716e-10	0.778976954635968	0.289	0.162	2.95484717939515e-06
MBD2	7	1.7864594335524e-10	0.778533284145867	0.306	0.177	3.57684907785862e-06
RTCB	7	1.85799476598039e-10	0.813226235212338	0.268	0.147	3.72007712044594e-06
ZFAS1	7	2.04602844842878e-10	0.367941445777486	0.884	0.815	4.09655815944411e-06
ARID4A	7	2.26527503266871e-10	0.730920751443913	0.314	0.182	4.5355336704093e-06
GPR108	7	2.59204334801814e-10	0.845088391600141	0.251	0.135	5.18978919140191e-06
JARID2	7	2.59630325685387e-10	0.907556047636449	0.253	0.137	5.19831838087282e-06
JDP2	7	2.85259733659596e-10	0.67760224940116	0.349	0.212	5.71147038733242e-06
SNHG15	7	3.3660384543341e-10	1.19938149561021	0.349	0.231	6.73948219326774e-06
ZBTB10	7	4.88337472128261e-10	1.04083520534784	0.316	0.195	9.77749286695204e-06
RPS21	7	5.35908658678415e-10	0.254071708484372	0.97	0.959	1.07299631640592e-05
AHSA1	7	5.9371190024203e-10	0.75320766139332	0.387	0.252	1.18872996666459e-05
NDUFS8	7	6.06782369774849e-10	0.565265055708632	0.428	0.28	1.2148996607632e-05
P4HA1	7	6.23165829187513e-10	0.652081772397467	0.486	0.346	1.24770262319924e-05
NFE2L2	7	6.38302941025179e-10	0.635697338682177	0.565	0.425	1.27801014852061e-05
NUDT16	7	7.20682792260235e-10	0.756964969636565	0.258	0.142	1.44295108666344e-05
TMEM123	7	8.44552223136528e-10	0.552738388731664	0.395	0.247	1.69096246116396e-05
IFI44L	7	9.58544080572199e-10	0.845973290601042	0.271	0.155	1.91919695812166e-05
NCOA7	7	1.0553197033131e-09	0.656692687517849	0.256	0.14	2.11296110997348e-05
COX8A	7	1.21420355205877e-09	0.444113071992761	0.625	0.467	2.43107835193207e-05
YBX1	7	1.41395710866667e-09	0.260835102338548	0.959	0.914	2.8310249229724e-05
CLNS1A	7	1.75214179322976e-09	0.747593473254331	0.337	0.212	3.50813829840462e-05
DBI	7	1.99440590237324e-09	0.728939239715851	0.613	0.507	3.9931994977317e-05
SH3BGRL	7	2.94764085678708e-09	0.395321016974379	0.724	0.619	5.90176652345908e-05
ERP29	7	3.20773049592398e-09	0.453952453002661	0.595	0.462	6.422517998939e-05
ITPR2	7	4.61034852789885e-09	0.668713319081646	0.251	0.14	9.23083982255908e-05
CHD2	7	5.25947644028088e-09	0.527379576831642	0.575	0.428	0.000105305237287304
NUP62	7	6.91915433303571e-09	0.914885017851844	0.261	0.151	0.000138535308056041
TPRKB	7	9.91351798469966e-09	0.640929325640704	0.291	0.173	0.000198488457089657
GTF3A	7	1.08531619249556e-08	0.473786104071018	0.476	0.334	0.00021730200806146
DDX27	7	1.18811438463904e-08	0.78858694880979	0.365	0.245	0.000237884262092428
MYLIP	7	1.20864765914227e-08	0.961054144814555	0.251	0.147	0.000241995434313465
CACYBP	7	1.38525330159929e-08	0.678251770408659	0.514	0.39	0.00027735541604621
PHF20	7	1.47843032151271e-08	0.632792276202365	0.319	0.197	0.000296011318973275
DNM2	7	1.4848708851714e-08	0.75733601482535	0.276	0.166	0.000297300848629018
RAB7A	7	1.49584116642093e-08	0.550745318070995	0.504	0.368	0.000299497318340799
SLC4A7	7	1.68359513795948e-08	0.667280652587656	0.311	0.192	0.000337089418522248
C1orf63	7	1.84481673198587e-08	0.434124889774035	0.734	0.622	0.000369369206078211
LPCAT2	7	2.01227710192445e-08	0.543839551580266	0.261	0.149	0.000402898121347314
NUDT1	7	2.45323899010756e-08	0.507387619678838	0.377	0.242	0.000491187510599336
KIAA1033	7	3.72110829195204e-08	0.598456494408645	0.291	0.177	0.000745040302214637
RPS11	7	3.86535519239964e-08	0.297110280715687	0.977	0.94	0.000773921416622256
C1orf43	7	4.33182647367235e-08	0.526155298380999	0.42	0.289	0.000867318296558678
PTGES3	7	4.81538443256654e-08	0.48458076191969	0.772	0.734	0.000964136271088474
SEPP1	7	5.62404717053954e-08	0.547004720662881	0.349	0.62	0.00112604672448543
UBE2L6	7	5.64276821603753e-08	0.672631050924634	0.263	0.156	0.00112979505221504
SCAMP2	7	5.91566403011009e-08	0.579761943811959	0.377	0.255	0.00118443425210864
LIMS1	7	6.07166670120173e-08	0.45008655252772	0.516	0.384	0.00121566910691461
MGST2	7	8.21956714352958e-08	0.394851374052567	0.342	0.217	0.00164572173347749
EIF3K	7	1.06611193882209e-07	0.338366312933507	0.79	0.734	0.00213456932390958
SMEK1	7	1.08212986667621e-07	0.746923341029027	0.334	0.224	0.00216664041905911
UXT	7	1.21164505850456e-07	0.459256021207674	0.481	0.349	0.00242595573613783
TMEM2	7	1.96107476743179e-07	0.573925960428895	0.286	0.178	0.00392646389935193
PSMB8	7	2.4059006771353e-07	0.522336819252246	0.405	0.286	0.00481709433576031
ANXA11	7	2.45777135697799e-07	0.550502244512761	0.352	0.235	0.00492094981094133
C17orf62	7	3.15077709113093e-07	0.523444880014005	0.349	0.234	0.00630848589186235
MAF	7	3.21131404676052e-07	0.612592379309699	0.258	0.159	0.00642969298442391
FGFR1OP2	7	3.30527309157981e-07	0.434064534803378	0.413	0.285	0.00661781778396109
ERP44	7	3.85254445914295e-07	0.508776830225169	0.372	0.254	0.00771356451609602
CCDC23	7	4.71789452874311e-07	0.59172961958048	0.263	0.163	0.00944616842544946
ETF1	7	5.75166608968183e-07	0.609981324136702	0.271	0.17	0.011515985844761
CNN2	7	5.76953968973515e-07	0.570699226825224	0.253	0.155	0.0115517723667877
MXD4	7	6.61187106418222e-07	0.49649408346319	0.309	0.2	0.0132382882447056
USP53	7	6.62848531604182e-07	0.727325479196691	0.286	0.184	0.0132715532997789
RPL36A	7	7.3469531275388e-07	0.481791574709902	0.435	0.313	0.0147100695519582
MAX	7	7.48319118475546e-07	0.507031146206186	0.319	0.208	0.0149828453901174
GRINA	7	8.0883277746834e-07	0.641590543660134	0.306	0.204	0.0161944498704711
SELT	7	8.14101688097493e-07	0.523780289087398	0.339	0.228	0.016299943999088
NECAP2	7	8.61441613523294e-07	0.648888734799337	0.332	0.227	0.0172477839859634
HSD17B11	7	8.78409711883568e-07	0.52456308863983	0.354	0.242	0.0175875192513328
NAPA	7	9.22557174105317e-07	0.617561912971148	0.322	0.216	0.0184714397399367
KIAA1551	7	1.0291774893202e-06	0.460013540280415	0.304	0.196	0.0206061916911691
AGFG1	7	1.12734801037098e-06	0.617561912971148	0.251	0.156	0.0225717618636477
PFN1	7	1.21368007075627e-06	0.264353813364793	0.934	0.877	0.0243003023766821
HSPA9	7	1.28315551106258e-06	0.706775775336039	0.478	0.376	0.0256913396424949
KDM2A	7	1.45629143566165e-06	0.703359111942759	0.256	0.164	0.0291578671248176
PABPC4	7	1.54235469682834e-06	0.405138854903202	0.529	0.413	0.030881025739897
SDHD	7	1.94907984984611e-06	0.466548009541374	0.314	0.207	0.0390244767536188
CHMP5	7	2.69039400304813e-06	0.473210842661992	0.332	0.224	0.0538670687290296
DEGS1	7	3.22218793478432e-06	0.542645020325196	0.299	0.201	0.0645146468302516
RCOR1	7	4.38859695768101e-06	0.49576859487939	0.278	0.182	0.0878684882866893
CD2AP	7	4.46591310340294e-06	0.529852680409622	0.251	0.16	0.0894165121563336
SRSF5	7	4.67826874879838e-06	0.384579837329374	0.691	0.62	0.0936682968884412
DUSP23	7	4.89865938574645e-06	0.358996977838352	0.266	0.17	0.0980809582214154
FAM177A1	7	5.1454613221747e-06	0.632316195335996	0.306	0.212	0.103022426592582
ZNF706	7	5.95816702878089e-06	0.410787802750099	0.597	0.498	0.119294420250251
C20orf24	7	6.10706352533731e-06	0.606659423555958	0.251	0.162	0.122275625904304
TMEM219	7	6.95913341538392e-06	0.416043048815698	0.403	0.292	0.139335769242817
CAST	7	7.44462230011469e-06	0.436794790722075	0.484	0.376	0.149056227692896
AP2S1	7	7.69623910503015e-06	0.29094973916097	0.729	0.651	0.154094099360914
DYNC1LI1	7	8.18159906689499e-06	0.521453974762375	0.253	0.163	0.163811976517372
ALDOA	7	8.32304239447103e-06	0.305032761011362	0.724	0.668	0.166643954822099
KLF3	7	9.94941512423952e-06	0.48458076191969	0.324	0.224	0.199207189617524
SP100	7	1.31915225203937e-05	0.383575167716212	0.372	0.266	0.264120663903323
SNX6	7	1.38377622406417e-05	0.562350599935959	0.481	0.4	0.277059675582128
LAMTOR2	7	1.50280322065623e-05	0.432668248985859	0.453	0.35	0.300891260839791
MRPS15	7	1.59597911341748e-05	0.47509601146317	0.311	0.215	0.319546938088448
RPL22L1	7	1.69304001047674e-05	0.462151068562143	0.466	0.366	0.338980470897653
VTI1B	7	1.88253661477691e-05	0.577082843616078	0.258	0.173	0.376921481010632
HAGH	7	1.88276556193278e-05	0.433312843247176	0.294	0.199	0.376967320810181
FIBP	7	1.91758236789112e-05	0.549399284930363	0.268	0.181	0.383938341699161
AKR1B1	7	1.92361962247457e-05	0.445719516230064	0.306	0.211	0.385147120811859
CEP170	7	1.94824055007822e-05	0.457730536461343	0.365	0.263	0.390076722936662
CHMP4B	7	2.24864108521759e-05	0.514034392291974	0.258	0.172	0.450222918082267
AFF4	7	2.31712904484569e-05	0.445786938712457	0.494	0.394	0.463935577359004
SESN1	7	2.37738664792941e-05	0.411711697000428	0.256	0.168	0.476000354648427
UQCR10	7	2.79969191875301e-05	0.273369068097159	0.676	0.601	0.560554315972729
AAK1	7	3.13711808008554e-05	0.407544779293127	0.395	0.292	0.628113781994728
FOXP1	7	3.21913283356818e-05	0.409788098218438	0.258	0.171	0.644534775937021
PARL	7	4.01442201269596e-05	0.479785642261163	0.286	0.198	0.803767575381985
DDRGK1	7	4.60482968014293e-05	0.436710187251526	0.299	0.209	0.921978998558218
CIB1	7	4.82540959393497e-05	0.358047135720998	0.494	0.388	0.966143508897659
DBNL	7	4.91420863025141e-05	0.499269463109687	0.299	0.212	0.983922851948938
PPP1CB	7	6.27734255491504e-05	0.381364113292135	0.499	0.403	1
NDRG1	7	6.41468753495108e-05	0.661684466203456	0.261	0.183	1
IQGAP1	7	6.44864077948783e-05	0.339210551987512	0.42	0.317	1
CHMP4A	7	6.99792660150226e-05	0.415182455437806	0.347	0.253	1
SMG1	7	7.00121915919589e-05	0.402262554535748	0.38	0.283	1
INTS6	7	7.63860971161179e-05	0.801020479150218	0.276	0.201	1
PEPD	7	7.84985213501637e-05	0.384305559942466	0.286	0.198	1
TXNDC17	7	8.10860247938769e-05	0.344023497227774	0.306	0.216	1
DAP3	7	9.26013406744444e-05	0.438840909782665	0.261	0.179	1
POLE4	7	0.000101180182483099	0.398854538442556	0.258	0.176	1
RNF114	7	0.000107710444406	0.51694060836525	0.266	0.187	1
DAB2	7	0.000120308526852903	0.691008408838764	0.377	0.302	1
USF2	7	0.000124635992279657	0.368220383193377	0.38	0.285	1
TALDO1	7	0.000133059942627717	0.361700551787778	0.484	0.385	1
SFT2D1	7	0.000134241111831666	0.441888864181499	0.367	0.277	1
MSN	7	0.00014131738818799	0.253201618231478	0.435	0.333	1
VMA21	7	0.000145469569770467	0.370963201379331	0.301	0.215	1
TMEM256	7	0.00015158573370295	0.391070858006129	0.256	0.176	1
TRIM22	7	0.000174902524285458	0.287655189505916	0.311	0.221	1
VIMP	7	0.00018868120811235	0.405867169803674	0.319	0.234	1
CCDC53	7	0.000194018122799714	0.341174413759121	0.266	0.184	1
GPCPD1	7	0.000195772047095086	0.465414614913965	0.253	0.177	1
REEP5	7	0.000202986050661402	0.278238361841757	0.471	0.369	1
HEXB	7	0.000205583204234145	0.260020503900532	0.337	0.244	1
PPP1R2	7	0.000239977618640441	0.361814856713012	0.332	0.245	1
FAM162A	7	0.000267814930396279	0.341432949123477	0.347	0.258	1
LDHA	7	0.000341241865321736	0.426281536520711	0.729	0.687	1
ATP6AP2	7	0.000379632189583171	0.386223919472805	0.514	0.436	1
CTSA	7	0.000417662195305648	0.444370786720643	0.316	0.239	1
PSMG2	7	0.0004364786979996	0.285965895814244	0.39	0.297	1
RUNX1	7	0.000469385362176736	0.28297012659684	0.349	0.26	1
KRAS	7	0.000470439665741711	0.324639849049999	0.271	0.193	1
PSENEN	7	0.000553257725066286	0.400339009560275	0.261	0.188	1
NBEAL1	7	0.000561234420393041	0.25184201468788	0.638	0.573	1
IER5L	7	0.000592118299618225	0.805359821204383	0.415	0.355	1
RNF181	7	0.000611833278639151	0.320552471998231	0.39	0.303	1
HEBP2	7	0.000664660412267205	0.317174538769003	0.365	0.279	1
UBE2R2	7	0.000677912844866255	0.290560084859914	0.375	0.288	1
BLOC1S1	7	0.000729166367395401	0.268234919508498	0.496	0.396	1
AKIRIN2	7	0.000729207497848782	0.469341274975748	0.273	0.202	1
RAB21	7	0.000750663222995469	0.510729897466993	0.273	0.204	1
NUFIP2	7	0.000755792908039885	0.496210861512703	0.423	0.351	1
IKBIP	7	0.000784076234889585	0.289280532633342	0.304	0.225	1
SLBP	7	0.000947700258184834	0.367720370728749	0.251	0.182	1
MTRNR2L2	7	0.00109773752812211	0.340251091630888	0.77	0.718	1
RBPJ	7	0.0011608157680284	0.266533810859206	0.509	0.426	1
CHCHD5	7	0.00120528432079232	0.324737200178002	0.268	0.197	1
UGP2	7	0.00141558905670703	0.402491143081333	0.291	0.223	1
DDX21	7	0.00154864229727788	0.29422699686954	0.41	0.329	1
PLK2	7	0.0016738034630557	0.601577405536827	0.263	0.197	1
CREBRF	7	0.00171502085960895	0.306730782530139	0.291	0.22	1
MRPL34	7	0.00231273424163088	0.293122598927736	0.362	0.286	1
NCOA4	7	0.00232061622955531	0.268996839273178	0.291	0.22	1
FAM107B	7	0.00235624390490678	0.429978549583867	0.299	0.23	1
BRD2	7	0.0024152499149775	0.595602931586876	0.468	0.413	1
TMEM160	7	0.00269025320674628	0.311621700387744	0.349	0.278	1
RAB8B	7	0.00288723231081971	0.321450239349606	0.304	0.235	1
KPNA4	7	0.00297988243190043	0.308594007690176	0.268	0.201	1
ANKRD12	7	0.00318276863273539	0.270161320269952	0.473	0.392	1
NUMB	7	0.00330984998347295	0.399842458672005	0.291	0.229	1
CTSD	7	0.00345879781110087	0.790264640715145	0.534	0.567	1
MRPL11	7	0.00346407355876381	0.298162327816207	0.251	0.187	1
CYC1	7	0.00350214256066885	0.388758508768148	0.273	0.211	1
SDCCAG8	7	0.00416772726079378	0.267595006229517	0.304	0.235	1
MRPL54	7	0.0049054063073433	0.267972459269364	0.316	0.249	1
KMT2E-AS1	7	0.00504311755753899	0.680679951934429	0.253	0.198	1
KLF10	7	0.00532276994849862	0.328541071426875	0.332	0.271	1
EIF2S3	7	0.00533723790021082	0.280933189919822	0.316	0.249	1
PCMT1	7	0.00537856688995495	0.261413739200398	0.284	0.218	1
PUF60	7	0.00707597430667422	0.279753329903331	0.258	0.199	1
NDUFV1	7	0.00729086734006097	0.274132423542982	0.278	0.217	1
COL1A2	8	1.54250023615175e-91	1.10601450944784	1	0.859	3.08839397282304e-87
COL1A1	8	2.47614952650839e-80	1.07752499897825	1	0.866	4.9577465819751e-76
SPARC	8	6.75913359572725e-80	1.09717008615369	0.995	0.83	1.35331372853651e-75
POSTN	8	4.4346448217689e-73	1.31742235653098	0.972	0.725	8.8790458621457e-69
MGP	8	1.55848035043959e-68	1.21264737584673	0.987	0.823	3.12038935765014e-64
PCOLCE	8	3.48074827945179e-64	0.944267822355387	0.995	0.772	6.96915420511838e-60
DCN	8	5.13171811699847e-63	0.933409382636783	0.997	0.779	1.02747260138543e-58
FMOD	8	8.96387505257178e-63	1.43145510739007	0.838	0.5	1.79474706302592e-58
OGN	8	1.25954350382815e-60	0.933611551713218	0.987	0.767	2.52185800336472e-56
THBS4	8	1.70324377595253e-57	1.52742298989614	0.938	0.695	3.41023468821216e-53
COL3A1	8	5.12819115263675e-56	0.925429019065108	1	0.83	1.02676643258093e-51
COL5A2	8	2.32591730580567e-55	0.900760059520371	0.977	0.728	4.65695162968411e-51
TNMD	8	2.92845477678339e-53	2.04889502056555	0.608	0.288	5.86335215407571e-49
PPIB	8	4.14796118000109e-50	0.828106333968666	0.992	0.93	8.30504787459817e-46
ISLR	8	9.50120203620021e-49	0.792756673287048	0.992	0.748	1.902330671688e-44
GAS2	8	3.09156498718277e-48	1.27601760527133	0.659	0.32	6.18993141733735e-44
DLK1	8	3.67932983112101e-47	0.842639117803924	0.982	0.795	7.36675418787049e-43
COL11A1	8	3.2631732010429e-46	1.51559321772123	0.528	0.223	6.53352538312809e-42
ITM2A	8	7.83993167384768e-46	0.930773525602656	0.954	0.727	1.56971111973778e-41
CILP	8	3.37448739372571e-45	2.15291638428008	0.359	0.118	6.75639865971762e-41
MFAP4	8	5.35505455508745e-45	1.1841963008638	0.762	0.455	1.07218902301961e-40
CFH	8	1.25432591151789e-44	0.993460997704038	0.908	0.639	2.51141134004112e-40
MRC2	8	3.85407166973054e-44	0.972875489728093	0.8	0.471	7.71662229713448e-40
TIMP1	8	5.40534792116523e-44	0.781362231667186	0.992	0.926	1.0822587607757e-39
ABI3BP	8	1.14790689946384e-43	1.26011947188146	0.677	0.359	2.2983391941065e-39
CTGF	8	1.3432471225941e-42	1.71207915344141	0.597	0.305	2.68944938885791e-38
COL6A2	8	2.10000984317036e-42	0.667570739813203	1	0.841	4.2046397079957e-38
AEBP1	8	1.10544814024228e-41	1.22141439522365	0.777	0.48	2.21332826639309e-37
COL12A1	8	1.5014889607898e-41	1.1149261279444	0.749	0.436	3.00628119729334e-37
PPIC	8	9.97957044426971e-41	1.22856982565611	0.644	0.342	1.99810959435168e-36
LHFP	8	1.41944773362396e-40	1.18546095313726	0.685	0.391	2.84201825226189e-36
CCDC80	8	1.47937812188168e-40	1.11855885876227	0.749	0.452	2.96201087563151e-36
COL6A1	8	1.60822173782162e-40	0.667540312445588	1	0.802	3.21998156346646e-36
PTN	8	2.50297134239622e-40	0.919341219087217	0.956	0.75	5.01144922174572e-36
HTRA1	8	2.42204314637446e-39	1.14038160642883	0.787	0.527	4.84941478767094e-35
CSRP2	8	2.99969515790384e-39	1.65790267422556	0.479	0.211	6.00598964515508e-35
EDIL3	8	4.38387815709429e-39	1.57838831869466	0.387	0.145	8.77740084613419e-35
CDH11	8	7.1936934926618e-38	1.11276705958936	0.713	0.398	1.44032131110075e-33
MXRA8	8	8.13130895721652e-37	0.845345012215942	0.862	0.586	1.62805067941389e-32
FAT1	8	8.83013141744515e-37	0.951060024579321	0.792	0.516	1.76796891240087e-32
FKBP10	8	1.85474314373694e-36	0.792168965571769	0.905	0.651	3.7135667223901e-32
ASPN	8	2.19931949071722e-36	1.42245892360068	0.595	0.307	4.40347748431401e-32
COL14A1	8	1.11941189126766e-35	1.41020928378374	0.508	0.239	2.24128648869612e-31
COL5A1	8	1.34883953900361e-35	0.849358100231481	0.844	0.57	2.70064652499303e-31
MFAP2	8	1.820629921214e-35	1.1994246569531	0.562	0.273	3.64526522825467e-31
EMP1	8	1.49650437654733e-34	0.956024528631974	0.754	0.464	2.99630106272305e-30
CHODL	8	2.11308014625178e-34	1.29632846281561	0.528	0.262	4.23080906882531e-30
FN1	8	2.4847315779198e-34	1.020862286166	0.864	0.639	4.97492956531102e-30
TTC3	8	4.44268799261017e-34	0.632704684902196	0.974	0.795	8.89514989880407e-30
FGFR1	8	6.05648664347968e-34	0.760044692535154	0.923	0.684	1.2126297557575e-29
OLFML3	8	1.61822059843179e-33	0.966112197221751	0.71	0.407	3.24000128218014e-29
MMP2	8	6.87935126818922e-33	0.783074118842716	0.879	0.636	1.37738371091685e-28
LAMA2	8	7.91561186723657e-33	0.844654817026358	0.774	0.485	1.58486380805811e-28
RCN3	8	9.26538767116907e-33	1.39255529443251	0.454	0.208	1.85511591952147e-28
COPZ2	8	9.61168582382827e-33	0.988696414038882	0.672	0.39	1.9244517356469e-28
IGFBP2	8	1.16425673541982e-32	1.30143681070974	0.746	0.503	2.33107483565756e-28
NGFRAP1	8	1.99795349440901e-32	0.607687288536526	0.959	0.73	4.00030248650572e-28
LOXL2	8	2.74587174935478e-32	1.26363367449545	0.623	0.363	5.49778441655813e-28
CYTL1	8	3.84336579698382e-32	1.18068293795967	0.656	0.392	7.69518699872101e-28
EMILIN1	8	1.32875549671082e-31	0.718762539181403	0.869	0.612	2.66043425551441e-27
CILP2	8	1.8656928136624e-31	1.63251534541907	0.349	0.14	3.73549015151486e-27
BMP5	8	1.2158632269265e-30	0.996759886740766	0.595	0.318	2.43440135295223e-26
SCXA	8	1.50859289711039e-30	1.03145140915271	0.687	0.427	3.02050469859443e-26
CD99	8	1.6075776064844e-30	0.645306625008384	0.974	0.869	3.21869188370307e-26
ADAM12	8	2.11147689204172e-30	1.35086008461391	0.392	0.165	4.22759903324593e-26
PALLD	8	2.73903314258792e-30	0.930917248684626	0.7	0.433	5.48409215808954e-26
BGN	8	5.0487325592177e-30	0.774460180082344	0.821	0.559	1.01085723300657e-25
ZNF185	8	1.72877321299736e-29	1.5484795028904	0.321	0.122	3.46134972706332e-25
LMAN1	8	2.10176207282793e-29	0.78916549025145	0.813	0.574	4.20814802221607e-25
SERPINF1	8	2.29858250888032e-29	0.94580313434948	0.746	0.522	4.60222189928018e-25
COL6A3	8	2.4307453341879e-29	0.759675458052638	0.908	0.679	4.86683830811101e-25
NEO1	8	3.16370813314768e-29	1.0745149371315	0.541	0.279	6.33437642418828e-25
LTBP1	8	3.97843411030192e-29	1.32513633250451	0.441	0.207	7.9656207756465e-25
CCND2	8	9.54682868146437e-29	0.631200134201077	0.903	0.673	1.9114660386028e-24
SMOC2	8	3.23801059372556e-28	1.23217413396275	0.349	0.142	6.48314481075732e-24
SFRP2	8	3.46195524998687e-28	1.18439028886775	0.528	0.276	6.93152680152372e-24
IL11RA	8	3.95941785576506e-28	0.990922774143928	0.585	0.316	7.92754643081281e-24
MORF4L1	8	5.18248257959236e-28	0.499880003565275	0.969	0.906	1.03763666208598e-23
CYR61	8	6.16808021971317e-28	1.40785821815621	0.387	0.171	1.23497302159097e-23
FZD1	8	8.20429701428103e-28	1.1572761346504	0.454	0.216	1.64266434819935e-23
FSTL5	8	9.18022677019651e-28	1.08632530208699	0.531	0.278	1.83806500392874e-23
STEAP2	8	9.61978241839113e-28	1.48743734725825	0.318	0.125	1.92607283581027e-23
TIMP3	8	2.10403769226211e-27	0.920375286017893	0.638	0.377	4.21270426744719e-23
LUM	8	5.47859346006823e-27	0.8242331779121	0.897	0.706	1.09692398257486e-22
MAGED1	8	5.54504405255664e-27	0.878846930729842	0.628	0.359	1.11022872020289e-22
FIBIN	8	8.39017252005549e-27	0.916911493558929	0.641	0.389	1.67988034196551e-22
CPE	8	8.98729813956124e-27	0.652050583949674	0.895	0.629	1.79943683350295e-22
LINC00657	8	1.0041474349867e-26	0.712712838609246	0.851	0.667	2.01050399433036e-22
MXRA7	8	1.24843817459564e-26	0.923579265089795	0.664	0.407	2.49962291317539e-22
GPX8	8	1.3716684197624e-26	0.988975505596494	0.579	0.329	2.74635451004827e-22
SMAD3	8	1.54109734945479e-26	0.88295430729971	0.631	0.363	3.08558511307837e-22
RCN2	8	2.18025728072914e-26	0.742949399766701	0.805	0.567	4.36531112747588e-22
TIMP2	8	2.55267471081927e-26	0.62216955901864	0.928	0.777	5.11096530600235e-22
FBN1	8	3.06291487755418e-26	0.830835779397763	0.759	0.515	6.13256816783898e-22
FKBP7	8	4.88624221950899e-26	1.20240890352623	0.441	0.217	9.78323417190089e-22
PMEPA1	8	5.12510726259905e-26	0.996011991198148	0.587	0.35	1.02614897611758e-21
FBLN1	8	1.04235065841317e-25	1.1328080217516	0.572	0.336	2.08699448827486e-21
HDLBP	8	2.11419211791761e-25	0.745054854215592	0.769	0.56	4.23303545849464e-21
PLD3	8	2.64160678513244e-25	0.628834154814043	0.874	0.696	5.28902510519217e-21
CD276	8	2.82806416911991e-25	0.914967369723585	0.628	0.371	5.66235007941189e-21
KERA	8	2.89714298188365e-25	1.36172621466409	0.341	0.146	5.80065967832745e-21
ALDH1A3	8	2.93405968213489e-25	0.86076297421011	0.654	0.386	5.87457429557047e-21
FXYD1	8	4.60893686912741e-25	0.875501715323107	0.669	0.415	9.2280133993669e-21
TAGLN	8	7.33935922311522e-25	1.24005743211242	0.415	0.198	1.46948650365213e-20
RASL11B	8	9.28850212531295e-25	1.36335503969321	0.315	0.131	1.85974389553016e-20
GNAI1	8	1.04684804954419e-24	0.848378345678597	0.608	0.35	2.09599916479738e-20
KDELR3	8	1.65886708335963e-24	1.16516885321648	0.421	0.203	3.32138367430264e-20
FSTL1	8	1.67691010300099e-24	0.564759757220894	0.89	0.651	3.35750940822858e-20
TENM3	8	1.77695366397193e-24	1.12935155929879	0.487	0.265	3.5578166260046e-20
CKAP4	8	1.98928576047604e-24	1.06198481288541	0.462	0.238	3.98294794962513e-20
CRISPLD1	8	2.43780504116226e-24	1.11785891987255	0.444	0.224	4.88097325341507e-20
CNN3	8	2.45639716602265e-24	0.644158423720687	0.895	0.69	4.91819840581054e-20
COL16A1	8	2.73882288099188e-24	0.864501578100932	0.618	0.365	5.48367117232194e-20
MFGE8	8	2.78145142633687e-24	0.9725233743081	0.605	0.366	5.56902204581169e-20
SSPN	8	1.0269556497202e-23	0.844209231441434	0.615	0.367	2.05617060186978e-19
CD81	8	1.03195968984713e-23	0.394335261752226	0.997	0.964	2.06618969101192e-19
SSC5D	8	1.21701121721809e-23	1.31018889798027	0.328	0.142	2.43669985911406e-19
KDELR2	8	1.43773565407868e-23	0.651850651840814	0.854	0.689	2.87863432659632e-19
KAZALD1	8	1.71400128017516e-23	0.915142873888892	0.51	0.273	3.43177336316671e-19
CTHRC1	8	2.23119816599063e-23	0.953524231915217	0.562	0.324	4.46730496794643e-19
SGCE	8	2.38267073982056e-23	0.867781350100945	0.585	0.337	4.77058335526873e-19
LRP1	8	2.67785606911138e-23	0.54150820220142	0.918	0.741	5.36160342157481e-19
CD63	8	2.75089515570599e-23	0.409341462735953	0.995	0.982	5.50784228075453e-19
TSHZ2	8	2.98209311104343e-23	0.586317742329429	0.885	0.668	5.97074682693116e-19
COL9A1	8	8.96161607547358e-23	1.23504005615248	0.341	0.151	1.79429477063132e-18
NPW	8	1.09011088156615e-22	0.648078064876659	0.885	0.681	2.18262000707175e-18
VASN	8	1.22943771776601e-22	0.985616081837344	0.444	0.223	2.4615801985111e-18
CRABP2	8	1.3007383775383e-22	0.803514006585256	0.656	0.404	2.60433837950718e-18
PLOD2	8	1.68660032603104e-22	1.40369944099268	0.274	0.111	3.37691117277934e-18
LOXL1	8	1.86291863395918e-22	1.10931380606225	0.436	0.223	3.72993568891306e-18
ITM2C	8	2.11033018620193e-22	0.59144187177626	0.874	0.687	4.22530309881351e-18
COL13A1	8	2.80431856081969e-22	1.21157511819398	0.362	0.169	5.61480662247318e-18
ZFHX4	8	2.86205632306617e-22	0.676842482819291	0.731	0.47	5.73040917004309e-18
SIX1	8	3.33929306487283e-22	0.896989307453369	0.5	0.267	6.68593257448839e-18
PRDX6	8	3.73118062798569e-22	0.520705083130146	0.91	0.785	7.47056985335295e-18
FBLN2	8	3.79112929810007e-22	1.08717450183199	0.333	0.148	7.59059908065595e-18
CALU	8	4.26162201121645e-22	0.639303339409012	0.823	0.615	8.53261959085757e-18
PTGIS	8	4.81011225893636e-22	1.10621498652037	0.369	0.173	9.63080676484238e-18
ELN	8	4.88808691252576e-22	0.810256782923054	0.595	0.363	9.78692761625909e-18
F2R	8	5.36079705105091e-22	1.19350893347868	0.451	0.249	1.07333878556141e-17
NREP	8	7.86140951384503e-22	0.897857576062783	0.549	0.316	1.57401141286205e-17
FNDC1	8	7.98982084338767e-22	1.04245887789079	0.413	0.207	1.59972192926308e-17
MEG3	8	1.77280215057535e-21	0.448118053353845	0.974	0.769	3.54950446588196e-17
KCNE4	8	1.80257478560568e-21	1.2257863793194	0.392	0.197	3.60911523573969e-17
ECM2	8	2.07748216640985e-21	1.05094863959932	0.349	0.16	4.15953479358579e-17
PRSS35	8	2.14008783884192e-21	1.26169188758049	0.331	0.151	4.28488387092929e-17
PHLDA3	8	3.27890635835296e-21	0.952209997356441	0.477	0.259	6.5650263106943e-17
LAPTM4A	8	3.29918807356268e-21	0.480673087747496	0.956	0.847	6.60563436088721e-17
CLEC11A	8	3.51105026652936e-21	0.749190941732268	0.623	0.382	7.02982484364508e-17
CALD1	8	3.57162232378791e-21	0.428370506254276	0.987	0.823	7.15110221668816e-17
GLT8D2	8	3.71201726246564e-21	0.786171993474977	0.559	0.313	7.43220096290871e-17
TSPAN3	8	4.03506608220588e-21	0.623225319467457	0.813	0.624	8.07900930979262e-17
MBTPS1	8	4.53204609151735e-21	0.770061943424059	0.621	0.385	9.07406268443604e-17
CADM1	8	8.27862314767713e-21	0.98283899716677	0.308	0.136	1.65754592662791e-16
SLIT3	8	8.78902836139752e-21	0.779446557617077	0.564	0.326	1.75973925851901e-16
COCH	8	1.3529051277165e-20	1.52231403511344	0.3	0.136	2.70878664671398e-16
TPM1	8	1.61705631810443e-20	0.847035493992355	0.736	0.538	3.23767016010868e-16
EFEMP2	8	1.78057150497656e-20	0.957741393413876	0.436	0.228	3.56506026726406e-16
TGFB2	8	2.79507435840026e-20	0.88805467481538	0.446	0.237	5.59629788038899e-16
SCARF2	8	5.47342413627121e-20	0.92538374065742	0.469	0.258	1.09588898056422e-15
MDFI	8	6.3974538377513e-20	0.886614838757771	0.508	0.288	1.28089820739457e-15
COL24A1	8	8.36402868443212e-20	1.23176350156579	0.305	0.138	1.674645823197e-15
HLF	8	8.68793839730822e-20	1.07825821657587	0.305	0.136	1.73949902590905e-15
NDN	8	1.04130719374371e-19	0.751412297129881	0.615	0.383	2.08490526331366e-15
PLS3	8	1.29407546653628e-19	0.857001205319758	0.403	0.199	2.59099789909893e-15
LAMB1	8	1.38173632372376e-19	0.492553137692701	0.951	0.766	2.76651246735972e-15
SNCAIP	8	1.50403792159212e-19	1.20800850317379	0.285	0.123	3.01138472661174e-15
IGF2	8	1.82711904055044e-19	0.394883161171902	0.992	0.84	3.65825774299008e-15
MYL9	8	2.25067004618738e-19	1.06720361633361	0.328	0.155	4.50629156647636e-15
TNFRSF12A	8	3.20869327294364e-19	1.30692352924648	0.313	0.148	6.42444567108775e-15
NFIX	8	3.21737369324404e-19	0.602244846334904	0.751	0.511	6.44182560861322e-15
FAM3C	8	4.2502619972104e-19	0.690410177126371	0.61	0.382	8.50987457081466e-15
DPT	8	4.76619191389151e-19	1.47473266815665	0.287	0.131	9.54286944999359e-15
PYCR1	8	4.79060686966267e-19	1.01708642043644	0.464	0.264	9.59175307443859e-15
EPS8	8	4.86150496001627e-19	0.770142015450717	0.572	0.343	9.73370523094458e-15
NID1	8	5.31919644274034e-19	0.705199035786582	0.582	0.345	1.06500951176547e-14
CTSK	8	8.57284129504402e-19	0.901101505128405	0.431	0.233	1.71645428409371e-14
THSD4	8	9.17255610233339e-19	1.12299736919315	0.39	0.205	1.83652918280919e-14
ITGB1	8	1.23344842831836e-18	0.439371745608873	0.908	0.779	2.46961044317902e-14
WASL	8	1.62780899529731e-18	0.712051008511381	0.605	0.388	3.25919917038427e-14
SKIL	8	1.76172676608016e-18	0.79259377940832	0.613	0.401	3.5273293310457e-14
SOD3	8	1.79912924248432e-18	0.916075148584267	0.536	0.337	3.60221656930211e-14
KRT10	8	1.85321352565852e-18	0.506430251598859	0.921	0.775	3.71050412107349e-14
TRIP6	8	1.96948132576019e-18	0.745512209903663	0.564	0.349	3.94329551043705e-14
ITGA11	8	1.97571666100386e-18	1.18452015025142	0.267	0.116	3.95577989866192e-14
SSR4	8	2.34473801730212e-18	0.609333235327272	0.933	0.869	4.6946344582423e-14
KDM5B	8	2.45589266159354e-18	0.614706181316953	0.654	0.423	4.91718828704258e-14
MEST	8	2.46316531980199e-18	0.549907754201143	0.79	0.552	4.93174960330755e-14
EDNRA	8	3.42254421144097e-18	0.877859901481461	0.477	0.277	6.85261802014711e-14
PRDX4	8	3.550026895206e-18	0.789924335896139	0.672	0.485	7.10786384958145e-14
MMP14	8	3.66345250202342e-18	0.713227447751297	0.615	0.392	7.33496459955129e-14
MAP3K7	8	3.7929061778845e-18	1.08554968534276	0.331	0.16	7.59415674936034e-14
LEPRE1	8	4.12207208820662e-18	0.989703039360587	0.385	0.203	8.2532127350073e-14
FAM229B	8	4.51047233125163e-18	1.0075439207721	0.349	0.174	9.03086770163202e-14
ST13	8	7.39003274895748e-18	0.535162239915525	0.895	0.78	1.47963235699627e-13
LARP6	8	7.52869895572209e-18	0.953267304139484	0.395	0.211	1.50739610491468e-13
SMARCA1	8	8.11925605716345e-18	0.802965498062559	0.528	0.322	1.62563744776527e-13
CNPY2	8	8.30075204808733e-18	0.721693590385547	0.579	0.372	1.66197657506804e-13
FBN2	8	1.41678891052865e-17	1.0748420517416	0.328	0.16	2.83669475666047e-13
NNMT	8	1.55850719953172e-17	0.812269169324831	0.356	0.179	3.12044311490241e-13
CDC42EP5	8	1.82251514012742e-17	0.567172874650886	0.79	0.57	3.64903981356311e-13
ANGPTL1	8	1.83320600561824e-17	1.0092235357781	0.397	0.218	3.67044506444884e-13
MAGED2	8	2.08385173616959e-17	0.525428487789427	0.851	0.647	4.17228794615876e-13
RP11-38H17.1	8	2.80924393471976e-17	1.07686992965034	0.29	0.135	5.6246682060959e-13
SYNPO2	8	2.92116273685023e-17	1.2213431416754	0.267	0.118	5.84875203172153e-13
PCDH18	8	3.17057571780875e-17	0.905798642900935	0.39	0.207	6.34812670219668e-13
P4HB	8	3.52552853875129e-17	0.611675183215576	0.859	0.726	7.05881324028783e-13
WISP1	8	5.84542466846133e-17	1.15492043580143	0.272	0.125	1.17037092711933e-12
AUTS2	8	5.98621625399303e-17	0.920044050787212	0.405	0.222	1.19856021837448e-12
MARCKS	8	6.44365164040682e-17	0.477665501750565	0.936	0.84	1.29014793144225e-12
PLSCR4	8	7.35293938913016e-17	0.939989571790738	0.379	0.201	1.47220552449164e-12
OLFML2B	8	7.37620990633813e-17	0.574365483221462	0.682	0.488	1.47686474744702e-12
ATP6V1G1	8	8.47145473927419e-17	0.46636988410556	0.877	0.77	1.69615466789748e-12
RGS3	8	9.22176583272491e-17	0.956611183801931	0.451	0.271	1.84638195502818e-12
NUDT4	8	9.5006392401874e-17	0.823043746682107	0.474	0.284	1.90221798867032e-12
PRRX1	8	1.2459661556286e-16	0.647834035749145	0.682	0.469	2.49467343679958e-12
PLCE1	8	1.40959800966367e-16	0.879708070007177	0.415	0.231	2.82229713494861e-12
NAGLU	8	1.52938436221801e-16	0.840637437525263	0.446	0.259	3.0621333700329e-12
ASS1	8	1.75381563932764e-16	1.01722708197225	0.31	0.151	3.51148967306179e-12
RORA	8	1.90309001174247e-16	0.912240599956484	0.487	0.294	3.81036682151077e-12
TMEM106B	8	1.94914866996336e-16	0.711273185464371	0.523	0.319	3.90258546700064e-12
DPYSL3	8	1.96526451110653e-16	0.865293807672194	0.418	0.236	3.93485260413749e-12
MXRA5	8	2.51404575616194e-16	0.866233273407946	0.472	0.279	5.03362241298744e-12
ARF4	8	2.58345348175631e-16	0.617290682059436	0.726	0.557	5.17259056117248e-12
GLCE	8	2.75034112861673e-16	0.868323937482272	0.482	0.292	5.50673300771642e-12
LTBP3	8	2.82254144136344e-16	0.733173087271266	0.526	0.33	5.65129247389788e-12
PRRX2	8	2.92821064194581e-16	1.12395474022182	0.277	0.13	5.86286334730391e-12
ANGPTL2	8	3.27979893441309e-16	1.16310315239933	0.285	0.136	6.5668134264819e-12
KIAA1377	8	3.42627606742162e-16	0.897388898825609	0.354	0.183	6.86008994219157e-12
P4HA1	8	4.47652463309581e-16	0.800085105531626	0.531	0.343	8.96289762038442e-12
TBL2	8	4.50775700310543e-16	1.0580797379666	0.338	0.177	9.02543107161769e-12
SPARCL1	8	4.57243774708273e-16	0.580590452816214	0.695	0.516	9.15493485720905e-12
LEPREL4	8	7.34177286575604e-16	0.805461948078145	0.479	0.292	1.46996976318167e-11
C1S	8	7.53015009290249e-16	0.555773416624034	0.744	0.534	1.50768665160094e-11
RPS27L	8	7.59198195858897e-16	0.707632570567756	0.826	0.734	1.52006662774868e-11
GOPC	8	8.63386265661853e-16	0.738175883055	0.521	0.318	1.72867198110816e-11
VCL	8	9.63210282044638e-16	0.793744359604107	0.474	0.292	1.92853962670977e-11
CPXM1	8	9.96387941164586e-16	0.568648963054555	0.667	0.444	1.99496793579973e-11
NOTCH2	8	1.04857446403286e-15	0.772604155182944	0.487	0.29	2.0994557918866e-11
TM9SF3	8	1.11277072049086e-15	0.574114856507708	0.769	0.606	2.22798953656681e-11
MRPS6	8	1.27367061256571e-15	0.817218550141626	0.662	0.503	2.55014330047907e-11
TMED3	8	1.3552415322598e-15	0.681556084125325	0.572	0.378	2.71346459589058e-11
SRPX2	8	1.40006319204206e-15	1.06693957185111	0.297	0.147	2.80320652310662e-11
SPRY4	8	1.54716418708014e-15	0.880155574329324	0.423	0.241	3.09773213537187e-11
ADAMTS2	8	1.77740250159912e-15	1.23747757575188	0.267	0.128	3.55871528870176e-11
RNF150	8	1.84637597005024e-15	1.12491511924889	0.259	0.12	3.69681396723459e-11
PLOD3	8	2.09544276734004e-15	0.796907764954664	0.441	0.258	4.19549550876823e-11
TNC	8	2.13335971980893e-15	0.756067966498197	0.536	0.345	4.27141283100143e-11
CDO1	8	2.20576002812931e-15	0.956209814541076	0.336	0.175	4.4163727283205e-11
ITGA8	8	2.34085571590708e-15	1.0289070366284	0.303	0.153	4.68686131438916e-11
RP11-572C15.6	8	2.35810667851196e-15	1.03935628085319	0.254	0.116	4.72140119171664e-11
ACBD6	8	2.46777969224919e-15	0.719769478157496	0.526	0.334	4.94098849982132e-11
HMCN1	8	2.46820876463969e-15	0.996814288442208	0.323	0.166	4.94184758856159e-11
PEG10	8	2.58034465831409e-15	0.832250541373585	0.533	0.336	5.16636607487647e-11
RRBP1	8	2.88378989931127e-15	0.462342169936081	0.872	0.709	5.77392413640103e-11
COL4A1	8	2.9387226290516e-15	0.561719075489554	0.797	0.618	5.88391044788712e-11
TPBG	8	2.98026531625357e-15	0.930474527644883	0.344	0.181	5.9670872162029e-11
S100A13	8	3.80760308987331e-15	0.525162845047438	0.703	0.494	7.62358290654434e-11
FAM129A	8	4.10427843417477e-15	0.674241765110723	0.633	0.447	8.21758628090472e-11
EID1	8	6.92372001652567e-15	0.404108122792055	0.941	0.837	1.38626722170877e-10
GPC3	8	8.24654690430971e-15	0.486716564336095	0.787	0.579	1.65112362118089e-10
PCDH9	8	1.0776639061725e-14	0.926894871119911	0.367	0.203	2.15769867293858e-10
CMYA5	8	1.12130166589576e-14	0.718135770972358	0.513	0.318	2.24507019545648e-10
ZNF704	8	1.29012778003244e-14	0.829283244530775	0.372	0.206	2.58309384118094e-10
RGCC	8	1.31695264419281e-14	0.910862533526121	0.664	0.506	2.63680258420285e-10
ZIC1	8	1.32041027574202e-14	1.09802204420231	0.272	0.132	2.64372545409068e-10
CCDC8	8	1.35641203536922e-14	0.820233958591094	0.387	0.218	2.71580817721625e-10
BOC	8	1.49124632073415e-14	0.513738020890679	0.713	0.499	2.98577338337392e-10
TNS3	8	1.59015551852132e-14	0.812213974877608	0.403	0.23	3.18380937918338e-10
FKBP14	8	1.64672818367791e-14	0.769795727342371	0.426	0.247	3.29707916935991e-10
OSTC	8	1.83765679755719e-14	0.497518615476991	0.797	0.625	3.679356440069e-10
CTDSPL	8	2.01266009086225e-14	0.948795808292406	0.333	0.178	4.0297480339244e-10
FERMT2	8	2.04232741283467e-14	0.73507606534225	0.469	0.288	4.08914794597757e-10
PTGFRN	8	2.1527606026944e-14	0.94373917747783	0.331	0.176	4.31025727871473e-10
TGFB3	8	2.15921482534898e-14	1.05161364061158	0.254	0.12	4.32317992331373e-10
TSC22D3	8	2.33448991948855e-14	0.487515663294491	0.841	0.72	4.67411571679998e-10
GABARAPL2	8	2.46358616582684e-14	0.547622305679313	0.813	0.696	4.93259222121849e-10
TMEM98	8	2.50532334872934e-14	0.629854391874106	0.508	0.316	5.01615840882588e-10
THSD7A	8	2.56232742010403e-14	0.893352072072661	0.364	0.203	5.13029196053229e-10
CDK6	8	2.65850752260502e-14	0.642966696575896	0.51	0.317	5.32286376175978e-10
SEC61G	8	2.87481691507511e-14	0.458143680899325	0.9	0.792	5.75595842736339e-10
COL4A2	8	2.99124701868237e-14	0.50702675014188	0.838	0.659	5.98907478080584e-10
UACA	8	3.04834067785691e-14	0.490716669393896	0.785	0.599	6.10338770520511e-10
SLC39A7	8	3.27092806490634e-14	0.75640291479825	0.477	0.294	6.54905217155547e-10
ACTN1	8	3.28121219817749e-14	0.808839950202455	0.456	0.289	6.56964306319097e-10
ATP5A1	8	3.65310794918762e-14	0.623118406911304	0.605	0.416	7.31425273586344e-10
SGCD	8	3.89704042470444e-14	1.05600540972874	0.259	0.125	7.80265433834324e-10
ATP1B1	8	3.98533161625072e-14	0.696871956649618	0.523	0.334	7.97943096205718e-10
LPAR1	8	4.05555028042061e-14	0.926722392783776	0.315	0.165	8.12002277145815e-10
OLFM2	8	4.09325983589488e-14	0.652350443015701	0.51	0.315	8.19552484342873e-10
NGFR	8	4.10905910935977e-14	0.726084524087849	0.374	0.207	8.22715814876014e-10
PPAP2B	8	4.13448974343814e-14	0.877735541624602	0.467	0.293	8.27807536431184e-10
GOLGA3	8	4.70257251164855e-14	0.82047758620316	0.421	0.25	9.41549068282273e-10
PDZRN3	8	4.78691421981407e-14	0.821950070866714	0.287	0.142	9.58435965091174e-10
SEC31A	8	5.9061811628086e-14	0.56042922735635	0.649	0.44	1.18253559241754e-09
GLG1	8	7.66963079832647e-14	0.668247578577435	0.528	0.347	1.53561347844093e-09
APOD	8	7.72927642856617e-14	0.298455340960258	0.854	0.677	1.54755572652752e-09
FAM114A1	8	7.87839402672437e-14	0.789595149008037	0.431	0.262	1.57741205203075e-09
C12orf23	8	8.0196446780206e-14	0.778503986350488	0.464	0.297	1.60569325743328e-09
RPL4	8	8.76433378443565e-14	0.322312260532231	0.99	0.957	1.75479491031971e-09
CLPX	8	8.98461902738854e-14	0.773866726651121	0.462	0.288	1.79890042166373e-09
A2M	8	9.42760352659175e-14	0.506331356501889	0.872	0.745	1.8875947780942e-09
SON	8	9.52777053616217e-14	0.296707649667102	0.997	0.936	1.90765021675039e-09
PDIA4	8	9.83931896069094e-14	0.749263718656056	0.541	0.363	1.97002844230954e-09
EGFL6	8	1.15113668049946e-13	1.11175148730775	0.308	0.166	2.30480586169601e-09
IMPDH2	8	1.23745394923624e-13	0.667795306566615	0.482	0.304	2.4776302971608e-09
AKT2	8	1.25732554470321e-13	0.800006316456582	0.377	0.215	2.51741720560476e-09
ERLEC1	8	1.40441332009737e-13	0.650831948920295	0.503	0.321	2.81191634949895e-09
WDR61	8	1.4817178249411e-13	0.72120044560519	0.49	0.314	2.96669542909706e-09
TMED4	8	1.53778627047217e-13	0.63174938042052	0.567	0.384	3.07895567073938e-09
COLEC12	8	1.63613205786756e-13	0.640815090679522	0.623	0.452	3.27586360626243e-09
BMP1	8	1.64046742207345e-13	0.653708716603794	0.5	0.315	3.28454387247546e-09
NRN1	8	1.76453546385e-13	0.927207413814025	0.323	0.174	3.53295290572046e-09
EPB41L2	8	1.86876047261161e-13	0.515833552124792	0.721	0.555	3.74163221826297e-09
THY1	8	1.99091139019363e-13	0.530711734533439	0.508	0.313	3.98620278544569e-09
PER3	8	2.05302839032241e-13	0.778230158550871	0.49	0.315	4.11057344310354e-09
TPM2	8	2.15355634431701e-13	0.482298463626987	0.697	0.508	4.31185051259152e-09
SLC44A1	8	2.19171700531999e-13	0.815658036154009	0.395	0.232	4.38825578805169e-09
GTF2H5	8	2.34575614536596e-13	0.622094983933762	0.567	0.385	4.69667295425173e-09
LRP6	8	2.79806633751019e-13	0.863921189796321	0.367	0.212	5.60228842096289e-09
MEOX2	8	3.02497487447827e-13	0.62800732882391	0.585	0.403	6.05660469368040e-09
MIA3	8	3.12917620407308e-13	0.666219031530552	0.533	0.351	6.26523659579513e-09
CACNA2D1	8	3.19846329937507e-13	0.966187147480273	0.287	0.149	6.40396321800876e-09
DMKN	8	3.34524000768695e-13	0.99669958096636	0.279	0.143	6.69783954339082e-09
PXDC1	8	3.45805803572348e-13	0.88366585535313	0.364	0.211	6.92372379912554e-09
PSD3	8	3.67515659666774e-13	0.933422226996041	0.292	0.154	7.35839853784816e-09
LAMC1	8	3.81119100118405e-13	0.583166403926859	0.554	0.363	7.6307666225707e-09
LRRC59	8	3.86127079254406e-13	0.807762862974397	0.431	0.267	7.73103638083171e-09
NCAM1	8	4.01500071819872e-13	0.774039544315424	0.346	0.193	8.03883443797748e-09
ATXN7L3B	8	4.06228953489424e-13	0.670447331863473	0.533	0.356	8.13351610676524e-09
MARVELD1	8	4.06540731076587e-13	0.767196589423244	0.464	0.296	8.13975851761543e-09
GNG12	8	4.25275258694826e-13	0.800773095661923	0.382	0.221	8.5148612295878e-09
EPHB3	8	4.26495139535237e-13	0.852937356111757	0.31	0.165	8.53928568377452e-09
SPG20	8	5.04948642552188e-13	0.675391972245086	0.479	0.308	1.01100817211799e-08
ORMDL3	8	5.09752691241971e-13	0.873802078507993	0.318	0.173	1.02062683840468e-08
RHOBTB3	8	5.50521452580041e-13	0.647637298902148	0.505	0.329	1.10225405235576e-08
SEPT11	8	6.10908087875364e-13	0.550244740035972	0.703	0.535	1.22316017354405e-08
NFIB	8	6.39455931443656e-13	0.543917829659013	0.782	0.606	1.28031866593649e-08
AL132709.8	8	7.08093828097323e-13	0.877540116720189	0.272	0.138	1.41774546261646e-08
UBE2H	8	7.22484123531595e-13	0.608145739784277	0.546	0.366	1.44655771213496e-08
SEPT2	8	8.64963469014414e-13	0.411796310206443	0.823	0.661	1.73182985766066e-08
LDLRAD4	8	9.24153117571181e-13	0.725762046629376	0.346	0.192	1.85033937200102e-08
GALNT10	8	9.36969927396178e-13	0.98013864207146	0.308	0.168	1.87600118863263e-08
RCN1	8	1.02085864309834e-12	0.661896931423994	0.528	0.358	2.04396317521149e-08
WBP1L	8	1.11279177853491e-12	1.0359676564922	0.279	0.148	2.22803169898259e-08
GPR125	8	1.15779762465497e-12	1.00374917259732	0.256	0.129	2.31814240408419e-08
DLC1	8	1.2142784872831e-12	0.531698683100809	0.587	0.391	2.43122838723822e-08
PCGF2	8	1.2175716842773e-12	0.666593718125392	0.418	0.252	2.43782202626e-08
SPRY2	8	1.28968296346367e-12	0.633784870188517	0.538	0.355	2.58220322944695e-08
TMED10	8	1.30772651550962e-12	0.626426229735289	0.577	0.406	2.61833002935335e-08
NUCB2	8	1.50977745179826e-12	0.777524976101857	0.469	0.308	3.02287641399048e-08
MCC	8	1.53489711232627e-12	0.957016315097375	0.269	0.138	3.07317099829965e-08
FLRT2	8	1.74513645861928e-12	0.924554556101065	0.282	0.146	3.49411221744753e-08
ENAH	8	1.7666293002964e-12	0.846552044099792	0.346	0.199	3.53714518505346e-08
FBXO17	8	1.82937388097592e-12	0.750901937482739	0.392	0.234	3.66277238448999e-08
FUNDC2	8	1.83680935370475e-12	0.573992349201421	0.569	0.383	3.67765968798766e-08
FAM46A	8	1.85915801406855e-12	0.737981769297296	0.436	0.275	3.72240617576805e-08
BICC1	8	1.87114477121119e-12	0.717651766928268	0.436	0.271	3.74640606091905e-08
LAGE3	8	1.93840254856183e-12	0.704702712707866	0.508	0.342	3.8810695827305e-08
SKI	8	1.9539427094695e-12	0.722166452215711	0.379	0.219	3.91218409289983e-08
FOXO3	8	2.16946432506185e-12	0.706836076254682	0.495	0.33	4.34370147163883e-08
THRA	8	2.1921049632525e-12	0.627591548356492	0.508	0.334	4.38903255742415e-08
SMO	8	2.20454294457239e-12	0.654095344435511	0.413	0.245	4.41393588362285e-08
ETV1	8	2.2748208028391e-12	0.712819694280861	0.426	0.26	4.55464621144444e-08
PJA2	8	2.33835338124793e-12	0.583896248697482	0.613	0.442	4.6818511399346e-08
P4HA2	8	2.34347627048641e-12	1.03267290589812	0.264	0.137	4.69210818876789e-08
ANTXR1	8	2.34414856641688e-12	0.823674751336175	0.344	0.195	4.69345425967988e-08
PIK3R1	8	2.39122732635417e-12	0.627311465968315	0.71	0.566	4.78771535282633e-08
SPRY1	8	2.4325365770042e-12	0.457339851866848	0.731	0.554	4.8704247344778e-08
LEPREL1	8	2.57205069550736e-12	1.01866005339708	0.269	0.139	5.14975990254484e-08
UBXN6	8	2.85114536058738e-12	0.727090884525273	0.41	0.246	5.70856324096806e-08
IFI6	8	2.89434629307476e-12	0.813124810620588	0.621	0.476	5.79506014799429e-08
LINC00478	8	2.93992393551395e-12	0.882175953830513	0.313	0.172	5.88631570368604e-08
UBE2Z	8	2.95238732574784e-12	0.61319673889211	0.469	0.296	5.91126990361232e-08
FAM171B	8	3.10608714655207e-12	1.00862000785374	0.274	0.145	6.21900768482656e-08
TANC2	8	3.19106377976965e-12	0.808077896285157	0.382	0.231	6.3891478998548e-08
ATP5G1	8	3.2797977096182e-12	0.43162438493984	0.803	0.653	6.56681097419755e-08
SSR2	8	3.41452732105685e-12	0.390987246522708	0.877	0.762	6.83656660222002e-08
C15orf61	8	3.87983681443914e-12	0.658380442736704	0.523	0.352	7.76820926987004e-08
NUPR1	8	3.97235684611072e-12	0.410995525337647	0.795	0.619	7.95345287728289e-08
FHL1	8	4.09208519431465e-12	0.847139979328016	0.356	0.209	8.19317297605678e-08
PDGFRB	8	4.18337697614367e-12	0.413655426850066	0.582	0.386	8.37595738163485e-08
MSX1	8	4.30350612753517e-12	0.814843184372454	0.415	0.255	8.61647996855092e-08
OAT	8	4.36629313268827e-12	0.718135770972358	0.408	0.247	8.74219211026846e-08
TRPM7	8	4.38009524120259e-12	0.625535928102805	0.462	0.293	8.76982669193583e-08
CPQ	8	4.38047153733347e-12	0.659498669912919	0.474	0.306	8.77058011204907e-08
RAB2A	8	4.38675198266912e-12	0.446299937355012	0.754	0.605	8.7831548197001e-08
ZNF667-AS1	8	4.42093464001962e-12	0.612364428396949	0.533	0.356	8.85159533624728e-08
SAMD11	8	4.50989911030885e-12	0.860843116787407	0.3	0.163	9.02971999866038e-08
CXXC5	8	4.52010291717468e-12	0.744577727323201	0.415	0.256	9.05015006076714e-08
RARA	8	4.93177884333618e-12	0.767523797934522	0.377	0.226	9.8744076001277e-08
ZC3H11A	8	5.59886544481189e-12	0.547270301683952	0.644	0.459	1.12100483936024e-07
UAP1	8	5.76923934320632e-12	0.816539475033353	0.344	0.2	1.15511710129677e-07
YIPF5	8	6.44525399462354e-12	0.734825018947719	0.39	0.235	1.29046875480353e-07
NET1	8	6.46580490395387e-12	0.948390310081777	0.303	0.168	1.29458345786964e-07
IMPAD1	8	6.68873789556896e-12	0.852069893099855	0.344	0.2	1.33921910145082e-07
CETN2	8	7.09109866248027e-12	0.664604274717137	0.436	0.271	1.4197797742018e-07
ZNHIT6	8	8.90187301400784e-12	0.687329055649901	0.351	0.201	1.78233301486465e-07
TMED2	8	9.21303953977655e-12	0.66912187300061	0.505	0.349	1.84463477665406e-07
OAF	8	9.298585797485e-12	0.718837436781087	0.403	0.248	1.86176284837245e-07
FBLN5	8	9.46184046392933e-12	0.894004214228465	0.254	0.13	1.89444969768793e-07
PDIA6	8	9.63937482113171e-12	0.425374243559266	0.792	0.637	1.92999562668699e-07
NRBP1	8	9.79068454248805e-12	0.580726537934583	0.536	0.373	1.96029085909696e-07
SVEP1	8	1.10012735298113e-11	0.886080408286429	0.287	0.156	2.20267498613882e-07
SEPT7	8	1.12353715695055e-11	0.337935090010537	0.931	0.853	2.24954609564638e-07
TMEM59L	8	1.17673656418895e-11	0.776007995307298	0.354	0.208	2.35606194881911e-07
SRM	8	1.20352731927594e-11	0.643788429512277	0.515	0.347	2.40970239865429e-07
EIF4H	8	1.28382394368061e-11	0.565907902470155	0.608	0.444	2.57047230003733e-07
PTGDS	8	1.48115551532838e-11	0.462648290647459	0.287	0.159	2.96556957279048e-07
PTPN13	8	1.51814770414083e-11	1.01289768817365	0.256	0.136	3.03963533323077e-07
CRTAC1	8	1.53166935919218e-11	0.682091862277502	0.295	0.158	3.06670839097458e-07
TSC22D1	8	1.61804281272196e-11	0.616100247922679	0.692	0.536	3.23964531963191e-07
HEXA	8	1.65087799785316e-11	0.498781060274294	0.703	0.552	3.3053879273016e-07
APBB2	8	1.72468992792046e-11	0.791664806394323	0.354	0.208	3.45317417368234e-07
MAP1LC3A	8	1.73057425663283e-11	0.612993107630286	0.449	0.284	3.46495577663024e-07
UBTD2	8	1.78195968989269e-11	0.772718579868499	0.305	0.168	3.56783969110315e-07
LATS2	8	1.86662206823862e-11	0.917964469306216	0.262	0.138	3.73735070502736e-07
SMAD5	8	1.9135722976322e-11	0.519541426698776	0.582	0.401	3.8313544543192e-07
CDH19	8	1.93419941072183e-11	0.554968991233732	0.3	0.164	3.87265406014724e-07
F3	8	2.01520186429624e-11	0.994637114509468	0.31	0.177	4.03483717269394e-07
SLC39A6	8	2.23302865391517e-11	0.849554532261315	0.303	0.169	4.47096997086895e-07
PDLIM4	8	2.2840124073795e-11	0.860410235248419	0.372	0.23	4.57304964205523e-07
RBFOX2	8	2.46356811124979e-11	0.511556887201588	0.538	0.358	4.93255607234433e-07
PBX1	8	2.4987068069031e-11	0.686600512598738	0.431	0.277	5.00291076878139e-07
EEF2	8	2.82905180021992e-11	0.329212365612238	0.962	0.864	5.66432751440033e-07
SAMD4A	8	2.83918134733115e-11	0.784408990391524	0.272	0.146	5.68460889362644e-07
SNHG18	8	2.86601715812091e-11	0.889108100983998	0.295	0.165	5.7383395539897e-07
PLEKHH2	8	3.01293922337044e-11	0.610239475524743	0.418	0.261	6.0325069130323e-07
ARMCX3	8	3.14316441527581e-11	0.641414357936329	0.5	0.338	6.29324379226523e-07
URI1	8	3.22176481993097e-11	0.61208679046277	0.459	0.299	6.45061752246579e-07
NDUFA4	8	3.31164857427237e-11	0.300479405655808	0.956	0.904	6.63058277540814e-07
PAM	8	3.35211871051544e-11	0.839442067194492	0.341	0.203	6.71161208219401e-07
DNM3OS	8	3.66350251687318e-11	0.725724602305195	0.3	0.165	7.33506473928348e-07
PDCD4	8	3.66404260614986e-11	0.68018544372215	0.538	0.391	7.33614610603324e-07
TCEB2	8	3.68956853919058e-11	0.299113939671982	0.967	0.923	7.38725412916738e-07
NME1	8	3.6944617069781e-11	0.474128888881329	0.618	0.443	7.39705122971155e-07
MPZL1	8	4.1123576904177e-11	0.63132757700681	0.485	0.321	8.23376256775431e-07
GJA1	8	4.15848516918176e-11	0.84521834205134	0.377	0.232	8.32611900573571e-07
TMEM230	8	4.46601809463001e-11	0.496268885295759	0.618	0.434	8.94186142906821e-07
SUCO	8	4.51296628225628e-11	0.646691276010122	0.428	0.271	9.03586109033353e-07
CLTC	8	4.57064585628088e-11	0.564551454372948	0.654	0.504	9.15134713344559e-07
FAM101B	8	4.78020440685507e-11	0.844950532326575	0.274	0.149	9.57092526340522e-07
SEPT6	8	4.78108413145749e-11	0.450186294551631	0.715	0.559	9.57268664800419e-07
TCF12	8	4.80909845857452e-11	0.532808185070686	0.549	0.376	9.62877693375791e-07
RASSF8	8	4.81744843421647e-11	0.892464025077284	0.292	0.164	9.64549525498821e-07
PER2	8	4.90859969703252e-11	0.805532112951387	0.295	0.163	9.8279983133985e-07
NR1D1	8	5.04188920135558e-11	0.877998061988571	0.3	0.169	1.00948705589542e-06
CHCHD2	8	5.22978699599019e-11	0.262014173651941	0.979	0.942	1.04710795233716e-06
SBDS	8	5.32180130004211e-11	0.556715724557286	0.559	0.389	1.06553105629443e-06
DCTD	8	5.44002138643089e-11	0.68875332433189	0.387	0.237	1.08920108199119e-06
C19orf10	8	5.5813408125263e-11	0.567798066929476	0.579	0.414	1.11749605748401e-06
FAM13A	8	5.59339923836094e-11	0.59072403126379	0.518	0.355	1.11991039550463e-06
PCSK1N	8	5.90796952555836e-11	0.645337510077663	0.362	0.215	1.18289365840729e-06
SEP15	8	6.68721066608178e-11	0.531488553444332	0.603	0.445	1.33891331956289e-06
TLE3	8	7.2387433793959e-11	0.783939346478152	0.359	0.221	1.44934119942265e-06
USP11	8	7.2670911954026e-11	0.650154831296289	0.387	0.238	1.45501699914351e-06
HDDC2	8	7.33257463277806e-11	0.511824156504305	0.526	0.347	1.46812809297482e-06
NR1D2	8	7.5411523585215e-11	0.646791901394682	0.464	0.311	1.50988952522318e-06
CREB3L2	8	7.79878097252418e-11	0.67563808949952	0.433	0.279	1.56147192631879e-06
RNF24	8	8.07657869308822e-11	0.696810057124691	0.382	0.235	1.61709258593012e-06
CDC42BPA	8	8.29377944135323e-11	0.658858069345787	0.392	0.244	1.66058051974774e-06
GPC4	8	8.47367495313963e-11	1.03702230636117	0.254	0.137	1.69659919911762e-06
TSPAN4	8	8.7820495900848e-11	0.599838218723849	0.549	0.385	1.75834196892678e-06
AXL	8	9.11017318365338e-11	0.616825564552095	0.341	0.197	1.82403887483108e-06
NFIA	8	9.16546635552624e-11	0.538217794979961	0.659	0.496	1.83510967370346e-06
SEC63	8	9.69804914663054e-11	0.656806856663191	0.438	0.293	1.94174340013837e-06
TMEM208	8	9.75950226103054e-11	0.549950621171771	0.538	0.374	1.95404754270353e-06
GLT8D1	8	1.1221405219035e-10	0.649228052278451	0.408	0.259	2.24674975295519e-06
CCDC102B	8	1.19339300972261e-10	0.634404737224991	0.379	0.235	2.38941148406661e-06
CCND1	8	1.23901510341729e-10	0.638248409096306	0.415	0.266	2.48075604006209e-06
IDH3G	8	1.24353842876733e-10	0.543036122601573	0.541	0.379	2.48981264207795e-06
FAT3	8	1.34630209950797e-10	0.935228057615518	0.285	0.16	2.69556606363487e-06
CSNK1G3	8	1.36106343331857e-10	0.656866721093968	0.408	0.255	2.72512120619044e-06
HOXB13	8	1.40861178113819e-10	0.812079826842653	0.259	0.138	2.82032250819488e-06
NPTN	8	1.43100940290464e-10	0.619738767599645	0.446	0.286	2.86516702649568e-06
PRAME	8	1.43291121324635e-10	0.945231010356595	0.251	0.135	2.86897483116184e-06
ANO6	8	1.45249711169864e-10	0.699929092429534	0.346	0.207	2.90818971704301e-06
APP	8	1.4958428975896e-10	0.447952516774509	0.703	0.546	2.9949766495539e-06
LMCD1	8	1.50229134361014e-10	0.984644242770019	0.308	0.184	3.00788772817621e-06
TSPAN9	8	1.51982069902446e-10	0.861175066523609	0.279	0.156	3.04298500358677e-06
C1orf21	8	1.54049458671897e-10	0.457123747989479	0.549	0.379	3.08437826152873e-06
PTK7	8	1.71091228240423e-10	0.800688917055785	0.326	0.194	3.42558857182974e-06
ASPH	8	1.74064329682367e-10	0.573641735400449	0.472	0.31	3.48511600890036e-06
JAM3	8	1.76466115719335e-10	0.717756089401408	0.331	0.196	3.53320456893253e-06
GALNT11	8	1.81057091562093e-10	0.682326940210956	0.415	0.267	3.62512508725622e-06
PLAGL1	8	1.88929175806572e-10	0.500251371523192	0.487	0.326	3.78273995799918e-06
IL17RD	8	2.06402404961282e-10	0.779437848241256	0.264	0.143	4.13258895213479e-06
DAAM2	8	2.06927315261882e-10	0.781044937588141	0.279	0.154	4.1430987061734e-06
TCEAL7	8	2.07263793006906e-10	0.84287095625339	0.341	0.209	4.14983566358427e-06
PXDN	8	2.18616380753423e-10	0.544734859571827	0.495	0.336	4.37713717544503e-06
SURF4	8	2.18959783841365e-10	0.682630549422704	0.485	0.338	4.3840127920718e-06
DSTN	8	2.23860929643841e-10	0.408364745126503	0.705	0.564	4.48214353332899e-06
USO1	8	2.27080735733283e-10	0.704329971447327	0.349	0.21	4.54661049085179e-06
EHD2	8	2.38660812061727e-10	0.644080522317234	0.354	0.211	4.7784667790999e-06
ELK4	8	2.5268196908568e-10	0.69729746556662	0.392	0.248	5.05919838503348e-06
MLEC	8	2.54185428736242e-10	0.568617877559664	0.521	0.356	5.08930065415704e-06
NCKAP1	8	2.54952413087073e-10	0.72032998438527	0.356	0.218	5.10465721482937e-06
UNC13C	8	2.64386383454797e-10	0.838304683717016	0.251	0.135	5.29354416953195e-06
EGFR	8	2.71044144408431e-10	0.617400849604351	0.521	0.355	5.4268458593456e-06
QSOX1	8	2.98752460793071e-10	0.736552628644311	0.349	0.213	5.98162176999886e-06
HECTD2	8	3.03030082233116e-10	0.864796849918464	0.295	0.17	6.06726830647146e-06
NID2	8	3.1125509727537e-10	0.808666631262063	0.272	0.151	6.23194955764745e-06
RAB34	8	3.11900979490428e-10	0.537188853124484	0.541	0.371	6.24488141135736e-06
NENF	8	3.19083684187865e-10	0.400891728201722	0.759	0.613	6.38869352480944e-06
SGCB	8	3.20702792393976e-10	0.760877374185095	0.31	0.183	6.42111130931219e-06
SYCE1L	8	3.29291386306306e-10	0.703703665797861	0.338	0.202	6.59307213662486e-06
CALM2	8	3.37763739759972e-10	0.31385449860985	0.918	0.859	6.76270559747417e-06
CCDC104	8	3.5515613364715e-10	0.89054005647713	0.29	0.168	7.11093610788323e-06
AFF3	8	3.57211211896687e-10	0.641848730454601	0.421	0.27	7.15208288459547e-06
SERPINH1	8	3.60821371393953e-10	0.456674316176256	0.554	0.382	7.22436549804972e-06
IL6ST	8	3.71773417892538e-10	0.537276607407673	0.551	0.398	7.44364737304439e-06
FNDC3B	8	3.77172799485038e-10	0.718135770972358	0.344	0.208	7.55175379128943e-06
SNAI2	8	3.7963792950916e-10	0.762247987532541	0.323	0.192	7.60111062463241e-06
LAPTM4B	8	3.89118120429276e-10	0.73407731484138	0.349	0.213	7.79092300723495e-06
FLNA	8	3.92165158763833e-10	0.547530092451654	0.679	0.534	7.85193080876946e-06
SUB1	8	4.03627703010766e-10	0.376200537391649	0.895	0.86	8.08143386968155e-06
RASSF8-AS1	8	4.23316560462509e-10	0.71541785960978	0.338	0.203	8.47564417358035e-06
MED13	8	4.29444870697191e-10	0.559650921164127	0.469	0.31	8.59834520109916e-06
ADAMTS9	8	4.39082216362351e-10	0.764747366019285	0.397	0.26	8.791304136007e-06
DHRS3	8	4.39170155149571e-10	0.668564707224733	0.426	0.281	8.79306484640472e-06
LMNA	8	4.42561872218674e-10	0.314608285802652	0.808	0.649	8.8609738055623e-06
FAM20C	8	4.54055087983595e-10	0.647920671091665	0.51	0.354	9.09109097160754e-06
NRXN2	8	5.2397083831348e-10	0.846213025171928	0.251	0.136	1.04909441247125e-05
RPS4Y1	8	5.43358700486208e-10	0.301242611086908	0.956	0.919	1.08791279011348e-05
QPRT	8	5.69012755043064e-10	0.558443394454709	0.431	0.278	1.13927733814722e-05
SAR1A	8	5.69088014035315e-10	0.657567082389189	0.423	0.28	1.13942802170151e-05
MATN2	8	5.95545921047377e-10	0.490930539452257	0.408	0.252	1.19240204312106e-05
HSP90B1	8	6.1301158564397e-10	0.4221275298991	0.892	0.83	1.22737179677636e-05
DZIP1	8	6.20177142262331e-10	0.897051526107433	0.264	0.149	1.24171867423764e-05
MAN1A2	8	6.43748625415079e-10	0.6753611991822	0.385	0.246	1.28891349780607e-05
CXCL12	8	6.52391554242611e-10	0.561380564149013	0.5	0.342	1.30621836990455e-05
ZBTB41	8	6.58800108513768e-10	0.843285468545643	0.305	0.18	1.31904957726627e-05
CLSTN1	8	6.99773543687122e-10	0.488799379811743	0.449	0.29	1.40108658917036e-05
MYO1B	8	7.74773730785748e-10	0.611498355646459	0.315	0.185	1.55125196377922e-05
GOLIM4	8	7.90775618006368e-10	0.57844070033147	0.523	0.374	1.58329094237235e-05
EPHA7	8	8.03070812710944e-10	0.75338094520806	0.254	0.139	1.60790838120985e-05
CHD9	8	8.0356401306935e-10	0.377694562107337	0.851	0.7	1.60889586696745e-05
SDF4	8	8.04990149719007e-10	0.656937916859801	0.456	0.317	1.6117512777674e-05
SERPINE2	8	8.25748940328749e-10	0.402846989291751	0.421	0.273	1.65331452832622e-05
SLC22A17	8	9.87667342503681e-10	0.79579956650672	0.259	0.144	1.97750755316087e-05
ARHGAP24	8	1.0282176246706e-09	0.729452229457575	0.362	0.229	2.05869732811547e-05
IGFBP4	8	1.05979057149625e-09	0.394688182669633	0.833	0.688	2.1219126822498e-05
CDK4	8	1.09570278746975e-09	0.531796940086682	0.515	0.36	2.19381612107193e-05
SEMA6D	8	1.1417572816055e-09	0.745170283093245	0.362	0.227	2.28602642923053e-05
ALDH7A1	8	1.14178411298493e-09	0.878700877920832	0.259	0.146	2.28608015101843e-05
TBC1D2B	8	1.15834154747734e-09	0.559257349671064	0.518	0.368	2.31923144635914e-05
TFG	8	1.21344300168941e-09	0.570259249165625	0.459	0.308	2.42955557798253e-05
WDR13	8	1.26022840913745e-09	0.758148954846189	0.3	0.177	2.52322932077501e-05
COPA	8	1.27143627573993e-09	0.540536103881695	0.541	0.388	2.54566971128649e-05
SEZ6L2	8	1.27322923321678e-09	0.823813364781735	0.254	0.14	2.54925957074664e-05
MDK	8	1.29946076701633e-09	0.387058238991187	0.797	0.65	2.60178034772009e-05
EXT2	8	1.30413952147493e-09	0.762274206672032	0.315	0.189	2.61114814989711e-05
YBEY	8	1.30766931811572e-09	0.762274206672032	0.279	0.16	2.6182155087313e-05
CDK14	8	1.30995505687673e-09	0.710583612174444	0.285	0.163	2.62279201487858e-05
PPP2R1A	8	1.32115213021208e-09	0.540629590545644	0.51	0.354	2.64521079511063e-05
PTPRG	8	1.4009085765055e-09	0.650677121429827	0.367	0.229	2.80489915187931e-05
OST4	8	1.43476126923134e-09	0.342373651557304	0.872	0.84	2.87267901325499e-05
BASP1	8	1.49182502985284e-09	0.549516967030671	0.415	0.27	2.98693207477136e-05
SLC9A3R2	8	1.58031855553727e-09	0.363491736360965	0.544	0.371	3.16411381189672e-05
COPB2	8	1.59169735425439e-09	0.57084238563257	0.495	0.35	3.18689644268813e-05
LIMA1	8	1.67583598162904e-09	0.521379906672938	0.546	0.391	3.35535880241766e-05
IARS	8	1.70971558236465e-09	0.779165204369917	0.29	0.169	3.4231925390105e-05
KDELC2	8	1.75109788411435e-09	0.661287894829494	0.297	0.173	3.50604818357376e-05
FAM207A	8	1.77551574581771e-09	0.696844408642404	0.323	0.196	3.55493762627621e-05
RNF212	8	1.9579134664862e-09	0.43865568374083	0.538	0.365	3.92013434259867e-05
PFN2	8	1.96469643217147e-09	0.8043483938871	0.259	0.146	3.93371519649371e-05
RHEB	8	1.99550840311056e-09	0.318090986168987	0.682	0.521	3.99540692470797e-05
CYTH3	8	2.1471441557893e-09	0.623813189410831	0.382	0.242	4.29901202872133e-05
SYPL1	8	2.22777926200674e-09	0.609964411085421	0.451	0.307	4.46045963838989e-05
TM9SF2	8	2.23475895667998e-09	0.632368781523699	0.426	0.286	4.47443438306465e-05
POLR2C	8	2.44228589703826e-09	0.607994486678906	0.397	0.259	4.88994482305001e-05
ANKRD50	8	2.46569573858262e-09	0.635529927980941	0.441	0.298	4.93681600779012e-05
TRIB2	8	2.48048228531313e-09	0.571911736857176	0.397	0.256	4.96642163165395e-05
KIFAP3	8	2.62388065094778e-09	0.639537374843457	0.369	0.233	5.25353383932764e-05
C5orf15	8	2.67358939685118e-09	0.79861756703609	0.3	0.179	5.35306069037544e-05
COPG1	8	2.77063684209566e-09	0.733054489530271	0.303	0.18	5.54736908524393e-05
RNF11	8	2.77852724611155e-09	0.72620907150804	0.287	0.167	5.56316725216454e-05
TMEM214	8	3.16059667380021e-09	0.78152447724384	0.282	0.166	6.32814666028278e-05
CIRBP	8	3.2119070959142e-09	0.283997011168611	0.954	0.896	6.43088038743942e-05
LTBP4	8	3.28943347387305e-09	0.475567104135176	0.513	0.359	6.58610370138862e-05
UBFD1	8	3.33194612116626e-09	0.620450893109385	0.321	0.192	6.67122252379908e-05
NDUFB2	8	3.53312626641875e-09	0.348884326496001	0.869	0.797	7.07402541062363e-05
NPRL3	8	3.57788967238841e-09	0.650677121429827	0.392	0.256	7.16365070205608e-05
MSRB2	8	3.84461642953662e-09	0.529332759324356	0.5	0.353	7.69769101521822e-05
C1R	8	3.86434318812996e-09	0.489785877431757	0.508	0.355	7.73718793127381e-05
UFM1	8	4.0189091772343e-09	0.599357126438784	0.482	0.345	8.04665995465852e-05
ZBTB16	8	4.11154790058181e-09	0.661033533504004	0.341	0.214	8.2321412065449e-05
SEC23A	8	4.12451133109446e-09	0.713424204677452	0.377	0.249	8.25809658711734e-05
TMEM248	8	4.26097467678674e-09	0.569312134745596	0.505	0.36	8.5313234978624e-05
RYBP	8	4.5599589488555e-09	0.623155500767051	0.426	0.284	9.12994980739849e-05
CNTFR	8	5.34143971438822e-09	0.800635665946021	0.287	0.173	0.000106946305961481
CCNG1	8	5.55777040687809e-09	0.843251436298026	0.254	0.146	0.000111277679086513
TMEM30A	8	5.64665045652765e-09	0.642543765375437	0.413	0.283	0.000113057235440597
EIF4G1	8	5.65413370419144e-09	0.550740402034331	0.479	0.331	0.000113207065025321
CD59	8	5.89831037807368e-09	0.404596507301328	0.605	0.459	0.000118095970389791
LEPROT	8	6.07285581687067e-09	0.487022839270663	0.554	0.408	0.000121590719165385
SRP72	8	6.28948104793153e-09	0.564441170150636	0.436	0.296	0.000125927989541685
TRAPPC12	8	6.39960889013137e-09	0.837388032083675	0.256	0.148	0.00012813296919821
ABL1	8	6.51904444655616e-09	0.644347154185367	0.356	0.227	0.000130524307908947
DBN1	8	6.52921387633766e-09	0.768321528140575	0.305	0.185	0.000130727920232033
MEIS3	8	6.57853588722098e-09	0.573533549693376	0.377	0.24	0.000131715445533939
CAMK2D	8	7.38349332905407e-09	0.716742703836103	0.328	0.206	0.000147832303434321
CHID1	8	7.45262462279507e-09	0.608079616691034	0.4	0.265	0.000149216450197603
IREB2	8	7.58497982432059e-09	0.685150958417775	0.449	0.32	0.000151866466042547
SEC61A1	8	7.64569396358299e-09	0.593321860786471	0.467	0.328	0.000153082084538859
PDE7B	8	7.79079656884645e-09	0.746769728444537	0.264	0.152	0.000155987328901444
FEM1B	8	8.19532940034721e-09	0.778704647289905	0.326	0.206	0.000164086885253752
TMEM9	8	8.25591129224403e-09	0.549249601421574	0.438	0.296	0.00016529985589331
SCOC	8	8.42792809879704e-09	0.640314663872793	0.397	0.267	0.000168743976394114
TERF2IP	8	8.67682095275056e-09	0.411265563690995	0.667	0.53	0.000173727309115972
PRKRIP1	8	8.89122734086431e-09	0.620749631031246	0.372	0.241	0.000178020153818785
HIF3A	8	9.01967819072331e-09	0.829463733185672	0.287	0.174	0.000180591996734662
HMG20A	8	9.41490558254954e-09	0.64250071248924	0.385	0.257	0.000188505239573807
SLC25A6	8	9.66280989083006e-09	0.304192051155222	0.944	0.901	0.0001934687796342
CMKLR1	8	9.69651141018173e-09	0.841785426192464	0.295	0.183	0.000194143551454659
ARL1	8	9.73723592210536e-09	0.537276607407673	0.505	0.369	0.000194958937632393
IER3IP1.1	8	9.99885823424058e-09	0.593756026443965	0.382	0.25	0.000200197139565965
POFUT2	8	1.00604107388203e-08	0.757605850337621	0.277	0.164	0.00020142954381266
EIF2AK1	8	1.09614036739343e-08	0.592702514061321	0.4	0.267	0.000219469224359512
PSMB5	8	1.15216447704957e-08	0.464698847035895	0.603	0.458	0.000230686371594864
SEC13	8	1.15896883909086e-08	0.643406955901315	0.364	0.237	0.000232048740962771
TGFBI	8	1.19179137749601e-08	0.417960208529027	0.677	0.54	0.000238620469602252
ANXA5	8	1.19896966969609e-08	0.322190070535856	0.859	0.78	0.000240057707266552
LARP1	8	1.20100675377647e-08	0.606657041913603	0.433	0.296	0.000240465572241125
SNX3	8	1.22045982174491e-08	0.332090425475255	0.831	0.751	0.000244360465509766
FNDC3A	8	1.22209673979778e-08	0.49775605487353	0.482	0.336	0.000244688209242311
MSL1	8	1.22487935788906e-08	0.535029982838152	0.462	0.321	0.000245245345036548
ITPRIPL2	8	1.25884283081189e-08	0.545697413814533	0.454	0.312	0.000252045511585156
PTRF	8	1.26837109157773e-08	0.266204408154381	0.738	0.554	0.000253953259955693
ECI2	8	1.2895860335042e-08	0.64466807929249	0.369	0.241	0.00025820091562821
H6PD	8	1.3425068575912e-08	0.675513422346771	0.295	0.178	0.000268796723026911
TNS1	8	1.34915934920598e-08	0.72761816411841	0.292	0.178	0.000270128684898022
MEOX1	8	1.38054295919329e-08	0.857651999959912	0.303	0.189	0.000276412311289681
FAM103A1	8	1.40104331718429e-08	0.687068054403096	0.328	0.208	0.000280516892966639
CDKN2C	8	1.45018258679976e-08	0.617884297336857	0.326	0.204	0.000290355557529048
SETBP1	8	1.45808627556798e-08	0.678286693909585	0.308	0.19	0.00029193803409422
PHPT1	8	1.47672126453117e-08	0.447642476427509	0.682	0.571	0.000295669131584431
XIAP	8	1.48068668862142e-08	0.671765009757945	0.313	0.193	0.00029646308879578
H1F0	8	1.63463615878749e-08	0.497819880713865	0.5	0.359	0.000327286851712432
THBS1	8	1.63601774252593e-08	0.592425558499962	0.313	0.193	0.000327563472408542
NOB1	8	1.64278977266938e-08	0.609575035950876	0.331	0.207	0.000328919368283863
UBE2E3	8	1.64474671958508e-08	0.55689821023613	0.495	0.361	0.000329311188195325
SMARCD3	8	1.72424843712199e-08	0.698256839262423	0.333	0.213	0.000345229022080564
DAP	8	1.85703714922137e-08	0.58143670700642	0.374	0.242	0.000371815978017103
DDX17	8	1.8644121763037e-08	0.270769599668951	0.949	0.854	0.000373292605939527
VPS25	8	1.91788080582504e-08	0.529694938759852	0.444	0.303	0.00038399809494229
SPOP	8	1.95492453647954e-08	0.455975460918644	0.495	0.342	0.000391414990693933
LPGAT1	8	1.98101890538529e-08	0.575223285324762	0.423	0.292	0.000396639605236243
FKBP9	8	1.99668704339551e-08	0.619293867591528	0.423	0.291	0.000399776679828648
TUSC3	8	1.99814468336988e-08	0.470132404060426	0.469	0.324	0.000400068528504317
NES	8	2.10291861206103e-08	0.40418650759265	0.49	0.338	0.00042104636450686
C19orf70	8	2.1805604333667e-08	0.465876938598204	0.538	0.396	0.000436591809968681
RBMS3	8	2.19726307822244e-08	0.570052914838752	0.369	0.236	0.000439936013521697
MPDZ	8	2.20267216131309e-08	0.71558097122399	0.359	0.236	0.000441019020138107
CNKSR3	8	2.33296091626966e-08	0.734077314841379	0.305	0.193	0.000467105434655512
TPST1	8	2.35567313534563e-08	0.823813364781735	0.264	0.158	0.000471652875158903
SHISA5	8	2.35909831765822e-08	0.494773035705674	0.397	0.258	0.000472338665161529
TMCO1	8	2.36437471789419e-08	0.380467993033753	0.679	0.546	0.000473395106016775
A1BG	8	2.38813800730178e-08	0.586811155816737	0.431	0.298	0.000478152991821962
MAML2	8	2.43606290340657e-08	0.430715754566951	0.628	0.485	0.000487748514520063
YIPF3	8	2.46179727145374e-08	0.498710658462824	0.5	0.353	0.000492901049690468
ETFA	8	2.48033660064314e-08	0.412980984197806	0.582	0.423	0.000496612994180769
FKBP8	8	2.55978259415974e-08	0.417158347729388	0.649	0.521	0.000512519671002663
RP11-14N7.2	8	2.65079546213884e-08	0.310605220477467	0.659	0.493	0.000530742267429438
SIL1	8	2.75686020634177e-08	0.602480432058166	0.359	0.234	0.00055197855051375
PPAP2A	8	2.86279365626211e-08	0.551485901562907	0.251	0.145	0.0005731885458568
TMEM185A	8	3.09379975870374e-08	0.620548369210965	0.346	0.222	0.000619440587687663
BAIAP2	8	3.12812435459428e-08	0.748689855449272	0.264	0.157	0.000626313058276867
CFL2	8	3.38256415861227e-08	0.805549069974418	0.254	0.15	0.000677256995837348
CUTA	8	3.44989876805004e-08	0.373765067619403	0.728	0.614	0.000690738731338979
LSAMP	8	3.48723912981572e-08	0.720795793736027	0.295	0.181	0.000698215018571704
PDCD7	8	3.49580810542829e-08	0.396980036376611	0.605	0.445	0.000699930698868853
FAM168B	8	3.51893728722191e-08	0.794173750976606	0.259	0.155	0.000704561623647572
PGM3	8	3.52813590850961e-08	0.696545258344778	0.274	0.164	0.000706403371601794
TMEM42	8	3.53311622747057e-08	0.73292362022501	0.272	0.163	0.000707400531064158
YAP1	8	3.53474126100729e-08	0.579770723893364	0.372	0.245	0.000707725895278879
COPS7A	8	3.54117146836791e-08	0.712860828931684	0.292	0.181	0.000709013351396623
CCDC88A	8	3.65454296833958e-08	0.616055340484411	0.449	0.318	0.000731712593120951
ITGAE	8	3.7533226611614e-08	0.434624808051876	0.479	0.335	0.000751490263217735
TLN2	8	3.81682099080537e-08	0.637667086886689	0.333	0.216	0.000764203898779051
PEBP1	8	3.87506994436847e-08	0.35988471000412	0.831	0.723	0.000775866504261456
GATAD1	8	4.44592964888032e-08	0.523446261799511	0.479	0.338	0.000890164034298817
IFT27	8	4.53010137240772e-08	0.626213281531319	0.321	0.203	0.000907016896783474
TENC1	8	4.53960963440951e-08	0.534571322849349	0.408	0.277	0.000908920641001472
EBF1	8	4.57449784818742e-08	0.680172101356007	0.331	0.213	0.000915905959164086
GNL3	8	4.72181289045504e-08	0.405052045013705	0.433	0.29	0.000945401376926908
ASCC3	8	4.73283560118685e-08	0.691902179253001	0.367	0.247	0.00094760834406963
MRFAP1	8	4.76482370987192e-08	0.396818323985859	0.703	0.556	0.000954013003190557
MAGOHB	8	4.82573763387979e-08	0.630579675138043	0.336	0.216	0.000966209189055411
CLINT1	8	4.87572649512765e-08	0.505205924119346	0.492	0.362	0.000976217958854459
ANAPC5	8	4.89480629790772e-08	0.492203115745853	0.479	0.342	0.000980038116967083
CYB5R3	8	5.02092051330637e-08	0.463050118254055	0.441	0.301	0.0010052887051742
PIP4K2B	8	5.29479604445028e-08	0.699030367742179	0.272	0.163	0.00106012406401984
TROVE2	8	5.44551830275571e-08	0.500245444226841	0.469	0.338	0.00109030167457775
GOLGA2	8	5.47342848922278e-08	0.523991788956545	0.41	0.279	0.00109588985211219
HSD17B12	8	5.48056553021029e-08	0.629537329673494	0.336	0.217	0.0010973188304587
C12orf57	8	5.52046157372689e-08	0.351140514690526	0.767	0.623	0.0011053068162916
CSNK1E	8	5.52105895516098e-08	0.52948127375853	0.469	0.331	0.00110542642400233
QTRT1	8	5.65295214024158e-08	0.522252488003051	0.377	0.247	0.00113183407751917
MYO9A	8	6.0619844386098e-08	0.422744335193216	0.518	0.368	0.00121373052429846
WWTR1	8	6.15240584253654e-08	0.461058820434964	0.467	0.327	0.00123183469779267
TFPI	8	6.23739473384552e-08	0.282938863572069	0.479	0.333	0.00124885117361055
ZEB1	8	6.46593629048015e-08	0.544884813037995	0.472	0.343	0.00129460976407994
PGRMC1	8	6.73058428941266e-08	0.45408408184775	0.503	0.359	0.0013475975864262
TPTEP1	8	6.94009753477861e-08	0.582446097939409	0.367	0.243	0.00138954632841337
IGF2R	8	7.08560132374543e-08	0.657638942277177	0.362	0.242	0.00141867909704031
FOXJ3	8	7.14133489970518e-08	0.637728081913653	0.295	0.183	0.00142983807361897
WBP11	8	7.35172224833791e-08	0.53841299260019	0.377	0.25	0.00147196182856222
AP2M1	8	7.48177534047828e-08	0.393857893252258	0.7	0.6	0.00149800105867056
FAM43A	8	8.41546039952137e-08	0.660467407690072	0.387	0.264	0.00168494348119217
RER1	8	8.44677432323156e-08	0.466093693035852	0.528	0.386	0.00169121315499742
C1orf122	8	8.52459485760237e-08	0.4987264676933	0.433	0.306	0.00170679438238915
WBSCR16	8	8.81636469107203e-08	0.628948328210818	0.285	0.175	0.00176521253844644
NDUFA10	8	8.85998462295152e-08	0.491994410553281	0.505	0.372	0.00177394612120735
GORASP2	8	9.00089601043636e-08	0.677063708951813	0.279	0.172	0.00180215939920957
RARRES2	8	9.09517081217703e-08	0.258940795498208	0.662	0.502	0.00182103510001409
CNTN5	8	9.13430635812182e-08	0.677882775388767	0.331	0.218	0.00182887081902315
KHDRBS3	8	9.23435069105448e-08	0.736015119082872	0.269	0.165	0.00184890169536293
MLF2	8	9.25177419719705e-08	0.456499489065788	0.533	0.4	0.00185239022976279
CDKN1C	8	9.39740342596927e-08	0.370225409480841	0.51	0.363	0.00188154811394757
PINK1	8	9.45034628526755e-08	0.686771600063023	0.282	0.175	0.00189214833323627
KIAA0232	8	9.45165269778418e-08	0.58635222476415	0.351	0.23	0.00189240990315035
MICU1	8	9.57138371100953e-08	0.501580715193102	0.385	0.256	0.00191638244661833
THUMPD1	8	9.57759424608746e-08	0.621475294577409	0.341	0.223	0.00191762591995163
HSPA2	8	9.58635872623934e-08	0.53630019275918	0.382	0.257	0.00191938074416764
DAD1	8	9.62505488294579e-08	0.263834650790755	0.851	0.736	0.00192712848866341
REST	8	9.62816591547677e-08	0.651866955861476	0.349	0.232	0.00192775137959676
KDELR1	8	9.76234584978659e-08	0.349744658891864	0.8	0.717	0.00195461688604427
NDUFC1	8	9.87505420867243e-08	0.364519795062475	0.682	0.548	0.00197718335366039
EGFLAM	8	9.8774191435663e-08	0.609205348065111	0.256	0.152	0.00197765686092484
RP11-220I1.1	8	1.01159898730625e-07	0.601129673953991	0.349	0.23	0.00202542349238458
ZNF652	8	1.01705186861031e-07	0.467996952428611	0.482	0.346	0.00203634125133156
SNTB2	8	1.02825025551808e-07	0.602832781563127	0.297	0.185	0.00205876266159831
C11orf31	8	1.03781555094631e-07	0.26029817902876	0.882	0.775	0.0020779142961047
OLFML1	8	1.03832530871578e-07	0.755936748805119	0.262	0.159	0.00207893493311073
SPON2	8	1.04731468966685e-07	0.610665150286372	0.264	0.159	0.00209693347165097
PCBP2	8	1.07517089634245e-07	0.277372096901192	0.838	0.737	0.00215270716865686
SPIN1	8	1.08004186365493e-07	0.617138871252626	0.338	0.221	0.0021624598194099
NBPF1	8	1.10219083995274e-07	0.563717176903267	0.397	0.27	0.00220680649975338
RUNX1	8	1.10853869845525e-07	0.633838059203422	0.382	0.259	0.0022195161820471
SDHC	8	1.11989547163834e-07	0.570869712625251	0.364	0.243	0.00224225471331428
LRRN3	8	1.14714039473504e-07	0.743279807887405	0.256	0.154	0.00229680449833849
CPED1	8	1.14724380951841e-07	0.502533195135402	0.395	0.26	0.00229701155541776
IRF2BP2	8	1.15395309439123e-07	0.386184590275044	0.554	0.398	0.00231044488559012
PLXNB2	8	1.17008887454155e-07	0.536465984005634	0.387	0.262	0.0023427519446071
MRPL3	8	1.17732421272776e-07	0.565610317606929	0.367	0.244	0.00235723853872353
DKK3	8	1.19565420403331e-07	0.711992874002442	0.308	0.198	0.00239393884731548
PDLIM2	8	1.20864121531441e-07	0.538209628577456	0.4	0.272	0.00241994144130252
JRKL	8	1.21441059117264e-07	0.633250253729178	0.287	0.177	0.00243149288564586
CSAD	8	1.22593916142509e-07	0.411560484977111	0.41	0.273	0.00245457538900531
ZDBF2	8	1.22885825657314e-07	0.710993701728338	0.254	0.151	0.00246042000131074
ANAPC11	8	1.25948011497017e-07	0.33390527291898	0.71	0.56	0.00252173108619327
EIF3B	8	1.27630711082738e-07	0.471453290191092	0.495	0.359	0.00255542209729859
MED8	8	1.33102500651672e-07	0.657785528510172	0.321	0.209	0.00266497826804777
PUM2	8	1.45130668787464e-07	0.580174915820141	0.338	0.221	0.0029058062504626
C12orf44	8	1.5042700790566e-07	0.602165639335798	0.31	0.197	0.00301184955228713
VBP1	8	1.5209428200541e-07	0.468420303230125	0.438	0.304	0.00304523171431231
PURB	8	1.57402492853654e-07	0.668833583277291	0.369	0.251	0.00315151271191585
IRS2	8	1.57793141949603e-07	0.767342861702907	0.254	0.156	0.00315933428811495
MAGEF1	8	1.64585890719763e-07	0.653059568164816	0.318	0.209	0.00329533870399109
NRP2	8	1.65867353547279e-07	0.509071250832892	0.567	0.441	0.00332099615272363
KIAA0947	8	1.65879551846902e-07	0.572356395526403	0.31	0.196	0.00332124038707866
NPM1	8	1.70458807120228e-07	0.257421195595148	0.985	0.974	0.0034129262361612
WBSCR22	8	1.78891664734533e-07	0.496203906715923	0.456	0.325	0.00358176891131482
C11orf58	8	1.79483019140426e-07	0.284461981388568	0.838	0.722	0.0035936090092296
TOR1AIP1	8	1.83329017194203e-07	0.592634689556542	0.297	0.186	0.00367061358226234
NBR1	8	1.88928597225982e-07	0.477127671468563	0.397	0.27	0.00378272837365861
SCFD1	8	1.92517408587605e-07	0.555664253999032	0.354	0.236	0.00385458355474103
CPNE3	8	1.92600332384993e-07	0.557579659475581	0.413	0.286	0.00385624385501233
SRSF10	8	1.93483579618896e-07	0.461853737552925	0.523	0.382	0.00387392823112953
SND1	8	1.93902490362909e-07	0.50154499740493	0.433	0.311	0.00388231566204617
TXNL4A	8	1.95986939724099e-07	0.57464720349626	0.464	0.345	0.00392405050715591
ISOC2	8	2.00229081663229e-07	0.546770235170831	0.364	0.242	0.00400898667306117
VCAN	8	2.01757255492378e-07	0.475637735381901	0.564	0.438	0.00403958376946838
PLEKHA4	8	2.02293875826239e-07	0.451329806502727	0.395	0.263	0.00405032798179296
NFATC4	8	2.04467804002795e-07	0.523709348772487	0.338	0.219	0.00409385437174397
SETD5	8	2.04863274022171e-07	0.51860016158466	0.431	0.301	0.0041017724724719
SEC62	8	2.05288321655113e-07	0.258109943263	0.869	0.777	0.00411028277617867
HNRNPK	8	2.06727830771385e-07	0.324060501662427	0.841	0.764	0.00413910462770468
ARF1	8	2.1792062386792e-07	0.294247354111249	0.838	0.727	0.00436320673108349
PIGT	8	2.21007344701421e-07	0.634969169828455	0.354	0.238	0.00442500905561185
MSI2	8	2.22364978251893e-07	0.595084172950958	0.331	0.218	0.00445219159455941
GTF2I	8	2.23371252438144e-07	0.329272077284896	0.833	0.704	0.00447233921631651
SASH1	8	2.28090682044901e-07	0.700524755130353	0.321	0.212	0.00456683163590301
EMC6	8	2.30824153165367e-07	0.525785873602018	0.392	0.269	0.00462156119467697
TRIM73	8	2.32425203205365e-07	0.755155125959001	0.256	0.158	0.00465361741857782
CREBBP	8	2.32501031114006e-07	0.498546424045808	0.39	0.267	0.00465513564496464
ARIH1	8	2.36905936508206e-07	0.573612642648133	0.344	0.227	0.0047433306607673
CRLF1	8	2.38879598963472e-07	0.530718085667534	0.341	0.223	0.00478284733044663
AP2B1	8	2.50729406012094e-07	0.588463045676233	0.438	0.319	0.00502010416717414
ZNF91	8	2.50951360945308e-07	0.571989155129854	0.369	0.252	0.00502454814884696
EIF4B	8	2.52852524648096e-07	0.455317079110391	0.618	0.505	0.00506261324850418
SMIM7	8	2.54612590706163e-07	0.408489877368422	0.49	0.351	0.00509785329111879
STAU1	8	2.66518404369217e-07	0.506336239002252	0.408	0.281	0.00533623149228047
C4orf27	8	2.66933890522825e-07	0.64035045054709	0.308	0.199	0.005344550356048
DST	8	2.68407293601076e-07	0.479080228073004	0.436	0.309	0.00537405083248075
ACTA2	8	2.69904483127939e-07	0.725949433957979	0.256	0.159	0.0054040275611876
ACBD3	8	2.74200775536556e-07	0.434959102862103	0.523	0.39	0.00549004792779293
RGL1	8	2.77121143742211e-07	0.585468544636159	0.356	0.24	0.00554851954000654
SNRNP200	8	2.84242463588586e-07	0.427770200541887	0.477	0.338	0.00569110260597068
CAMSAP2	8	2.89984864651663e-07	0.508468180821389	0.374	0.255	0.0058060769600556
MAP1B	8	2.92010263332495e-07	0.523576789573892	0.382	0.255	0.00584662949244321
ZSCAN18	8	2.93057610923013e-07	0.609444942165995	0.344	0.229	0.00586759948590057
SPATA20	8	2.9358528811741e-07	0.616240824547521	0.295	0.188	0.00587816463868679
SNRPE	8	2.95475006179477e-07	0.323879591789965	0.721	0.591	0.0059160005737255
BTBD3	8	2.97030563437847e-07	0.693801357249686	0.323	0.215	0.00594714594115256
COMMD3	8	3.09987039650774e-07	0.53503240912808	0.392	0.271	0.00620656050788779
LRPPRC	8	3.2497844456603e-07	0.588399859645745	0.349	0.234	0.00650671841710105
RHOC	8	3.29015952535505e-07	0.341544847960034	0.715	0.585	0.00658755740166587
YIPF4	8	3.34590810951007e-07	0.509615029389635	0.397	0.274	0.00669917721686105
AGGF1	8	3.35565137629122e-07	0.651163677555787	0.297	0.192	0.00671868518561028
PLEKHA5	8	3.41178808255769e-07	0.529433562499418	0.387	0.265	0.00683108209889701
DGUOK	8	3.42034240262134e-07	0.429582363673805	0.577	0.439	0.00684820955852845
DDR2	8	3.56266827031831e-07	0.448467678102146	0.531	0.392	0.00713317441083132
VKORC1L1	8	3.6090457515946e-07	0.770034192617789	0.256	0.16	0.00722603140384271
AK2	8	3.63772211915805e-07	0.482820076783939	0.362	0.239	0.00728344722697824
FAM50A	8	3.65095171089333e-07	0.496487925565049	0.492	0.364	0.00730993551555063
PDXK	8	3.66882077724356e-07	0.504990240930924	0.456	0.331	0.00734571296019706
TMA16	8	3.87179182688714e-07	0.637582095610516	0.29	0.184	0.00775210159579344
PLIN3	8	3.87697749876199e-07	0.494327133264785	0.405	0.282	0.00776248434802125
ARHGEF40	8	3.93341617283267e-07	0.53842974873746	0.336	0.223	0.00787548586124558
PLOD1	8	3.94393694840033e-07	0.748221497161649	0.287	0.187	0.00789655055808714
KANK2	8	4.03521410932602e-07	0.534740129732597	0.318	0.205	0.00807930568969255
C17orf89	8	4.10844039924322e-07	0.486195134240133	0.523	0.404	0.00822591936736478
SMARCE1	8	4.18556020634617e-07	0.415300357080589	0.551	0.41	0.00838032864514631
NUBP2	8	4.37954862219322e-07	0.527945300242063	0.372	0.254	0.00876873225135527
SENP7	8	4.46332949117216e-07	0.5413378227737	0.369	0.251	0.00893647830722491
C7orf73	8	4.48978077520232e-07	0.493384076761988	0.485	0.369	0.00898943906811008
HIST1H2BK	8	4.68456991387804e-07	0.413044192092451	0.446	0.314	0.00937944588156662
PSMD8	8	4.71416463564356e-07	0.317472520415575	0.723	0.593	0.00943870043348554
PREX2	8	4.85189696251683e-07	0.643142281684235	0.297	0.191	0.0097144680983512
PLP1	8	4.91716013470393e-07	0.493069215337585	0.256	0.155	0.0098451380217042
TET1	8	4.93212285083647e-07	0.585311477528367	0.256	0.156	0.00987509637194478
NPHP3	8	5.0189723213967e-07	0.391404873601484	0.441	0.31	0.0100489863819005
TCEAL4	8	5.06212975729274e-07	0.373267693321109	0.549	0.408	0.0101353962000515
DHX40	8	5.43916180127674e-07	0.604605517004046	0.285	0.18	0.0108902897585163
LRRC17	8	5.57773453029646e-07	0.579228790131323	0.349	0.233	0.0111677400765596
WLS	8	5.64519921011506e-07	0.509886021649814	0.408	0.283	0.0113028178584924
ZNF580	8	5.67084744123074e-07	0.587798246753436	0.321	0.211	0.0113541707468322
POLR3D	8	5.71593012326642e-07	0.591663876967638	0.323	0.214	0.011444435292804
HDGFRP2	8	5.73609567425881e-07	0.644652957257754	0.303	0.199	0.011484810759001
PSMG3	8	5.7385146532446e-07	0.507162334814238	0.369	0.249	0.0114896540387263
USP7	8	5.8162713293562e-07	0.556159522645537	0.31	0.201	0.011645338455637
CCT7	8	6.04828320227982e-07	0.456800986431807	0.464	0.341	0.0121098726276047
JTB	8	6.11872227157378e-07	0.440847268430097	0.6	0.479	0.012250905732145
CXCL14	8	6.15496725489501e-07	0.763384778968929	0.303	0.203	0.0123234754377508
MYADM	8	6.1674848389404e-07	0.648199479680974	0.292	0.19	0.0123485381445265
CD164	8	6.23992035357852e-07	0.325818348193598	0.728	0.608	0.0124935685319349
CAMK2N1	8	6.2530468820793e-07	0.577659819727359	0.251	0.153	0.0125198504672992
CASD1	8	6.43507305223079e-07	0.592269988502218	0.379	0.265	0.0128843032651765
PTK2	8	6.54366944420979e-07	0.55201698754015	0.336	0.223	0.0131017349611968
PDLIM7	8	6.66878182519647e-07	0.465329257813192	0.397	0.274	0.0133522349704084
R3HCC1	8	6.81066425772744e-07	0.5571995527573	0.303	0.195	0.0136363119768219
MESDC2	8	6.9292863309153e-07	0.436263285010347	0.577	0.469	0.0138738170917586
AKAP12	8	7.06990296303623e-07	0.271822078040717	0.544	0.403	0.0141553597125911
FBXO21	8	7.28929560963586e-07	0.646345087904348	0.267	0.168	0.0145946276696129
KIAA1462	8	7.31205078758443e-07	0.732088761747926	0.259	0.163	0.0146401880869016
LMAN2	8	7.33576601183121e-07	0.41340125757833	0.615	0.506	0.0146876707088884
ARF5	8	7.64327049437943e-07	0.313766867958986	0.767	0.651	0.0153033561838465
UGGT2	8	7.75341362753135e-07	0.717526138577532	0.259	0.164	0.0155238847650433
FARP1	8	7.78398454971819e-07	0.688528841499384	0.295	0.194	0.0155850938654458
WBP5	8	7.89075262722973e-07	0.373484373526263	0.608	0.479	0.0157988649102394
TMEM59	8	8.09157634784257e-07	0.276984117046246	0.785	0.683	0.0162009541636504
SUCLG1	8	8.27625959207566e-07	0.432907780120815	0.408	0.285	0.0165707269552539
PRRC2B	8	8.28522207737527e-07	0.438078852929991	0.459	0.332	0.0165886716433208
MED10	8	8.44811903684503e-07	0.508827571467056	0.451	0.332	0.0169148239355711
TNPO1	8	8.6430041918831e-07	0.517441290332483	0.464	0.338	0.0173050229929883
BET1	8	8.93151929110936e-07	0.565564445971607	0.331	0.223	0.0178826879246592
DDB1	8	8.98643375258241e-07	0.627877911009454	0.295	0.192	0.0179926376594205
SRP68	8	9.05763967364475e-07	0.644322662083051	0.3	0.199	0.0181352061545715
ERI3	8	9.13425336705526e-07	0.60086625198157	0.318	0.212	0.018288602091518
SNAPC5	8	9.14216815586349e-07	0.53306463561497	0.39	0.274	0.0183044490816699
BSG	8	9.3038034557966e-07	0.314514216831888	0.741	0.646	0.018628075279196
MNAT1	8	9.32681402326086e-07	0.555880854077154	0.31	0.203	0.0186741470373729
CALCOCO1	8	9.34687204553634e-07	0.597517654416501	0.287	0.186	0.0187143072095729
SLC9A9	8	9.81653677370998e-07	0.592935214028097	0.282	0.182	0.0196546699283221
NFE2L1	8	1.00868785835267e-06	0.49724797935498	0.428	0.31	0.0201959482999371
TNRC6C	8	1.00934302501001e-06	0.711306007182722	0.254	0.159	0.0202090660467505
AMOTL1	8	1.03029503252461e-06	0.625679582560713	0.269	0.171	0.0206285671412077
TSPAN6	8	1.03108606396186e-06	0.732959379844806	0.251	0.158	0.0206444051726443
NDUFA5	8	1.03684879865318e-06	0.332234959272865	0.574	0.431	0.0207597866466339
OSBPL8	8	1.0453940028192e-06	0.482140617890916	0.456	0.336	0.020930878724446
TXNDC15	8	1.04825008034355e-06	0.570783060631394	0.29	0.186	0.0209880631086385
COPZ1	8	1.10290598547913e-06	0.472527927194174	0.446	0.33	0.0220823836412631
ANXA6	8	1.11430078006231e-06	0.414288130710352	0.444	0.316	0.0223105302184076
CTSF	8	1.16220921481445e-06	0.508588980211967	0.3	0.193	0.023269752899015
TRAM1	8	1.17272754463118e-06	0.428268885317294	0.564	0.445	0.0234803508986055
MKRN1	8	1.18633303760716e-06	0.524482167969046	0.346	0.235	0.0237527600789706
CLTA	8	1.20314711768358e-06	0.26088077645655	0.821	0.708	0.0240894115902607
ERBB2	8	1.21929234952741e-06	0.545860187354513	0.313	0.205	0.0244126714222378
ADD1	8	1.22782706118889e-06	0.402598427171079	0.479	0.352	0.0245835534191239
TIPRL	8	1.2412583909918e-06	0.629345990808374	0.336	0.232	0.0248524755044378
EXOC4	8	1.25122222886788e-06	0.552293229530751	0.346	0.239	0.0250519714663927
SLC2A4RG	8	1.28832605853511e-06	0.506002747361386	0.356	0.244	0.0257948643439899
PSMA4	8	1.29097820180004e-06	0.336582588220077	0.667	0.539	0.0258479655564404
RAB1A	8	1.3047594840415e-06	0.49093462709604	0.408	0.295	0.0261238943894789
MRPL27	8	1.35359770606089e-06	0.418458391995502	0.436	0.313	0.0271017332707511
ABCA10	8	1.37687974604269e-06	0.487800189388106	0.438	0.318	0.0275678862752668
ZC2HC1A	8	1.40637113217641e-06	0.682238383321762	0.254	0.161	0.0281583628084361
ITFG1	8	1.42799355323108e-06	0.56352382502455	0.323	0.218	0.0285912869227926
KIAA1430	8	1.43600592434244e-06	0.552495132132842	0.423	0.316	0.0287517106171843
USP46	8	1.45695946020306e-06	0.682746322765667	0.259	0.165	0.0291712423121857
CAND1	8	1.48917059041887e-06	0.418015545368448	0.41	0.29	0.0298161735613667
RYK	8	1.49923962576428e-06	0.575300992800903	0.313	0.21	0.0300177757870524
RAB18	8	1.50292000535129e-06	0.489852758782344	0.39	0.275	0.0300914643471435
DGCR6L	8	1.5297170761178e-06	0.644392153172942	0.303	0.204	0.0306279952980305
TOR1AIP2	8	1.55808043457805e-06	0.443642471755671	0.428	0.306	0.0311958864611217
SPG21	8	1.56012640548149e-06	0.500571971214091	0.41	0.296	0.0312368508905505
TNKS1BP1	8	1.56370120334546e-06	0.529936598061155	0.274	0.173	0.0313084254933828
SPATS2L	8	1.58090152874461e-06	0.525911119971853	0.456	0.345	0.0316528104085247
TMEM167A	8	1.70420608576706e-06	0.486850876186461	0.464	0.344	0.0341216142492282
CYSTM1	8	1.76690195244297e-06	0.523100937570686	0.336	0.228	0.0353769108918132
DCHS1	8	1.8063559985612e-06	0.523931953816212	0.333	0.226	0.0361668598031923
HSBP1	8	1.82608716635986e-06	0.285394752010635	0.782	0.678	0.0365619172448571
CLPTM1	8	1.83185392884918e-06	0.572020556732407	0.305	0.203	0.0366773793634182
TBCA	8	1.83740772347618e-06	0.323941697344239	0.764	0.669	0.0367885774394401
ETFB	8	1.84219434668755e-06	0.406700675422271	0.523	0.392	0.0368844152093782
CNN2	8	1.84369637981465e-06	0.471042909007586	0.251	0.155	0.0369144889166489
TM9SF4	8	1.84412233988595e-06	0.592968553794483	0.254	0.159	0.0369230174891965
DPM2	8	1.85730499574717e-06	0.569636363057791	0.338	0.232	0.0371869606248498
RABEP1	8	1.90040105996141e-06	0.445086037905809	0.479	0.361	0.0380498300225473
DLD	8	1.90410324980741e-06	0.582785584442914	0.297	0.198	0.038123955267644
RHOU	8	1.91383079999523e-06	0.580472116799828	0.287	0.186	0.0383187202775044
COPS2	8	1.96504412966104e-06	0.545315671386212	0.362	0.256	0.0393441135640733
BOD1	8	2.00243303963102e-06	0.46010743132643	0.433	0.312	0.0400927143194923
GMFB	8	2.0061806755879e-06	0.556690999918406	0.267	0.17	0.040167749486621
C7orf55-LUC7L2	8	2.01945782542998e-06	0.523012899306444	0.359	0.248	0.040433584580759
PIGP	8	2.06145131281032e-06	0.646129615565677	0.29	0.193	0.0412743781850882
CYBRD1	8	2.08775117885804e-06	0.564333454091237	0.338	0.234	0.0418009541030956
NCOA1	8	2.09568184955139e-06	0.589265289945486	0.336	0.231	0.0419597419917179
STAT5B	8	2.11420916571589e-06	0.648158288656377	0.262	0.168	0.0423306959159635
PCMTD2	8	2.20061599706942e-06	0.536186934327096	0.31	0.205	0.044060733493324
CDC42EP4	8	2.2674759781677e-06	0.658645356716935	0.267	0.173	0.0453994040348737
NTPCR	8	2.27642653796197e-06	0.584017619224352	0.323	0.22	0.0455786121430745
GPR124	8	2.30471903657771e-06	0.521867168085268	0.274	0.176	0.0461450845503589
COA6	8	2.32497833693698e-06	0.472575245891832	0.346	0.235	0.0465507162621523
PAPSS1	8	2.37446725216986e-06	0.654907101407772	0.251	0.159	0.0475415833229449
GALNT2	8	2.39121301867041e-06	0.544836042749389	0.272	0.175	0.0478768670598189
MAGEH1	8	2.41987077711001e-06	0.521364493981852	0.305	0.202	0.0484506526992967
SRP9	8	2.44816392684447e-06	0.370808424573118	0.569	0.441	0.0490171381432801
GBAS	8	2.47269660433001e-06	0.478660822559597	0.464	0.349	0.0495083314118955
MPLKIP	8	2.48635991146369e-06	0.392718690005116	0.467	0.338	0.0497818981473259
VEZF1	8	2.49677014748184e-06	0.589888002703537	0.285	0.187	0.0499903318928815
SPAG9	8	2.49836335364915e-06	0.389129245920544	0.638	0.532	0.0500222310667632
GSTM3	8	2.69007126789247e-06	0.600976729526827	0.333	0.232	0.053860606925743
PDK2	8	2.72166302381768e-06	0.446351744997569	0.321	0.213	0.0544931370628776
RAB11A	8	2.78264170046915e-06	0.383170152982252	0.482	0.36	0.0557140521267933
LONP2	8	3.17311376127952e-06	0.562596846897026	0.367	0.261	0.0635320837283386
TRIO	8	3.18261919733333e-06	0.534575340664708	0.392	0.285	0.0637224015690079
AKR7A2	8	3.20848845821875e-06	0.438825389050882	0.462	0.341	0.0642403559104558
WNK1	8	3.24629913830159e-06	0.717477306770654	0.423	0.322	0.0649974013470744
IBTK	8	3.27935388658378e-06	0.648685823610735	0.256	0.164	0.0656592235171805
KIAA1715	8	3.29730957338309e-06	0.5705785825585	0.254	0.161	0.0660187322782762
CLTB	8	3.30841171671268e-06	0.346764910233809	0.633	0.517	0.0662410193920212
IGF1	8	3.31517250807344e-06	0.654029202551529	0.331	0.23	0.0663763839566465
TBL1XR1	8	3.31871640740953e-06	0.441295565613534	0.433	0.318	0.0664473399091536
TMEM87B	8	3.32141916616608e-06	0.727679543643229	0.251	0.162	0.0665014545449772
HLTF	8	3.3338411226703e-06	0.465006519276917	0.338	0.229	0.0667501669581048
YES1	8	3.34845538750368e-06	0.517289891001181	0.295	0.193	0.0670427737685986
NONO	8	3.41373585993529e-06	0.429197194593335	0.469	0.355	0.0683498193876243
SPATS2	8	3.52203683713628e-06	0.545810677409558	0.328	0.226	0.0705182215531426
PTPLAD1	8	3.61230728018762e-06	0.368767873568633	0.497	0.376	0.0723256163639164
SIRT2	8	3.77101692638941e-06	0.580997984836991	0.285	0.189	0.0755033009001687
TSR3	8	3.79560242955144e-06	0.676659617593207	0.274	0.183	0.075995551844479
DCAF7	8	3.82638487518037e-06	0.442622425856873	0.41	0.293	0.0766118779708613
FKBP11	8	3.85585637075064e-06	0.543097846136393	0.267	0.172	0.0772019562551693
FGD5-AS1	8	3.89719803325998e-06	0.367486717180989	0.423	0.304	0.0780296990219313
PIK3C2A	8	3.91627037417815e-06	0.539958537361611	0.315	0.217	0.078411565431795
PPP3CB	8	4.00795606556031e-06	0.597724724571623	0.251	0.16	0.0802472963446484
REV1	8	4.01415311722845e-06	0.482014026828589	0.321	0.216	0.080371373713148
NKIRAS2	8	4.03993663609283e-06	0.644262488362331	0.282	0.187	0.0808876113278507
NFIC	8	4.06861911416575e-06	0.369648303475893	0.497	0.366	0.0814618919038266
GTF2A2	8	4.09625831401693e-06	0.338431701816933	0.595	0.476	0.082015283963247
HIBADH	8	4.0989314221618e-06	0.507973127815865	0.279	0.181	0.0820688049345236
IPO9	8	4.10931593840955e-06	0.571233707843756	0.254	0.162	0.0822767237188361
PIGC	8	4.20028181161323e-06	0.550077128187344	0.297	0.198	0.0840980424321202
SHC2	8	4.23827091093723e-06	0.582180305814252	0.274	0.18	0.0848586601787852
RUNX1T1	8	4.28650112465325e-06	0.516185064773022	0.349	0.243	0.0858243255178075
SPPL2A	8	4.32467010569354e-06	0.540929058945541	0.39	0.289	0.086588544856196
ANKFY1	8	4.34768866684148e-06	0.675275961225194	0.256	0.166	0.0870494224875
NME4	8	4.4534626389228e-06	0.255196632185912	0.628	0.49	0.0891672289565123
TRIM4	8	4.45376359569089e-06	0.669746268595396	0.259	0.169	0.0891732547129231
MAPKAPK2	8	4.46891070156872e-06	0.564367496491552	0.3	0.203	0.0894765300668088
DOCK1	8	4.56297364573822e-06	0.437619907470136	0.374	0.264	0.0913598583349707
MIB1	8	4.6234232111656e-06	0.582518195870025	0.272	0.179	0.0925701795339576
VPS13C	8	4.62558158808192e-06	0.346997866893039	0.638	0.525	0.0926133945565762
TSPAN31	8	4.65334254052832e-06	0.532915153869127	0.292	0.193	0.0931692243464581
GOLM1	8	4.67342412709e-06	0.463941852632442	0.318	0.214	0.0935712978725959
LASP1	8	4.71468514469639e-06	0.514956026942888	0.333	0.231	0.0943974259671112
IFT20	8	4.82596020909691e-06	0.453821168478999	0.426	0.317	0.0966253753065383
TEAD1	8	4.8507391580382e-06	0.506118840145941	0.321	0.218	0.0971214994222408
ATN1	8	4.91671134675862e-06	0.455472986239032	0.367	0.259	0.0984423945848011
ATP6V0E1	8	4.9323314028654e-06	0.291207521771328	0.808	0.755	0.0987551393481711
STUB1	8	5.06355047153468e-06	0.331392986953794	0.582	0.447	0.101382407541067
SKP1	8	5.15156196114976e-06	0.25417929322183	0.869	0.792	0.103144573586141
SHC1	8	5.16726962501877e-06	0.597567725020451	0.269	0.176	0.103459072432126
RPL7L1	8	5.47377276770145e-06	0.468971558987891	0.426	0.316	0.109595878354919
MDH1	8	5.55902347604054e-06	0.399093067128571	0.485	0.362	0.111302768037284
CHD4	8	5.68121898354079e-06	0.374504445568885	0.541	0.41	0.113749366488454
TMX2	8	5.70019893281924e-06	0.584796623315091	0.267	0.174	0.114129383032907
MRPL43	8	5.70041004944484e-06	0.401915569255169	0.456	0.338	0.114133610009984
ITFG3	8	5.77170492901097e-06	0.466569432428278	0.333	0.229	0.115561076088658
ZKSCAN1	8	5.84380638905347e-06	0.354441367560706	0.495	0.37	0.117004691521629
HDAC7	8	5.87312631505101e-06	0.44234001294858	0.295	0.195	0.117591735079951
FAM127B	8	5.89155196853368e-06	0.556336659982722	0.292	0.197	0.117960653513981
OBSL1	8	5.99585329962408e-06	0.454065835706228	0.344	0.238	0.120048974765073
C16orf80	8	6.1918508961016e-06	0.559099085672782	0.254	0.164	0.123973238641746
EBPL	8	6.20248097877229e-06	0.347693479567512	0.459	0.334	0.124186074156979
AKR1A1	8	6.28053331136708e-06	0.3900957598227	0.533	0.416	0.125748837960192
NSUN5	8	6.37880510142898e-06	0.564630898588691	0.282	0.187	0.127716435740811
GOLGB1	8	6.48067425941448e-06	0.379915553003399	0.618	0.517	0.129756060021997
ENPP2	8	6.48525517253705e-06	0.582530842713922	0.269	0.179	0.129847779064537
DVL3	8	6.70170755945917e-06	0.529853801134913	0.269	0.176	0.134181588755491
PTPRN2	8	6.89780602876032e-06	0.585863311009444	0.262	0.172	0.138107872307839
PER1	8	6.9263385361869e-06	0.436444247483619	0.39	0.282	0.138679150171534
KDM1A	8	6.93997957776298e-06	0.48818404182898	0.285	0.188	0.13895227110597
SEC24D	8	6.9590840753715e-06	0.605228256401983	0.29	0.196	0.139334781357088
SETD2	8	6.99485324837115e-06	0.396618067881031	0.449	0.334	0.140050951738887
MRPL51	8	7.01168622024725e-06	0.339968836536631	0.656	0.562	0.14038798150179
MUM1	8	7.01656739428497e-06	0.432412660843214	0.474	0.366	0.140485712368374
IFT43	8	7.03847642254713e-06	0.672365110469936	0.274	0.184	0.140924374932239
COX11	8	7.13280951232807e-06	0.582688264836495	0.295	0.2	0.142813112055833
CEP57	8	7.18926262557671e-06	0.340595958928983	0.546	0.426	0.143943416289297
HGF	8	7.1925382135612e-06	0.576936078075379	0.303	0.207	0.144009000111922
ABHD14B	8	7.36750435880445e-06	0.590546408235297	0.308	0.211	0.147512172271983
FHL3	8	7.3861585850996e-06	0.569896295933871	0.3	0.206	0.147885667190864
NRK	8	7.57719018576797e-06	0.420554458282556	0.364	0.255	0.151710501899446
ANKIB1	8	7.5934611937087e-06	0.531534669363954	0.29	0.195	0.152036280020436
UFL1	8	7.59559696116079e-06	0.584841318942558	0.321	0.227	0.152079042356361
SEL1L	8	7.65404373498668e-06	0.579567365785755	0.287	0.194	0.153249263661903
OAZ2	8	7.75824506073045e-06	0.395609756618446	0.485	0.37	0.155335582605945
G6PC3	8	7.86680006008888e-06	0.572613892147263	0.251	0.163	0.1575090708031
RXRA	8	7.88731062862633e-06	0.607941112205216	0.272	0.18	0.157919733406356
RAB21	8	7.90676133267532e-06	0.427090453525501	0.303	0.202	0.158309175402825
NCOR2	8	8.32472276693221e-06	0.540569638941514	0.372	0.267	0.166677599239517
SH3BP5	8	8.51104627309216e-06	0.405594322386458	0.497	0.383	0.170408168479851
MGEA5	8	8.57099066242027e-06	0.318894389924502	0.459	0.336	0.171608375042979
ALDH1A1	8	8.84110322096699e-06	0.442375023232834	0.313	0.215	0.177016568690201
UBA2	8	8.94470250197644e-06	0.413942501777068	0.349	0.243	0.179090833494572
SDC2	8	9.00202189290287e-06	0.598690732103546	0.254	0.165	0.180238482339701
PEAK1	8	9.3368620711195e-06	0.517368532008514	0.444	0.338	0.186942652387955
GALNT1	8	9.35676634781467e-06	0.466491816776399	0.392	0.286	0.187341175815945
ARCN1	8	9.43805770901786e-06	0.605807070869482	0.326	0.231	0.188968791449956
ZCCHC11	8	9.45550636076264e-06	0.362837355373882	0.615	0.511	0.18931814835519
RHOQ	8	9.46836554033998e-06	0.452920890733161	0.349	0.248	0.189575614848687
SUN1	8	9.47976375351204e-06	0.50836453521332	0.415	0.308	0.189803829872818
POLR2H	8	9.69637101844631e-06	0.46555289679068	0.336	0.233	0.194140740531332
PPP4R2	8	9.74735684523553e-06	0.442360154303501	0.351	0.246	0.195161578755306
ATP5B	8	9.76407659953807e-06	0.286969250582234	0.692	0.583	0.195496341675951
ZNF644	8	9.86062929218455e-06	0.445353021295054	0.41	0.305	0.197429519688119
SF3B3	8	1.00240370499421e-05	0.541684478361448	0.303	0.207	0.200701269813942
ISCU	8	1.01276087654142e-05	0.379031478238843	0.482	0.368	0.202774982701123
KLF9	8	1.01410520813874e-05	0.530122141761608	0.3	0.205	0.203044144773539
FAM213A	8	1.0176631556782e-05	0.531530259185565	0.513	0.406	0.203756517029889
DDIT3	8	1.02226199899173e-05	0.459577722514132	0.395	0.294	0.204677297438124
AKAP11	8	1.05371620820082e-05	0.647920671091665	0.269	0.181	0.210975059205968
SYNGR1	8	1.05815036112932e-05	0.564417295499342	0.259	0.17	0.211862865305313
GCSH	8	1.07854378481489e-05	0.521966844170258	0.338	0.239	0.215946036595636
ROCK2	8	1.08288559288894e-05	0.41431102390903	0.369	0.26	0.216815353408223
SRPRB	8	1.1114002388465e-05	0.519750295592219	0.274	0.183	0.222524555821846
MAP4K5	8	1.11212664657046e-05	0.471042909007586	0.292	0.195	0.222669997176337
CFDP1	8	1.11863071272017e-05	0.355023121050646	0.605	0.499	0.223972241300832
SMIM11	8	1.12208887774128e-05	0.457663879206386	0.338	0.236	0.224664635101359
POGZ	8	1.13533123927061e-05	0.48206993115661	0.359	0.258	0.227316020726762
DCUN1D5	8	1.15499165420628e-05	0.604649674063814	0.254	0.167	0.231252429005182
SPCS1	8	1.17834569154327e-05	0.316432034809808	0.662	0.571	0.235928374360794
USMG5	8	1.18408942914545e-05	0.277993182073423	0.751	0.658	0.237078385503503
LSM7	8	1.18705135122678e-05	0.309305932578053	0.726	0.619	0.237671421542626
IARS2	8	1.19551782043098e-05	0.515877371146642	0.285	0.19	0.23936657800669
USP47	8	1.20794367885577e-05	0.487615210402293	0.372	0.269	0.241854483380503
ZNF830	8	1.21847540193652e-05	0.519772273990654	0.292	0.199	0.243963144975729
IAH1	8	1.22408801780963e-05	0.327571449183653	0.436	0.317	0.245086902925845
ARID5B	8	1.24821295365183e-05	0.371082663634629	0.551	0.437	0.249917197580169
C1orf86	8	1.26273784752465e-05	0.406791014942823	0.462	0.35	0.252825371831385
UNC50	8	1.28239988673618e-05	0.50186149098937	0.303	0.207	0.256762105322318
ITGA4	8	1.4218085984997e-05	0.449497378726321	0.277	0.184	0.284674517591609
DECR1	8	1.42739256922588e-05	0.465109953253845	0.364	0.265	0.285792540210406
HERC1	8	1.43399866133414e-05	0.340982368443213	0.408	0.293	0.287115211972322
CSNK1G2	8	1.44366403299091e-05	0.436450508868319	0.367	0.263	0.289050412685441
SESN3	8	1.44594975634209e-05	0.490408233874517	0.397	0.302	0.289508060214813
HIC1	8	1.44629741374043e-05	0.440500034829169	0.364	0.262	0.289577668179109
NR3C1	8	1.45494093318801e-05	0.368862514201108	0.508	0.399	0.291308273642904
TBC1D5	8	1.48514670630175e-05	0.431289176541042	0.351	0.249	0.297356073535736
LIMCH1	8	1.54004040715094e-05	0.481627659648752	0.303	0.208	0.308346890319761
ZNF280D	8	1.57202996499124e-05	0.350447153382079	0.505	0.391	0.314751839590546
POLR2F	8	1.61617653113969e-05	0.369120434809795	0.479	0.365	0.323590865064788
ASAP1	8	1.66577602809651e-05	0.448322832507502	0.341	0.241	0.333521676345484
DENR	8	1.66930098298747e-05	0.37954455452209	0.454	0.34	0.334227442813751
GLO1	8	1.7095188364273e-05	0.42968796296789	0.385	0.279	0.342279861429473
MED13L	8	1.72781466161946e-05	0.579895049944814	0.315	0.223	0.345943051549447
SMARCC1	8	1.72924393038404e-05	0.462727640795582	0.344	0.246	0.346229219741493
SYNE1	8	1.74509048571529e-05	0.386063619826739	0.4	0.289	0.349402017049916
FMO1	8	1.74936625811964e-05	0.50570604101551	0.39	0.292	0.350258112200713
ATG5	8	1.79430927319375e-05	0.541596188832894	0.254	0.167	0.359256602678852
TCF4	8	1.83570858104213e-05	0.361163457146573	0.777	0.692	0.367545572096255
SERINC1	8	1.84815108433697e-05	0.438078852929991	0.449	0.341	0.370036810105949
SRI	8	1.84875004842322e-05	0.319817758445171	0.574	0.45	0.370156734695297
HDAC2	8	1.867604040439e-05	0.385003077940894	0.372	0.266	0.373931680976697
TSPAN5	8	1.87650478125428e-05	0.393400305961875	0.362	0.253	0.375713787302732
CWC15	8	1.89322291855147e-05	0.35556569158765	0.464	0.344	0.379061092752375
LAMB2	8	1.95094438820399e-05	0.413831009584013	0.379	0.274	0.390618085406204
COX7C	8	2.010245653331e-05	0.271757139854132	0.938	0.938	0.402491384709933
NUTF2	8	2.0225697747949e-05	0.486574061080572	0.356	0.259	0.404958920309436
FASTK	8	2.02742592951118e-05	0.386509398795918	0.397	0.292	0.405931219606728
RIN2	8	2.043162899376e-05	0.633522878751255	0.267	0.18	0.409082075713062
RRAGA	8	2.0782377544596e-05	0.457604534682781	0.367	0.266	0.416104763197902
SLC35E2B	8	2.08345670886157e-05	0.521702527274112	0.262	0.175	0.417149702248263
MBIP	8	2.12591229177793e-05	0.634699321496195	0.254	0.171	0.425650159059777
RP11-139H15.1	8	2.13607619952231e-05	0.529867978353615	0.305	0.213	0.427685176668358
ARL16	8	2.19858972559875e-05	0.526306927869777	0.315	0.223	0.440201634859383
TXLNA	8	2.2028177936722e-05	0.539344479515951	0.318	0.226	0.441048178649047
COPRS	8	2.2306196973406e-05	0.514930553008586	0.344	0.25	0.446614675801535
ARPC1A	8	2.23674977427758e-05	0.318537221918404	0.51	0.385	0.447842039805857
ILK	8	2.2427143627933e-05	0.423980872135541	0.382	0.28	0.449036269718475
DNAJC10	8	2.24923797986436e-05	0.495600013251565	0.318	0.223	0.450342428328442
UBE2Q2	8	2.33276032181446e-05	0.452941102632275	0.344	0.244	0.467065271633692
TTTY15	8	2.3357187417708e-05	0.374902176685249	0.39	0.284	0.467657606477349
HADHB	8	2.34527249263227e-05	0.371978781478483	0.462	0.349	0.469570458474833
SMARCA5	8	2.35938172546412e-05	0.343071366863099	0.497	0.383	0.472395409072426
RFNG	8	2.36181727874888e-05	0.536901848974301	0.313	0.221	0.472883055551101
MATR3	8	2.37063053782472e-05	0.28280229766737	0.715	0.614	0.474647646283266
KDM5A	8	2.39270011049806e-05	0.390961585348523	0.413	0.305	0.479066416123921
UBR5	8	2.43587583549511e-05	0.466703973283248	0.318	0.225	0.487711059782832
OCIAD1	8	2.43655337427528e-05	0.40514541759218	0.533	0.44	0.487846716597397
HOMER3	8	2.44152119664766e-05	0.354981722730905	0.367	0.265	0.488841373992794
AP3S1	8	2.44184379361e-05	0.429795344965996	0.397	0.293	0.488905964356595
ARPP19	8	2.4909337056453e-05	0.33584585264082	0.536	0.414	0.498734746544302
TRRAP	8	2.49770510529623e-05	0.592481036457561	0.256	0.173	0.500090516182412
LMO4	8	2.51448921233836e-05	0.355205423127571	0.474	0.361	0.503451030094386
DDOST	8	2.56185665078449e-05	0.42876480757006	0.462	0.358	0.51293493862007
TMEM43	8	2.58441573490317e-05	0.596573791091445	0.272	0.187	0.517451718442312
GOLGA4	8	2.59353919530374e-05	0.387668679921377	0.536	0.441	0.519278417683715
GIGYF2	8	2.61657742159452e-05	0.540801826121686	0.29	0.202	0.523891131351655
MORF4L2	8	2.6166050696703e-05	0.27545415520024	0.585	0.464	0.523896667049387
NT5C3B	8	2.62859842535472e-05	0.406191764657618	0.423	0.318	0.526297976724521
NBN	8	2.65831195309865e-05	0.494126522120627	0.305	0.213	0.532247219249411
EPRS	8	2.66714466289833e-05	0.35556569158765	0.362	0.257	0.534015704405503
SELM	8	2.68984495599135e-05	0.440909904205787	0.362	0.264	0.538560757088587
LEO1	8	2.71284222087732e-05	0.533506995954239	0.262	0.175	0.543165269464058
SLK	8	2.71819919165294e-05	0.457096626007992	0.331	0.234	0.544237842152752
TPD52L1	8	2.74758638106829e-05	0.51713932359704	0.264	0.178	0.550121745217492
ZNF677	8	2.75204304172889e-05	0.45907026734151	0.272	0.182	0.551014057814959
ZMYND11	8	2.78084680477869e-05	0.508517614426249	0.272	0.184	0.556781147252788
NDUFS4	8	2.7966019777577e-05	0.429976216925892	0.436	0.327	0.559935647986647
LINC00667	8	2.81808833602556e-05	0.490671715756518	0.305	0.213	0.564237646639038
SMNDC1	8	2.83935260783343e-05	0.536308680473754	0.279	0.192	0.568495179140409
GNPTG	8	2.84768543286464e-05	0.442861005515566	0.397	0.297	0.570163577368158
BABAM1	8	2.89404263770166e-05	0.513036997672213	0.274	0.187	0.579445216920627
RIC3	8	2.9240424008369e-05	0.448357406710149	0.313	0.217	0.585451769495563
XPC	8	2.92479039542967e-05	0.475674357739232	0.313	0.219	0.585601532972928
MYL6B	8	2.93121673181737e-05	0.376525310223296	0.436	0.328	0.586888214044473
ZFAND6	8	2.93776288113313e-05	0.314724838106477	0.431	0.32	0.588198884060475
VAMP2	8	2.95074264333561e-05	0.290961292529102	0.559	0.442	0.590797692048656
MON2	8	2.95985158994716e-05	0.513889164431662	0.274	0.187	0.59262148533922
LRRC58	8	3.02432019293835e-05	0.49703811754053	0.287	0.198	0.605529389030116
AP2A2	8	3.02507122857472e-05	0.380495143687199	0.413	0.305	0.60567976138523
CRABP1	8	3.04031670506986e-05	0.709357823090012	0.492	0.41	0.608732210689088
SH3GL1	8	3.04575331215119e-05	0.426172636953009	0.323	0.226	0.609820728158912
CTDSP2	8	3.09876061858168e-05	0.541661983701108	0.313	0.223	0.620433851052423
PAIP1	8	3.10663040959272e-05	0.520116163852146	0.315	0.225	0.622009540608655
SRSF1	8	3.12810906936827e-05	0.336644829690421	0.497	0.387	0.626309997868916
ARFGAP3	8	3.12897080382869e-05	0.426564556979957	0.354	0.257	0.62648253434258
ATRAID	8	3.13031125295203e-05	0.356127707582638	0.595	0.502	0.626750919066056
CLCN5	8	3.19183301107185e-05	0.543325903209171	0.285	0.195	0.639068805476805
CERS6	8	3.24755274333376e-05	0.485760462563725	0.31	0.219	0.650225010270285
SAMD4B	8	3.25347077751698e-05	0.409082916906234	0.362	0.264	0.65140991907445
PPP2CB	8	3.26308807045368e-05	0.387211318204115	0.336	0.238	0.653335493466235
METTL23	8	3.34949688363547e-05	0.422291805388463	0.369	0.269	0.670636266041494
MED28	8	3.35323888395121e-05	0.415837406984132	0.382	0.28	0.671385489344711
TTC37	8	3.39308456785474e-05	0.566570914201711	0.346	0.258	0.679363392175876
TCEA2	8	3.42149020619897e-05	0.567161063271406	0.272	0.188	0.685050769085157
EXOC7	8	3.47937077138912e-05	0.43718929813803	0.349	0.253	0.69663961584753
ADAR	8	3.5062900046111e-05	0.319345503674896	0.446	0.333	0.702029384723234
LAMTOR5	8	3.51571620066673e-05	0.317075628682022	0.61	0.494	0.703916697697492
VDAC1	8	3.51743020478494e-05	0.381953448387664	0.554	0.456	0.704259875602041
NDUFB10	8	3.53321109887258e-05	0.264209114394331	0.762	0.667	0.707419526216269
PSMD3	8	3.71121178102747e-05	0.439894210436922	0.4	0.297	0.743058822797321
EPHX1	8	3.72991420460034e-05	0.433586390616309	0.441	0.34	0.746803422045081
ECHS1	8	3.73982882348518e-05	0.370217265923124	0.446	0.345	0.748788527038203
NDUFA6	8	3.77454182806512e-05	0.434889958185168	0.459	0.363	0.755738764815199
FAM178A	8	3.84781433286985e-05	0.458103853300087	0.346	0.252	0.7704093857272
DDX42	8	3.8821141917058e-05	0.324822168156542	0.49	0.374	0.777276903463335
ATP6V1D	8	3.91606163617028e-05	0.625679582560713	0.269	0.189	0.784073860794013
RABAC1	8	3.93416285960628e-05	0.270479721934755	0.721	0.626	0.787698087750369
NAT9	8	4.08578854272405e-05	0.491096135910716	0.323	0.232	0.81805658202421
TMEM204	8	4.15118666235133e-05	0.49666871668308	0.341	0.244	0.831150593535983
ELK3	8	4.15868945947995e-05	0.261589543378636	0.359	0.255	0.832652803577076
LPIN2	8	4.15886096870131e-05	0.396167540461872	0.326	0.231	0.832687143153375
BARX1	8	4.21648714022329e-05	0.519611809276561	0.292	0.203	0.844225055215506
ELP5	8	4.3119455483184e-05	0.56654682853945	0.279	0.195	0.86333773768431
CTBP2	8	4.34022627126234e-05	0.535096280114984	0.282	0.197	0.869000104032145
LSM5	8	4.58428223288424e-05	0.282339133764746	0.51	0.395	0.917864988668083
ZBTB20	8	4.60571421667919e-05	0.626183758943895	0.3	0.217	0.922156100463507
NBPF10	8	4.6422631175397e-05	0.509882650870946	0.303	0.214	0.929473921393799
GSPT1	8	4.70172724682208e-05	0.425651006193572	0.405	0.308	0.941379829358717
TP53I13	8	4.72402438119581e-05	0.386568340844049	0.387	0.291	0.945844161603025
FAM134C	8	4.74146138682718e-05	0.495117043986443	0.285	0.198	0.949335398870538
PMF1	8	4.77484150540923e-05	0.522521165310768	0.274	0.189	0.956018766213036
DDX52	8	4.86008191310443e-05	0.614407084178763	0.282	0.2	0.97308560064177
IGF2BP2	8	5.04005564322623e-05	0.442902428643085	0.323	0.23	1
YWHAQ	8	5.09275293694815e-05	0.32404522838979	0.595	0.498	1
RPF2	8	5.1620720476881e-05	0.546508474299045	0.262	0.179	1
IGFBP6	8	5.19140009294289e-05	0.260438347502652	0.264	0.177	1
CALR	8	5.2358240662766e-05	0.330602406483504	0.826	0.783	1
XRCC5	8	5.24680237818954e-05	0.286642811276055	0.618	0.507	1
PABPC4	8	5.29095087459425e-05	0.36852003466457	0.515	0.413	1
ARL6IP4	8	5.31879915904086e-05	0.251708557863471	0.726	0.643	1
KRR1	8	5.38466302083596e-05	0.433953590272366	0.315	0.223	1
RDX	8	5.41463894825568e-05	0.421412141282986	0.431	0.33	1
PRKAR1A	8	5.43412059681441e-05	0.326461724227532	0.615	0.52	1
FAM127A	8	5.44803899589436e-05	0.422309086174239	0.259	0.174	1
PSMB2	8	5.56986245434327e-05	0.365767466856209	0.472	0.371	1
POLR2K	8	5.60178255254604e-05	0.338939373000241	0.433	0.33	1
SLC38A10	8	5.63346354957068e-05	0.385665964079765	0.372	0.273	1
RBM28	8	5.6459509004954e-05	0.376891471316278	0.354	0.255	1
LRRFIP2	8	5.69423174845628e-05	0.513168384680263	0.287	0.203	1
AASDHPPT	8	5.95362247587722e-05	0.597538481893614	0.279	0.197	1
BDH2	8	6.08529316035038e-05	0.483850685308206	0.362	0.27	1
SRPK2	8	6.08908627959507e-05	0.437835863617667	0.392	0.295	1
AKAP17A	8	6.22170649361871e-05	0.383821866976934	0.421	0.322	1
FRA10AC1	8	6.25622975096597e-05	0.485500961701277	0.262	0.179	1
RAI14	8	6.31635950756397e-05	0.450623367768653	0.277	0.191	1
LAMA4	8	6.32877645591246e-05	0.288170457482899	0.467	0.356	1
COPB1	8	6.5643809674935e-05	0.447942103863884	0.405	0.31	1
POM121	8	6.72289117953532e-05	0.569223302946489	0.264	0.184	1
SNHG8	8	6.84526618857906e-05	0.270707880202043	0.762	0.644	1
CEP290	8	6.91054981093898e-05	0.363781942347444	0.308	0.216	1
MANF	8	6.93605428811361e-05	0.434563996476051	0.346	0.254	1
KLHDC3	8	7.02104357273269e-05	0.490565467272404	0.315	0.228	1
FAM208A	8	7.02510961680746e-05	0.396245878498399	0.331	0.238	1
SECISBP2L	8	7.30254888671532e-05	0.53051471669878	0.264	0.185	1
HIBCH	8	7.30496967631565e-05	0.506501164448489	0.272	0.189	1
AL132709.5	8	7.363513227065e-05	0.513935003200807	0.282	0.2	1
MPHOSPH10	8	7.40393431112473e-05	0.370043704229057	0.41	0.31	1
MRPL50	8	7.46806496858753e-05	0.560353603178691	0.256	0.177	1
COL21A1	8	7.61752900133219e-05	0.416147117826609	0.377	0.283	1
TMEM203	8	7.73014792487418e-05	0.555163530171813	0.269	0.189	1
PPP1CB	8	7.73988285465365e-05	0.396282284092505	0.5	0.403	1
MED4	8	7.82531741141709e-05	0.401891946034188	0.379	0.283	1
NFAT5	8	8.0509805064547e-05	0.428288068943818	0.323	0.233	1
CRYBG3	8	8.06043402108478e-05	0.544887261630929	0.277	0.196	1
APPBP2	8	8.12330598716531e-05	0.438027851779623	0.303	0.216	1
SMAD4	8	8.13187551017697e-05	0.474977176624057	0.308	0.223	1
VCP	8	8.16753531192238e-05	0.377220886651065	0.456	0.354	1
SRGAP3	8	8.20333442369928e-05	0.524680872609659	0.251	0.173	1
HECTD1	8	8.28515396611479e-05	0.388484418228264	0.392	0.292	1
PHB2	8	8.33488226709849e-05	0.272323316655505	0.556	0.434	1
EPM2AIP1	8	8.34865260559313e-05	0.450138805835279	0.331	0.241	1
UTP23	8	8.73737187036476e-05	0.51310696857413	0.259	0.178	1
FLYWCH2	8	8.73775699287784e-05	0.491375911104592	0.282	0.199	1
MRPL32	8	8.77831751206243e-05	0.428959971261256	0.359	0.267	1
C4orf3	8	8.78764798343837e-05	0.28750916533958	0.754	0.687	1
UPF3A	8	9.04953141755192e-05	0.366224735574021	0.403	0.305	1
EMILIN3	8	9.10156696041228e-05	0.446121533825959	0.315	0.228	1
PRPF31	8	9.12130905348907e-05	0.428046846834226	0.315	0.226	1
KCNQ1OT1	8	9.16217231188475e-05	0.365887347953916	0.605	0.499	1
KDSR	8	9.22579075078675e-05	0.417655696260561	0.279	0.194	1
PTBP1	8	9.24986178085648e-05	0.349689125250981	0.454	0.347	1
THAP5	8	9.29090989775329e-05	0.480529899780375	0.333	0.247	1
SNUPN	8	9.33995120096535e-05	0.346347161558271	0.362	0.265	1
CD44	8	9.39827777889284e-05	0.36071547462952	0.462	0.36	1
AL592183.1	8	9.53337866684011e-05	0.310908410758083	0.444	0.336	1
CDK5RAP3	8	9.53655792918382e-05	0.322502483189567	0.492	0.387	1
ANKRD11	8	9.57100567567125e-05	0.29741700386274	0.618	0.53	1
GNPDA1	8	9.63753274369006e-05	0.524566184801664	0.277	0.197	1
COL18A1	8	9.66149809266548e-05	0.316980293384241	0.318	0.228	1
TRPC4AP	8	9.75603961950988e-05	0.410239629945386	0.326	0.235	1
ATF4	8	9.83803127348788e-05	0.383789624739369	0.459	0.367	1
LARS	8	0.000100154470140595	0.360071770339561	0.423	0.319	1
CCDC82	8	0.000100555284312285	0.287883225887836	0.428	0.319	1
COX6A1	8	0.000101852346203556	0.29345009764214	0.513	0.397	1
FAF2	8	0.000102590704613451	0.583936965413519	0.254	0.178	1
C7orf50	8	0.000102932310159479	0.392895497187892	0.444	0.352	1
MTCH1	8	0.000103693000431129	0.25398028317043	0.697	0.603	1
BCAP29	8	0.000106003503349702	0.309484002087488	0.444	0.339	1
SEC11A	8	0.000107274210963887	0.252977176226771	0.851	0.785	1
DDX1	8	0.000107960794454247	0.402770887638156	0.367	0.272	1
AHCYL1	8	0.000108846995699902	0.413507689961066	0.338	0.25	1
CUL5	8	0.000108981989005792	0.50362512371098	0.305	0.22	1
UFC1	8	0.000109714654571861	0.268353443019575	0.695	0.606	1
CHURC1	8	0.000110269777331106	0.444505771337755	0.377	0.286	1
ADH5	8	0.000111973130220319	0.458130578040813	0.418	0.331	1
NMT1	8	0.000115097619627052	0.271671212222852	0.392	0.289	1
ROMO1	8	0.000115226327739292	0.259475261562729	0.497	0.384	1
AFG3L2	8	0.000115726857922719	0.460236154051003	0.287	0.203	1
SUPT5H	8	0.000118093209976291	0.360989363542672	0.338	0.245	1
FAM115A	8	0.000119168947997092	0.506809271963887	0.349	0.262	1
AHI1	8	0.000119169639623574	0.288451495729113	0.436	0.335	1
ACTR10	8	0.000121718141603729	0.402917076447553	0.341	0.25	1
TMED9	8	0.00012408653159122	0.294002092370028	0.605	0.516	1
SAFB	8	0.000124914581394451	0.380238032894339	0.367	0.274	1
BPTF	8	0.000124999507127258	0.259305866856738	0.715	0.616	1
BTG3	8	0.000126649521594127	0.317073844273675	0.333	0.239	1
SPPL3	8	0.000126703174579776	0.540066694874755	0.267	0.189	1
SNRPD2	8	0.000127059516686464	0.330297144879888	0.636	0.547	1
SCN7A	8	0.000129293170735485	0.671225731542579	0.303	0.222	1
TIMM13	8	0.00012937311160403	0.27062816355801	0.538	0.431	1
FOXN3	8	0.000129671095591728	0.367519133287783	0.462	0.366	1
CBX5	8	0.000131282856698885	0.30052760680381	0.526	0.43	1
TSC2	8	0.00013147248990422	0.47677927855673	0.264	0.184	1
MRPL40	8	0.00013194495434046	0.447463431789234	0.351	0.262	1
CAMLG	8	0.000135067619240583	0.400944711182939	0.428	0.34	1
KLHDC10	8	0.000135491299099925	0.61516547931839	0.259	0.186	1
FMR1	8	0.000135555948802592	0.397113891592738	0.338	0.249	1
SCARB2	8	0.000136960180969544	0.370906237722136	0.423	0.331	1
MRPS7	8	0.000139293454635037	0.426784989322671	0.4	0.312	1
IPO5	8	0.000142485007027395	0.461456860178388	0.3	0.218	1
DNAJC19	8	0.000143106305400851	0.385339159639518	0.374	0.277	1
IP6K2	8	0.000143394886369887	0.443974665809415	0.282	0.199	1
MPG	8	0.000143427296369788	0.358023016386974	0.428	0.33	1
SNX1	8	0.000143788404908537	0.37851162325373	0.379	0.288	1
CBX1	8	0.000144854832660098	0.253086368097946	0.546	0.437	1
RPS19BP1	8	0.000146459950543985	0.356300822834582	0.513	0.413	1
DUS1L	8	0.000148783980226406	0.498393397152541	0.292	0.212	1
CEBPZ	8	0.000151703646192054	0.405100207359493	0.377	0.286	1
PKD1	8	0.000151798173332852	0.401529002891161	0.31	0.221	1
PTEN	8	0.00015432909471152	0.437766754133287	0.387	0.298	1
FBL	8	0.000154357866381767	0.361687461908404	0.413	0.312	1
LHFPL2	8	0.000162566822683211	0.459136142323412	0.321	0.236	1
UROS	8	0.000163258874747525	0.496971373998112	0.274	0.197	1
REV3L	8	0.000164299570022257	0.496155195211327	0.336	0.253	1
RBFA	8	0.000164452405693665	0.496852095357191	0.285	0.205	1
RNF181	8	0.000165902196793824	0.340043419473598	0.4	0.302	1
PKM	8	0.000167237723217665	0.256119158574988	0.728	0.654	1
ATP6V1E1	8	0.000168698402846657	0.387626900819948	0.369	0.281	1
DYNC1I2	8	0.000169887797982327	0.330007694287398	0.549	0.445	1
MFSD11	8	0.00017132280030689	0.439194042968246	0.251	0.174	1
PARVA	8	0.000171444112713485	0.448913774950788	0.272	0.191	1
RPN2	8	0.000172768900233481	0.324943361569266	0.462	0.362	1
CISD1	8	0.000177784519452525	0.529411519019801	0.262	0.186	1
LTBR	8	0.000179500830804609	0.382051788969322	0.315	0.23	1
MRPL28	8	0.000180919229971981	0.383100687443519	0.428	0.336	1
BUD31	8	0.000183653264264358	0.264163487042463	0.592	0.492	1
ASNA1	8	0.000184975058231622	0.414011963971207	0.333	0.246	1
FAM200B	8	0.000184989796133127	0.332267728021602	0.39	0.293	1
ESYT2	8	0.000188931984923859	0.402428610191933	0.3	0.215	1
NDUFB5	8	0.000192134529699281	0.408128701678335	0.485	0.399	1
TBC1D9B	8	0.000192204316049993	0.483981964715084	0.285	0.206	1
MTPN	8	0.000196061800395187	0.261685822536528	0.644	0.538	1
SWI5	8	0.000197887822079049	0.426843105097051	0.315	0.232	1
ZNF148	8	0.000198215806167723	0.414745163148159	0.346	0.258	1
PBRM1	8	0.000201425417525933	0.528328649624803	0.272	0.195	1
TWIST1	8	0.000203519879555488	0.476026316521842	0.277	0.199	1
SUPT16H	8	0.0002117214572063	0.26237747078265	0.479	0.375	1
ABCA5	8	0.000213572354159835	0.659115257160158	0.264	0.186	1
PTPRA	8	0.000217189353926476	0.339077568799081	0.449	0.357	1
CDK13	8	0.000219624802550452	0.426172636953009	0.308	0.226	1
ZDHHC17	8	0.000221360192287485	0.327177885006213	0.272	0.19	1
MOCS2	8	0.000221898703070309	0.48282007678394	0.267	0.189	1
PDXDC1	8	0.000222544891140614	0.412149219954017	0.315	0.231	1
ZDHHC5	8	0.00022289368248278	0.471042909007586	0.282	0.204	1
MLTK	8	0.000225255245618957	0.531949633697409	0.251	0.176	1
SETD5-AS1	8	0.000229628688412152	0.387274551314988	0.344	0.255	1
TFDP2	8	0.000233169265744259	0.475674357739232	0.272	0.196	1
AIMP1	8	0.000233526577384082	0.344749934668431	0.379	0.287	1
BFAR	8	0.000235104923787944	0.427620628716457	0.354	0.269	1
PDHA1	8	0.00023593491030843	0.511684893504932	0.3	0.223	1
C10orf32	8	0.000237434871936695	0.328574031968087	0.349	0.259	1
CTD-2336O2.1	8	0.000238908763787479	0.327551315418053	0.336	0.246	1
STOML2	8	0.00024208600768689	0.304104573814925	0.403	0.307	1
SAV1	8	0.000247477141420281	0.54973823927664	0.259	0.186	1
C5orf24	8	0.000248215501131774	0.339798375729333	0.382	0.292	1
YIPF6	8	0.00024853320274215	0.558565386702176	0.251	0.18	1
CASC3	8	0.00025221728494489	0.35556569158765	0.341	0.254	1
UBAC1	8	0.000253497838986702	0.4497651998578	0.282	0.203	1
DHX15	8	0.000257540771121105	0.523398314068722	0.3	0.223	1
MLLT6	8	0.000258392109095609	0.323793345533171	0.354	0.265	1
ARL3	8	0.000261023296487922	0.443259752494048	0.31	0.228	1
MAN2C1	8	0.00026123315265359	0.456184950280472	0.303	0.223	1
UBA1	8	0.000268805044506798	0.49927658973653	0.269	0.194	1
MPV17	8	0.000275019171050541	0.45727764088603	0.254	0.178	1
NDUFAB1	8	0.000276912351329433	0.307774649849285	0.559	0.473	1
REEP3	8	0.000277492824421195	0.372430117331027	0.303	0.218	1
SNRPC	8	0.000278524473474375	0.414606963377871	0.362	0.28	1
ABHD17A	8	0.000284760022848787	0.348377360618116	0.433	0.341	1
HOXB2	8	0.000286378787424761	0.489230042677236	0.29	0.213	1
PDGFRA	8	0.000288533966601288	0.465850239787263	0.305	0.227	1
RP11-161M6.2	8	0.00029651197438932	0.415639143808251	0.282	0.203	1
TSN	8	0.000297793966876144	0.483805860929495	0.259	0.186	1
ADNP	8	0.000297873923128278	0.363083660871666	0.31	0.227	1
DNPH1	8	0.000298299691012841	0.394759323744737	0.403	0.315	1
AP1S1	8	0.00029885502094696	0.408798010454379	0.341	0.258	1
DMTF1	8	0.000299986646628507	0.341576704323069	0.305	0.221	1
NUCB1	8	0.000300366026801275	0.364734006861245	0.444	0.361	1
NAT14	8	0.00030484069315419	0.399658275770821	0.251	0.176	1
ATP5H	8	0.000314748895433149	0.255685329218732	0.736	0.672	1
RAB7A	8	0.000316071338172103	0.299218374649792	0.464	0.371	1
PDCD5	8	0.000317154063714742	0.280075492003387	0.462	0.365	1
SMARCA2	8	0.000319235118695491	0.398328725367175	0.338	0.253	1
PNKD	8	0.000320482895406058	0.259097275106253	0.423	0.32	1
SF3B14	8	0.000320692887475447	0.272093409862746	0.646	0.554	1
PRPF38A	8	0.000321564156425597	0.47483448816996	0.269	0.193	1
TUSC1	8	0.000322022910489496	0.443196349868584	0.269	0.192	1
TPM4	8	0.000324070389438027	0.292239756218821	0.723	0.655	1
DHRS4L2	8	0.000325836785077022	0.494777557799946	0.287	0.212	1
ADPGK	8	0.00032734805341403	0.446433441663584	0.313	0.231	1
CDC27	8	0.000328502615561587	0.439746778518047	0.279	0.202	1
HBP1	8	0.000329011079961816	0.35176268984257	0.387	0.3	1
SSBP4	8	0.000332243578618404	0.257301675272784	0.436	0.329	1
DHX9	8	0.000333953594304923	0.362844168493164	0.403	0.307	1
SERINC3	8	0.000337432506413598	0.416835834928354	0.397	0.314	1
CUL1	8	0.000337504993226836	0.365109464258521	0.308	0.224	1
TRPS1	8	0.000338109462319238	0.324700011605708	0.408	0.313	1
SMEK2	8	0.000339373210397828	0.426545441030521	0.292	0.214	1
MLX	8	0.000344369348021542	0.423737194229229	0.326	0.246	1
GNB1	8	0.000347612788963813	0.380948351443508	0.433	0.347	1
MRPS26	8	0.000354290928037828	0.261166439062965	0.431	0.331	1
DEXI	8	0.000359275621821452	0.48085052693417	0.256	0.184	1
PRMT1	8	0.000360682364276285	0.286233670479294	0.562	0.458	1
THUMPD2	8	0.000362248344855248	0.392157744766551	0.282	0.203	1
C14orf166	8	0.000363436576942077	0.307787238816241	0.482	0.387	1
CUX1	8	0.000367231940976498	0.275524507986573	0.403	0.305	1
PTTG1IP	8	0.000380609155902418	0.278784457100169	0.505	0.413	1
INPP1	8	0.00038189646683968	0.512319184586105	0.254	0.183	1
HMGN3	8	0.000384295713326319	0.260256312676771	0.618	0.535	1
CCDC47	8	0.000386131956195466	0.264237430323949	0.451	0.35	1
CIAO1	8	0.000387126878240071	0.448322832507503	0.274	0.2	1
GTF3C1	8	0.000389555071256644	0.471953988950014	0.269	0.195	1
PHC2	8	0.000390193232236607	0.364277060134521	0.413	0.329	1
SDF2	8	0.000390466429465141	0.430147061267484	0.344	0.261	1
STRAP	8	0.000395160620492582	0.463501359994966	0.31	0.235	1
MDFIC	8	0.000398935723574557	0.439678738098251	0.338	0.259	1
PKN2	8	0.00040498635001343	0.262555376796873	0.567	0.465	1
SNRNP25	8	0.000414653804663295	0.506244604085318	0.251	0.181	1
GNL1	8	0.000415562953819574	0.388149900659241	0.274	0.196	1
ALG5	8	0.000418171995560175	0.443196349868584	0.272	0.196	1
R3HDM2	8	0.000426035818252992	0.314774988883735	0.421	0.331	1
STAG1	8	0.000428369766806923	0.447594830079995	0.336	0.256	1
MIR181A1HG	8	0.000435040649546385	0.462164757661133	0.259	0.186	1
GAS6	8	0.000435773475307428	0.418049821393702	0.331	0.251	1
PEX2	8	0.000438540358618766	0.440868922096928	0.285	0.21	1
DNAJC2	8	0.000438922573003451	0.35130366473349	0.328	0.244	1
SNF8	8	0.000439619480154203	0.360703998929511	0.431	0.344	1
ZFAND3	8	0.000441482623674152	0.462412603864146	0.267	0.194	1
HILPDA	8	0.000443774262272646	0.365606634016987	0.262	0.187	1
TCEAL8	8	0.000446704613105031	0.386424035761173	0.41	0.328	1
CTSL	8	0.000471485007689849	0.262456287196168	0.482	0.395	1
NDUFA8	8	0.000475425282347607	0.320758332788835	0.387	0.301	1
CRCP	8	0.000485221085082031	0.443160235694609	0.31	0.235	1
TMEM101	8	0.000496904281791286	0.431514544820949	0.279	0.205	1
SKAP2	8	0.000497172872517013	0.283253759718591	0.418	0.327	1
NPEPPS	8	0.000498145039177123	0.39636622271309	0.31	0.233	1
MFF	8	0.000501287505263316	0.354056596218994	0.321	0.238	1
SLC25A39	8	0.000501399518613642	0.358872351391595	0.344	0.26	1
TIMM9	8	0.000504352939640083	0.573377215911174	0.256	0.189	1
TRAPPC2L	8	0.000515809151058493	0.313896512286576	0.379	0.294	1
C1QTNF4	8	0.000523845701701108	0.370114000156805	0.305	0.226	1
FMNL2	8	0.000524696969566295	0.319039815562536	0.272	0.194	1
TXN2	8	0.000529158775230586	0.257810486956614	0.451	0.358	1
VPS41	8	0.000541220799160568	0.39378501381814	0.313	0.234	1
AZI2	8	0.000551849970009724	0.395394171048113	0.254	0.181	1
C10orf118	8	0.0005549195686929	0.389171542338904	0.295	0.218	1
MAN1B1	8	0.000555107177757118	0.464104479085446	0.256	0.185	1
ZMYM4	8	0.00055515759183743	0.419663273611324	0.308	0.23	1
C16orf13	8	0.000556511518572304	0.353585327459409	0.418	0.331	1
CA11	8	0.000564719463988049	0.267038386869646	0.295	0.212	1
LGALS3BP	8	0.000594237468628488	0.286954375847777	0.374	0.291	1
KRIT1	8	0.000603899424744312	0.260970759307006	0.418	0.321	1
MARK3	8	0.000605738034000506	0.346347161558271	0.287	0.209	1
DUSP6	8	0.000607506489139543	0.589998141417423	0.274	0.204	1
PPIL4	8	0.000611853542760015	0.306120322566454	0.415	0.327	1
BLOC1S2	8	0.00062101046696773	0.471042909007586	0.256	0.186	1
SHPRH	8	0.000629984734779055	0.287905391455325	0.323	0.24	1
TAX1BP3	8	0.000635795257587901	0.371622563410759	0.292	0.216	1
RAB22A	8	0.000636183581622432	0.490479388471996	0.267	0.198	1
BRK1	8	0.000640760811988664	0.250535132016081	0.621	0.525	1
ERGIC1	8	0.000641010633456441	0.426648789649133	0.269	0.197	1
NUDCD2	8	0.000643669950741652	0.369759573170404	0.341	0.259	1
CPNE1	8	0.000649574010525604	0.259519004116615	0.492	0.398	1
CSNK1A1	8	0.000664224544368873	0.314420499885729	0.533	0.448	1
MPC1	8	0.000676936287608276	0.399835958515166	0.303	0.226	1
CSRP1	8	0.000683743418180173	0.304340368232477	0.297	0.218	1
ATP10D	8	0.000689386262520687	0.485469979642866	0.264	0.195	1
TNFRSF1A	8	0.000711288605439813	0.261726363051638	0.492	0.4	1
MBNL2	8	0.000713768890841564	0.280546297643767	0.377	0.29	1
PRRC2A	8	0.000720472381386493	0.346065313619248	0.328	0.248	1
RBMS1	8	0.0007209022293623	0.28812608802707	0.403	0.314	1
NCK2	8	0.000722144271639372	0.329210214594627	0.269	0.194	1
PDHB	8	0.000726240951441997	0.446286809922014	0.277	0.204	1
MECP2	8	0.000732293244280861	0.302461074072207	0.382	0.293	1
USP8	8	0.000735098709400253	0.251684547760771	0.518	0.415	1
SYNCRIP	8	0.000742353401982174	0.268538118115809	0.446	0.355	1
ZNF322	8	0.000754412956913732	0.340043419473598	0.295	0.216	1
SKIV2L2	8	0.000758116350223823	0.359743786140833	0.285	0.21	1
CAPRIN1	8	0.000764749714486645	0.360923896598844	0.333	0.255	1
TMEM131	8	0.000769805961475225	0.423553983226267	0.262	0.19	1
C17orf85	8	0.000772143900165088	0.402684116343559	0.318	0.241	1
CAPN6	8	0.000783813078942415	0.337406447784334	0.474	0.385	1
ATP6AP1	8	0.000792194875922933	0.299787446330579	0.49	0.396	1
NUDC	8	0.000793353865354551	0.29895066298567	0.479	0.396	1
FKBP5	8	0.000795324264006912	0.359592194455003	0.533	0.441	1
ABI2	8	0.000800203714406822	0.352165513155666	0.323	0.244	1
LSM2	8	0.000801265269237841	0.279067554113607	0.405	0.319	1
FILIP1L	8	0.000809780334785507	0.406663680870288	0.313	0.238	1
DYNC1H1	8	0.000816630939939678	0.278012547302481	0.526	0.432	1
RAB10	8	0.000821687417332568	0.379186387926186	0.354	0.276	1
LUC7L	8	0.000825567307811937	0.281381689504011	0.441	0.351	1
UQCC2	8	0.000846540149215157	0.421289873810486	0.359	0.282	1
ZNF106	8	0.000851034612579233	0.420475022028932	0.426	0.346	1
EIF3I	8	0.000854671308081902	0.335134845791709	0.51	0.436	1
CDC42	8	0.000866301063217217	0.27092916016134	0.728	0.669	1
UQCRFS1	8	0.000874287718424551	0.340339217362992	0.392	0.311	1
ARL14EP	8	0.000876883366694424	0.456800986431807	0.262	0.193	1
NT5C	8	0.000883050144637609	0.264842521173724	0.469	0.378	1
PTOV1	8	0.00090779230816527	0.329570483054705	0.333	0.255	1
RPN1	8	0.000908245288454053	0.342193850568189	0.367	0.283	1
EEA1	8	0.000911333624317226	0.342747077170041	0.354	0.271	1
UQCRQ	8	0.000914240942903732	0.263820082759962	0.705	0.635	1
TWISTNB	8	0.000932582875279532	0.256419461969695	0.295	0.217	1
ZNF22	8	0.000935270119049069	0.368446982884382	0.413	0.331	1
UBTF	8	0.000936814166983302	0.305234016037505	0.372	0.29	1
RING1	8	0.000952520563723016	0.439593270382533	0.254	0.186	1
DNAJC8	8	0.000961946061536137	0.263447489599219	0.538	0.445	1
GALK1	8	0.000970716410758906	0.364704590819876	0.287	0.214	1
EVA1B	8	0.000972144986526144	0.295331794285284	0.515	0.425	1
RNF216	8	0.000972520505323749	0.268226026007899	0.338	0.255	1
LRRC41	8	0.000979501370342755	0.432170017363296	0.256	0.189	1
ZBED6	8	0.00100528532901959	0.386806371839554	0.31	0.234	1
ILF2	8	0.00101444972059147	0.321346716839016	0.456	0.368	1
GPATCH2	8	0.00101615494622403	0.384218287206225	0.287	0.213	1
NUDCD3	8	0.00102217650079215	0.378186808987028	0.344	0.267	1
NDFIP1	8	0.00102810421555471	0.306831558759667	0.459	0.372	1
MRPS18B	8	0.00102897033825166	0.371507235456672	0.313	0.237	1
RBM3	8	0.00103529817548004	0.311689965699761	0.459	0.379	1
METRN	8	0.00104032813531858	0.352256756557074	0.272	0.199	1
PMPCB	8	0.00104386512471897	0.455567728498335	0.315	0.245	1
CEBPZ-AS1	8	0.00107843243093324	0.452731030730644	0.277	0.209	1
CDYL	8	0.00108817650603432	0.339665488054492	0.264	0.192	1
STX6	8	0.00112570475996599	0.367207098023046	0.285	0.213	1
SCPEP1	8	0.00114474329067379	0.441767986632072	0.344	0.273	1
FAM208B	8	0.0011496594622826	0.38469420407093	0.262	0.192	1
KIDINS220	8	0.00116895756305527	0.295699060475569	0.362	0.281	1
JOSD2	8	0.00117639922130609	0.458719630557456	0.279	0.211	1
PSMD12	8	0.0011814792308786	0.293594057183461	0.359	0.276	1
EMD	8	0.00119672494924561	0.428796751161524	0.267	0.199	1
SZRD1	8	0.00119907185191562	0.416377933409204	0.264	0.195	1
VKORC1	8	0.00120614018290986	0.362032287088881	0.346	0.27	1
PSMC3	8	0.00120633626170383	0.26991295809136	0.349	0.264	1
TMUB2	8	0.00121500723878686	0.498541708130918	0.259	0.195	1
NHP2	8	0.00122617804193356	0.31847856481012	0.438	0.354	1
TRIM44	8	0.0012385794315193	0.281565110143873	0.418	0.332	1
CHMP2A	8	0.00125538441628807	0.25067248525635	0.533	0.44	1
DDX50	8	0.00125791368053137	0.364531199721277	0.313	0.237	1
RNF10	8	0.0012688038556514	0.424370510763056	0.29	0.221	1
MRPS33	8	0.00130092602024871	0.278833493167516	0.405	0.32	1
NME3	8	0.00130715626771174	0.290226820714819	0.6	0.534	1
TMED1	8	0.00131450165024797	0.439698780679204	0.267	0.198	1
MDM2	8	0.00132938178503669	0.528124004214853	0.303	0.231	1
SUPT6H	8	0.0013604131016362	0.475502557198286	0.267	0.198	1
NDRG2	8	0.00136676922275309	0.334777218916505	0.303	0.226	1
C2orf49	8	0.0013866375639013	0.487355564143191	0.259	0.195	1
BNIP2	8	0.00139245827817083	0.397961985109922	0.333	0.263	1
TMF1	8	0.00140217739582984	0.313540018415161	0.4	0.319	1
PPIP5K2	8	0.00141299318274611	0.411790830922019	0.313	0.241	1
TIAL1	8	0.00142941568915512	0.420335946977888	0.362	0.288	1
EIF6	8	0.00146487022484265	0.318247343671756	0.372	0.294	1
MRPS16	8	0.00146588902998804	0.412998113794861	0.287	0.218	1
ARFGAP1	8	0.00147471286017062	0.44884716289339	0.251	0.185	1
CSNK2A1	8	0.00147732238453404	0.264695454246457	0.341	0.259	1
EIF3A	8	0.00147848073861378	0.278603709772766	0.556	0.465	1
TARDBP	8	0.00149320097713179	0.300042473269564	0.315	0.239	1
ERBB2IP	8	0.00150080171288084	0.346497811069283	0.349	0.271	1
TOP2B	8	0.00150119232851743	0.407095992227732	0.379	0.309	1
FNTA	8	0.00152065871151604	0.414937807122435	0.297	0.227	1
COX16	8	0.00152245388889664	0.349861453352224	0.415	0.337	1
RNF115	8	0.0015371595242396	0.356230374870952	0.331	0.258	1
DBNL	8	0.00153951208902383	0.441931160766287	0.279	0.213	1
WDR43	8	0.00154693260159081	0.362685730917168	0.272	0.203	1
C1D	8	0.00159863347964386	0.329985322124258	0.356	0.283	1
AP3D1	8	0.00160825493817044	0.456353523505225	0.308	0.242	1
CUL3	8	0.00161046224832729	0.324686378703678	0.328	0.251	1
SNX13	8	0.0016144987020458	0.312688983410147	0.321	0.244	1
PLAC9	8	0.00162285921781239	0.422838660905973	0.272	0.204	1
TNKS2	8	0.00164691077484566	0.402001264577935	0.282	0.213	1
BSDC1	8	0.00167326057758948	0.304359920257426	0.285	0.212	1
METAP2	8	0.00168773858080806	0.252141349803973	0.472	0.386	1
GGCT	8	0.00173592851354408	0.288972477703184	0.374	0.296	1
MINOS1	8	0.00176371062991409	0.295847590310552	0.459	0.378	1
TAX1BP1	8	0.00177180214697515	0.264857955606748	0.408	0.326	1
ACP1	8	0.00178770839289249	0.324609811339279	0.456	0.38	1
CIR1	8	0.00178985806186016	0.261113282897232	0.392	0.307	1
ESD	8	0.00180121183614593	0.282607220249604	0.469	0.385	1
TDG	8	0.00183727764048548	0.465044168386143	0.308	0.239	1
PARL	8	0.00183920204721238	0.386411658540409	0.267	0.199	1
CDIPT	8	0.00187018158015447	0.388174641834496	0.305	0.235	1
UBE2R2	8	0.00192260504181776	0.292737082929557	0.364	0.288	1
EHMT1	8	0.00192549763830165	0.434322437962836	0.274	0.21	1
ZFYVE16	8	0.0020643913207111	0.266187933296801	0.379	0.301	1
DHX29	8	0.00206753118383913	0.389654582166931	0.328	0.259	1
MTUS1	8	0.00207161379944243	0.280991207713357	0.303	0.229	1
PSMC4	8	0.00207418627922499	0.369786925172773	0.31	0.241	1
ERGIC3	8	0.00208709584806761	0.349488333961316	0.331	0.258	1
RNF187	8	0.00212216052482577	0.292152126307724	0.39	0.314	1
ARFGEF1	8	0.00214619017588744	0.394102764536564	0.277	0.213	1
RNF8	8	0.00216523654122573	0.410226907822989	0.256	0.192	1
NOC2L	8	0.00218741376414164	0.401953452848129	0.287	0.221	1
GOLGA8A	8	0.00221069588373752	0.387872528647372	0.256	0.193	1
TMEM243	8	0.00226003462271816	0.354035792143231	0.305	0.234	1
ZC3H8	8	0.00226156602824502	0.367638523888225	0.254	0.189	1
DNAJB14	8	0.0022996700397554	0.35002750804622	0.321	0.247	1
MRPS25	8	0.00232687420784218	0.403432002852908	0.274	0.208	1
NUB1	8	0.00232740970060155	0.349564682575994	0.372	0.302	1
COA1	8	0.00233778368066061	0.358668930127432	0.349	0.274	1
POLR2J	8	0.00239949521680257	0.259332341738606	0.59	0.52	1
DESI2	8	0.0024443631537773	0.358833405421561	0.328	0.258	1
MLH3	8	0.00248849805630568	0.304374031883549	0.251	0.186	1
NSF	8	0.00259681057323975	0.42487272757466	0.254	0.192	1
PIBF1	8	0.00266122695131187	0.345979642758452	0.3	0.231	1
CTNNB1	8	0.00269164142393816	0.309821285533157	0.397	0.323	1
LTN1	8	0.00272455456745285	0.365164496397563	0.251	0.189	1
BEX4	8	0.00276009244190528	0.383014415900994	0.359	0.293	1
DR1	8	0.00278215771492521	0.439142824541298	0.254	0.192	1
ZNF207	8	0.00279602809921974	0.252220633123064	0.479	0.398	1
LAMP2	8	0.00281065659527086	0.287314273519058	0.421	0.342	1
CCDC25	8	0.00294361633270356	0.287747144196814	0.351	0.277	1
ZNF593	8	0.00302459621688652	0.33814863851024	0.29	0.222	1
ABCA8	8	0.00304386142054611	0.314857414383072	0.333	0.259	1
ACADM	8	0.00304688029245887	0.34829362053765	0.292	0.226	1
MRPL10	8	0.00306668462912316	0.456912580172698	0.259	0.2	1
ZYX	8	0.00307459928383888	0.27057110592806	0.351	0.278	1
COX19	8	0.00309063596685325	0.296438386625403	0.256	0.19	1
SLC39A10	8	0.00311372414156139	0.353878822011207	0.415	0.35	1
GOLGA7	8	0.00312217266285821	0.41261846537721	0.262	0.2	1
POP7	8	0.00314645461270318	0.327431807169377	0.277	0.211	1
TRMT10C	8	0.00317988793955073	0.308535379127756	0.292	0.223	1
HDAC3	8	0.00321450374188322	0.43246587689689	0.256	0.195	1
BIRC2	8	0.00322563686371266	0.272487126754431	0.341	0.268	1
RBBP7	8	0.00324190963357374	0.304298517221052	0.346	0.276	1
YIF1A	8	0.00324345511097948	0.357235477701007	0.282	0.217	1
STX16	8	0.00328082380289507	0.35556569158765	0.256	0.194	1
SNRNP27	8	0.00331287130303191	0.328272696078149	0.308	0.239	1
DNAJC3	8	0.00335571199459435	0.327712117576986	0.3	0.232	1
ALG13	8	0.00337297974372286	0.283983560783419	0.259	0.196	1
TGFB1I1	8	0.00338693947940329	0.336781397949803	0.277	0.21	1
TMEM183A	8	0.00344641794489472	0.382021720983367	0.269	0.207	1
PRPF6	8	0.00351913357097181	0.326463443241113	0.31	0.242	1
REXO2	8	0.00359776910131926	0.312672735106095	0.279	0.214	1
MRPS23	8	0.00362965174887853	0.362933915167029	0.313	0.247	1
MRPL55	8	0.00364635476058758	0.342288448595694	0.392	0.322	1
ANKLE2	8	0.0036561847765282	0.374297748978299	0.308	0.244	1
GMPS	8	0.00367860879889147	0.370616957711117	0.267	0.203	1
SPAG7	8	0.00376730661413333	0.329823491275777	0.356	0.289	1
CHMP2B	8	0.00383576489648936	0.379488971118146	0.295	0.232	1
ESF1	8	0.00385387566194872	0.251757736429663	0.338	0.266	1
PDS5B	8	0.00385786040203965	0.283711630961658	0.403	0.326	1
MARCH6	8	0.00386377510285378	0.291278023604785	0.354	0.281	1
ARMC10	8	0.00389618070054033	0.301117907565273	0.292	0.224	1
TSG101	8	0.00390996886942105	0.323966496642462	0.29	0.224	1
ZNF655	8	0.00406453198226798	0.300727937285594	0.279	0.214	1
CCM2	8	0.00410086949676908	0.356490792639476	0.267	0.203	1
SVIL	8	0.00411344815185583	0.480861970038032	0.262	0.202	1
PLEKHH3	8	0.00417178846250937	0.339312210588797	0.256	0.195	1
ATP6V0A1	8	0.00417231473152205	0.254636782736869	0.379	0.303	1
POLR2B	8	0.00425402501340093	0.291934585399938	0.305	0.238	1
TTC17	8	0.00429129784507095	0.319941781856928	0.318	0.251	1
SUDS3	8	0.00430070679998672	0.34051134586536	0.251	0.191	1
FBXO9	8	0.0043448220917156	0.313567964352476	0.267	0.204	1
ZSCAN16-AS1	8	0.00435592496299413	0.318764518349433	0.279	0.215	1
RTFDC1	8	0.00443286451892579	0.276813171007568	0.423	0.342	1
IST1	8	0.00452222219979882	0.370980030977613	0.3	0.235	1
MGMT	8	0.00454649968762508	0.260323699903356	0.387	0.312	1
ELAVL1	8	0.00456811202741398	0.358169051766366	0.269	0.209	1
THRAP3	8	0.00458951146406445	0.274054144890845	0.456	0.387	1
HDGF	8	0.00461230158188095	0.287277253177748	0.3	0.234	1
TFAM	8	0.00465183670234463	0.391792066876606	0.303	0.241	1
ARIH2	8	0.00478280140846299	0.359332521510569	0.254	0.194	1
TLK1	8	0.00480473854361146	0.322301197634871	0.31	0.243	1
ZFHX3	8	0.00485909666924169	0.349992743891448	0.292	0.229	1
TOX4	8	0.00487579600929597	0.333539385257651	0.341	0.28	1
C6orf89	8	0.00496526812712205	0.386578395904465	0.308	0.245	1
FABP5	8	0.00504806819029501	0.502731868257778	0.4	0.345	1
BTF3L4	8	0.00507838664057124	0.297447285068178	0.377	0.306	1
OS9	8	0.00511246527347149	0.380764441715975	0.428	0.373	1
ERGIC2	8	0.00512299668642519	0.336293496894348	0.295	0.233	1
NARG2	8	0.00522498395497282	0.343206928333269	0.292	0.231	1
MRPL14	8	0.00526757265964057	0.251423302364573	0.379	0.306	1
APH1A	8	0.00527682546683481	0.254505373201692	0.387	0.316	1
CYFIP1	8	0.00528090612323909	0.339571125978389	0.282	0.222	1
RGL2	8	0.00536319319526017	0.299523769236347	0.285	0.222	1
MKKS	8	0.00540577627189704	0.25265019924572	0.292	0.226	1
MIR503HG	8	0.00542689841014492	0.300084088072171	0.254	0.192	1
JDP2	8	0.00547713857543078	0.360133595269364	0.277	0.216	1
GDI1	8	0.00550063273968178	0.284372409905099	0.351	0.283	1
HNRNPH3	8	0.00550807613915574	0.308296883347735	0.474	0.404	1
BZW1	8	0.00554607006922403	0.250459509903012	0.538	0.462	1
ZBTB10	8	0.00566206898287042	0.434836814661912	0.254	0.199	1
ATP2A2	8	0.00568902581482017	0.35694494125378	0.3	0.236	1
RB1CC1	8	0.00575560528538373	0.317653275291574	0.305	0.243	1
CCPG1	8	0.00576323150978251	0.319487927086837	0.31	0.25	1
CDK12	8	0.00576428556782473	0.262749388820626	0.387	0.317	1
C1orf123	8	0.00590223606165625	0.301117907565273	0.372	0.306	1
DPP8	8	0.00595896177178736	0.40987904632919	0.251	0.194	1
CRTAP	8	0.00602183005665929	0.27028050364268	0.408	0.337	1
NCBP2	8	0.00607387107104385	0.381544758168483	0.262	0.204	1
FXR1	8	0.00623286960814186	0.255830074159915	0.456	0.387	1
COIL	8	0.00636345220940353	0.377616045039317	0.285	0.226	1
BRWD1	8	0.00641900870039582	0.334306572215846	0.313	0.249	1
UBE2G2	8	0.00643692457475692	0.274021288039871	0.323	0.257	1
XPA	8	0.00650819524440911	0.276630904891002	0.267	0.205	1
GUSB	8	0.0066067706898865	0.313605929511908	0.321	0.257	1
PYURF	8	0.0066272376373975	0.304491506993381	0.403	0.337	1
SIKE1	8	0.00667895709126055	0.346133476444811	0.267	0.208	1
ALYREF	8	0.00681638743302708	0.309115128935032	0.277	0.216	1
CHST12	8	0.00708669184791458	0.356460941409048	0.259	0.202	1
ARHGAP10	8	0.00710717108994763	0.367294984169757	0.321	0.26	1
COMMD7	8	0.00718646741434016	0.41261846537721	0.254	0.199	1
SNX17	8	0.00745142894856872	0.300503864125108	0.346	0.28	1
CHCHD1	8	0.00747905452828944	0.278302719812171	0.338	0.272	1
RFXANK	8	0.00758398770909566	0.294616341623318	0.272	0.212	1
PHIP	8	0.00779929140892543	0.266005053240668	0.392	0.325	1
USP16	8	0.00789259369269174	0.322925711232799	0.308	0.248	1
APPL1	8	0.00815870744955236	0.268236081628986	0.377	0.309	1
MTA1	8	0.00816363693190753	0.335913634126932	0.269	0.21	1
BLOC1S6	8	0.00824297951688015	0.311564695000389	0.31	0.251	1
PHAX	8	0.00826192762831924	0.332144803185898	0.292	0.232	1
UBE2N	8	0.00852341791761162	0.377443541955294	0.282	0.226	1
PHACTR2	8	0.00856962483596074	0.289627087742497	0.318	0.255	1
TIMMDC1	8	0.00857703267731439	0.311844314158332	0.297	0.237	1
COL9A3	8	0.00866383057340187	0.305783718860269	0.3	0.24	1
METTL5	8	0.00895688579098973	0.42029400633975	0.272	0.218	1
MORC3	8	0.00907213887360367	0.421378472394411	0.267	0.214	1
GPATCH8	8	0.00928198558081512	0.31129229768292	0.346	0.288	1
PIN1	8	0.0093031962560594	0.315621416891932	0.287	0.229	1
CD2BP2	8	0.00940681940502985	0.329023904135158	0.256	0.2	1
PFDN1	8	0.00941244595376019	0.263529664009909	0.367	0.3	1
PDK4	8	0.0094927367258643	0.274785974782723	0.297	0.236	1
CHMP3	8	0.00950389402573811	0.27589532386202	0.336	0.272	1
OSBPL1A	8	0.00976968015733392	0.378638117592694	0.292	0.239	1
SUGP2	8	0.00984827121683296	0.34342172223221	0.318	0.259	1
KIAA0101	9	0	6.07640798916843	0.915	0.05	0
TOP2A	9	0	6.84031302753701	0.809	0.03	0
MKI67	9	0	6.58975600308961	0.709	0.019	0
TYMS	9	0	5.2372668395786	0.752	0.062	0
TK1	9	0	6.15606485500554	0.676	0.02	0
UBE2C	9	0	7.00936503575038	0.648	0.013	0
CENPF	9	0	5.68259766674518	0.679	0.045	0
BIRC5	9	0	6.32570255011968	0.639	0.014	0
UBE2T	9	0	6.2015897899002	0.639	0.02	0
TPX2	9	0	6.90083958232716	0.624	0.014	0
PRC1	9	0	5.94044732383011	0.621	0.025	0
MAD2L1	9	0	5.54756174716068	0.621	0.026	0
NUSAP1	9	0	6.55697824976905	0.597	0.016	0
PTTG1	9	0	5.20627298479947	0.612	0.045	0
CDK1	9	0	6.93381179083325	0.573	0.01	0
AURKB	9	0	6.05525443426244	0.545	0.011	0
ANLN	9	0	6.617904472913	0.536	0.009	0
RAD51AP1	9	0	5.55002308168443	0.545	0.019	0
CENPK	9	0	5.21138102327002	0.548	0.023	0
ASPM	9	0	6.43217387637791	0.521	0.01	0
CDKN3	9	0	5.95221443487594	0.521	0.02	0
RRM2	9	0	7.53366030974648	0.506	0.007	0
NUF2	9	0	6.91392239432889	0.503	0.008	0
CENPU	9	0	5.63960367459566	0.512	0.017	0
FANCI	9	0	5.42503813551571	0.515	0.022	0
NCAPG	9	0	6.98334987968872	0.497	0.006	0
DIAPH3	9	0	7.68781647019338	0.494	0.004	0
CCNB2	9	0	6.50718809838529	0.5	0.011	0
CENPM	9	0	5.73252905002575	0.5	0.014	0
KIF23	9	0	6.5787848852686	0.479	0.011	0
MELK	9	0	7.04260026613905	0.47	0.005	0
KIF11	9	0	6.22967758913442	0.473	0.01	0
HIST1H1B	9	0	5.70610245820134	0.485	0.027	0
ORC6	9	0	3.90001208003449	0.482	0.026	0
ESCO2	9	0	6.48783423489489	0.458	0.009	0
SPC25	9	0	7.16400660709205	0.445	0.005	0
MXD3	9	0	6.0457735618495	0.448	0.014	0
HMMR	9	0	6.74492427697943	0.43	0.007	0
CKAP2L	9	0	6.90174258363406	0.424	0.005	0
MYBL2	9	0	6.24756029399474	0.418	0.006	0
KIFC1	9	0	6.17057128567609	0.412	0.009	0
SGOL1	9	0	6.20559867067601	0.385	0.007	0
ASF1B	9	0	6.51974941497165	0.379	0.006	0
GTSE1	9	0	6.60513048334779	0.379	0.006	0
TMSB15A	9	0	5.91146877724512	0.379	0.009	0
CDCA3	9	0	7.12352753773698	0.373	0.005	0
KIF15	9	0	6.02650308334211	0.37	0.007	0
DLGAP5	9	0	6.56809380681035	0.367	0.006	0
HIST1H2AJ	9	0	6.20793433171303	0.37	0.01	0
XRCC2	9	0	5.28191424797288	0.37	0.011	0
KIF2C	9	0	6.63222414423007	0.361	0.005	0
APOBEC3B	9	0	5.83803368137091	0.364	0.009	0
SHCBP1	9	0	5.93178442608897	0.355	0.007	0
SPC24	9	0	6.52602474039814	0.352	0.005	0
E2F8	9	0	7.2399067214513	0.345	0.003	0
TROAP	9	0	6.2308615818483	0.348	0.006	0
DEPDC1	9	0	6.52788748441533	0.345	0.006	0
CLSPN	9	0	5.68880767259643	0.345	0.009	0
NMU	9	0	7.52530894031355	0.324	0.004	0
E2F7	9	0	6.95184207843023	0.324	0.004	0
HIST1H3B	9	0	6.92595534728678	0.318	0.004	0
CASC5	9	0	6.6639330039574	0.303	0.004	0
TTK	9	0	6.80599121196677	0.297	0.003	0
MCM10	9	0	6.69362468889421	0.297	0.003	0
BUB1	9	0	6.32001120417592	0.297	0.005	0
HJURP	9	0	6.90484459889306	0.288	0.003	0
KIF4A	9	0	6.76972766798	0.288	0.003	0
CDCA2	9	0	6.59717719713086	0.276	0.003	0
CDCA5	9	0	6.61772457453495	0.273	0.003	0
KIF20A	9	0	7.11765097140031	0.261	0.002	0
HIST1H3G	9	8.31190129434039e-308	7.36918973839627	0.252	0.002	1.66420887715283e-303
KIF18B	9	5.83788005278459e-306	6.63222414423007	0.258	0.003	1.16886034416853e-301
DTL	9	1.42129062493278e-305	5.97511185775307	0.3	0.006	2.84570808924042e-301
ATAD2	9	3.67702720006085e-304	4.59833815007766	0.621	0.057	7.36214385996183e-300
NEIL3	9	8.3850780749182e-302	6.81279638987189	0.255	0.003	1.67886033216012e-297
CENPW	9	7.1782628944121e-297	4.20552372742564	0.603	0.053	1.43723179671919e-292
PBK	9	1.00555156004097e-293	5.54908290892982	0.339	0.01	2.01331533351404e-289
FOXM1	9	6.10052450430067e-290	5.72122915028881	0.294	0.006	1.22144701625108e-285
CENPA	9	2.16620741222381e-289	7.20231336846969	0.261	0.004	4.33718048075452e-285
LMNB2	9	2.72711646284214e-289	4.21310813064821	0.548	0.043	5.46023258190254e-285
CCNA2	9	2.30724167860046e-283	5.32572608991231	0.355	0.013	4.61955928889385e-279
TCF19	9	7.07739442563862e-282	5.34088436917613	0.327	0.01	1.41703591190136e-277
LINC00669	9	3.49530418088538e-275	5.77661405356524	0.276	0.006	6.99829803096872e-271
CDCA8	9	4.42519307993637e-274	6.36614928407622	0.264	0.005	8.8601215846486e-270
LMNB1	9	1.2881470860446e-273	4.38548354573692	0.485	0.034	2.5791280956785e-269
EZH2	9	4.96823657811404e-268	4.14756654930459	0.588	0.058	9.94740327669994e-264
DHFR	9	1.02370473897055e-267	4.41674699097335	0.47	0.032	2.04966162836684e-263
CDT1	9	2.54779906868773e-267	5.12266904616693	0.333	0.012	5.10120329532657e-263
CEP55	9	6.01584290312069e-267	5.71692130880535	0.261	0.005	1.20449206606282e-262
CENPN	9	7.84303009643811e-264	4.65133296717777	0.373	0.017	1.57033148590884e-259
E2F1	9	1.0569106152842e-263	5.26071402049214	0.318	0.011	2.11614643392203e-259
GGH	9	3.37285455694081e-261	4.03114197814563	0.585	0.059	6.7531293939069e-257
NDC80	9	3.86077752311679e-261	4.64769094557584	0.412	0.024	7.73004875678443e-257
BRIP1	9	1.16294500379177e-258	5.39209014050635	0.297	0.009	2.32844848659189e-254
TACC3	9	3.11870196126934e-256	4.30048175951575	0.488	0.038	6.24426506685348e-252
SPAG5	9	2.70808423150132e-254	4.92537853844019	0.315	0.011	5.42212624831194e-250
KIF14	9	2.80155900178805e-252	5.98836795445534	0.267	0.006	5.60928143338003e-248
RACGAP1	9	1.16940505609689e-248	4.78921691265353	0.37	0.019	2.34138280331719e-244
NCAPG2	9	2.03812134400613e-245	4.26936578528782	0.485	0.04	4.08072655496908e-241
CDC20	9	3.1499584508564e-245	5.62549828104175	0.282	0.008	6.30684681030469e-241
C1QL1	9	9.61871401212051e-237	4.43957906628767	0.439	0.033	1.92585891950677e-232
BRCA1	9	4.79156327745635e-234	4.16261888130044	0.406	0.027	9.59366799412311e-230
CDC6	9	1.09161059765763e-233	4.41254610759065	0.394	0.025	2.1856227386301e-229
CKAP2	9	1.10243439776231e-233	4.27422679463518	0.518	0.05	2.20729415119969e-229
STMN1	9	1.47832587558755e-230	3.88035341643309	0.958	0.326	2.9599040681014e-226
PRR11	9	1.00258791611018e-227	4.66898269424018	0.336	0.017	2.00738152563581e-223
HIST1H1A	9	4.82241560898871e-227	5.02223937703448	0.409	0.029	9.6554405323172e-223
C21orf58	9	2.78240772055071e-226	4.34177428081587	0.624	0.087	5.57093673808662e-222
CENPE	9	6.40237362893832e-225	5.66105279728928	0.303	0.013	1.28188324798603e-220
GINS2	9	2.25449662537133e-224	4.3102960493427	0.439	0.035	4.51395314331848e-220
FANCA	9	2.83026658098923e-223	4.33568136776262	0.382	0.024	5.66675974845663e-219
SMC2	9	9.45711149138972e-223	3.79300849181591	0.655	0.098	1.89350286280605e-218
MND1	9	1.39331121359963e-222	4.3102960493427	0.373	0.023	2.78968771186918e-218
ECT2	9	2.41275047155641e-222	4.53392207061826	0.382	0.025	4.83080899415024e-218
SGOL2	9	6.94120763520236e-218	5.00466976678444	0.364	0.023	1.38976859272022e-213
CENPH	9	4.84912860765619e-215	4.06093658040599	0.397	0.028	9.70892529824921e-211
TMEM106C	9	1.92123513752677e-209	3.62362812054168	0.667	0.109	3.8466969923561e-205
CDCA4	9	5.64049725940183e-201	3.86241529337684	0.455	0.044	1.12934036127743e-196
KIF20B	9	3.13872981418969e-196	4.04020688597496	0.448	0.044	6.2843648339706e-192
MCM4	9	6.03138846647897e-196	3.81624204481976	0.458	0.046	1.20760459875842e-191
ITGB3BP	9	4.2534461844327e-194	3.2949933067316	0.667	0.115	8.51624995047115e-190
PSMC3IP	9	1.79123615785806e-192	3.7187004562891	0.452	0.045	3.58641303526341e-188
KIAA1524	9	1.91970462634641e-188	4.19165155284408	0.33	0.022	3.84363260287077e-184
CEP152	9	3.35501654000133e-187	4.13569152696052	0.364	0.028	6.71741411639066e-183
MNS1	9	5.0449844562736e-187	3.58924097367932	0.527	0.068	1.0101067878351e-182
CIT	9	2.05187225812611e-186	4.55237083654085	0.282	0.015	4.10825863522009e-182
HELLS	9	3.59480522784428e-183	3.69654512519692	0.548	0.078	7.19751902718981e-179
CCDC34	9	1.61035277833534e-181	3.42758600849977	0.576	0.088	3.22424833278302e-177
CCNE2	9	1.28323649683909e-180	5.00386904799553	0.258	0.012	2.56929611397122e-176
DTYMK	9	1.68659999234303e-180	3.33641676964578	0.636	0.113	3.37691050466921e-176
BARD1	9	7.33824464861199e-178	3.69708407181737	0.445	0.049	1.46926334354509e-173
H2AFZ	9	3.19839009586719e-176	3.43728800852014	0.967	0.505	6.4038166499453e-172
FBXO5	9	2.19641899829653e-174	3.84463247699389	0.433	0.047	4.39767011838932e-170
MYBL1	9	9.06434662969712e-174	4.13902462219287	0.291	0.018	1.81486348219796e-169
RRM1	9	8.4538208277176e-165	3.47920827781195	0.482	0.064	1.69262400612562e-160
HIST1H2AM	9	8.29970518519901e-164	4.02990807675864	0.418	0.048	1.66176697218055e-159
TUBA1B	9	2.60290566010764e-163	3.24406150729707	0.988	0.693	5.21153771266752e-159
HMGB3	9	5.17093516502682e-162	3.73102145533369	0.591	0.109	1.03532463874167e-157
HMGB2	9	8.06523763333269e-158	3.81069832204042	0.864	0.337	1.61482187894587e-153
ZWILCH	9	1.27635381924585e-157	3.20106697958794	0.515	0.077	2.55551561689404e-153
PSRC1	9	1.23345294833631e-156	4.59206701775808	0.258	0.015	2.46961949315896e-152
ATAD5	9	1.38081378486886e-154	3.69254361350388	0.312	0.025	2.76466536006443e-150
RFC3	9	4.0595320825952e-153	3.37741024520124	0.427	0.052	8.12799513577211e-149
RNASEH2A	9	1.91694451176714e-152	3.2311895043502	0.515	0.081	3.83810630146018e-148
GMNN	9	2.64920327716896e-151	3.18560030189339	0.47	0.065	5.30423480154769e-147
BRCA2	9	4.60155791831418e-150	3.85271285509777	0.315	0.027	9.21323926404866e-146
HIST1H2AL	9	5.96442436676815e-147	3.93114308576239	0.318	0.028	1.19419704671432e-142
HMGB1	9	2.14593736991241e-145	1.97414533732474	1	0.967	4.29659580203864e-141
TUBB	9	2.49454315822369e-142	2.62027395678677	0.982	0.706	4.99457431139548e-138
WDR34	9	2.77095673772499e-140	3.47016738612109	0.355	0.038	5.54800958027298e-136
WHSC1	9	4.81605067823735e-139	2.88590338501216	0.53	0.092	9.64269666796682e-135
CENPL	9	5.5181084486527e-139	3.89525855006386	0.276	0.021	1.10483567358924e-134
PHF19	9	5.46340774228268e-137	3.10560562973971	0.403	0.051	1.09388349815984e-132
MCM7	9	1.26082430521519e-136	3.16527847193546	0.548	0.106	2.52442242390185e-132
APOLD1	9	5.05291486793695e-136	3.52266655134409	0.406	0.054	1.01169461485834e-131
H2AFV	9	1.9863313757012e-131	2.50917101091753	0.891	0.455	3.97703268042894e-127
MCM2	9	3.26474422503882e-130	3.63069667448347	0.291	0.026	6.53667088737273e-126
KNTC1	9	3.52895864912642e-130	3.61713480810713	0.285	0.025	7.06568100728092e-126
HMGN2	9	1.24098661594713e-128	2.08192651670876	0.997	0.873	2.48470340244934e-124
KIF22	9	5.87397061195942e-128	3.10634087626293	0.482	0.083	1.17608639592652e-123
SMC4	9	6.83443670551681e-128	2.98368387553252	0.685	0.189	1.36839091717858e-123
TUBG1	9	2.04581515658192e-126	2.97177144392465	0.482	0.082	4.09613110650833e-122
CRNDE	9	3.40378494241488e-125	2.88774169994669	0.564	0.121	6.81505821170308e-121
TMPO	9	2.94636919222063e-124	2.67833270371526	0.797	0.3	5.89922039666414e-120
PHGDH	9	4.83198492528058e-124	3.24581824201743	0.506	0.095	9.67460021739678e-120
ZWINT	9	2.67589846468455e-123	2.81582408256945	0.564	0.123	5.3576839059914e-119
NCAPD3	9	8.39288039446053e-122	3.29248477322624	0.367	0.048	1.68042251257889e-117
C4orf21	9	3.24003448953313e-120	3.81759205647354	0.261	0.023	6.48719705494323e-116
DEK	9	5.87542216902782e-117	2.22145171316645	0.891	0.496	1.17637702668275e-112
SAE1	9	7.93454209949926e-117	2.77836831094341	0.555	0.126	1.58865401916174e-112
TMEM97	9	3.48643457027452e-115	3.10798787404959	0.388	0.057	6.98053929660364e-111
NCAPD2	9	9.18131493239222e-115	3.34019753505656	0.367	0.052	1.83828287576357e-110
H2AFX	9	2.7752430881641e-112	3.16503310213466	0.473	0.093	5.55659171112217e-108
CKS1B	9	2.08626582143947e-111	2.46643132773735	0.73	0.254	4.17712142768612e-107
HIST1H3D	9	1.53989978295433e-110	3.44981591869114	0.333	0.044	3.08318734543116e-106
SYNE2	9	4.22709209502183e-110	2.48357580241817	0.661	0.186	8.46348379265272e-106
RFC4	9	2.57269493343819e-109	2.9623727459224	0.385	0.059	5.15104979572994e-105
DNAJC9	9	2.87869775198745e-108	2.78580740764786	0.445	0.081	5.76372863902926e-104
RPL39L	9	1.43351475888503e-107	2.57483404576688	0.548	0.129	2.8701832502396e-103
RPA3	9	1.80375031008445e-107	2.44176701204006	0.7	0.233	3.61146887085109e-103
PSIP1	9	1.81375894414258e-107	2.44213221479693	0.782	0.324	3.63150815796227e-103
SCARA3	9	2.91443108975224e-107	2.63805322303226	0.539	0.123	5.83527392790194e-103
HIST1H2AG	9	2.80653097269328e-106	3.08170913570344	0.348	0.049	5.61923631352649e-102
MGME1	9	6.16512111600119e-106	2.86551120666981	0.388	0.062	1.23438054984576e-101
RARRES2	9	8.71116792036176e-105	2.05272618378289	0.9	0.492	1.74415004101483e-100
CENPJ	9	2.43564655004535e-102	2.65336995310161	0.424	0.076	4.8766515225008e-98
NUCKS1	9	5.33930274804845e-102	1.52716381105326	0.988	0.824	1.06903519621426e-97
SPDL1	9	5.38971575066847e-102	3.15450137673528	0.345	0.051	1.07912888759884e-97
SKA2	9	1.11893049993256e-101	2.33260282906828	0.721	0.251	2.24032264696498e-97
MAD2L2	9	2.37261408894046e-101	2.44881591342413	0.555	0.138	4.75044792887659e-97
NPTX2	9	4.4518758748792e-101	2.96699430366277	0.321	0.043	8.91354587668314e-97
CKS2	9	2.41435460896022e-99	2.7269189279469	0.506	0.115	4.83402079806016e-95
CHAF1A	9	6.26643044602436e-97	3.12743199219289	0.285	0.035	1.254664703903e-92
UBE2S	9	1.61743854014491e-96	2.82182876785241	0.706	0.26	3.23843544507814e-92
HIST1H4C	9	1.86132133349305e-96	3.74343174228215	0.864	0.523	3.72673757391978e-92
LIG1	9	1.08580279109463e-95	3.04985875499495	0.327	0.048	2.17399434832967e-91
HIRIP3	9	1.10985688899586e-94	2.69098204383077	0.394	0.071	2.22215546314751e-90
ACYP1	9	4.0046834464444e-94	2.34187869455258	0.53	0.13	8.01817719647098e-90
NUDT1	9	1.02942741205756e-93	2.21829052709353	0.67	0.229	2.06111956442164e-89
MZT2B	9	2.49740546487206e-93	1.49238715849221	0.973	0.781	5.00030522176683e-89
RANBP1	9	4.17755513252457e-93	2.13819174984114	0.809	0.401	8.3643008863407e-89
KDELC2	9	9.01908008445538e-93	2.44139503961545	0.573	0.16	1.80580021450966e-88
USP1	9	2.39120148310865e-92	2.26905746221469	0.585	0.164	4.78766360948015e-88
WEE1	9	4.64544334199652e-91	2.78147662665908	0.333	0.052	9.30110665934542e-87
DSN1	9	1.12642566471143e-90	3.07649886473401	0.282	0.037	2.25532946588523e-86
MCM3	9	6.59400846917444e-90	2.77659802085915	0.467	0.11	1.32025237569811e-85
PCNA	9	5.05393492235515e-88	2.80910190631414	0.479	0.119	1.01189885015395e-83
SNRPD1	9	1.78598952258556e-87	1.7769877797132	0.803	0.38	3.57590822212081e-83
RAN	9	2.56276873894445e-87	1.63823677408042	0.906	0.61	5.13117556911458e-83
PXMP2	9	1.6123205987843e-85	2.34421585758474	0.548	0.153	3.22818830288593e-81
SAC3D1	9	2.83350422455043e-85	2.97878190562614	0.3	0.045	5.67324215839488e-81
MIS18A	9	2.4504428049208e-84	2.89857128410469	0.291	0.043	4.90627658401243e-80
COMMD4	9	1.60926643193651e-83	1.91002888916918	0.8	0.401	3.22207325002329e-79
CDKN2D	9	2.03119062632033e-82	3.25782862944857	0.291	0.044	4.06684987201857e-78
PTMA	9	2.89979778385956e-82	0.933176692354265	1	0.998	5.80597512284362e-78
TUBB4B	9	3.79183023019034e-82	2.56038528885304	0.718	0.306	7.5920024868871e-78
SYCP2	9	6.60784065923429e-82	2.95360253629466	0.291	0.044	1.32302185679189e-77
C19orf48	9	1.183504176221e-81	2.36014459879326	0.503	0.133	2.36961206162968e-77
HN1L	9	1.95650029482896e-81	2.63161911379935	0.355	0.066	3.91730489030654e-77
DUT	9	1.9135709420752e-80	2.01363925257633	0.93	0.72	3.83135174022297e-76
PAFAH1B3	9	2.86346116508093e-80	2.09366002483381	0.567	0.167	5.73322194472505e-76
CCDC18	9	3.68849613058466e-80	3.22283320809236	0.258	0.035	7.3851069526566e-76
PPIA	9	4.7177961875999e-80	0.916476721681028	0.991	0.986	9.44597152681252e-76
RFC2	9	1.35893965500929e-79	2.44226138955121	0.503	0.14	2.72086897725961e-75
CBX5	9	8.35938143766686e-79	1.72051974688849	0.8	0.417	1.67371535144966e-74
MIS18BP1	9	1.25920569331876e-78	2.20364737774968	0.664	0.258	2.52118163916282e-74
DBF4	9	3.02274802530563e-78	2.77884905794855	0.403	0.089	6.05214609626692e-74
C1QTNF2	9	1.72862731909819e-77	2.9530792044522	0.267	0.039	3.4610576182984e-73
RHEB	9	5.87435741910512e-77	1.96922391332992	0.839	0.515	1.17616384245323e-72
NRM	9	2.71115139215946e-76	2.89525855006386	0.27	0.04	5.42826731738167e-72
HIST1H1C	9	2.69777274129165e-75	2.89720056801504	0.648	0.27	5.40148058261415e-71
HIST1H1D	9	3.63330081125849e-75	2.73324294083777	0.797	0.442	7.27459488430175e-71
CMC2	9	2.07013956530696e-73	2.27550522468834	0.548	0.179	4.1448334376576e-69
EMP2	9	3.26543875015118e-72	1.84624964855105	0.664	0.255	6.53806146555269e-68
LSM4	9	1.33338280619884e-71	1.92231756228828	0.667	0.276	2.66969905457131e-67
TUBB6	9	1.24024293488895e-70	2.39822664504414	0.436	0.112	2.48321440423465e-66
CARHSP1	9	3.86654174426805e-70	2.29848029909551	0.5	0.15	7.74158988037348e-66
CDKN2C	9	6.25640941951745e-70	2.26315306594356	0.564	0.193	1.25265829397578e-65
MZT1	9	6.86779835679849e-70	2.50196468390374	0.412	0.102	1.37507058699819e-65
CDK2	9	1.30889160802754e-69	2.68880767259643	0.279	0.047	2.62066277759273e-65
DNMT1	9	2.08720046338055e-69	2.06294828074955	0.597	0.221	4.17899276778053e-65
SNRPB	9	7.02512499233112e-69	1.54914008423875	0.821	0.491	1.40657052596454e-64
TMEM237	9	5.61579234936227e-68	2.51338791472021	0.288	0.051	1.12439394418931e-63
TMEM107	9	4.50594853164646e-67	2.13253455366842	0.445	0.119	9.02181015006255e-63
FIGNL1	9	2.99771873316175e-66	2.28953748917591	0.342	0.072	6.00203244753647e-62
KPNA2	9	2.84699794760633e-65	3.40039670386185	0.391	0.1	5.70025929069739e-61
PTPLAD1	9	2.8685444366519e-65	1.67771019953084	0.748	0.365	5.74339967106443e-61
TOPBP1	9	1.12861574251837e-64	2.04195761164898	0.436	0.117	2.25971443967028e-60
SGCB	9	1.13364742155458e-64	2.03018813014997	0.527	0.174	2.26978886743657e-60
CALM3	9	2.9263035479733e-64	1.5375617474288	0.821	0.475	5.85904496375214e-60
CCP110	9	8.81287707692883e-64	2.31444769261317	0.379	0.091	1.76451424834269e-59
VRK1	9	1.91739644918735e-63	2.6772392604205	0.285	0.054	3.83901117056292e-59
PRIM1	9	2.30497492140277e-63	2.75543558041097	0.267	0.047	4.61502078763263e-59
COCH	9	2.62653732813466e-62	1.63105864393168	0.467	0.129	5.25885303839122e-58
LSM5	9	3.29798096183239e-62	1.6631404950177	0.745	0.384	6.60321748178082e-58
BTG3	9	1.30528427719088e-61	1.85410199729737	0.594	0.227	2.61344017979158e-57
VBP1	9	4.49027031396729e-61	1.62404004970365	0.679	0.294	8.99041922262531e-57
ALYREF	9	5.04369088749198e-61	1.95497283404614	0.555	0.202	1.00984778949364e-56
IGFBP2	9	1.45701645153261e-60	1.38914000071984	0.882	0.499	2.91723833925859e-56
SIVA1	9	3.70235497843833e-60	1.53017687136636	0.821	0.551	7.41285513782922e-56
DDX11	9	1.51620586111403e-59	2.24801177108836	0.33	0.073	3.03574737512251e-55
CBX1	9	1.60094195905041e-59	1.44522562942881	0.797	0.426	3.20540599041073e-55
HIST2H2AC	9	2.0634101202754e-59	2.96216748234648	0.342	0.085	4.13135974281541e-55
TEX30	9	1.2110529626652e-58	2.51088988040059	0.276	0.054	2.42477024184826e-54
RP11-160O5.1	9	5.25477032795541e-58	2.38633194037524	0.291	0.06	1.05211011506323e-53
UBL7-AS1	9	7.32077801204221e-58	1.85035419372718	0.515	0.174	1.46576617357109e-53
BUB3	9	1.08129961678464e-57	1.87683735324317	0.564	0.212	2.1649780927262e-53
RAD21	9	7.31895134109185e-57	1.87339526407006	0.658	0.306	1.46540043751341e-52
LGALS1	9	8.58889288371979e-57	1.26740264630535	0.988	0.94	1.71966813317838e-52
CDK5RAP2	9	1.57533656178036e-56	2.24682963049931	0.382	0.103	3.15413886399663e-52
SMC3	9	3.46071852442368e-56	1.67985403034132	0.688	0.341	6.9290506296011e-52
PGP	9	3.6474259016788e-56	1.73817185395079	0.564	0.213	7.3028761403413e-52
HADH	9	3.69764156676261e-56	2.17784575331905	0.382	0.103	7.40341794497209e-52
ANAPC11	9	3.87263088315441e-56	1.25346482674603	0.848	0.555	7.75378155425175e-52
HIST1H1E	9	6.80142945213572e-56	2.39643349312647	0.561	0.239	1.36178220490661e-51
ANP32E	9	7.17619213305791e-56	1.98590391450386	0.545	0.209	1.43681718888085e-51
COL9A1	9	1.61699392501519e-55	1.70345904899878	0.47	0.146	3.23754523666542e-51
GJC1	9	5.3215328002838e-55	2.18511674397336	0.358	0.092	1.06547729727282e-50
TUBA1C	9	1.039325305177e-54	2.65594021320387	0.409	0.122	2.0809371260254e-50
MZT2A	9	1.11845755387943e-54	1.42773589205138	0.752	0.414	2.2393757143774e-50
NCAPH2	9	2.83493212979249e-54	2.60889164039944	0.27	0.055	5.67610111027053e-50
SNRPG	9	4.16420918030963e-54	1.4671216019238	0.761	0.44	8.33757962081594e-50
HNRNPAB	9	9.27650251970423e-54	1.56775758020778	0.688	0.333	1.85734133449518e-49
SSRP1	9	1.02413783308097e-53	1.69110191380225	0.603	0.252	2.05052876939471e-49
SUMO2	9	1.06222698789882e-53	0.844855256267637	0.979	0.93	2.12679087517101e-49
PTN	9	2.32259954746373e-53	0.925211772165487	0.985	0.75	4.65030881393188e-49
MCM5	9	2.40157793412109e-53	2.41046021126813	0.327	0.081	4.80843933969725e-49
PRTFDC1	9	4.33023656649852e-53	2.04090614846909	0.361	0.095	8.66999965344333e-49
TFDP1	9	5.02408259626095e-53	2.13062965342219	0.37	0.101	1.00592181742337e-48
CCDC167	9	8.92347045445368e-53	1.90798685490678	0.427	0.131	1.78665725439072e-48
KIAA1731	9	1.52601385359132e-52	2.11537323119066	0.376	0.104	3.05538493766054e-48
NPW	9	1.87823672095453e-52	1.20571931177856	0.942	0.68	3.76060556269516e-48
CIB2	9	2.28134998404826e-52	2.33337966245574	0.294	0.066	4.56771893806143e-48
PKM	9	3.611653728473e-52	1.1989269209896	0.885	0.646	7.23125309514865e-48
MMD	9	1.35127106564186e-51	2.28515648706419	0.303	0.071	2.70551492762814e-47
IDH2	9	1.05568687978226e-50	1.90796960181341	0.536	0.214	2.11369627070005e-46
HMGN1	9	1.17404313419375e-50	0.907223925959347	0.979	0.84	2.35066916328272e-46
CENPP	9	2.14932610289676e-50	2.07919693265536	0.306	0.072	4.30338072321989e-46
NRGN	9	3.03260485871303e-50	1.85842178188349	0.4	0.118	6.07188144811523e-46
BCL2L12	9	3.68583654886888e-50	1.96618771960656	0.367	0.102	7.37978193814527e-46
GPSM2	9	8.58807416649342e-50	2.7896067625	0.267	0.059	1.71950420961531e-45
PTMS	9	1.04200335993886e-49	1.0169340321854	0.979	0.84	2.08629912726959e-45
SUPT16H	9	1.38584224154307e-49	1.48394413682773	0.7	0.364	2.77473333601753e-45
COL2A1	9	2.56118017883723e-49	2.0064121299251	0.352	0.096	5.1279949540679e-45
RBBP7	9	3.21241899288618e-49	1.53409941948686	0.606	0.263	6.43190530755672e-45
BTBD6	9	6.5525885165412e-49	2.07196208413723	0.333	0.087	1.31195927278188e-44
PSMC3	9	8.46647503279378e-49	1.62773633023749	0.588	0.253	1.69515763106597e-44
CBX3	9	1.44899189436235e-48	0.965179121840932	0.924	0.677	2.9011715708923e-44
NASP	9	3.14104610390439e-48	1.4781933176209	0.724	0.412	6.28900250923737e-44
CALM2	9	1.53202605259392e-47	1.12350901973374	0.967	0.857	3.06742256250355e-43
CCDC74A	9	2.340673043817e-47	2.2691268603663	0.258	0.056	4.6864955683304e-43
KLHL23	9	5.1807709569862e-47	2.17279252559277	0.276	0.064	1.03729396100778e-42
RANGAP1	9	1.0625395650392e-46	2.43888025540412	0.27	0.062	2.12741671712148e-42
RPLP1	9	3.11175412612984e-46	0.510349694577664	1	1	6.23035411133717e-42
HSPB11	9	4.38281464985837e-46	1.85244546652489	0.473	0.179	8.77527149194644e-42
CKAP5	9	5.17739027232243e-46	2.19109334233571	0.403	0.132	1.0366170803244e-41
EMC9	9	1.28946765787878e-45	2.55024684206346	0.255	0.058	2.5817721446049e-41
ANP32B	9	9.00481304765038e-45	1.14301576915595	0.833	0.592	1.80294366840056e-40
PPDPF	9	2.98097957729273e-44	0.876512173661398	0.955	0.839	5.96851730965549e-40
SEPT10	9	3.43093048830466e-44	1.80818504764759	0.448	0.159	6.86940902368359e-40
H3F3A	9	5.54280871337681e-44	0.619423559937351	1	0.995	1.10978116059231e-39
FANCL	9	2.05383542802712e-43	1.94262478184304	0.345	0.102	4.11218929399589e-39
FN3KRP	9	5.10352598895373e-43	1.87861704600322	0.382	0.122	1.02182797350832e-38
PTGES3	9	8.10857307838613e-43	0.931109394899909	0.921	0.726	1.62349850175447e-38
HDGFRP3	9	8.25280693451972e-43	1.57804900407903	0.503	0.199	1.65237700442954e-38
SLC43A3	9	1.08526439982077e-42	1.87791130649996	0.391	0.129	2.17291638132115e-38
HINT1	9	3.49747175680532e-42	0.896321376970576	0.924	0.742	7.0026379514756e-38
EBP	9	3.61650929224655e-42	1.99077445216244	0.306	0.083	7.24097490493605e-38
YBX1	9	7.70976381066138e-42	0.689892042722286	0.973	0.914	1.54364891017062e-37
ETV4	9	8.38689081129592e-42	2.20568664256792	0.276	0.071	1.67922327823767e-37
UQCC2	9	2.11224026147221e-41	1.43046175216444	0.588	0.271	4.22912745151965e-37
IPO9	9	3.20444902431778e-41	1.58482609401433	0.436	0.154	6.41594783648906e-37
GPC1	9	5.8317373398173e-41	2.07292059868038	0.282	0.074	1.16763045017822e-36
ECI1	9	6.12383062750627e-41	1.6454100043246	0.482	0.193	1.2261133682393e-36
HN1	9	7.70787463404995e-41	2.49709788300363	0.521	0.236	1.54327065922948e-36
RCN2	9	9.49885458549894e-41	1.01017232477369	0.842	0.567	1.9018606651086e-36
THBS4	9	1.85262084197219e-40	0.832400367801809	0.942	0.697	3.70931744979671e-36
OLFM1	9	2.42946266994509e-40	1.97923694270321	0.294	0.08	4.86427015776405e-36
BCL7C	9	2.47035326561583e-40	1.27739306568423	0.697	0.388	4.94614130841602e-36
LSM3	9	3.29204460681306e-40	1.17219957339077	0.7	0.377	6.5913317117611e-36
FAM111A	9	3.79466242264663e-40	2.0000602790283	0.385	0.134	7.59767310262308e-36
HINT2	9	4.13704882974904e-40	1.56458387711071	0.482	0.192	8.28319916692352e-36
NT5DC2	9	5.96714988363244e-40	1.88996425039435	0.321	0.094	1.19474274970089e-35
MESP1	9	6.05666079066254e-40	2.12102569818096	0.267	0.068	1.21266462350645e-35
HMGXB4	9	6.7984993420516e-40	1.614172549951	0.442	0.164	1.36119553826557e-35
MPHOSPH9	9	7.52459089369534e-40	1.80582346648191	0.327	0.096	1.50657358873568e-35
CEP78	9	3.2721678515525e-39	1.61050546283951	0.388	0.13	6.55153447237842e-35
CKB	9	4.48281324461979e-39	2.2665236473138	0.318	0.097	8.97548867837775e-35
FABP5	9	5.11273992652511e-39	1.04879783700866	0.682	0.331	1.02367278808886e-34
CSE1L	9	6.51239073279071e-39	1.9933513619696	0.288	0.08	1.30391087251935e-34
TPM2	9	1.56311349526732e-38	1.06838493507466	0.806	0.504	3.12966584022424e-34
SPATA33	9	2.18267576120125e-38	1.98551395740019	0.264	0.068	4.37015340907714e-34
FGD5-AS1	9	3.58764232703486e-38	1.41540979337964	0.594	0.297	7.1831774671892e-34
SETD8	9	3.86802933668372e-38	1.8293119677257	0.348	0.113	7.74456833790814e-34
NR2C2AP	9	4.79780163932451e-38	2.17659123581314	0.273	0.075	9.60615844225552e-34
DDX39A	9	6.15400765380891e-38	1.65988048713293	0.382	0.131	1.23215541244562e-33
RPA2	9	8.69397495957351e-38	1.74123993953091	0.436	0.172	1.74070766640581e-33
ERH	9	1.38167784561119e-37	0.961594004167409	0.827	0.6	2.76639538248273e-33
CCHCR1	9	2.16427003251707e-37	2.00632704579365	0.255	0.066	4.33330145910568e-33
GAPDH	9	2.19133209433409e-37	0.683565213421397	0.985	0.953	4.38748511927572e-33
SLC25A5	9	3.15872718293051e-37	1.18304166414641	0.733	0.448	6.32440356566347e-33
SMC1A	9	3.46371946014367e-37	1.504497432766	0.506	0.222	6.93505910309966e-33
PHTF2	9	5.32142611725189e-37	1.63578782255314	0.415	0.154	1.06545593719617e-32
CD320	9	5.73490442645708e-37	1.56584268344529	0.461	0.185	1.14824256426524e-32
SLBP	9	6.3135510739515e-37	1.89916877678918	0.43	0.174	1.26409919602657e-32
PRKDC	9	6.42066740520476e-37	1.27288836030036	0.652	0.349	1.2855460278701e-32
DCTN3	9	1.16897071651408e-36	1.36310240851736	0.673	0.386	2.3405131686045e-32
ITGAE	9	1.60823858936003e-36	1.28337475002741	0.63	0.329	3.22001530361665e-32
HNRNPA2B1	9	1.69150288367151e-36	0.730521599716486	0.994	0.954	3.3867270736871e-32
MTHFD2	9	3.63135736029604e-36	2.13407380943918	0.27	0.075	7.27070370678474e-32
RPP25	9	4.22184772262152e-36	1.83851974571396	0.385	0.141	8.4529835102328e-32
PCOLCE	9	5.64697319428441e-36	0.726846600717117	0.982	0.775	1.13063697295962e-31
ANKRD32	9	5.68227968649474e-36	1.81310950870999	0.258	0.068	1.13770603882998e-31
CDC25B	9	1.30953424798098e-35	1.73113917030275	0.361	0.123	2.62194947130752e-31
DCXR	9	1.50891627958672e-35	1.58417878586889	0.503	0.227	3.02115217498852e-31
CTNNAL1	9	1.61420155795128e-35	1.59084821643453	0.339	0.11	3.23195435933004e-31
POLD2	9	1.6314364795543e-35	1.42162018933396	0.521	0.239	3.26646211936363e-31
GLO1	9	1.72201297215247e-35	1.36212750050673	0.567	0.27	3.44781437284368e-31
MSH2	9	3.02553555731543e-35	1.94572361704685	0.285	0.084	6.05772729285696e-31
MDK	9	3.65888823066963e-35	0.851101190374582	0.903	0.646	7.32582601544673e-31
PMAIP1	9	4.73126664603578e-35	1.49395234405784	0.3	0.091	9.47294207869284e-31
PFN1	9	5.38447359605872e-35	0.69130517779686	0.955	0.877	1.07807930340288e-30
SNRPF	9	6.50831259827401e-35	1.05837767570308	0.712	0.41	1.30309434842642e-30
MRPL51	9	8.18868892715935e-35	1.02458814236809	0.8	0.555	1.63953929699585e-30
NDUFB11	9	1.78800321962122e-34	0.849560930741129	0.861	0.672	3.57994004632561e-30
PGRMC1	9	2.22529030432956e-34	1.17708282625691	0.648	0.353	4.45547624732864e-30
RBP1	9	3.11869100178875e-34	1.33800297851254	0.458	0.191	6.24424312378143e-30
CCDC36	9	3.2195503052085e-34	1.71347896227577	0.279	0.08	6.44618362108847e-30
UFD1L	9	4.15937845968422e-34	1.53606319745981	0.452	0.189	8.32790755197975e-30
C9orf142	9	7.51253101953443e-34	1.24280323136294	0.621	0.326	1.50415896073118e-29
SRPK1	9	2.31854110652188e-33	1.54251286318671	0.348	0.119	4.64218300347811e-29
CDK4	9	2.92473459165878e-33	1.21839687298255	0.633	0.356	5.85590359941921e-29
CEP57L1	9	6.56819231825603e-33	1.73072680739177	0.321	0.107	1.31508346596122e-28
SEC11A	9	9.85925177209679e-33	0.740085816023661	0.948	0.781	1.97401938980922e-28
SUN2	9	1.06667256386066e-32	1.97550580351829	0.285	0.089	2.13569180736181e-28
RALY	9	1.46779472499908e-32	1.31154459553996	0.555	0.276	2.93881859839316e-28
HMGN5	9	2.21209317173073e-32	1.83609268007544	0.264	0.077	4.42905294843928e-28
PRADC1	9	2.85280364232036e-32	1.59929224904045	0.37	0.138	5.71188345265382e-28
CKLF	9	4.59902463949021e-32	1.20638594894789	0.5	0.218	9.2081671331873e-28
IFI27L1	9	5.906113673136e-32	1.73610802021572	0.291	0.092	1.18252207963529e-27
ARL6IP6	9	7.72642504839387e-32	1.9996170955883	0.252	0.073	1.54698482318942e-27
ILF2	9	8.67613841271194e-32	1.14163380075203	0.648	0.359	1.73713643299319e-27
KPNB1	9	1.02936595228488e-31	1.12901839475948	0.67	0.391	2.06099650966478e-27
CEP57	9	1.21597643963595e-31	1.10020361613259	0.694	0.42	2.4346280274391e-27
COX5A	9	1.48912758873293e-31	0.915546434292094	0.779	0.509	2.98153125816107e-27
PPIF	9	1.87540538753804e-31	1.57777636020769	0.318	0.108	3.75493666692867e-27
MCUR1	9	2.65814250478706e-31	1.4094927836131	0.433	0.181	5.32213292308466e-27
HMGN3	9	7.2243651411514e-31	1.07281827625465	0.755	0.529	1.44646238856133e-26
LTBP4	9	1.51184382788976e-30	1.01261550070202	0.661	0.353	3.02701371220089e-26
PAICS	9	2.24022813862368e-30	1.56390914457653	0.348	0.128	4.48538477915233e-26
CHCHD2	9	2.63827866089019e-30	0.592760555919824	0.994	0.941	5.28236153483435e-26
POP7	9	3.04692296979385e-30	1.33472608816326	0.461	0.203	6.10054917012124e-26
STRA13	9	3.10137839666414e-30	1.32091031049353	0.561	0.295	6.20957982580093e-26
CEP135	9	4.19886476636756e-30	1.84961588450815	0.255	0.076	8.40696703522113e-26
SEPT7	9	4.34228216617854e-30	0.658145116506248	0.97	0.852	8.69411735312268e-26
PDIA6	9	5.68859249393111e-30	0.790482423817065	0.867	0.635	1.13896998913489e-25
ACTL6A	9	9.4080121012913e-30	1.61294231107535	0.339	0.125	1.88367218292054e-25
HPRT1	9	1.66619800315486e-29	1.64944178321608	0.288	0.094	3.33606164191667e-25
DPYSL4	9	1.68426132541325e-29	1.72533354862155	0.267	0.083	3.37222802574241e-25
PSME2	9	2.44676192574757e-29	1.23052635653935	0.558	0.297	4.89890672773178e-25
GOT1	9	2.86813840954613e-29	2.21799194502286	0.258	0.082	5.74258672359326e-25
PRDX4	9	3.0000921030881e-29	0.969682481409245	0.739	0.483	6.006784408803e-25
GMPS	9	3.13312546351888e-29	1.28409853239226	0.445	0.195	6.2731438030575e-25
PA2G4	9	3.77297714954784e-29	1.04500737523768	0.676	0.411	7.55425484882468e-25
LINC00152	9	4.03425304138957e-29	1.48586761392616	0.403	0.17	8.07738143947019e-25
TMEM54	9	5.10980741694192e-29	1.73850893736928	0.276	0.089	1.02308564102011e-24
SHOX2	9	5.17193405963618e-29	1.54845578653747	0.285	0.093	1.03552463742036e-24
UBR7	9	6.0234222501594e-29	1.76972766798	0.258	0.08	1.20600960292692e-24
PSMD14	9	6.14749518504466e-29	1.39237251375885	0.394	0.16	1.23085148594964e-24
TPGS2	9	9.36483328059119e-29	1.60412755448454	0.297	0.101	1.87502691943997e-24
FDPS	9	1.33951431197311e-28	1.14788660708517	0.552	0.282	2.68197555543256e-24
PMM1	9	2.48050561141022e-28	1.55578225396565	0.342	0.13	4.96646833516554e-24
YWHAQ	9	3.14180748308309e-28	0.926870457737071	0.739	0.492	6.29052694262895e-24
CD99	9	3.17076846495992e-28	0.604992045198522	0.976	0.87	6.34851262054276e-24
MRE11A	9	3.95123466215415e-28	1.72746298818289	0.276	0.091	7.91116204056505e-24
CEP112	9	3.97701311666152e-28	1.54022214336456	0.33	0.122	7.9627756621797e-24
RNPS1	9	5.19800494187899e-28	1.00332189978033	0.682	0.415	1.04074454946301e-23
HNRNPR	9	6.5662366953174e-28	0.899630584987826	0.803	0.566	1.31469191113645e-23
MT2A	9	6.58987524588623e-28	1.16407873552017	0.482	0.218	1.31942482173134e-23
TPI1	9	7.90743030288346e-28	0.739996865554893	0.906	0.751	1.58322569524333e-23
NUCB2	9	9.19018577741354e-28	1.07375373341094	0.579	0.304	1.84005899635374e-23
PDLIM1	9	9.40071104813654e-28	1.16054892983802	0.285	0.093	1.8822103660579e-23
CACYBP	9	1.14001356692759e-27	0.91975032645612	0.658	0.384	2.28253516370242e-23
SMC6	9	1.28041656605932e-27	1.54928986773431	0.303	0.107	2.56365004856397e-23
DYNLL1	9	1.37959435247169e-27	0.842188403452863	0.958	0.852	2.76222381251881e-23
HNRNPA0	9	1.42175893304105e-27	0.999246008185858	0.697	0.424	2.84664573573478e-23
CCT5	9	1.6464973081883e-27	1.10866218817305	0.57	0.302	3.29661691045462e-23
PRDX2	9	1.69377205238913e-27	0.96372644865171	0.767	0.575	3.39127040329352e-23
SCML1	9	1.97182846128988e-27	1.60466366198129	0.306	0.11	3.9479949451946e-23
SLC25A11	9	2.11812663065685e-27	1.20333500556469	0.545	0.283	4.24091313990114e-23
TPM4	9	3.67577079919434e-27	0.782656146535011	0.852	0.649	7.3596282941469e-23
C12orf65	9	3.77126963106438e-27	1.39288758182018	0.385	0.159	7.5508360553171e-23
NIPA2	9	3.94692933102018e-27	1.58376036056256	0.303	0.108	7.9025419065686e-23
SET	9	4.02704464581729e-27	0.691665835856152	0.909	0.758	8.06294878985538e-23
KIF5B	9	4.27455324535828e-27	1.17484885698794	0.6	0.34	8.55851050785636e-23
RRAS	9	9.81514062715007e-27	1.19608048048668	0.512	0.257	1.96518745636799e-22
ARPP19	9	1.0110061796373e-26	0.970758554861962	0.67	0.409	2.02423657286981e-22
PIN1	9	1.06520461503258e-26	1.23711541395162	0.464	0.221	2.13275268021822e-22
GNAS	9	1.92409290873951e-26	0.475674413852758	1	0.985	3.85241882187824e-22
CHCHD3	9	2.52182789598258e-26	1.24949817121544	0.464	0.221	5.04920381333631e-22
HP1BP3	9	2.71511976943932e-26	1.14851334580611	0.736	0.554	5.43621280237141e-22
TCEAL7	9	2.97590793896028e-26	1.19767385587328	0.448	0.205	5.95836287538628e-22
PLP2	9	4.12354474745181e-26	1.5855815850786	0.288	0.102	8.256161293348e-22
ARL6IP1	9	5.35854515585257e-26	2.14037104790039	0.367	0.159	1.0728879111048e-21
DYNLT1	9	6.43574490821767e-26	0.965568085082203	0.691	0.454	1.28856484552334e-21
TWIST1	9	6.49643482445599e-26	1.21638587854393	0.427	0.192	1.30071618055258e-21
ERGIC2	9	7.08347170138059e-26	1.18951869722948	0.467	0.225	1.41825270405042e-21
IFT81	9	7.11129575961214e-26	1.64733103662027	0.258	0.085	1.42382363698954e-21
SRSF3	9	7.16810115409955e-26	0.682344488892236	0.888	0.728	1.43519721307381e-21
FBN2	9	9.72237932486046e-26	1.50468878957137	0.376	0.159	1.94661478842356e-21
HNRNPA3	9	1.03685907681268e-25	0.6655962351582	0.933	0.77	2.07599924359435e-21
FDXR	9	1.06209926432123e-25	1.64795870469234	0.264	0.089	2.12653514702396e-21
FSTL5	9	1.4691610074619e-25	1.0173882124517	0.545	0.28	2.94155416914021e-21
PIGX	9	1.69851444488736e-25	1.60596766296885	0.282	0.099	3.40076562155348e-21
YEATS4	9	1.93031674269285e-25	1.72048414896015	0.252	0.083	3.86488018221963e-21
HES4	9	2.19273934572948e-25	1.30509714266838	0.424	0.198	4.39030271801956e-21
MEST	9	2.59369077212782e-25	0.752316954884963	0.824	0.553	5.19308766395433e-21
FKBP3	9	2.67411647150921e-25	1.08911648645591	0.539	0.282	5.35411599925574e-21
PPIH	9	3.16898990549023e-25	1.4045374232241	0.388	0.171	6.34495158877255e-21
PHF6	9	3.24798638521884e-25	1.32583690023848	0.358	0.146	6.50311834048516e-21
HSPA13	9	3.84521664937163e-25	1.66752909709868	0.261	0.089	7.69889277537188e-21
TNMD	9	4.88981876752922e-25	1.06897648493635	0.545	0.294	9.79039513634699e-21
SYCE1L	9	5.31395399495478e-25	1.17203020322846	0.433	0.199	1.06395986886985e-20
RBMX	9	5.3532239617351e-25	0.921277956972183	0.742	0.516	1.0718225016186e-20
CCDC14	9	5.64500073101421e-25	1.27402066295115	0.442	0.207	1.13024204636367e-20
CEP97	9	5.97230750892942e-25	1.5029411272851	0.267	0.091	1.19577540943785e-20
SLC20A1	9	7.8934472902292e-25	1.08279221418866	0.355	0.143	1.58042601644969e-20
RAD51C	9	9.23258844540759e-25	1.5113533671013	0.367	0.158	1.84854885853951e-20
XRCC6	9	1.0581365777336e-24	0.971411500209684	0.691	0.415	2.11860105593821e-20
BAZ1B	9	1.43700905673258e-24	1.04476712462826	0.576	0.319	2.87717953338996e-20
CRABP1	9	1.50760651134361e-24	0.735279577590199	0.673	0.402	3.01852975701217e-20
BARX1	9	1.5974726979399e-24	1.25841425764451	0.424	0.198	3.19845983581526e-20
P4HB	9	1.70345042484458e-24	0.706632903780114	0.906	0.725	3.41064844062383e-20
SNRPE	9	1.79830998957325e-24	0.755810553687669	0.821	0.587	3.60057626112357e-20
CEP192	9	1.80639263041973e-24	1.47834376354434	0.282	0.101	3.61675932462639e-20
STX2	9	2.10504440325615e-24	1.52706392148527	0.279	0.1	4.21471990419947e-20
HNRNPD	9	2.39708718117413e-24	0.940078673344309	0.703	0.478	4.79944795414684e-20
MAP1B	9	2.40088081095979e-24	1.33042031842833	0.494	0.25	4.80704355970369e-20
MANF	9	2.86119644579434e-24	1.00690390589277	0.5	0.247	5.72868752376942e-20
MRPS11	9	3.20235105272175e-24	1.08649267919855	0.491	0.247	6.41174727775948e-20
LSM2	9	4.86514416478914e-24	1.11264174238034	0.558	0.313	9.74099164674082e-20
SRSF10	9	5.69981254771798e-24	0.979427609007502	0.633	0.378	1.14121646830409e-19
TNC	9	6.29750712159851e-24	0.798016883306693	0.633	0.341	1.26088687588645e-19
HLTF	9	8.08393713107459e-24	1.11312754807341	0.464	0.224	1.61856589238375e-19
ICMT	9	1.06720087730878e-23	1.55974748290357	0.273	0.099	2.13674959654765e-19
HDGF	9	1.26288557353256e-23	1.25241070912689	0.458	0.227	2.52854949532689e-19
ZNF680	9	2.22673409469056e-23	1.36137023393697	0.303	0.116	4.45836700438944e-19
PSMA7	9	2.53225290795596e-23	0.638109445588017	0.912	0.815	5.07007677230942e-19
NENF	9	2.66889655753765e-23	0.731696050845086	0.818	0.612	5.34366468750188e-19
CSTF3	9	3.18374861766178e-23	1.35435122942064	0.33	0.135	6.37450148228242e-19
NAP1L4	9	4.27909569741778e-23	0.919556204677278	0.6	0.344	8.56760540536987e-19
PARP1	9	6.83289756071784e-23	1.18713997444675	0.445	0.219	1.36808274960693e-18
MGST3	9	8.48866115322307e-23	0.74230662722526	0.824	0.632	1.69959973609832e-18
SRSF2	9	8.68684972171032e-23	0.787681209709588	0.764	0.547	1.73928105128084e-18
NAP1L1	9	8.82692162119803e-23	0.711739741502	0.864	0.693	1.76732624699627e-18
HAT1	9	8.83117661264095e-23	1.45027205877216	0.336	0.143	1.76817818138297e-18
FAM96A	9	9.77737552886362e-23	1.20289988472802	0.485	0.259	1.95762612838907e-18
GPC3	9	1.17894847003159e-22	0.64650347966854	0.842	0.578	2.36049062669726e-18
IKBIP	9	1.29159285191826e-22	1.24070577715763	0.436	0.219	2.58602720811074e-18
PGAM1	9	1.80685183811745e-22	1.13488103568349	0.455	0.23	3.61767875027876e-18
TPR	9	2.17003523010594e-22	0.740440441011755	0.842	0.639	4.34484453771811e-18
CLN6	9	2.31136537251404e-22	1.34451176468062	0.318	0.129	4.62781574884762e-18
GPN3	9	2.34512094069575e-22	1.34402690665525	0.315	0.128	4.69540114746103e-18
ITM2C	9	2.64438559161538e-22	0.540430196296364	0.936	0.685	5.29458883153232e-18
BCAP29	9	3.07352436430572e-22	0.979524175906013	0.576	0.333	6.15381048221292e-18
UQCRQ	9	3.2744757853804e-22	0.714758347319404	0.824	0.63	6.55615541748863e-18
C4orf27	9	3.75030402758582e-22	1.08884074726031	0.418	0.195	7.50885872403232e-18
C16orf80	9	3.97089760180118e-22	1.30333210159294	0.358	0.16	7.95053117832633e-18
MAGOHB	9	4.22042305915064e-22	1.14973094239423	0.433	0.212	8.4501310490314e-18
EXOSC8	9	7.08821268120718e-22	1.21259937545557	0.376	0.17	1.4192019430313e-17
C12orf57	9	7.91753428027817e-22	0.630063704947881	0.855	0.62	1.5852487135973e-17
SAMD1	9	8.20570030486454e-22	1.32342348332832	0.33	0.139	1.64294531503998e-17
GADD45A	9	8.52603641450546e-22	1.14101238822697	0.406	0.192	1.70708301091228e-17
SIN3A	9	8.55561147954443e-22	1.23788755381465	0.361	0.159	1.71300453043439e-17
C7orf49	9	9.93994865386948e-22	1.30152583971497	0.324	0.135	1.99017651947775e-17
NDUFA4	9	1.23732246207719e-21	0.528847780740774	0.967	0.904	2.47736703357094e-17
EMILIN1	9	2.12506128486686e-21	0.635100022746064	0.867	0.614	4.25479770456042e-17
BANF1	9	2.78540771985819e-21	0.90977334199511	0.63	0.397	5.57694333670006e-17
TUSC3	9	3.21204606810763e-21	0.961827390787842	0.558	0.321	6.43115863756511e-17
H2AFY	9	3.23072355758207e-21	0.818527102159478	0.67	0.416	6.46855470699083e-17
UBA2	9	3.81420712465778e-21	1.21203203302784	0.452	0.239	7.63680550498981e-17
MAZ	9	3.95638238222154e-21	1.0039407583758	0.576	0.35	7.92146880568397e-17
MSH6	9	4.01268634814962e-21	1.37303180469067	0.324	0.138	8.03420060626518e-17
SNRNP40	9	5.39347528994447e-21	1.32283524500305	0.327	0.14	1.07988162255268e-16
IMMP1L	9	5.54494619152457e-21	1.27957410951836	0.358	0.163	1.11020912646705e-16
MYEF2	9	5.5542131259176e-21	1.55578225396565	0.285	0.113	1.11206455207122e-16
MESDC2	9	1.07745839124796e-20	0.791995142619979	0.685	0.465	2.15728719095666e-16
RASL11B	9	1.57417432563214e-20	1.1371471470261	0.318	0.132	3.15181183478067e-16
LMF2	9	1.58375273732238e-20	1.38520085835659	0.309	0.13	3.17098973066688e-16
ACTA2	9	1.90757712820462e-20	0.916363066438914	0.345	0.155	3.81935092609129e-16
AKR7A2	9	2.09469852709673e-20	0.957519302588751	0.561	0.337	4.19400539095306e-16
CTCF	9	2.11524671751875e-20	1.11988459166516	0.439	0.227	4.23514697781605e-16
MRP63	9	2.3369134130343e-20	1.0008319200214	0.606	0.399	4.67896803557727e-16
PSMD8	9	2.5610199141055e-20	0.675750018240735	0.788	0.591	5.12767407202203e-16
NME1	9	2.96157266564234e-20	0.782220378095341	0.679	0.442	5.9296607911491e-16
LSM6	9	3.31773651333911e-20	0.976821200627306	0.503	0.279	6.64277204700756e-16
NTAN1	9	3.77258767679852e-20	0.967509349557676	0.479	0.253	7.553475046486e-16
U2AF1	9	3.7913522805231e-20	0.684146914090395	0.8	0.623	7.59104553606335e-16
SNRPD3	9	4.00337540115664e-20	0.880509892453931	0.594	0.352	8.01555822819582e-16
PSMA4	9	4.12776520147848e-20	0.824183693511005	0.715	0.538	8.26461148640022e-16
DPT	9	4.37490740137474e-20	1.55381779876474	0.306	0.132	8.75943959903251e-16
COX20	9	4.49995332444053e-20	1.20675844523429	0.424	0.217	9.00980654619482e-16
DCP2	9	4.78678749521842e-20	0.961347740521632	0.458	0.236	9.58410592292632e-16
NUDT21	9	5.0087868690696e-20	1.28456922422433	0.324	0.141	1.00285930692512e-15
IGFBP7	9	7.86923488277013e-20	0.381894846390494	0.964	0.794	1.57557820822824e-15
FNBP1L	9	1.00942428728221e-19	1.04136104206922	0.409	0.2	2.02106930799645e-15
TULP3	9	1.26384934969815e-19	1.36756025478746	0.276	0.111	2.53047916796564e-15
ETFB	9	1.57945757122708e-19	0.873480113379499	0.612	0.389	3.16238994911086e-15
EIF4EBP1	9	1.71708397185317e-19	1.20953025499896	0.455	0.248	3.43794552844441e-15
BRD8	9	1.7963852038029e-19	1.38910489018338	0.348	0.165	3.59672245505416e-15
KLHL42	9	1.85472053287273e-19	1.3065439144816	0.261	0.101	3.71352145091779e-15
SERTAD4-AS1	9	1.95362716160593e-19	1.34172855717936	0.282	0.116	3.91155230296739e-15
UBE2E3	9	2.01036072047651e-19	0.84103062921692	0.588	0.358	4.02514423453806e-15
SRP9	9	2.20735504990759e-19	0.755543059199573	0.676	0.436	4.41956628092499e-15
CLIC1	9	2.26342448574624e-19	0.639704625099045	0.812	0.611	4.53182850536112e-15
RNF168	9	2.54610247201316e-19	1.18989495328348	0.327	0.146	5.09780636946475e-15
APOD	9	2.65006375998131e-19	0.274733973850164	0.867	0.678	5.30595766023458e-15
CNIH4	9	3.02830307104982e-19	1.21050045415504	0.397	0.199	6.06326840885594e-15
MCMBP	9	3.32749051399886e-19	1.27754746700299	0.273	0.109	6.66230150712852e-15
XRCC5	9	3.39627474493005e-19	0.779357357944249	0.694	0.504	6.80002129429894e-15
NDUFA6	9	3.49984981168012e-19	0.90385751831929	0.582	0.358	7.00739929294593e-15
NFYB	9	3.76463648270874e-19	1.17134669780426	0.339	0.154	7.53755516567944e-15
RPSA	9	4.04557512168781e-19	0.495532049120746	0.979	0.938	8.10005050864334e-15
CLIC4	9	5.25799129292187e-19	1.01410232759614	0.418	0.208	1.05275501666882e-14
CCDC88A	9	5.43885492289229e-19	1.00453644611665	0.536	0.315	1.08896753266149e-14
RBBP4	9	5.92417074648373e-19	1.04034222956912	0.491	0.284	1.18613746686097e-14
LDHB	9	7.28774031243043e-19	0.696284459043887	0.842	0.67	1.45915136535482e-14
SCAPER	9	9.26411592631911e-19	1.23788755381465	0.321	0.144	1.85486129076761e-14
ANXA5	9	1.0200410778054e-18	0.553771910542128	0.921	0.777	2.04232624598197e-14
PSMC5	9	1.10627381493472e-18	0.764585349011519	0.633	0.393	2.21498143226229e-14
VDAC3	9	1.14922987866054e-18	1.16210144713451	0.491	0.288	2.30098806305414e-14
HSP90B1	9	1.19082372592815e-18	0.608770373272361	0.924	0.829	2.38426726405334e-14
BOLA3	9	1.49345767767558e-18	1.13910939933648	0.333	0.151	2.99020096224204e-14
TIPIN	9	1.59642237300682e-18	1.39143281206811	0.273	0.113	3.19635687523425e-14
PCM1	9	1.80983445297731e-18	0.902771972550429	0.603	0.391	3.62365054175118e-14
SHMT2	9	2.2920122211949e-18	1.15863325429312	0.364	0.177	4.58906686927642e-14
ITM2A	9	2.325351956541e-18	0.497028434415207	0.927	0.73	4.65581968738639e-14
CNTRL	9	2.47053899330228e-18	1.3066203911993	0.312	0.139	4.94651317238983e-14
PARK7	9	2.78427828105279e-18	0.529894434081977	0.909	0.779	5.57468197432389e-14
RCC2	9	2.82434294773694e-18	1.09015960194662	0.376	0.184	5.6548994499589e-14
ITGB1BP1	9	3.56932131160081e-18	1.05871382833126	0.397	0.201	7.14649513008713e-14
DNAJC8	9	3.80079442182876e-18	0.830568268899141	0.648	0.44	7.60995059138555e-14
GAMT	9	4.04886882088115e-18	1.33889500959619	0.291	0.128	8.10664515316824e-14
TP53I13	9	4.06764447911412e-18	1.09218751439043	0.488	0.286	8.14423777608229e-14
NME4	9	4.9371804503844e-18	0.85308909581992	0.685	0.488	9.88522269775964e-14
ALDH7A1	9	4.99985622261127e-18	1.1574734755911	0.321	0.144	1.00107121289123e-13
FAM92A1	9	5.05661393489815e-18	1.24574573374112	0.291	0.125	1.01243524204531e-13
CLTA	9	5.76895177067049e-18	0.531494829842589	0.882	0.706	1.15505952352365e-13
HNRNPA1	9	6.64357877423058e-18	0.420844041303342	0.973	0.938	1.33017734217645e-13
GUSB	9	7.09365105545442e-18	1.02680549075532	0.452	0.251	1.42029081432308e-13
PDCD5	9	7.12506255458046e-18	0.86978673544268	0.576	0.36	1.4265800246781e-13
MPC2	9	7.1641544208939e-18	0.865634921032605	0.603	0.399	1.43440699815138e-13
NAA38	9	7.22184428918048e-18	0.776826053187672	0.624	0.412	1.44595766357972e-13
COX8A	9	7.85072489233472e-18	0.710123599558925	0.694	0.465	1.57187213794326e-13
TNFRSF12A	9	8.06327404218047e-18	1.37987691823794	0.321	0.149	1.61442872872537e-13
CTNNBIP1	9	8.22412092755831e-18	1.07325685204185	0.358	0.172	1.64663349211572e-13
SNRNP25	9	8.31631887113553e-18	1.15283501346645	0.361	0.176	1.66509336437876e-13
METTL4	9	8.85466159063299e-18	1.2204557919418	0.282	0.12	1.77288034367654e-13
RABL5	9	1.31030816821726e-17	1.20737773639714	0.333	0.158	2.62349901440459e-13
AP2S1	9	1.35429834901326e-17	0.578714983242448	0.818	0.647	2.71157615439436e-13
MFI2-AS1	9	1.36832069606856e-17	1.31340866121004	0.279	0.12	2.73965169766847e-13
XPO1	9	1.60117183463572e-17	0.739817794867882	0.612	0.378	3.20586624730764e-13
SOD1	9	1.72353427071765e-17	0.56053169664984	0.83	0.661	3.45086031683088e-13
THOC3	9	1.92805305132304e-17	1.30835824510121	0.252	0.102	3.86034781935898e-13
PRPSAP1	9	2.04129318686597e-17	1.2813136556171	0.336	0.161	4.08707721874305e-13
FAM76B	9	2.10693935306377e-17	1.03429575220574	0.373	0.183	4.21851397270429e-13
DBI	9	2.25350979242616e-17	0.612962242069433	0.703	0.504	4.51197730639566e-13
MRPL17	9	2.57382060533626e-17	0.984388103542795	0.421	0.223	5.15330361600426e-13
NT5C3B	9	2.87889089333993e-17	0.850864430705406	0.53	0.313	5.7641153466452e-13
CDK16	9	2.98064559615963e-17	1.19729811598523	0.291	0.128	5.96784861263081e-13
HNRNPM	9	3.19004981546127e-17	0.696411939319037	0.709	0.489	6.38711774051655e-13
NGFRAP1	9	3.25652099546147e-17	0.531403747127351	0.921	0.734	6.52020633711296e-13
HNRNPF	9	3.7098558177865e-17	0.913513959771127	0.588	0.383	7.42787331837212e-13
ZNF704	9	3.99120247283651e-17	0.838033681370909	0.409	0.206	7.99118559111327e-13
HSD17B10	9	4.00154534736768e-17	0.942924983694174	0.461	0.256	8.01189409449957e-13
PLOD2	9	4.14204655165196e-17	1.18294048096885	0.27	0.113	8.29320560571755e-13
SHFM1	9	4.1661441586785e-17	0.446715247569298	0.924	0.774	8.3414538345061e-13
COPS6	9	4.19215151192613e-17	0.755262401903599	0.673	0.477	8.3935257571785e-13
SLIRP	9	5.3767558721474e-17	0.937073777981629	0.521	0.323	1.07653406072135e-12
FBLN1	9	5.7944241528342e-17	0.573607923210988	0.585	0.338	1.16015960388046e-12
RNF212	9	6.19603362088241e-17	0.771137238234671	0.594	0.364	1.24056985157308e-12
SVIP	9	7.29777242354575e-17	1.08904907867452	0.315	0.146	1.46115999464233e-12
PEG10	9	8.90832572945641e-17	0.661517116145227	0.558	0.336	1.78362497755176e-12
MDH1	9	9.61559213086415e-17	0.816365480542415	0.576	0.359	1.92523385644162e-12
TMEM98	9	1.04647693354512e-16	0.85720994221468	0.53	0.316	2.09525611634404e-12
GLRX5	9	1.18640213463738e-16	1.00672522405297	0.503	0.301	2.37541435397096e-12
POLR2J	9	1.21426184610095e-16	0.673276043502406	0.721	0.514	2.43119506826332e-12
TIMP1	9	1.30094652546553e-16	0.470983719871576	0.982	0.927	2.60475513328708e-12
SNRPA	9	1.48753989174498e-16	0.991092591791876	0.388	0.2	2.9783523712518e-12
NDUFB1	9	1.73745861957457e-16	0.754649115446103	0.642	0.449	3.47873964811221e-12
RFC1	9	1.78760036559167e-16	0.890520631057196	0.533	0.333	3.57913345198764e-12
TCEB2	9	1.98150996385942e-16	0.396139396897144	0.967	0.923	3.96737924963932e-12
DHX9	9	2.02660797012757e-16	0.879132944762872	0.512	0.303	4.05767447778943e-12
NUP85	9	2.06757514713107e-16	1.21325776337738	0.276	0.12	4.13969895958582e-12
ARPC1A	9	2.07219334029462e-16	0.7762222593724	0.594	0.382	4.14894550593788e-12
H1FX	9	2.25584656717881e-16	0.677417803064731	0.855	0.667	4.51665599680542e-12
MFGE8	9	2.27483223720844e-16	0.685916912995731	0.6	0.368	4.55466910533874e-12
BUD31	9	2.47909608309507e-16	0.735434138590517	0.679	0.488	4.96364617757296e-12
HSBP1	9	2.57117893131822e-16	0.526839394982463	0.861	0.675	5.14801445628534e-12
COL9A3	9	2.8578587231068e-16	0.961708392267201	0.43	0.234	5.72200473540443e-12
COX6A1	9	3.26684388670844e-16	0.702026175129478	0.612	0.393	6.54087482996763e-12
TXNDC16	9	3.36185216860591e-16	1.19538514990487	0.258	0.109	6.73110041198275e-12
ITGB1	9	3.8244034992602e-16	0.471043316628274	0.909	0.78	7.65722068621877e-12
SUMO3	9	4.1767436957692e-16	0.847774485123077	0.482	0.274	8.3626762276691e-12
MAGOH	9	4.32409200479177e-16	0.836989785529297	0.536	0.331	8.65769701199407e-12
PSMB3	9	4.53345208885828e-16	0.69948601578966	0.661	0.458	9.07687777231206e-12
CLEC11A	9	4.69720793055468e-16	0.696141835906764	0.615	0.385	9.40474971855658e-12
CSRP2	9	4.91112335043099e-16	0.643762215898995	0.418	0.216	9.83305117223294e-12
RDX	9	5.23739140502934e-16	0.81340204374777	0.53	0.325	1.04863050711497e-11
ALG5	9	6.1085666627863e-16	0.997050197555142	0.373	0.192	1.22305721722307e-11
IFI27L2	9	7.77491036616673e-16	0.845352695096383	0.539	0.335	1.5566925535139e-11
RUVBL2	9	8.10537062184067e-16	1.29982905029163	0.258	0.112	1.62285730590494e-11
ANXA2	9	8.47496402836769e-16	0.573764263118784	0.87	0.727	1.69685729775978e-11
AURKAIP1	9	8.98036218723546e-16	0.650593956591357	0.715	0.532	1.79804811712828e-11
LDHA	9	9.24631316395217e-16	0.646345252474718	0.83	0.682	1.8512968216865e-11
CNN3	9	9.49283323752345e-16	0.472798473430885	0.879	0.693	1.90065507081695e-11
KIF2A	9	9.80197363261547e-16	0.833057551460932	0.439	0.24	1.96255116072227e-11
GPX4	9	9.80692730867996e-16	0.553713253164077	0.867	0.703	1.9635429857439e-11
MYL6B	9	1.05727712236279e-15	0.773675791800475	0.536	0.324	2.11688025439478e-11
ERLIN1	9	1.15689763984717e-15	1.16815088146069	0.315	0.152	2.316340454502e-11
DAD1	9	1.70504364059361e-15	0.470843131071439	0.897	0.735	3.41383837719653e-11
FARP1	9	1.78163934852762e-15	0.87172303560307	0.376	0.191	3.56719830362199e-11
IER3IP1.1	9	1.8422407350785e-15	0.906279597877556	0.442	0.249	3.68853439977416e-11
RNASEH2B	9	2.13261833276929e-15	1.14037104790039	0.303	0.143	4.26992842587066e-11
RPL35	9	2.21991571473326e-15	0.284571187710525	1	0.996	4.44471524403893e-11
UQCRH	9	2.24635790198621e-15	0.464269979428428	0.933	0.819	4.49765779135679e-11
NUDCD2	9	2.86903154368968e-15	1.12701591926551	0.433	0.255	5.74437495677549e-11
NOP56	9	3.60165519394807e-15	0.930463881336921	0.445	0.259	7.21123402932283e-11
AMOTL1	9	3.68299103546782e-15	0.972992728568425	0.339	0.168	7.37408465121366e-11
PSMG2	9	3.70782261936962e-15	0.858496202533467	0.491	0.293	7.42380244850186e-11
CAMTA1	9	3.75090646062197e-15	0.814964988305579	0.536	0.339	7.51006491545731e-11
BOD1	9	4.14529273479372e-15	0.813348547194779	0.509	0.309	8.29970511360399e-11
HTATSF1	9	4.6006468968447e-15	0.995981138565216	0.367	0.19	9.21141521686246e-11
TGFB1I1	9	5.0197939387672e-15	0.924162498187315	0.388	0.205	1.00506314241997e-10
RUVBL1	9	5.04384729366317e-15	1.22680429521533	0.267	0.121	1.00987910513724e-10
CTHRC1	9	5.08254905385269e-15	0.673022083956993	0.545	0.327	1.01762797156239e-10
RBX1	9	5.14290032065459e-15	0.641783855439175	0.736	0.578	1.02971150220146e-10
COX7A2	9	5.39179606376791e-15	0.540245821857233	0.827	0.71	1.07954540788761e-10
SLC2A4RG	9	5.90913727156483e-15	0.948610245217606	0.424	0.242	1.18312746451271e-10
CRTAC1	9	5.99034099956118e-15	0.970195208408087	0.324	0.158	1.19938607493214e-10
LMCD1	9	6.23798171485198e-15	0.839778903839802	0.361	0.182	1.24896869894766e-10
PMF1	9	7.09581103446078e-15	0.965187584356187	0.358	0.186	1.42072328531974e-10
VDAC1	9	7.10189988351778e-15	0.653207602956943	0.658	0.452	1.42194239467793e-10
ABHD12	9	7.43790290724889e-15	1.14037104790039	0.282	0.131	1.48921692008937e-10
RAB8A	9	7.46268174968688e-15	0.839919323370862	0.445	0.252	1.49417813992231e-10
GTF2A1	9	7.61487426391086e-15	1.15019369037894	0.309	0.152	1.52465012512023e-10
RHOA	9	7.69505263136467e-15	0.502468499912849	0.87	0.722	1.54070343785183e-10
SPAG16	9	7.9970407873653e-15	1.05918166683013	0.306	0.147	1.60116750644628e-10
ZC2HC1A	9	8.39078110357019e-15	1.03651824173934	0.321	0.158	1.68000219255682e-10
PSMA2.1	9	9.71723065848931e-15	0.9901838074841	0.373	0.198	1.94558392244273e-10
STEAP1	9	9.77718722869627e-15	1.14345702777413	0.252	0.11	1.95758842692957e-10
ELP6	9	1.04813521768147e-14	1.09863728959121	0.285	0.133	2.09857633284184e-10
HDAC2	9	1.05508158803236e-14	0.896968917828962	0.455	0.263	2.11248435555839e-10
SNRPC	9	1.08748425806976e-14	0.87920179428616	0.464	0.275	2.17736098150726e-10
CEP44	9	1.2854851348991e-14	1.16563780651082	0.252	0.111	2.57379833709497e-10
POLR2K	9	1.31049649836298e-14	0.748873965680925	0.527	0.326	2.62387608902235e-10
SREK1	9	1.48540112940329e-14	0.786471665810498	0.503	0.306	2.97407014129127e-10
ZCRB1	9	1.50589798343958e-14	0.786488130444605	0.53	0.333	3.01510894244272e-10
AARS	9	1.52064756498833e-14	1.19889712450685	0.273	0.127	3.04464055461963e-10
P4HA2	9	1.53851788422181e-14	1.14037104790039	0.288	0.137	3.08042050778891e-10
SEPHS1	9	1.64345304287308e-14	1.11457157846833	0.294	0.141	3.29052168244049e-10
NEDD8	9	1.8072054983032e-14	0.564644112061091	0.809	0.655	3.61838684870267e-10
RBM17	9	1.84879878963562e-14	0.754517934518924	0.536	0.334	3.70166493660843e-10
WBP11	9	1.8524666725073e-14	0.835972877570605	0.436	0.248	3.70900877169411e-10
MRPS26	9	1.91345307949995e-14	0.853322592896445	0.515	0.328	3.83111575577481e-10
RPN2	9	2.00493420813499e-14	0.749581094868224	0.564	0.358	4.01427927152787e-10
CTDSPL2	9	2.31313903810121e-14	1.04750802640437	0.312	0.153	4.63136698208624e-10
GNB5	9	2.48018108410238e-14	0.968047970075745	0.312	0.153	4.96581856658979e-10
RBM8A	9	2.81687821678239e-14	0.729409403887462	0.645	0.464	5.6399535656417e-10
PSMD2	9	2.84505080178027e-14	1.00050851732755	0.397	0.226	5.69636071532446e-10
UBL4A	9	2.99636093134271e-14	1.22966328129676	0.297	0.148	5.99931385673438e-10
RAB34	9	3.04529976556157e-14	0.728740150064796	0.573	0.371	6.09729919060737e-10
CCT3	9	3.41366616582744e-14	0.557164136250322	0.673	0.443	6.8348423972197e-10
CMSS1	9	3.55877020438453e-14	1.10758111278272	0.288	0.138	7.1253697032187e-10
AHI1	9	3.63196505173843e-14	0.804098311909223	0.527	0.331	7.27192042659069e-10
ELAVL1	9	3.66271716683865e-14	0.962453255704548	0.376	0.204	7.33349231144434e-10
NUBP2	9	3.93917256319335e-14	0.825007736410088	0.439	0.251	7.88701130602572e-10
TOMM5	9	4.34643876428474e-14	1.13038695932777	0.261	0.119	8.70243969385091e-10
NDUFB2	9	4.55189154161733e-14	0.474504478306725	0.903	0.796	9.11379724462621e-10
RPS27L	9	4.57417843674068e-14	0.483777683147086	0.879	0.732	9.15842006604219e-10
RHOC	9	4.94686194327521e-14	0.59853349191501	0.739	0.585	9.90460698282562e-10
KDELR2	9	5.75588094656071e-14	0.445639257987764	0.861	0.69	1.15244248312039e-09
COL11A1	9	5.96772753179197e-14	0.738518570395851	0.418	0.231	1.19485840641539e-09
PDAP1	9	5.98078492257826e-14	0.657588941985712	0.639	0.446	1.19747275719862e-09
LBR	9	6.37493069418076e-14	1.09006335152469	0.379	0.212	1.27638862358887e-09
PPM1G	9	7.20273832692127e-14	0.806612825551209	0.509	0.324	1.44213226781618e-09
CAPG	9	7.23453118560888e-14	0.548590212060602	0.382	0.198	1.44849783398261e-09
ARMC1	9	9.14548096482426e-14	1.04807420057961	0.294	0.144	1.83110819877711e-09
THRAP3	9	9.92824210676254e-14	0.766640522778461	0.567	0.382	1.987832634616e-09
RECQL	9	1.08528402396565e-13	1.00612121191911	0.327	0.169	2.17295567278403e-09
TXNDC12	9	1.0933570746919e-13	0.82773455586685	0.433	0.25	2.18911953494813e-09
TRIOBP	9	1.10106809312319e-13	1.04126290288747	0.306	0.152	2.20455853605124e-09
GOLM1	9	1.13217098344254e-13	0.84689552850246	0.388	0.212	2.26683274304864e-09
IGF2BP1	9	1.45988164115934e-13	0.957117020470901	0.324	0.166	2.92297502192924e-09
ARL3	9	1.50068939048517e-13	0.884626998333972	0.397	0.225	3.00468029762941e-09
PFN2	9	1.53389181687821e-13	1.04552390514408	0.294	0.145	3.07115819575356e-09
OLA1	9	1.77558275709021e-13	0.927197156593321	0.379	0.21	3.55507179624603e-09
PTGR1	9	1.86590032417589e-13	0.906482987726113	0.324	0.165	3.73590562906496e-09
CETN2	9	1.92403065628094e-13	0.861784798546951	0.452	0.272	3.8522941800057e-09
GNAI1	9	2.06111072192327e-13	0.615658061704978	0.567	0.355	4.12675588743477e-09
RCN1	9	2.14334603652841e-13	0.722576931081286	0.552	0.358	4.29140743433718e-09
C19orf43	9	2.32788502435769e-13	0.595444096936986	0.755	0.629	4.66089139576898e-09
SCOC	9	2.60097758677793e-13	0.879292839031923	0.442	0.266	5.20767732424677e-09
QSER1	9	2.62833378622579e-13	0.846187943495932	0.391	0.216	5.26244990678129e-09
LOXL2	9	2.66060382482282e-13	0.558938908570383	0.582	0.368	5.32706097806026e-09
TIMM10	9	3.05976851113885e-13	0.838573024805308	0.409	0.234	6.1262685130022e-09
DKK3	9	3.51002298970104e-13	0.816756576385142	0.37	0.196	7.02776802997942e-09
KHDRBS1	9	3.57978473650969e-13	0.782273341970806	0.579	0.408	7.1674449994397e-09
GPATCH11	9	3.65634428547727e-13	1.11882551761913	0.255	0.119	7.32073252838259e-09
STAT1	9	3.79915807608059e-13	0.950499768864898	0.361	0.198	7.60667429992856e-09
SRRT	9	3.9609553144089e-13	0.937892641095096	0.33	0.173	7.9306247305095e-09
AKT1	9	4.24630738280788e-13	0.852525565075327	0.388	0.217	8.50195664185793e-09
CHODL	9	4.27020100027344e-13	0.708126746528616	0.458	0.268	8.54979644274748e-09
TCF3	9	4.32868950016032e-13	0.988367954455341	0.315	0.163	8.66690211722098e-09
NUDC	9	4.39077365990284e-13	0.772729177751664	0.567	0.392	8.79120702185747e-09
OSTC	9	4.50080617122518e-13	0.534534251980415	0.779	0.628	9.01151411602706e-09
SF3B3	9	4.53165195463318e-13	0.849978526446135	0.373	0.205	9.07327354356656e-09
NDUFA2	9	4.57294839264867e-13	0.604429659089082	0.648	0.459	9.15595727176116e-09
MTMR2	9	4.77394387165729e-13	0.994208833044401	0.27	0.128	9.55839041983223e-09
VOPP1	9	4.96031341659491e-13	1.05775401732655	0.285	0.141	9.93153952270633e-09
SH3GL1	9	4.99960827093604e-13	0.854704451713224	0.394	0.224	1.00102156800681e-08
SDC2	9	5.35033257621213e-13	0.975505803518291	0.315	0.163	1.07124358840919e-08
BZW1	9	5.44946902077453e-13	0.62675132191658	0.648	0.457	1.09109268733948e-08
NSMCE4A	9	5.4519362149783e-13	1.10289634248173	0.282	0.14	1.09158666896296e-08
NUP62	9	5.61004022673028e-13	0.94668992320547	0.3	0.15	1.12324225419594e-08
UBE2M	9	6.04530265410658e-13	0.755178059555012	0.5	0.319	1.21039049740522e-08
UBE2N	9	6.4481501465965e-13	0.863212823133051	0.391	0.221	1.29104862235155e-08
CDC42EP4	9	7.2785820379023e-13	0.958788865191853	0.324	0.171	1.4573176956288e-08
LSMD1	9	7.87520412226896e-13	0.653827583645852	0.503	0.311	1.57677336936069e-08
MEA1	9	8.30677737428825e-13	0.977121249280607	0.306	0.156	1.66318296587999e-08
CDC27	9	8.39539335065876e-13	0.954762584559236	0.358	0.199	1.6809256566689e-08
N4BP2	9	8.85093734274775e-13	0.924237617035625	0.285	0.14	1.77213467476495e-08
SMPD4	9	9.04359031416898e-13	1.07704511253156	0.267	0.129	1.81070765270291e-08
GSTO1	9	9.64504015426819e-13	0.595957065637813	0.582	0.386	1.93112993968758e-08
RASSF1	9	9.85733207483754e-13	1.11879763595204	0.282	0.142	1.97363502802397e-08
COPE	9	9.94505579776022e-13	0.568944307982228	0.748	0.587	1.99119907182755e-08
GINM1	9	1.00807300326309e-12	0.954231614927791	0.43	0.27	2.01836376713336e-08
NAA10	9	1.01208348001717e-12	0.75141619586726	0.452	0.272	2.02639354369037e-08
SEPW1	9	1.0137600328809e-12	0.399152484777673	0.921	0.8	2.02975033783414e-08
DGCR6L	9	1.0544004572186e-12	0.786269532006233	0.37	0.201	2.11112059544307e-08
TPRKB	9	1.11298242834974e-12	0.927204091776945	0.327	0.173	2.22841341804185e-08
PFDN2	9	1.21260594519332e-12	0.610341026331616	0.727	0.564	2.42787962346606e-08
KHDRBS3	9	1.25421443902918e-12	0.958056065939278	0.315	0.163	2.51118814982423e-08
SMS	9	1.29765122393798e-12	0.866333864524617	0.376	0.213	2.59815728056862e-08
FTSJ2	9	1.34363232568864e-12	1.03682122248241	0.282	0.141	2.69022064249379e-08
PRDX3	9	1.40032326441642e-12	0.861696150966912	0.388	0.221	2.80372724001456e-08
TMA7	9	1.48712936461982e-12	0.313693143844247	0.988	0.953	2.9775304138418e-08
CCM2	9	1.49924668603875e-12	0.928767812254111	0.358	0.199	3.00179171478678e-08
ACADM	9	1.51347005687302e-12	0.940788509472029	0.382	0.222	3.03026974787115e-08
DESI2	9	1.52087674109332e-12	0.851526977234106	0.424	0.254	3.04509941101704e-08
TBCA	9	1.87913963917604e-12	0.495676786454083	0.821	0.667	3.76241338555827e-08
CNTLN	9	1.98253458738243e-12	1.04880380831731	0.282	0.141	3.9694307508571e-08
CSRP1	9	2.00924172944586e-12	0.735712694401546	0.382	0.214	4.02290379069651e-08
CPE	9	2.00939406181196e-12	0.343420009763085	0.864	0.633	4.02320879055991e-08
PMVK	9	2.21654067033247e-12	0.979716084202432	0.324	0.173	4.43795773013968e-08
KBTBD2	9	3.08699713434776e-12	1.05218305205278	0.267	0.131	6.18078566239109e-08
PDZD11	9	3.21080556921203e-12	0.956408213057795	0.318	0.17	6.42867491067634e-08
CRELD2	9	3.31878169906735e-12	1.07840933980746	0.285	0.146	6.64486471787264e-08
UBE2I	9	3.34087331470632e-12	0.554344534268044	0.758	0.607	6.689096550705e-08
TRIM28	9	3.38724717445771e-12	0.777952559882943	0.479	0.303	6.78194629269922e-08
MRPS16	9	3.46792701111290e-12	0.882311753267921	0.373	0.214	6.94348346165026e-08
MAPRE1	9	3.53131682019603e-12	0.997413094058348	0.336	0.187	7.07040253739648e-08
EFEMP2	9	4.75333464871969e-12	0.743949226788894	0.403	0.232	9.51712663366657e-08
TPM1	9	4.83802219540774e-12	0.550715325600902	0.706	0.541	9.68668803964538e-08
DHPS	9	4.85032328943264e-12	0.907949272000043	0.37	0.211	9.71131729010203e-08
TAF15	9	5.36902359198495e-12	0.840410073068239	0.358	0.198	1.07498590358723e-07
PCMT1	9	6.08570906859172e-12	0.838063148482316	0.376	0.214	1.21848066971343e-07
HNRNPH3	9	6.24234744081871e-12	0.690749312100614	0.579	0.399	1.24984280460072e-07
MRPL13	9	6.72557572603729e-12	0.879616600223718	0.336	0.184	1.34659477186719e-07
EGFR	9	7.21071805584006e-12	0.535545792717027	0.555	0.355	1.4437299691403e-07
BAX	9	7.77092509730868e-12	0.642085820732032	0.558	0.374	1.55589462298314e-07
CNP	9	8.02574836782972e-12	0.929669898331883	0.3	0.156	1.60691533820687e-07
TALDO1	9	8.31715877508038e-12	0.657251960331728	0.558	0.382	1.66526152994659e-07
HRAS	9	8.91124840207127e-12	0.911062228287892	0.285	0.145	1.78421015506271e-07
UCHL5	9	1.13674769474057e-11	0.838125318874728	0.324	0.175	2.27599623440958e-07
MYH10	9	1.15775828354342e-11	0.782950248666401	0.342	0.187	2.31806363531064e-07
TFAM	9	1.18734223143954e-11	0.793133533836007	0.403	0.237	2.37729661578824e-07
ATP5G3	9	1.18851163047937e-11	0.489091148524074	0.791	0.66	2.37963798654579e-07
PHC2	9	1.20374103508935e-11	0.748603327944394	0.5	0.325	2.4101303004559e-07
GNL1	9	1.22095089558169e-11	0.89834981981501	0.345	0.193	2.44458788313366e-07
TIPRL	9	1.44301165284817e-11	0.827070130365732	0.391	0.23	2.88919793133261e-07
TMCO3	9	1.49310759344012e-11	0.848800488950115	0.318	0.171	2.98950002358581e-07
ATP5J2	9	1.62723432620969e-11	0.46838390524873	0.852	0.739	3.25804856793703e-07
MAGEF1	9	1.65632539352789e-11	0.774915577472107	0.367	0.208	3.31629470292153e-07
DNAJC1	9	1.67093663796214e-11	0.829751443552207	0.452	0.29	3.3455493365278e-07
RAD23A	9	1.79550154195333e-11	0.734868910768349	0.503	0.339	3.59495318729896e-07
SGTA	9	1.82332423674186e-11	0.951739032464618	0.279	0.143	3.65065978680455e-07
NUTF2	9	2.06815426234984e-11	0.80938495522275	0.418	0.257	4.14085846407685e-07
FMR1	9	2.15409809236579e-11	0.741635360950647	0.412	0.246	4.31293520053478e-07
GNG5	9	2.24445226641899e-11	0.414383938088539	0.864	0.698	4.49384232782411e-07
EMD	9	2.26691629393257e-11	0.833421516489014	0.348	0.195	4.5388198037118e-07
CALCOCO2	9	2.46211271540019e-11	0.756179515574306	0.503	0.335	4.92964207877427e-07
PSMB9	9	2.55830395385523e-11	0.807349123129443	0.373	0.215	5.12223617640894e-07
FRG1	9	2.64986587908451e-11	0.771349758680057	0.37	0.212	5.305561463103e-07
MLEC	9	2.65525667490607e-11	0.653508409020435	0.536	0.357	5.31635491449693e-07
SLC35B1	9	2.80674362081113e-11	0.900905113205001	0.33	0.184	5.61966207758804e-07
COG4	9	2.81503334372645e-11	0.781657155351162	0.309	0.163	5.63625976080909e-07
RABL6	9	2.87772256782171e-11	0.909808255987399	0.285	0.147	5.76177612529262e-07
ZNF185	9	2.93185620579288e-11	0.667920306122609	0.261	0.127	5.87016249523851e-07
FAM178A	9	3.06632542778114e-11	0.712394492914048	0.418	0.249	6.13939677150339e-07
ISYNA1	9	3.13751350320381e-11	0.95040010425632	0.318	0.177	6.28192953611468e-07
POLR3K	9	3.23828345360722e-11	1.03992616049182	0.252	0.126	6.48369113081237e-07
MINOS1	9	3.27941029598067e-11	0.696645686101202	0.536	0.375	6.56603529461249e-07
CCT7	9	3.40319199523123e-11	0.622031045147713	0.521	0.339	6.81387101285196e-07
DYNLRB1	9	3.44941334112231e-11	0.56981597100026	0.661	0.487	6.90641539159508e-07
ARL6IP4	9	3.50216755940641e-11	0.456381850539893	0.782	0.641	7.01203988744352e-07
VKORC1	9	3.51443882854522e-11	0.81237258339143	0.427	0.267	7.03660942251323e-07
SUGP2	9	3.53086150444617e-11	0.73685818664612	0.418	0.254	7.06949090420212e-07
GTF2A2	9	3.67322057001373e-11	0.60536428281621	0.636	0.475	7.3545222252815e-07
RIF1	9	3.89216796634937e-11	0.802954445744021	0.427	0.266	7.79289870222471e-07
NAE1	9	4.10340862262254e-11	0.892197822961553	0.285	0.148	8.21584474421485e-07
LHFP	9	4.17787732965263e-11	0.4692643937009	0.6	0.398	8.3649459894305e-07
APOA1BP	9	5.34067362781663e-11	0.7779572142559	0.318	0.172	1.06930967376144e-06
GPX7	9	5.34466084199334e-11	0.997138164083073	0.258	0.13	1.07010799378391e-06
BLOC1S1	9	5.45810483176486e-11	0.591414172758429	0.576	0.393	1.09282174941596e-06
POLR2F	9	5.5723351539972e-11	0.665559093337393	0.533	0.363	1.11569294453332e-06
ATP1B1	9	5.6116294188044e-11	0.615460182830213	0.512	0.336	1.12356044223302e-06
TECR	9	5.69564350840659e-11	0.636450541213324	0.488	0.313	1.14038174325317e-06
WHSC1L1	9	5.89750719938814e-11	0.560526209083001	0.642	0.488	1.18079889146149e-06
NUP54	9	6.15951096839698e-11	0.904303689666866	0.291	0.155	1.23325728609244e-06
DCTPP1	9	6.36130986629224e-11	1.0308360955958	0.303	0.168	1.27366146142903e-06
SYNCRIP	9	6.51739815690509e-11	0.61683642363663	0.53	0.351	1.30491345897554e-06
VKORC1L1	9	6.71408939754709e-11	0.844096497851534	0.297	0.159	1.34429497917688e-06
TMX4	9	7.46715398008025e-11	0.866004351450165	0.409	0.255	1.49507356989167e-06
FZD1	9	7.75857681872472e-11	0.686514299731019	0.382	0.222	1.55342225064506e-06
STUB1	9	8.48399691693779e-11	0.558555102496098	0.618	0.446	1.69866586270928e-06
APIP	9	8.75846166663405e-11	0.95533915406787	0.261	0.133	1.75361919489347e-06
LSM7	9	8.76568236492799e-11	0.486902917193328	0.761	0.618	1.75506492310588e-06
NDUFB6	9	8.86316733490458e-11	0.962630393041732	0.267	0.138	1.77458336379459e-06
IPO5	9	9.24522615660913e-11	0.787133676459797	0.37	0.216	1.85107918107628e-06
CNTFR	9	9.28384294055355e-11	0.698576247833306	0.318	0.172	1.85881103355763e-06
CERS2	9	9.63778941700933e-11	0.83678008479813	0.345	0.198	1.92967819707361e-06
CHID1	9	1.15263653530613e-10	0.735493414841769	0.424	0.265	2.30780887098993e-06
MED30	9	1.16813886829283e-10	1.00840570769189	0.285	0.154	2.3388476420959e-06
ID3	9	1.27261178764837e-10	0.526828865284036	0.648	0.499	2.54802332122956e-06
TOMM40	9	1.27962002104991e-10	0.96093077174849	0.297	0.164	2.56205520614612e-06
SUMO1	9	1.35539791524465e-10	0.561117309936765	0.63	0.465	2.71377770590283e-06
USP11	9	1.39810317164172e-10	0.81155150668058	0.391	0.239	2.79928217026105e-06
TIMM9	9	1.53014402465968e-10	0.922498823601325	0.324	0.186	3.06365436617361e-06
RSRC1	9	1.64464395700128e-10	0.818642096507152	0.367	0.219	3.29290613070797e-06
TOR3A	9	1.69175073558092e-10	0.962509786534315	0.255	0.131	3.38722332278012e-06
CENPT	9	1.69231633457835e-10	0.930153340510045	0.264	0.137	3.38835576509276e-06
EEA1	9	1.77127308711852e-10	0.736916626172145	0.424	0.269	3.5464429750287e-06
VPS4A	9	1.77325051025001e-10	0.99284837743801	0.303	0.17	3.55040217162257e-06
TCEA1	9	1.82426370103654e-10	0.69056813046087	0.648	0.495	3.65254078221537e-06
TBCB	9	1.90073870492276e-10	0.785759409063803	0.415	0.264	3.80565903499635e-06
ACTB	9	1.94296145457454e-10	0.336560130657384	1	0.97	3.89019742434915e-06
NONO	9	1.95408082776248e-10	0.612449552464634	0.527	0.353	3.91246063334605e-06
EGFLAM	9	1.95484100783168e-10	0.752100458184332	0.285	0.151	3.91398266588058e-06
PSMB1	9	2.09912172756424e-10	0.432176261260665	0.836	0.709	4.20286152292912e-06
CALU	9	2.23812551280394e-10	0.387212284323252	0.809	0.617	4.48117490173606e-06
CENPC	9	2.27414206792998e-10	0.767939719999407	0.409	0.254	4.55328724840941e-06
CLPP	9	2.27637774146357e-10	0.828878405679339	0.361	0.215	4.55776351395836e-06
PITHD1	9	2.43398260737439e-10	0.860734674729467	0.312	0.175	4.873319976485e-06
H3F3B	9	2.48685311312788e-10	0.388124540525776	1	0.999	4.97917730310464e-06
MKKS	9	2.56727307886539e-10	0.822913908964787	0.367	0.223	5.14019415850429e-06
TP53TG1	9	2.59108607650487e-10	0.924474337856714	0.276	0.148	5.18787254237804e-06
SF3B4	9	2.62649477210735e-10	0.925632199107378	0.252	0.129	5.25876783271334e-06
NEDD4	9	2.79258744685968e-10	0.812878066495504	0.261	0.133	5.59131858610246e-06
POLR2I	9	2.85341528083906e-10	0.663355909444938	0.5	0.343	5.71310807529596e-06
UXS1	9	3.43716015711429e-10	0.904978739998556	0.297	0.165	6.88188206657423e-06
WISP1	9	3.48430636277518e-10	0.693920595990086	0.252	0.127	6.97627819954846e-06
MRPL14	9	3.55060199805475e-10	0.656620798537532	0.467	0.302	7.10901532050523e-06
SLC25A39	9	3.70902710124227e-10	0.771971503591227	0.409	0.258	7.42621406210727e-06
PPIB	9	3.89589269586868e-10	0.340072630529797	0.988	0.931	7.80035635566828e-06
ACN9	9	4.04576947291447e-10	0.84262632100658	0.318	0.181	8.10043963866936e-06
NUPL1	9	4.049706819985e-10	0.806548242206709	0.279	0.148	8.10832299497397e-06
ECI2	9	4.09343401347825e-10	0.678466943583572	0.397	0.241	8.19587358178615e-06
SMIM20	9	4.5141027679946e-10	0.720687183765182	0.385	0.233	9.03813656207879e-06
SMARCB1	9	4.70952655190587e-10	1.04266577797232	0.261	0.141	9.42941406222594e-06
MFAP2	9	4.76546932965535e-10	0.511074398932168	0.455	0.281	9.54142269183593e-06
CDC5L	9	4.98236756971797e-10	0.679682436348831	0.442	0.289	9.97569634808933e-06
NDUFA12	9	4.99996518059078e-10	0.614909558927896	0.561	0.404	1.00109302845789e-05
KDELR3	9	5.22902446048063e-10	0.774243149102493	0.355	0.209	1.04695527747743e-05
SNRPA1	9	5.47449026614059e-10	0.794324389100082	0.303	0.168	1.09610244108667e-05
METTL9	9	5.88234449650416e-10	0.611547319917442	0.464	0.302	1.17776301509006e-05
ARPC5	9	6.07589688426719e-10	0.515155927785362	0.788	0.672	1.21651607416798e-05
ATP5G1	9	6.1665025118742e-10	0.447992063720188	0.8	0.654	1.23465713292745e-05
PHACTR4	9	6.28460756148092e-10	0.838480706249573	0.291	0.16	1.25830412595971e-05
G3BP1	9	6.40368606258814e-10	0.543622632801524	0.397	0.235	1.2821460234514e-05
MRPL12	9	6.81414463321277e-10	0.781657155351162	0.358	0.214	1.36432803846186e-05
C22orf39	9	6.91285564716424e-10	0.883054410476733	0.27	0.145	1.38409195767522e-05
MLF2	9	7.33945268739844e-10	0.587758122006293	0.564	0.4	1.46950521707091e-05
SMIM19	9	7.3465559583077e-10	0.719158751493584	0.355	0.207	1.47092743397237e-05
HEXB	9	7.84266153829717e-10	0.653636246895418	0.397	0.242	1.57025769319786e-05
LMNA	9	8.19639973579383e-10	0.428589781180978	0.821	0.65	1.64108315510064e-05
PSMB2	9	8.47291229236372e-10	0.65528605109329	0.521	0.37	1.69644649917706e-05
UBE2V2	9	8.67527975415113e-10	0.711787016783599	0.391	0.24	1.73696451237614e-05
PNKD	9	8.72316556665737e-10	0.626625950203585	0.476	0.319	1.74655220975614e-05
C7orf50	9	1.02212733002067e-09	0.605077032914292	0.515	0.35	2.04650334016738e-05
EIF1AX	9	1.03764520233754e-09	0.653120018469771	0.524	0.367	2.07757322412022e-05
ZBTB8OS	9	1.04468211643033e-09	0.852079331864265	0.285	0.157	2.09166253351681e-05
SCXA	9	1.10049437537561e-09	0.384868516091819	0.603	0.433	2.20340983837705e-05
DCTN2	9	1.12282374955468e-09	0.761009280225543	0.394	0.248	2.24811771135838e-05
ACP1	9	1.2665658186096e-09	0.624920590129711	0.527	0.378	2.53591808202015e-05
KLHDC3	9	1.28129893598388e-09	0.764925727694444	0.367	0.226	2.56541672962692e-05
CHCHD1	9	1.35850068360954e-09	0.73538721328547	0.415	0.268	2.71999006872301e-05
UBALD2	9	1.38338370816525e-09	1.14807718242729	0.27	0.151	2.76981086048845e-05
PSMA3	9	1.43188464154863e-09	0.641177169477219	0.445	0.29	2.86691942930868e-05
ACTN4	9	1.55247503985535e-09	0.542058993520215	0.5	0.33	3.10836552479838e-05
UQCRFS1	9	1.6403912825938e-09	0.639902386401366	0.47	0.308	3.2843914260093e-05
LAPTM4A	9	1.67891876958235e-09	0.333322580172143	0.945	0.848	3.36153116045779e-05
CCDC82	9	1.73149990437724e-09	0.563843933444774	0.485	0.318	3.4668091085441e-05
PSMG3	9	1.76168058511922e-09	0.744157422913202	0.391	0.249	3.5272368675257e-05
TMEM14C	9	1.94283775268481e-09	0.562068432247345	0.655	0.515	3.88994974842553e-05
TSPAN3	9	2.01582123472343e-09	0.402354692550889	0.794	0.626	4.03607727616326e-05
DEGS1	9	2.03970105914443e-09	0.816426607414524	0.333	0.2	4.08388946061898e-05
MRPS6	9	2.08090102137574e-09	0.407394737447784	0.673	0.504	4.1663800249985e-05
PRRC2A	9	2.13202704362172e-09	0.710978255644477	0.394	0.246	4.26874454673941e-05
ID1	9	2.13225758225178e-09	0.446946880427445	0.394	0.243	4.26920613118451e-05
KRR1	9	2.13451532254977e-09	0.65543153539139	0.367	0.221	4.27372657880915e-05
PDS5B	9	2.2099305803178e-09	0.638984843684891	0.482	0.322	4.4247230079123e-05
BASP1	9	2.35053014949033e-09	0.695833644562788	0.421	0.271	4.70623146530953e-05
DNAJC21	9	2.35243217681738e-09	0.69612819823652	0.385	0.237	4.71003970442376e-05
COL3A1	9	2.53720507625473e-09	0.278938230098736	0.988	0.832	5.07999200367722e-05
ATPIF1	9	2.58864651861852e-09	0.395086566824784	0.852	0.712	5.18298805957801e-05
C11orf31	9	2.62046351851371e-09	0.347118288360003	0.876	0.776	5.24669205676815e-05
IL11RA	9	2.72452942898662e-09	0.495213765260488	0.5	0.323	5.45505282271702e-05
CCT2	9	2.72889160200335e-09	0.63364052734663	0.458	0.304	5.4637867655311e-05
HSD17B11	9	2.77647337017525e-09	0.807088678639658	0.382	0.242	5.55905498176488e-05
PDLIM4	9	2.78166167451075e-09	0.707780654948878	0.373	0.231	5.56944300470541e-05
BEND5	9	2.78339787162532e-09	0.871184415085001	0.27	0.149	5.57291921856822e-05
NXT1	9	2.94975077302341e-09	0.82003094991622	0.273	0.15	5.90599099774747e-05
CD44	9	2.95320210521447e-09	0.636046819592397	0.5	0.359	5.9129012550604e-05
CCNG1	9	3.0004786446405e-09	0.86637743007673	0.267	0.146	6.00755834229921e-05
MRPL22	9	3.12700384304321e-09	0.662958357578662	0.385	0.236	6.26088709454112e-05
IFT57	9	3.16493181759713e-09	0.780225307117619	0.318	0.185	6.33682648519296e-05
BSG	9	3.1919637145984e-09	0.420422397250439	0.791	0.644	6.39094974936891e-05
NDUFA11	9	3.20249186728825e-09	0.50109742730141	0.673	0.526	6.41202921668453e-05
SPCS1	9	3.47619749893963e-09	0.439901901117098	0.715	0.569	6.96004263237692e-05
CLTB	9	3.50712086471954e-09	0.449699106008119	0.676	0.516	7.02195739534146e-05
PHF5A	9	3.54342483319684e-09	0.854804428714235	0.273	0.151	7.09464520102672e-05
NUDT5	9	3.60914319984234e-09	0.852079331864265	0.276	0.154	7.22622651472433e-05
ABI2	9	3.70835046297188e-09	0.606456152769627	0.394	0.241	7.42485929696229e-05
CBFB	9	3.8021454160223e-09	0.93953719192304	0.279	0.158	7.61265555195984e-05
ILF3	9	4.08566786161411e-09	0.62173717534023	0.512	0.363	8.18032419252377e-05
WRN	9	4.38119739648848e-09	0.902105715460134	0.252	0.135	8.77203342724924e-05
B3GAT3	9	4.3991345542664e-09	0.777509013634409	0.309	0.18	8.8079472045522e-05
COPZ2	9	4.44859882541206e-09	0.470396610486349	0.576	0.398	8.90698456824002e-05
NDUFS6	9	4.48695968688494e-09	0.521699185572459	0.661	0.516	8.98379068508103e-05
ANXA1	9	4.49094743987546e-09	0.833228289776699	0.433	0.3	8.99177496411864e-05
NSMCE2	9	4.67560103408072e-09	0.863476706627532	0.255	0.138	9.36148839043642e-05
GLRX3	9	4.79781154385787e-09	0.755469266594865	0.33	0.196	9.60617827311223e-05
GNA11	9	4.93152298003659e-09	0.877855503802414	0.261	0.143	9.87389531062926e-05
GCSH	9	5.02061578560782e-09	0.683176235566996	0.382	0.238	0.00010052276925944
PRSS35	9	5.21711468562946e-09	0.673381468986825	0.282	0.155	0.000104457070235673
NFIC	9	5.34015461682919e-09	0.591795989630021	0.524	0.366	0.000106920575738154
NELFE	9	5.90367813027261e-09	0.69283519074792	0.355	0.216	0.000118203443524318
PBRM1	9	6.11597956606659e-09	0.816612121497159	0.321	0.194	0.000122454142871785
BRD3	9	6.55333277941058e-09	0.827956756012203	0.321	0.192	0.000131210828909359
MNAT1	9	6.68477259394291e-09	0.696693500577645	0.339	0.203	0.000133842516875925
MTCH1	9	6.89272987462758e-09	0.366380618547669	0.739	0.602	0.000138006237549793
MATR3	9	7.12847547449246e-09	0.418982625068643	0.758	0.613	0.000142726335950288
XRN2	9	8.13691959836064e-09	0.595305145433758	0.515	0.364	0.000162917404198377
EIF1B	9	8.88707872893969e-09	0.594364155048693	0.555	0.404	0.000177937090310831
TXLNA	9	1.02611280804893e-08	0.654181091888822	0.364	0.225	0.000205448306427557
DDX50	9	1.05136244141026e-08	0.639557741327885	0.376	0.235	0.000210503788019162
PHB	9	1.0567246363653e-08	0.450576657763212	0.703	0.549	0.000211577406693061
GGCT	9	1.07810705758954e-08	0.70369125486455	0.43	0.293	0.000215858595070578
PHPT1	9	1.07936056174372e-08	0.488736015197065	0.688	0.571	0.000216109571672329
C17orf85	9	1.11296189853524e-08	0.647089237400586	0.382	0.239	0.000222837231324725
DGUOK	9	1.12524048793115e-08	0.478520761795176	0.597	0.439	0.000225295650493576
KIAA0040	9	1.12690890039106e-08	0.794830395791078	0.255	0.139	0.000225629700036298
ZCCHC9	9	1.13154169122137e-08	0.799073221295124	0.264	0.146	0.000226557277416343
RAB13	9	1.16342635622237e-08	0.607488669224542	0.512	0.364	0.000232941225042842
CFL2	9	1.16722037334477e-08	0.848368417901336	0.267	0.15	0.000233700863151089
PLEKHH3	9	1.29031933205181e-08	0.664304115223987	0.324	0.193	0.000258347736663414
LIMA1	9	1.3046018934542e-08	0.620288454791905	0.542	0.392	0.000261207391107399
STX10	9	1.33765666289311e-08	0.689709638890825	0.339	0.205	0.000267825617044458
ODC1	9	1.35628186728517e-08	0.67094892573312	0.315	0.187	0.000271554755467837
RBM42	9	1.38889433758079e-08	0.754899643744798	0.358	0.226	0.000278084424270425
COA1	9	1.39049304345713e-08	0.604256041500293	0.415	0.272	0.000278404517160986
ARL2	9	1.40013951038481e-08	0.635428122367318	0.385	0.245	0.000280335932769248
TCEAL3	9	1.45987413520746e-08	0.769199433993179	0.3	0.176	0.000292295999351237
NAA50	9	1.51114269805827e-08	0.684181441955245	0.352	0.217	0.000302560991005227
DR1	9	1.53159683288926e-08	0.755707197665066	0.315	0.189	0.000306656317881087
SNAP29	9	1.55887978927908e-08	0.812316850216186	0.255	0.141	0.000312118911409456
SRSF4	9	1.59436208727689e-08	0.603161678627603	0.467	0.321	0.000319223177114578
NDUFAF3	9	1.6021170931908e-08	0.584698605667092	0.521	0.375	0.000320775884398662
POMP	9	1.709718108412e-08	0.398536414212449	0.782	0.652	0.00034231975966625
SNX3	9	1.72227257676372e-08	0.322312755477001	0.858	0.75	0.000344833415319631
ANKRD36C	9	1.72800138368756e-08	0.541941317450093	0.436	0.289	0.000345980437041922
PCDH9	9	1.78720253249133e-08	0.499620768993488	0.348	0.206	0.000357833691055415
NFATC2IP	9	1.79255198779443e-08	0.765550648697948	0.255	0.139	0.000358904758996201
OXR1	9	1.90046527592591e-08	0.716703243478107	0.309	0.183	0.000380511157545886
PDIA4	9	2.05349031781202e-08	0.472204450719488	0.53	0.365	0.000411149831432323
PRDX6	9	2.06466072388964e-08	0.306051182822793	0.891	0.787	0.000413386370137185
PSMB5	9	2.14487061740566e-08	0.433175961974469	0.621	0.459	0.000429445995016961
THOC7	9	2.35124459050788e-08	0.596204921429084	0.427	0.283	0.000470766191911488
DPM2	9	2.44006794836443e-08	0.663323886346122	0.367	0.231	0.000488550404621527
NDUFS8	9	2.47402334488295e-08	0.682320659661454	0.418	0.282	0.000495348954112464
ATRAID	9	2.58070008803513e-08	0.46246659621965	0.639	0.501	0.000516707771626394
COPRS	9	2.59625097810179e-08	0.688114235889553	0.382	0.249	0.000519821370835541
SARS	9	2.68167522637623e-08	0.867352553493974	0.382	0.25	0.000536925013825049
PAIP1	9	2.70813231519157e-08	0.668066347948696	0.358	0.223	0.000542222252147655
MORF4L2	9	2.7258327607411e-08	0.534074405500358	0.612	0.464	0.000545766235355583
SEPT11	9	2.81629006310108e-08	0.30923563397641	0.691	0.537	0.000563877596434097
DIAPH1	9	2.87869063846982e-08	0.787270311482121	0.282	0.165	0.000576371439634426
PSMC1	9	2.9655086890365e-08	0.657422014453667	0.409	0.275	0.000593754149718889
SNAPC5	9	3.06115298118952e-08	0.59873961920422	0.418	0.274	0.000612904049893765
C7orf55-LUC7L2	9	3.17080788374225e-08	0.640633168800952	0.385	0.248	0.000634859154482874
ROCK2	9	3.40286604919181e-08	0.617849121955141	0.403	0.259	0.000681321840369184
HOXB7	9	3.43052943452234e-08	0.817161127037198	0.258	0.146	0.000686860603380063
ELP5	9	3.5112599048514e-08	0.699390281369265	0.321	0.194	0.000703024458149347
COL4A2	9	3.67850312233898e-08	0.329595104202587	0.852	0.66	0.000736509895154711
CYB5R3	9	3.76825433582078e-08	0.534192061269539	0.458	0.301	0.000754479883118036
STAG1	9	3.83267977371305e-08	0.611839417480713	0.394	0.254	0.000767379144292827
AMH	9	3.92431741499264e-08	0.781336799145965	0.273	0.158	0.000785726832829826
MTX2	9	4.01683794984379e-08	0.643340176424239	0.315	0.188	0.000804251294317724
MEAF6	9	4.05001405065807e-08	0.625635965520955	0.439	0.297	0.00081089381322276
TCEB1	9	4.24372822198251e-08	0.585075662849596	0.485	0.338	0.000849679264605338
ASCC3	9	4.26160576615298e-08	0.728640208425492	0.376	0.247	0.000853258706499149
DUSP6	9	4.34531080533393e-08	0.625334656238305	0.33	0.202	0.000870018129443959
CPSF6	9	4.45761168342344e-08	0.64528817893369	0.33	0.201	0.000892503011255042
COX17	9	4.6385237887838e-08	0.609332951895712	0.458	0.315	0.000928725232990291
HDGFRP2	9	4.8283588718848e-08	0.753418295009965	0.321	0.199	0.000966734013328774
ENO1	9	4.89818233836153e-08	0.573450885498441	0.709	0.614	0.000980714067786745
RPP30	9	4.95202838122918e-08	0.736531755226411	0.267	0.152	0.000991495122489706
TUBA1A	9	5.00088811774722e-08	0.621762586091164	0.627	0.495	0.00100127781893535
GPX8	9	5.39500619935361e-08	0.507594304006156	0.494	0.335	0.00108018814123458
VCL	9	5.9857336715115e-08	0.56735785578087	0.436	0.295	0.00119846359571003
ARFGAP3	9	6.19126806138052e-08	0.689844463902922	0.388	0.256	0.00123961569124961
DHX8	9	6.20480611366233e-08	0.88464144268983	0.264	0.154	0.00124232628007747
MED4	9	6.21597099139199e-08	0.604904992009935	0.421	0.282	0.00124456171189651
NDUFB3	9	6.48683827515739e-08	0.624081402481611	0.433	0.297	0.00129879475945201
NEO1	9	6.50204707888587e-08	0.565246260313577	0.433	0.287	0.00130183986613453
MOCS2	9	6.77112464824393e-08	0.724348437595979	0.309	0.188	0.0013557145770714
TMEM160	9	6.79515440056343e-08	0.567154616357995	0.415	0.276	0.00136052581408081
ATP5J	9	7.27991852662316e-08	0.348518397362945	0.842	0.733	0.00145758528740049
PHLDA3	9	7.44687022818764e-08	0.628036347266632	0.403	0.265	0.00149101235708773
BRD7	9	8.00345267960416e-08	0.587569821959753	0.397	0.262	0.00160245129551035
TRIAP1	9	8.11100229817626e-08	0.809272367121443	0.288	0.174	0.00162398488014085
DDOST	9	8.23395991577773e-08	0.549483713222129	0.497	0.357	0.00164860345433702
ELF2	9	8.31263203796158e-08	0.639993879264177	0.382	0.25	0.00166435518664067
CYR61	9	8.37981067551333e-08	0.600164211882325	0.3	0.177	0.00167780569345128
TMEM230	9	8.44016473641242e-08	0.464805998398328	0.585	0.437	0.0016898897835245
RAB11A	9	8.59640094861654e-08	0.574283493033664	0.494	0.361	0.001721171397932
SSBP4	9	8.90655433532518e-08	0.551972739313648	0.47	0.329	0.00178327030901881
PYCR1	9	8.97052838723391e-08	0.513387914720215	0.412	0.269	0.00179607919369197
TMX2	9	9.04863407703365e-08	0.826147263042301	0.288	0.174	0.00181171751490368
MRPL27	9	9.14383577993857e-08	0.578042582525818	0.452	0.314	0.0018307787998593
BBS4	9	9.43981048000659e-08	0.850864430705406	0.252	0.144	0.00189003885430692
CCDC104	9	1.01161120417572e-07	0.732935271354885	0.285	0.17	0.00202544795300063
RNF5	9	1.02148014076899e-07	0.781724730471945	0.264	0.153	0.00204520753784766
NCL	9	1.04857980399329e-07	0.319851588825712	0.855	0.772	0.00209946648355536
RRP7A	9	1.10573047867057e-07	0.669838436029843	0.336	0.211	0.00221389356439422
BMI1	9	1.1719177515461e-07	0.758164941088919	0.264	0.153	0.0023464137221456
PSMD1	9	1.17662938568876e-07	0.670167755804731	0.309	0.188	0.00235584735602604
UPF3A	9	1.24978928739491e-07	0.505067428393487	0.448	0.303	0.00250232811122208
UBE2D2	9	1.26260965167163e-07	0.482559627287078	0.527	0.379	0.00252799704457694
HCFC1R1	9	1.27994371309023e-07	0.785689040693171	0.282	0.171	0.00256270330234926
SPCS2	9	1.30618471042544e-07	0.486687227249035	0.582	0.43	0.00261524302721383
SRSF9	9	1.3774768968765e-07	0.372063458609176	0.779	0.66	0.00275798424292612
RNASEH2C	9	1.42703353385123e-07	0.667276447031774	0.424	0.302	0.00285720654147694
GSTM3	9	1.43554486681739e-07	0.53722460288546	0.364	0.231	0.00287424793234179
PTBP1	9	1.44563541824068e-07	0.545930460262897	0.485	0.347	0.00289445123440148
TEAD1	9	1.51073625887282e-07	0.512925215857721	0.352	0.218	0.00302479613751516
TPM3	9	1.53434197572171e-07	0.350648892892023	0.67	0.512	0.00307205950379001
UBL5	9	1.55742721350014e-07	0.309416625334436	0.918	0.842	0.00311828076686999
PRKD3	9	1.62077299312807e-07	0.64302319513681	0.321	0.199	0.00324511168684102
FAM3C	9	1.63415415946748e-07	0.577356315985553	0.515	0.389	0.00327190345808579
RHBDD2	9	1.66115958362412e-07	0.725333548621547	0.267	0.157	0.00332597371833221
SP3	9	1.6681075097075e-07	0.646345252474718	0.361	0.232	0.00333988485593636
PPIG	9	1.68831854932144e-07	0.46255605580435	0.597	0.442	0.0033803513994514
SSR4	9	1.72903566178673e-07	0.400998817599247	0.924	0.87	0.00346187520202939
PIGC	9	1.7448888911629e-07	0.672453989018598	0.318	0.198	0.00349361653788636
PLXNB2	9	1.74930423673437e-07	0.687242438561638	0.391	0.263	0.00350245694278956
TMED2	9	1.79384396780314e-07	0.527603181519368	0.497	0.351	0.00359163439233545
TPTEP1	9	1.89036021828416e-07	0.545815904664763	0.379	0.244	0.00378487922904855
MRPL47	9	1.94321596757703e-07	0.722116835938004	0.294	0.179	0.00389070701028272
F8A1	9	2.05827926545943e-07	0.823383694283299	0.261	0.155	0.00412108674530286
TMEM14B	9	2.2579005564509e-07	0.509796969622481	0.497	0.35	0.004520768494126
HYI	9	2.31213508668032e-07	0.773393004681376	0.282	0.171	0.00462935687055134
MRPL52	9	2.36303990361721e-07	0.551850727766045	0.455	0.318	0.00473127849502237
SGCE	9	2.41921867789663e-07	0.465005141892451	0.491	0.344	0.00484375963688463
PRRG3	9	2.4594857550577e-07	0.650371490940325	0.258	0.148	0.00492438237877652
YBX3	9	2.48942087819486e-07	0.466540927033477	0.712	0.575	0.00498431848232176
EIF2S2	9	2.56166566751122e-07	0.57610753984707	0.512	0.386	0.00512896699949097
PTOV1	9	2.57686170297012e-07	0.487072644213748	0.391	0.253	0.00515939250168678
JAM3	9	2.60306489163069e-07	0.493754615521773	0.324	0.197	0.00521185652602298
MRPL36	9	2.68386771409498e-07	0.61894420402957	0.364	0.239	0.00537363993716096
BAG6	9	2.7725840092702e-07	0.611398496010016	0.348	0.223	0.00555126770336078
DPY30	9	2.81333183792279e-07	0.627089455318839	0.367	0.242	0.00563285300588901
LEO1	9	2.82113090573576e-07	0.706139983388236	0.288	0.175	0.00564846829946414
ETFA	9	2.92993415460381e-07	0.462167323605342	0.573	0.425	0.00586631416434775
CAPRIN1	9	2.94048056873397e-07	0.643069009766114	0.379	0.253	0.00588743019471916
RNPEP	9	2.97172148462456e-07	0.792778069619681	0.264	0.157	0.0059499807565153
HNRNPUL1	9	3.06176178632085e-07	0.529841130479803	0.47	0.336	0.0061302594485716
PSMB7	9	3.13327494376278e-07	0.478919404708205	0.518	0.382	0.00627344309240183
PSMD12	9	3.20536096439547e-07	0.636614004294454	0.403	0.275	0.00641777372291261
PRR24	9	3.333622010236e-07	0.795392021095627	0.255	0.151	0.00667457798889451
MLTK	9	3.43907148542588e-07	0.631244385251229	0.291	0.175	0.00688570892811971
YWHAE	9	3.55609625274441e-07	0.366921886101891	0.639	0.482	0.00712001591724486
ATXN2L	9	3.56748535954733e-07	0.709832455081359	0.273	0.163	0.00714281918688567
KNOP1	9	3.61267839879225e-07	0.590073719011073	0.309	0.19	0.00723330469006184
UAP1	9	3.67460486545653e-07	0.651103549185573	0.321	0.202	0.00735729386161707
TCERG1	9	3.90103374473232e-07	0.685805184434909	0.282	0.171	0.00781064976370304
PLEKHJ1	9	4.05222050203785e-07	0.605726476165166	0.376	0.252	0.00811335588918019
TSPAN5	9	4.09816251580577e-07	0.541104279371637	0.385	0.253	0.00820534098914631
IDI1	9	4.2374287530431e-07	0.685176422149564	0.288	0.179	0.0084841798493429
HTRA1	9	4.34390871668088e-07	0.399258583845713	0.691	0.535	0.00869737403253846
TARDBP	9	4.45094433673817e-07	0.605539036086832	0.361	0.238	0.00891168075101715
WBP5	9	4.53642296910776e-07	0.357518508499321	0.63	0.479	0.00908282606874755
ACBD6	9	4.54080142908478e-07	0.490868294984524	0.473	0.338	0.00909159262131355
GAS2	9	4.61440694213807e-07	0.313250038628183	0.5	0.331	0.00923896557954885
HES1	9	4.89392518162196e-07	0.579903109099983	0.4	0.271	0.00979861699864349
PSMB8	9	4.89901936260955e-07	0.536430872364968	0.418	0.287	0.00980881656781685
AP1S1	9	5.1835259494545e-07	0.589030103998808	0.382	0.257	0.0103784556559978
DKC1	9	5.31080020011452e-07	0.709557157868256	0.327	0.214	0.0106332841606693
CEP63	9	5.36139262501741e-07	0.711394357663673	0.27	0.162	0.0107345803138099
ENAH	9	5.54372676974542e-07	0.625572118863163	0.318	0.202	0.0110996497383843
RNF8	9	5.60904850060671e-07	0.638350247026907	0.303	0.19	0.0112304369079148
EMP3	9	5.79730604902534e-07	0.496760145892945	0.564	0.437	0.0116073661713585
ACTN1	9	5.99050566842806e-07	0.471614793091193	0.433	0.291	0.0119941904493267
CXXC5	9	6.3081244078301e-07	0.536083411907729	0.388	0.259	0.0126301266893574
SNF8	9	6.59530386168509e-07	0.568653967967023	0.473	0.343	0.0132051173918659
DNPH1	9	7.24009672641629e-07	0.486464773576715	0.445	0.313	0.0144961216656307
UBTF	9	7.28212723695955e-07	0.527426450760406	0.421	0.288	0.0145802751538404
UACA	9	7.78488953879944e-07	0.326218044630876	0.736	0.603	0.0155869058345842
RPN1	9	7.81892693373257e-07	0.644815101241005	0.403	0.282	0.0156550555067193
USP14	9	8.07777186364118e-07	0.690993093927016	0.309	0.198	0.0161733148253824
PSMD11	9	8.3108544607747e-07	0.694611608797208	0.345	0.234	0.0166399928013631
PON2	9	8.47576652793151e-07	0.583632480330954	0.315	0.199	0.0169701797422245
FN1	9	8.49126380425235e-07	0.343918841936025	0.791	0.644	0.0170012083888741
PKDCC	9	8.97779350932448e-07	0.439015623577563	0.361	0.231	0.0179753381643695
IMPAD1	9	9.4039646358135e-07	0.59605053167658	0.318	0.202	0.0188286179938258
LYRM2	9	1.01135419875443e-06	0.593836110611138	0.312	0.198	0.0202493337674613
PRKCSH	9	1.0290398230059e-06	0.600886177697058	0.352	0.234	0.0206034353362241
PSMD7	9	1.09226792078419e-06	0.474751581731984	0.427	0.297	0.0218693883099411
ABCF1	9	1.1449428150697e-06	0.507580022088619	0.406	0.279	0.0229240450433256
FUS	9	1.20260468240966e-06	0.282302742688594	0.894	0.817	0.0240785509512061
HMG20B	9	1.2093010112848e-06	0.80779570881352	0.321	0.216	0.0242126248479444
UGGT2	9	1.2277431282619e-06	0.651276258581592	0.27	0.164	0.0245818729140598
AP2A1	9	1.38700565638542e-06	0.640444651035034	0.324	0.211	0.0277706272521489
TARS	9	1.51970904407576e-06	0.750692998615663	0.264	0.165	0.0304276144804848
FOXD1	9	1.58711678837123e-06	0.607744039402765	0.264	0.159	0.0317772523367687
NELFB	9	1.64155437280808e-06	0.701048896498119	0.273	0.169	0.0328672016523634
RNF24	9	1.64217086974685e-06	0.477085685439576	0.364	0.237	0.0328795451540714
MSRB2	9	1.67544419322742e-06	0.46666169537382	0.485	0.355	0.0335457436367995
CISD2	9	1.676587472657e-06	0.746841366162178	0.264	0.164	0.0335686343775384
UTP11L	9	1.73598561373491e-06	0.760987818415841	0.252	0.154	0.0347579039582004
AEBP1	9	1.77169577299684e-06	0.38794233634638	0.627	0.49	0.0354728927669428
YTHDF2	9	1.81741306930578e-06	0.523545955762168	0.348	0.229	0.0363882444736403
KHSRP	9	1.84130608650919e-06	0.541376593318844	0.355	0.233	0.0368666304640869
CNOT1	9	1.84385277884897e-06	0.615280003156633	0.306	0.194	0.036917620338114
TMEM9	9	1.89914930527213e-06	0.471535030363617	0.427	0.298	0.0380247673901585
UBTD2	9	1.93727644885682e-06	0.675744266858068	0.273	0.171	0.0387881490590113
C6orf48	9	2.07650786413824e-06	0.523334517535148	0.473	0.341	0.0415758404557758
CRABP2	9	2.11273594692121e-06	0.275109621896639	0.576	0.41	0.0423011991292564
LARP6	9	2.11690924542789e-06	0.62215428561248	0.324	0.216	0.0423847569119571
C1orf123	9	2.20797338046066e-06	0.440880159152847	0.436	0.303	0.0442080430235834
MTF2	9	2.25203197779002e-06	0.599634294588977	0.303	0.194	0.0450901842593117
LOXL1	9	2.29893753701487e-06	0.60172845031821	0.345	0.23	0.0460293273661118
COPS8	9	2.30981076111807e-06	0.701486806667179	0.291	0.188	0.0462470310591061
SDHA	9	2.35192923205887e-06	0.592814662251965	0.312	0.204	0.0470903270842828
MRPL18	9	2.36736905406404e-06	0.254114943701231	0.421	0.288	0.0473994632004701
C11orf73	9	2.44101137817878e-06	0.559868195369934	0.276	0.17	0.0488739298138955
DDT	9	2.49699667088736e-06	0.61714101294018	0.37	0.254	0.0499948673445066
GNB2	9	2.59196026772345e-06	0.437240922562872	0.615	0.483	0.0518962284803589
CRISPLD1	9	2.63877563049764e-06	0.463841307596158	0.352	0.231	0.0528335656738237
WTAP	9	2.72748803050976e-06	0.519045145960406	0.361	0.242	0.0546097653468664
SS18L2	9	2.79332323259346e-06	0.651094918329628	0.267	0.166	0.0559279177629863
NOL11	9	2.83696692017407e-06	0.627765152401908	0.276	0.172	0.0568017516757253
NUDCD3	9	2.84818950540118e-06	0.47693448915615	0.391	0.266	0.0570264502771424
CNIH1	9	3.04184134966123e-06	0.712733511841913	0.252	0.154	0.0609037475029172
CDC42BPA	9	3.0613046139823e-06	0.476306000781632	0.367	0.246	0.0612934409811537
ARF5	9	3.07736516333138e-06	0.311730853081939	0.776	0.651	0.061615005300221
CDK14	9	3.08834327075332e-06	0.507069012907776	0.27	0.165	0.0618348089670229
CD59	9	3.09765391931087e-06	0.263092396397425	0.606	0.46	0.0620212267724423
C20orf24	9	3.13386282186458e-06	0.686987236972064	0.261	0.162	0.0627462014193726
RHOBTB3	9	3.13457456191699e-06	0.422051847473146	0.47	0.332	0.0627604518787021
STOML2	9	3.35155528396515e-06	0.5105143469899	0.427	0.307	0.0671048398955502
HAGH	9	3.76085819417388e-06	0.608954364907218	0.306	0.199	0.0752999027637495
PIN4	9	3.95024842243411e-06	0.624788467969185	0.318	0.212	0.0790918739139757
ATP5B	9	4.06180823972492e-06	0.313664472635431	0.718	0.583	0.0813255245757724
DENR	9	4.31473334374505e-06	0.46915058447683	0.461	0.341	0.0863895910084635
MRPS14	9	4.34047025804022e-06	0.53906055309175	0.333	0.223	0.0869048955064813
PPID	9	4.37881955498241e-06	0.625797875070632	0.279	0.177	0.0876727251298579
GPAA1	9	4.4179871535414e-06	0.679453187202229	0.252	0.156	0.0884569387882058
MYO1B	9	4.84398465670487e-06	0.666439859567978	0.291	0.187	0.0969862607965448
VMA21	9	5.07208690058715e-06	0.596909534405673	0.321	0.215	0.101553323923556
ALDH1A3	9	5.1083554214826e-06	0.263614841615463	0.542	0.394	0.102279492248925
SMC5	9	5.43475637443635e-06	0.392864293952599	0.445	0.318	0.108814692128965
ATXN10	9	5.64939190767972e-06	0.550222988175989	0.348	0.237	0.113112124775563
POLE4	9	5.68766448850285e-06	0.686495469156637	0.273	0.176	0.113878418388804
COA3	9	5.80011713002423e-06	0.56981597100026	0.379	0.264	0.116129945177345
TSN	9	6.09841492011969e-06	0.619624107450432	0.285	0.185	0.122102463530637
COX6C	9	6.37521038563942e-06	0.313855464728987	0.885	0.821	0.127644462341272
ZNF138	9	6.40985560847353e-06	0.55295956502456	0.282	0.178	0.128338128992857
UBE2K	9	6.44839311806627e-06	0.566904186017064	0.336	0.227	0.129109727009923
ERI3	9	6.58002802176288e-06	0.635957741290854	0.318	0.213	0.131745321051736
G3BP2	9	6.62850587034265e-06	0.48621404087965	0.358	0.245	0.132715944536001
KANK2	9	6.77740166116897e-06	0.542489937974913	0.315	0.207	0.135697136059925
CYB5A	9	6.96959980044409e-06	0.543335714878659	0.288	0.186	0.139545327204491
CAND1	9	6.97489006613217e-06	0.349466646623381	0.421	0.29	0.139651248904098
TES	9	7.3399412076223e-06	0.644033446519699	0.273	0.173	0.146960302859014
IFT27	9	7.39989900720017e-06	0.537129813460926	0.309	0.205	0.148160777922162
SAP30BP	9	7.50638270038709e-06	0.451300143838496	0.379	0.26	0.15029279442715
STT3B	9	7.55239188580936e-06	0.593138936256677	0.315	0.208	0.151213990337675
KIAA1715	9	7.56036287435474e-06	0.637316144596403	0.258	0.162	0.151373585470331
TFPI	9	7.64044938734381e-06	0.312773387198146	0.464	0.335	0.152977077633398
SNRPD2	9	7.72028035147129e-06	0.365587902534229	0.655	0.547	0.154575453197158
CCT6A	9	8.16915684909913e-06	0.39636699946637	0.536	0.41	0.163562858432663
WAPAL	9	8.26904074588312e-06	0.603752444619118	0.303	0.202	0.165562733814072
MARCKSL1	9	8.39289973104576e-06	0.2769967940026	0.555	0.414	0.168042638414998
C16orf91	9	8.81926119387325e-06	0.648881488183674	0.255	0.162	0.17657924762373
LRRC59	9	8.93379329447386e-06	0.459004063226172	0.388	0.27	0.178872409341956
GNAI3	9	8.96929140853129e-06	0.489266190388022	0.394	0.278	0.179583152581614
VEZF1	9	9.27821252036892e-06	0.749770661262412	0.282	0.188	0.185768371082826
DNAJC15	9	9.51056504084856e-06	0.406957433470704	0.515	0.39	0.19042053324787
DECR1	9	9.61007756390171e-06	0.622240055657443	0.367	0.266	0.19241297298444
WDR1	9	9.71324741846932e-06	0.568705369792692	0.282	0.182	0.194478639812593
FUNDC2	9	9.8283705044222e-06	0.422994031128973	0.509	0.388	0.196783634239541
TIMM17B	9	9.99137437494742e-06	0.615867569235472	0.288	0.189	0.200047297735197
DYNLL2	9	1.01829578532693e-05	0.645334226556327	0.273	0.177	0.203883182138158
SMIM4	9	1.02476796089041e-05	0.547795363069359	0.273	0.174	0.205179041129477
SRI	9	1.07702170151467e-05	0.379197125011115	0.573	0.451	0.215641285077268
MDFIC	9	1.07853380762236e-05	0.550909160468702	0.367	0.258	0.215944038962149
PAPSS1	9	1.08707445979731e-05	0.566822333301324	0.255	0.159	0.217654048340617
MBD2	9	1.09361310265392e-05	0.581862088797614	0.279	0.18	0.218963215413368
FAM50A	9	1.09947069094281e-05	0.371976647398173	0.494	0.365	0.22013602174057
SLC39A6	9	1.14929913219151e-05	0.689709638890825	0.267	0.172	0.230112672247384
LSM12	9	1.1652787470923e-05	0.436690045446257	0.388	0.267	0.233312110742821
PSMB6	9	1.18412606395881e-05	0.388109266637673	0.627	0.511	0.237085720525833
TMEM173	9	1.19020607631188e-05	0.705433991183842	0.267	0.173	0.238303060599165
ATP5H	9	1.21827643748915e-05	0.30365956671344	0.797	0.67	0.243923308314078
SFPQ	9	1.22128114280495e-05	0.390011491386929	0.676	0.582	0.244524910412408
SPATS2	9	1.23689494171946e-05	0.532904718156268	0.333	0.227	0.24765110523107
R3HCC1	9	1.2563349132091e-05	0.567230255640079	0.297	0.197	0.251543376322727
MALSU1	9	1.30446983864785e-05	0.554532859722371	0.312	0.209	0.261180951094073
PSENEN	9	1.32079977833406e-05	0.632224144230065	0.285	0.187	0.264450531618045
CSGALNACT2	9	1.32875262789287e-05	0.609856331201611	0.285	0.187	0.26604285115671
ARHGDIA	9	1.33332172856176e-05	0.432978569117531	0.567	0.453	0.266957676492635
ZBTB41	9	1.33477452900569e-05	0.515515820055721	0.282	0.182	0.26724855619752
SPCS3	9	1.36558906428072e-05	0.578634487036424	0.433	0.331	0.273418242450285
IFI6	9	1.38148656391631e-05	0.497859050218646	0.606	0.478	0.276601239827324
COX7B	9	1.42317036273646e-05	0.382329009471371	0.652	0.548	0.284947170027094
MAP2K2	9	1.42607981032477e-05	0.415677045426255	0.5	0.386	0.285529699623225
TMEM59	9	1.44289329019331e-05	0.350042228135459	0.776	0.684	0.288896094562505
FAM114A1	9	1.5379332354348e-05	0.333886005302899	0.391	0.266	0.307924992398756
PSME1	9	1.55037326832719e-05	0.475225749073276	0.458	0.336	0.310415735784469
ZNF322	9	1.55143621293764e-05	0.519934198198404	0.318	0.215	0.310628558554374
TCP1	9	1.60252027666449e-05	0.492810447004401	0.442	0.336	0.320856609793764
PRKCDBP	9	1.60689041428615e-05	0.451462481527526	0.352	0.244	0.321731598748374
LAGE3	9	1.61030542622265e-05	0.3872467509815	0.47	0.345	0.3224153524383
TAGLN2	9	1.65680160663291e-05	0.347209620066053	0.524	0.406	0.331724817680041
ITFG3	9	1.740988377267e-05	0.458914433126871	0.339	0.23	0.348580692896399
LAPTM4B	9	1.78157567447671e-05	0.60232659051354	0.315	0.216	0.356707081543728
ZNF428	9	1.78463636229052e-05	0.337809137031686	0.552	0.418	0.357319892457808
CSNK2B	9	1.8023219886554e-05	0.404603208091806	0.503	0.388	0.360860908568584
LMO4	9	1.85601071037794e-05	0.347889402324316	0.494	0.361	0.371610464431871
ZNF83	9	1.86362776640031e-05	0.664941733741883	0.318	0.218	0.373135551388671
C1orf54	9	2.01066245309124e-05	0.48124605618578	0.312	0.212	0.402574836357928
ALDH1A1	9	2.0277316611129e-05	0.551728200691286	0.318	0.216	0.405992433188024
TPBG	9	2.07387491049155e-05	0.42107648006124	0.285	0.185	0.415231234578618
TAF12	9	2.15427714483284e-05	0.662660695544784	0.294	0.198	0.431329369938431
MRPL23	9	2.17637067178549e-05	0.623795522159484	0.264	0.171	0.435752935904891
DAP	9	2.17728224845915e-05	0.563163095753569	0.345	0.245	0.43593545178649
NDUFB10	9	2.18524287695137e-05	0.325549818296122	0.761	0.668	0.437529328823204
CSNK1G2	9	2.25898464947004e-05	0.421751746214839	0.376	0.263	0.452293906516892
ATOX1	9	2.26714217990615e-05	0.310038448227674	0.648	0.525	0.453927207260809
HDAC3	9	2.2938798363882e-05	0.55493576492336	0.291	0.194	0.459280620841646
TFDP2	9	2.30373694512566e-05	0.512089509499284	0.294	0.195	0.46125421115306
PHAX	9	2.33198760689971e-05	0.507562685025476	0.333	0.23	0.466910558653459
C11orf58	9	2.36260488154002e-05	0.253210087239379	0.824	0.724	0.473040749381942
LMAN2	9	2.37127652362699e-05	0.322843674643565	0.624	0.506	0.474776985560596
VDAC2	9	2.41270843462374e-05	0.45144254433617	0.479	0.364	0.483072482780365
FUBP1	9	2.43023728110508e-05	0.552215228788926	0.288	0.193	0.48658210842286
SRP68	9	2.5041768470144e-05	0.50473440910815	0.3	0.199	0.501386288309223
C17orf89	9	2.53141773047815e-05	0.388711376471974	0.53	0.404	0.506840457996335
ARL16	9	2.56694886345202e-05	0.514973682779996	0.324	0.223	0.513954501440364
DDX56	9	2.59516115305813e-05	0.67210860965467	0.258	0.167	0.519603166065299
CCDC66	9	2.6076268155838e-05	0.421297053330465	0.318	0.212	0.522099041016188
STAG2	9	2.62476096347522e-05	0.40113884676224	0.464	0.346	0.525529640107008
MRPS10	9	2.76486953136386e-05	0.527221320708001	0.282	0.186	0.553582177569673
HSPA2	9	2.79460701457787e-05	0.431847080514017	0.367	0.259	0.559536216458781
MBD3	9	3.06742906247046e-05	0.593627869409725	0.264	0.172	0.614160646887835
C1QTNF4	9	3.14445165574858e-05	0.472905723062885	0.327	0.225	0.629582110513981
CEP350	9	3.18573334056793e-05	0.452315054215131	0.439	0.329	0.637847529448511
UBE2A	9	3.20295565590085e-05	0.59432135209247	0.318	0.22	0.641295781424468
TMOD3	9	3.22617609448533e-05	0.34651196832701	0.427	0.308	0.645944977637852
COL4A1	9	3.25044707587852e-05	0.297742998999618	0.764	0.621	0.650804513532397
NCAM1	9	3.28383573061596e-05	0.494750320535527	0.297	0.197	0.657489589983927
TGS1	9	3.31163153309218e-05	0.540725789744569	0.276	0.182	0.663054865555716
CD276	9	3.33198799412892e-05	0.349023883312613	0.509	0.379	0.667130636184492
SUCO	9	3.42014484121387e-05	0.463979906111121	0.382	0.274	0.684781400107841
LRRFIP2	9	3.46930500975217e-05	0.486160279520201	0.3	0.203	0.694624249052579
NDUFB7	9	3.47490108618735e-05	0.343462913277902	0.679	0.582	0.695744695476432
DAZAP1	9	3.48471508389025e-05	0.553314649800218	0.264	0.172	0.697709654096506
SWI5	9	3.57679983482093e-05	0.573845795435911	0.33	0.232	0.716146862927847
DPYSL2	9	3.58260964886018e-05	0.44539010472294	0.388	0.273	0.717310103894785
ESD	9	3.61642843634385e-05	0.335317953249367	0.512	0.384	0.724081301524765
CCDC53	9	3.62510486327217e-05	0.571630166186658	0.276	0.184	0.725818495724353
GALK1	9	3.89691886479544e-05	0.607355270117168	0.306	0.214	0.780241095109343
STAU1	9	3.92333502411353e-05	0.471016359888862	0.388	0.283	0.78553013852801
IARS	9	3.93176934015901e-05	0.703731294136336	0.258	0.172	0.787218857286638
ASAP1	9	3.94992462531133e-05	0.463412763098461	0.345	0.241	0.790853908479835
DCAF7	9	3.97999073677199e-05	0.557779451641981	0.397	0.295	0.796873745316489
HILPDA	9	4.06870530770154e-05	0.528252215814287	0.279	0.186	0.814636176708002
C1D	9	4.24958907299131e-05	0.491536364012849	0.388	0.282	0.85085272419432
PSMC2	9	4.30798514956302e-05	0.470246243605095	0.336	0.235	0.862544786645508
SUCLA2	9	4.43004325292626e-05	0.56702317608195	0.258	0.169	0.886983260100895
ASNA1	9	4.47410520246827e-05	0.575308104616939	0.342	0.246	0.895805343638197
PSMD3	9	4.52281227787721e-05	0.546762113126752	0.397	0.298	0.905557474276574
ZSCAN16-AS1	9	4.57245172955771e-05	0.47555523949002	0.312	0.214	0.915496285292046
STRAP	9	4.62042251015507e-05	0.463784160974342	0.336	0.234	0.925100994983249
MIF	9	4.71742442308263e-05	0.389576909545634	0.658	0.576	0.944522717989605
ANKLE2	9	4.82005478774221e-05	0.455773926744369	0.348	0.243	0.965071369601745
TUSC1	9	4.88701461555742e-05	0.483041569847394	0.288	0.192	0.978478066326907
CGGBP1	9	5.01207294109243e-05	0.531853819200338	0.406	0.304	1
POLE3	9	5.1218405868869e-05	0.594402678795098	0.258	0.17	1
TMEM243	9	5.34570230983212e-05	0.509015641694783	0.33	0.233	1
SSNA1	9	5.35784325441938e-05	0.487816637726634	0.409	0.308	1
RABEP1	9	5.61595609270456e-05	0.340254952072919	0.485	0.362	1
TXN2	9	5.67016492706873e-05	0.425035469705727	0.47	0.358	1
LARP7	9	5.73147888759321e-05	0.477596351785438	0.318	0.221	1
LRPAP1	9	5.86738562430637e-05	0.374186146032544	0.555	0.449	1
CCAR1	9	5.95021567248971e-05	0.548946296549538	0.306	0.213	1
VASN	9	5.99604537398631e-05	0.51450845461413	0.327	0.23	1
FAM127B	9	6.15173635579712e-05	0.533353582968322	0.291	0.198	1
RGS3	9	6.25122938135872e-05	0.362223841386564	0.388	0.276	1
MAPKAPK2	9	6.32620131845947e-05	0.442568509305617	0.3	0.204	1
RASSF8	9	6.33503689604294e-05	0.574361319844072	0.255	0.167	1
LY6E	9	6.39054707267396e-05	0.355311165533139	0.645	0.542	1
GAS6	9	7.0040881360229e-05	0.531429684244795	0.345	0.251	1
MT-ND6	9	7.11771848493843e-05	0.339306092385945	0.348	0.243	1
CCT8	9	7.15858595973712e-05	0.343347489979683	0.485	0.371	1
RER1	9	7.40858175491034e-05	0.389151470053943	0.494	0.389	1
EPN1	9	7.42691389776815e-05	0.55300365407212	0.282	0.192	1
WBSCR22	9	7.5141433179021e-05	0.373689267032051	0.436	0.327	1
ZNF667-AS1	9	7.53029212734263e-05	0.31071355623055	0.485	0.36	1
BET1	9	7.75027306337983e-05	0.470050908463382	0.321	0.224	1
ADI1	9	7.95470294099075e-05	0.514789223228667	0.312	0.219	1
ETV1	9	8.03697607475275e-05	0.33851722496808	0.373	0.264	1
COPS7A	9	8.05011379245847e-05	0.588036256741149	0.27	0.183	1
ZDHHC5	9	8.46693576028878e-05	0.487787564614551	0.297	0.204	1
ASPH	9	8.58784783187128e-05	0.414024200535328	0.424	0.314	1
CCPG1	9	8.63481066456938e-05	0.703515438415856	0.336	0.249	1
NSL1	9	8.63843810178786e-05	0.483799233584928	0.315	0.22	1
ADIPOR1	9	8.73423380742171e-05	0.584608523627809	0.294	0.205	1
CCDC47	9	8.75426137322949e-05	0.390515941976309	0.461	0.351	1
SUDS3	9	9.01796924657245e-05	0.50790396341705	0.279	0.19	1
VPS29	9	9.13590925697453e-05	0.37777964605869	0.436	0.323	1
DHX15	9	9.16013655226345e-05	0.499845213992134	0.318	0.223	1
GTF2F1	9	9.20067608675135e-05	0.476177895969641	0.27	0.181	1
TRIP6	9	9.50205162627182e-05	0.305363753800472	0.473	0.355	1
C14orf2	9	9.56712595929764e-05	0.29468188094702	0.715	0.633	1
NAA20	9	9.77892928947289e-05	0.381867948032574	0.4	0.295	1
ADNP	9	9.97648712914887e-05	0.474970790097813	0.321	0.227	1
SIX1	9	0.000101052469211371	0.25125737309833	0.388	0.275	1
NDUFV2	9	0.000101810285133828	0.325286129049888	0.536	0.427	1
ADH5	9	0.000101855667248277	0.286837076518714	0.452	0.33	1
DNAJB11	9	0.000104046109177073	0.554532859722371	0.297	0.207	1
FOXP1	9	0.000111687259843476	0.508624765788681	0.258	0.172	1
SNRNP27	9	0.000112345268809703	0.460505860964702	0.333	0.238	1
TADA3	9	0.000117326964570082	0.511738075522258	0.252	0.167	1
MEOX1	9	0.000117600844864424	0.334281093079364	0.285	0.191	1
FAM133B	9	0.000118632818573661	0.298301885996881	0.536	0.431	1
TMEM109	9	0.000121284462741689	0.586269510883995	0.276	0.19	1
NDUFC1	9	0.000121537643014037	0.295385582810494	0.655	0.551	1
TCEA2	9	0.000123763165174894	0.497995304680297	0.276	0.188	1
PCNP	9	0.000124884243084841	0.303376635402912	0.445	0.328	1
GDI2	9	0.000128201542781777	0.328674578657557	0.512	0.39	1
PSMA1	9	0.000130455859896564	0.347449047760169	0.509	0.395	1
PRRC2B	9	0.000132644783581573	0.326004503313977	0.445	0.334	1
APC	9	0.000134313045374238	0.524967433615098	0.252	0.169	1
REV3L	9	0.000137588074066185	0.457785570720555	0.348	0.253	1
POLR2H	9	0.000139038885372104	0.513747882241682	0.324	0.235	1
SNRNP200	9	0.000142660711380762	0.366233231814038	0.448	0.341	1
SMARCC1	9	0.000145944062573926	0.432415496777426	0.342	0.247	1
PLOD1	9	0.000149451582766389	0.672962983149312	0.273	0.189	1
TMCO1	9	0.000151965358646164	0.293793851878775	0.667	0.548	1
SRSF11	9	0.000153263759765875	0.262479164343461	0.703	0.613	1
CTDSPL	9	0.000153479541673863	0.527556426539347	0.267	0.183	1
NSF	9	0.00015704286955414	0.491640586157803	0.279	0.192	1
SF3A2	9	0.000160327017961883	0.475791379115866	0.261	0.176	1
THSD7A	9	0.000160999483908102	0.506450482070465	0.297	0.208	1
JAGN1	9	0.000162896291619817	0.502941127285099	0.267	0.182	1
IMMT	9	0.000177115246742529	0.55647760616916	0.252	0.171	1
AP2M1	9	0.000180749079412681	0.341402477272805	0.703	0.601	1
SRRM1	9	0.000189117480392354	0.345643734170536	0.667	0.592	1
HEBP1	9	0.00019325973987356	0.47332947117456	0.303	0.215	1
AK2	9	0.000202818822352115	0.523992145397534	0.33	0.242	1
UTP18	9	0.000205602790850845	0.488727268065398	0.267	0.182	1
FAM229B	9	0.000210069441248519	0.54081468677196	0.261	0.18	1
SDF2	9	0.000213019560392015	0.407446618956048	0.358	0.261	1
NHP2L1	9	0.000217955120574205	0.300356880751431	0.721	0.64	1
NOSIP	9	0.000219590575898273	0.541049392593568	0.318	0.23	1
IQGAP1	9	0.000226240838362224	0.482744413298272	0.409	0.319	1
UGP2	9	0.000231017789274025	0.316751071480002	0.315	0.222	1
IFI16	9	0.000232570392566652	0.260633530071104	0.682	0.593	1
ELK4	9	0.000233255231059537	0.287768566673126	0.355	0.251	1
C1orf35	9	0.000234308882000513	0.493082125084376	0.309	0.224	1
RALBP1	9	0.00023806281122644	0.324004884547818	0.379	0.276	1
NDUFA5	9	0.000243877395751162	0.309974055135164	0.545	0.433	1
PIH1D1	9	0.000245846509576624	0.439076977948347	0.279	0.193	1
NDUFC2	9	0.000249318686678551	0.268843955048437	0.53	0.416	1
GRHPR	9	0.000249575660181213	0.389551444654058	0.367	0.269	1
XPC	9	0.000260323916970055	0.446967489031762	0.312	0.22	1
GBAS	9	0.000265172042818383	0.413984383195411	0.445	0.351	1
KIAA1430	9	0.000267145082795571	0.352144438216842	0.424	0.317	1
KIAA1377	9	0.000270156654660355	0.405916672890235	0.276	0.189	1
KIAA1143	9	0.000277300704840877	0.51626629166368	0.261	0.18	1
PYURF	9	0.000289465268607759	0.374405582011632	0.436	0.336	1
APPL1	9	0.000292052402942012	0.294377958018827	0.415	0.308	1
AGTRAP	9	0.000297875001212174	0.45148615730012	0.303	0.216	1
ZNF22	9	0.000302138985825293	0.337062958905488	0.433	0.33	1
CFDP1	9	0.000303341389698184	0.278409002121667	0.618	0.499	1
PIBF1	9	0.000306692039388744	0.367326994379082	0.324	0.23	1
PITPNB	9	0.000308634414381922	0.620797194012266	0.261	0.184	1
PTPRA	9	0.000309897592743647	0.343576265864163	0.461	0.357	1
MRPL40	9	0.000310597882874873	0.455283224279821	0.352	0.263	1
GTF2H5	9	0.000320803654046042	0.348749889093053	0.497	0.391	1
SBDS	9	0.000322179127665473	0.272573989437212	0.506	0.393	1
RCOR1	9	0.000327580730826484	0.41391868041686	0.267	0.183	1
MAP4	9	0.00032848545451374	0.368153105854933	0.445	0.337	1
SMARCC2	9	0.00033130717588062	0.399436551531239	0.306	0.217	1
PSMD13	9	0.000331892417927958	0.338612312226986	0.403	0.302	1
DNM1L	9	0.000334598720142098	0.528172533607903	0.255	0.176	1
GDI1	9	0.000337536364017899	0.3040321178723	0.385	0.282	1
SH3PXD2A	9	0.000338709224378357	0.301801255177247	0.312	0.218	1
RAB5C	9	0.000349379447658438	0.351434744136189	0.509	0.41	1
FIBP	9	0.000355239283731966	0.466229348928578	0.264	0.183	1
GPATCH2	9	0.000361321304088345	0.426810058069128	0.3	0.213	1
METRN	9	0.00036397305834648	0.547559936332399	0.279	0.2	1
FAM103A1	9	0.000364053487319297	0.481956102155763	0.294	0.211	1
NNMT	9	0.000369816126857299	0.325210723353986	0.27	0.185	1
COA6	9	0.000370056746218902	0.39811392813412	0.327	0.237	1
ADRM1	9	0.000371097034730011	0.542865174449446	0.294	0.212	1
CCDC124	9	0.00037619657861656	0.447011908578062	0.279	0.195	1
ARPC5L	9	0.000395462165663575	0.445773953345902	0.315	0.229	1
SNX5	9	0.000397969522632967	0.410111776284944	0.294	0.208	1
RAB32	9	0.000398762277090942	0.34490980442404	0.294	0.206	1
CHMP3	9	0.000399859830863117	0.405889647272458	0.361	0.271	1
KPNA4	9	0.000412886379185664	0.425035469705727	0.285	0.201	1
HAX1	9	0.000421120381688511	0.403999277591463	0.373	0.283	1
PRKACA	9	0.000432881283084655	0.470562453818893	0.27	0.19	1
CUL3	9	0.000440898814339881	0.437399841057676	0.339	0.252	1
SORBS3	9	0.000442520330291661	0.523502449767415	0.261	0.182	1
ZNF511	9	0.000444155812025343	0.522151731250934	0.27	0.191	1
IPO7	9	0.000447544887270163	0.391127123955748	0.3	0.214	1
KDM1A	9	0.000454207092269453	0.504833186626307	0.267	0.189	1
POLR2E	9	0.000454476280206309	0.508808134317095	0.379	0.293	1
YY1	9	0.000456616663687481	0.320211518207786	0.479	0.377	1
POLR3GL	9	0.000464381332285397	0.478611797923358	0.339	0.256	1
EBF1	9	0.000473946741894038	0.368723614349471	0.303	0.216	1
RASSF8-AS1	9	0.000477820148040169	0.460493619433628	0.288	0.207	1
RRP1B	9	0.000484255427778009	0.483493365056876	0.255	0.177	1
TCF7L2	9	0.000486559155795305	0.349185062736298	0.321	0.231	1
BRK1	9	0.000486698184910909	0.275738827306334	0.624	0.526	1
NES	9	0.000488975798934905	0.26855931706988	0.455	0.341	1
MEIS3	9	0.000490521320570501	0.370162161698372	0.333	0.243	1
TUFM	9	0.00049188002242657	0.282551058859799	0.476	0.37	1
TAF9	9	0.000494996105521737	0.362843943092159	0.397	0.304	1
RBM28	9	0.000506651345545125	0.420706467691388	0.342	0.256	1
GARS	9	0.000508306855695348	0.565553104584778	0.261	0.185	1
MICU1	9	0.000524184586050909	0.403405453734184	0.348	0.259	1
ANKRD26	9	0.000530642341751172	0.358160437836238	0.291	0.204	1
CCT4	9	0.00053486996883316	0.270482208899357	0.506	0.397	1
C7orf73	9	0.000534889873712749	0.262086956300083	0.479	0.37	1
BLOC1S2	9	0.000541879285165944	0.504905314165613	0.264	0.187	1
C12orf44	9	0.000543428701165486	0.551728200691286	0.276	0.2	1
ASPSCR1	9	0.000556927977424114	0.410363004446625	0.261	0.181	1
PTPN11	9	0.000562175805128814	0.380403628372569	0.285	0.201	1
UROS	9	0.000563655267845802	0.479708821047382	0.276	0.197	1
HNRNPH1	9	0.000573448800490196	0.323433550035506	0.633	0.54	1
BGN	9	0.000581352925863776	0.305092581547219	0.673	0.569	1
KIAA0232	9	0.000587587348054023	0.283850069038902	0.324	0.233	1
PSMD4	9	0.000587866601764349	0.338439013688408	0.397	0.302	1
DDIT3	9	0.000604138646053108	0.831579641302294	0.376	0.296	1
AP3S1	9	0.0006046911602813	0.383505896296479	0.379	0.295	1
SLTM	9	0.00063626787915751	0.34784113773157	0.482	0.381	1
NDUFB5	9	0.000642672783904382	0.306151994933156	0.503	0.399	1
GOLGA7	9	0.000654784005756794	0.450920921356549	0.279	0.2	1
SRPK2	9	0.000654857199780615	0.373019733999521	0.385	0.296	1
PSMA5	9	0.000666285089423805	0.386273076086541	0.391	0.301	1
TNPO1	9	0.000698096147315087	0.373392884667745	0.433	0.341	1
BABAM1	9	0.000704079865956071	0.473651947603299	0.264	0.188	1
PTGFRN	9	0.000704378505579918	0.442584297601871	0.258	0.181	1
ERBB2IP	9	0.000709953234965774	0.364125466072373	0.361	0.271	1
WBP4	9	0.000728172805905106	0.436428681191652	0.267	0.19	1
TMUB1	9	0.000745505796687396	0.571262498380072	0.279	0.206	1
PRPF38A	9	0.000753723947752917	0.41921342091306	0.273	0.194	1
ANP32A	9	0.000768465742216474	0.350183408987656	0.548	0.465	1
ZMAT2	9	0.000771572637836266	0.385371530903923	0.279	0.199	1
ZC3H18	9	0.000776430292923455	0.370685240974971	0.255	0.177	1
ARHGEF2	9	0.000785197709481871	0.532550605034162	0.255	0.181	1
VPS25	9	0.000794343370121347	0.39096135410139	0.394	0.307	1
UTP23	9	0.000814421369166717	0.44071861220224	0.255	0.179	1
DNAJC3	9	0.000824699557518564	0.378819815455911	0.315	0.232	1
MIB1	9	0.000826558193624642	0.397528887397515	0.258	0.181	1
PLOD3	9	0.000827032843401812	0.285022813128995	0.358	0.264	1
ZNF207	9	0.0008453445956816	0.289609338327587	0.497	0.398	1
H2AFJ	9	0.000849387747040011	0.3908524033911	0.464	0.388	1
ZNF326	9	0.000875672099046712	0.365930748315522	0.355	0.271	1
MRPS33	9	0.000894621026400438	0.265901929984249	0.418	0.32	1
FAM200B	9	0.000905446247566143	0.404550904402447	0.382	0.295	1
PPP4C	9	0.000916183670366501	0.392532523958793	0.342	0.258	1
PFDN1	9	0.000934629671786118	0.356385279786228	0.391	0.299	1
JOSD2	9	0.000938085505338272	0.38429663078648	0.291	0.211	1
FAM107B	9	0.000947642501238374	0.340888969614076	0.312	0.23	1
PTK7	9	0.000948796934117746	0.415811998602088	0.276	0.197	1
NSRP1	9	0.000955804057929744	0.358808009022581	0.379	0.291	1
MRPL10	9	0.000956341931339637	0.401557029341816	0.279	0.199	1
ATP6V1D	9	0.00099851176786081	0.416220731393399	0.267	0.19	1
HIBADH	9	0.00101035267497313	0.40638315353408	0.258	0.183	1
BRD9	9	0.00101284190097384	0.364024235760219	0.279	0.199	1
CCDC90B	9	0.00102286670176201	0.556346275545618	0.267	0.195	1
TMEM50A	9	0.00103237919979253	0.353698339377427	0.452	0.362	1
ZNF451	9	0.00104665229084213	0.383945139728366	0.273	0.196	1
PDHA1	9	0.00105083265967784	0.393657477182622	0.303	0.224	1
UBXN2A	9	0.00106151778974852	0.398168805368037	0.276	0.2	1
C1orf86	9	0.00107594634134037	0.37184315722543	0.436	0.352	1
REEP3	9	0.00107759028366622	0.412175663361916	0.297	0.219	1
VEGFB	9	0.00110209685384452	0.289360902808238	0.309	0.223	1
TMEM106B	9	0.00112388905327347	0.264972058833213	0.427	0.325	1
PSMC6	9	0.00113530473555846	0.310296049342703	0.37	0.281	1
MOB1A	9	0.00114422218073281	0.392874786242015	0.391	0.306	1
C1orf27	9	0.00116052426518785	0.421257329691391	0.264	0.19	1
YES1	9	0.00116649921589951	0.465788128867633	0.27	0.196	1
ASXL1	9	0.00116715041388453	0.443167282609557	0.261	0.186	1
ARHGEF40	9	0.0011687809103992	0.284447225573812	0.309	0.225	1
PTP4A2	9	0.00120633144113674	0.304804710351675	0.552	0.458	1
TMEM203	9	0.00122569034500103	0.456222152177632	0.264	0.19	1
KRIT1	9	0.0012321073652319	0.344757350695489	0.412	0.322	1
HDDC2	9	0.00125717498538948	0.285577654138716	0.448	0.352	1
CCDC25	9	0.00128288396569979	0.368954943857404	0.364	0.277	1
SF3B2	9	0.0012892104592811	0.37741024520124	0.364	0.277	1
FIP1L1	9	0.00130948372177315	0.43521419196486	0.267	0.192	1
PPP1CC	9	0.00135211049952833	0.354894580552367	0.4	0.314	1
SPPL2A	9	0.00135862396552893	0.33702918834941	0.376	0.29	1
VAPA	9	0.00138178263326428	0.295302092275764	0.615	0.538	1
RWDD1	9	0.00140567938121687	0.362608148674607	0.503	0.414	1
KXD1	9	0.00141957393431036	0.488566763527112	0.273	0.199	1
GLT8D1	9	0.00142391252889582	0.277586292092789	0.352	0.263	1
SAFB	9	0.00146629787238666	0.322807627183762	0.361	0.275	1
STK25	9	0.0014722202780069	0.434055666574369	0.276	0.202	1
CMC1	9	0.00149054897948064	0.264253135472345	0.291	0.212	1
RBM26	9	0.00150731138128334	0.307893559127398	0.358	0.271	1
PCSK1N	9	0.00154289642689145	0.342559898513657	0.297	0.219	1
NARS	9	0.00156923170592101	0.377829207028168	0.376	0.292	1
NDUFA13	9	0.00157020274578481	0.257359415600826	0.461	0.365	1
TOR1AIP2	9	0.00159301979230114	0.379558711779817	0.391	0.309	1
CLPX	9	0.00159738318457466	0.29434234770922	0.382	0.294	1
ADPGK	9	0.00160545793853826	0.342917470911901	0.312	0.232	1
RBCK1	9	0.00161394251217082	0.327019406933829	0.348	0.264	1
MGMT	9	0.00162540733703649	0.285288354441544	0.403	0.311	1
AKIRIN2	9	0.00162540971123412	0.455400091372446	0.273	0.203	1
SMIM11	9	0.00164878394444647	0.380650697481671	0.318	0.238	1
SUN1	9	0.00169821433805331	0.258350448620304	0.403	0.309	1
NDUFS7	9	0.00170769739731968	0.287106421970813	0.436	0.346	1
WDR33	9	0.00175550820857061	0.331708152008056	0.348	0.264	1
SH3GLB1	9	0.00181446928253323	0.264438432244631	0.458	0.366	1
TMED4	9	0.0018309736519388	0.308434266866117	0.47	0.391	1
IP6K2	9	0.00183338608598692	0.415698729925614	0.273	0.2	1
ROMO1	9	0.00184212436176407	0.282539454216631	0.479	0.386	1
RNF187	9	0.00184995604681362	0.307692375939949	0.4	0.314	1
CCDC59	9	0.00185466917726009	0.333532757913084	0.336	0.254	1
COPS5	9	0.0018638914934478	0.414207151668798	0.336	0.26	1
RNF115	9	0.00187065060319348	0.327261451116979	0.342	0.258	1
FBL	9	0.00187766274583056	0.36240247960881	0.397	0.314	1
TXNL4A	9	0.00189778517979975	0.297149640641792	0.436	0.348	1
NHLRC3	9	0.00192033827962088	0.427652999980862	0.264	0.193	1
TAZ	9	0.00192678470086058	0.371696594006846	0.267	0.193	1
THUMPD2	9	0.00192902163102931	0.413840906400495	0.276	0.204	1
KDSR	9	0.00194364663347384	0.404313094557383	0.267	0.195	1
CHST12	9	0.00202796653302517	0.353885317890386	0.276	0.202	1
ATP5O	9	0.00207932206873796	0.274930895785375	0.606	0.531	1
SAR1A	9	0.00209026913946866	0.397443895495468	0.361	0.284	1
GTF3C6	9	0.00211902850347408	0.393516126568598	0.312	0.236	1
USP48	9	0.00212160476226675	0.319747524687275	0.33	0.249	1
CUEDC2	9	0.00213906308205936	0.352584303246451	0.312	0.234	1
YAP1	9	0.00220656429746433	0.316797615284658	0.333	0.248	1
EMC6	9	0.00223492665907464	0.398180658378056	0.348	0.273	1
SF3B14	9	0.00228847069036858	0.25107451230661	0.63	0.556	1
TRIB2	9	0.00230085590879698	0.297781550377904	0.342	0.26	1
DOCK1	9	0.00232820147128181	0.300044881574448	0.348	0.266	1
PIGT	9	0.00233583676041279	0.406322937116479	0.315	0.241	1
CYC1	9	0.00237976840886349	0.368848231697816	0.285	0.211	1
MRPL43	9	0.0024565328168012	0.263753463405673	0.43	0.34	1
EIF2AK1	9	0.00249824222526434	0.376723411081679	0.348	0.271	1
PPHLN1	9	0.00250465281038222	0.424509081959956	0.261	0.19	1
MRPL28	9	0.00251354714164529	0.27013892287072	0.427	0.337	1
PUF60	9	0.00269737103011815	0.45557327959944	0.267	0.199	1
FHL1	9	0.00272892431522787	0.361363682917259	0.285	0.214	1
AUP1	9	0.00277392969905446	0.306990904619031	0.291	0.216	1
MDM2	9	0.00279125792983093	0.365578484843893	0.303	0.232	1
CSNK2A1	9	0.00280838759867147	0.317607580978955	0.339	0.26	1
TOR1AIP1	9	0.00283031227069968	0.403405453734184	0.258	0.189	1
JDP2	9	0.00288739605229886	0.493051800119512	0.282	0.217	1
AHSA1	9	0.00289529222812381	0.31164247505022	0.333	0.256	1
EIF2AK2	9	0.00289644820047444	0.300835720093637	0.345	0.27	1
DNAJC2	9	0.00306210243236125	0.382188967824489	0.318	0.245	1
SLC39A1	9	0.00323613134208511	0.443432347605761	0.309	0.241	1
SMEK1	9	0.00327118051398945	0.310296049342703	0.3	0.227	1
PUM2	9	0.00328676993072522	0.346973540631567	0.297	0.225	1
MRPS25	9	0.00331904918677445	0.36166091278968	0.279	0.209	1
DCHS1	9	0.0033955468202687	0.26121258080459	0.306	0.229	1
TAF11	9	0.00341527538580796	0.34901804741551	0.3	0.228	1
FAM207A	9	0.00345878504749093	0.349848497181229	0.27	0.2	1
TAX1BP3	9	0.00367508929512207	0.359684076304867	0.288	0.216	1
LUC7L	9	0.00378269390624351	0.257701098395146	0.436	0.352	1
FNTA	9	0.00398041368814609	0.311080335875141	0.3	0.227	1
TMEM141	9	0.00407319395613596	0.410230753470325	0.282	0.216	1
PDRG1	9	0.00409199195989056	0.317675579708301	0.27	0.199	1
CTD-2336O2.1	9	0.00412950695983902	0.35398589968991	0.321	0.247	1
COMMD2	9	0.00413691422383848	0.344225638667536	0.303	0.234	1
AUTS2	9	0.00415927641234366	0.312970183641028	0.306	0.229	1
THAP5	9	0.00416820432239854	0.295567712192148	0.324	0.248	1
LSM14A	9	0.00436688463972094	0.3261465168542	0.342	0.271	1
PFKL	9	0.00436978545336168	0.41105902627762	0.291	0.224	1
DLD	9	0.0043746872104555	0.368116703731046	0.267	0.2	1
UFL1	9	0.00438367779820283	0.287359238065544	0.303	0.228	1
TMUB2	9	0.00463950759130733	0.370129298859886	0.261	0.195	1
MRPS18C	9	0.00466796681965776	0.312042301370578	0.376	0.301	1
HNRNPL	9	0.00472576356471691	0.35745586787369	0.261	0.195	1
IAH1	9	0.00475031868048718	0.286280383432766	0.394	0.32	1
RAB4A	9	0.00475344142692046	0.35905759758473	0.315	0.244	1
FYN	9	0.0047609169811152	0.327205827852786	0.261	0.197	1
RAB11B	9	0.00481107071244098	0.339640010924847	0.348	0.278	1
PRPF31	9	0.00486682817776751	0.300050152396095	0.3	0.228	1
NDUFS4	9	0.00488699386577831	0.310296049342703	0.406	0.329	1
PKD1	9	0.00491327117438857	0.266618797100062	0.294	0.223	1
MAP4K4	9	0.00491424270811565	0.441125119683343	0.358	0.286	1
NANS	9	0.00492129510801941	0.401061513265885	0.288	0.224	1
NDUFV1	9	0.00507745015628817	0.382646893567387	0.285	0.218	1
COA5	9	0.00508584612011306	0.357049818042445	0.261	0.195	1
LUZP1	9	0.00521028640113633	0.265546542609405	0.306	0.232	1
GALNT1	9	0.00521665918530331	0.330783715276045	0.361	0.289	1
NBN	9	0.00522216238589551	0.271580242226765	0.285	0.215	1
CERS6	9	0.00523915640288936	0.359154679305144	0.288	0.221	1
BLVRB	9	0.00529649349842137	0.263690055206964	0.336	0.259	1
SIKE1	9	0.0053302354238145	0.326246869830032	0.276	0.208	1
CHCHD5	9	0.00537771127944056	0.340669698386222	0.264	0.197	1
SYPL1	9	0.00537809762881323	0.281768744110907	0.394	0.312	1
CEBPZ	9	0.00568939345859113	0.277089003952784	0.364	0.288	1
EIF2S1	9	0.00570652903141308	0.409019060197711	0.258	0.196	1
RNF216	9	0.00571620281482872	0.270767685156066	0.33	0.256	1
RNF167	9	0.00575816702659582	0.366585180189247	0.255	0.191	1
SPATS2L	9	0.00584523188049055	0.335997220365022	0.421	0.348	1
KCTD20	9	0.00602006149508145	0.329204511892767	0.252	0.187	1
ZC3H7A	9	0.00605880765862246	0.482839921228589	0.255	0.195	1
MDFI	9	0.00608740149380835	0.262582159419202	0.376	0.297	1
PRRT2	9	0.00684529210336728	0.351797036569141	0.252	0.189	1
WAC	9	0.00710373649966504	0.251050526354726	0.37	0.297	1
CIAO1	9	0.00712520000083687	0.375391077564588	0.264	0.201	1
TRMT10C	9	0.00730081147332207	0.291394049568013	0.291	0.223	1
AAMP	9	0.00730101570506061	0.296674278779066	0.294	0.225	1
ATP5C1	9	0.00765711930170403	0.279336866279843	0.594	0.534	1
ATN1	9	0.00790060759432933	0.275886018556872	0.336	0.262	1
RBM27	9	0.00810351804540683	0.253239687070025	0.294	0.225	1
SNX17	9	0.0081365598172281	0.336204403473834	0.345	0.281	1
FBXW11	9	0.00849657539581094	0.334312930461239	0.273	0.211	1
CBR1	9	0.00891807390851373	0.262542917894334	0.273	0.208	1
UQCRC1	9	0.0089599071839541	0.374050733839872	0.288	0.226	1
POLR2C	9	0.00918820060766341	0.350499591338304	0.33	0.264	1
KLF10	9	0.00923383002080731	0.260483082894545	0.345	0.271	1
KRAS	9	0.00937452669632651	0.369189738396271	0.255	0.195	1
MFF	9	0.00942311853607391	0.282529409936983	0.309	0.24	1
CD47	9	0.00975641422770919	0.276994074191875	0.397	0.326	1
MRPL41	9	0.00979983177049445	0.304139783466871	0.412	0.344	1
HSPA9	9	0.00991462195161434	0.319777102353588	0.442	0.379	1
CDH5	10	0	7.65103975291902	0.94	0.012	0
CLDN5	10	0	7.9942607289297	0.919	0.02	0
SOX18	10	0	6.75521755021636	0.886	0.022	0
ECSCR	10	0	7.79540095504721	0.866	0.007	0
VWF	10	0	7.91675057013484	0.879	0.026	0
EGFL7	10	0	5.14447902627668	0.98	0.139	0
CXorf36	10	0	8.02417981904332	0.826	0.005	0
ARHGAP29	10	0	4.84166867721289	0.896	0.08	0
SDPR	10	0	6.90070289263465	0.826	0.012	0
CAV1	10	0	4.8666053091947	0.936	0.124	0
TIE1	10	0	7.43689824526069	0.819	0.007	0
RASIP1	10	0	7.04944657765374	0.822	0.01	0
S100A16	10	0	4.88525794576058	0.906	0.101	0
ITGA6	10	0	5.46791498233286	0.846	0.046	0
ESAM	10	0	7.45040889172087	0.805	0.009	0
CRIP2	10	0	4.58422332120668	0.829	0.076	0
AC011526.1	10	0	7.48402426332823	0.752	0.007	0
CLEC14A	10	0	6.0733846323105	0.772	0.033	0
LMO2	10	0	4.39725402521847	0.805	0.071	0
ADAM15	10	0	4.69543851177246	0.789	0.056	0
PRSS23	10	0	5.27339951297781	0.779	0.048	0
ROBO4	10	0	7.40091894815512	0.732	0.007	0
TM4SF1	10	0	6.78015996250761	0.735	0.019	0
RAPGEF5	10	0	5.49828678502333	0.738	0.028	0
CD93	10	0	4.51792333589405	0.758	0.067	0
CALCRL	10	0	4.4981017931354	0.742	0.063	0
PTPRB	10	0	8.36862406152507	0.671	0.005	0
SNCG	10	0	5.97651505519989	0.678	0.017	0
ICAM2	10	0	5.01045244603788	0.705	0.049	0
EFNA1	10	0	5.22244560359076	0.674	0.026	0
CD34	10	0	5.07890617812741	0.685	0.038	0
MMRN2	10	0	8.0088045931564	0.644	0.005	0
KANK3	10	0	6.42242001736604	0.651	0.012	0
ERG	10	0	4.41295377629251	0.681	0.042	0
ECE1	10	0	4.05862989981908	0.698	0.061	0
ELTD1	10	0	6.66188981479701	0.621	0.012	0
KDR	10	0	4.96447144863115	0.654	0.05	0
AFAP1L1	10	0	5.861919259746	0.617	0.019	0
MCAM	10	0	5.62005378539783	0.614	0.019	0
ADCY4	10	0	6.94654667006945	0.601	0.007	0
MYCT1	10	0	7.28801892604563	0.594	0.005	0
PODXL	10	0	8.27612635739329	0.584	0.003	0
PLVAP	10	0	7.79487375056815	0.584	0.006	0
CYYR1	10	0	7.93396936023381	0.567	0.004	0
MMRN1	10	0	8.13398008786541	0.56	0.005	0
BCL6B	10	0	7.97144406565247	0.55	0.003	0
GPR116	10	0	4.31542826753788	0.577	0.032	0
TSPAN18	10	0	5.24667892509179	0.56	0.022	0
TMEM255B	10	0	5.51077772920652	0.534	0.014	0
AQP1	10	0	5.30231135121446	0.547	0.031	0
APLNR	10	0	5.68294544667912	0.547	0.032	0
KRT18	10	0	4.24275027009783	0.54	0.027	0
PCDH12	10	0	6.53265557957417	0.52	0.009	0
IL3RA	10	0	4.37172693601274	0.513	0.021	0
GALNT18	10	0	4.72279607252398	0.503	0.022	0
FGD5	10	0	5.09472745695461	0.483	0.016	0
RAMP3	10	0	8.46448407693259	0.47	0.005	0
MCF2L	10	0	5.34543140528882	0.47	0.014	0
PCDH17	10	0	5.60198760068252	0.47	0.015	0
NOTCH4	10	0	5.61764086499401	0.463	0.018	0
FLT4	10	0	6.42317710277567	0.453	0.009	0
NOS3	10	0	7.84818836940664	0.443	0.002	0
DPEP1	10	0	6.15056850209661	0.453	0.013	0
TM4SF18	10	0	9.00674212669951	0.433	0.001	0
NOSTRIN	10	0	7.15962949540417	0.43	0.006	0
FILIP1	10	0	5.68687649826904	0.43	0.012	0
SOX7	10	0	6.954450063718	0.419	0.005	0
LIMS2	10	0	5.91559083091895	0.416	0.011	0
TEK	10	0	5.53848465837636	0.416	0.011	0
CDA	10	0	5.77918060258888	0.409	0.011	0
DARC	10	0	8.64083534753433	0.409	0.011	0
NPR1	10	0	7.1382558446116	0.393	0.003	0
TGM2	10	0	6.74218817156327	0.393	0.007	0
SH2D3C	10	0	4.96441047379794	0.396	0.014	0
NOVA2	10	0	6.85680149971135	0.383	0.003	0
TINAGL1	10	0	7.1437739602019	0.369	0.005	0
MMP28	10	0	5.97001211015934	0.369	0.008	0
S1PR1	10	0	5.89332737573646	0.362	0.007	0
COX7A1	10	0	6.39666869270502	0.359	0.005	0
JAG2	10	0	6.79632764068503	0.356	0.004	0
PDE2A	10	0	5.92391569556989	0.356	0.007	0
HID1	10	0	6.31031314680483	0.352	0.005	0
FAM110D	10	0	6.4741992317658	0.342	0.005	0
NR5A2	10	0	6.71241159037617	0.339	0.003	0
SHANK3	10	0	5.69526428376176	0.342	0.007	0
PCDH1	10	0	5.64581384164715	0.342	0.008	0
FAM167B	10	0	7.61648717037764	0.336	0.003	0
ARHGEF15	10	0	7.38504960943818	0.309	0.002	0
USHBP1	10	0	7.69714483372286	0.282	0.001	0
SELP	10	0	8.46448407693259	0.265	0.001	0
F2RL3	10	0	7.35930184024053	0.265	0.002	0
CETP	10	0	7.45054488597471	0.262	0.002	0
BAALC	10	8.92117832366109e-307	5.24484226661218	0.43	0.018	1.78619832396342e-302
C1orf115	10	1.97955783400312e-306	6.43533773127307	0.275	0.003	3.96347069524105e-302
SCN3B	10	1.68443195215544e-304	7.27183899899019	0.252	0.002	3.37256965460563e-300
HEG1	10	9.17897729406545e-298	5.48384940179952	0.44	0.021	1.83781483381778e-293
PDLIM1	10	9.30103123520545e-297	4.28685811218042	0.708	0.075	1.86225247391284e-292
DYSF	10	1.00502549028283e-296	5.2893973703745	0.352	0.01	2.01226203664428e-292
TMEM88	10	3.69966973024854e-294	6.37428626796101	0.285	0.005	7.40747873390364e-290
C2CD4B	10	3.07067574672404e-291	6.9575240882127	0.262	0.003	6.14810698009087e-287
ITGA9	10	9.47792350717822e-290	4.79113458206235	0.409	0.017	1.89766984460722e-285
VEGFC	10	9.88997878003211e-290	6.72751848276638	0.258	0.003	1.98017155133803e-285
EXOC3L1	10	6.2944618882217e-288	6.38731621641013	0.262	0.003	1.26027715925975e-283
PLXND1	10	1.97615334583605e-283	3.55505953005026	0.819	0.112	3.95665422903293e-279
SLCO2A1	10	8.39518930593672e-278	6.53925184533456	0.299	0.007	1.68088480283465e-273
PRCP	10	2.65966838186937e-277	4.12244840859665	0.846	0.138	5.32518803417885e-273
RP11-536O18.1	10	2.66056001638423e-277	5.23343978534323	0.466	0.028	5.3269732648045e-273
CARD10	10	8.69913373729197e-276	5.24005251032254	0.315	0.009	1.7417405568806e-271
FAM124B	10	2.26319432000125e-274	6.24875538587715	0.258	0.004	4.5313676675065e-270
GPR146	10	1.57238110584475e-272	4.78402557898307	0.396	0.018	3.14822145012236e-268
PTPRM	10	4.75267745466258e-272	3.80151906421016	0.607	0.054	9.51581079972542e-268
LYVE1	10	3.54128530951722e-268	5.19053889688834	0.446	0.026	7.09036144671537e-264
EDN1	10	1.11766641562202e-267	7.41201665703845	0.265	0.005	2.2377916973584e-263
DOCK9	10	1.55310011840301e-266	3.5166895933966	0.758	0.097	3.1096170570665e-262
BCAM	10	8.20110244976308e-265	4.14562414825896	0.748	0.101	1.64202473249156e-260
MPZL2	10	8.8354529588035e-265	5.99020737427907	0.302	0.008	1.76903439141164e-260
GJA4	10	3.53224660542373e-261	7.26884895638438	0.289	0.007	7.0722641533794e-257
MAGI1	10	5.00865398082354e-260	4.18917134132036	0.493	0.034	1.00283270004049e-255
GJC2	10	5.45306039373807e-258	6.09251529954563	0.258	0.005	1.09181175203424e-253
HYAL2	10	3.75604900811597e-256	4.15274908112758	0.943	0.219	7.5203613240498e-252
C10orf10	10	2.10458451444174e-253	6.62447996113117	0.302	0.009	4.21379911481524e-249
GIMAP1	10	4.57791702745428e-250	3.4610613112918	0.708	0.086	9.16590547236896e-246
TNFAIP8L1	10	5.43758516444056e-250	4.22768121267197	0.466	0.032	1.08871330162429e-245
GIMAP5	10	1.37513805520807e-248	3.65204027820218	0.587	0.055	2.75330141413759e-244
SHE	10	1.05650754847671e-246	4.07883038443484	0.483	0.035	2.11533941356006e-242
IL32	10	2.04498685076829e-245	4.03422425844731	0.671	0.082	4.09447267260827e-241
F11R	10	2.98997330689805e-241	4.29914634498593	0.403	0.023	5.98652455507127e-237
TSPAN13	10	3.03065770734811e-241	3.81564939304505	0.413	0.024	6.06798286165239e-237
KITLG	10	9.51301666243522e-241	5.41686605669985	0.312	0.011	1.90469619615278e-236
IPO11	10	9.57866011899565e-241	4.24547429499079	0.456	0.032	1.91783932902531e-236
RAMP2	10	8.30975045176513e-240	4.50560161287589	0.97	0.296	1.66377823545241e-235
SCARF1	10	5.68489506606449e-237	4.52977553718431	0.349	0.016	1.13822969012743e-232
EPAS1	10	1.30073852085638e-236	4.56694611059616	0.527	0.048	2.60433866645863e-232
VAT1	10	7.80737322013551e-234	3.26217590163947	0.745	0.107	1.56319226613553e-229
GIMAP8	10	1.82352688199514e-231	3.98928514243697	0.46	0.034	3.65106552313066e-227
DSP	10	2.16394987210118e-231	4.23919176509035	0.453	0.033	4.33266043392098e-227
SMAD1	10	2.70413450892654e-231	3.61512065827842	0.728	0.108	5.41421811377271e-227
ADIRF	10	4.6621400330973e-231	4.89371076533237	0.393	0.023	9.33453677426742e-227
RPS6KA2	10	8.79242884567986e-230	4.29967320718692	0.413	0.026	1.76042010348202e-225
NOTCH1	10	1.27112427365045e-229	3.63049402837152	0.54	0.05	2.54504502070293e-225
TFPI2	10	1.53337625254555e-227	5.98946447282551	0.413	0.028	3.0701259328467e-223
EVA1C	10	5.70483045218002e-227	5.18155011366109	0.295	0.011	1.14222115313548e-222
RASGRP3	10	8.4975233830824e-225	4.73241728217922	0.372	0.021	1.70137413176076e-220
ANGPT2	10	3.25648529372425e-223	5.6344090783749	0.383	0.023	6.5201348550947e-219
KBTBD11	10	4.28008817891469e-222	4.97012412499234	0.302	0.012	8.56959255182299e-218
MALL	10	4.82171386541827e-222	4.8353217723009	0.342	0.017	9.65403550134047e-218
ACKR3	10	4.18088970742434e-221	5.44063733497822	0.272	0.009	8.37097737220501e-217
SMAGP	10	4.24904013250186e-218	4.07430176634002	0.43	0.031	8.50742815329522e-214
GDPD5	10	2.3267329235744e-214	4.68687649826904	0.315	0.014	4.65858465958067e-210
DOCK6	10	7.28224317411787e-212	3.74749318252765	0.463	0.039	1.45805072832188e-207
CAV2	10	8.19412047469489e-211	3.21164543820468	0.691	0.1	1.64062680144341e-206
UTRN	10	3.24284541590169e-208	3.05314674649634	0.879	0.198	6.49282509171837e-204
HSPG2	10	1.20768708493547e-207	3.87208940779074	0.916	0.26	2.4180310814578e-203
MAP3K11	10	2.7215031106592e-207	3.38149471226156	0.567	0.064	5.44899352816186e-203
SLC7A1	10	6.71021298614044e-207	4.53603733795762	0.332	0.017	1.34351884408504e-202
MTUS1	10	3.98112473427244e-206	3.01197187223508	0.886	0.204	7.97100794296028e-202
PALMD	10	4.73490594449208e-206	4.4711787295066	0.453	0.04	9.48022868206205e-202
MYH9	10	7.47557477903099e-206	3.17249326619933	0.826	0.164	1.49675958225758e-201
ITGA2	10	1.90550404483108e-202	4.3400367060081	0.305	0.014	3.81520019856079e-198
ITGB4	10	3.70783455642857e-200	4.60117274890097	0.346	0.021	7.42382634888128e-196
GIMAP7	10	1.24120299448151e-195	3.48006797215104	0.641	0.093	2.48513663555088e-191
PPP1R14B	10	3.13146044538622e-192	2.76010640926666	0.805	0.166	6.26981010375229e-188
GIMAP4	10	9.6172556293645e-192	2.99869095804385	0.735	0.126	1.92556692211136e-187
MGST2	10	1.81696953031952e-188	2.95969192489542	0.846	0.196	3.63793639360575e-184
ITGA5	10	9.2285520982468e-188	2.94540951186789	0.772	0.151	1.84774070111098e-183
SOX17	10	9.44796209005533e-184	4.88594784537086	0.302	0.017	1.89167096967088e-179
N4BP3	10	2.8687410475625e-183	4.53848465837637	0.282	0.014	5.74379332542965e-179
CHD7	10	6.34675217433918e-182	3.22279390584999	0.56	0.072	1.27074672034619e-177
CLEC1A	10	9.5500058582342e-181	4.103296551598	0.329	0.021	1.91210217293565e-176
MYO5C	10	3.76838192806824e-179	4.70092427275467	0.255	0.011	7.54505429637822e-175
CCDC85B	10	1.9453861521327e-176	2.8365769304358	0.936	0.336	3.8950521538001e-172
VAMP5	10	1.96086993512833e-176	2.99368330613174	0.802	0.18	3.92605378411394e-172
RALGAPA2	10	1.82090116157789e-173	4.32455381578811	0.393	0.035	3.64580830571126e-169
ELK3	10	3.53224006402284e-172	2.9012271767402	0.862	0.234	7.07225105618653e-168
FZD4	10	2.7435162537385e-169	4.05449980538003	0.349	0.027	5.49306824323523e-165
MANSC1	10	1.46189235998272e-167	4.28126225287682	0.282	0.016	2.9270008831574e-163
LINC00176	10	2.41768296481036e-166	4.54987556816323	0.252	0.012	4.8406848321433e-162
CSGALNACT1	10	6.28761411355667e-163	3.66801747101772	0.393	0.037	1.25890609781632e-158
FAM69B	10	9.89434893875697e-163	3.03798139116029	0.607	0.099	1.98104654451792e-158
PLEC	10	7.2524509066909e-161	2.88112013043691	0.634	0.108	1.45208572053765e-156
EHD4	10	2.32670384491904e-158	3.42962531972094	0.43	0.046	4.65852643829691e-154
GIMAP6	10	9.13798110054202e-158	3.85103301925174	0.329	0.025	1.82960657595052e-153
SLC27A3	10	1.13522117044225e-157	3.88936936216778	0.473	0.06	2.27293982745948e-153
ASAP2	10	9.00960012337065e-157	3.42782560635374	0.386	0.037	1.80390213670127e-152
PRKCH	10	1.16514424000441e-156	3.52175888228434	0.413	0.043	2.33285179733682e-152
FZD6	10	1.05811738448686e-155	4.04246014733764	0.299	0.02	2.11856262721959e-151
FKBP1A	10	3.91177032092432e-154	2.48820491592675	0.973	0.581	7.83214653655467e-150
ENTPD1	10	1.6873375700679e-153	4.17237163648079	0.43	0.05	3.37838728278996e-149
HOXD9	10	1.86827567951964e-153	4.25061572790268	0.359	0.033	3.74066156553423e-149
SLC38A1	10	9.09066354454668e-153	3.02519903140707	0.443	0.05	1.82013265488914e-148
CRMP1	10	8.67433380668502e-152	4.06172490743218	0.299	0.021	1.73677511477448e-147
GNG11	10	1.59761243899033e-151	3.52539677596198	0.97	0.514	3.19873962534644e-147
COL18A1	10	5.71266632283421e-151	2.76623428988232	0.792	0.207	1.14379005115787e-146
ACVRL1	10	1.3588831687901e-149	3.14776427304799	0.513	0.074	2.72075588055154e-145
ETS1	10	5.88107571890694e-149	2.8293980967856	0.668	0.135	1.17750898043955e-144
SPTBN1	10	8.54299749592312e-146	2.40667177493525	0.95	0.451	1.71047895863373e-141
LDB2	10	1.68550852405354e-145	2.74434973673528	0.654	0.128	3.37472516685999e-141
KRT8	10	2.81455838610861e-145	3.32698055318265	0.292	0.021	5.63530880066666e-141
FRY	10	4.53857031261622e-145	3.87573993566901	0.322	0.027	9.08712547992019e-141
PPP1R13B	10	1.69661149286189e-144	3.1084820479507	0.446	0.055	3.39695553100808e-140
S100A10	10	1.57360503327926e-142	2.35913452430464	0.987	0.583	3.15067199763172e-138
FLNB	10	5.02857573401541e-141	3.02625695028185	0.594	0.109	1.00682143346456e-136
NRARP	10	5.02640878151717e-140	2.8682062629836	0.346	0.032	1.00638756623537e-135
FRMD4B	10	1.89060647444507e-139	2.52839584075278	0.631	0.119	3.78537228313393e-135
FXYD6	10	5.67763933960236e-138	3.16630458481783	0.46	0.063	1.13677694857518e-133
JUP	10	6.19442388007807e-138	3.3000032141804	0.621	0.132	1.24024754926923e-133
GATA2	10	6.20146687521955e-138	3.9265190557486	0.282	0.021	1.24165769775646e-133
TNXB	10	7.27027531336709e-137	3.74132428229141	0.319	0.028	1.45565452324236e-132
ANXA2	10	1.99659610810425e-136	1.9299593398505	0.993	0.722	3.99758472764633e-132
GNAI2	10	1.27573484136236e-135	2.09459784474026	0.97	0.567	2.55427629937573e-131
MLLT4	10	3.46321328328366e-135	2.53071777533268	0.664	0.14	6.93404563579055e-131
PDGFB	10	1.05683205718429e-134	3.35581739162955	0.359	0.037	2.11598914489438e-130
FLI1	10	1.41934434797545e-134	2.92902353762901	0.46	0.063	2.84181125351644e-130
PROCR	10	4.29932850342341e-134	3.46448407693259	0.346	0.035	8.60811552955435e-130
TMSB10	10	2.57343338194928e-133	1.74475027938446	1	0.978	5.15252831733885e-129
UBTD1	10	8.27778054456425e-133	3.68360136623618	0.312	0.028	1.65737722063265e-128
SNRK	10	8.32229676787726e-133	2.98036226571826	0.523	0.086	1.66629025886438e-128
LSMD1	10	3.09082422545216e-132	2.62703708971855	0.832	0.297	6.18844826420031e-128
EPHB4	10	4.65554446838223e-132	2.84146534994936	0.517	0.083	9.32133113459491e-128
ARHGAP27	10	1.85070187949823e-131	3.70234790703148	0.322	0.03	3.70547530313136e-127
NETO2	10	2.49891911791902e-131	3.66178551730621	0.326	0.031	5.00333585789746e-127
OCIAD2	10	6.53934225112533e-130	3.09839819572701	0.53	0.092	1.30930710552031e-125
FLT1	10	1.97590092140089e-129	3.2703115292436	0.46	0.068	3.95614882482885e-125
MFNG	10	6.59822067294294e-129	3.51945053615052	0.315	0.029	1.32109574313664e-124
TNFSF10	10	1.27567895684875e-127	3.2620760300503	0.517	0.091	2.55416440740258e-123
SPTAN1	10	2.12087859544317e-126	2.37917340035144	0.802	0.235	4.24642312379632e-122
MSN	10	3.75045233254658e-126	2.23525864155268	0.876	0.314	7.50915566022477e-122
FAM89A	10	1.93270090914239e-125	2.91284164941146	0.574	0.113	3.86965376028489e-121
MECOM	10	2.33662600940015e-125	3.5640197504835	0.339	0.036	4.67839259602098e-121
STAB1	10	2.70628824103256e-125	1.57459383385027	0.631	0.118	5.4185303161954e-121
PNP	10	3.71449928627904e-125	2.98643678012794	0.393	0.048	7.43717047098789e-121
HHEX	10	1.2555167658899e-124	2.97703808212569	0.406	0.053	2.51379566866476e-120
ABI3	10	1.41253503423671e-124	3.12929988534296	0.369	0.043	2.82817764554874e-120
ABLIM1	10	2.30076440252277e-123	2.93501668880314	0.507	0.086	4.60659048673109e-119
PIM3	10	2.83618135165723e-123	2.8544305952486	0.587	0.12	5.67860230228811e-119
PCLO	10	9.58877531944442e-123	4.51671403570515	0.289	0.026	1.91986459445916e-118
DOCK4	10	1.95944795055141e-122	3.19871987834322	0.43	0.062	3.92320668659402e-118
MARCKSL1	10	1.87887578445225e-121	2.37838950422402	0.879	0.4	3.76188509563029e-117
C4orf32	10	1.76079749545366e-120	2.50371924021569	0.493	0.082	3.52546874539732e-116
VWA1	10	5.20663019695073e-120	3.70176748837552	0.487	0.088	1.04247149803347e-115
TXNDC17	10	7.71095141876233e-120	2.40360183478557	0.721	0.198	1.54388669306459e-115
GRPEL2	10	5.34312302707231e-118	4.31458864644953	0.265	0.022	1.06980009248042e-113
CD109	10	6.92430722375173e-118	3.0152983552419	0.413	0.058	1.38638479233957e-113
PIK3R3	10	7.13832149223539e-118	3.66611793810224	0.326	0.036	1.42923472917537e-113
RAPGEF3	10	7.81485074855152e-118	3.88481587588094	0.252	0.02	1.56468941687499e-113
MAST4	10	3.78102558250436e-117	2.72467853098142	0.497	0.086	7.57036942129024e-113
TCF15	10	4.92166256704649e-116	3.46448407693259	0.342	0.04	9.85415279174048e-112
HSPA12B	10	7.03859697412124e-116	3.48607093914073	0.295	0.029	1.40926788615855e-111
TAGLN2	10	1.13748302324191e-114	2.25427878201103	0.903	0.389	2.27746850913496e-110
GRB10	10	2.32465484125306e-114	3.1469344225558	0.369	0.048	4.65442392315688e-110
TSPAN15	10	2.69079992734525e-114	3.44321546017894	0.292	0.029	5.38751961453066e-110
TMEM44	10	6.88412171542906e-114	3.20757577389564	0.342	0.041	1.37833884986321e-109
CCDC69	10	5.59177737913174e-113	3.67280131305731	0.295	0.03	1.11958566684976e-108
FAM171A1	10	6.90477364428685e-113	3.32152612309055	0.329	0.038	1.38247377905911e-108
THSD1	10	6.16851502260443e-112	3.51127828841153	0.279	0.026	1.23506007782586e-107
CD151	10	1.28508233733529e-111	2.00296478924895	0.859	0.318	2.57299185581272e-107
PGM2L1	10	2.21226312417983e-111	2.75364821459104	0.336	0.039	4.42939322723286e-107
CTTN	10	2.75050009972817e-111	2.34770184355674	0.621	0.14	5.50705129967574e-107
THEM6	10	4.2368217767085e-110	3.6373206737948	0.268	0.025	8.48296456132575e-106
FAM129B	10	5.61164438087566e-109	3.07982022669726	0.356	0.046	1.12356343793892e-104
LY6H	10	6.04850196943842e-109	4.27977803178375	0.372	0.054	1.21103106432096e-104
NRP1	10	3.64206527829846e-108	2.67001044617172	0.641	0.173	7.29214310020919e-104
VIM	10	4.48294606611969e-108	1.55395051008054	1	0.964	8.97575461358484e-104
DSG2	10	5.56713281611457e-108	3.68021276798803	0.272	0.026	1.11465133244246e-103
ALPK3	10	6.62397489034856e-107	3.37306104916899	0.295	0.032	1.32625225254559e-102
KIAA0355	10	8.2091940978032e-107	2.48528253960498	0.577	0.128	1.64364484226216e-102
TSPAN7	10	9.6413160870624e-107	3.63976799421355	0.285	0.03	1.93038430695163e-102
CFL1	10	1.0235212772361e-106	1.63462251058786	0.966	0.727	2.04929430128212e-102
CHST15	10	1.87705865870602e-106	3.26718263655897	0.312	0.036	3.7582468464612e-102
MEF2C	10	2.71697801300941e-106	1.99251810455152	0.792	0.254	5.43993337764745e-102
SVIP	10	3.72566381627674e-106	2.35324883563816	0.591	0.134	7.4595240929493e-102
TNFAIP1	10	1.3692804745181e-105	3.00505245829529	0.372	0.053	2.74157336608014e-101
CD9	10	3.64667887145327e-105	2.16609149650601	0.705	0.189	7.30138043642373e-101
SEC14L1	10	4.27138934248078e-105	2.48243612175533	0.815	0.302	8.55217574151501e-101
RNASE1	10	3.21913147605255e-104	0.479843569623875	0.638	0.14	6.44534504135241e-100
PVRL2	10	1.28493789353562e-103	2.27050180819941	0.681	0.192	2.57270265043702e-99
HAPLN3	10	2.47540085900304e-103	3.26955227313358	0.383	0.058	4.95624759989588e-99
PKIG	10	6.64176575816307e-103	2.57348485409396	0.513	0.104	1.32981434009941e-98
YWHAE	10	3.53706208122299e-102	1.72127239613976	0.913	0.471	7.08190569902467e-98
CD40	10	4.75358596346691e-101	2.5309583548206	0.443	0.077	9.51762981605345e-97
RHOJ	10	9.78688380647487e-101	2.58429904408745	0.517	0.108	1.9595298757324e-96
USP31	10	1.37569543525823e-100	3.38491681961427	0.275	0.029	2.75441740047403e-96
TPST2	10	2.60850204385763e-100	3.53691991305932	0.342	0.048	5.22274279221174e-96
WFS1	10	5.60331534999626e-100	3.04553152765036	0.356	0.051	1.12189579937625e-95
PLCB4	10	1.28637634502074e-99	3.40738366970207	0.329	0.044	2.57558271800052e-95
CRIM1	10	1.38384887075788e-99	3.1516725687222	0.44	0.081	2.77074220903142e-95
TSPO	10	1.90259974944515e-99	1.72627531591575	0.893	0.356	3.80938521833908e-95
LAYN	10	3.31771523325918e-98	2.41463552748203	0.493	0.098	6.64272944003152e-94
TP53I11	10	1.11189657088582e-97	2.96942854856457	0.376	0.058	2.2262393142276e-93
ACTN4	10	1.15538340174118e-97	2.10305369953773	0.822	0.316	2.31330864696619e-93
ENDOD1	10	1.63490210815045e-97	2.98707471736624	0.312	0.039	3.27340100093883e-93
CDC42EP3	10	4.50935825444412e-97	2.61306846015017	0.507	0.106	9.02863709704801e-93
RAB11A	10	2.15538144476083e-96	1.90638982261724	0.846	0.345	4.31550472870013e-92
CARD8	10	2.92590109088659e-96	2.16492379507368	0.564	0.128	5.85823916417314e-92
CGNL1	10	1.33195866449077e-95	2.82754730109765	0.426	0.077	2.66684763804341e-91
TJP1	10	1.12783847073277e-94	2.48687230868345	0.56	0.137	2.25815818610115e-90
LAMA5	10	6.62076191358942e-94	3.26405698709293	0.282	0.033	1.32560895033887e-89
EFNB2	10	8.30969120813885e-94	3.04861577138783	0.393	0.066	1.66376637369356e-89
IL33	10	1.73206838816066e-93	3.64033391233201	0.258	0.028	3.46794732677528e-89
IQCA1	10	3.68429924564437e-92	3.30565678437361	0.292	0.037	7.37670394962916e-88
TCN2	10	9.02050636005463e-92	3.14907910562656	0.329	0.047	1.80608578341014e-87
WWTR1	10	9.45287888867049e-91	2.07762934542445	0.795	0.314	1.89265541108961e-86
FXYD5	10	9.75653382135127e-91	1.61101168811032	0.768	0.235	1.95345320171095e-86
SERPINE1	10	1.08253413850746e-90	3.07683179982239	0.453	0.091	2.16744985211965e-86
ARHGEF12	10	1.31105547818905e-90	2.26922778553365	0.52	0.117	2.62499527843012e-86
PHLDB2	10	1.39456899714389e-90	2.96455768006723	0.295	0.038	2.79220604608149e-86
TPM3	10	1.52966943729603e-90	1.62149258320489	0.916	0.501	3.06270414735412e-86
PPM1F	10	3.46730260052985e-90	3.07020513782054	0.302	0.04	6.94223326678086e-86
GMFG	10	7.9519635441332e-90	2.16858391130547	0.621	0.169	1.59214214080635e-85
CD55	10	4.88437841966916e-89	2.22825846772091	0.497	0.106	9.7795024718616e-85
ENG	10	6.08515694521876e-89	3.93911037250123	0.641	0.225	1.2183701235717e-84
TACC1	10	1.5876493858453e-88	1.85159513975969	0.849	0.364	3.17879160033946e-84
EXOC6	10	1.71766729774245e-88	3.22974766550116	0.315	0.045	3.43911346353994e-84
APLP2	10	1.83584728946716e-88	1.88470509984649	0.869	0.385	3.67573344297115e-84
ST6GAL1	10	5.39641036824989e-88	3.24782802514528	0.279	0.035	1.08046928393099e-83
VASH1	10	2.3259484995207e-87	2.96134579916511	0.332	0.05	4.65701408574035e-83
NXN	10	2.46850873236153e-87	2.6307334202315	0.393	0.07	4.94244818393426e-83
TGFBR2	10	2.47913781966516e-87	2.51676820435527	0.691	0.243	4.96372974253358e-83
RAC3	10	1.798716267583e-86	3.19146558252617	0.319	0.048	3.60138971095468e-82
MACF1	10	1.96740049480209e-86	1.8381947139225	0.822	0.334	3.93912927069274e-82
MFSD10	10	2.38581472428223e-86	2.15337173896444	0.574	0.15	4.77687824095788e-82
YES1	10	8.60799229408965e-86	1.98712453103046	0.631	0.18	1.72349221712263e-81
TMSB4X	10	1.03663621300957e-85	1.27921338253259	1	0.989	2.07555302568776e-81
DUSP23	10	2.13457783322182e-85	2.97509923619366	0.557	0.159	4.27385173767673e-81
APP	10	2.70620184217194e-85	1.69493502735571	0.926	0.538	5.41835732839666e-81
RGS16	10	4.77626764380056e-85	3.10079345765396	0.436	0.092	9.56304307641748e-81
ABCG1	10	9.19496931723205e-85	2.77642808324733	0.336	0.052	1.8410167566962e-80
ARHGEF7	10	1.08710647512313e-84	2.30182707595431	0.497	0.114	2.17660458449152e-80
FAM65A	10	1.09580736150272e-84	2.30836487501531	0.43	0.084	2.19402549920075e-80
ETS2	10	4.27009674004339e-84	1.9841203297758	0.661	0.202	8.54958769291489e-80
MICAL2	10	4.68179104748085e-84	2.89101721504926	0.362	0.063	9.37388203526616e-80
PKN1	10	9.74875585095235e-84	2.26898282878426	0.51	0.121	1.95189589647768e-79
ICA1	10	2.00347668763526e-83	2.54918124150787	0.339	0.054	4.01136102398331e-79
CASKIN2	10	2.26786403137516e-83	2.90962360800085	0.322	0.049	4.54071736361935e-79
TANC1	10	2.42430506162951e-83	2.47299557678811	0.419	0.083	4.85394359439461e-79
TRAPPC1	10	5.16545346181852e-83	1.98608563127848	0.668	0.215	1.0342270921253e-78
EPB41L4A	10	5.81100990808327e-83	2.97364375357598	0.279	0.037	1.16348040379643e-78
RPGR	10	6.85798577966092e-83	3.27807095270171	0.275	0.036	1.37310591280371e-78
CDK17	10	1.16581020866719e-82	2.46212865593446	0.416	0.082	2.33418519979345e-78
MYO6	10	1.97719889301471e-82	2.40413017010164	0.423	0.084	3.95874762359406e-78
MYO1C	10	4.93400471995951e-82	2.52833967634896	0.436	0.091	9.87886425030293e-78
NUDT14	10	6.58117639405912e-82	2.35805199911566	0.433	0.089	1.31768313761852e-77
PXN	10	6.62120568307998e-82	2.39025949191086	0.433	0.089	1.32569780186627e-77
UCHL1	10	7.44737993521802e-82	3.10981919563323	0.386	0.075	1.49111441062935e-77
PTTG1IP	10	1.15332666284905e-81	1.68041337913218	0.862	0.398	2.30919064435638e-77
TECPR1	10	4.81055650360539e-81	2.81949680513921	0.305	0.045	9.63169623151872e-77
BMPR2	10	9.13550920571562e-81	2.3403627651034	0.581	0.167	1.82911165316838e-76
NPDC1	10	1.34892955438544e-80	2.34854644941113	0.742	0.321	2.70082675379053e-76
PRKD2	10	1.53890380465928e-80	2.52804920571005	0.393	0.075	3.08119319768881e-76
NUAK1	10	3.57084747491766e-80	3.50119585528911	0.309	0.048	7.14955081428013e-76
IFITM3	10	4.27192366307061e-80	1.33666004717506	0.987	0.769	8.55324555819997e-76
PON2	10	5.10043628476433e-80	1.95800641747429	0.621	0.185	1.02120935293551e-75
TSPAN14	10	1.47627127910811e-79	2.2243760679483	0.48	0.111	2.95579035503025e-75
OPTN	10	1.64901114443977e-79	2.16849924929751	0.487	0.113	3.30165011339731e-75
TUBB6	10	1.65963102896574e-79	2.17548198677226	0.483	0.112	3.32291324619521e-75
ARAP3	10	3.01002557927212e-79	3.05385175677375	0.255	0.032	6.02667321481864e-75
SEPN1	10	3.27762711622272e-79	2.29710575760062	0.477	0.111	6.56246501210113e-75
AK1	10	5.93953700841928e-79	2.19356176166848	0.487	0.114	1.18921409982571e-74
PTRF	10	1.08604143325427e-77	1.55048299614875	0.916	0.548	2.17447215766169e-73
LAPTM4B	10	2.59486622145254e-77	2.02556311141777	0.628	0.203	5.19544114859228e-73
CTNND1	10	2.62702977501381e-77	1.88033139663173	0.654	0.213	5.25983901553264e-73
FOXC1	10	3.84206222526922e-77	3.22778381891226	0.285	0.042	7.69257698743403e-73
TMCC3	10	2.55983885997974e-76	3.28516037748803	0.252	0.033	5.12530936545143e-72
HRAS	10	5.27937271033881e-75	2.2564239466035	0.513	0.136	1.05703600406404e-70
GIT1	10	5.54281820133285e-75	2.64686081942116	0.332	0.057	1.10978306027086e-70
SEMA6B	10	1.33337825429235e-74	2.6759881821263	0.255	0.034	2.66968994074414e-70
KIF1C	10	1.91810053508751e-74	2.46189163231606	0.376	0.073	3.84042089135222e-70
MYL12A	10	2.20800969532719e-74	1.3350750108817	0.94	0.749	4.4208770119841e-70
HLA-A	10	2.97790138100656e-74	1.41086972478099	0.98	0.757	5.96235414505134e-70
RPS3	10	3.18720714909481e-74	0.966159241354579	1	0.985	6.38142615391763e-70
TNFRSF25	10	3.71770196558669e-73	2.77260637229492	0.272	0.04	7.44358287549768e-69
MSRA	10	6.69621022530417e-73	2.30356388875148	0.379	0.075	1.3407152113104e-68
KTN1	10	8.07980966313179e-73	1.33213304094826	0.933	0.594	1.61773949075225e-68
BCAP31	10	1.77746041584258e-72	1.52766770801935	0.832	0.417	3.55883124460002e-68
PARVB	10	2.10403637212565e-72	2.03598431784718	0.503	0.13	4.21270162426997e-68
MESDC1	10	4.52029155526844e-72	2.41260228523439	0.446	0.108	9.05052775195846e-68
MYH10	10	4.89597778030382e-72	2.25020898301865	0.567	0.178	9.8027267117243e-68
C4orf48	10	8.13467319913861e-72	1.97695572711706	0.708	0.295	1.62872426793153e-67
JAM2	10	8.97605933320621e-72	2.79830521783568	0.399	0.089	1.79718659969455e-67
CARHSP1	10	5.17190238431384e-71	1.84400728959849	0.544	0.15	1.03551829538732e-66
PDLIM5	10	1.59371202213701e-70	2.22668696259782	0.433	0.101	3.19093021072273e-66
TBC1D4	10	2.27524629266502e-70	2.16431053468575	0.406	0.088	4.55549812717391e-66
DCBLD1	10	4.32824832840112e-70	2.81928646907806	0.265	0.039	8.66601880312472e-66
TBCD	10	7.23728096013888e-70	2.14255598204523	0.48	0.123	1.44904839383901e-65
CTNNAL1	10	8.72943161570778e-70	2.60001057665189	0.436	0.107	1.74780679809701e-65
C20orf112	10	1.93798315567044e-69	2.42531347965191	0.329	0.059	3.88022987428335e-65
SPTLC2	10	2.31480366034216e-69	2.22649480054512	0.497	0.135	4.63469988873707e-65
HDAC7	10	2.36869945731558e-69	1.84313389598516	0.591	0.183	4.74261005343725e-65
RAB13	10	2.48281357547386e-69	1.6079608755467	0.789	0.353	4.97108934081376e-65
TMEM123	10	4.07180498918208e-69	1.77979336361834	0.664	0.237	8.15256794934036e-65
GPR126	10	3.21113792234296e-68	3.34110166142731	0.312	0.058	6.42934034811508e-64
EMCN	10	3.66997039772987e-68	2.2175586438522	0.517	0.152	7.34801473033476e-64
MYL6	10	3.83328487070955e-67	0.960090683985233	0.99	0.967	7.67500296813465e-63
IMPDH1	10	4.05560137811408e-67	2.37635316665392	0.359	0.073	8.12012507926e-63
GFOD2	10	7.4629677766748e-67	2.8264753418498	0.262	0.04	1.49423540824583e-62
CPD	10	7.6096126949761e-67	2.46448407693259	0.332	0.063	1.52359665378812e-62
ASGR1	10	1.66429613200474e-66	2.73217986013624	0.295	0.051	3.3322537154999e-62
ERICH1	10	1.77340168577055e-66	2.21359718800846	0.658	0.261	3.55070485524979e-62
ARL4A	10	2.38461145906207e-66	2.43240370221872	0.725	0.344	4.77446906333407e-62
SERPINB6	10	2.97804554680059e-66	1.95477119519336	0.53	0.154	5.96264279380415e-62
HLA-E	10	3.02890117591735e-66	1.67105259029688	0.913	0.582	6.06446593442173e-62
ITGA1	10	3.91673141665067e-66	2.25115953611451	0.366	0.077	7.84207964241797e-62
BACE2	10	5.46803435703039e-66	2.30043564182695	0.406	0.094	1.09480983896462e-61
ZNF521	10	1.47538528029917e-65	2.48873162317927	0.342	0.069	2.954016408215e-61
LYL1	10	2.58820270542102e-65	2.22206935216433	0.362	0.075	5.18209945679396e-61
LEPR	10	5.62258212669205e-65	2.90124932184484	0.372	0.085	1.12575339340628e-60
BZW2	10	6.05766264583726e-65	2.12804599581702	0.54	0.172	1.21286521494954e-60
PROX1	10	6.72817154694513e-65	3.84465111636438	0.268	0.045	1.34711450712935e-60
TMEM205	10	1.30051439306114e-64	1.83707179008648	0.574	0.185	2.60388991778702e-60
ADAMTS6	10	3.88686270157217e-64	3.26285021576294	0.326	0.065	7.7822765010878e-60
SH3TC1	10	5.97879263505489e-64	2.35560528021873	0.326	0.063	1.19707386139069e-59
CDC37	10	1.44600916950134e-63	1.35534219800174	0.869	0.414	2.89519955917558e-59
PFN1	10	2.4300649062866e-63	1.4414954761047	0.966	0.876	4.86547595536702e-59
LAMA4	10	1.20973556115038e-62	1.64052336563779	0.762	0.344	2.42213254053529e-58
DDAH2	10	1.42352356915455e-62	1.62444196877757	0.644	0.229	2.85017889016124e-58
COL4A1	10	2.13318816954309e-62	1.60440931466244	0.93	0.614	4.27106935305917e-58
ELOVL1	10	2.43016077862228e-62	2.07715350682359	0.409	0.098	4.86566791095753e-58
NDRG1	10	2.82187283593225e-62	2.25165924789042	0.53	0.172	5.64995379210356e-58
NEDD9	10	5.27353209925946e-62	2.10479517763314	0.419	0.104	1.05586659691373e-57
TFPI	10	1.04905500582463e-61	2.36535948617143	0.695	0.325	2.10041793266207e-57
GAPDH	10	1.94099256341483e-61	0.96772010595255	0.997	0.953	3.88625531046916e-57
HOXB9	10	2.23148751958041e-61	2.70549217643638	0.282	0.05	4.46788431170389e-57
TNFRSF4	10	2.21017546139613e-60	2.55021395095847	0.322	0.067	4.42521330880733e-56
FOXP1	10	2.2999405180541e-60	1.88879938979944	0.523	0.161	4.60494090524791e-56
AKR1C3	10	3.20185620492235e-60	2.67630725655885	0.275	0.049	6.41075649349553e-56
FGD4	10	9.62844141441545e-60	2.20878968044531	0.376	0.087	1.92780653999426e-55
SHC1	10	3.80406420201107e-59	1.79482441163615	0.53	0.165	7.61649734526656e-55
MYC	10	4.58727545386548e-59	2.695097005074	0.268	0.047	9.18464291372947e-55
IGFBP4	10	6.56731665109964e-59	1.10322221557032	0.956	0.685	1.31490813988317e-54
PLXNA2	10	1.22040923646022e-58	2.40734016982898	0.282	0.052	2.44350337324065e-54
UNC5B	10	1.09347289238534e-57	2.82541417087198	0.305	0.064	2.18935142513393e-53
SASH1	10	1.24487157579519e-57	1.60865067614567	0.587	0.202	2.49248186905713e-53
EI24	10	1.52383287788739e-57	1.70638831600237	0.517	0.157	3.05101818810613e-53
CAPNS1	10	2.06248045008199e-57	1.61094754511361	0.718	0.335	4.12949835715415e-53
SH3BGRL3	10	2.28617095952254e-57	0.984231675598333	0.913	0.543	4.57737149515603e-53
GUK1	10	3.20953575465335e-57	1.17023473405406	0.956	0.786	6.42613248796694e-53
ATP5E	10	9.62826179489315e-57	0.827481558198926	0.99	0.962	1.92777057657351e-52
TMEM8A	10	3.2989464327909e-56	2.22232840077471	0.376	0.093	6.60515054773394e-52
CD200	10	4.66953557740299e-56	2.37896600574653	0.326	0.071	9.34934413307627e-52
SULF2	10	5.74005712352462e-56	2.12795860583227	0.396	0.101	1.1492742372721e-51
PLEKHG1	10	7.53264378198331e-56	1.99850961242852	0.44	0.123	1.5081859380287e-51
HOMER3	10	8.94167564223551e-56	2.19081115065245	0.601	0.256	1.79030229708839e-51
RHOC	10	8.94643266823855e-56	1.42897972261049	0.859	0.581	1.79125474883472e-51
SEPW1	10	1.39270082804577e-55	1.08992685096748	0.963	0.799	2.78846559791325e-51
PIEZO1	10	1.62467584389065e-55	2.06540928797852	0.386	0.097	3.25292597463785e-51
PAWR	10	1.9751709630539e-55	1.92615443496649	0.383	0.094	3.95468730222651e-51
BCAR1	10	2.30673434228348e-55	1.96413380392637	0.426	0.115	4.61854350011998e-51
CYB5R3	10	2.70658514211126e-55	1.49079535404844	0.698	0.291	5.41912477153516e-51
EIF4A1	10	2.9808761505016e-55	1.09550670079774	0.933	0.743	5.96831022853429e-51
ARL2	10	3.48769759334454e-55	1.65786805119889	0.614	0.235	6.98306812139444e-51
COL15A1	10	4.73741584302708e-55	2.27811432441668	0.389	0.102	9.48525400090882e-51
TMC6	10	5.71602216083989e-55	2.334822945704	0.292	0.058	1.14446195704336e-50
VPS51	10	7.01835953169101e-55	2.2872245653316	0.315	0.068	1.40521594543517e-50
CITED4	10	1.64155882786575e-54	2.70367174081201	0.272	0.052	3.28672908515281e-50
RBP1	10	2.09790603042803e-54	2.52141114501742	0.527	0.189	4.200427454123e-50
GRAMD1A	10	2.1892432615084e-54	1.74222428433103	0.527	0.175	4.38330285819212e-50
CALM1	10	2.25703305246528e-54	1.18370913889174	0.98	0.878	4.51903157764599e-50
DPYSL2	10	7.42925725685494e-54	1.52059927384187	0.654	0.262	1.4874858879675e-49
WWP1	10	1.03702302395614e-53	2.09251529954563	0.386	0.1	2.07632749856499e-49
ADAM10	10	3.06071575682924e-53	1.64929904045256	0.534	0.176	6.1281650883235e-49
CSRP1	10	3.62538050125114e-53	1.51908265217965	0.577	0.206	7.25873683960504e-49
FAM126A	10	6.71858616192334e-53	2.01439032287463	0.399	0.108	1.34519532134029e-48
CLU	10	1.40610376123779e-52	4.28259988026943	0.52	0.208	2.81530095075031e-48
SIPA1	10	1.82519943615098e-52	1.95731373681758	0.366	0.09	3.65441431106149e-48
FDPS	10	2.42592239515382e-52	1.52450884800481	0.658	0.278	4.85718181957697e-48
FBLIM1	10	2.63783680586745e-52	2.23292000969789	0.312	0.069	5.28147685270781e-48
PLK2	10	2.96703728404349e-52	1.71817780619283	0.537	0.185	5.94060205011187e-48
CTNNA1	10	3.983753165233e-52	1.4059803581587	0.674	0.273	7.97627058742951e-48
PITPNC1	10	4.2583149908993e-52	2.2869458913804	0.289	0.059	8.52599827477858e-48
MT2A	10	1.0930734388856e-51	1.58861479387839	0.584	0.215	2.18855163933675e-47
NEAT1	10	1.56569844389312e-51	0.977803260297257	0.946	0.71	3.1348414243628e-47
VPS28	10	1.76414590249053e-51	1.28723245311357	0.762	0.356	3.53217292596654e-47
DENND3	10	1.95457038804722e-51	2.34900685951265	0.268	0.053	3.91344083094814e-47
STMN1	10	6.09647821824233e-51	1.43648340840489	0.698	0.341	1.22063686885648e-46
INSR	10	7.04193799252209e-51	2.37034614626858	0.43	0.13	1.40993682486277e-46
KLF2	10	7.07575754415432e-51	1.13362107260198	0.51	0.161	1.41670817549058e-46
LIMS1	10	7.37547702818494e-51	1.53097260091682	0.745	0.375	1.47671801058319e-46
TPM4	10	8.97989720052628e-51	1.11697973533921	0.93	0.647	1.79795501748937e-46
LMCD1	10	9.32227944371229e-51	1.80820983581224	0.513	0.176	1.86650679022007e-46
GFM1	10	1.20805746751342e-50	2.05073527362232	0.376	0.099	2.41877266145537e-46
RBPMS	10	1.55742040838982e-50	1.70932536600041	0.493	0.159	3.1182671416781e-46
LIMD2	10	1.60281236020554e-50	1.90760632259985	0.493	0.166	3.20915090760353e-46
RALA	10	5.20410408151741e-50	2.22298932030126	0.638	0.321	1.04196571920142e-45
CRK	10	9.40097051972641e-50	1.96491306744208	0.393	0.109	1.88226231745962e-45
CD320	10	1.10027481820459e-49	1.72751848276638	0.527	0.183	2.20297024100922e-45
LUZP1	10	1.12989052485364e-49	1.63168957702131	0.574	0.22	2.26226680886196e-45
TMOD3	10	1.58707593585594e-49	1.44361488488499	0.678	0.297	3.17764343877076e-45
SLC29A1	10	1.6409249965194e-49	2.33447808576007	0.295	0.066	3.28546002803115e-45
TIMM8B	10	1.81347249599444e-49	1.45531243103434	0.648	0.273	3.63093463148006e-45
UPP1	10	6.63405377468868e-49	1.61182579300778	0.433	0.127	1.32827024676817e-44
ABL2	10	9.8966968641479e-49	2.05003220584968	0.372	0.101	1.98151664613969e-44
ARHGAP31	10	1.19816212028651e-48	2.11789392781096	0.326	0.078	2.39896019723765e-44
UBALD2	10	1.43457279016536e-48	1.81716956738545	0.453	0.143	2.87230164046909e-44
PPP2R5A	10	2.12008136011132e-48	1.9916893164186	0.356	0.092	4.24482689921488e-44
RALB	10	3.46465371017569e-48	1.75234149573026	0.46	0.147	6.93692965851377e-44
TGFB1	10	4.28556363817854e-48	1.52654504506484	0.597	0.236	8.58055551636107e-44
FABP5	10	4.40117884874549e-48	2.14078378470275	0.668	0.334	8.81204029095822e-44
PEA15	10	4.67612954624191e-48	1.78837368815324	0.46	0.147	9.36254657748555e-44
CDC42BPB	10	7.88245753626252e-48	1.79007228805174	0.456	0.148	1.57822564791048e-43
CFLAR	10	7.93869570676129e-48	1.48533943953113	0.57	0.214	1.58948565440775e-43
REXO2	10	8.19484285435707e-48	1.67903505768516	0.544	0.203	1.64077143629937e-43
CFI	10	9.09860822695451e-48	1.64702856490601	0.446	0.137	1.82172333920083e-43
TMEM219	10	1.04682111325919e-47	1.35098288370993	0.664	0.282	2.09594523296755e-43
PRKCDBP	10	2.16425399700669e-47	1.83246277141843	0.574	0.235	4.33326935280679e-43
HMGB3	10	2.47770570055856e-47	1.77918060258887	0.409	0.12	4.96086235365835e-43
CEP112	10	2.84665802186009e-47	1.78671682709315	0.409	0.119	5.69957869136828e-43
CLIC1	10	4.49750784681994e-47	1.08901878169358	0.903	0.608	9.00491021090288e-43
RPS25	10	4.71084881279166e-47	0.694002891335156	1	0.969	9.43206149297145e-43
WARS	10	4.81287340908002e-47	2.32650196799303	0.312	0.075	9.63633513966001e-43
TRIOBP	10	5.18759355826836e-47	1.67440714630682	0.46	0.146	1.03865998223649e-42
SEMA6A	10	9.08672884649544e-47	1.87059634643195	0.419	0.129	1.81934484964532e-42
PPP2R2A	10	1.28386948007401e-46	1.58124474938871	0.557	0.219	2.57056347300418e-42
CEP68	10	2.35667525365437e-46	1.96953174194403	0.349	0.092	4.71853519286679e-42
CCDC50	10	3.61850458634839e-46	1.44694941764008	0.597	0.242	7.24496988278675e-42
SYNGR2	10	5.90962098947266e-46	1.69285894141441	0.379	0.104	1.18322431451222e-41
NDUFC2	10	7.44603521973427e-46	1.20075977148851	0.765	0.406	1.4908451716952e-41
PRDX1	10	8.37654237292025e-46	0.906124757119342	0.95	0.756	1.67715131390609e-41
SWAP70	10	1.05713237504386e-45	2.20943532603268	0.43	0.138	2.11659044131281e-41
TUBB2B	10	2.16575827159538e-45	2.22519313102277	0.255	0.053	4.33628121138828e-41
FSCN1	10	2.65149619662866e-45	2.09947108018417	0.701	0.44	5.30882568488991e-41
ORMDL2	10	2.883720233694e-45	2.06238563336124	0.299	0.071	5.77378465190213e-41
ORAI1	10	2.97770629416989e-45	2.09960937239184	0.342	0.092	5.96196354218695e-41
LAMC1	10	3.8261805114753e-45	1.48215952167904	0.715	0.358	7.66077862007584e-41
LYPLA1	10	5.47566880337206e-45	1.5510506354573	0.49	0.168	1.09633840781115e-40
IL1R1	10	6.50055690474415e-45	2.28351158297612	0.329	0.087	1.30154150346787e-40
PPFIBP1	10	9.16710784358156e-45	1.54729327120765	0.671	0.298	1.8354383324419e-40
C1QBP	10	1.01277780258587e-44	1.53284888950717	0.631	0.287	2.02778371633742e-40
KLF6	10	1.14109409920875e-44	1.13729730931372	0.782	0.413	2.28469860543576e-40
KALRN	10	1.37601465901706e-44	2.03791154728727	0.305	0.075	2.75505655028395e-40
POLR2L	10	2.04707982630852e-44	0.958629693795859	0.923	0.712	4.09866322823493e-40
HSF1	10	2.48618217463921e-44	1.85283953355893	0.366	0.102	4.97783395006263e-40
ENY2	10	7.60891512696636e-44	1.15656032213905	0.849	0.537	1.52345698672121e-39
DBN1	10	9.93572210074465e-44	1.58782026875593	0.497	0.178	1.98933027901109e-39
RPL26	10	1.54275329081082e-43	0.68523929636937	0.983	0.964	3.08890063886143e-39
IFITM2	10	1.71793096548892e-43	1.17180080182108	0.852	0.507	3.43964137910192e-39
MKL2	10	5.15918666612231e-43	1.94930990636829	0.399	0.126	1.03297235429101e-38
FKBP2	10	6.37172036775656e-43	1.24555507323989	0.658	0.289	1.27574585203222e-38
WDR1	10	6.51702124811999e-43	1.47275169291619	0.493	0.173	1.30483799429858e-38
PLAT	10	6.55675332447963e-43	2.83091163198681	0.289	0.072	1.31279315062731e-38
IFI27	10	7.77843697835095e-43	3.42098740669041	0.483	0.228	1.55739865180543e-38
RAB6A	10	1.09838803385173e-42	1.59819090450063	0.483	0.171	2.19919252137793e-38
MAP4K4	10	1.340626034106e-42	1.46112766974001	0.624	0.274	2.68420144548704e-38
PLA2G16	10	1.37115818954549e-42	1.82020048527623	0.352	0.098	2.74533292710799e-38
ZNF467	10	1.49634778011701e-42	2.18764387157376	0.282	0.067	2.99598752535027e-38
CYB5A	10	2.22001465560487e-42	1.5205627503791	0.49	0.178	4.44491334345207e-38
MOB2	10	2.43369608146358e-42	1.71197333814175	0.456	0.16	4.87274629430639e-38
GBP4	10	2.68329482540529e-42	2.45444440495602	0.319	0.087	5.37249289942647e-38
NOP10	10	2.86325639625686e-42	1.23527286975876	0.668	0.308	5.7328119565855e-38
LYN	10	3.4136216685877e-42	1.97312429400861	0.322	0.085	6.83475330484629e-38
NR2F2	10	4.092754341045e-42	1.54073711010774	0.661	0.335	8.1945127416403e-38
SLC25A29	10	4.49503067016699e-42	1.85701417680186	0.315	0.082	8.99995040780834e-38
NTAN1	10	4.87624442551535e-42	1.41214703950602	0.594	0.249	9.76321658876683e-38
PPA1	10	6.76464226304812e-42	1.62504153390335	0.601	0.262	1.35441667390749e-37
FAM89B	10	2.00783269947719e-41	1.58099808565901	0.473	0.168	4.02008263089324e-37
COL4A2	10	5.65774600919364e-41	1.12883100803583	0.909	0.658	1.13279390596075e-36
HINT1	10	7.9022990939838e-41	0.871812500397821	0.909	0.744	1.58219832459744e-36
HYOU1	10	8.39276414414102e-41	2.15885779437433	0.255	0.058	1.68039923693991e-36
TSTA3	10	8.53091931528501e-41	1.74139807177259	0.393	0.124	1.70806066530636e-36
DEGS1	10	1.99509815467613e-40	1.61723642775147	0.5	0.193	3.99458552529255e-36
RALBP1	10	3.29582622656565e-40	1.32497192767074	0.607	0.266	6.59890327082974e-36
NAA10	10	4.03833557661834e-40	1.30269048029473	0.607	0.266	8.08555549150524e-36
WSB1	10	4.59293928336974e-40	1.30780892880005	0.725	0.376	9.19598303316289e-36
WDR54	10	5.06874406226354e-40	2.14905461934397	0.258	0.06	1.01486393614641e-35
YWHAB	10	6.3279336935804e-40	0.888881158236159	0.909	0.659	1.26697888412867e-35
KMT2A	10	8.07197795658571e-40	1.29202692031476	0.584	0.243	1.61617142646759e-35
MYL12B	10	8.07625857252968e-40	0.856159561957383	0.953	0.853	1.61702849139189e-35
MAP1B	10	8.79710825633549e-40	1.25657224233688	0.594	0.247	1.76135701508349e-35
PIK3C2A	10	1.65793522653791e-39	1.61499137445216	0.517	0.209	3.31951791057421e-35
SSH2	10	2.09940565883824e-39	1.80751033129604	0.346	0.101	4.20343001012591e-35
PTMA	10	2.87306974286768e-39	0.632354443613678	0.997	0.998	5.75246023916967e-35
AHR	10	3.54066054621344e-39	1.49555552286559	0.419	0.139	7.08911054562854e-35
MRPL52	10	5.04635208469344e-39	1.49716618059278	0.631	0.311	1.01038061439732e-34
EIF5A	10	5.83846445378744e-39	1.33881699517519	0.651	0.319	1.16897735293732e-34
SLC38A2	10	6.46031662021469e-39	1.02218680507715	0.664	0.304	1.29348459369938e-34
FAU	10	9.07723125158695e-39	0.486446458099589	1	0.968	1.81744324119274e-34
TRIM47	10	9.85053676065628e-39	1.69524967929404	0.356	0.106	1.9722744702186e-34
LDHA	10	1.02403636660686e-38	1.06585288022163	0.906	0.679	2.05032561322025e-34
ATP1B3	10	1.29762769284288e-38	0.984020085894298	0.544	0.209	2.59811016661002e-34
PREX2	10	1.33756820722242e-38	1.53932858647349	0.487	0.184	2.67807906450074e-34
ATP11A	10	1.60922721045385e-38	1.86416194020182	0.312	0.086	3.22199472077069e-34
RAPH1	10	1.66045669653768e-38	1.97703808212569	0.282	0.072	3.32456639780774e-34
SULT1C4	10	2.58909430776998e-38	1.94903857007995	0.315	0.088	5.18388462301706e-34
B4GALT5	10	2.64096671255702e-38	1.99083859907559	0.289	0.075	5.28774355188167e-34
CANX	10	2.92608375548749e-38	1.058435360881	0.799	0.475	5.85860489523705e-34
TAOK2	10	2.99181083656473e-38	1.99293455656309	0.279	0.071	5.99020365696991e-34
PITPNA	10	3.49002371411513e-38	2.0187794414068	0.279	0.071	6.98772548040131e-34
VAMP3	10	3.61747778448686e-38	1.57978024458873	0.44	0.157	7.24291402009959e-34
MGAT4B	10	6.3565884958062e-38	1.7640443587915	0.379	0.124	1.27271614863032e-33
PLEKHO2	10	6.83731969302543e-38	1.91658367043298	0.272	0.068	1.36896814893755e-33
ID3	10	9.35333845470585e-38	1.58205003808048	0.765	0.495	1.87272542540121e-33
ZNRF1	10	1.23209916641076e-37	1.76115221941821	0.339	0.1	2.46690895098763e-33
GYPC	10	1.25780166910949e-37	2.26622259727851	0.587	0.312	2.51837050189103e-33
RPL36	10	1.39129296763959e-37	0.508355392224588	1	0.999	2.78564677980799e-33
GNG5	10	1.58153216020098e-37	0.877875603367873	0.899	0.697	3.1665436911544e-33
HLA-B	10	2.1636845789229e-37	1.11542782519439	0.93	0.76	4.33212926391942e-33
ARPC5L	10	2.49471552077044e-37	1.38942556844801	0.53	0.219	4.99491941568658e-33
SIGIRR	10	3.81556785338612e-37	1.37702123568225	0.557	0.241	7.6395299560497e-33
HMOX2	10	4.65710990619951e-37	1.62584706487148	0.453	0.174	9.32446545419265e-33
PTPRE	10	6.47348648395037e-37	1.4030278738112	0.359	0.107	1.29612146381654e-32
PTK2	10	6.51029285880653e-37	1.33881469390868	0.53	0.216	1.30349083619024e-32
CTTNBP2	10	7.45067816158284e-37	1.85800301395688	0.315	0.09	1.49177478151212e-32
PICALM	10	7.7911707971314e-37	1.53534067447694	0.45	0.165	1.55994821700165e-32
CPNE2	10	1.29257281030753e-36	1.83027805719158	0.292	0.079	2.58798928079774e-32
DGKH	10	1.46045882078362e-36	1.7666275198055	0.329	0.097	2.92413065097297e-32
TMEM109	10	1.60811371425943e-36	1.47465110308959	0.47	0.181	3.21976527869023e-32
TTC19	10	1.9106143626004e-36	1.67247711920842	0.369	0.119	3.82543207679851e-32
RSU1	10	2.0504297265287e-36	1.80151906421016	0.309	0.087	4.10537039845576e-32
SERPINH1	10	2.0814435682594e-36	1.05101362960178	0.721	0.377	4.16746631236898e-32
MCTP1	10	2.21245850058271e-36	2.52425629744996	0.272	0.073	4.42978440986671e-32
ENO1	10	2.79974511925043e-36	1.16185961241191	0.846	0.608	5.60564967776322e-32
C10orf11	10	3.63155567535515e-36	1.59001495901645	0.379	0.124	7.27110077319608e-32
RFK	10	3.81979137147874e-36	1.90058319173926	0.315	0.092	7.64798628397474e-32
IGFBP3	10	4.70928622111761e-36	4.02259867645561	0.362	0.13	9.42893287192167e-32
SH2B3	10	6.17593150808395e-36	1.75932966491944	0.289	0.078	1.23654500654857e-31
RTN4	10	9.28549206358791e-36	1.22170394471476	0.701	0.378	1.85914122097157e-31
HSPB1	10	1.14514444832958e-35	0.633506644602616	0.909	0.726	2.29280821444549e-31
RPL8	10	1.2285495609114e-35	0.502895989620801	1	0.998	2.45980193085681e-31
SPATC1L	10	1.65379387418811e-35	1.80961956298128	0.292	0.08	3.31122609489943e-31
CBL	10	3.03383762199209e-35	1.89171687318174	0.282	0.077	6.07434968675257e-31
MRPL17	10	3.52211845403793e-35	1.51660154047791	0.513	0.22	7.05198556867473e-31
RHBDF2	10	4.94191329673505e-35	1.8338032759056	0.252	0.062	9.89469880272293e-31
DYNLL1	10	4.96789740550024e-35	0.776205145210003	0.96	0.853	9.94672418529258e-31
C8orf4	10	5.6236886404377e-35	1.376253436281	0.517	0.213	1.12597493958844e-30
SMIM12	10	5.97426446556247e-35	1.67769936135774	0.342	0.107	1.19616723129492e-30
PRDX5	10	6.30261913468352e-35	0.981173210292713	0.792	0.507	1.26191040314633e-30
HLA-C	10	1.00337866524768e-34	1.21406462248599	0.849	0.651	2.0089647635589e-30
DSTN	10	1.39179582880793e-34	1.13351222539442	0.829	0.56	2.78665360843923e-30
MAP3K3	10	1.41964075276231e-34	1.66040428690785	0.352	0.113	2.8424047151807e-30
FNBP1L	10	1.79018947928594e-34	1.37743526783917	0.49	0.198	3.5843173754263e-30
NCOA7	10	1.84473145727525e-34	2.35756887301608	0.372	0.137	3.6935213237565e-30
EPN1	10	1.87853622289994e-34	1.43607566174683	0.47	0.184	3.76120522549027e-30
RABAC1	10	2.83328602483208e-34	0.840635723410176	0.896	0.62	5.6728052789188e-30
PHKB	10	3.72219526067051e-34	1.45651651010473	0.43	0.159	7.4525793509145e-30
NNMT	10	3.78701673155872e-34	2.35700334210529	0.419	0.179	7.58236489992686e-30
NARF	10	4.23881818343025e-34	1.49840983245827	0.463	0.184	8.48696176686404e-30
TBCB	10	5.59996160205847e-34	1.17512384450166	0.581	0.257	1.12122431196415e-29
GRASP	10	7.07010487757952e-34	1.53203684857833	0.43	0.166	1.41557639858897e-29
PPP1CA	10	7.57749484590619e-34	1.44713683336869	0.43	0.159	1.51716601804734e-29
ID1	10	8.14769380268503e-34	2.71431450146619	0.487	0.239	1.6313312531736e-29
LGALS9	10	1.35948348796284e-33	1.80627259418079	0.299	0.087	2.72195783959919e-29
SOCS2	10	2.03555073380917e-33	1.72823286507407	0.289	0.082	4.07557967923271e-29
CASC15	10	2.17042333032004e-33	1.83999321202479	0.292	0.085	4.34562159196679e-29
GNB1	10	2.35072024333502e-33	1.07309532817424	0.671	0.338	4.70661207120537e-29
POLE4	10	2.53326770354763e-33	1.60159131032407	0.433	0.169	5.07210859604306e-29
MIEN1	10	2.76415990412771e-33	1.48281589970485	0.473	0.195	5.5344009600445e-29
FLII	10	2.92941454788826e-33	1.59862074958412	0.329	0.102	5.86527380778188e-29
SYNE2	10	3.0140552354976e-33	1.4310234890614	0.483	0.196	6.03474139251329e-29
AAMDC	10	3.48124073335866e-33	1.61494665230186	0.372	0.128	6.97014019633071e-29
RPLP2	10	3.88946220926475e-33	0.627999487867262	1	0.992	7.78748123538989e-29
TM2D2	10	4.05836933508778e-33	1.55818366134494	0.416	0.157	8.12566708271275e-29
PLEKHA1	10	4.07253874927335e-33	1.41931410649822	0.443	0.17	8.1540370837951e-29
PHACTR2	10	4.10363277021067e-33	1.26881280062043	0.55	0.245	8.2162935325158e-29
FIS1	10	7.67552253747695e-33	0.910290502221912	0.829	0.521	1.53679312245363e-28
RPS21	10	1.72920962212943e-32	0.535288465712954	0.987	0.959	3.46222350542754e-28
PDIA3	10	2.16991939747168e-32	1.03238444026649	0.721	0.4	4.3446126176178e-28
HMGA1	10	2.25740526557545e-32	1.92843117669238	0.268	0.076	4.51977682273516e-28
ACTN1	10	2.57106420440125e-32	1.35583135209113	0.584	0.285	5.14778475005219e-28
ACTB	10	2.6282082042655e-32	0.723116683453791	0.997	0.97	5.26219846658039e-28
TMEM50A	10	3.16334543178909e-32	1.04045779442649	0.681	0.352	6.33365022352813e-28
RUVBL1	10	3.41043469252962e-32	1.66037846940369	0.349	0.118	6.82837234138281e-28
JAG1	10	3.8497353481313e-32	2.40595800032613	0.272	0.078	7.70794011402849e-28
SLC41A1	10	4.58375347250787e-32	1.92682729098979	0.339	0.114	9.17759120265526e-28
PGS1	10	6.09575573656924e-32	1.59807992757094	0.326	0.103	1.22049221357589e-27
ACTG1	10	6.24249938595307e-32	0.816145297210087	0.993	0.987	1.24987322705552e-27
RHOB	10	8.41708259378164e-32	0.967998863539344	0.611	0.296	1.68526827692696e-27
CTHRC1	10	1.03918633303514e-31	1.50382222488309	0.597	0.326	2.08065887600296e-27
HDAC1	10	1.04056396565197e-31	1.57881675241158	0.326	0.104	2.08341717202837e-27
TXN	10	1.18638477167921e-31	0.801028212476173	0.859	0.646	2.37537958985612e-27
DCHS1	10	2.44844339956327e-31	1.34369585415308	0.503	0.22	4.90227337460558e-27
SQLE	10	2.96584262163857e-31	1.75834825340207	0.359	0.128	5.93821009704474e-27
ODF2L	10	3.02497273405865e-31	1.29370667071458	0.48	0.198	6.05660040813222e-27
CDS2	10	3.10584820518768e-31	1.7410575364201	0.279	0.081	6.21852927642678e-27
MYO1B	10	3.18917586581227e-31	1.37744775306625	0.45	0.18	6.38536791852933e-27
EGLN1	10	3.31396966270774e-31	1.79694426296509	0.312	0.1	6.63523005867345e-27
TMOD2	10	3.58937392186669e-31	1.80961956298128	0.272	0.078	7.18664446636148e-27
ARHGDIA	10	3.70583886123063e-31	1.02671495298778	0.758	0.445	7.41983056795597e-27
SLC9A3R2	10	4.36028866953312e-31	1.73609657274718	0.658	0.368	8.73016997413922e-27
KIAA1551	10	7.87390399121686e-31	1.15827644016699	0.47	0.19	1.57651305712144e-26
MKNK2	10	7.92144785631932e-31	1.24179385498803	0.413	0.155	1.58603228979225e-26
BRI3	10	8.47559371679254e-31	1.00343417989691	0.883	0.779	1.6969833739762e-26
ITGB1BP1	10	1.03199872881416e-30	1.25090806827978	0.477	0.198	2.06626785483171e-26
ATP5L	10	1.18481352238759e-30	0.744048587688868	0.909	0.702	2.37223363452444e-26
TMEM2	10	1.20163491251818e-30	1.69313702614034	0.433	0.173	2.4059134218439e-26
C19orf10	10	1.63046814999313e-30	1.06534878155301	0.708	0.411	3.26452332991624e-26
MAPK3	10	1.75706006035395e-30	1.66125704049766	0.372	0.138	3.51798565284067e-26
HTATIP2	10	1.85435498099438e-30	1.7057849608191	0.312	0.101	3.71278954294695e-26
DYNC1H1	10	2.13996238522897e-30	0.981124584013779	0.742	0.423	4.28463268770544e-26
FRYL	10	2.43209866494457e-30	1.57620915949142	0.379	0.143	4.86954794695201e-26
IQGAP1	10	3.43035435183526e-30	1.1069320723145	0.614	0.31	6.86825548324456e-26
H2AFZ	10	3.54543789148851e-30	0.733551430333586	0.779	0.515	7.09867574633829e-26
MTSS1	10	3.64766864846574e-30	1.63718616304547	0.393	0.153	7.3033621679581e-26
HK1	10	4.19749237079469e-30	1.64333984998539	0.332	0.113	8.40421922480513e-26
SLC44A2	10	4.89946110637266e-30	1.73341908420607	0.349	0.124	9.80970102717933e-26
MYO10	10	5.58576375334884e-30	1.87548606297628	0.292	0.091	1.1183816186955e-25
MRPL33	10	8.81232003181578e-30	1.09685593804017	0.688	0.385	1.76440271677016e-25
UGCG	10	9.77535352234037e-30	1.45377536354394	0.362	0.131	1.95722128224299e-25
PHLDA1	10	9.92363231749677e-30	1.40196759281248	0.366	0.131	1.9869096626092e-25
CAST	10	9.97430726109922e-30	0.958484407004712	0.691	0.368	1.99705579981729e-25
EFCAB14	10	1.54471541530864e-29	1.6234460286187	0.473	0.213	3.09282920453096e-25
COX6C	10	1.5708038573518e-29	0.797420495996538	0.913	0.82	3.14506348318977e-25
IKBKB	10	1.71978345575246e-29	1.69589045761202	0.275	0.082	3.44335043510757e-25
KPNA2	10	1.87359972116258e-29	2.06717893945078	0.315	0.105	3.75132136171171e-25
TMEM258	10	2.16278372314613e-29	0.815552437628029	0.822	0.55	4.33032557048318e-25
ITGB1	10	2.33332100719956e-29	0.763255908501643	0.93	0.78	4.67177532061495e-25
ZSWIM7	10	2.64626281514295e-29	1.2849920971899	0.453	0.189	5.29834740847921e-25
FAM213A	10	3.15701232211682e-29	0.970190387860347	0.715	0.398	6.3209700713423e-25
ANXA1	10	3.19088096044741e-29	0.662365803241131	0.621	0.292	6.38878185900781e-25
MYOF	10	3.51784451024115e-29	1.90965729418475	0.292	0.095	7.04342827840483e-25
TNIP2	10	4.50116919868427e-29	1.69155298547851	0.299	0.096	9.01224096960565e-25
DIAPH1	10	4.94843783031607e-29	1.27027442336685	0.413	0.159	9.90776222385884e-25
SMARCA4	10	5.40741258983615e-29	1.40427944272667	0.379	0.14	1.082672148737e-24
BST2	10	6.46043278486777e-29	1.95941846449296	0.493	0.254	1.29350785218622e-24
HERC2	10	6.56177121629174e-29	1.83081838463575	0.413	0.174	1.31379783292593e-24
NECAP2	10	7.7756162062114e-29	1.16443909994368	0.5	0.221	1.55683387680765e-24
CASP7	10	7.8357140001391e-29	1.77964121384251	0.272	0.083	1.56886665710785e-24
AGRN	10	8.89148407795859e-29	1.76972586559205	0.315	0.106	1.78025294208887e-24
STK25	10	9.20928127250092e-29	1.27511919466659	0.46	0.194	1.84388229638013e-24
CNIH4	10	1.2419951726104e-28	1.24779460815435	0.463	0.197	2.48672273460054e-24
ADRM1	10	1.30017991372786e-28	1.26942125149804	0.47	0.205	2.60322022326593e-24
KLHL5	10	1.36411804536072e-28	1.6552735982965	0.309	0.103	2.73123715042123e-24
FYN	10	1.40475490848436e-28	1.08565359081075	0.456	0.188	2.81260027776738e-24
CDC34	10	2.453124004576e-28	1.46911552566423	0.349	0.125	4.91164488196207e-24
TGFBR3	10	3.05330810366134e-28	1.97573689147073	0.332	0.123	6.11333348515073e-24
PGF	10	3.36926201676746e-28	2.98466508023577	0.275	0.091	6.74593640997181e-24
MRPL12	10	3.41313286179315e-28	1.34060644300971	0.473	0.209	6.83377461588225e-24
RDX	10	3.54149045041608e-28	1.08973928360178	0.617	0.323	7.09077217982307e-24
VEZT	10	3.91464391535171e-28	1.4298379341257	0.386	0.148	7.8379000473172e-24
RN7SL1	10	9.59596974960829e-28	1.31339668966927	0.43	0.18	1.92130506326657e-23
RPS6KA3	10	1.03303819158056e-27	1.48942197868249	0.342	0.124	2.0683490671826e-23
CMIP	10	1.24990856260695e-27	1.7316633102782	0.305	0.104	2.50256692405163e-23
CISD1	10	1.31304135697692e-27	1.27066080779291	0.433	0.179	2.62897140493918e-23
DST	10	1.67698875024545e-27	1.14685611947885	0.587	0.304	3.35766687574145e-23
DGKZ	10	1.70075781712563e-27	1.4219383819665	0.379	0.147	3.40525730144894e-23
SPCS3	10	2.09938861623636e-27	1.05585332086388	0.617	0.323	4.20339588742843e-23
PSMD13	10	2.25581537539777e-27	1.13732987233843	0.574	0.295	4.51659354462141e-23
EPN2	10	2.29361196848928e-27	1.27589523122524	0.386	0.148	4.59226988330924e-23
TRAPPC4	10	2.36232755489686e-27	1.58232056722645	0.302	0.101	4.7298522304145e-23
HPCAL1	10	2.63014805114408e-27	1.67063341922473	0.272	0.085	5.26608242800067e-23
CYB5B	10	3.63012659435008e-27	1.39640583490327	0.352	0.129	7.26823946720773e-23
BID	10	3.74347926495686e-27	1.34151908778144	0.433	0.184	7.49519418429663e-23
GJA1	10	3.95537846771573e-27	1.27183899899019	0.493	0.229	7.91945876806044e-23
UBAP2	10	5.09242409368678e-27	1.42826388901983	0.346	0.126	1.01960515203797e-22
ATOX1	10	5.32484010462594e-27	0.880309288511039	0.765	0.521	1.06613948574821e-22
KIAA1462	10	5.73540916154156e-27	1.35671555155284	0.396	0.158	1.14834362232385e-22
YWHAH	10	6.91362629406298e-27	1.00560595726271	0.493	0.219	1.38424625659729e-22
PPIA	10	7.3632665371279e-27	0.663593594051006	1	0.986	1.47427322606375e-22
CCDC90B	10	7.7471476346618e-27	1.27308419258157	0.44	0.188	1.55113389941198e-22
PSMB3	10	8.92812096234191e-27	0.992405477977721	0.728	0.456	1.7875883790801e-22
EBPL	10	1.14164528258717e-26	1.00925925063873	0.628	0.328	2.28580218479604e-22
CCT5	10	1.16218679137618e-26	1.18528246812934	0.581	0.303	2.32693039369338e-22
MRPL15	10	1.18200089696854e-26	1.42801252026744	0.413	0.174	2.3666021959104e-22
LMBR1	10	1.29414888695355e-26	1.66942492567376	0.282	0.092	2.59114490145841e-22
PKM	10	1.33261574373258e-26	0.917105661874597	0.832	0.65	2.66816324210138e-22
NEDD4	10	1.40922570913341e-26	1.40320773656803	0.349	0.13	2.82155171482691e-22
RNF145	10	1.55606151803775e-26	1.32459396034578	0.409	0.168	3.11554637141519e-22
EHD2	10	1.74961900842251e-26	1.26584777884875	0.463	0.208	3.50308717866354e-22
STARD3NL	10	1.92465507908915e-26	1.6153640134187	0.305	0.106	3.85354439935229e-22
CTTNBP2NL	10	2.05829240570461e-26	1.54523627480409	0.336	0.123	4.12111305470176e-22
CLSTN3	10	2.16046312486642e-26	1.59076034525927	0.262	0.081	4.32567926860755e-22
VIMP	10	2.22514452037526e-26	1.21316065362549	0.49	0.227	4.45518435869534e-22
ITSN2	10	2.44353478590973e-26	1.38149471226156	0.386	0.154	4.89244534834845e-22
ASL	10	2.86972968045982e-26	1.61154258057104	0.268	0.085	5.74577276621664e-22
B2M	10	3.00629972311227e-26	0.837594288053761	0.993	0.962	6.01921330561538e-22
TMEM179B	10	3.18730129285802e-26	1.43152387815819	0.349	0.131	6.38161464856033e-22
GSDMD	10	3.91149893988108e-26	1.30125372806428	0.389	0.156	7.83160317742989e-22
TMEM223	10	4.06927983202328e-26	1.4751313211321	0.315	0.111	8.14751207967702e-22
COX8A	10	4.64742943295225e-26	0.832867311350746	0.758	0.463	9.30508321065699e-22
LPAR6	10	4.64985802028047e-26	1.17075287387588	0.44	0.188	9.30994572820555e-22
ESYT1	10	5.1540168753344e-26	1.57961978765407	0.275	0.089	1.03193725877945e-21
CORO1C	10	6.25997687962124e-26	1.45176056931195	0.346	0.13	1.25337257083776e-21
SACS	10	6.43356915002877e-26	1.71073389847082	0.252	0.077	1.28812921521876e-21
TUBA1A	10	7.10615906222998e-26	1.07074205145005	0.735	0.491	1.42279516743969e-21
PAFAH1B2	10	9.02985929933425e-26	1.34900685951265	0.376	0.149	1.8079584289127e-21
AGPAT5	10	1.02578207237072e-25	1.48846293986703	0.285	0.094	2.05382086530065e-21
RGS5	10	1.23585788288713e-25	1.05601923157723	0.268	0.087	2.47443465311661e-21
CLIC4	10	1.34116703737448e-25	1.20307524314784	0.46	0.207	2.68528464223117e-21
EEF1D	10	1.98962832562118e-25	0.55874717594044	0.913	0.764	3.98363383355872e-21
TAP1	10	2.19303786212523e-25	1.60198760068252	0.326	0.123	4.39090040754713e-21
AHNAK	10	2.21557250791785e-25	0.865708910159629	0.812	0.582	4.43601927535311e-21
TMEM256	10	2.47572346593258e-25	1.32370542114979	0.403	0.17	4.95689352349022e-21
ARHGAP23	10	2.57326776617986e-25	1.48975083554302	0.305	0.107	5.15219672144531e-21
PTPN12	10	2.72206206974354e-25	1.14023092909898	0.483	0.221	5.45011267604051e-21
RPS18	10	3.23271349776044e-25	0.429018487386158	1	1	6.47253896521595e-21
TUBA1C	10	4.54573864453549e-25	1.67661758446634	0.332	0.126	9.10147791408896e-21
TRMT112	10	4.60198797248704e-25	0.815097470710699	0.772	0.521	9.21410031851355e-21
C9orf16	10	4.62855590933978e-25	0.683515921299025	0.822	0.561	9.26729464168011e-21
SEPT10	10	5.14352705250073e-25	1.21216144953109	0.396	0.163	1.0298369864517e-20
RELA	10	5.31405823886088e-25	1.53271881268504	0.282	0.095	1.06398074058473e-20
LRRC8A	10	6.11072077454316e-25	1.57539997833444	0.319	0.118	1.22348851347903e-20
RASAL2	10	6.60105769473124e-25	1.34373191747198	0.339	0.128	1.32166377163909e-20
HIP1	10	7.90978737645192e-25	1.28775389758516	0.379	0.152	1.5836976285132e-20
SLC1A5	10	1.12769928927448e-24	1.53250250036124	0.279	0.094	2.25787951698537e-20
SIPA1L2	10	1.29885914982795e-24	1.8195394713832	0.252	0.081	2.60057578978552e-20
PSMA7	10	1.32779912426117e-24	0.604964080671786	0.933	0.814	2.65851940659572e-20
NCKAP1	10	1.40344824605217e-24	1.06875468163511	0.473	0.215	2.80998407824565e-20
PFKL	10	1.61474773391992e-24	1.13064921536105	0.47	0.216	3.23304791285446e-20
SLC25A24	10	1.61823568905266e-24	1.54591167627643	0.255	0.081	3.24003149662125e-20
FLOT1	10	1.67774671173483e-24	1.20062267477871	0.497	0.243	3.35918446623547e-20
DLGAP4	10	1.74693616422675e-24	1.27635448011269	0.386	0.159	3.49771558801479e-20
MGST3	10	2.04522322898836e-24	0.772309771681041	0.832	0.632	4.0949459490805e-20
GGT5	10	2.07540012214656e-24	1.73887834493093	0.315	0.12	4.15536612456184e-20
AP1S2	10	2.35489963420641e-24	1.06278628924187	0.372	0.147	4.71498004760808e-20
CD59	10	3.03334803938695e-24	1.69955642093452	0.628	0.46	6.07336944446054e-20
GADD45GIP1	10	3.18426520427489e-24	0.887142071936669	0.691	0.427	6.37553579199919e-20
KIAA1456	10	3.43729670936653e-24	1.54177677586129	0.285	0.099	6.88215547149366e-20
RAB5C	10	3.69419128191809e-24	0.869632249045845	0.688	0.402	7.3965097846564e-20
RPAIN	10	4.5042696183891e-24	1.17908185807034	0.416	0.179	9.01844862993866e-20
COX5A	10	4.73064897437573e-24	0.963950357372138	0.728	0.513	9.47170537649508e-20
PRMT2	10	5.15864294685712e-24	0.865681598104272	0.634	0.333	1.03286349081973e-19
XAF1	10	6.21525545313287e-24	1.94028866530409	0.319	0.125	1.24441844682626e-19
CTNNBIP1	10	6.77986190439299e-24	1.72787920161834	0.386	0.172	1.35746395049756e-19
AP2A2	10	6.93931774797217e-24	1.14356169490637	0.55	0.3	1.38939019949899e-19
VPS13A	10	7.03347344627309e-24	1.64882585114378	0.262	0.088	1.4082420534128e-19
COTL1	10	7.8058739081456e-24	0.766107316780123	0.594	0.307	1.56289207388891e-19
DCAF13	10	9.36267212259513e-24	1.24168917406448	0.376	0.153	1.874594212386e-19
PAK2	10	1.06106113066389e-23	0.826172151618498	0.678	0.381	2.12445659581524e-19
KPNB1	10	1.08762137391261e-23	0.912656024039837	0.671	0.392	2.17763551484783e-19
IDH2	10	1.20551151144611e-23	1.38188951688361	0.446	0.22	2.4136751482174e-19
MIF	10	1.27678849759738e-23	0.773575712048166	0.799	0.57	2.55638592988947e-19
KRTCAP2	10	1.36258494672764e-23	0.919113755284329	0.651	0.393	2.72816758033808e-19
YWHAZ	10	1.3817726500138e-23	0.930393906009981	0.768	0.572	2.76658519985764e-19
HSP90B1	10	1.6230630381012e-23	0.813662589133293	0.926	0.829	3.24969681488622e-19
DYNC1I2	10	1.67839398938074e-23	0.743044060178944	0.752	0.437	3.36048044553812e-19
LTC4S	10	1.74680732075951e-23	1.68907204737774	0.275	0.098	3.49745761762468e-19
TRAF7	10	1.96875697979233e-23	1.35702316243693	0.339	0.133	3.94184522494021e-19
TMEM160	10	2.14004200350129e-23	1.03838141369079	0.537	0.271	4.28479209941028e-19
EIF4G2	10	2.69155714048889e-23	0.664076093021182	0.893	0.73	5.38903570668685e-19
UBXN1	10	2.76490625528935e-23	0.811591038929492	0.628	0.332	5.53589530434034e-19
COMMD7	10	3.18331649744125e-23	1.14351172573098	0.43	0.192	6.37363629117687e-19
VCP	10	3.65341585291137e-23	0.921508313058019	0.624	0.348	7.31486922069914e-19
EIF2S2	10	3.66514860295998e-23	0.877119085996128	0.664	0.379	7.33836053284647e-19
PNPLA2	10	4.23357708294401e-23	1.47729185323321	0.292	0.105	8.47646803547049e-19
TAX1BP3	10	4.71431479102037e-23	1.2301650497978	0.446	0.21	9.43900107458099e-19
ADAMTS7	10	5.78711355720681e-23	1.41847167917575	0.339	0.136	1.15869587642395e-18
CCT2	10	6.0249747961938e-23	1.07105901875133	0.557	0.301	1.20632045369392e-18
KIF5B	10	6.3392919563462e-23	0.944411106955455	0.611	0.34	1.26925303549964e-18
PKP4	10	7.03576288119781e-23	1.54482618525019	0.295	0.11	1.40870044407343e-18
MRPL41	10	7.26963834944809e-23	0.980123006195742	0.597	0.336	1.4555269903265e-18
RPS13	10	7.87590357135657e-23	0.444308304022174	0.987	0.991	1.57691341305701e-18
AP2S1	10	8.39464746739615e-23	0.801127718747054	0.826	0.648	1.68077631592206e-18
ACTR1A	10	8.60959686438631e-23	1.51588322943923	0.285	0.103	1.72381348418743e-18
FAM60A	10	9.35779814256271e-23	1.19187341151571	0.366	0.149	1.87361834410391e-18
SRD5A3	10	9.68363485417539e-23	1.50842742452019	0.285	0.103	1.938857370503e-18
LRRFIP1	10	1.07888856971807e-22	1.02838496212591	0.611	0.342	2.16015069428951e-18
CNDP2	10	1.42675694430478e-22	1.36250840598336	0.346	0.141	2.85665275388702e-18
OST4	10	1.57745587493442e-22	0.554309933321165	0.936	0.837	3.1583821527937e-18
SSFA2	10	2.17003954502688e-22	1.26215727865025	0.426	0.196	4.34485317705283e-18
SYMPK	10	2.1921119867335e-22	1.29583185461199	0.352	0.144	4.38904661983781e-18
C11orf83	10	2.38644687999875e-22	1.37107809631622	0.329	0.13	4.77814394313351e-18
LPHN2	10	2.43294986790678e-22	1.35395607548439	0.356	0.149	4.87125222552296e-18
THSD7A	10	2.6386633013327e-22	1.17401341356682	0.44	0.202	5.28313166192834e-18
RNF19A	10	2.64687606875054e-22	1.2969183483642	0.503	0.263	5.29957526485234e-18
LRP10	10	3.22833877342117e-22	1.19769753623769	0.386	0.166	6.46377989214387e-18
C11orf48	10	3.30393121449201e-22	1.36726226921992	0.312	0.119	6.6151310776559e-18
SLC35B1	10	3.44139686265052e-22	1.2104948107018	0.406	0.182	6.89036479839887e-18
CCT6A	10	3.68874131955453e-22	0.803512081333733	0.695	0.404	7.38559787001209e-18
ACOT9	10	3.70879042492195e-22	1.45460932899747	0.275	0.098	7.42574018877873e-18
REEP5	10	4.63776450843923e-22	0.836298000560916	0.641	0.363	9.28573209879703e-18
SNRPB	10	4.78653510362741e-22	0.724267288132055	0.772	0.495	9.5836005844828e-18
DEAF1	10	4.9986087424293e-22	1.39673947029675	0.282	0.102	1.0008214424092e-17
S100A13	10	5.01238256335481e-22	0.682227861877829	0.782	0.493	1.0035792368349e-17
ELOVL5	10	5.38013201918642e-22	1.3497724180559	0.362	0.155	1.0772100328815e-17
PRKAA1	10	5.49395480515009e-22	1.38475688446185	0.295	0.11	1.09999963108715e-17
VKORC1	10	6.08057649648347e-22	0.990552888600176	0.523	0.263	1.21745302612592e-17
SNRPG	10	6.99837336198586e-22	0.77685700997589	0.715	0.444	1.40121431453681e-17
RPS28	10	7.31569556887206e-22	0.363547986870511	1	1	1.46474856679956e-17
RHOA	10	7.56937128027191e-22	0.630452985778119	0.883	0.722	1.51553951773604e-17
GIPC1	10	8.52295226287477e-22	1.26106643645131	0.359	0.15	1.70646550207279e-17
PGLS	10	9.62229974165764e-22	0.942225620839852	0.648	0.397	1.92657685427469e-17
PSMB6	10	9.83721509581947e-22	0.917061292784867	0.732	0.507	1.96960720648497e-17
PDCD5	10	1.12216397694674e-21	0.932303713290317	0.617	0.359	2.24679671464276e-17
BCAT1	10	1.13937985331065e-21	1.5408349630627	0.255	0.089	2.28126634229858e-17
RAN	10	1.34455737835459e-21	0.807491889938778	0.802	0.617	2.69207278294155e-17
DUSP6	10	1.40570892851734e-21	1.19985465154341	0.426	0.198	2.81451041667742e-17
TBC1D1	10	1.4702814209993e-21	1.44321546017894	0.289	0.108	2.9437974611248e-17
RAB1B	10	1.65423380472372e-21	1.35982171556079	0.305	0.117	3.31210692381782e-17
PTBP3	10	1.87522676785822e-21	1.15144194527681	0.339	0.135	3.75457903460574e-17
NR2F6	10	1.96497870769612e-21	1.33213837329242	0.339	0.139	3.93428036854917e-17
RAI14	10	2.17147150225115e-21	1.15125408756514	0.409	0.186	4.34772024180725e-17
STIP1	10	2.28529048808487e-21	1.31429847050668	0.362	0.158	4.57560861524352e-17
PRPF8	10	2.34020799116003e-21	1.11043177898959	0.416	0.19	4.68556443990061e-17
DERL1	10	2.72343866513154e-21	1.27418528530599	0.356	0.151	5.45286889532638e-17
NDUFB2	10	2.87661138065876e-21	0.593986457432836	0.899	0.797	5.75955130635496e-17
SRI	10	3.03451457685291e-21	0.921636450107653	0.685	0.447	6.07570508577491e-17
ABCD4	10	3.12791224314031e-21	1.10823590886135	0.426	0.198	6.26270589321553e-17
VASP	10	3.24399528580738e-21	1.37428626796101	0.329	0.134	6.49512736124354e-17
SOX4	10	3.2870342577663e-21	0.707602524637032	0.795	0.562	6.58129999089969e-17
ROMO1	10	4.14199109572757e-21	0.833351394778506	0.638	0.379	8.29309457186574e-17
RSF1	10	4.59759053468156e-21	1.01265360886561	0.466	0.226	9.20529576853942e-17
SF1	10	4.81963054217675e-21	0.78566323268471	0.688	0.414	9.64986427154628e-17
TXNDC9	10	4.94562603740602e-21	1.39513603024185	0.299	0.115	9.90213245209433e-17
ZBTB38	10	5.50356343455497e-21	1.34514891496259	0.369	0.166	1.1019234708666e-16
AGAP3	10	5.57874583829673e-21	1.07862167629113	0.383	0.165	1.11697649174377e-16
TMEM165	10	5.71217325337881e-21	1.02557113363249	0.503	0.259	1.14369132879151e-16
EIF3J	10	6.6371668232696e-21	1.02939954308421	0.487	0.247	1.32889354135504e-16
NDUFS6	10	7.24104209283583e-21	0.728538743534081	0.775	0.511	1.44980144782759e-16
COX6A1	10	8.12014082377579e-21	0.871400231655999	0.644	0.393	1.62581459573639e-16
ZFYVE21	10	1.04655242454734e-20	1.40559038787902	0.339	0.145	2.09540726442869e-16
EGLN2	10	1.22673372640866e-20	1.20367777199091	0.376	0.166	2.45616626701542e-16
FMNL3	10	1.32469975592604e-20	1.42199199481851	0.268	0.098	2.65231385131512e-16
CYTH1	10	1.47585768437258e-20	1.28998634570045	0.302	0.117	2.95496225565078e-16
BANF1	10	1.59325142269465e-20	0.843747299599456	0.664	0.397	3.19000799851922e-16
C11orf73	10	1.68048603566727e-20	1.16527605854531	0.376	0.166	3.36466914061302e-16
KAT6A	10	1.75148507465065e-20	1.01962846014008	0.49	0.252	3.50682341646552e-16
KARS	10	1.80214954370829e-20	1.2332857582208	0.322	0.13	3.60826381641273e-16
SLC16A3	10	1.85413881760773e-20	1.40696503785524	0.295	0.115	3.71235674061419e-16
NFE2L1	10	1.85761767086621e-20	0.899454663876669	0.56	0.306	3.71932210060833e-16
ECH1	10	1.97576424734699e-20	0.802103269539417	0.631	0.355	3.95587517603813e-16
LEPROTL1	10	2.06493054189797e-20	1.07685834947855	0.426	0.204	4.13440393098811e-16
MAP1LC3B	10	2.13327183825801e-20	0.831232987516856	0.661	0.405	4.27123687456019e-16
PSMB2	10	2.45563197407216e-20	0.888931420095214	0.624	0.366	4.91666633848727e-16
SUN2	10	2.47481368525961e-20	1.39090294455148	0.255	0.091	4.95507196062679e-16
C16orf62	10	2.8469757136824e-20	1.57947659922252	0.252	0.091	5.7002147739349e-16
ABHD17A	10	3.06056991980502e-20	0.8862429629355	0.587	0.336	6.1278730934336e-16
DDB1	10	3.16614178175676e-20	1.06889894031992	0.409	0.189	6.33924907543338e-16
TCF4	10	3.28041550265215e-20	0.613193633863992	0.886	0.689	6.56804791941013e-16
DDX39A	10	3.31622623444324e-20	1.32222425765093	0.326	0.135	6.63974816660225e-16
PSMC5	10	3.33760580538238e-20	0.840118997372177	0.651	0.393	6.6825543435366e-16
RPL41	10	3.39152572410909e-20	0.327858131709217	1	1	6.79051280481121e-16
HDGFRP3	10	3.59643698288292e-20	1.0042119717927	0.433	0.204	7.20078612712818e-16
FAM63B	10	3.82769819968123e-20	1.23741516838667	0.352	0.152	7.66381733540177e-16
PXDN	10	4.10344482442388e-20	1.25149035359839	0.55	0.336	8.2159172274615e-16
IGFBP7	10	4.25590907627661e-20	1.92958785107665	0.829	0.801	8.52118115252103e-16
TMEM184B	10	4.4164146090792e-20	1.40360183478557	0.265	0.098	8.84254533029838e-16
PRKAR1B	10	4.91611910731304e-20	1.43053674500925	0.255	0.092	9.84305367666216e-16
SH3BP2	10	5.14967019822457e-20	1.5517169149874	0.258	0.095	1.03106696708852e-15
LAMB2	10	5.51617975637279e-20	0.867099076406105	0.523	0.269	1.10444951082096e-15
C14orf166	10	6.21745716419136e-20	0.773762240323638	0.648	0.381	1.24485927341439e-15
IKBIP	10	6.32578548379398e-20	1.03899979021863	0.446	0.219	1.26654876956523e-15
FKBP9	10	6.9790534163622e-20	0.852992093456617	0.547	0.287	1.39734607502404e-15
DNAJC4	10	7.82719933734082e-20	1.31424144135198	0.258	0.093	1.56716185132238e-15
ROCK2	10	8.76462424417151e-20	0.91206725820339	0.503	0.256	1.75485306616802e-15
PSMA1	10	9.16894486436806e-20	0.776692725097266	0.658	0.389	1.83580614074377e-15
PRMT1	10	1.03974190860744e-19	0.83470898113115	0.685	0.454	2.08177124941382e-15
POLD4	10	1.1709846596068e-19	1.00965017003372	0.49	0.25	2.34454548546474e-15
PDIA5	10	1.40935043424237e-19	1.48263142364285	0.255	0.094	2.82180143944008e-15
PPP1CC	10	1.86981431066663e-19	1.05997724514591	0.54	0.308	3.74374221281673e-15
PPM1G	10	1.88907144353119e-19	0.782994652532856	0.587	0.321	3.78229884423816e-15
CAPRIN1	10	2.17634014286919e-19	0.886928661537033	0.493	0.249	4.35746823405269e-15
TSPAN9	10	2.49571672492437e-19	1.17146867396046	0.352	0.154	4.99692402664357e-15
NTHL1	10	3.44168106486334e-19	1.17119912050017	0.342	0.148	6.89093382806937e-15
CD2AP	10	3.5716938759892e-19	1.02650976637659	0.359	0.156	7.15124547850557e-15
CCT3	10	3.67325508245353e-19	0.814515445016937	0.685	0.444	7.35459132608845e-15
TCEB1	10	3.68944044232008e-19	0.873572309880246	0.581	0.334	7.38699765361326e-15
ABRACL	10	3.75460650920951e-19	1.37345990323719	0.299	0.123	7.51747315273929e-15
CASP4	10	4.39117518725333e-19	1.06394614734886	0.356	0.154	8.79201095991862e-15
TAPBP	10	5.290752571345e-19	1.2006032674131	0.443	0.23	1.0593144798347e-14
GAS6	10	5.36472477811272e-19	0.9785802469341	0.473	0.246	1.07412519507373e-14
FOXO1	10	5.57795753334459e-19	1.26368310044356	0.305	0.125	1.11681865732625e-14
LAMTOR2	10	5.68516027584939e-19	0.872936064100675	0.587	0.345	1.13828279043056e-14
FIBP	10	5.77140681940415e-19	1.12543180425402	0.383	0.178	1.1555510733811e-14
SHFM1	10	5.9023011432597e-19	0.608613646760847	0.916	0.775	1.18175873490346e-14
PPP1R18	10	6.02179075362924e-19	1.12520873848133	0.352	0.155	1.20568294469165e-14
GSTP1	10	7.05372582729529e-19	0.643829724237416	0.862	0.727	1.41229698514106e-14
SMURF2	10	7.24780796542893e-19	1.09335198404446	0.399	0.189	1.45115611083818e-14
DDX5	10	7.31967004776127e-19	0.399094676586248	0.983	0.875	1.46554433696276e-14
NRIP1	10	7.42002066327029e-19	1.0903597709198	0.413	0.202	1.48563653719998e-14
SEMA3F	10	7.61534911569806e-19	1.51606857449752	0.272	0.108	1.52474519994507e-14
NUCB1	10	7.64851126733332e-19	0.930284689893319	0.594	0.355	1.53138492594548e-14
UBE2D2	10	8.35570779402233e-19	0.722394926341152	0.641	0.375	1.67297981451915e-14
GGA1	10	8.86334996495361e-19	1.06327208195496	0.403	0.192	1.77461992998301e-14
MDK	10	8.97490070599424e-19	0.960684170705263	0.789	0.652	1.79695461935417e-14
PLP2	10	1.01385924609979e-18	1.19095280660434	0.272	0.104	2.02994898254099e-14
CEBPG	10	1.35861767027456e-18	1.32630465949923	0.282	0.112	2.72022429942372e-14
PLS3	10	1.48907898100053e-18	1.07094764686467	0.416	0.202	2.98143393575926e-14
SMS	10	2.05290586625499e-18	1.63294716332744	0.406	0.212	4.11032812541573e-14
ADSS	10	2.10681736837396e-18	1.10821686627322	0.376	0.174	4.21826973495833e-14
INF2	10	2.14205895874887e-18	1.30498644694061	0.299	0.124	4.28883044720698e-14
ENOSF1	10	2.42115195026935e-18	1.31633601788553	0.265	0.102	4.84763043482929e-14
NEIL1	10	2.8108316102693e-18	1.35475847526704	0.252	0.094	5.62784705008119e-14
MPST	10	2.8275042468121e-18	1.08575401245793	0.366	0.168	5.66122900296719e-14
DCTN2	10	2.91860174221435e-18	0.851008888469019	0.48	0.245	5.84362440826157e-14
NT5C3A	10	2.9808025760675e-18	1.07392926285309	0.349	0.154	5.96816291780236e-14
RRP36	10	3.00324025714284e-18	1.26888195648368	0.299	0.124	6.01308764285139e-14
KLC1	10	3.07307779087844e-18	1.08552503700885	0.362	0.164	6.15291635289681e-14
NAP1L4	10	3.65669954264538e-18	0.799148159747412	0.597	0.345	7.32144382428459e-14
GANAB	10	3.87520796624855e-18	1.08597245367886	0.366	0.168	7.75894139002284e-14
KPNA3	10	4.13376399830546e-18	1.29292429339933	0.289	0.118	8.2766222774072e-14
AP2B1	10	4.19702799269131e-18	0.817119507702216	0.56	0.316	8.40328944696653e-14
ADAMTS9	10	4.31858428389251e-18	0.982268592303415	0.483	0.258	8.64666945320959e-14
PSMD2	10	4.4623204396077e-18	0.996979157759609	0.443	0.225	8.93445798418254e-14
SNTB2	10	4.67511966932161e-18	1.31542205203875	0.376	0.183	9.36052460191573e-14
SNRPD1	10	4.81355025210119e-18	0.848053990009347	0.624	0.39	9.63769031475701e-14
MET	10	4.88362255173953e-18	1.4886361089258	0.275	0.112	9.77798907309289e-14
DDX21	10	5.96089033154698e-18	0.91320470246772	0.554	0.323	1.19348946218234e-13
STAU1	10	6.49031031653264e-18	0.818174323571781	0.517	0.278	1.29948993157617e-13
SIN3B	10	6.86227854538527e-18	1.17450912828052	0.309	0.13	1.37396541035704e-13
WASF2	10	7.58677657685806e-18	0.772653817663366	0.691	0.449	1.51902440621852e-13
RBM17	10	8.80187518446135e-18	0.776270661124755	0.581	0.333	1.76231144943285e-13
MAF1	10	9.39282877030194e-18	0.959489880914847	0.403	0.194	1.88063217638986e-13
TRIM24	10	9.48196703444329e-18	1.39185627684519	0.258	0.101	1.89847943963624e-13
HOXB7	10	1.02862834448923e-17	1.29978150668045	0.322	0.143	2.05951967133634e-13
FLNA	10	1.09298101372517e-17	0.618970130616068	0.768	0.532	2.18836658568054e-13
HSD17B12	10	1.17038770608115e-17	1.12197510462277	0.419	0.215	2.34335026511569e-13
TGFB1I1	10	1.39557214029245e-17	0.930232396544965	0.419	0.204	2.79421453929355e-13
FN1	10	1.50725772282879e-17	1.23244912360456	0.762	0.646	3.0178314126478e-13
LPCAT2	10	1.61577147857202e-17	1.20987225018379	0.332	0.148	3.2350976543969e-13
RCN1	10	1.84960169593183e-17	0.760128246069652	0.607	0.357	3.7032725155947e-13
TRIM44	10	1.90940946459285e-17	0.839371963208697	0.564	0.326	3.8230196300078e-13
SLIRP	10	1.92973400039469e-17	0.844256246392235	0.557	0.322	3.86371341559025e-13
MSRB3	10	2.23728069229428e-17	1.41153519698363	0.275	0.114	4.4794834021116e-13
GNB4	10	2.40335873995003e-17	1.22392353289722	0.279	0.113	4.81200486912794e-13
PRPSAP1	10	2.44560932839345e-17	1.05019196389657	0.352	0.161	4.89659899730936e-13
ACLY	10	2.55341252429623e-17	1.13550122451128	0.312	0.134	5.11244255614591e-13
ASAP1	10	2.60597824086204e-17	0.964815327186568	0.453	0.237	5.21768963385397e-13
YBX1	10	2.67678562104853e-17	0.426614426784926	0.963	0.915	5.35946017046337e-13
HLA-F	10	2.84059700744369e-17	1.0363565782133	0.372	0.176	5.68744332830375e-13
STOM	10	3.11935346998834e-17	1.58293167671673	0.49	0.332	6.24556951761065e-13
F2R	10	3.14410841537346e-17	0.502070014155643	0.5	0.249	6.29513386926075e-13
PUF60	10	3.83886510471042e-17	1.00600316346372	0.396	0.193	7.6861757126512e-13
HEBP1	10	4.23782701014613e-17	1.00505245829529	0.416	0.211	8.48497723971459e-13
NUTF2	10	4.34280660058111e-17	0.886291626367881	0.477	0.255	8.69516737568350e-13
PRAME	10	4.94701051637705e-17	1.31617765162452	0.305	0.135	9.90490445589014e-13
TNIP1	10	5.73366469068877e-17	1.29607212758585	0.292	0.126	1.14799434436971e-12
DDT	10	5.83092800752806e-17	0.938576002276017	0.463	0.25	1.16746840566727e-12
LYSMD2	10	5.90016024325794e-17	1.24991964572316	0.289	0.122	1.1813300839051e-12
VOPP1	10	6.15126859092722e-17	1.11215450350467	0.319	0.14	1.23160699727545e-12
GNAS	10	6.98366234014421e-17	0.42257684195209	0.99	0.985	1.39826887374367e-12
YWHAG	10	7.3032777466618e-17	1.05439579362548	0.389	0.194	1.46226227043662e-12
RPL7	10	7.30358997736301e-17	0.520003497822046	0.923	0.895	1.46232478526762e-12
YIF1A	10	7.53686099783486e-17	0.994868686309199	0.416	0.211	1.50903030898649e-12
PPP4C	10	8.57656036452291e-17	0.908171780968177	0.473	0.253	1.71719891618478e-12
TPRKB	10	9.00151645909065e-17	1.13049232722321	0.359	0.172	1.80228362543913e-12
MANF	10	9.38704020085514e-17	1.06379779061667	0.46	0.25	1.87947318901522e-12
SDCBP	10	9.66571014168605e-17	0.533513516226096	0.805	0.589	1.93526848456838e-12
MTRNR2L12	10	1.04606749654129e-16	0.411091344186965	0.997	0.998	2.09443634157498e-12
LIMCH1	10	1.08596155467521e-16	0.843756357401711	0.416	0.204	2.17431222477071e-12
RIMKLB	10	1.32419188205944e-16	1.19202465830953	0.268	0.109	2.6512969862594e-12
CYB5D2	10	1.7064672246549e-16	1.41361174713404	0.319	0.145	3.41668867720405e-12
PRELID1	10	1.91136771283179e-16	0.69607100451288	0.718	0.524	3.82694043463181e-12
HIPK2	10	1.91332062970386e-16	1.28168927523923	0.302	0.136	3.83085056479307e-12
MAP4	10	2.00560676800484e-16	0.832215861433075	0.56	0.333	4.01562587089929e-12
PCBD1	10	2.13910103221204e-16	1.27071233353591	0.44	0.243	4.28290808669496e-12
TMEM204	10	2.4644938443889e-16	0.759475249538043	0.463	0.24	4.93440957523545e-12
FAM198B	10	2.51896812581339e-16	1.46637365813381	0.346	0.175	5.04347798150357e-12
FAR1	10	2.79151531956867e-16	0.993178358006999	0.372	0.18	5.58917197284039e-12
PINK1	10	3.16134694371131e-16	1.21968040817588	0.352	0.173	6.32964885069879e-12
CCDC167	10	3.81784247158312e-16	1.23429204502801	0.305	0.138	7.64408419660371e-12
FAM107B	10	3.94690122577614e-16	0.892867601459169	0.43	0.226	7.90248563424898e-12
TNFRSF10B	10	4.01357487556547e-16	1.14123301538591	0.309	0.138	8.03597961585719e-12
RTN3	10	4.72534971813888e-16	1.0311346993768	0.362	0.176	9.46109520565766e-12
SHARPIN	10	4.88854113165668e-16	1.16701993795868	0.322	0.149	9.787837053803e-12
SVIL	10	5.12120219328754e-16	0.815008814656703	0.396	0.196	1.02536710314003e-11
EIF6	10	5.17467558087851e-16	0.817939356435086	0.51	0.288	1.03607354480349e-11
PRKD3	10	5.46097524967398e-16	0.986685071160462	0.393	0.196	1.09339646448972e-11
NEDD8	10	5.55112716045755e-16	0.4983214300756	0.846	0.655	1.11144668006681e-11
TRIM28	10	5.579164047208e-16	0.871035110323603	0.52	0.302	1.11706022553199e-11
CCDC137	10	5.68032220775091e-16	1.25252882407036	0.295	0.131	1.13731411243589e-11
PDE8A	10	5.91245150275945e-16	1.17623910830151	0.272	0.113	1.1837910398825e-11
EMC6	10	6.04076195170266e-16	0.934264540805864	0.473	0.267	1.20948135796991e-11
SLFN5	10	6.09168063109667e-16	1.12052967571523	0.305	0.137	1.21967629595818e-11
MPRIP	10	6.94372265018181e-16	0.991548193945543	0.342	0.159	1.3902721490194e-11
LAMTOR1	10	7.10382731306375e-16	0.682883733761655	0.581	0.331	1.42232830462162e-11
NME1	10	7.75471695779927e-16	1.01576419401369	0.631	0.445	1.55264942929057e-11
NFAT5	10	8.35808651920693e-16	1.08541207494162	0.426	0.229	1.67345608287561e-11
APRT	10	1.070395311531e-15	0.596437141504726	0.745	0.533	2.14314549274736e-11
NDUFA8	10	1.39003948379128e-15	0.817169567385452	0.517	0.296	2.78313705444691e-11
SLC25A39	10	1.43931284962618e-15	0.866150812842973	0.463	0.256	2.88179218752154e-11
CCDC82	10	1.48123434322744e-15	0.875502924474039	0.523	0.317	2.96572740200998e-11
MVB12A	10	1.5061451735521e-15	1.01533543155715	0.362	0.177	3.01560386648601e-11
IARS2	10	1.85137942957407e-15	0.960688677931442	0.376	0.188	3.7068318938932e-11
POMP	10	1.97020345644819e-15	0.687519105465284	0.809	0.651	3.94474136050057e-11
TMEM126B	10	2.3109595002099e-15	1.20623927250349	0.268	0.114	4.62700311132027e-11
C1orf43	10	2.36175354077469e-15	0.747850979009676	0.51	0.287	4.72870293933909e-11
TFPT	10	2.62461151936089e-15	1.22347597742879	0.265	0.113	5.25499718406438e-11
SYPL1	10	2.65444629759126e-15	0.748580098294212	0.534	0.306	5.31473237703722e-11
SH3GLB1	10	2.68074167926121e-15	0.718882531608408	0.584	0.36	5.36738099021679e-11
HOXB4	10	2.76025184148837e-15	1.09816186268677	0.289	0.127	5.52657623702801e-11
COMMD2	10	2.94513809685435e-15	0.96068272175947	0.423	0.228	5.89675549752178e-11
NDUFS8	10	2.9493860701933e-15	0.769542673881117	0.5	0.278	5.90526078974102e-11
SLC39A1	10	3.06643936598278e-15	0.853132376159041	0.44	0.235	6.13962489857072e-11
MTCH2	10	3.29514409820612e-15	1.25936964702798	0.265	0.114	6.59753751342829e-11
LYPLA2	10	3.61694153267408e-15	1.15059330111064	0.275	0.119	7.24184033672004e-11
ATXN3	10	3.75015823545025e-15	1.24016677867165	0.289	0.13	7.5085668190185e-11
KBTBD2	10	3.78343559941656e-15	1.02922829823509	0.295	0.131	7.57519475715183e-11
MRPL14	10	4.23202654753483e-15	0.803194992810114	0.513	0.301	8.47336355347424e-11
RPS6	10	4.55958722521007e-15	0.364173098867672	0.99	0.991	9.1292055423156e-11
BCAP29	10	4.56014414380722e-15	0.763135001660292	0.557	0.335	9.13032060473082e-11
EEF1B2	10	4.61443763943244e-15	0.419311034650027	0.936	0.85	9.23902704167163e-11
ARCN1	10	5.130870578102e-15	0.977053185163595	0.419	0.228	1.02730290714758e-10
MT-CO1	10	5.25058629335596e-15	0.343196078884853	1	1	1.05127238765573e-10
ZNF706	10	5.65938279943548e-15	0.615358742442996	0.711	0.494	1.13312162410297e-10
SLC43A3	10	6.09155916806013e-15	1.0648483790885	0.299	0.135	1.219651976629e-10
PPIC	10	6.35474083221205e-15	0.699093665024325	0.587	0.349	1.2723462094255e-10
NDUFB9	10	6.60558644858511e-15	0.848001662203817	0.54	0.337	1.32257051873571e-10
GPAA1	10	6.85870664532411e-15	1.00024747453344	0.326	0.153	1.37325024452679e-10
GRN	10	6.92445772439898e-15	0.445402408375919	0.849	0.667	1.38641492557916e-10
DAAM1	10	7.49035069762688e-15	1.00560595726271	0.453	0.259	1.49971801667885e-10
STRN4	10	8.20577244678084e-15	1.12256450685776	0.268	0.115	1.64295975929446e-10
FAM43A	10	8.77819180255547e-15	0.665823024751635	0.483	0.261	1.75756956270766e-10
SCCPDH	10	9.67059605098101e-15	1.11585318850575	0.282	0.125	1.93624674132742e-10
AKT3	10	9.72599009927886e-15	1.1647327728899	0.309	0.144	1.94733773767761e-10
IPO7	10	1.02352977271892e-14	0.961983736403405	0.399	0.21	2.04931131093782e-10
UBA6	10	1.0424843419581e-14	1.07646679158745	0.289	0.129	2.08726214946851e-10
TSN	10	1.0993071479776e-14	1.15153854677278	0.359	0.182	2.20103277168076e-10
RGL2	10	1.10637108604851e-14	0.851979116254505	0.413	0.217	2.21517618848633e-10
MAP7D1	10	1.11312773660437e-14	0.949212093219276	0.366	0.184	2.22870435422928e-10
HIF1A	10	1.11621488547689e-14	0.755847205824876	0.564	0.334	2.23488544370182e-10
GLRX3	10	1.12276198827813e-14	0.969285322225532	0.379	0.195	2.24799405293047e-10
CDK9	10	1.14546388178821e-14	1.28338152617879	0.272	0.121	2.29344778411635e-10
CLPP	10	1.1917437584735e-14	0.918133025481407	0.403	0.214	2.38610935321564e-10
HEBP2	10	1.28573465933067e-14	0.921846985684954	0.466	0.276	2.57429793491186e-10
RPL29	10	1.65621949514459e-14	0.303040118684953	1	0.996	3.3160826731785e-10
LBR	10	2.01981489385968e-14	0.831266407604211	0.406	0.212	4.04407338048584e-10
DCTPP1	10	2.22538804997888e-14	0.95150768903716	0.342	0.167	4.45567195366771e-10
INTS3	10	2.37886833195016e-14	1.07216665415383	0.346	0.172	4.76297017423061e-10
C17orf67	10	2.43135887816283e-14	1.02985584929586	0.282	0.125	4.86806674585762e-10
COLGALT1	10	2.65266963064257e-14	1.28688514760485	0.302	0.144	5.31117513447256e-10
POLR2G	10	3.0016318257997e-14	1.10024517718726	0.268	0.118	6.00986724161616e-10
PSMB8	10	3.35113117608514e-14	0.858427544576808	0.487	0.284	6.70963484075767e-10
SMCO4	10	3.46220400482655e-14	1.11513023790584	0.289	0.133	6.93202485846372e-10
UQCRB	10	3.56790231449646e-14	0.463321082076469	0.913	0.823	7.14365401408482e-10
IGFBP2	10	5.12111522358946e-14	0.514885766357594	0.708	0.509	1.02534969006708e-09
ITPR2	10	5.26086653279795e-14	1.10881355656556	0.299	0.14	1.05333069719681e-09
DBI	10	5.35028975163843e-14	0.402448971197657	0.721	0.504	1.07123501407305e-09
PABPC1	10	5.35466471745855e-14	0.481030838471603	0.909	0.75	1.07211096972955e-09
CLCN3	10	5.45577823474662e-14	0.954218943489033	0.326	0.157	1.09235591816097e-09
CAMTA1	10	5.53887037676914e-14	0.667471099096443	0.564	0.339	1.10899262683672e-09
CHST12	10	5.54335450608477e-14	0.897443484208695	0.379	0.197	1.10989043920829e-09
PML	10	7.37664346311207e-14	0.959665089299747	0.352	0.179	1.4769515541843e-09
CTBP2	10	7.66150996683282e-14	0.817547554956326	0.379	0.194	1.53398752555927e-09
FXR1	10	7.79187183959227e-14	0.63418722427231	0.604	0.381	1.56008857972316e-09
TNFRSF1B	10	8.62063793063182e-14	0.710086870454684	0.285	0.126	1.7260241264711e-09
RECQL	10	9.45113648079539e-14	1.0174985027682	0.339	0.169	1.89230654618485e-09
RPL30	10	1.1326231901996e-13	0.278035887532062	1	0.999	2.26773815141764e-09
CCNY	10	1.17197545190286e-13	1.03343425966511	0.299	0.14	2.34652924979991e-09
STARD7	10	1.36038534732167e-13	0.971055125677374	0.342	0.173	2.72376354240744e-09
NCOR1	10	1.45347570635211e-13	0.772717902196479	0.426	0.233	2.9101490592582e-09
ATP5G2	10	1.4802138972451e-13	0.423582903315231	0.916	0.831	2.96368426506413e-09
STX12	10	1.61956120920326e-13	0.999011856137991	0.356	0.184	3.24268545306678e-09
KIAA0319L	10	1.68370029598913e-13	1.02574231706248	0.258	0.113	3.37110473262943e-09
SHC2	10	1.73154772971037e-13	1.00218332568067	0.346	0.178	3.4669048644261e-09
JAK1	10	1.78718538950406e-13	0.567276034721409	0.654	0.43	3.57830258686504e-09
PSMB4	10	1.79114280248621e-13	0.689626184139262	0.507	0.295	3.5862261191379e-09
ILK	10	1.83082458898073e-13	0.75735252918885	0.48	0.277	3.66567699205722e-09
RBM3	10	1.87617091947058e-13	0.587199943409393	0.597	0.374	3.75646941496399e-09
DNAJC10	10	2.10343917279019e-13	0.822938047845065	0.406	0.221	4.21150591176052e-09
SPNS1	10	2.16739835270056e-13	1.06099374223457	0.289	0.136	4.33956498177706e-09
EIF4EBP1	10	2.21612946255434e-13	0.844474629112231	0.443	0.25	4.4371344099263e-09
RALGDS	10	2.34175736262771e-13	0.976573542215693	0.322	0.158	4.68866659145319e-09
ARGLU1	10	2.38562837386023e-13	0.609504550120552	0.879	0.764	4.77650513014295e-09
BLMH	10	2.81443874197654e-13	0.987027201679417	0.292	0.137	5.63506924918542e-09
MRPL16	10	2.9412840815776e-13	0.961183350784602	0.319	0.157	5.88903898813467e-09
ISG15	10	3.22146090170355e-13	0.427144715108085	0.503	0.29	6.45000901739085e-09
PRKDC	10	3.26803797393654e-13	0.668038817870738	0.57	0.354	6.54326563141574e-09
SH3BP5	10	3.75816719247664e-13	0.653265574854454	0.597	0.38	7.52460235277673e-09
BAD	10	3.77137006577675e-13	1.11185918482231	0.279	0.131	7.55103714569821e-09
COA4	10	3.92910105591836e-13	0.976997727584052	0.349	0.182	7.86684613415973e-09
RPN2	10	3.9774789815104e-13	0.631486362790872	0.581	0.358	7.96370841678013e-09
C8orf59	10	4.3530157241699e-13	0.543213518248231	0.745	0.56	8.71560808293298e-09
GNPAT	10	4.38414114557907e-13	1.01353892418312	0.285	0.134	8.77792740167842e-09
PSMD1	10	4.42482956510926e-13	0.933865062743007	0.356	0.187	8.85939375526177e-09
HNRNPAB	10	4.68849722334011e-13	0.649967272538218	0.557	0.34	9.38730914057156e-09
RAC1	10	4.94242930380557e-13	0.326576810129928	0.977	0.91	9.89573195207952e-09
HN1	10	5.33776367514488e-13	0.939441167752317	0.43	0.241	1.06872704303751e-08
TNFRSF1A	10	5.5764026671793e-13	0.691772821481439	0.607	0.396	1.11650734202264e-08
CNOT7	10	5.65393139423794e-13	0.953767911005754	0.312	0.153	1.13203014375432e-08
ADD1	10	5.70157088057985e-13	0.752609463729212	0.554	0.351	1.1415685217097e-08
SELM	10	6.08793451694734e-13	0.856189072380808	0.446	0.261	1.2189262489832e-08
MZT2A	10	6.08890649056193e-13	0.71975809238722	0.611	0.422	1.21912085754031e-08
MYEOV2	10	7.03425128441493e-13	0.495107305604943	0.748	0.556	1.40839779216556e-08
C1orf54	10	7.30650940388941e-13	1.52100515231997	0.356	0.21	1.46290931284674e-08
RPL12	10	7.41609538884164e-13	0.33628303623666	1	0.996	1.48485061875387e-08
SCAND1	10	8.78813066692218e-13	0.526098718954235	0.671	0.44	1.75955952213116e-08
PPAP2A	10	9.0560664214412e-13	1.64437126739546	0.289	0.144	1.81320561890096e-08
DNMT3A	10	9.40073918586839e-13	1.07337241689922	0.299	0.148	1.88221599979457e-08
PDE4D	10	9.6438217571518e-13	0.993441167925002	0.265	0.121	1.93088599221693e-08
MEF2A	10	9.73053035667767e-13	0.64015977338955	0.634	0.428	1.948246788014e-08
DYNC1LI2	10	9.85841054297389e-13	0.658491687676612	0.544	0.333	1.97385095891423e-08
C17orf62	10	9.88185592487722e-13	0.815391238791716	0.416	0.233	1.97854519327892e-08
PSMC3	10	1.0092479074166e-12	0.804052330955681	0.45	0.261	2.02071616022951e-08
QARS	10	1.01414188931348e-12	0.905354875194699	0.322	0.161	2.03051489078344e-08
CTR9	10	1.039850994662e-12	0.97660577076825	0.305	0.149	2.08198966151225e-08
PDIA6	10	1.10240094195807e-12	0.524389073766321	0.809	0.638	2.20722716598845e-08
TSG101	10	1.2749578115536e-12	0.878692679296421	0.396	0.22	2.55272053029262e-08
NDUFA12	10	1.39505363397922e-12	0.591558774081784	0.621	0.402	2.79317638595319e-08
AGPAT6	10	1.90053375913671e-12	1.07286075810799	0.282	0.136	3.80524869254351e-08
FAM210B	10	1.95769195798155e-12	0.994657286932912	0.258	0.119	3.91969083827065e-08
SOCS4	10	2.02579351594766e-12	1.13112540126882	0.252	0.115	4.05604377763041e-08
BCL10	10	2.1583459196311e-12	1.08471190747294	0.262	0.122	4.3214402002854e-08
PHACTR4	10	2.25104994653617e-12	1.00617386918805	0.315	0.16	4.50705220295473e-08
BAZ2B	10	2.27911691178524e-12	0.827649942012688	0.413	0.235	4.5632478807764e-08
TSSC4	10	2.34362558080638e-12	0.962877322706912	0.295	0.144	4.69240713789054e-08
UBE2G2	10	2.43989333995179e-12	0.815276988540943	0.433	0.253	4.88515444525148e-08
SS18L2	10	2.49804186334766e-12	0.924329371570107	0.322	0.164	5.00157941879469e-08
TSPAN4	10	2.5357240160532e-12	0.54655193964448	0.607	0.384	5.07702662494173e-08
GATAD2A	10	2.86206042702361e-12	0.947908551191682	0.272	0.128	5.73041738698668e-08
COX17	10	3.31277775971794e-12	0.770833524454135	0.5	0.314	6.63284363050726e-08
DYNC1LI1	10	3.42943629648393e-12	0.906488623811701	0.319	0.161	6.86641735282012e-08
EIF4G1	10	3.50441185410632e-12	0.661655970766282	0.53	0.331	7.01653341429168e-08
PGK1	10	3.80686821370337e-12	0.674632902514289	0.523	0.332	7.62211153747688e-08
GRINA	10	4.0844416688459e-12	0.845696698563166	0.376	0.203	8.17786910936327e-08
NUDT3	10	4.29955235641801e-12	0.671781060248493	0.51	0.312	8.60856372802014e-08
EMP2	10	4.46663854796171e-12	0.647174074235305	0.46	0.266	8.94310370072893e-08
NHP2	10	4.65004848655105e-12	0.646609237758493	0.554	0.35	9.31032707977251e-08
RPS20	10	4.79044853252295e-12	0.520792418636439	0.785	0.629	9.59143605181746e-08
PAFAH1B3	10	5.09608861630986e-12	0.895834231347037	0.339	0.179	1.02033886275756e-07
SLC25A37	10	5.32769409103065e-12	0.731633286813308	0.517	0.324	1.06671091090616e-07
LY96	10	5.54215030916548e-12	0.627422648058794	0.285	0.133	1.10964933490111e-07
MED10	10	5.5991391238738e-12	0.640138438442283	0.527	0.33	1.12105963538201e-07
STARD3	10	5.70731007612492e-12	0.900529070041325	0.305	0.152	1.14271762344173e-07
EBNA1BP2	10	5.74124553067651e-12	1.11965557993515	0.275	0.135	1.14951218015205e-07
MGMT	10	5.91574755667671e-12	0.69242781829802	0.497	0.308	1.18445097579781e-07
RAB10	10	6.00936851068029e-12	0.698949330569611	0.466	0.272	1.20319576320841e-07
EFHD2	10	6.40235979979362e-12	0.788560638398527	0.292	0.142	1.28188047911468e-07
IRAK3	10	7.03164896345563e-12	0.987162299399402	0.279	0.136	1.40787675546309e-07
ZDHHC3	10	8.02297195200805e-12	1.08135582560849	0.262	0.125	1.60635944423105e-07
ATL3	10	8.03725332910972e-12	0.912907744705979	0.305	0.154	1.60921886155435e-07
UBR4	10	9.53187364812882e-12	0.98875064596619	0.305	0.156	1.90847174182835e-07
MGAT4A	10	1.01832658691384e-11	1.00147995533674	0.272	0.132	2.03889349231889e-07
ATP5F1	10	1.09766876052309e-11	0.803207414362929	0.383	0.215	2.19775239231934e-07
NME4	10	1.21870324874986e-11	0.87484827815575	0.624	0.492	2.44008764464698e-07
PPP4R1	10	1.68664622320154e-11	1.00656076480057	0.262	0.126	3.37700306809412e-07
MRPS21	10	1.69165715578931e-11	0.56607371171243	0.617	0.416	3.38703595732136e-07
PRKCSH	10	1.69925794314857e-11	0.690903711018078	0.413	0.231	3.40225425377206e-07
NDUFB1	10	1.77728052086385e-11	0.523326650995952	0.661	0.449	3.5584710588736e-07
SNORA76	10	1.85624442887727e-11	0.923602644675549	0.389	0.23	3.71657259549807e-07
CAP1	10	1.91004695502175e-11	0.532819557434904	0.513	0.311	3.82429601334455e-07
C19orf24	10	1.93799923720072e-11	0.908335273716168	0.326	0.173	3.88026207272328e-07
DTYMK	10	1.9692787001816e-11	0.890836889439266	0.272	0.132	3.94288981350361e-07
SPCS2	10	2.0271143142656e-11	0.592233681844526	0.631	0.429	4.05868828002259e-07
NDUFB3	10	2.18219338322745e-11	0.611599948879779	0.49	0.295	4.36918759189799e-07
RPL23	10	2.5167913554204e-11	0.501519499127664	0.946	0.931	5.03911965182273e-07
EXOC5	10	2.56071877558366e-11	0.948320573196736	0.295	0.15	5.1270711324736e-07
TEX264	10	2.57567259689706e-11	0.756381752776822	0.383	0.214	5.1570116735073e-07
CDV3	10	2.63090804160876e-11	0.500944597228642	0.638	0.432	5.26760408090906e-07
FBLN2	10	2.73594151210608e-11	2.2727232742498	0.275	0.154	5.47790209553879e-07
ZNHIT1	10	2.89951068786909e-11	0.394324276532071	0.839	0.637	5.80540029925148e-07
BAZ2A	10	3.00753442937777e-11	0.896474709492629	0.309	0.16	6.02168543450017e-07
YPEL2	10	3.08225005056065e-11	0.966457212982713	0.299	0.154	6.17128105123253e-07
COMT	10	3.42175622588064e-11	0.799553271508017	0.44	0.264	6.85104031545822e-07
IFNAR1	10	3.45498399773996e-11	0.702256223586125	0.443	0.265	6.91756896027495e-07
MRPL11	10	3.78332644149985e-11	0.855256297833796	0.339	0.184	7.574976201171e-07
MCFD2	10	4.20393026797582e-11	0.683293604424122	0.433	0.252	8.41710918254118e-07
UBE2G1	10	4.24037692611491e-11	0.868633260068696	0.302	0.155	8.49008268146728e-07
PSME2	10	4.324702646409e-11	0.509174833495929	0.49	0.302	8.6589196386401e-07
IMP4	10	4.50188566990743e-11	0.842684808031061	0.342	0.187	9.01367548828866e-07
GNG12	10	4.57000169990559e-11	0.811229189155614	0.386	0.223	9.15005740355097e-07
GNS	10	4.7584518258833e-11	1.03033397628155	0.356	0.205	9.52737224578354e-07
SHISA5	10	5.01868001191907e-11	0.878229417557305	0.423	0.259	1.00484011198644e-06
YTHDF2	10	5.14184177875359e-11	0.860785013629846	0.393	0.228	1.02949956094204e-06
PCMTD1	10	5.19989501546918e-11	0.644102474578744	0.557	0.366	1.04112297999724e-06
GTF3A	10	5.68387500157898e-11	0.587009969300804	0.527	0.333	1.13802545281614e-06
PHB	10	5.82999606480171e-11	0.615513457253251	0.695	0.55	1.1672818120946e-06
MCM7	10	6.20200730455397e-11	0.852626349148371	0.255	0.121	1.2417659025178e-06
SORBS3	10	6.20496876392329e-11	0.76305383692568	0.336	0.179	1.24235884591272e-06
SLC39A10	10	6.38111910397483e-11	0.646190032455271	0.54	0.345	1.27762766699784e-06
CREM	10	6.63272021650779e-11	0.305336996787269	0.45	0.257	1.32800324174919e-06
SLC25A5	10	6.74575697765102e-11	0.38625287426889	0.668	0.452	1.35063546206529e-06
CD46	10	6.96706793668075e-11	0.684903820976589	0.52	0.341	1.39494634228222e-06
DTD1	10	8.19479135702786e-11	1.01260980947337	0.258	0.127	1.64076112550412e-06
PTPRK	10	8.74881292411412e-11	0.954997306087298	0.279	0.141	1.75168732366613e-06
EIF5B	10	9.1142198043693e-11	0.492390073502473	0.607	0.4	1.82484908923082e-06
CREB5	10	9.13456963950180e-11	0.972400352348743	0.312	0.168	1.82892353322105e-06
IGF2BP1	10	9.14428495613957e-11	0.991689316418598	0.309	0.167	1.83086873391826e-06
RPL39	10	9.20826749864017e-11	0.292592941821692	0.997	0.999	1.84367931857773e-06
MAPKAPK2	10	9.27881309160809e-11	0.7835119383954	0.359	0.201	1.85780395720177e-06
BTN3A2	10	1.0535470773329e-10	0.992228417937707	0.292	0.153	2.10941195823594e-06
DDX52	10	1.05672043514083e-10	0.807712796683315	0.352	0.198	2.11576565523897e-06
PARP1	10	1.07954335968274e-10	0.742476706110532	0.389	0.223	2.16146171475677e-06
MED19	10	1.09334911223194e-10	0.871130305952291	0.299	0.155	2.18910359251078e-06
NRP2	10	1.09488583703308e-10	0.715243137910262	0.597	0.442	2.19218042290763e-06
RPL22L1	10	1.09539815387929e-10	0.769725865592051	0.544	0.364	2.19320618369711e-06
SSB	10	1.17108245353861e-10	0.500159808536585	0.631	0.421	2.34474128847501e-06
SMARCC1	10	1.20070969305223e-10	0.749551725146905	0.409	0.244	2.40406094742918e-06
RB1	10	1.23918030636501e-10	0.625638868747168	0.352	0.19	2.48108680940402e-06
TAOK1	10	1.24161172844512e-10	0.725343643270592	0.339	0.183	2.48595500269282e-06
PDCL	10	1.40686739338888e-10	0.994416427724744	0.255	0.126	2.81682989504322e-06
TMCO3	10	1.42180170680137e-10	0.887695507657132	0.319	0.171	2.84673137735769e-06
UHRF2	10	1.47480062466056e-10	1.0434478370323	0.252	0.123	2.95284581069538e-06
GLOD4	10	1.50295606770049e-10	0.927592969033926	0.275	0.139	3.00921863874991e-06
RPL3	10	1.57082423822276e-10	0.273697665628903	1	0.999	3.14510428976961e-06
NUMB	10	1.5848907521479e-10	0.807313533876983	0.389	0.226	3.17326826395053e-06
LAP3	10	1.69467248499544e-10	0.985337431562416	0.379	0.23	3.39307324945787e-06
LINC00116	10	1.79511486415131e-10	0.767411209889895	0.379	0.22	3.59417898100375e-06
TCEA2	10	1.82052409906246e-10	0.780837301352025	0.339	0.186	3.64505335114285e-06
CTNNB1	10	1.84832805776552e-10	0.731497489326332	0.49	0.32	3.70072243725812e-06
C11orf31	10	1.86311062162165e-10	0.449246161883085	0.856	0.777	3.73032008661086e-06
TWF2	10	1.92025800399967e-10	0.78722472889065	0.326	0.176	3.84474057560814e-06
RSAD1	10	1.9737394669839e-10	1.04728069368459	0.279	0.145	3.95182116079517e-06
RHOG	10	2.01021565791797e-10	0.560020218718609	0.359	0.193	4.02485379028336e-06
COX14	10	2.03916738382904e-10	0.599855726898328	0.547	0.362	4.0828209359025e-06
TUBB	10	2.15175821565652e-10	0.318580227850119	0.869	0.713	4.30825029938748e-06
SNRPF	10	2.15614779971762e-10	0.546363494845406	0.607	0.416	4.31703912459463e-06
CAPN2	10	2.3694231267178e-10	0.763142392497103	0.342	0.189	4.74405898431438e-06
PDCD10	10	2.47076202833669e-10	0.689072047377738	0.399	0.232	4.94695973313572e-06
ATP1A1	10	2.87705136656304e-10	0.680478077273966	0.56	0.391	5.76043224613252e-06
NDUFS5	10	2.88373811151272e-10	0.375228468111156	0.866	0.76	5.77382044687078e-06
KLF3	10	2.92724487967731e-10	0.853553891884895	0.379	0.223	5.86092969808991e-06
STRA13	10	2.95116799395893e-10	0.67991599653883	0.477	0.3	5.90882855750457e-06
PSMD4	10	3.03872075304708e-10	0.600612805155966	0.48	0.299	6.08412669175087e-06
RPL36A	10	3.22896065159041e-10	0.58684536043456	0.5	0.312	6.46502501661431e-06
BAG1	10	3.80948415399006e-10	0.91648790256538	0.302	0.162	7.62734917311891e-06
INPP1	10	3.89591597953162e-10	0.846927743815918	0.326	0.18	7.80040297421822e-06
PDE4B	10	3.90107424354178e-10	0.705809519629558	0.359	0.205	7.81073085041934e-06
DAD1	10	4.22041651335015e-10	0.363298021742829	0.883	0.737	8.45011794302966e-06
HDGF	10	4.37752879195281e-10	0.630871088540294	0.396	0.231	8.76468814724792e-06
NLRP1	10	4.57799669417279e-10	0.920611672233079	0.265	0.135	9.16606498107275e-06
G6PC3	10	5.05449720844044e-10	0.83737115099244	0.302	0.162	1.01201143107395e-05
PAFAH1B1	10	5.12061712153689e-10	0.585338471806974	0.51	0.328	1.02524996007412e-05
RBM8A	10	5.34895075510448e-10	0.433403705579767	0.671	0.464	1.07096692018702e-05
ACTR3	10	5.36062880281658e-10	0.522290077901931	0.49	0.303	1.07330509889994e-05
METTL9	10	5.62938169483465e-10	0.591319637780671	0.48	0.302	1.12711480293979e-05
IFI16	10	5.80176983762109e-10	0.469645782048367	0.745	0.59	1.16163035688849e-05
MRPL22	10	6.13160379766286e-10	0.709212214825221	0.396	0.237	1.22766971236806e-05
SET	10	6.31169121062935e-10	0.432997774641394	0.849	0.762	1.26372681419221e-05
TAF1D	10	6.52263152007485e-10	0.507565106881352	0.732	0.591	1.30596128294939e-05
TMEM242	10	6.82080851616242e-10	0.978436602284119	0.255	0.13	1.36566228110604e-05
UBE2N	10	6.84607625339649e-10	0.705116784168974	0.379	0.222	1.37072138745504e-05
BIRC6	10	6.88446314079968e-10	0.604566144784299	0.413	0.244	1.37840721005091e-05
ASPH	10	7.10611915318419e-10	0.575892261873481	0.487	0.312	1.42278717685054e-05
LSM4	10	8.16550810097632e-10	0.584065692685261	0.463	0.287	1.63489803197748e-05
G3BP1	10	8.41047634066294e-10	0.666334111516452	0.396	0.236	1.68394557292753e-05
UBE2L3	10	8.48944188845481e-10	0.62481938844062	0.45	0.279	1.69975605490642e-05
IFT43	10	8.5196022798302e-10	0.760014481755343	0.329	0.183	1.7057947684676e-05
C1orf63	10	9.21687257684198e-10	0.50052329583017	0.768	0.622	1.8454022273353e-05
CREBZF	10	9.55426524405384e-10	0.822277624376956	0.299	0.161	1.91295498716446e-05
GADD45A	10	9.66233733902047e-10	0.575355605997678	0.346	0.195	1.93459318201868e-05
CORO1B	10	9.74821935623185e-10	0.624707677182607	0.322	0.177	1.95178847950474e-05
CTDNEP1	10	1.00310598328023e-09	0.775945172768882	0.312	0.171	2.00841879972367e-05
RPL38	10	1.04930138889437e-09	0.455750126791409	0.963	0.971	2.1009112408443e-05
HUWE1	10	1.07955621839315e-09	0.655678481006259	0.389	0.23	2.16148746046676e-05
PTBP1	10	1.08849930031503e-09	0.591655317397703	0.52	0.346	2.17939329909074e-05
KIF1B	10	1.14925148909826e-09	0.74692582522563	0.326	0.181	2.30103133147253e-05
NCK1	10	1.15617085458918e-09	0.798760564247596	0.319	0.177	2.31488528505845e-05
RRAS	10	1.1613978204432e-09	0.701983390659244	0.426	0.263	2.32535071609137e-05
GNAQ	10	1.17239599034733e-09	0.939060178211165	0.275	0.146	2.34737125187342e-05
ILF2	10	1.20309930503572e-09	0.557997654191509	0.55	0.365	2.40884542854252e-05
TUFM	10	1.2931254802781e-09	0.50942619886356	0.56	0.367	2.58909583661282e-05
SRP14	10	1.37966547729236e-09	1.02427835014894	0.919	0.883	2.76236621863475e-05
MBNL1	10	1.45388941304394e-09	0.770711330592144	0.537	0.385	2.91097738279658e-05
RAB3GAP1	10	1.68077252705438e-09	0.691542739101253	0.315	0.172	3.36524275366829e-05
CCDC23	10	1.70040369329643e-09	0.850054667270763	0.299	0.163	3.40454827471812e-05
UBL5	10	1.84700998289569e-09	0.296414070693092	0.926	0.842	3.69808338775376e-05
NKTR	10	1.85752520873936e-09	0.56553130074871	0.701	0.583	3.71913697293794e-05
MTDH	10	1.98300515869894e-09	0.377021235682249	0.799	0.608	3.97037292874702e-05
UQCRQ	10	2.01809677673748e-09	0.397303776694059	0.792	0.632	4.04063336638379e-05
EPB41L3	10	2.1058493270546e-09	1.29362195623622	0.295	0.173	4.21633152262872e-05
CDYL	10	2.12124341303451e-09	0.708203339469253	0.336	0.19	4.2471535615777e-05
CAMSAP2	10	2.28971741157381e-09	0.52378126061636	0.426	0.254	4.58447220145308e-05
GXYLT1	10	2.44246178681868e-09	0.850838821507347	0.252	0.128	4.89029698956835e-05
ARHGEF10	10	2.46603609453486e-09	0.885668560546581	0.265	0.139	4.93749746847769e-05
DAZAP1	10	2.5089432535272e-09	0.752464839896613	0.309	0.171	5.02340618221216e-05
SNHG7	10	2.53845366034204e-09	0.498498109197642	0.768	0.622	5.08249191873683e-05
S100A11	10	2.73809310968246e-09	0.276963339010917	0.94	0.853	5.48221002420622e-05
SREK1IP1	10	2.76157194675795e-09	0.603472845360401	0.443	0.279	5.52921935179877e-05
IFITM1	10	2.76753877231959e-09	1.30122280577129	0.319	0.199	5.54116612993829e-05
GRPEL1	10	2.87079185226445e-09	0.979649610698974	0.252	0.132	5.74789944660389e-05
GNB2	10	2.9645745148959e-09	0.448079996577579	0.668	0.482	5.93567109372456e-05
PAIP1	10	3.0566055189209e-09	0.574383139287921	0.383	0.223	6.11993556998342e-05
TTF1	10	3.6942225064139e-09	0.910930280930741	0.258	0.135	7.39657230234191e-05
KRAS	10	3.75563258599087e-09	0.818245235846869	0.329	0.192	7.51952756367091e-05
CDC123	10	4.52745642703032e-09	0.757124944851705	0.329	0.189	9.06487325820011e-05
EIF3M	10	4.579169850859e-09	0.591401055239216	0.507	0.352	9.16841387538989e-05
BMS1	10	4.62353207539122e-09	0.701983390659244	0.329	0.187	9.2572359213483e-05
REPIN1	10	4.71646335466665e-09	0.825173857737276	0.268	0.143	9.44330292871357e-05
DYNLRB1	10	4.96311431854557e-09	0.440598816374555	0.671	0.487	9.93714748859193e-05
DNAJC7	10	5.49916496186066e-09	0.477354727669073	0.517	0.335	0.000110104280866374
DOCK1	10	5.68705774057815e-09	0.544263150911586	0.43	0.263	0.000113866270081856
ENPP2	10	5.77647962668333e-09	1.39797273722794	0.305	0.178	0.000115656675085454
SPARCL1	10	7.21415410965117e-09	2.16501652154078	0.493	0.527	0.000144441793583436
SF3B2	10	7.24084700595297e-09	0.609577225394965	0.433	0.274	0.00014497623875319
IFI44L	10	8.01826566849044e-09	1.26562981833356	0.272	0.157	0.000160541715214516
SUMO3	10	8.02347064512261e-09	0.657735456645155	0.433	0.277	0.000160645929256645
HNRNPM	10	8.64450281238391e-09	0.471769749594729	0.668	0.492	0.000173080235309551
TLE1	10	8.88266194385928e-09	0.729479999099668	0.265	0.14	0.00017784865743995
GART	10	8.94083378789532e-09	0.921413188366715	0.272	0.15	0.00017901337410124
SNRPA	10	1.00714563555291e-08	0.691303304568004	0.346	0.202	0.000201650699150404
EIF4G3	10	1.03882810999396e-08	0.756594054306289	0.299	0.167	0.00020799416418299
CMSS1	10	1.04553433868446e-08	0.978260694092407	0.258	0.14	0.000209336885291402
MPG	10	1.07133067546876e-08	0.623018962981852	0.49	0.329	0.000214501827842355
NUDT5	10	1.078038535546e-08	0.789052492904591	0.282	0.154	0.00021584487558702
CCT8	10	1.10064639338846e-08	0.490479285465533	0.547	0.368	0.000220371420884237
CWC15	10	1.14705858106372e-08	0.483936439598761	0.52	0.344	0.000229664069100578
CDKN1C	10	1.19052313815417e-08	0.514553527317027	0.54	0.363	0.000238366542721228
RBMS1	10	1.22792858291175e-08	0.434254146131163	0.49	0.311	0.00024585586087059
CCDC47	10	1.34541407358229e-08	0.566738963873122	0.507	0.349	0.000269378805812647
ANAPC16	10	1.38677979653044e-08	0.448083426180479	0.581	0.401	0.000277661050861325
YBX3	10	1.46196574745542e-08	0.569768195270172	0.691	0.576	0.000292714781955524
IL6ST	10	1.50934476064641e-08	0.752246915914787	0.54	0.401	0.000302201007976624
NES	10	2.02428180896392e-08	0.732423375477672	0.49	0.34	0.000405301703790756
MBNL2	10	2.02732643681554e-08	0.566120702548942	0.446	0.288	0.000405911299179208
HGS	10	2.03147031728753e-08	0.856189072380808	0.262	0.143	0.000406740986927309
SYNCRIP	10	2.05212317220041e-08	0.441900791565463	0.534	0.352	0.000410876101537967
CRNDE	10	2.10664016755063e-08	0.745036244024412	0.255	0.137	0.000421791494346986
PDLIM4	10	2.15854473404634e-08	0.685450487437417	0.372	0.231	0.000432183826650759
PSMB9	10	2.1651184776301e-08	0.712898693493606	0.352	0.217	0.000433500021591098
MIS18BP1	10	2.25991489403789e-08	0.546557512732355	0.423	0.271	0.000452480160084266
TMEM170A	10	2.4072118979429e-08	0.910248091843695	0.252	0.136	0.000481971966206127
BAZ1A	10	2.47448563348538e-08	0.725716240132396	0.279	0.154	0.000495441513536443
DECR1	10	2.60965706733415e-08	0.50023410188179	0.426	0.264	0.000522505538021644
CCPG1	10	2.60983179514796e-08	0.608173447906733	0.396	0.247	0.000522540522024524
NFATC2IP	10	2.67685002298571e-08	0.785399398846882	0.258	0.14	0.000535958911602199
MAPK6	10	2.73601925837539e-08	0.766568760207043	0.268	0.147	0.00054780577591192
NDUFAB1	10	2.8815201848932e-08	0.419790550072616	0.648	0.47	0.000576937971419317
TRIP12	10	2.91391467771831e-08	0.594979897214178	0.433	0.279	0.000583423996772761
TMED9	10	3.0661187463963e-08	0.413328865752566	0.695	0.513	0.000613898295403467
MYO15B	10	3.12011444783267e-08	0.758090181784937	0.258	0.14	0.000624709314745058
GGCT	10	3.45619832652708e-08	0.501124130872438	0.456	0.293	0.000692000028937251
BMP2K	10	3.49230206673156e-08	0.735380600539353	0.265	0.144	0.000699228719800993
AUP1	10	3.62786059726641e-08	0.596089473426131	0.356	0.214	0.00072637024878468
SUMF2	10	3.9631164526939e-08	0.575322675756375	0.383	0.235	0.000793495176158373
ARPC1A	10	4.23184320890222e-08	0.406085818873205	0.567	0.384	0.000847299647286401
ZDHHC21	10	4.25309529793669e-08	0.705191395649118	0.305	0.176	0.000851554740552884
RPL27	10	4.30654825687743e-08	0.352987965553818	0.99	0.983	0.000862257091991999
XRCC5	10	4.44580491042578e-08	0.421552395652621	0.681	0.506	0.000890139059165451
SSU72	10	4.45448728796513e-08	0.524784587200402	0.46	0.298	0.000891877444796377
G3BP2	10	4.51667939091412e-08	0.565170316810446	0.393	0.244	0.000904329547648824
CYFIP1	10	4.58705921038815e-08	0.619488015050012	0.359	0.219	0.000918420995103916
ALDOA	10	4.60944362487682e-08	0.374798679630715	0.805	0.665	0.000922902802572837
SLC12A2	10	4.81729592507151e-08	0.723780488577769	0.282	0.158	0.000964518990117818
EIF3F	10	4.89131801538541e-08	0.452485739160198	0.738	0.633	0.000979339693040467
LAMTOR5	10	5.09466256589592e-08	0.39461705461893	0.661	0.494	0.00102005333894368
CELF1	10	5.12970599515463e-08	0.669548414129052	0.339	0.203	0.00102706973434986
MRPS7	10	5.21404365464073e-08	0.592705049374252	0.46	0.311	0.00104395582053217
SNX3	10	5.39764596840675e-08	0.338267955615434	0.852	0.751	0.0010807166757944
ALYREF	10	5.54650439254532e-08	0.670668208528701	0.349	0.213	0.00111052110947542
MRPS16	10	5.55738139847665e-08	0.640195920094683	0.352	0.216	0.00111269890360299
PGP	10	5.65140676885112e-08	0.572976514023455	0.369	0.224	0.00113152466325937
SDF2L1	10	5.76302225600117e-08	0.785160375610491	0.258	0.143	0.00115387231609655
PEF1	10	6.31917950726277e-08	0.690828673437201	0.302	0.174	0.00126522612094415
CRBN	10	6.79724006448601e-08	0.660141045407089	0.369	0.231	0.00136094340571139
MYADM	10	6.82756440200289e-08	0.832215861433075	0.312	0.19	0.00136701494456902
POLR1D	10	7.10523593868964e-08	0.429857733822956	0.584	0.412	0.00142261033964444
MTR	10	7.34011071771345e-08	0.840408077603754	0.262	0.146	0.00146963696790059
SERBP1	10	7.36142215089378e-08	0.295948821326371	0.889	0.762	0.00147390394305195
CCDC124	10	7.42414468832075e-08	0.630871088540294	0.326	0.193	0.00148646224949558
ERC1	10	7.46415446840729e-08	0.758962652090099	0.295	0.173	0.00149447300766451
KNOP1	10	7.6962311015903e-08	0.730942725489425	0.319	0.191	0.00154093939116041
PSMD3	10	7.85511253249939e-08	0.574634466752433	0.446	0.296	0.00157275063125703
CECR5	10	7.94709137730858e-08	0.75883136290858	0.262	0.145	0.00159116663556472
COL9A3	10	8.09395138178513e-08	1.02558741414656	0.362	0.238	0.00162057094566102
HERC1	10	8.46581163661883e-08	0.63584012481605	0.433	0.293	0.00169502480588382
GALK1	10	8.5627534965738e-08	0.652979899668362	0.346	0.213	0.00171443450508401
HES1	10	8.59947146215854e-08	0.787478746857833	0.406	0.271	0.00172178617615338
GPS1	10	8.65162807185948e-08	0.707618925328677	0.305	0.18	0.00173222897254771
NDUFS7	10	9.07450961147746e-08	0.481314151616782	0.507	0.343	0.00181689831441002
SNRPD3	10	9.17670956756449e-08	0.476792335970123	0.52	0.357	0.00183736078961776
ARPC1B	10	9.66301143606337e-08	0.294218053141238	0.866	0.781	0.00193472814972861
DDX3X	10	9.74089385186665e-08	0.283832668897217	0.52	0.341	0.00195032176702074
TES	10	9.76010130190588e-08	0.550739810283007	0.302	0.172	0.0019541674826676
CLDND1	10	1.03468157271726e-07	0.586739826983586	0.372	0.232	0.00207163944489449
SNF8	10	1.05119492926606e-07	0.530966979278716	0.493	0.343	0.0021047024873765
SSNA1	10	1.06797518733467e-07	0.50112071224077	0.463	0.306	0.00213829992008149
LINC00152	10	1.08594289233711e-07	0.583825022897249	0.305	0.176	0.00217427485903735
TIMM13	10	1.26056074688189e-07	0.400613198891273	0.611	0.43	0.00252389472740693
RIC8A	10	1.30754536857416e-07	0.700718423422667	0.268	0.151	0.00261796733695918
HERC4	10	1.3725144309957e-07	0.654914733809542	0.282	0.161	0.00274804839373959
NDUFS3	10	1.43301579389171e-07	0.478463287725438	0.47	0.313	0.00286918422252998
COPB1	10	1.43542912806284e-07	0.514477083582775	0.463	0.309	0.00287401620020743
BSG	10	1.47609440666706e-07	0.328807520553301	0.795	0.644	0.00295543622102878
TPGS1	10	1.51455964467212e-07	0.578068754620342	0.362	0.225	0.00303245132056252
CARD16	10	1.56339205637127e-07	0.401820042150417	0.265	0.144	0.00313022357526656
APOPT1	10	1.75849764342306e-07	0.744288226086324	0.302	0.182	0.00352086398166166
ADD3	10	1.8195239917617e-07	0.805743650071884	0.379	0.255	0.00364305093630527
NASP	10	1.92246430105904e-07	0.459843690040679	0.584	0.42	0.00384915802358042
EZR	10	1.9891887318428e-07	0.35185840394123	0.483	0.319	0.00398275367889565
CAPZA2	10	2.00236451474636e-07	0.501887189404386	0.547	0.387	0.00400913423142516
CLPTM1	10	2.04100818100751e-07	0.627603202571812	0.332	0.203	0.00408650658001324
CCZ1	10	2.14438691938219e-07	0.675116784806562	0.292	0.171	0.00429349148998703
GSPT1	10	2.18530557647282e-07	0.504776782880621	0.46	0.307	0.00437541882521389
PDCD2	10	2.23511851486889e-07	0.601105787665291	0.295	0.172	0.00447515429047049
PROS1	10	2.33320771553998e-07	0.704263130466079	0.282	0.164	0.00467154848805415
BRK1	10	2.6907165563354e-07	0.392388931472209	0.681	0.524	0.00538735268909475
ARHGAP18	10	2.82504779488116e-07	0.456017769036815	0.47	0.312	0.00565631069491105
WDR43	10	2.88071340056088e-07	0.628489106831083	0.329	0.201	0.005767764370603
GAK	10	2.88104683479586e-07	0.666117938102239	0.275	0.159	0.00576843197262828
CCT7	10	3.05525292703025e-07	0.460770574133524	0.497	0.341	0.00611722741049997
ARF3	10	3.07668070527629e-07	0.675887213162344	0.285	0.168	0.00616013010810418
PGAM1	10	3.08475307969116e-07	0.546278168096235	0.372	0.235	0.00617629261615764
RANBP2	10	3.25097141184233e-07	0.311678337134198	0.406	0.255	0.00650909496079071
PAM	10	3.45260903856468e-07	0.649037742521436	0.332	0.205	0.0069128138170142
COMMD6	10	3.4826815692817e-07	0.269028790692062	0.899	0.769	0.00697302503801582
METTL5	10	3.60346978220605e-07	0.606928341952793	0.346	0.215	0.00721486719793296
RNF7	10	3.73843057429333e-07	0.38555868305696	0.688	0.532	0.0074850856958501
TUBA1B	10	3.84867718048491e-07	0.35562206077131	0.792	0.703	0.0077058214507669
DHX9	10	3.877187256454e-07	0.512603695941287	0.453	0.306	0.0077629043248722
NOL7	10	4.20534085695167e-07	0.471178729506596	0.53	0.38	0.00841993346378862
PMP22	10	4.30027648295749e-07	0.811333919869662	0.406	0.286	0.00861001357417748
COPS5	10	4.70320515339443e-07	0.535775371118379	0.396	0.257	0.00941675735812634
SUN1	10	4.93715426919919e-07	0.446367525783265	0.46	0.307	0.00988517027779062
HOOK3	10	5.02878522019151e-07	0.456566483335306	0.44	0.292	0.0100686337678674
VGLL4	10	5.25613131177331e-07	0.454768922099376	0.497	0.341	0.0105238261124325
CSTB	10	5.27017731259068e-07	0.430003723029682	0.822	0.765	0.0105519490152691
ZNF385D	10	5.46619976264224e-07	0.75059703735028	0.255	0.148	0.0109444251647623
SLC3A2	10	5.6180795973823e-07	0.592416116365552	0.487	0.351	0.0112485189698788
PFDN2	10	5.71059359148671e-07	0.350593110404604	0.715	0.565	0.0114337504888747
C9orf3	10	5.73587832607348e-07	0.741305434496458	0.252	0.144	0.0114843755844643
PSMB7	10	5.73640883242406e-07	0.36660172620733	0.55	0.382	0.0114854377642795
MRPL32	10	5.81375312596146e-07	0.570138734643183	0.406	0.266	0.0116402965088
ARL2BP	10	5.99502002908477e-07	0.726751295808186	0.272	0.16	0.0120032291022335
TMEM173	10	6.70856513632816e-07	0.859622018773727	0.282	0.173	0.0134318891159563
PCBP1	10	6.89686173685126e-07	0.323423892211268	0.601	0.422	0.0138088965695236
REEP3	10	7.0990897247303e-07	0.553591550766573	0.346	0.217	0.014213797446855
SLK	10	7.10905010161684e-07	0.816980110142719	0.349	0.235	0.0142337401134572
ODC1	10	7.11798787535259e-07	0.768948709262514	0.302	0.188	0.014251635324031
DCUN1D5	10	7.34829672421349e-07	0.644588858257304	0.282	0.167	0.0147127597012203
ATRX	10	7.43137203137757e-07	0.375644223989574	0.614	0.464	0.0148790930812242
DNAJB11	10	7.64492327288023e-07	0.603887133598004	0.329	0.206	0.0153066653769608
HADHA	10	7.82245760088643e-07	0.380866373994906	0.56	0.392	0.0156621246084948
TIMM17A	10	8.20643016588034e-07	0.739732292742438	0.258	0.151	0.0164309144781256
ATP5B	10	8.43897852822201e-07	0.353327424128281	0.728	0.583	0.0168965228092061
USP22	10	8.96958669320724e-07	0.607391714442221	0.315	0.195	0.0179589064771395
PCMT1	10	9.12206238113569e-07	0.588071187134259	0.342	0.216	0.0182641932995099
MT-ND6	10	9.39345141861487e-07	0.592749926737686	0.369	0.242	0.0188075684303507
OSTF1	10	9.71589682116831e-07	0.437299247606358	0.282	0.163	0.0194531686153432
CSNK2A2	10	1.00995142821113e-06	0.744524908072072	0.272	0.164	0.0202212474956433
BECN1	10	1.01737444631607e-06	0.646384996514176	0.265	0.155	0.0203698711641403
PBX2	10	1.04669588134392e-06	0.632182797744753	0.265	0.155	0.020956944936268
RNF213	10	1.05295777202754e-06	0.288365508172816	0.604	0.435	0.0210823205115355
C16orf13	10	1.09302775505138e-06	0.433435982821872	0.477	0.33	0.0218846017116387
MRPL47	10	1.10831751565098e-06	0.700010525939922	0.292	0.18	0.0221907332983639
PPP2CB	10	1.20629267728489e-06	0.46591603242572	0.372	0.238	0.024152391984598
MRPL34	10	1.22133668992288e-06	0.451116853194759	0.426	0.284	0.024453603205636
COA3	10	1.24019285168678e-06	0.575781683115136	0.389	0.264	0.0248311412764727
RB1CC1	10	1.26093054840068e-06	0.58080819489982	0.366	0.241	0.0252463514400784
TPD52L2	10	1.27413749405345e-06	0.718698781876372	0.292	0.179	0.0255107809059382
RAP1B	10	1.28385197037332e-06	0.34595822799692	0.651	0.493	0.0257052841508147
PSMA3	10	1.31482090026897e-06	0.483652640042246	0.43	0.291	0.0263253440651853
PTRHD1	10	1.38943354566966e-06	0.69189457303566	0.252	0.146	0.0278192384513978
SCARB2	10	1.41324548913835e-06	0.419169871419933	0.483	0.33	0.028296001183528
THYN1	10	1.42444194697055e-06	0.711483684313385	0.258	0.152	0.0285201766622444
DNM1L	10	1.59204269357074e-06	0.589676972593233	0.289	0.175	0.0318758788106734
WDR83OS	10	1.61792640484065e-06	0.337968459118474	0.705	0.555	0.0323941224777196
GTF3C6	10	1.62543297289031e-06	0.523105104938779	0.362	0.234	0.0325444189832098
DPY30	10	1.6440011907279e-06	0.546366225900815	0.369	0.243	0.0329161918407539
STOML2	10	1.69674743368756e-06	0.439562701750962	0.45	0.306	0.0339722771172923
NCBP2-AS2	10	1.72501926680625e-06	0.621554049969656	0.309	0.192	0.0345383357599947
OS9	10	1.7982412952635e-06	0.396140835103747	0.52	0.369	0.0360043872137659
TOMM22	10	1.89835745045072e-06	0.649016509087664	0.322	0.207	0.0380089128729244
CREB3	10	1.90188925541166e-06	0.781808638267335	0.255	0.152	0.0380796266718522
CDC42	10	1.98054178345769e-06	0.261069330410407	0.802	0.667	0.0396544075883898
UXT	10	1.9950412346214e-06	0.335201059987622	0.51	0.35	0.0399447155995896
CCT4	10	2.00579377075816e-06	0.359341830891698	0.55	0.396	0.0401600028781199
VDAC3	10	2.00871654337249e-06	0.515656728922104	0.426	0.292	0.040218522631404
RNASEH2C	10	2.01980271642508e-06	0.480323023145881	0.44	0.302	0.040440489988263
CMTM3	10	2.16109533384542e-06	0.613861700970815	0.332	0.216	0.0432694507742531
ARRDC3	10	2.28258628000869e-06	1.12748666032758	0.315	0.215	0.0457019424983339
UPF3A	10	2.36108255565888e-06	0.491685804491226	0.44	0.305	0.047273594929402
C12orf10	10	2.39102340193469e-06	0.677175097076742	0.265	0.16	0.0478730705535364
CNIH1	10	2.40154777672709e-06	0.693965923055355	0.258	0.154	0.0480837895856297
C11orf74	10	2.51764995442425e-06	0.639470488378477	0.268	0.162	0.0504083873874824
JAM3	10	2.52085601361279e-06	0.672878352228036	0.312	0.199	0.0504725791045552
RCC2	10	2.60368141092205e-06	0.59901340870405	0.302	0.188	0.0521309092094814
NIN	10	2.69818113857817e-06	0.619285803730312	0.255	0.15	0.0540229827566121
TAF15	10	2.75060571864099e-06	0.554192902163555	0.319	0.2	0.05507262769863
ELMO1	10	2.76986733455023e-06	0.680474244208204	0.258	0.154	0.0554582837723647
ZHX1	10	2.83208746666106e-06	0.66081420168284	0.255	0.152	0.0567040552574878
NKIRAS2	10	2.87350033263608e-06	0.622859252790238	0.299	0.188	0.0575332236600395
PSMC4	10	2.87970763202072e-06	0.46966697462192	0.369	0.239	0.0576575062083188
PARP14	10	2.92101159311556e-06	0.491197222798532	0.406	0.28	0.0584844941173597
NDUFA3	10	2.95279402415664e-06	0.323676724791978	0.581	0.418	0.0591208419516642
PEAK1	10	3.05247350285163e-06	0.368485651699694	0.48	0.338	0.0611166244740954
MRPL4	10	3.12283782184959e-06	0.460966164823986	0.379	0.249	0.0625254588690726
MRP63	10	3.16576721673225e-06	0.282511447725745	0.57	0.402	0.063384991213413
DHX30	10	3.16599796585385e-06	0.6842177284022	0.275	0.168	0.0633896112723259
CENPB	10	3.20922099394759e-06	0.655917315206176	0.255	0.152	0.0642550227408186
BRD7	10	3.43319332695196e-06	0.438582213489831	0.396	0.262	0.0687393967922321
MYCBP2	10	3.47735989188922e-06	0.368736663871382	0.406	0.266	0.0696236997554059
TMEM147	10	3.49625052047126e-06	0.426348948045817	0.473	0.331	0.0700019279208756
SSRP1	10	3.52885001591262e-06	0.487355816512011	0.393	0.263	0.0706546350186025
CHORDC1	10	3.57557571435616e-06	0.446429256775216	0.352	0.229	0.0715901769528391
BAG6	10	3.64829564748085e-06	0.45838387739617	0.349	0.224	0.0730461754538615
LSM1	10	3.66833721621437e-06	0.603646824604214	0.272	0.165	0.0734474477430441
RPN1	10	3.71019864642195e-06	0.446676346850061	0.416	0.282	0.0742855972986603
SMG1	10	3.71108648396508e-06	0.403247911184841	0.423	0.282	0.0743033735819489
ECI2	10	3.77296391950484e-06	0.485222057892046	0.369	0.243	0.0755422835963258
ANP32A	10	3.8102939248534e-06	0.56202572763933	0.574	0.464	0.0762897049634147
GLS	10	4.07778389559367e-06	0.423268509072844	0.443	0.304	0.0816453891575765
UQCR11.1	10	4.24778235110296e-06	0.26444143049232	0.775	0.67	0.0850490982337835
POLR2I	10	4.37561436598301e-06	0.413326036658625	0.487	0.345	0.0876085508357118
FAM160B1	10	4.38437620934472e-06	0.607102581103436	0.255	0.152	0.0877839804635001
YY1	10	4.39200777906004e-06	0.350793478986667	0.53	0.375	0.0879367797523401
NANS	10	4.63834214439741e-06	0.567712236337025	0.339	0.222	0.092868886415125
NDUFV1	10	4.81529644097197e-06	0.509875979746603	0.336	0.216	0.0964118653411408
TALDO1	10	4.84246309499934e-06	0.423607297896375	0.52	0.384	0.0969557960880769
TMUB1	10	4.84599589614338e-06	0.620535484623177	0.315	0.205	0.0970265298325828
TLN1	10	4.8778422073994e-06	0.396232928253933	0.517	0.368	0.0976641566765508
MRPS12	10	4.97876634081381e-06	0.646373669309863	0.299	0.19	0.0996848596757741
POLR2E	10	5.05215113793743e-06	0.467395672352491	0.423	0.291	0.101154170083783
MRPL1	10	5.18894449328769e-06	0.609123781964152	0.279	0.173	0.103893046644606
MRPS2	10	5.22631450170031e-06	0.653245720387756	0.295	0.187	0.104641268953044
FKBP4	10	5.25921932812383e-06	0.541651937455048	0.339	0.226	0.105300089387695
DHX15	10	5.29614965028989e-06	0.482784893675532	0.342	0.222	0.106039508298104
A1BG	10	5.30035843872632e-06	0.444876900388997	0.433	0.3	0.106123776660178
HIPK3	10	5.48492789736422e-06	0.527499794142281	0.359	0.24	0.109819226361026
MRPL36	10	5.50789432976073e-06	0.582970044224862	0.356	0.24	0.110279060270469
METAP2	10	5.69841118124217e-06	0.276092326831468	0.55	0.383	0.114093588670831
COX20	10	5.87969645039771e-06	0.533746739369702	0.339	0.222	0.117723282329863
LIFR	10	6.04761590238528e-06	0.895248449290549	0.409	0.304	0.121085365597558
TRIM27	10	6.06580454407312e-06	0.636459817939663	0.282	0.177	0.121449538581432
TCEAL4	10	6.09756356980537e-06	0.338892106413055	0.56	0.41	0.122085417794643
AP1S1	10	6.21450252428638e-06	0.443267591022893	0.386	0.257	0.124426769541262
ASXL1	10	6.24704847354487e-06	0.536376995414374	0.295	0.185	0.125078404537315
PITPNB	10	6.28557430832735e-06	0.761048106331577	0.285	0.183	0.12584976880133
CLNS1A	10	6.458421500962e-06	0.542218255437154	0.329	0.214	0.129310515292261
AHCTF1	10	6.79992342438838e-06	0.739462347557741	0.252	0.153	0.136148066803104
GLUD1	10	7.50541811004544e-06	0.645103286067989	0.329	0.22	0.15027348139933
IMMT	10	7.58495431427785e-06	0.647500453677207	0.272	0.17	0.151865955280471
GDI2	10	7.59577425425853e-06	0.297998159457047	0.547	0.389	0.152082592118764
SPG7	10	7.87317347751058e-06	0.469959206998739	0.299	0.186	0.157636679366717
SNX9	10	7.87894702355189e-06	0.492800339816872	0.406	0.285	0.157752277305556
MTX2	10	8.03186303737104e-06	0.579126642873711	0.299	0.19	0.160813961734243
GPBP1L1	10	8.05135606505682e-06	0.681932545875557	0.252	0.155	0.161204251134568
MBD2	10	8.08369003190671e-06	0.661216112398227	0.282	0.18	0.161851641818836
MTIF3	10	8.23422794147066e-06	0.423108149137049	0.356	0.231	0.164865711844126
MAFG	10	8.33032481139012e-06	0.541494977759426	0.295	0.186	0.166789763373653
RIOK3	10	8.35342306278037e-06	0.533221263115162	0.279	0.173	0.167252236562989
PSME1	10	8.35514723557175e-06	0.393749565395354	0.473	0.335	0.167286757950618
MGLL	10	8.52210433867875e-06	0.652276492913687	0.258	0.158	0.170629573069026
SERINC3	10	8.68363403460368e-06	0.440193097601721	0.44	0.313	0.173863720640835
MRPS15	10	9.01124665820956e-06	0.540211403095833	0.329	0.216	0.180423180590672
SLTM	10	9.22266954284253e-06	0.323471767405514	0.527	0.38	0.184656289586793
BNIP2	10	9.32013925735513e-06	0.416121055371189	0.389	0.262	0.186607828210764
RERE	10	9.48490210817326e-06	0.424699210826724	0.406	0.278	0.189906710009845
PFDN4	10	9.49170520884685e-06	0.559663345439366	0.285	0.179	0.190042921691532
ARFGEF1	10	9.72493980834583e-06	0.479329160948811	0.326	0.211	0.1947127448427
TRAPPC6A	10	9.85112086480467e-06	0.507552798824474	0.346	0.23	0.197239141955119
C19orf70	10	9.92347397639185e-06	0.335781738216789	0.547	0.398	0.198687795955318
SNRPE	10	9.95779266982417e-06	0.326416732988099	0.705	0.594	0.199374924835219
MXD4	10	1.01887427756383e-05	0.492887791936254	0.312	0.201	0.203999007853829
FUBP1	10	1.081350931097e-05	0.433535488639087	0.305	0.192	0.216508083424242
COX7A2	10	1.16323556757259e-05	0.254786524718234	0.819	0.711	0.232903025339384
EXOSC8	10	1.25085928371481e-05	0.560666315373693	0.279	0.175	0.25044704578538
NAV1	10	1.26728274986133e-05	0.498699792270501	0.292	0.187	0.253735352177235
MRPL10	10	1.31063573593896e-05	0.525884621596731	0.309	0.199	0.262415487049698
FCHO2	10	1.33130820540686e-05	0.517883771522098	0.305	0.197	0.266554528886561
YIPF3	10	1.37639430050998e-05	0.312432244613498	0.507	0.355	0.275581666848108
FEZ2	10	1.38131388719016e-05	0.636088723518674	0.349	0.241	0.276566666493215
PRPF40A	10	1.38386945853517e-05	0.372587475877731	0.453	0.32	0.277078342987912
ZNF428	10	1.38629358835804e-05	0.278141316056313	0.577	0.418	0.277563702261047
OSBPL9	10	1.39113700795879e-05	0.629294946678258	0.255	0.159	0.278533451733509
SMG7	10	1.46141324784728e-05	0.626755505831465	0.262	0.165	0.292604160483983
CHMP2A	10	1.50521009714052e-05	0.354877109611491	0.584	0.439	0.301373165649475
HSPA4	10	1.51413594721956e-05	0.593217391054791	0.326	0.22	0.303160299352301
DAZAP2	10	1.52922739651515e-05	0.449533735466617	0.332	0.218	0.306181909330264
FAM96B	10	1.53955688474632e-05	0.318224537790832	0.634	0.495	0.308250079463909
NAA38	10	1.54062963409427e-05	0.322573451659872	0.554	0.416	0.308464865338354
MRPS25	10	1.64109046747184e-05	0.529881800202104	0.315	0.207	0.328579133397212
ALKBH7	10	1.6434679017249e-05	0.387450401876522	0.413	0.284	0.32905514328336
CHCHD1	10	1.71953453407174e-05	0.433199498400138	0.393	0.27	0.344285204411844
KIAA0368	10	1.86847472401961e-05	0.502166421990281	0.252	0.153	0.374106009243206
DDRGK1	10	1.86972508847952e-05	0.593154666547014	0.315	0.21	0.374356357215369
MRPL23	10	1.93080839975161e-05	0.637734904081678	0.268	0.171	0.386586457798267
PIP4K2B	10	1.98153006252628e-05	0.614912052809304	0.262	0.165	0.396741949119011
PHB2	10	1.9942868053112e-05	0.271559578406171	0.584	0.435	0.399296104159409
TMEM134	10	1.99543736509429e-05	0.604706077162189	0.255	0.16	0.399526469239178
LARS	10	2.0146717003425e-05	0.339624247021807	0.453	0.319	0.403377567842576
FKBP3	10	2.02082999004873e-05	0.374117843595699	0.419	0.289	0.404610580607557
CHMP3	10	2.06369172014629e-05	0.468194396270963	0.386	0.271	0.413192356207691
PSMD7	10	2.12698324460001e-05	0.370932738078809	0.426	0.298	0.425864585233814
PRPF6	10	2.16740001046945e-05	0.368488761086922	0.362	0.241	0.433956830096194
SRSF4	10	2.17648637156432e-05	0.500095600941743	0.44	0.323	0.435776101314608
MRPS28	10	2.20811100257885e-05	0.69845601716392	0.252	0.159	0.442107984936338
KIAA1429	10	2.24971397396648e-05	0.421598264079412	0.282	0.176	0.450437731867568
AK2	10	2.29609556757419e-05	0.458678455251383	0.356	0.241	0.459724254539705
C1QTNF4	10	2.39491466975771e-05	0.42487955897883	0.339	0.225	0.479509815178889
ATP5H	10	2.52578667598344e-05	0.282266692643318	0.765	0.672	0.505713008265404
LAMP1	10	2.64031319165606e-05	0.310860887819376	0.477	0.339	0.528643507233376
NOSIP	10	2.73800905035012e-05	0.43905808567179	0.342	0.23	0.548204172061101
ATXN2	10	2.82995628154983e-05	0.534918043356173	0.285	0.185	0.566613846691906
FDX1	10	2.90165369720143e-05	0.600630864465623	0.272	0.176	0.58096910325367
PDIA4	10	2.92115896055419e-05	0.48425234669266	0.483	0.368	0.58487444708216
DCAF7	10	2.95529993198907e-05	0.365022617998367	0.419	0.295	0.591710152382851
EIF3A	10	3.00222301449775e-05	0.301915449747164	0.601	0.465	0.601105091962739
SNHG15	10	3.24708580237312e-05	0.339636450860027	0.349	0.232	0.650131519351146
CLPTM1L	10	3.36603403803404e-05	0.552139051231962	0.268	0.171	0.673947335095176
MAP1LC3A	10	3.57694377285428e-05	0.424361448602404	0.406	0.288	0.716175682200883
RBM42	10	3.65116645356858e-05	0.436578080362704	0.339	0.228	0.731036547333502
TTC1	10	3.75148089099646e-05	0.481437210213785	0.322	0.216	0.751121503995312
URM1	10	4.15174163458417e-05	0.614995792368991	0.268	0.175	0.831261710076443
TMEM43	10	4.17318052938792e-05	0.608829634544167	0.282	0.187	0.835554205594049
UBE2M	10	4.33545396672331e-05	0.364063585788229	0.45	0.322	0.868044593217341
PLOD3	10	4.36646263967822e-05	0.363555168081807	0.383	0.263	0.874253149716374
ZNF22	10	4.37037014484255e-05	0.354370950684532	0.453	0.33	0.875035510400376
IRF2	10	4.42104197138224e-05	0.502216724287696	0.279	0.18	0.885181023510152
STRAP	10	4.46533995436679e-05	0.511765937823478	0.339	0.235	0.894050365663319
ACTR2	10	4.54490068931619e-05	0.321959983718096	0.56	0.426	0.909980016014887
TMX3	10	4.81072173737908e-05	0.542784795809991	0.252	0.159	0.96320270625804
XRCC6	10	5.11779245927177e-05	0.316339811481438	0.557	0.422	1
HNRNPH1	10	5.68935282684451e-05	0.278617531621254	0.678	0.538	1
DCTN6	10	5.74401784666338e-05	0.545911676276435	0.252	0.161	1
KXD1	10	5.77403943488436e-05	0.491696692632423	0.299	0.199	1
CD99	10	6.05864777874251e-05	0.263276019801905	0.94	0.872	1
NDUFB10	10	6.19577247090681e-05	0.277847795683618	0.765	0.668	1
AMOTL1	10	6.41283897944566e-05	0.473331978851114	0.268	0.172	1
HGSNAT	10	6.42269415026769e-05	0.521500478745486	0.282	0.185	1
SCAMP1	10	6.48934774643486e-05	0.565010952886553	0.265	0.172	1
MRPL21	10	6.58743769364686e-05	0.543292917773265	0.265	0.172	1
CHD3	10	6.64001690111503e-05	0.404850733906966	0.326	0.218	1
EWSR1	10	6.84455150890282e-05	0.37539015010332	0.312	0.207	1
NELFE	10	6.95484566801976e-05	0.456989540385664	0.322	0.218	1
HNRNPF	10	8.26762167533282e-05	0.270946518268325	0.52	0.387	1
DHRS7	10	8.70300001262444e-05	0.385666126970609	0.356	0.247	1
VPS35	10	9.21224422650734e-05	0.275230814555854	0.477	0.345	1
PA2G4	10	9.49383004351076e-05	0.289688627032316	0.554	0.417	1
ATP5C1	10	9.52559663152944e-05	0.252708569092914	0.668	0.531	1
SZRD1	10	9.57326817039468e-05	0.550142489728505	0.289	0.195	1
PIH1D1	10	9.86121470356188e-05	0.562459236495886	0.285	0.193	1
ARFRP1	10	0.000100873677438467	0.561922651987094	0.258	0.17	1
ACSL3	10	0.000104199149539497	0.515565925021634	0.289	0.194	1
PCM1	10	0.000119164778116016	0.274747356041023	0.52	0.396	1
CYC1	10	0.000128741345624658	0.437003340510481	0.309	0.21	1
SAP30BP	10	0.000130567580086048	0.440099918305629	0.366	0.261	1
QSOX1	10	0.000133929043154811	0.436329112332526	0.315	0.216	1
B3GAT3	10	0.000135812676236238	0.460482146375092	0.275	0.182	1
BUB3	10	0.000137266401425414	0.414495941100911	0.326	0.225	1
NDUFAF2	10	0.000145562944576297	0.484344499293431	0.279	0.187	1
SMDT1	10	0.000149690579699914	0.261413983647419	0.581	0.445	1
MAPRE1	10	0.000150854888740117	0.420089957574135	0.285	0.19	1
ARPP19	10	0.000154232350941816	0.303797282345614	0.54	0.416	1
EPRS	10	0.000156083756628477	0.50037229768063	0.356	0.259	1
MRPL51	10	0.000156495120014571	0.25689979016055	0.664	0.563	1
SHOC2	10	0.000157140584120595	0.486191238246157	0.309	0.214	1
PRKRIR	10	0.000158256283108219	0.493009775113878	0.255	0.167	1
PTPLAD1	10	0.000163411728211886	0.27312622318816	0.513	0.377	1
CLTC	10	0.000164047500530519	0.266453737809922	0.641	0.507	1
ANAPC11	10	0.000173137062900408	0.340137958707794	0.648	0.565	1
RPL17	10	0.000173577862321734	0.411952252447433	0.403	0.295	1
CCAR1	10	0.000173992274952972	0.422476550411013	0.312	0.213	1
VTI1B	10	0.000174989313133971	0.56182736562729	0.262	0.174	1
UFD1L	10	0.000178969258085238	0.514857599447708	0.289	0.197	1
SIN3A	10	0.00018673828665816	0.451660036575004	0.252	0.165	1
NUDCD2	10	0.000190033304213452	0.387000720073081	0.362	0.259	1
SRP72	10	0.000200888216548967	0.376459329135364	0.409	0.299	1
UBE2K	10	0.000200947868143087	0.391361508487212	0.329	0.228	1
ABCE1	10	0.000203261680204802	0.485955607235413	0.305	0.212	1
CDC27	10	0.000206051753338217	0.467956268839393	0.295	0.203	1
HDAC2	10	0.000209897947201616	0.35890532057889	0.372	0.268	1
TMX2	10	0.00021084368681188	0.43300584545942	0.265	0.176	1
FBXW5	10	0.000213926062003983	0.341961944721068	0.336	0.232	1
NRN1	10	0.000221761975597028	0.503787037628276	0.265	0.179	1
S100A6	10	0.000223693431241272	0.656511887106576	0.745	0.834	1
MCTS1	10	0.00023085416530639	0.401780032304168	0.349	0.249	1
SUGT1	10	0.000231830612541199	0.358004769129103	0.379	0.271	1
NMT1	10	0.000234753535350113	0.357912412734544	0.396	0.29	1
TAF11	10	0.000240573933975792	0.381700250727076	0.326	0.227	1
GS1-251I9.4	10	0.000246577689803123	0.355656628440423	0.379	0.272	1
SETX	10	0.000256806673823922	0.349339162874916	0.409	0.301	1
LRP6	10	0.000260361284577135	0.37402030887815	0.312	0.216	1
ACO2	10	0.000261379635256982	0.455713867304856	0.255	0.169	1
ANXA4	10	0.000267012461619311	0.462459241455098	0.258	0.174	1
MRPL28	10	0.000288117242783189	0.295965896704521	0.45	0.336	1
NEMF	10	0.000299937748032259	0.367290959870935	0.329	0.231	1
GPR124	10	0.000307412967205401	0.428485878695191	0.265	0.177	1
EIF2S1	10	0.000307823075828531	0.486736883779716	0.282	0.195	1
PDCD6IP	10	0.000310606054476959	0.357520809616245	0.366	0.266	1
TATDN1	10	0.000348028261752365	0.448279918852071	0.258	0.173	1
PTPN11	10	0.000354585190623499	0.464484076932588	0.289	0.201	1
UQCRFS1	10	0.00036520782633253	0.294028380232907	0.423	0.311	1
EMC10	10	0.000370181814910554	0.404895280642788	0.258	0.172	1
APH1A	10	0.000372959215605386	0.338091970044989	0.419	0.315	1
CYHR1	10	0.000374807763391415	0.505126061429934	0.262	0.179	1
FAM50A	10	0.0003813267666162	0.274451502041701	0.483	0.366	1
RNF181	10	0.00038379768804474	0.368559656934053	0.406	0.304	1
TAF9	10	0.000386130243339598	0.278282631234973	0.416	0.304	1
OLA1	10	0.000394033503247762	0.426470750995857	0.305	0.214	1
EMC7	10	0.000431701894854608	0.50615692609751	0.265	0.183	1
LTBR	10	0.000433760707161622	0.401581507103213	0.326	0.231	1
ZNF800	10	0.000438470128860979	0.425270196679815	0.275	0.187	1
RPL26L1	10	0.000443388986849579	0.417790841484547	0.326	0.234	1
RAB5A	10	0.000444165827428154	0.577561897556665	0.262	0.182	1
CHMP5	10	0.000450912517684624	0.466066847295279	0.315	0.226	1
UTP18	10	0.000484402181635724	0.465486296521965	0.265	0.182	1
EIF3I	10	0.000519664421789339	0.252911378131784	0.557	0.435	1
ANXA6	10	0.000523291115009079	0.402007598590677	0.416	0.319	1
DNAJC2	10	0.000528155785659319	0.368629384347173	0.342	0.244	1
PIN1	10	0.000532139414595928	0.400141843347273	0.319	0.228	1
MESDC2	10	0.000536157681599327	0.289434043312408	0.594	0.47	1
VPS29	10	0.000547650209511927	0.301589277557805	0.433	0.324	1
CSNK2A1	10	0.000559174056212568	0.330554695131257	0.359	0.26	1
LPP	10	0.000578611072145813	0.320603683774664	0.419	0.314	1
PPID	10	0.000635469644361527	0.507118167963825	0.258	0.178	1
NUMA1	10	0.00063964611941389	0.371180357093188	0.326	0.231	1
SSR3	10	0.000655815649253576	0.267966544289068	0.517	0.406	1
ACADVL	10	0.000669490563821156	0.289289388259938	0.436	0.328	1
UQCRC1	10	0.000678966016419754	0.366842069691861	0.315	0.225	1
ZCCHC17	10	0.000695548367966671	0.443486995637548	0.252	0.172	1
SMARCA5	10	0.000702241375786875	0.328888123262087	0.49	0.385	1
NOL11	10	0.000709244260275791	0.494508954055905	0.252	0.174	1
SRSF2	10	0.000714513133346184	0.261563162177771	0.668	0.552	1
NDUFV3	10	0.000733115941120288	0.289397370374497	0.419	0.317	1
GABARAPL2	10	0.000745729023366633	0.271860027231141	0.779	0.699	1
RAD23A	10	0.000746545631357953	0.285215163028918	0.453	0.342	1
MRPS23	10	0.000750914369116795	0.378472639266323	0.339	0.247	1
WBP2	10	0.00077628864997318	0.339132111577537	0.359	0.265	1
ELF1	10	0.00078272476744507	0.36849425676446	0.329	0.24	1
TRIAP1	10	0.000799547406413784	0.457980557094928	0.255	0.176	1
ARMCX6	10	0.000800766982608157	0.447610258368192	0.258	0.179	1
DPP8	10	0.000814116794192532	0.370781581046263	0.279	0.194	1
CDC42EP1	10	0.000839137939272623	0.525884621596731	0.252	0.176	1
METRN	10	0.000917419406577081	0.310678740853553	0.285	0.2	1
ISCA1	10	0.000962884737392349	0.380386123600384	0.295	0.21	1
ARID4A	10	0.0009714362738337	0.421020428448626	0.265	0.186	1
POLR3GL	10	0.000974293457783624	0.295918185379664	0.352	0.256	1
TIMMDC1	10	0.000976343289962323	0.321526123090545	0.329	0.237	1
TFAM	10	0.000980500499110616	0.330057756711662	0.332	0.241	1
SMIM4	10	0.00102161910403592	0.464484076932588	0.252	0.175	1
PILRB	10	0.00106812939861307	0.456471556881204	0.268	0.19	1
TSR3	10	0.00108481256001517	0.390059235806033	0.265	0.185	1
DKC1	10	0.0011203308657419	0.581026175789192	0.289	0.216	1
NOP56	10	0.00115638533814698	0.305327870032416	0.359	0.264	1
ATP2C1	10	0.00116966115819546	0.373124690326686	0.265	0.185	1
PWP1	10	0.00117832870426863	0.435629214260403	0.282	0.202	1
CMC1	10	0.00120494836489826	0.267267383822536	0.299	0.212	1
VAPA	10	0.00124309789914871	0.25905207310056	0.648	0.537	1
ATP2B4	10	0.00126061505787748	0.411096864185563	0.309	0.225	1
FNTA	10	0.00126958167350055	0.369184741450282	0.312	0.227	1
USP3	10	0.00129359494903336	0.417741438349848	0.272	0.193	1
ANXA7	10	0.00130559829988638	0.439455282441066	0.282	0.202	1
TIMP3	10	0.00131698969145059	0.413926908700407	0.487	0.387	1
VPS25	10	0.00136990060368816	0.271458270346574	0.406	0.307	1
UBA1	10	0.00137913604842872	0.368652372145092	0.275	0.194	1
AMD1	10	0.00144329979436306	0.469209924786409	0.349	0.264	1
PFDN1	10	0.00145205862646225	0.352408106763994	0.389	0.3	1
ISOC2	10	0.00153872666209352	0.28474955223227	0.336	0.245	1
HSPA5	10	0.00174052861101	0.27488159071381	0.738	0.665	1
FAM127B	10	0.00176146865549014	0.354811251837088	0.279	0.199	1
SPAG7	10	0.0017992710725442	0.274517345592156	0.383	0.289	1
SEC11C	10	0.00180243919923776	0.411372740473026	0.268	0.193	1
PIN4	10	0.00181785115233392	0.363957200978624	0.295	0.214	1
GGNBP2	10	0.00194417022739056	0.438948984825451	0.272	0.196	1
VMA21	10	0.00214244833498403	0.386293628366093	0.295	0.216	1
PSMA4	10	0.00219045178002081	0.263181886135229	0.628	0.543	1
AIDA	10	0.00224648760520334	0.332112878200052	0.252	0.177	1
ATXN10	10	0.00232080572250974	0.345360926207843	0.322	0.239	1
PSMA2.1	10	0.00234476767342499	0.376146609986537	0.279	0.203	1
MAPK1IP1L	10	0.00239422238025381	0.332887194149375	0.268	0.192	1
ENSA	10	0.00249215175759526	0.267166777974883	0.443	0.342	1
MTF2	10	0.00269301635056826	0.357778907962832	0.272	0.196	1
TTC37	10	0.00275247621390255	0.293307279280816	0.346	0.259	1
SEC13	10	0.00281381256305587	0.261720462345073	0.326	0.241	1
JAGN1	10	0.00290246641717116	0.38625287426889	0.255	0.183	1
RP11-14N7.2	10	0.002905929245719	0.563275627467616	0.51	0.502	1
NPTN	10	0.00295813825501641	0.30880532534414	0.376	0.292	1
CD47	10	0.00300661796766373	0.317986949716671	0.413	0.325	1
HAGH	10	0.00313454833427365	0.443892982159341	0.272	0.201	1
PPP1R35	10	0.00325630195771195	0.275141621663035	0.342	0.259	1
BAX	10	0.00340701960275434	0.260776218861067	0.473	0.379	1
GALNT1	10	0.00344759676574601	0.427858334256397	0.366	0.289	1
GNAI3	10	0.00374633627181932	0.254421593692357	0.366	0.28	1
NAA20	10	0.00409235526564926	0.283072589327876	0.379	0.296	1
MRPL13	10	0.00409873246807939	0.294559075490276	0.262	0.188	1
ESYT2	10	0.00426135699406893	0.316513554131585	0.292	0.216	1
ANXA11	10	0.00429813688921233	0.359863114221891	0.315	0.238	1
LAGE3	10	0.00449425690117686	0.258462636896786	0.44	0.347	1
SELT	10	0.00494485131361793	0.344564175865074	0.305	0.231	1
WDR82	10	0.00494865149428792	0.265767418226126	0.322	0.241	1
C14orf119	10	0.00521917153508307	0.329767173936994	0.312	0.238	1
TMEM141	10	0.00522906814360186	0.392225422500162	0.285	0.216	1
GOLM1	10	0.0053506334270824	0.345158644265182	0.289	0.217	1
KANSL1	10	0.00538313443552088	0.280632117448198	0.339	0.261	1
IFT57	10	0.00550410989108923	0.391559770281038	0.255	0.188	1
ZDHHC5	10	0.00580606221334638	0.283154312218027	0.279	0.205	1
IWS1	10	0.00587488025884016	0.324344805278383	0.255	0.187	1
TAZ	10	0.00609605116676158	0.317250563108476	0.262	0.193	1
CHMP4A	10	0.00610197516491209	0.329892148602557	0.329	0.256	1
PARVA	10	0.00610499908904562	0.379821679863204	0.258	0.192	1
FYTTD1	10	0.00628753683161299	0.253471883447076	0.299	0.224	1
SH3GL1	10	0.00641963494803286	0.353721147958419	0.299	0.229	1
CCND1	10	0.0080410808133718	0.266284621495099	0.346	0.271	1
FAM177A1	10	0.00811454095090646	0.25149035359839	0.285	0.214	1
PBDC1	10	0.00812231932290068	0.274659518052571	0.268	0.2	1
DNAJC3	10	0.00860618806015003	0.259044788877337	0.305	0.233	1
ANP32E	10	0.00882285097262927	0.266884117047428	0.292	0.223	1
DAP	10	0.00910333370751663	0.262295226319321	0.319	0.247	1
CYSTM1	10	0.00952471498029593	0.331712073907741	0.299	0.232	1
DHPS	10	0.00955853494785193	0.268365942385277	0.285	0.215	1
EVL	10	0.00958867145121714	0.297824676007048	0.383	0.311	1
MIA	11	0	8.66072826254089	0.364	0.004	0
ERBB3	11	0	7.59742255791922	0.325	0.003	0
PRIMA1	11	0	8.30494734881882	0.285	0.001	0
SOX10	11	0	8.86944574698026	0.278	0.001	0
CMTM5	11	3.56719506985365e-275	6.97669933369202	0.305	0.004	7.14223796886097e-271
PTPRZ1	11	4.38896859608141e-264	7.5719518704031	0.397	0.011	8.78759292307421e-260
FXYD3	11	8.92355595797478e-263	8.31843057818245	0.258	0.003	1.78667437390571e-258
CRYAB	11	5.23708292614544e-253	7.87321552973899	0.377	0.01	1.04856874347284e-248
LGI4	11	3.84694442691345e-243	7.19333535820091	0.358	0.009	7.70235213156611e-239
CHL1	11	1.05412509311742e-194	6.1234913695868	0.278	0.007	2.1105692614397e-190
SOX2	11	9.85047949481765e-182	6.40157729119433	0.338	0.012	1.97226300445239e-177
FOXD3	11	1.01112896258293e-157	5.81593023765326	0.285	0.01	2.02448240888355e-153
AKAP6	11	2.15766206701508e-154	5.3740348312374	0.265	0.008	4.3200709905776e-150
MYLK	11	1.91094728802223e-140	5.18673580274725	0.377	0.023	3.82609866007812e-136
ITGA3	11	3.92255050616096e-130	4.99170149703126	0.285	0.013	7.85373062343547e-126
MPZ	11	4.59619258945299e-129	6.65400608628558	0.285	0.013	9.20249680260278e-125
FEZ1	11	8.51727052901196e-124	4.87509231012141	0.358	0.024	1.70532790531877e-119
ADIRF	11	9.15671232252604e-123	4.33754449001052	0.404	0.031	1.83335694121616e-118
S100B	11	1.48049847862241e-119	8.3754777784797	0.411	0.035	2.96425405389778e-115
CADM4	11	3.80011105618975e-115	4.69952074553795	0.258	0.012	7.60858235670311e-111
SMIM5	11	1.55013326003154e-106	4.54868158522654	0.265	0.014	3.10367681323515e-102
MT1E	11	7.48508271243355e-101	4.49558522890907	0.331	0.025	1.49866326068345e-96
COL8A1	11	4.28430356465307e-97	5.02376270626356	0.291	0.02	8.57803259714837e-93
GPM6B	11	6.61198511733314e-88	5.52225769969116	0.47	0.066	1.32385166019244e-83
GAS7	11	2.44963596393853e-72	4.62242787735048	0.344	0.041	4.90466112699773e-68
PGM2L1	11	2.73644342155e-72	4.26844983731693	0.364	0.045	5.47890701862742e-68
PRSS23	11	7.44702911015952e-71	2.9515255745767	0.457	0.071	1.49104416843614e-66
CAPS	11	7.59538772287028e-70	5.98236363245193	0.298	0.031	1.52074852987309e-65
MMP17	11	2.86068096905587e-68	4.33483444173638	0.272	0.026	5.72765543624366e-64
EDNRB	11	8.64560686981081e-67	4.02433590292724	0.311	0.035	1.73102340747352e-62
ITGA1	11	1.39792125564907e-64	3.32451404877702	0.464	0.081	2.79891793806058e-60
PDGFA	11	5.04528525279477e-61	4.13341154054886	0.364	0.053	1.01016701331457e-56
ENDOD1	11	7.17458079440209e-58	3.52189819432153	0.331	0.045	1.43649456665519e-53
MICALL2	11	4.55492798888999e-55	3.37021312028499	0.305	0.04	9.11987681935554e-51
RP4-792G4.2	11	1.79625977648935e-54	3.5167774008545	0.325	0.046	3.59647132448697e-50
SCD	11	2.11922772665125e-54	3.81661479047317	0.305	0.041	4.24311775430113e-50
THBS2	11	8.45889535857335e-53	4.7090750522512	0.298	0.041	1.69364002869356e-48
MCAM	11	9.65619095797995e-50	3.11229163784485	0.291	0.039	1.93336255360675e-45
BCHE	11	4.170300422886e-49	3.59281142032902	0.371	0.067	8.34977550670236e-45
SYT11	11	8.37162715632698e-49	3.73621554551863	0.265	0.034	1.67616718923979e-44
CAV1	11	7.14957841363669e-48	2.03661239909102	0.57	0.15	1.43148858997834e-43
PALMD	11	1.36440376428682e-47	3.07332322225973	0.325	0.051	2.73180921685507e-43
NEGR1	11	4.04963767990704e-47	3.5102951881367	0.291	0.043	8.10818456270988e-43
MAP2	11	2.42170007568881e-44	3.56251981543215	0.285	0.043	4.84872789154414e-40
S100A16	11	3.15287137280412e-44	2.45906835265651	0.497	0.128	6.31267906262841e-40
ECE1	11	5.57348159282926e-44	2.41588113537496	0.404	0.081	1.11592248451627e-39
CSPG4	11	9.91604627179101e-44	3.07502988063016	0.285	0.043	1.985390784538e-39
VIM	11	8.49713751140037e-43	1.61395524571563	1	0.965	1.70129687253258e-38
AQP1	11	4.99786795778769e-42	2.87298772179648	0.298	0.048	1.00067312250825e-37
ITGB8	11	2.22724426614254e-41	4.1599381483208	0.272	0.042	4.45938846967058e-37
NRXN1	11	9.43418167248707e-38	3.84777170412189	0.285	0.051	1.88891185446536e-33
DAG1	11	1.22137579017007e-35	3.60983086168762	0.351	0.081	2.44543860707852e-31
S100A10	11	3.03356737199025e-35	2.43032615225719	0.887	0.594	6.07380859219888e-31
MT2A	11	5.9803726408671e-35	3.47221578751793	0.583	0.223	1.19739021015441e-30
ITGA6	11	2.43573842719144e-34	1.9228495628079	0.351	0.075	4.87683547892271e-30
CRIP2	11	8.37237939556303e-34	1.90531937124766	0.411	0.101	1.67631780257963e-29
ADAMTS1	11	2.37692502654384e-33	3.03313945122653	0.291	0.057	4.75907928814608e-29
PLAT	11	1.46887267703851e-32	3.1274170728006	0.331	0.076	2.94097687396651e-28
IFI27	11	1.58565490380117e-31	2.43874362704752	0.583	0.231	3.1747982483907e-27
PPAP2A	11	2.36147989112081e-28	3.09197342731716	0.424	0.145	4.72815503800209e-24
ID4	11	3.6885882946896e-28	2.84783824756144	0.391	0.116	7.38529148362751e-24
TMSB10	11	8.03520266861076e-28	0.948574338800737	1	0.978	1.60880827830925e-23
PRKCDBP	11	1.44148009479941e-27	2.56359908669707	0.55	0.243	2.88613144580737e-23
CADM1	11	8.46372407207872e-27	3.82888481718584	0.404	0.14	1.6946068337116e-22
S100A6	11	6.80755646016703e-26	2.95496436578045	0.94	0.828	1.36300895445464e-21
CFL1	11	3.17419098840846e-25	1.08481090142274	0.947	0.732	6.35536519699142e-21
STK17A	11	5.56183815995844e-25	2.14357830967262	0.364	0.106	1.11359123638688e-20
CD9	11	1.70992376926482e-24	2.19042108938334	0.503	0.205	3.42360937082202e-20
PPP1R14B	11	4.15493912613584e-24	2.05664905565873	0.483	0.187	8.31901911834918e-20
ITGB1	11	7.57088938880533e-24	1.75047254117494	0.974	0.782	1.5158434734266e-19
SPTBN1	11	1.93436486761497e-23	1.30230885889512	0.808	0.465	3.8729853379387e-19
IGFBP5	11	2.00492726795935e-23	2.2059818677046	0.907	0.536	4.0142653759082e-19
VWA1	11	2.83826995313927e-23	2.31001833836625	0.338	0.1	5.68278410017545e-19
PGF	11	3.06209204140036e-23	2.20142324607479	0.331	0.094	6.1309206852918e-19
GPC1	11	2.77676398209909e-22	2.04501731156372	0.298	0.079	5.5596368449588e-18
DBI	11	4.47879623306358e-22	2.27810220335843	0.748	0.508	8.96744581783989e-18
MYL6	11	8.14917623326789e-22	0.835904649051393	1	0.967	1.6316280654249e-17
AP1S2	11	1.47640898718145e-21	2.46265784139317	0.411	0.151	2.9560660741347e-17
CSRP1	11	7.17633609763206e-21	2.3842873032246	0.483	0.216	1.43684601346789e-16
TANC1	11	7.91679085376108e-21	2.29579855948694	0.311	0.093	1.58509986474004e-16
STRA6	11	1.23169993789983e-20	2.44610142858088	0.252	0.063	2.46610961566304e-16
PHLDA1	11	4.47891116930463e-20	1.97782190802506	0.384	0.136	8.96767594318174e-16
CDH19	11	6.20953805428124e-20	3.43982978277853	0.391	0.167	1.24327370922819e-15
PLAC9	11	2.05694875678394e-19	2.24773458751151	0.457	0.202	4.11842280083281e-15
IGFBP7	11	5.2655790508161e-19	1.74147939863952	0.967	0.799	1.0542742375544e-14
S100A4	11	1.03016836261765e-18	2.70458487821768	0.748	0.469	2.06260309563306e-14
CALM1	11	1.04313596338165e-18	0.981829663520697	0.967	0.88	2.08856682588273e-14
TAGLN2	11	1.33169359935728e-18	1.39489314305784	0.656	0.406	2.66631692463315e-14
GPNMB	11	1.56657509673148e-18	1.96304930963686	0.331	0.107	3.13659665867576e-14
CAV2	11	2.23398896303647e-18	1.7985383027102	0.351	0.12	4.47289270179162e-14
LMNA	11	2.32639479924322e-18	1.11623224386475	0.914	0.652	4.65790766704478e-14
TUBA1A	11	3.81222610631761e-18	1.4660391455397	0.781	0.495	7.63283911006911e-14
SDC3	11	6.65634442770584e-18	2.21974048150885	0.325	0.112	1.33273328131526e-13
LGALS3	11	9.00505552503032e-18	1.49905374629379	0.841	0.594	1.80299221722157e-13
COL18A1	11	2.15935182240837e-17	2.10228568213911	0.477	0.227	4.32345421882603e-13
TMSB4X	11	4.29794210057226e-17	0.677655448485197	1	0.989	8.60533967376578e-13
GAPDH	11	1.49923564670484e-16	0.993566020424009	1	0.953	3.00176961183243e-12
CRIP1	11	4.40715099467719e-16	2.05927580931561	0.311	0.106	8.82399772154268e-12
GNG11	11	5.46956070906144e-16	1.30735370531428	0.781	0.528	1.09511544516828e-11
SOCS2	11	6.26639434836336e-16	2.40005210118286	0.272	0.087	1.25465747642931e-11
FAM210B	11	7.13341076455368e-16	2.6210768399151	0.318	0.121	1.42825150327894e-11
SOX4	11	8.26511135277414e-16	1.04913665253603	0.868	0.566	1.65484059505244e-11
PEBP1	11	1.55597085215188e-15	0.915966818600381	0.94	0.725	3.11536484017848e-11
METRN	11	2.20439774621863e-15	2.11852318059156	0.417	0.199	4.41364516747894e-11
B2M	11	3.05918712936702e-15	0.644748006223265	0.98	0.963	6.12510447041864e-11
YWHAE	11	5.34584825117824e-15	1.23273050773486	0.669	0.486	1.07034573685091e-10
ANXA1	11	1.42736651333843e-14	2.09308873475714	0.517	0.301	2.8578732330062e-10
CD151	11	1.45907458764114e-14	1.70018213234442	0.55	0.337	2.92135913937509e-10
CD59	11	1.7016497169621e-14	1.29471017108279	0.642	0.463	3.40704306330151e-10
VAT1	11	2.51839843435845e-14	1.59511239723201	0.338	0.13	5.04233734527249e-10
PLEC	11	1.04988281641114e-13	1.58678403747287	0.325	0.127	2.10207537501838e-09
PDLIM4	11	1.30144155940059e-13	1.92673897202777	0.444	0.233	2.60574629023185e-09
PLP1	11	1.33257290870546e-13	2.50207468133173	0.344	0.157	2.66807747781007e-09
CLIC4	11	1.41197503773732e-13	1.52645603656507	0.437	0.213	2.82705642055767e-09
PPFIBP1	11	1.48066483910973e-13	2.4660118025574	0.477	0.31	2.9645871408655e-09
RPS3	11	2.63141146586865e-13	0.510621557426404	1	0.985	5.26861203696221e-09
SQLE	11	2.9086182766304e-13	2.40551273610803	0.318	0.134	5.82363551346938e-09
GNAS	11	2.98607850336149e-13	0.636890418628201	0.987	0.986	5.97872637943037e-09
LGALS1	11	4.54245874941914e-13	0.65790722065135	0.987	0.941	9.094910908087e-09
LAMA4	11	5.05258717996965e-13	1.44922232763162	0.563	0.357	1.01162900517352e-08
RHOC	11	5.09855732624547e-13	0.792287445104171	0.848	0.587	1.02083314786087e-08
S100A11	11	8.82047663225563e-13	0.861373354229581	0.947	0.855	1.76603583131022e-08
STMN1	11	2.16795903833917e-12	0.768475488514974	0.576	0.351	4.34068758656268e-08
CCND1	11	3.64327037517336e-12	1.74682646031631	0.47	0.27	7.29455594517211e-08
DYNLL1	11	6.86926918664811e-12	0.73044606230959	0.967	0.855	1.37536507655069e-07
TUBA1B	11	8.86072882824167e-12	0.570149815668862	0.881	0.703	1.77409512599055e-07
PHPT1	11	1.36092711116004e-11	0.753162950581101	0.808	0.572	2.72484826196463e-07
UTRN	11	1.39659032219753e-11	1.47139651276491	0.43	0.223	2.79625314310389e-07
ZEB2	11	1.7680102767649e-11	1.12027558207755	0.457	0.234	3.53991017613868e-07
SELM	11	1.78055126759177e-11	1.86203281867855	0.45	0.265	3.56501974797225e-07
SGCB	11	2.05369268879744e-11	1.52510835310333	0.384	0.186	4.11190350151023e-07
SKP1	11	2.3991822777977e-11	0.688213418237842	0.927	0.793	4.80364275660655e-07
VAMP5	11	2.97280429406406e-11	1.27032089244744	0.404	0.202	5.95214875757507e-07
MEF2C	11	3.28982479149478e-11	1.48609172239307	0.47	0.273	6.58688719753086e-07
SEMA3C	11	3.78335094683308e-11	1.70563885470091	0.258	0.098	7.5750252657492e-07
PACSIN2	11	4.97997164862018e-11	1.61347300498066	0.305	0.131	9.97089923486732e-07
NES	11	5.2983046705627e-11	1.64450664353347	0.517	0.343	1.06082656114006e-06
ETS1	11	7.1666392515609e-11	1.32476817221215	0.344	0.154	1.43490451094752e-06
TSPO	11	9.89687018952257e-11	1.28509372134088	0.556	0.376	1.98155134934621e-06
RHOA	11	1.18758480781449e-10	0.741484112135744	0.894	0.725	2.37778230220618e-06
PTK2	11	1.39398415086872e-10	1.35972236980862	0.424	0.225	2.79103506686936e-06
FKBP1A	11	1.45348010199689e-10	0.92891060475448	0.788	0.594	2.91015786021817e-06
PLA2G16	11	1.4745853060838e-10	1.6395003910301	0.265	0.105	2.95241469984099e-06
SERPINE2	11	1.64161781095895e-10	3.08637547704609	0.444	0.277	3.28684718110201e-06
MGST3	11	2.09078920668589e-10	0.748186295328679	0.861	0.636	4.1861781496265e-06
EMP2	11	2.10375589141247e-10	1.38604776108904	0.457	0.27	4.21214004578605e-06
PKIG	11	2.64401470191421e-10	1.71837404127001	0.278	0.118	5.29384623617262e-06
EIF5A	11	2.6573150007621e-10	1.27568340875158	0.523	0.329	5.32047609452587e-06
KHDRBS3	11	2.74508500767518e-10	1.30441010786751	0.358	0.167	5.49620920236724e-06
SRP14	11	3.46050791619277e-10	0.625477040702131	0.96	0.883	6.92862894980117e-06
TPM4	11	3.46876016877187e-10	0.679214448279737	0.887	0.654	6.94515160991503e-06
ZMAT3	11	3.59449782623988e-10	1.30114411586473	0.305	0.131	7.19690354769748e-06
HSBP1	11	4.11654911194061e-10	0.691206591755251	0.854	0.68	8.2421546319275e-06
ARL2	11	5.25759630508925e-10	1.52052091971488	0.417	0.248	1.05267593220497e-05
GNG2	11	6.30373616031716e-10	1.42349036059943	0.298	0.131	1.2621340540187e-05
NDUFS5	11	1.07667873630247e-09	0.559710016689074	0.914	0.761	2.15572616582481e-05
GNAI2	11	1.09380653719691e-09	0.642361371701913	0.815	0.579	2.19001944877564e-05
GSTP1	11	1.48701296229954e-09	0.595980366164742	0.894	0.729	2.97729735311614e-05
AGRN	11	1.58813098639157e-09	1.59410913221183	0.265	0.112	3.1797558609532e-05
PMP22	11	1.99357025513776e-09	1.73316661983325	0.45	0.288	3.99152636483682e-05
DKK3	11	2.24909775610341e-09	1.2457712730442	0.384	0.201	4.50314352727024e-05
DMD	11	2.5241120531585e-09	1.33160466624933	0.265	0.111	5.05377715283395e-05
COX7A2	11	2.88694465690705e-09	0.710344227656761	0.868	0.712	5.7802405920593e-05
SEPN1	11	3.02821286685604e-09	1.50058729702549	0.278	0.123	6.06308780201916e-05
NRN1	11	3.12080365493258e-09	1.6348943975754	0.344	0.179	6.24847307790601e-05
SPTSSA	11	3.65180635049684e-09	1.61914732907393	0.364	0.192	7.31164667496478e-05
HSPB1	11	3.85720004511034e-09	0.260683846126875	0.934	0.73	7.72288593031992e-05
ARHGAP42	11	5.68398407009417e-09	1.41247536585925	0.272	0.119	0.000113804729051425
PMEPA1	11	6.35230756475145e-09	2.10289587187182	0.49	0.361	0.000127185902061454
IL32	11	7.18118060151057e-09	0.876161864458885	0.252	0.104	0.000143781598003445
GPX4	11	7.9068378111097e-09	0.536174039347722	0.907	0.707	0.000158310706654038
C4orf48	11	8.31262964402181e-09	1.23948578331862	0.477	0.31	0.000166435470732605
ATP5E	11	1.14004268117876e-08	0.512393654020701	1	0.962	0.000228259345625612
CLIC1	11	1.16186436497717e-08	0.591192934986611	0.868	0.615	0.000232628483155728
SERPINB6	11	1.18335393782094e-08	1.33451066875493	0.331	0.167	0.000236931125430508
ANXA5	11	1.35570736640676e-08	0.690087664007036	0.927	0.781	0.000271439728901961
TRMT112	11	1.46045852975805e-08	0.836640194775122	0.689	0.528	0.000292413006828156
ATP5I	11	1.6078043711423e-08	0.654450732496071	0.94	0.796	0.000321914591190111
MYL12B	11	1.66768813796428e-08	0.577904532076043	0.934	0.855	0.000333904518983207
SOD1	11	3.04769175745572e-08	0.578048030342296	0.854	0.665	0.000610208843677784
PTMA	11	3.33130947237782e-08	0.352430396132008	1	0.998	0.000666994782559488
FKBP2	11	3.60587135048515e-08	1.34077390050506	0.444	0.302	0.000721967561794138
PKM	11	4.04349775616257e-08	0.666302299895108	0.834	0.654	0.000809589120738869
HLA-A	11	4.07130191968368e-08	0.445577272217863	0.927	0.763	0.000815156070359066
RPS27L	11	5.12413563068382e-08	0.553986119431764	0.901	0.736	0.00102595443597551
HSP90B1	11	5.27929381954161e-08	0.461778222406867	0.96	0.831	0.00105702020854862
PHLDB1	11	6.34295641914792e-08	1.42566215616755	0.291	0.143	0.0012699867342418
GADD45A	11	7.20694251128125e-08	1.43487583714943	0.358	0.198	0.00144297402960873
COMT	11	7.63330760678934e-08	1.3925549192082	0.411	0.269	0.00152834084903136
MIF	11	7.76428618266168e-08	0.713850597512816	0.762	0.576	0.00155456537949252
ARHGAP12	11	7.90178396628312e-08	1.28211234179636	0.278	0.132	0.00158209518572921
NDUFB7	11	8.07693052641485e-08	0.621863417182515	0.755	0.583	0.00161716302999878
HSPG2	11	8.36444563116615e-08	1.05068416328878	0.45	0.284	0.00167472930427209
PCSK1N	11	9.83257412172479e-08	1.44926654884699	0.371	0.22	0.00196867799065174
IFITM3	11	1.2201521882701e-07	0.598137498074095	0.921	0.775	0.0024429887113544
RAN	11	1.22464309122489e-07	0.66921142263635	0.801	0.621	0.00245198039725047
SCARB2	11	1.22907899675937e-07	1.23512377361109	0.483	0.333	0.00246086196731162
PLS3	11	1.25786027243537e-07	1.40296230556462	0.358	0.208	0.00251848783747009
ARHGAP29	11	1.27891312665573e-07	1.07165953377144	0.252	0.113	0.00256063986219011
EIF4A1	11	1.28593152124978e-07	0.558717933922275	0.901	0.748	0.00257469209184632
LMO4	11	1.67744078100385e-07	1.69890539255746	0.47	0.365	0.00335857193172591
MAGED2	11	1.72415928735824e-07	0.544061106033912	0.887	0.653	0.00345211172514868
DDAH2	11	1.74712224652403e-07	1.11672608149951	0.404	0.244	0.00349808816199041
ISG15	11	1.77520860923535e-07	0.727677858631588	0.477	0.295	0.00355432267741101
ANXA2	11	2.11864396205351e-07	0.732445433804083	0.848	0.731	0.00424194894082354
LDHB	11	2.66671112264848e-07	0.578379723518482	0.868	0.674	0.00533928900976679
KANK2	11	2.80809199721903e-07	1.33887979912291	0.358	0.208	0.00562236179683194
MYEOV2	11	3.04468790104591e-07	0.633882391865415	0.728	0.561	0.00609607411547412
FAM63B	11	3.88374022086124e-07	1.28591267945449	0.305	0.158	0.00777602467020837
SEPW1	11	4.25079165699858e-07	0.574537866026611	0.927	0.803	0.00851093505564255
TXN	11	5.07710285251969e-07	0.599415430030878	0.841	0.651	0.0101653753313149
ALDOA	11	5.82205567264642e-07	0.531403334808343	0.874	0.667	0.0116569198677727
MSN	11	6.95157318488733e-07	0.935070024527102	0.49	0.335	0.0139184398307814
TMEM59	11	7.02608998579396e-07	0.577197033419792	0.854	0.685	0.0140676373695567
PRCP	11	7.2504534832312e-07	1.2812214904105	0.305	0.166	0.0145168579641255
FGL2	11	7.52566094689799e-07	1.04918699169202	0.298	0.148	0.0150678783478792
ACTN4	11	7.773431023235e-07	1.00242121115624	0.483	0.335	0.0155639635947211
C14orf1	11	8.48190448792207e-07	1.55343947742985	0.278	0.146	0.0169824691657176
SSFA2	11	1.20589519545219e-06	1.06753290999091	0.351	0.202	0.0241444336033437
FLNA	11	1.35480301802562e-06	0.79183418023151	0.748	0.538	0.0271258660269089
MYL12A	11	1.3707477160491e-06	0.520828789117515	0.901	0.754	0.027445110770735
TCEAL3	11	1.38072302350926e-06	1.53757878977903	0.311	0.179	0.0276448363767025
CBR1	11	1.46006389592638e-06	1.22586702524003	0.351	0.208	0.0292333993242379
PRDX5	11	1.50577450906864e-06	0.665795014548188	0.669	0.516	0.0301486172205723
MRFAP1	11	1.52203918580244e-06	0.602054936102335	0.722	0.561	0.0304742685781365
CAP1	11	1.82812143207598e-06	1.31087197073964	0.444	0.317	0.0366026473130253
HLA-C	11	1.91413298222758e-06	0.261233769906684	0.868	0.654	0.0383247705701606
S100A13	11	2.2026796329702e-06	0.783614248119468	0.662	0.502	0.0441020516113294
BTG1	11	2.71441358002929e-06	0.310491892774168	0.815	0.625	0.0543479886993465
PHLDA3	11	3.12833375767631e-06	1.01363563309828	0.417	0.268	0.0626354984961951
C9orf3	11	3.34072085616706e-06	1.14939460763294	0.278	0.146	0.0668879129821769
GSN	11	3.53595432188087e-06	1.08356235522548	0.947	0.79	0.0707968774326987
LGALS3BP	11	3.90844324334122e-06	1.23327430534434	0.424	0.293	0.0782548506181779
EEF1D	11	4.16121295544303e-06	0.469522223254347	0.934	0.766	0.0833158057938803
TXNDC17	11	4.55131379321013e-06	1.10789451453579	0.358	0.218	0.0911264047676532
RHOB	11	4.90850857689258e-06	0.689423597520823	0.457	0.306	0.0982781587265431
ARPC1B	11	4.92268216337311e-06	0.987579090040386	0.841	0.784	0.0985619422750564
CARHSP1	11	4.94899123765169e-06	1.09465868737909	0.298	0.164	0.0990887025602622
LSMD1	11	5.05813031809462e-06	0.881807737487384	0.47	0.316	0.10127388522889
GUK1	11	5.15335535025686e-06	0.527190546053303	0.927	0.791	0.103180480822843
MARCKSL1	11	5.27127443340625e-06	0.808576641320796	0.556	0.417	0.10554145670566
PRDX2	11	5.89765714992012e-06	0.409641579589215	0.808	0.579	0.118082891455701
SEC11C	11	6.58893078936895e-06	1.34144753605839	0.325	0.194	0.131923572264745
COX8A	11	7.21002363957226e-06	0.745933707106113	0.589	0.473	0.144359093311516
ACTB	11	7.40412768876263e-06	0.445786361104364	0.993	0.971	0.148245444584405
ACTG1	11	7.63029912833202e-06	0.401454762575174	1	0.987	0.152773849147464
A2M	11	8.55326033101743e-06	0.634351199586779	0.921	0.748	0.171253378347631
DYNLRB1	11	1.02053530388034e-05	0.774142922551548	0.583	0.493	0.204331578542922
EGFL7	11	1.08441289679785e-05	1.17767051011784	0.291	0.173	0.217121150196865
DST	11	1.10431973676618e-05	1.23495843828931	0.43	0.313	0.221106897695324
AHNAK	11	1.1574865709151e-05	0.442557712200535	0.788	0.587	0.231751961228622
DLGAP4	11	1.23615046515607e-05	1.2334849862622	0.291	0.166	0.247502046133549
MFSD10	11	1.29501972533866e-05	1.2323680898366	0.285	0.166	0.259288849407307
PSMD8	11	1.31951781737386e-05	0.517177666991385	0.768	0.596	0.264193857394594
MYH9	11	1.34745972914133e-05	1.21312020524332	0.318	0.189	0.269788386968677
AKAP12	11	1.5414035671829e-05	0.950289047874275	0.536	0.408	0.308619822221361
SPTAN1	11	1.67907374022399e-05	0.938948132762396	0.391	0.256	0.336184144267647
JOSD2	11	1.72469445019684e-05	0.988653906326799	0.344	0.212	0.345318322818412
QKI	11	1.85689251974229e-05	0.646645381334329	0.669	0.558	0.371787020302802
FIS1	11	1.99609981749676e-05	0.641596356313164	0.662	0.532	0.399659105459201
DAD1	11	2.06576010939603e-05	0.483563741973554	0.868	0.74	0.413606489103272
SLC22A17	11	2.24166529769214e-05	0.994377434979082	0.272	0.148	0.44882622590392
DLC1	11	2.31981576449115e-05	0.799568830758572	0.503	0.4	0.464473512366417
YWHAQ	11	2.34233229241133e-05	0.562332530507639	0.656	0.5	0.468981771586595
IFI27L2	11	2.83201416279817e-05	0.995123013828176	0.444	0.342	0.567025875675449
BSG	11	2.90754617740666e-05	0.479356425093621	0.821	0.647	0.582148895640361
SYNE2	11	4.05578286002159e-05	0.825449601484611	0.338	0.205	0.812048844233524
YBX1	11	4.15418068383647e-05	0.39133438053089	0.94	0.916	0.831750056517739
FAM177A1	11	4.33207951187416e-05	0.903772443128331	0.344	0.215	0.867368959867444
POMP	11	4.88779016585749e-05	0.586168917237608	0.781	0.655	0.978633347007987
HINT1	11	5.22876511008044e-05	0.398255302887095	0.887	0.748	1
BST2	11	5.34666507729823e-05	0.981677482763225	0.384	0.261	1
RABAC1	11	5.55043526342851e-05	0.414249710584945	0.815	0.628	1
VAMP3	11	5.70034665765521e-05	1.07828285842525	0.285	0.167	1
HRAS	11	6.38766278035666e-05	1.02486836096646	0.265	0.15	1
PON2	11	6.59811299542316e-05	1.10024963269074	0.318	0.202	1
HMCN1	11	7.75748401433388e-05	1.38036046948682	0.278	0.172	1
TBCA	11	7.75841041408346e-05	0.433431074819594	0.821	0.671	1
PSMC1	11	0.000104735885205678	0.899923871350773	0.404	0.278	1
NDUFB4	11	0.000109740422794357	0.419215440827068	0.762	0.616	1
NEDD8	11	0.000110201558068801	0.471618342809226	0.801	0.66	1
COX6C	11	0.000110914777013593	0.520832479076205	0.947	0.821	1
HIP1	11	0.000114133353898987	1.16798638426999	0.265	0.16	1
UBL5	11	0.000120875093871106	0.395192242482072	0.94	0.843	1
PTN	11	0.000122106873916837	0.882696031764218	0.934	0.758	1
CYSTM1	11	0.000132500672887792	0.865846124941424	0.358	0.232	1
IFI6	11	0.00015882661428845	1.08652086374322	0.616	0.481	1
YWHAB	11	0.000163022896635423	0.429362238738914	0.834	0.667	1
CCDC85B	11	0.000170026409926362	0.620213753940198	0.483	0.36	1
PPDPF	11	0.00019026646840616	0.448917156812737	0.947	0.842	1
PWWP2A	11	0.000212373943193957	1.053709684135	0.265	0.159	1
SH3GLB1	11	0.000224088156746649	1.12596951799039	0.464	0.368	1
SPARC	11	0.00023695053370672	0.416880994980953	0.993	0.836	1
PFN1	11	0.000240918602219127	0.574954064822268	0.921	0.879	1
NDUFA1	11	0.000247273302175244	0.494586085359738	0.854	0.708	1
GNG5	11	0.000256158552923119	0.441160092108312	0.821	0.703	1
TMEM205	11	0.000266883736930198	0.999206006392987	0.311	0.199	1
TPM3	11	0.00027202056246229	0.433421038962612	0.662	0.516	1
APLP2	11	0.000272924444627932	0.82590655804143	0.49	0.404	1
HYAL2	11	0.000298527654867344	1.10142897287316	0.351	0.248	1
DSTN	11	0.000308513683830682	1.03392329525181	0.702	0.569	1
COL4A1	11	0.000313435376909819	0.775269328975078	0.788	0.624	1
ZNF706	11	0.000345344758550188	0.640549075076246	0.583	0.502	1
SHFM1	11	0.000353513415170483	0.468475012442076	0.874	0.779	1
ENO1	11	0.000405110236586311	0.607806014375075	0.768	0.615	1
VIMP	11	0.000407991120260328	0.934229883046892	0.338	0.237	1
RPAIN	11	0.000427951535723528	0.783641366702179	0.298	0.187	1
AHR	11	0.000430149329742041	0.788214859441439	0.252	0.149	1
C14orf166	11	0.000466116162490453	0.715186064504085	0.477	0.391	1
ATP2B4	11	0.000468537087721619	0.773984397132034	0.338	0.226	1
TOMM7	11	0.000472243594604468	0.334515373903607	0.954	0.873	1
PSMB1	11	0.000545103415091561	0.386042004558204	0.848	0.713	1
ATP1A1	11	0.000583697005965016	0.913227439008178	0.477	0.397	1
COL4A2	11	0.000588635518078212	0.681501358039765	0.841	0.665	1
CANX	11	0.000605628399820251	0.547454332948698	0.583	0.487	1
CTNNA1	11	0.000661529059391255	0.772343135784448	0.391	0.288	1
RAB13	11	0.000663449292919915	0.693109964331121	0.47	0.369	1
DNAJB2	11	0.000680080569866722	0.839054487020785	0.258	0.158	1
LSM7	11	0.000730350271346513	0.423737948041523	0.775	0.621	1
CREB5	11	0.000786088092960246	0.774928148195974	0.272	0.172	1
NME4	11	0.000797176034078352	0.501485037338695	0.629	0.495	1
RND3	11	0.000810119532025065	0.61019287897077	0.278	0.172	1
MFGE8	11	0.000868988395053061	0.825189788128921	0.477	0.377	1
APP	11	0.000891949975186117	0.463245509059699	0.662	0.552	1
MAP4	11	0.000956673094739625	0.754165589434272	0.43	0.34	1
TBCB	11	0.000997882990710398	0.735816324644884	0.371	0.269	1
EMC10	11	0.00100950878634324	1.11441091828709	0.265	0.174	1
TOMM20	11	0.00102961607824923	0.457677994555344	0.695	0.588	1
PDGFRB	11	0.00104154616234871	0.516196056747966	0.225	0.401	1
DCTN6	11	0.00105682501020209	0.866955260683068	0.258	0.162	1
SNX1	11	0.00106287405915271	1.1060191794987	0.377	0.291	1
WBP5	11	0.00106754412239799	0.807597560419188	0.556	0.484	1
ITGAV	11	0.00111158147204581	1.00358710614877	0.278	0.189	1
LAMB2	11	0.00114733297821024	0.904022181170135	0.364	0.278	1
ATRAID	11	0.00115200135859861	0.499040394496827	0.609	0.505	1
ATP5J	11	0.00117405658913422	0.361949461666488	0.874	0.735	1
NDUFC1	11	0.00117892872318199	0.398223378427946	0.669	0.554	1
NDUFS6	11	0.00122515679178646	0.521862558583381	0.603	0.521	1
YWHAZ	11	0.00133116406597555	0.478610726575781	0.682	0.578	1
EMP3	11	0.00141297528338497	0.826178687635916	0.497	0.442	1
TCEB1	11	0.00142795129977537	0.698370405865124	0.444	0.343	1
TMEM258	11	0.00145497029431397	0.604760493479036	0.629	0.56	1
CSDE1	11	0.00153961435389122	0.478683790703545	0.682	0.582	1
DUSP6	11	0.00163125014309652	0.67537127740083	0.305	0.206	1
NR2F2	11	0.00167682436364839	0.539881353300398	0.45	0.347	1
SVIL	11	0.00170072193658078	0.807399609259773	0.298	0.203	1
BAX	11	0.00174961272869643	0.877689226819109	0.457	0.381	1
SYNGR1	11	0.00176846675192232	0.983749373640869	0.258	0.173	1
PDIA6	11	0.00192269530354268	0.38497773996113	0.775	0.643	1
CXXC5	11	0.00202934723263784	0.747638300989323	0.364	0.263	1
NDUFB11	11	0.00207048610982852	0.329660205782145	0.815	0.678	1
COA4	11	0.00220254971780525	0.840135120720132	0.278	0.187	1
TUFM	11	0.00220263986270886	0.69430043212661	0.45	0.374	1
ADAM10	11	0.00221698329886905	0.946415448716493	0.278	0.19	1
NGFRAP1	11	0.00222092423928786	0.360577132362208	0.894	0.739	1
HMGN3	11	0.00230583849007318	0.379393747076047	0.656	0.537	1
ANKRD10	11	0.00246315846656881	0.874305123138464	0.351	0.265	1
FRMD4A	11	0.00249524305041228	0.91253362117431	0.338	0.248	1
ITGB1BP1	11	0.00284407929141801	0.851204650514813	0.298	0.208	1
TIMP1	11	0.00287470524673004	0.688754746625985	0.993	0.929	1
RRAS	11	0.003007450078181	0.862418480086296	0.351	0.268	1
PCMT1	11	0.00315300666429923	0.891353723801776	0.305	0.22	1
PARK7	11	0.00318809351154231	0.297337686917938	0.914	0.783	1
VGLL4	11	0.00318959989650396	0.58818872347703	0.43	0.346	1
ZBTB38	11	0.00339689335665389	0.757984007122542	0.258	0.173	1
NDUFB8.1	11	0.00353017733589018	0.411773391987194	0.642	0.537	1
PRMT2	11	0.00356505278141646	0.703829565562948	0.417	0.345	1
FIBP	11	0.00385593276588389	0.975638628225657	0.265	0.185	1
SH3PXD2A	11	0.00407071647858536	1.23548403161032	0.298	0.221	1
MAP1B	11	0.00409873692793769	0.628422302350445	0.351	0.26	1
TPI1	11	0.00414477630367457	0.298641309255768	0.907	0.755	1
C19orf43	11	0.00480126515069835	0.292429154508372	0.781	0.632	1
PGRMC1	11	0.00493742347788889	0.723009849263542	0.43	0.366	1
CD63	11	0.00509020135104491	0.379150523812365	1	0.982	1
EIF4G2	11	0.00510501415673251	0.344063285423037	0.841	0.735	1
SYNE1	11	0.00535314048904329	0.764676088358432	0.371	0.293	1
FAM96B	11	0.00547061303723412	0.631068150728117	0.55	0.5	1
AES	11	0.00560127916585462	0.312736604518242	0.841	0.726	1
CNIH4	11	0.00570423163383876	0.71631598808093	0.291	0.207	1
TEAD1	11	0.00576103960369213	0.618456548576708	0.311	0.222	1
EIF3F	11	0.00579250650102182	0.414679123162605	0.742	0.635	1
KDSR	11	0.0058179072644401	0.805587257489619	0.278	0.197	1
COX7B	11	0.00635535468545179	0.395983510744985	0.649	0.551	1
SOD3	11	0.00682133879476854	0.99505336636128	0.411	0.347	1
KTN1	11	0.00725127439318974	0.277753411598105	0.735	0.606	1
ATP5L	11	0.00726938012428046	0.282444962305743	0.841	0.708	1
PTPN12	11	0.0074084474185155	0.738944751878626	0.311	0.231	1
COMMD6	11	0.00777616763155133	0.309693779542355	0.901	0.772	1
C4orf3	11	0.00797394533323271	0.320794521164823	0.808	0.689	1
HYI	11	0.00890076834193133	0.583321205446897	0.258	0.175	1
UBXN2A	11	0.00937161261182554	0.597017059708586	0.285	0.201	1
COX17	11	0.00983654392665371	0.619649922718064	0.384	0.32	1
ARHGDIA	11	0.00995251748350701	0.514066592384365	0.523	0.457	1
