gene	cluster	p_val	avg_log2FC	pct.1	pct.2	p_val_adj
MFAP4	0	0	1.75112843778589	0.73	0.269	0
MXRA8	0	0	1.42016650005807	0.846	0.409	0
COL5A2	0	0	1.20818815650685	0.964	0.566	0
PCOLCE	0	0	1.15332106492915	0.989	0.623	0
OGN	0	0	1.51598950849614	0.984	0.618	0
DCN	0	0	1.41868008195869	0.99	0.634	0
POSTN	0	0	1.34916841901553	0.932	0.587	0
ITM2A	0	0	1.44691979375619	0.93	0.589	0
PTN	0	0	1.272913498015	0.95	0.613	0
DLK1	0	0	1.47784551285543	0.982	0.667	0
COL3A1	0	0	1.17389866641193	0.998	0.714	0
MGP	0	0	1.58980088812406	0.982	0.714	0
COL1A2	0	0	1.28188941703845	1	0.761	0
COL1A1	0	0	1.16499510117128	1	0.773	0
PPIB	0	0	1.0279914360311	0.99	0.889	0
CD81	0	0	0.810447292405175	0.999	0.939	0
NGFRAP1	0	1.95376127987404e-303	1.13308192854398	0.931	0.593	3.9118208345638e-299
SPARC	0	3.79320577996211e-293	0.985800861978027	0.994	0.718	7.59475661264013e-289
NPW	0	8.11301600241227e-290	1.38613030715677	0.891	0.536	1.62438806400299e-285
RPL10	0	2.62160376302756e-286	0.672202731826948	1	1	5.24897505433378e-282
TIMP1	0	7.45663451179586e-286	0.973546775340583	0.989	0.883	1.49296736195177e-281
LUM	0	2.64031053972075e-284	1.45319185685079	0.884	0.584	5.28642976262889e-280
CALD1	0	1.50847249584413e-276	0.900626148822437	0.987	0.71	3.02026363117912e-272
ISLR	0	2.74604396172536e-276	0.98750604680132	0.964	0.602	5.49812922016651e-272
COL6A2	0	5.94094414384852e-274	0.881831749922027	0.999	0.733	1.18949583648135e-269
COL6A1	0	2.7380212469266e-273	0.916234836092511	0.993	0.671	5.48206614059645e-269
KRT10	0	1.51791223920254e-264	0.992687161558556	0.937	0.661	3.03916388533132e-260
CPE	0	6.90291346102335e-262	1.16967395903956	0.87	0.467	1.3821013331661e-257
CFH	0	3.47397915224249e-254	1.17277830591797	0.867	0.486	6.95560105861991e-250
COPZ2	0	1.55410022492136e-252	1.6492558453204	0.631	0.228	3.11161947033754e-248
FGFR1	0	1.61160940334749e-249	1.01459570407138	0.898	0.539	3.22676434738235e-245
TTC3	0	9.30638458777831e-248	0.910746042572838	0.954	0.687	1.86332432216497e-243
CRABP2	0	1.00966448627923e-247	1.61789360614047	0.645	0.238	2.02155023442827e-243
CNN3	0	6.15660181322349e-247	1.10998779918001	0.887	0.555	1.23267481504361e-242
ITM2C	0	2.33392627996955e-246	1.11106540846634	0.884	0.55	4.67298719775502e-242
CHCHD2	0	3.89215567600111e-238	0.74504915952538	0.983	0.913	7.79287409448941e-234
OLFML3	0	1.13767679948889e-237	1.46020221183015	0.653	0.244	2.27785648793666e-233
THBS4	0	2.54468835601163e-237	1.35432117757213	0.879	0.575	5.0949750264065e-233
LAPTM4A	0	2.38384161658067e-236	0.903233464580916	0.947	0.779	4.77292768471783e-232
MORF4L1	0	2.77378345112648e-234	0.796407177696448	0.979	0.855	5.55366922584543e-230
FXYD1	0	1.66453879013412e-232	1.48888935186683	0.653	0.254	3.33273956560653e-228
FKBP10	0	3.54066775260516e-230	0.981239269437542	0.879	0.497	7.08912497426605e-226
SSPN	0	5.82720587376846e-229	1.57319823328988	0.598	0.209	1.16672316004592e-224
FAT1	0	4.41450094238405e-228	1.28264276469218	0.749	0.359	8.83871378684135e-224
NDN	0	4.13093452042829e-227	1.55107169557128	0.612	0.225	8.27095709680152e-223
FMOD	0	8.10414190837324e-227	1.34023084643395	0.74	0.345	1.62261129289449e-222
CDC42EP5	0	2.0077863068543e-224	1.14312139277144	0.794	0.416	4.01998974358367e-220
MMP2	0	3.55985942790517e-222	1.03884035308382	0.852	0.49	7.12755054655174e-218
PRRX1	0	3.99585438960524e-220	1.40021429234356	0.696	0.312	8.00049965886762e-216
FIBIN	0	6.10380668887097e-219	1.63517461936275	0.613	0.237	1.22210417524574e-214
ABI3BP	0	1.8112041866543e-218	1.66608569264678	0.586	0.212	3.62639302251924e-214
RPL4	0	1.17529155793233e-215	0.686715673112992	0.991	0.934	2.35316875729211e-211
CD63	0	2.21501283680671e-214	0.609405011905071	0.997	0.971	4.4348987018544e-210
MAGED2	0	6.61395654745174e-214	1.08617705892819	0.836	0.518	1.32424637993079e-209
EMILIN1	0	4.55215267727125e-211	1.02176368487319	0.836	0.461	9.1143200904325e-207
NPM1	0	1.55988639703927e-207	0.711858878573187	0.986	0.965	3.12320454415203e-203
MEST	0	4.76601964068708e-206	1.11265273361113	0.776	0.399	9.54252452458367e-202
IGF2	0	4.27891750541001e-203	0.622378054023971	0.991	0.737	8.56724862933192e-199
ASPN	0	8.68855814441117e-203	1.83227814149835	0.517	0.169	1.739623111674e-198
GPC3	0	1.53221947129696e-202	1.09857080697216	0.789	0.433	3.06780982543078e-198
RPLP1	0	2.66925765000952e-201	0.467156467911265	1	1	5.34438766684905e-197
RPL5	0	1.91856865211271e-200	0.606051150623284	0.998	0.994	3.84135815526007e-196
COL6A3	0	3.25783476810895e-200	0.889333996764257	0.896	0.531	6.52283677270775e-196
CCDC80	0	4.16516702165627e-200	1.40185436729602	0.671	0.309	8.33949741076019e-196
GAS2	0	4.02719968911844e-197	1.64633716138019	0.533	0.186	8.06325921755293e-193
CYTL1	0	1.05828074870359e-196	1.73419010996218	0.599	0.254	2.11888971505433e-192
MRC2	0	3.94997104593322e-196	1.11205746068862	0.708	0.317	7.90863202816749e-192
GLT8D2	0	1.09513696813128e-195	1.60625356732352	0.522	0.174	2.19268323759245e-191
C1S	0	3.15887381488424e-194	1.05195662568892	0.759	0.378	6.32469715216123e-190
LHFP	0	4.28676837769844e-194	1.41859697731097	0.609	0.248	8.58296764582782e-190
MEOX2	0	2.75056024103614e-193	1.4054094585975	0.614	0.254	5.50717171460256e-189
CCND2	0	7.95355846137975e-192	0.89577239741973	0.862	0.547	1.59246147513745e-187
TSHZ2	0	3.74733818754519e-191	0.84005599574251	0.869	0.53	7.50292051910298e-187
LAMA2	0	7.08772975105196e-191	1.13612613158619	0.714	0.334	1.41910525075562e-186
SERPINF1	0	1.7544673414756e-190	1.18220921203087	0.726	0.384	3.51279451110245e-186
LAMB1	0	1.77484687070446e-189	0.759726013812795	0.949	0.64	3.55359840452447e-185
SFRP2	0	1.59975660534984e-188	1.87187236259236	0.471	0.147	3.20303267523145e-184
CDH11	0	6.23408216807482e-187	1.31173215383646	0.62	0.254	1.24818793169194e-182
SCXA	0	4.49862478454649e-185	1.89253252972475	0.614	0.305	9.00714654361898e-181
RPS4Y1	0	5.4568265363962e-185	0.73763215950714	0.958	0.892	1.09256580911725e-180
COL5A1	0	3.0934243457873e-184	0.987402662017035	0.789	0.424	6.19365422513532e-180
RPL19	0	9.097579778802e-184	0.460435446511453	1	1	1.82151742331174e-179
RPS2	0	7.30599676787152e-183	0.465012742572689	1	0.999	1.46280667286324e-178
TSPAN3	0	1.20999485212425e-182	0.967488850250528	0.815	0.492	2.42265169292317e-178
CD99	0	2.77314826271488e-181	0.741083402372338	0.956	0.812	5.55239745160773e-177
H3F3B	0	5.04251070445831e-181	0.461697287532874	1	0.998	1.00961149324664e-176
HTRA1	0	3.57201675050531e-179	1.17615757688066	0.728	0.395	7.15189193786173e-175
BMP5	0	3.72174704744572e-178	1.45104002926175	0.522	0.186	7.45168193839582e-174
ZFHX4	0	6.86582060789324e-178	1.10046210127844	0.686	0.325	1.37467460211239e-173
RCN2	0	4.22244792685862e-176	1.01819970082926	0.763	0.436	8.45418523915633e-172
CHODL	0	7.32172024548813e-176	1.84006167440201	0.45	0.141	1.46595482755163e-171
MEG3	0	1.5139834557104e-174	0.537945458102558	0.957	0.64	3.03129767502335e-170
BOC	0	3.64313561534609e-174	1.01212920284913	0.719	0.347	7.29428612904594e-170
COL12A1	0	1.53854018428838e-173	1.16336831443177	0.652	0.297	3.08046515698219e-169
CPXM1	0	1.85404658993253e-173	1.141633975263	0.656	0.299	3.71217208236291e-169
SEC61G	0	2.50880475806814e-173	0.815341341074896	0.907	0.712	5.02312888660403e-169
ATP5G1	0	1.53442404766971e-172	0.913104676160782	0.829	0.529	3.0722238282443e-168
CYGB	0	4.79863883134061e-172	1.07968047708649	0.671	0.311	9.60783466811017e-168
NDUFA4	0	1.25986111640556e-171	0.677385178532992	0.955	0.868	2.52249392726721e-167
LOXL2	0	2.58185144104886e-171	1.41631815165852	0.566	0.23	5.16938295526803e-167
AEBP1	0	1.00500863181439e-170	1.13330426601298	0.689	0.344	2.01222828261878e-166
PALLD	0	2.6316251377964e-168	1.1989442498688	0.638	0.298	5.26903985089594e-164
BGN	0	1.26100954592487e-166	0.891199277904234	0.769	0.419	2.52479331285077e-162
TCEB2	0	1.61462840911065e-166	0.657584674519638	0.964	0.895	3.23280900072135e-162
KAZALD1	0	3.80256118253553e-166	1.64840837918598	0.456	0.153	7.61348799967265e-162
RPS4X	0	5.0538978978992e-165	0.519196790080872	1	0.998	1.01189143711738e-160
NFIB	0	1.081024241392e-164	0.938450094462253	0.792	0.476	2.16442673611506e-160
GNAI1	0	1.22325981610357e-164	1.37589322520496	0.547	0.221	2.44921080380256e-160
SGCE	0	2.43292966667944e-164	1.3331698483309	0.534	0.206	4.87121177862557e-160
FSTL1	0	1.14291631775948e-163	0.799883134372658	0.854	0.514	2.28834705141804e-159
PPIC	0	1.7128822541318e-163	1.42127749706849	0.537	0.218	3.4295328492227e-159
EID1	0	3.2340121473825e-160	0.714956368348597	0.932	0.772	6.47513912148924e-156
IL11RA	0	4.26412855918979e-160	1.39580846352496	0.509	0.192	8.53763820120979e-156
SLC25A6	0	1.4378893396414e-159	0.703472432881121	0.951	0.866	2.87894203583001e-155
SPRY1	0	2.67592872349523e-159	1.02688672820357	0.737	0.427	5.35774449018216e-155
FBN1	0	1.66152208186156e-158	1.02483171146083	0.717	0.381	3.32669951230321e-154
CIRBP	0	5.92733141056061e-158	0.659776087696671	0.958	0.853	1.18677029502245e-153
MDFI	0	1.51133588466753e-156	1.50871406382771	0.468	0.168	3.02599670828133e-152
NFIX	0	3.1627880894013e-156	0.90111735085264	0.723	0.368	6.33253431259928e-152
PRDX6	0	8.99453295897297e-156	0.806611819824194	0.884	0.72	1.80088538904557e-151
ATP6V1G1	0	2.94224147637639e-155	0.768788753267173	0.882	0.692	5.8909558840008e-151
RPL10A	0	8.51423663629193e-155	0.566432515394748	0.994	0.976	1.70472045931837e-150
LMAN1	0	1.29717597611537e-154	0.957877840298285	0.757	0.454	2.59720573937819e-150
TNMD	0	3.56405090661596e-154	2.01464546681843	0.465	0.181	7.13594272522648e-150
FSTL5	0	3.93986980976517e-153	1.56061315128841	0.456	0.163	7.88840733311182e-149
GPX8	0	1.84098721294114e-152	1.31329365588026	0.518	0.205	3.68602459775076e-148
SOD3	0	8.98147173838029e-152	1.38198685830918	0.518	0.214	1.7982702714585e-147
EMP1	0	1.3465969200292e-150	1.04738321615912	0.665	0.335	2.69615635328246e-146
PTMS	0	1.84287533110988e-150	0.630987153925078	0.947	0.767	3.6898049879482e-146
KDELR1	0	3.07049916356409e-150	0.805090328766094	0.852	0.618	6.14775342528802e-146
PEG10	0	7.27924970437876e-150	1.47509637293587	0.518	0.211	1.45745137581072e-145
MXRA7	0	8.10288481512753e-150	1.17286030856428	0.6	0.281	1.62235959768483e-145
LRP1	0	9.31341513296254e-149	0.709433256688141	0.902	0.632	1.86473197792176e-144
ALDH1A3	0	1.76736964400939e-148	1.2430628582916	0.579	0.261	3.53862750123559e-144
KDELR2	0	5.52211958032387e-148	0.865902444046969	0.831	0.593	1.10563878237245e-143
IGFBP7	0	7.53345343539983e-148	0.297249976284629	0.936	0.697	1.50834804683575e-143
EPHX1	0	4.53130203455113e-146	1.43630200063813	0.509	0.217	9.07257293357828e-142
SPARCL1	0	1.21447474300673e-145	0.649770959078271	0.706	0.384	2.43162133044808e-141
FBLN1	0	2.31026062301616e-145	1.33234622536583	0.52	0.215	4.62560381940295e-141
WASL	0	3.74327368383733e-145	1.20405034350513	0.571	0.266	7.4947825697791e-141
RNF212	0	3.73326410420961e-144	1.12835618996512	0.553	0.234	7.47474138944848e-140
TPM1	0	4.9288862151141e-144	1.05931225735722	0.715	0.418	9.86861597990146e-140
SUMO2	0	1.17986348326461e-143	0.563217647433663	0.964	0.907	2.3623226661924e-139
PSMB5	0	3.174931355436e-143	1.11295281600439	0.635	0.334	6.35684755985396e-139
TMEM98	0	2.72355696440323e-142	1.26194362984443	0.495	0.194	5.45310575412814e-138
RARRES2	0	1.75274578227784e-141	0.719469584350425	0.705	0.358	3.50934760527669e-137
SLC9A3R2	0	4.41462818476069e-141	0.960761096233422	0.556	0.243	8.83896855152786e-137
MAGED1	0	3.69319245441651e-140	1.20638625487801	0.543	0.241	7.39450993223273e-136
CRABP1	0	2.35239226998051e-138	1.54389830656584	0.569	0.293	4.70995980295498e-134
KDM5B	0	2.58652056569797e-137	1.04960296709045	0.609	0.299	5.17873147664048e-133
TRIP6	0	7.62067150159281e-137	1.22433685794886	0.524	0.231	1.52581084804891e-132
HDDC2	0	2.20919561760959e-136	1.22926666976297	0.521	0.227	4.42325146557792e-132
DUT	0	2.76367823523464e-136	0.480422354743977	0.866	0.623	5.5334365625868e-132
SLIT3	0	1.99074810093407e-135	1.16558724068974	0.507	0.206	3.9858758476902e-131
OLFM2	0	2.67549825890467e-135	1.23118027262073	0.491	0.196	5.35688261397894e-131
ANGPTL1	0	2.74369686740009e-135	1.77900184888223	0.369	0.116	5.49342986790846e-131
MSX1	0	5.88846660138093e-135	1.70248870219128	0.41	0.148	1.17898878292849e-130
SUB1	0	1.07338089589626e-134	0.677038873046719	0.922	0.815	2.1491232297635e-130
SEPT11	0	9.53459046909711e-134	1.0159230910408	0.705	0.418	1.90901570372262e-129
COL14A1	0	4.27546793180605e-133	1.69008244693378	0.4	0.14	8.56034189306208e-129
HMGN2	0	5.04956152701758e-133	0.343629437830338	0.953	0.82	1.01102320893946e-128
CALU	0	1.35152588126354e-132	0.816324446026868	0.785	0.501	2.70602511946587e-128
SEPT7	0	1.77521178068474e-132	0.639955469884683	0.94	0.792	3.55432902728698e-128
FAM20C	0	5.7975959924586e-132	1.18567729475488	0.527	0.233	1.16079466961006e-127
SIX1	0	3.70618529006403e-131	1.38012638562365	0.433	0.159	7.42052418776621e-127
SSR4	0	8.86326553888267e-131	0.666767048604771	0.93	0.827	1.77460302619509e-126
PDGFRB	0	1.21790917049877e-130	0.909366467006542	0.572	0.259	2.43849774117265e-126
ZNF667-AS1	0	3.36985203121654e-130	1.18742934714305	0.527	0.239	6.74711773690176e-126
MDK	0	1.43545051903074e-129	0.739481895779489	0.818	0.532	2.87405902920334e-125
COLEC12	0	2.35343485192815e-129	1.01888069920909	0.628	0.331	4.71204726053054e-125
APOD	0	4.74229792480959e-129	0.718333410753389	0.819	0.583	9.49502890505377e-125
RGS3	0	1.52391927185043e-128	1.51805118190924	0.428	0.166	3.05119116609893e-124
SPRY2	0	2.53772957638471e-128	1.09774415992345	0.533	0.234	5.08104215783748e-124
CTSK	0	4.28757227070224e-128	1.53068828422423	0.385	0.132	8.58457720040002e-124
EEF1A1	0	4.80130679074767e-128	0.335642253163706	1	1	9.61317645643498e-124
RPS8	0	7.38507686920057e-128	0.409687640038701	0.999	1	1.47864009075134e-123
LINC00657	0	9.89664443799309e-128	0.782295400165344	0.817	0.568	1.98150614937498e-123
GABARAPL2	0	5.40052705166852e-127	0.791542684733337	0.82	0.609	1.08129352628507e-122
TPM2	0	1.09734268735088e-126	0.931225434478522	0.682	0.389	2.19709952861393e-122
C15orf61	0	1.55815229046041e-126	1.20431634904485	0.518	0.238	3.11973251595984e-122
TMED3	0	3.16157263930572e-126	1.15760847285978	0.546	0.265	6.33010073841792e-122
OSTC	0	3.20141411000149e-126	0.823643543214842	0.777	0.523	6.40987133104498e-122
NENF	0	3.22158382719412e-126	0.807480128830596	0.765	0.508	6.45025513880807e-122
PRDX4	0	7.14632916609752e-126	0.977835950252163	0.656	0.369	1.43083802563605e-121
ACTG1	0	1.41747142556937e-125	0.579297762074496	0.994	0.982	2.838061288275e-121
CLEC11A	0	1.54796248084007e-125	1.12502541487818	0.555	0.27	3.09933047913799e-121
BICC1	0	8.35426628499266e-125	1.34525943944679	0.428	0.163	1.67269119558123e-120
FAM3C	0	9.08756433088625e-125	1.08639757673095	0.555	0.268	1.81951213033004e-120
RP11-14N7.2	0	2.22050415809421e-124	0.782027918191626	0.683	0.36	4.44589342533622e-120
PMEPA1	0	4.59910128233451e-124	1.06358230804098	0.519	0.24	9.20832058749015e-120
TNC	0	3.50448094890967e-123	1.2295787324588	0.512	0.231	7.01667175590695e-119
OLFML2B	0	3.21702649945097e-122	0.975898515944076	0.655	0.375	6.44113045720074e-118
CLTB	0	6.313902497386e-122	0.918453000592643	0.676	0.404	1.26416955802662e-117
SSR2	0	6.78765568444691e-122	0.706417033097079	0.859	0.696	1.35902442113996e-117
MXRA5	0	9.64973839391776e-122	1.37060630360514	0.437	0.174	1.93207062123021e-117
TENM3	0	3.7936188523492e-121	1.35886998369877	0.423	0.163	7.59558366617357e-117
IGFBP4	0	2.50506753804857e-120	0.745517983677799	0.84	0.583	5.01564622468084e-116
HIST1H2BK	0	1.46120011604646e-119	1.22939001741688	0.471	0.203	2.92561487234822e-115
GLCE	0	1.62929795832358e-119	1.3168398923119	0.448	0.187	3.26218037215547e-115
SMARCA1	0	2.0724268078077e-119	1.14177593539506	0.487	0.213	4.14941295459258e-115
EDNRA	0	2.62809825519924e-119	1.36460502534859	0.432	0.174	5.26197832655992e-115
QPRT	0	4.23010250638821e-119	1.31237034591968	0.431	0.173	8.46951123829048e-115
SMO	0	8.06890857815935e-119	1.42234620806697	0.392	0.145	1.61555687551906e-114
NEO1	0	9.94221162700776e-119	1.24118544837239	0.442	0.178	1.99062961195949e-114
LGALS1	0	2.40451261945041e-118	0.47552887430181	0.978	0.914	4.8143151666636e-114
DAD1	0	7.20093843390812e-118	0.661837020881815	0.857	0.653	1.44177189323708e-113
S100A13	0	2.78668525344273e-117	0.891968293262326	0.666	0.379	5.57950121444304e-113
FAM129A	0	4.54411976063037e-117	0.924988651539236	0.619	0.329	9.09823658473413e-113
SON	0	1.76333197204789e-116	0.462358717636444	0.986	0.902	3.53054327443428e-112
TIMP3	0	2.40811944592092e-116	1.00837028327192	0.55	0.266	4.82153675462287e-112
C12orf57	0	2.67940143259382e-116	0.749465451014696	0.781	0.513	5.36469754833934e-112
MDH2	0	2.77799005755785e-115	0.846326366718551	0.723	0.468	5.56209169324233e-111
ARL1	0	7.70310381048292e-115	1.13356150789902	0.525	0.26	1.54231544493489e-110
EEF2	0	1.01912132154374e-114	0.569694001644623	0.938	0.815	2.04048470999488e-110
CMYA5	0	1.12845374211099e-114	1.0299646716679	0.484	0.208	2.25939008245463e-110
C11orf31	0	2.75711519352891e-114	0.647092806317205	0.879	0.703	5.52029604048357e-110
CD276	0	2.95594868968322e-114	1.01601524246433	0.543	0.261	5.91840046648374e-110
NFIA	0	6.23748500212611e-114	0.840821350053828	0.669	0.376	1.24886924712569e-109
PDCD7	0	8.13111445127795e-114	0.918334708977427	0.614	0.328	1.62801173543487e-109
VASN	0	1.28390935369554e-113	1.40756770151916	0.368	0.13	2.57064330796922e-109
LEPREL4	0	1.61143488027302e-113	1.25427650657197	0.445	0.191	3.22641491728264e-109
MMP14	0	1.76683945961982e-113	0.969018068584181	0.562	0.28	3.5375659660508e-109
SMAD3	0	1.78195237358919e-113	0.917248448238827	0.538	0.252	3.56782504240028e-109
MFAP2	0	2.04746845182016e-113	1.31386987977584	0.431	0.178	4.09944133423433e-109
C1R	0	4.64850570285027e-113	1.01103706507222	0.522	0.24	9.30723811824681e-109
RPL24	0	5.36186317556934e-113	0.395453251153133	0.998	0.995	1.07355224501249e-108
FUNDC2	0	6.32687464516304e-113	1.0645759171552	0.543	0.276	1.26676684145454e-108
FBXO17	0	1.03034030886112e-112	1.45915730529429	0.375	0.139	2.06294736640173e-108
CAPN6	0	1.09793635809643e-112	0.999805305004112	0.546	0.266	2.19828817618067e-108
FNDC1	0	1.35641216877346e-112	1.41466148368307	0.348	0.117	2.71580844431822e-108
ARF4	0	2.11370682118244e-112	0.872413307977344	0.705	0.457	4.23206379737148e-108
HDLBP	0	6.33991904446479e-112	0.82354899936158	0.717	0.457	1.26937859108274e-107
COL16A1	0	1.70465443688565e-111	0.900061388812554	0.542	0.25	3.41305911353245e-107
NME1	0	1.02326540364898e-110	0.858038975436668	0.61	0.329	2.04878199118598e-106
CHD9	0	3.44251568315474e-110	0.64628792653699	0.839	0.605	6.89260490081241e-106
SNHG7	0	3.99523549928538e-110	0.754937369946446	0.764	0.52	7.99926051666919e-106
CDO1	0	4.08932378392407e-110	1.77081868207334	0.302	0.092	8.18764408017276e-106
THRA	0	1.06569361618197e-109	1.07229476035852	0.49	0.228	2.13373175831953e-105
KDELR3	0	1.11523553637328e-109	1.49522831656403	0.341	0.117	2.23292459092658e-105
TSC22D1	0	1.12244707521028e-109	1.0041611931137	0.68	0.438	2.24736353398603e-105
TGFB2	0	1.74190217360132e-109	1.40379889956731	0.38	0.145	3.48763653198456e-105
EGFL6	0	1.91134192541249e-109	2.06170647017357	0.287	0.084	3.82688880306088e-105
TUSC3	0	2.37800690909088e-109	1.09737670883875	0.48	0.217	4.76124543338177e-105
UQCRH	0	3.26054954606604e-109	0.605835786891008	0.899	0.765	6.52827230113343e-105
DLC1	0	4.52028244874344e-109	0.91742550844048	0.56	0.278	9.05050951887411e-105
BMP1	0	6.15479895397801e-109	1.04974166291385	0.473	0.208	1.23231384656548e-104
PPAP2B	0	2.43016805612544e-108	1.36489131137568	0.439	0.194	4.86568248197435e-104
PYCR1	0	5.58636421416284e-108	1.34665214845677	0.41	0.169	1.11850184295968e-103
MBTPS1	0	1.02814771914871e-107	0.986722527617553	0.548	0.28	2.05855736327955e-103
COL11A1	0	2.67099324944691e-107	1.43045806117379	0.369	0.138	5.3478626840426e-103
TMEM59L	0	1.11355403613856e-106	1.41788693781756	0.341	0.118	2.22955789115662e-102
EGFR	0	1.14168599993896e-106	0.927932016422351	0.52	0.242	2.28588370907779e-102
CTHRC1	0	1.60680154777988e-106	1.07295062598641	0.484	0.222	3.21713805896488e-102
ELN	0	1.76720480123048e-106	0.853104918735256	0.528	0.256	3.53829745302368e-102
DDR2	0	3.01825032993075e-106	0.812215731456486	0.564	0.271	6.04314081058735e-102
CRISPLD1	0	4.12633475349325e-106	1.37462107076375	0.365	0.135	8.26174744344418e-102
SNRPE	0	9.18469602462215e-106	0.736138873904957	0.742	0.485	1.83895983804985e-101
RPL15	0	1.08237783930884e-105	0.375560518289823	1	0.999	2.16713690986416e-101
RAB34	0	1.22004607170111e-105	1.07758162697997	0.523	0.267	2.44277624475997e-101
FKBP7	0	1.41563516088628e-105	1.45991606654061	0.355	0.131	2.83438471912652e-101
ETV1	0	2.33576977238958e-105	1.22551176318063	0.403	0.163	4.67667823827842e-101
FN1	0	7.89399708176662e-105	0.668684900555291	0.795	0.538	1.58053609571131e-100
CSRP2	0	1.40727431456854e-104	1.84871025102698	0.347	0.13	2.81764463262914e-100
P4HB	0	2.17623899120851e-104	0.646828869565783	0.852	0.641	4.35726570819768e-100
RBFOX2	0	2.64188925617066e-104	0.942865503039635	0.518	0.249	5.2895906687049e-100
C1orf21	0	3.06372661397625e-104	0.923818924803013	0.54	0.269	6.13419342650325e-100
BARX1	0	5.67744131669765e-104	1.53936940790515	0.328	0.114	1.1367373004292e-99
WBP5	0	6.33756916970649e-104	0.807382434716311	0.641	0.363	1.26890809915863e-99
COX7C	0	1.14767660954278e-103	0.517650608795735	0.959	0.922	2.29787810762656e-99
CTGF	0	1.5646446436496e-103	1.61878110909342	0.453	0.217	3.13273150551522e-99
PRSS35	0	1.84040065847169e-103	1.89767846382504	0.269	0.076	3.68485019839201e-99
COL4A2	0	2.07510291659167e-103	0.598566817697663	0.819	0.55	4.15477105959985e-99
NME4	0	3.06884224932845e-103	0.782161437419881	0.651	0.377	6.14443595160543e-99
GTF2H5	0	3.70966842855475e-103	1.02870479199849	0.537	0.284	7.42749812765232e-99
CXCL12	0	4.15332308835611e-103	0.983398102516697	0.498	0.234	8.31578348750661e-99
FKBP14	0	5.00751100210658e-103	1.27390028346931	0.387	0.155	1.00260385284178e-98
RSL24D1	0	3.57001640017216e-102	0.786829148632955	0.741	0.517	7.14788683642471e-98
CNTN5	0	4.77908643648875e-102	1.36869035313483	0.348	0.127	9.56868686313777e-98
TMEM230	0	7.34034338364223e-102	0.944099533373302	0.587	0.332	1.46968355227285e-97
EPB41L4A-AS1	0	8.08242065660097e-102	1.05006875234071	0.512	0.262	1.61826226386465e-97
MFGE8	0	9.74898552251508e-102	0.909044156483423	0.53	0.26	1.95194188131797e-97
PCDH18	0	1.15138570235126e-101	1.39820386216917	0.339	0.121	2.3053044532477e-97
EPS8	0	1.69242330217527e-101	1.03927699830749	0.498	0.243	3.38856993561532e-97
HNRNPA1	0	2.10828682112345e-100	0.507652173659944	0.963	0.92	4.22121187325337e-96
LMNA	0	2.40445970469347e-100	0.585621221358266	0.806	0.541	4.81420922073726e-96
NID1	0	6.25864479238938e-100	0.974299745427954	0.501	0.246	1.2531058603322e-95
NAGLU	0	6.73337590807086e-100	1.2477061523721	0.398	0.168	1.34815652431395e-95
LARP6	0	2.22446974697928e-99	1.40209300689659	0.342	0.126	4.45383332740191e-95
CDK4	0	2.31551964153331e-99	0.938493049544401	0.512	0.256	4.636133426278e-95
THY1	0	3.55910457998637e-99	1.10181085938894	0.461	0.216	7.12603919004871e-95
KCNE4	0	8.65454588149862e-99	1.45686410752129	0.326	0.115	1.73281317639365e-94
FERMT2	0	9.51121078071331e-99	1.24228571872073	0.43	0.195	1.90433462251442e-94
RRBP1	0	1.02358074261678e-98	0.631570717481963	0.835	0.627	2.04941336286732e-94
RPS12	0	1.25700340186344e-98	0.343899351270264	1	1	2.51677221121097e-94
ARID5B	0	1.31378067051023e-98	0.965174334353502	0.585	0.332	2.63045165849559e-94
SEPT6	0	1.89451072043157e-98	0.769499731683995	0.706	0.459	3.79318936444809e-94
CCDC8	0	4.60994564950638e-98	1.31230573401272	0.348	0.132	9.23003317944167e-94
RPL6	0	7.42481510089293e-98	0.390960401597958	0.998	0.995	1.48659647950078e-93
SCARF2	0	8.59747287975205e-98	1.155689182601	0.401	0.167	1.72138601998395e-93
PDLIM2	0	1.81402346351637e-97	1.2517037444015	0.407	0.178	3.63203777865247e-93
ARF5	0	2.39973959391349e-97	0.71187770338141	0.777	0.563	4.80475861493359e-93
TERF2IP	0	2.43320943808662e-97	0.740587503949418	0.681	0.425	4.87177193693704e-93
MEIS3	0	3.01916931237538e-97	1.20345897214653	0.373	0.149	6.04498079723799e-93
NUPR1	0	3.50947305080792e-97	0.6008903055326	0.773	0.516	7.02666694232761e-93
LOXL1	0	7.54439012052738e-97	1.39527627094077	0.356	0.14	1.51053778993199e-92
TMCO1	0	1.3849771037159e-96	0.739961609443526	0.695	0.442	2.77300115705998e-92
SEC62	0	3.35132240423324e-96	0.560467476357761	0.878	0.707	6.7100177177558e-92
TMEM208	0	3.97839099362367e-96	1.01872816131921	0.518	0.276	7.96553444743331e-92
EPB41L2	0	4.4214641925033e-96	0.733502498268077	0.705	0.454	8.8526556062301e-92
ANKRD50	0	9.13568377808454e-96	1.08442267918353	0.44	0.2	1.82914660604809e-91
NDUFA5	0	1.16919960583826e-95	0.865666525614861	0.58	0.327	2.34097145080936e-91
FMO1	0	1.5164662124485e-95	1.19901883199404	0.429	0.194	3.03626865056439e-91
SHFM1	0	1.68750765145493e-95	0.552136617762047	0.876	0.707	3.37872781974306e-91
BOD1	0	4.12724073405587e-95	1.0826678691914	0.451	0.214	8.26356139772666e-91
DGUOK	0	4.87528686212782e-95	0.92228822367395	0.583	0.339	9.76129935535231e-91
PLEKHA5	0	4.93534270026851e-95	1.18793311354494	0.399	0.172	9.88154315447761e-91
NRBP1	0	5.16295208363894e-95	1.00570417251974	0.517	0.276	1.03372626618619e-90
TM9SF3	0	7.87552048184316e-95	0.693969469835835	0.747	0.51	1.57683671087464e-90
MRFAP1	0	1.86030890437869e-94	0.749109168947971	0.697	0.459	3.72471048834702e-90
NREP	0	9.55757222567143e-94	1.01213614129857	0.465	0.223	1.91361711102393e-89
KERA	0	1.29830944955304e-93	1.88772791449228	0.258	0.077	2.59947517989509e-89
ST13	0	2.65837594611551e-93	0.62456004370993	0.864	0.725	5.32260031931248e-89
FAM114A1	0	4.60711114111512e-93	1.24860587100552	0.395	0.175	9.22435792674069e-89
ETFA	0	5.88508541151108e-93	0.851189795662254	0.571	0.322	1.17831180109275e-88
RCN1	0	8.38649299959286e-93	0.964948866090943	0.505	0.259	1.67914362837848e-88
GALNT11	0	1.24671133972791e-92	1.20071799893011	0.4	0.177	2.49616544440323e-88
PLD3	0	1.25888496254652e-92	0.584833689208634	0.832	0.606	2.52053947201064e-88
ASS1	0	2.62982782475903e-92	1.67531345321468	0.262	0.079	5.26544127073252e-88
LINC00478	0	3.3116548624478e-92	1.45949299750927	0.288	0.095	6.63059536559299e-88
GSTM3	0	3.61331114747772e-92	1.35145073598781	0.355	0.145	7.23457157947988e-88
TIMM13	0	5.08514767376966e-92	0.923524582017613	0.57	0.333	1.01814826724216e-87
PLSCR4	0	1.35365865022042e-91	1.40830987873592	0.324	0.122	2.71029534947132e-87
VPS25	0	7.04647294981694e-91	1.0970654071201	0.439	0.211	1.41084481401235e-86
PBX1	0	7.80526265496274e-91	1.09252109747168	0.412	0.185	1.56276968877664e-86
RCN3	0	9.12171141400626e-91	1.46659083714942	0.335	0.133	1.82634905931233e-86
SMAD5	0	2.44230379291056e-90	0.866682859965379	0.548	0.303	4.88998065416552e-86
LSAMP	0	5.60682819283608e-90	1.44436285163408	0.295	0.102	1.12259914076964e-85
COL13A1	0	6.23792041569266e-90	1.46702341440247	0.287	0.096	1.24895642562998e-85
SEPW1	0	1.49420454898577e-89	0.477397114696854	0.901	0.731	2.99169634797931e-85
TMEM106B	0	2.22039885549517e-89	0.997331486828205	0.46	0.228	4.44568258847243e-85
LIMA1	0	3.21602612797662e-89	0.828657369657184	0.541	0.288	6.4391275134348e-85
NUCKS1	0	5.8684463909732e-89	0.373502717985341	0.928	0.756	1.17498033640065e-84
ERBB2	0	1.55363466662119e-88	1.33705772138422	0.323	0.123	3.11068732950895e-84
CNPY2	0	2.06967285894591e-88	0.924584304692462	0.515	0.28	4.1438989981815e-84
CUTA	0	3.2703029471664e-88	0.68306541984266	0.736	0.529	6.54780056081657e-84
VCL	0	4.49072346830898e-88	1.08118170608087	0.428	0.203	8.99132652824824e-84
IGFBP2	0	4.61273926043349e-88	1.1946210133667	0.635	0.424	9.23562654723993e-84
UBE2E3	0	5.41789709362912e-88	0.958374610597715	0.501	0.265	1.08477135608642e-83
CCDC102B	0	8.24085487677323e-88	1.25789074557472	0.36	0.151	1.64998396342754e-83
PHF14	0	9.08904817784517e-88	0.747881885683725	0.626	0.366	1.81980922616816e-83
PARK7	0	1.29876971177941e-87	0.560382441606392	0.866	0.722	2.60039671692474e-83
RPS5	0	1.48110964699806e-87	0.419591158629439	0.984	0.962	2.96547773521951e-83
TMEM9	0	1.63322894351036e-87	1.03296459600847	0.431	0.205	3.27005099069644e-83
SNHG8	0	2.18943181628885e-87	0.681412133411598	0.766	0.559	4.38368038257354e-83
COL21A1	0	2.40689643665808e-87	1.04437784421955	0.414	0.189	4.8190880454768e-83
MRPS6	0	2.56966019735318e-87	1.0000209175668	0.628	0.42	5.14497364714053e-83
RHOBTB3	0	3.01413545114196e-87	0.972439956297265	0.469	0.236	6.03490200027643e-83
EVA1B	0	3.12780364437439e-87	0.896709034229722	0.562	0.326	6.2624884567664e-83
RPL18	0	3.27275534747773e-87	0.32865097607461	0.999	0.999	6.5527107567199e-83
PLEKHH2	0	3.3094185995588e-87	1.01811200237277	0.395	0.172	6.62611792003664e-83
SRSF9	0	5.30286855476856e-87	0.643889782748303	0.775	0.579	1.06174034203576e-82
ATP1B1	0	8.26274894902305e-87	1.05422493554078	0.473	0.243	1.6543675945734e-82
CRLF1	0	8.53516211422859e-87	1.25056135874883	0.345	0.139	1.70891015851085e-82
PRDX2	0	1.21864353315152e-86	0.748230526569845	0.7	0.492	2.43996808207598e-82
TAGLN	0	1.90729064265917e-86	1.41533701197236	0.317	0.125	3.8187773247322e-82
SMOC2	0	3.04485781164113e-86	1.64120051476642	0.25	0.077	6.09641431046787e-82
C12orf23	0	3.59301322075961e-86	1.08693260281631	0.43	0.209	7.19393107060489e-82
NDUFB10	0	4.90950292343033e-86	0.644835356991891	0.777	0.59	9.82980675329221e-82
RAB2A	0	6.40735351954854e-86	0.705235766405659	0.728	0.523	1.28288032168401e-81
PHLDA3	0	9.91929104856699e-86	1.10661665721042	0.392	0.176	1.98604045374408e-81
SNAI2	0	1.57167219569013e-85	1.46054091776583	0.305	0.116	3.14680207021078e-81
SRM	0	1.87210171014364e-85	1.00648743712494	0.483	0.257	3.7483220440496e-81
PGRMC1	0	2.83484798854233e-85	0.836698026096579	0.501	0.261	5.67593264265944e-81
ATXN7L3B	0	4.53186848578428e-85	0.94394535990698	0.495	0.263	9.07370708223729e-81
SEMA6D	0	5.52168350373543e-85	1.09699544026573	0.351	0.143	1.10555147111791e-80
MLF2	0	8.44181835400194e-85	0.869887729069605	0.54	0.303	1.69022087083827e-80
GLT8D1	0	1.63439203784308e-84	1.17987527938108	0.384	0.175	3.27237973816942e-80
RORA	0	3.40174533692598e-84	0.965566134994929	0.431	0.204	6.81097451359319e-80
PTRF	0	5.1371726498702e-84	0.545194452166487	0.719	0.441	1.02856470795701e-79
RPS7	0	1.33512346621816e-83	0.345269529735814	0.999	0.998	2.673184204062e-79
HIC1	0	2.27499644059321e-83	1.07967557589435	0.388	0.172	4.55499787335572e-79
POLR2J	0	2.72373654462258e-83	0.739985304591077	0.653	0.423	5.45346530964333e-79
EDIL3	0	3.50863781225662e-83	1.65409619875894	0.254	0.083	7.0249946277002e-79
CXCL14	0	5.43117791635004e-83	1.53326906140368	0.314	0.125	1.08743044241161e-78
RPL35A	0	6.26246796035893e-83	0.328280512883583	0.999	0.997	1.25387133502306e-78
WDR61	0	8.43279061637642e-83	0.949363654799586	0.451	0.224	1.68841333721089e-78
THSD4	0	2.06125023276785e-82	1.2808504425676	0.324	0.129	4.12703521604779e-78
IMPDH2	0	2.55775490363605e-82	1.03387718322386	0.436	0.218	5.1211368680601e-78
CETN2	0	3.28317693706502e-82	1.054299337187	0.4	0.186	6.57357686339159e-78
NRK	0	4.03876951775357e-82	1.06772221431562	0.379	0.168	8.0864243284462e-78
CALM2	0	1.02640353418378e-81	0.459234349724894	0.92	0.816	2.05506515614276e-77
SEP15	0	1.21614401580867e-81	0.814304450009636	0.579	0.355	2.43496354845212e-77
UFC1	0	1.3212944343089e-81	0.671780898962325	0.725	0.521	2.64549571637329e-77
CDK6	0	1.36741082996001e-81	0.93374800088459	0.453	0.229	2.73782996374594e-77
PDCD6	0	1.49276654179217e-81	0.794989656891789	0.61	0.389	2.98881716997628e-77
ACBD6	0	1.910329500016e-81	0.919596186627282	0.472	0.244	3.82486172493204e-77
AKR7A2	0	2.31997721531588e-81	0.979467306340544	0.472	0.25	4.64505838050546e-77
MYL6B	0	2.46150832415012e-81	1.02658251928518	0.456	0.238	4.92843196661338e-77
OLFML1	0	3.09227583881103e-81	1.52805635020312	0.261	0.088	6.19135468446745e-77
C21orf33	0	3.60740360534606e-81	0.982087747404892	0.459	0.238	7.22274349862388e-77
BTBD3	0	4.4512863578989e-81	1.33843448565874	0.328	0.136	8.91236554578518e-77
LEPROT	0	7.06239257818082e-81	0.867038711028236	0.543	0.317	1.41403224200336e-76
ABCA10	0	1.06227184949989e-80	0.816674415328864	0.453	0.224	2.12688069706867e-76
SPRY4	0	2.5431282245904e-80	1.14248391836969	0.366	0.161	5.0918513312749e-76
SERPINE2	0	3.63068242175467e-80	0.614304413792233	0.401	0.186	7.26935234483719e-76
PPP2R1A	0	5.06920148445011e-80	0.862282638151584	0.491	0.262	1.0149555212166e-75
NDUFC1	0	6.45990584866841e-80	0.71132594153039	0.679	0.459	1.29340234902039e-75
MEOX1	0	1.17016232755783e-79	1.52511962080851	0.296	0.116	2.34289901223628e-75
PRMT1	0	1.42690834216461e-79	0.740560720664367	0.594	0.361	2.85695588268198e-75
NGFR	0	1.74846037123903e-79	1.20010435413466	0.324	0.132	3.50076735529479e-75
ATRAID	0	1.85024973677839e-79	0.748107829693261	0.634	0.407	3.70457002297768e-75
UACA	0	2.39840767997895e-79	0.572106430883697	0.751	0.498	4.80209185685385e-75
GCSH	0	2.79821091686378e-79	1.14848783078002	0.356	0.157	5.60257789774466e-75
PEBP1	0	3.2776785521068e-79	0.580273342145826	0.816	0.661	6.56256799702823e-75
NDUFA11	0	7.76114898248047e-79	0.72486592250151	0.653	0.439	1.55393724927224e-74
SYCE1L	0	8.70310923614552e-79	1.31678360409899	0.315	0.127	1.74253653126106e-74
PPIA	0	2.10037283926938e-78	0.275614303785754	0.993	0.981	4.20536649878515e-74
IGFBP5	0	2.53648093925717e-78	0.527633127229084	0.669	0.444	5.07854213658071e-74
MRPS33	0	3.53432801800736e-78	0.975788818680703	0.444	0.231	7.07643155765434e-74
SMARCE1	0	6.94197462674068e-78	0.817397288725453	0.544	0.318	1.38992215976602e-73
SCN7A	0	1.22695118316615e-77	1.22309969263495	0.335	0.14	2.45660165893527e-73
PHB	0	2.51036670779798e-77	0.661823421140526	0.678	0.461	5.02625622235312e-73
MTCH1	0	5.08909612777291e-77	0.666969353453295	0.725	0.517	1.01893882670269e-72
FAM213A	0	5.98654235825095e-77	0.828289373991163	0.542	0.31	1.19862551096901e-72
SNUPN	0	7.23849356637878e-77	1.01738207822824	0.386	0.18	1.44929118186036e-72
KIFAP3	0	7.28799651085443e-77	1.20788970141751	0.349	0.155	1.45920266140327e-72
RPLP0	0	7.50536653534128e-77	0.361297955993102	0.985	0.965	1.50272448770603e-72
PSMD8	0	9.54521302376543e-77	0.647295622849098	0.717	0.507	1.91114255161831e-72
PLEKHA4	0	1.15313820638363e-76	0.925134241518908	0.388	0.178	2.3088133168213e-72
SLC39A7	0	1.24856131768753e-76	1.00024350680787	0.421	0.213	2.49986947027397e-72
ZNF652	0	3.62849864470709e-76	0.900900569796396	0.475	0.258	7.26497998643254e-72
ARPC1A	0	3.74132885128884e-76	0.834238339969605	0.518	0.293	7.49088862605052e-72
DCTD	0	3.78100814247621e-76	1.18140475391237	0.353	0.161	7.57033450286588e-72
STUB1	0	4.32931592475597e-76	0.765814672409016	0.582	0.354	8.66815634454641e-72
NDUFB2	0	5.47554177695581e-76	0.509783415127264	0.869	0.748	1.09631297458209e-71
CBX1	0	6.26304068169947e-76	0.708339672662317	0.574	0.34	1.25398600528987e-71
COPB2	0	1.04678357638224e-75	0.903446446633952	0.48	0.263	2.09587007663253e-71
OAF	0	1.73727748959554e-75	1.11379840993497	0.366	0.17	3.4783769896682e-71
PLAGL1	0	1.78971810464259e-75	0.83652218528392	0.458	0.238	3.58337358911539e-71
CFDP1	0	4.66627248524015e-75	0.692672753894121	0.636	0.401	9.34281076994783e-71
RGCC	0	5.62910407714121e-75	0.957476437938615	0.621	0.431	1.12705921832521e-70
COMMD4	0	1.29418067387201e-74	0.607288141893527	0.555	0.313	2.59120854522654e-70
GTF2A2	0	1.44474164580798e-74	0.726521787718456	0.606	0.386	2.89266172323673e-70
LAGE3	0	1.77867350930018e-74	0.924951748945028	0.469	0.258	3.56126010032082e-70
NME3	0	1.81704370066337e-74	0.689888472759707	0.657	0.443	3.6380848974682e-70
TNS3	0	4.86988805001831e-74	1.14960960291196	0.346	0.156	9.75048985374666e-70
PLCE1	0	5.29306075515023e-74	1.06407531367628	0.35	0.156	1.05977662439618e-69
BUD31	0	5.30622167398648e-74	0.707027084394668	0.621	0.4	1.06241170356557e-69
ERH	0	1.20765654600824e-73	0.597533150442795	0.727	0.519	2.41796993641771e-69
AFF3	0	2.74965102072818e-73	0.976828318469697	0.392	0.189	5.50535127370196e-69
BDH2	0	3.07960267020782e-73	0.990990579336836	0.386	0.187	6.1659804662901e-69
LRRC17	0	3.64246774434826e-73	1.06349764418763	0.347	0.154	7.2929489177341e-69
H1F0	0	4.02138412646174e-73	0.854955583111688	0.491	0.27	8.0516152980017e-69
MRPL51	0	4.78993818306517e-73	0.621873744034646	0.69	0.47	9.59041423013309e-69
HSBP1	0	4.95736364654991e-73	0.547397422027393	0.791	0.599	9.92563349312223e-69
FSCN1	0	7.99410240319416e-73	0.364797777688265	0.596	0.338	1.60057918316754e-68
ZNF428	0	9.80125632285778e-73	0.785803983741184	0.549	0.327	1.96240754096259e-68
YIPF3	0	1.12031642257672e-72	0.87013724598142	0.48	0.268	2.24309754128311e-68
SNAPC5	0	2.01512697455503e-72	1.03617300725005	0.391	0.194	4.03468722845408e-68
TPBG	0	5.6682904802392e-72	1.36556341277706	0.285	0.114	1.13490511995349e-67
TBC1D2B	0	8.95829952867451e-72	0.790469905172808	0.5	0.279	1.79363073163121e-67
COL4A1	0	1.14942073878049e-71	0.421928585556374	0.764	0.52	2.3013702031863e-67
TCF12	0	1.1712541597062e-71	0.78650475073835	0.509	0.288	2.34508507856376e-67
SEC31A	0	1.53245411036447e-71	0.741922928139715	0.577	0.352	3.06827961977174e-67
ACBD3	0	2.79901051703106e-71	0.801802889953914	0.517	0.304	5.6041788571996e-67
FAM229B	0	3.56030837470988e-71	1.31185696037479	0.278	0.109	7.12844942784412e-67
C17orf89	0	4.32614322375294e-71	0.793254605521041	0.531	0.316	8.66180396259814e-67
FAM13A	0	5.62715320321051e-71	0.825654745253741	0.485	0.27	1.12666861434681e-66
EBPL	0	7.55881398965059e-71	0.906776590825137	0.456	0.25	1.51342573700784e-66
SAMD11	0	8.47632171378855e-71	1.30436429400767	0.263	0.098	1.69712913353474e-66
TUSC1	0	9.57665759380367e-71	1.24923482881375	0.293	0.12	1.91743838343137e-66
SURF4	0	1.18828612764327e-70	0.886309406888467	0.462	0.255	2.37918648476736e-66
DHRS3	0	1.3256888739845e-70	1.17581144083272	0.397	0.205	2.65429426349177e-66
MAP1LC3A	0	1.78002330344974e-70	0.972324803242896	0.405	0.205	3.56396265816707e-66
FAT3	0	2.08712016212362e-70	1.25890459921756	0.258	0.095	4.17883198860392e-66
DSTN	0	3.11213188837938e-70	0.527187600704582	0.692	0.477	6.23111046691319e-66
OBSL1	0	3.39818576718973e-70	0.997951548279335	0.349	0.16	6.80384754306727e-66
NT5C3B	0	3.71486591571814e-70	0.889176299060392	0.439	0.232	7.43790453645086e-66
PSMA4	0	4.05375884182707e-70	0.614296698783605	0.67	0.449	8.11643595310615e-66
ANTXR1	0	5.84408500912924e-70	1.16368997481032	0.302	0.126	1.17010270052786e-65
EBF1	0	7.17241723581868e-70	1.07284486188153	0.322	0.14	1.43606137895562e-65
F2R	0	8.35328803734521e-70	1.20410495153648	0.364	0.179	1.67249533083726e-65
LAMTOR5	0	8.85081088847429e-70	0.660005721972513	0.625	0.403	1.77210935609032e-65
MARVELD1	0	9.45888633323437e-70	0.867503577904258	0.421	0.214	1.89385822164019e-65
FZD1	0	1.21968256152371e-69	1.16551399648416	0.331	0.149	2.44204842468278e-65
SNHG18	0	1.67348731550652e-69	1.34749957092895	0.264	0.1	3.35065630310716e-65
MRPS26	0	1.83042833419474e-69	0.871096995567278	0.452	0.246	3.66488361072471e-65
RUNX1T1	0	2.36091795536595e-69	1.00595647143046	0.356	0.164	4.7270299302337e-65
CDKN1C	0	2.90512313569111e-69	0.781431551597067	0.486	0.28	5.81663754228075e-65
IDH3G	0	3.17832936601904e-69	0.854510468337709	0.503	0.297	6.36365105664333e-65
CNTFR	0	3.41256230002206e-69	1.31565890505095	0.271	0.106	6.83263223710416e-65
PDAP1	0	4.82667882523535e-69	0.722212779204882	0.575	0.36	9.66397634388622e-65
ENAH	0	4.86230979646589e-69	1.18685096362474	0.305	0.13	9.735316674484e-65
TENC1	0	6.40729652819233e-69	0.870193229649376	0.397	0.195	1.28286891087467e-64
PTGIS	0	7.72074982501823e-69	1.24289129151135	0.278	0.111	1.54584852996515e-64
LTBP1	0	1.08168084669648e-68	1.25646133507599	0.319	0.142	2.16574139125568e-64
EFEMP2	0	1.51561026536825e-68	1.0794663952853	0.343	0.159	3.03455487332031e-64
UBE2H	0	1.5617349987572e-68	0.82763157847502	0.493	0.285	3.12690581451167e-64
ATP5J	0	1.83884663371094e-68	0.52605210816557	0.821	0.672	3.68173873001605e-64
SETBP1	0	3.49257560703953e-68	1.15320665116944	0.293	0.121	6.99283488041455e-64
PPIL4	0	3.77186947018118e-68	0.913009147466788	0.444	0.244	7.55203705319677e-64
TCEAL7	0	7.7786395943829e-68	1.16150720211191	0.315	0.139	1.55743921958734e-63
SSBP4	0	8.44404986717447e-68	0.88249355436208	0.45	0.245	1.69066766440567e-63
PCGF2	0	1.00828822878816e-67	0.946434323760914	0.368	0.177	2.01879469167966e-63
MATN2	0	1.04236003332274e-67	0.855345784023843	0.37	0.175	2.08701325871879e-63
ZNHIT1	0	2.24167609905594e-67	0.562540834578405	0.749	0.565	4.4882838855298e-63
C1orf122	0	2.56017018647856e-67	0.94660201961352	0.421	0.228	5.12597274736738e-63
PIK3R1	0	2.86999780854776e-67	0.776742297578097	0.677	0.493	5.74630961227433e-63
PTPLAD1	0	2.93627609806835e-67	0.668932659792962	0.507	0.285	5.87901200355246e-63
NES	0	3.20945893059543e-67	0.633883505642952	0.469	0.249	6.42597867083818e-63
LRRC59	0	3.95086181499368e-67	1.0377935382512	0.38	0.193	7.91041552598034e-63
EPHB3	0	5.07393429892214e-67	1.31719947150985	0.263	0.102	1.01590312533019e-62
GTF2I	0	6.50973356512559e-67	0.501967810816639	0.817	0.627	1.30337885440945e-62
TCEAL4	0	7.9754356306642e-67	0.72805890499572	0.535	0.323	1.59684172197159e-62
MPDZ	0	1.01106400557617e-66	1.02709723306145	0.346	0.162	2.0243523519646e-62
NR1D2	0	1.16222737896607e-66	0.90160359848704	0.431	0.232	2.32701165816587e-62
ADAM12	0	1.38046038653119e-66	1.24151876271197	0.269	0.106	2.76395778591275e-62
MIA3	0	1.39825920367967e-66	0.8304213331775	0.477	0.271	2.79959457760744e-62
CASD1	0	1.73605897204544e-66	0.981262652421585	0.377	0.188	3.47593727382938e-62
EIF3I	0	1.86729743344165e-66	0.746957077525638	0.554	0.35	3.73870292123687e-62
SBDS	0	3.84382840042466e-66	0.752360215073807	0.516	0.306	7.69611322333026e-62
ANAPC11	0	5.90740076785371e-66	0.556570550312243	0.688	0.475	1.18277978173967e-61
NPRL3	0	6.03081046825548e-66	0.979621273816151	0.368	0.181	1.20748887195411e-61
RARA	0	8.7724438281327e-66	1.05992777319432	0.334	0.156	1.75641870326873e-61
TFG	0	1.1973554711394e-65	0.89420697492587	0.425	0.23	2.39734512431531e-61
IMP3	0	1.47203188424762e-65	0.781291474527716	0.505	0.3	2.94730223864058e-61
EMILIN3	0	2.20967816749431e-65	1.09059149154641	0.332	0.154	4.42421762695711e-61
MPZL1	0	3.79014623494003e-65	0.880084247282046	0.44	0.243	7.58863079159694e-61
RPL3	0	3.80984409094582e-65	0.300343807928376	0.999	0.999	7.62806983889173e-61
SRP9	0	4.64505799451608e-65	0.695044460509435	0.567	0.354	9.30033511662009e-61
GBAS	0	4.8767372045315e-65	0.857206485400178	0.466	0.268	9.76420323091298e-61
SF3B14	0	5.29420405986726e-65	0.62132152370194	0.668	0.473	1.06000553686662e-60
FHL1	0	5.36289807631228e-65	1.13278491267062	0.314	0.141	1.07375945283925e-60
NDUFAB1	0	8.32295409324056e-65	0.683613965666467	0.595	0.386	1.66642186854862e-60
CA11	0	8.73820208182548e-65	1.04616497885727	0.315	0.14	1.7495628208231e-60
ERLEC1	0	9.35423885781298e-65	0.878802157322579	0.439	0.246	1.87290570411131e-60
WLS	0	1.17056341782256e-64	0.890403098464093	0.398	0.204	2.34370207516433e-60
RPL7A	0	1.2148651211922e-64	0.301618088920284	0.997	0.999	2.43240294565102e-60
C11orf58	0	1.88599957892991e-64	0.490386977578017	0.822	0.656	3.77614835693347e-60
TMEM204	0	1.98461440756168e-64	1.07740574191634	0.35	0.171	3.97359496681999e-60
EIF4H	0	2.13343994089127e-64	0.703146591329262	0.569	0.362	4.2715734496525e-60
PDLIM4	0	3.42350274283372e-64	0.928924032108382	0.338	0.158	6.85453719170167e-60
BET1	0	3.54864558851182e-64	1.06284790374534	0.326	0.152	7.10509819731837e-60
PDLIM7	0	4.09346289121836e-64	0.928661770744668	0.387	0.198	8.1959314007974e-60
HMCN1	0	6.89577007254956e-64	1.14854319703213	0.264	0.104	1.38067108392587e-59
YAP1	0	7.23019727596168e-64	0.965780881741024	0.354	0.172	1.44763009859305e-59
NAT14	0	7.73263976638213e-64	1.19505657927548	0.269	0.11	1.54822913402503e-59
PDGFRA	0	8.49529870001589e-64	1.02291495189706	0.33	0.153	1.70092870571718e-59
TWIST1	0	8.95857858658691e-64	1.13100311627761	0.297	0.129	1.79368660460643e-59
AKAP12	0	1.27039640601484e-63	0.538580614341041	0.536	0.312	2.54358768412292e-59
LINC00667	0	1.39967857971327e-63	1.0876260537402	0.314	0.142	2.80243645230191e-59
TMEM248	0	1.41202769499683e-63	0.827393897981308	0.48	0.28	2.82716185092266e-59
NRN1	0	1.72633706959231e-63	1.2706282890908	0.271	0.113	3.45647208073773e-59
LPAR1	0	2.29229277108411e-63	1.23385444837352	0.261	0.105	4.5896285862646e-59
MYO9A	0	2.62489715266057e-63	0.68339991792712	0.496	0.282	5.255569079057e-59
ADH5	0	4.43757066374485e-63	0.847785490392687	0.443	0.25	8.88490398294994e-59
TMA7	0	6.79308618586108e-63	0.334924177665438	0.973	0.94	1.3601117161331e-58
MPLKIP	0	9.27568722135219e-63	0.782823700429021	0.458	0.257	1.85717809545914e-58
MPHOSPH10	0	1.17076296863794e-62	0.855826697026731	0.422	0.231	2.34410161580689e-58
ADAMTS9	0	1.45489924716071e-62	0.896660442628895	0.371	0.186	2.91299927266518e-58
TSPAN5	0	1.6588444728429e-62	0.966517234014774	0.36	0.179	3.32133840352605e-58
TIMP2	0	1.84129102497763e-62	0.446992447445246	0.872	0.717	3.68663289021022e-58
SKP1	0	1.87934775370379e-62	0.453323390315004	0.866	0.741	3.76283007246573e-58
NHP2	0	2.81914184883788e-62	0.857687422087127	0.467	0.274	5.64448580974321e-58
MRPL27	0	3.23385299130058e-62	0.861941791636843	0.427	0.236	6.47482045918201e-58
TMEM185A	0	3.99165996659113e-62	1.01831015483849	0.326	0.153	7.99210158510875e-58
NPDC1	0	6.43346482109855e-62	0.4853125561194	0.459	0.244	1.28810832648035e-57
SMIM7	0	6.70722635063933e-62	0.836639773643461	0.466	0.274	1.34292085992501e-57
PDK2	0	7.33801589414083e-62	1.11762374398354	0.312	0.145	1.46921754232488e-57
PCSK1N	0	1.14728390891484e-61	0.978930975003701	0.319	0.147	2.29709184242929e-57
CXXC5	0	1.50799603417984e-61	0.99009122969722	0.365	0.186	3.01930965963488e-57
PHB2	0	3.40709600678756e-61	0.726081575558704	0.552	0.354	6.82168762479004e-57
CYTH3	0	3.84283318446303e-61	0.956045998589725	0.35	0.172	7.69412060193187e-57
ZEB1	0	4.0585170524663e-61	0.725244245565817	0.463	0.262	8.12596284244802e-57
TCEAL8	0	4.58203766277686e-61	0.803202665670822	0.44	0.247	9.17415580841183e-57
ATP5A1	0	5.69331584536022e-61	0.732722288291437	0.538	0.339	1.13991569855802e-56
RASSF8-AS1	0	5.95291425537496e-61	1.05463595668086	0.304	0.137	1.19189249221118e-56
PXDN	0	7.51625065000292e-61	0.632542835002496	0.463	0.252	1.50490370514358e-56
GNG12	0	1.01432283343351e-60	0.997557099871987	0.326	0.154	2.03087717710058e-56
ESD	0	1.45603596984075e-60	0.775023942413721	0.497	0.305	2.91527521881515e-56
COX6C	0	1.60008678037216e-60	0.377117532167707	0.889	0.772	3.20369375166113e-56
FKBP8	0	1.64862608736276e-60	0.60519875814175	0.643	0.437	3.30087915211772e-56
NOTCH2	0	1.92824659584519e-60	0.883152421461371	0.406	0.219	3.86073533420123e-56
KCNQ1OT1	0	2.41581869263477e-60	0.452874018084792	0.628	0.408	4.83695218639334e-56
CCND1	0	3.08883548652517e-60	0.751087343230856	0.378	0.192	6.1844664111207e-56
DOCK1	0	3.37418951674975e-60	0.917204090167122	0.371	0.191	6.75580225043635e-56
ATPIF1	0	4.01497379798702e-60	0.480036345312857	0.805	0.65	8.0387805383296e-56
PSMB1	0	5.02622146704189e-60	0.487408812104733	0.805	0.645	1.00635006213113e-55
ECM2	0	5.36832771439868e-60	1.15973083531812	0.256	0.104	1.0748465749769e-55
AUTS2	0	7.64209368682197e-60	0.962157433841611	0.328	0.156	1.53009999797549e-55
DPYSL3	0	1.4400033007804e-59	0.943188764830277	0.344	0.169	2.88317460882251e-55
OAZ2	0	1.54186508507454e-59	0.74995857548653	0.485	0.291	3.08712227333624e-55
SERPING1	0	1.59800963183025e-59	0.541942328399216	0.641	0.431	3.19953488485052e-55
LUC7L3	0	1.92177800339055e-59	0.350402193727148	0.902	0.722	3.84778391838856e-55
PHPT1	0	3.84099576818786e-59	0.595765723900008	0.681	0.495	7.69044172706574e-55
F3	0	5.62856528678906e-59	1.19844763727575	0.271	0.117	1.12695134172091e-54
ABL1	0	6.44136330266979e-59	0.990302544171952	0.329	0.159	1.28968976046055e-54
COPS6	0	6.5790015338529e-59	0.605651100961372	0.602	0.396	1.31724768710803e-54
PSMG3	0	7.52272410698036e-59	0.918554905426619	0.353	0.178	1.50619982069961e-54
CKAP4	0	8.10839012066843e-59	0.950445850055226	0.348	0.175	1.62346186996023e-54
MESDC2	0	1.01985731506584e-58	0.631700603417634	0.585	0.389	2.04195831622482e-54
CLTA	0	1.32884796445016e-58	0.499283720650462	0.797	0.65	2.66061939442212e-54
IREB2	0	1.59518100133221e-58	0.782301733965444	0.434	0.243	3.19387140086735e-54
CD164	0	2.02569317510866e-58	0.553762982008096	0.717	0.534	4.05584287520256e-54
ZNF593	0	2.12495640706299e-58	1.08322655745806	0.317	0.154	4.25458771822152e-54
C14orf2	0	2.39433102996882e-58	0.545168722810828	0.736	0.558	4.79392958820358e-54
TMED4	0	2.42365702771133e-58	0.717635894037922	0.504	0.308	4.85264610088362e-54
IAH1	0	3.21187810324284e-58	0.809364679166712	0.429	0.241	6.43082233831282e-54
POLR3D	0	3.61824058670888e-58	1.01981700714529	0.312	0.147	7.24444130270852e-54
PKDCC	0	3.925127868774e-58	0.863878075784586	0.334	0.161	7.8588910188593e-54
RHOC	0	3.9749316372032e-58	0.46691453799837	0.708	0.501	7.95860812400824e-54
ITGAE	0	5.14127450214014e-58	0.723401941508431	0.452	0.258	1.0293859808185e-53
PCDH9	0	5.15477082915983e-58	0.9968894771443	0.304	0.141	1.03208821541438e-53
MAGEH1	0	7.31325299646243e-58	1.05766567369358	0.297	0.137	1.46425951495171e-53
NDUFS4	0	7.52563948125188e-58	0.838239234309301	0.435	0.252	1.50678353693625e-53
QTRT1	0	8.08429528860029e-58	0.903529037663988	0.352	0.178	1.61863760268355e-53
SEC61B	0	8.44828883916552e-58	0.383352055178142	0.843	0.713	1.69151639137772e-53
ZC3H11A	0	1.05467986353248e-57	0.575419619117344	0.589	0.375	2.11168002276472e-53
IGFBP6	0	1.68909722797695e-57	1.12622146251874	0.267	0.114	3.38191046985545e-53
TBCA	0	1.9371104537528e-57	0.501169828274489	0.772	0.597	3.87848255050385e-53
TBL2	0	2.76004812776549e-57	1.149564985679	0.271	0.119	5.52616836141206e-53
TRIB2	0	2.8380871675902e-57	0.82963579969868	0.364	0.186	5.6824181269491e-53
MPC2	0	2.88899428596647e-57	0.701534924261955	0.516	0.324	5.78434435936207e-53
NOB1	0	3.41469488463638e-57	1.09459459800996	0.303	0.144	6.83690209801896e-53
DNM3OS	0	8.55694630943348e-57	1.1476572064152	0.256	0.108	1.71327179007477e-52
ARL16	0	8.76504217334595e-57	1.04111557690882	0.319	0.156	1.75493674394733e-52
LIFR	0	1.11171296426805e-56	0.685840868839798	0.415	0.224	2.22587169705749e-52
SAR1A	0	1.52257520130758e-56	0.876541457020839	0.386	0.21	3.04850006805803e-52
MUM1	0	2.17256486641508e-56	0.631622960946428	0.484	0.284	4.34990937553628e-52
GOLGA2	0	2.63143137344965e-56	0.868463764935974	0.385	0.208	5.26865189592089e-52
USP8	0	2.85048044179838e-56	0.673999290139444	0.531	0.334	5.70723194056871e-52
TBX3	0	2.89960083976378e-56	1.24201297176068	0.25	0.105	5.80558080137505e-52
COPZ1	0	3.57712383599231e-56	0.852995260327354	0.437	0.258	7.16211734442381e-52
RIC3	0	3.71459229133226e-56	0.921477294080405	0.315	0.149	7.43735668570546e-52
PTPRN2	0	4.4638220939566e-56	1.22766481728669	0.258	0.112	8.93746459651991e-52
ZRANB2	0	4.85217901038232e-56	0.475371722691627	0.69	0.479	9.71503281458747e-52
TSC22D3	0	6.72964444251057e-56	0.475781868057401	0.805	0.665	1.34740941027947e-51
C1QTNF4	0	1.09733655817279e-55	0.992444176478334	0.321	0.158	2.19708725677356e-51
MAML2	0	1.16433786564262e-55	0.557793128210766	0.608	0.402	2.33123727458964e-51
RPS3A	0	1.3911632811279e-55	0.253389742140526	0.999	0.998	2.78538712147429e-51
SMARCD3	0	1.40626642877751e-55	0.946992750336839	0.311	0.148	2.81562664369832e-51
MAGEF1	0	1.83555138774639e-55	1.04006246736904	0.303	0.146	3.67514098854582e-51
FAM115A	0	2.2685702997805e-55	0.893842493963469	0.362	0.191	4.54213145422052e-51
APBB2	0	2.7652350724502e-55	0.977579602070488	0.306	0.146	5.53655366205979e-51
HMG20A	0	2.92367841660596e-55	0.90526983010315	0.359	0.19	5.85378892572845e-51
SWI5	0	3.34786514643349e-55	1.01294265359359	0.327	0.166	6.70309559618913e-51
THAP5	0	3.44894784474893e-55	0.958330975188329	0.344	0.179	6.90548337475631e-51
PTK7	0	3.56861836619169e-55	1.06117352611338	0.287	0.133	7.145087692789e-51
H1FX	0	3.85729404222061e-55	0.48335287735322	0.769	0.602	7.7230741313341e-51
TLN2	0	4.59575928582693e-55	0.946381309327097	0.312	0.152	9.20162924208269e-51
EDF1	0	5.16653023874101e-55	0.384720632805545	0.923	0.873	1.03444268440072e-50
KCTD12	0	6.16297267371034e-55	0.546221402968667	0.747	0.595	1.23395038873028e-50
FAM43A	0	8.23583536624434e-55	0.908846657347115	0.367	0.196	1.64897895702944e-50
TNPO1	0	9.50427784888161e-55	0.771090936229019	0.448	0.265	1.90294651090308e-50
FASTK	0	1.55811680856012e-54	0.75646239694568	0.398	0.218	3.11966147409907e-50
C1orf123	0	1.60419508952313e-54	0.82090883606892	0.408	0.232	3.21191940824321e-50
MARCKS	0	1.60619835565633e-54	0.462166920901133	0.903	0.8	3.21593034769511e-50
JTB	0	1.67124250811476e-54	0.655520678725586	0.587	0.406	3.34616174974738e-50
LTBP4	0	1.92386446258226e-54	0.57465058300687	0.484	0.277	3.85196142698221e-50
AP1S1	0	2.18118923086084e-54	0.944450555774385	0.355	0.19	4.36717707802958e-50
TOMM7	0	4.13307808620637e-54	0.381958117717103	0.908	0.849	8.2752489442024e-50
POLR2C	0	4.16066555325411e-54	0.913982366009686	0.36	0.193	8.33048457072537e-50
RBMS3	0	5.3459331444658e-54	0.846270161835482	0.337	0.169	1.07036273418494e-49
SCOC	0	6.80360837705905e-54	0.865783724592515	0.368	0.2	1.36221846925476e-49
MRPL28	0	6.98874946096369e-54	0.763685536973779	0.441	0.262	1.39928741707415e-49
FKBP9	0	7.77590404739785e-54	0.786919305690712	0.398	0.22	1.55689150837e-49
RYBP	0	1.16713983208506e-53	0.836255927920015	0.39	0.215	2.3368473718007e-49
DNPH1	0	1.259784591074e-53	0.783680269475191	0.418	0.242	2.52234070824836e-49
CBX5	0	1.80491661104859e-53	0.485049747138079	0.556	0.341	3.61380403864149e-49
LRP6	0	2.42498949696478e-53	0.904243102877501	0.31	0.15	4.85531397082288e-49
CDC42EP4	0	2.59814362605434e-53	1.18073182090146	0.259	0.115	5.202003168086e-49
PTGR1	0	2.85021955222676e-53	1.13610731229061	0.253	0.11	5.70670958746842e-49
CEP57	0	2.99390418792197e-53	0.590192159194927	0.544	0.345	5.99439496505737e-49
EIF2AK1	0	3.15340854655362e-53	0.855174733506644	0.37	0.2	6.31375459190965e-49
UBFD1	0	4.49284215976321e-53	1.02316995414644	0.284	0.133	8.9955685722779e-49
ERI3	0	4.70196594929293e-53	0.99488744044115	0.305	0.15	9.41427622367431e-49
GOLGA3	0	5.57471735082566e-53	0.850056566404844	0.353	0.186	1.11616990798231e-48
GOLIM4	0	6.69595418103434e-53	0.695233085657271	0.486	0.301	1.3406639461267e-48
BTF3	0	1.02321805390189e-52	0.380545295278433	0.946	0.916	2.04868718752236e-48
CDC42BPA	0	1.18705837648361e-52	0.841059305587774	0.346	0.178	2.37672828139549e-48
TMED1	0	1.19896144083798e-52	1.1037736775204	0.285	0.137	2.40056059684581e-48
ACP1	0	1.22389072754835e-52	0.701976699005065	0.486	0.304	2.45047401469731e-48
TRAPPC2L	0	1.24704082471326e-52	0.871821285401601	0.392	0.225	2.49682513924089e-48
KIAA1377	0	1.41368231398291e-52	0.917077172432551	0.277	0.127	2.83047472905657e-48
ISOC2	0	1.7659469994499e-52	0.954669594970299	0.338	0.178	3.53577908229859e-48
SAT2	0	1.80261821369078e-52	0.598318718140336	0.599	0.413	3.60920218745168e-48
PER3	0	1.83196433033329e-52	0.764767489786264	0.424	0.247	3.66795898219331e-48
LAMC1	0	1.96992046629745e-52	0.560107133917988	0.486	0.285	3.94417475762075e-48
MRPL43	0	2.00808026695344e-52	0.753298057913159	0.444	0.266	4.02057831049417e-48
PDCD4	0	2.45343130736305e-52	0.675271327041852	0.504	0.317	4.91226016360231e-48
GOPC	0	2.50044082038341e-52	0.790590666361656	0.427	0.253	5.00638261057166e-48
ZNF280D	0	2.52788203540838e-52	0.608560422433374	0.506	0.312	5.06132541129466e-48
TRPM7	0	3.5150529270591e-52	0.744519617678731	0.401	0.224	7.03783897055773e-48
PTPRA	0	3.96487668487005e-52	0.710912324154267	0.463	0.282	7.93847609844682e-48
SPG20	0	4.00945702411832e-52	0.799431393001044	0.414	0.241	8.0277348536897e-48
EXT2	0	4.1144794384475e-52	1.04740715673546	0.279	0.131	8.23801073165958e-48
RPS27L	0	4.48792245974057e-52	0.549931112758245	0.813	0.681	8.98571834889256e-48
MICU1	0	4.77917875255893e-52	0.903122838964972	0.354	0.191	9.56887169837349e-48
CNKSR3	0	4.92737954785362e-52	0.940717424910351	0.284	0.133	9.86559933071252e-48
TFPI	0	7.08920822878146e-52	0.331309995271774	0.452	0.253	1.41940127156662e-47
MSRB2	0	7.17381305044682e-52	0.733876816893249	0.461	0.283	1.43634084896046e-47
SMIM11	0	9.08401629343053e-52	0.965397407222958	0.33	0.173	1.81880174227066e-47
ZSCAN18	0	1.02117455852753e-51	0.913830927115108	0.324	0.166	2.04459570108382e-47
VBP1	0	1.06552799310878e-51	0.728697832218391	0.412	0.233	2.13340014780239e-47
NBPF1	0	1.82457314477272e-51	0.805761099517547	0.371	0.203	3.65316035046393e-47
CLPX	0	1.91540216674006e-51	0.817673607763272	0.393	0.222	3.83501821824695e-47
SNX3	0	2.08558285328094e-51	0.468222076762849	0.817	0.706	4.1757539888391e-47
NDUFA8	0	2.12836132412214e-51	0.821447347133108	0.4	0.231	4.26140504315735e-47
GOLM1	0	2.28888627491099e-51	0.906125327126496	0.307	0.152	4.58280809962678e-47
IL6ST	0	2.78733953649812e-51	0.552279572824239	0.517	0.32	5.58081121997653e-47
POLR2F	0	2.99534658659656e-51	0.690807618484509	0.472	0.292	5.99728293568364e-47
SELM	0	3.02526246888824e-51	0.806339804690507	0.361	0.197	6.05718051520804e-47
ETFB	0	3.51338368557732e-51	0.648454503326649	0.503	0.318	7.03449681526291e-47
POLR2L	0	3.77901158528433e-51	0.422188552294526	0.804	0.655	7.56633699605628e-47
ZCRB1	0	3.93731497137891e-51	0.714299511754375	0.442	0.263	7.88329203569485e-47
LTBP3	0	4.10155091026482e-51	0.648670514585735	0.444	0.26	8.21212523253223e-47
DEXI	0	4.33697442695071e-51	1.06031819337883	0.268	0.125	8.68349019764072e-47
RABEP1	0	4.4362170897962e-51	0.699009610626512	0.468	0.288	8.88219385718996e-47
FBL	0	4.57563103231152e-51	0.748259174791003	0.416	0.24	9.16132845289412e-47
RNF24	0	5.06483980630986e-51	0.909322332370784	0.332	0.173	1.01408222601936e-46
PTPRG	0	5.07276134733256e-51	0.820784123665274	0.327	0.165	1.01566827696293e-46
ABCA6	0	6.94624199156676e-51	0.671607241386506	0.398	0.219	1.3907765715515e-46
UBE2I	0	7.47124940134484e-51	0.497125956076748	0.71	0.538	1.49589355513726e-46
LDHB	0	8.0027809251344e-51	0.438405261828492	0.765	0.609	1.60231679683041e-46
GJA1	0	8.40481602845277e-51	0.840518354990655	0.331	0.169	1.68281226521681e-46
LEPRE1	0	8.52585009812259e-51	0.980356221244769	0.298	0.147	1.70704570664611e-46
IGF2BP2	0	9.17809765993015e-51	0.846507096478959	0.324	0.165	1.83763871347122e-46
GLG1	0	9.99914990822804e-51	0.64283368762154	0.461	0.275	2.00202979462542e-46
CCDC25	0	1.55449377927665e-50	0.831163269445274	0.373	0.209	3.11240744486771e-46
RRAGA	0	1.57160301538548e-50	0.857885276502853	0.362	0.2	3.14666355740482e-46
DCTN3	0	1.89935995159098e-50	0.596954198893517	0.503	0.317	3.80289849507547e-46
MIR503HG	0	2.18272159089959e-50	1.02823259829702	0.276	0.131	4.37024516929916e-46
ZNF704	0	2.47497933469586e-50	0.921975388254382	0.301	0.148	4.95540362392806e-46
LMAN2	0	2.64766156524552e-50	0.560346565507765	0.613	0.432	5.30114798593457e-46
OLFML2A	0	2.91495974186254e-50	1.10899134242518	0.252	0.113	5.83633239515717e-46
COX7A2L	0	3.1906784071459e-50	0.608222066091858	0.552	0.369	6.38837630678752e-46
TSPAN4	0	6.34846282787266e-50	0.755512545320779	0.49	0.318	1.27108922739666e-45
ABCA8	0	6.53343779765724e-50	0.851052783971772	0.355	0.19	1.30812491584693e-45
IFI6	0	7.04270171697966e-50	0.698479722214183	0.581	0.408	1.41008973777367e-45
PLS3	0	7.29028823867964e-50	0.942840433876027	0.294	0.145	1.45966151114844e-45
PDIA4	0	8.11728366815665e-50	0.660926300212603	0.476	0.292	1.62524253603832e-45
FOXO3	0	8.27104643277197e-50	0.704184877656348	0.438	0.261	1.6560289167696e-45
ZNHIT6	0	1.13534643512518e-49	0.939539430490065	0.293	0.143	2.27319063240764e-45
WBSCR16	0	1.38587742124117e-49	1.05518411094062	0.259	0.119	2.77480377280907e-45
GSN	0	1.43021798607847e-49	0.421136444666718	0.859	0.741	2.86358245172631e-45
CD27-AS1	0	1.58318784119162e-49	0.993418834877521	0.275	0.131	3.16985869563386e-45
ZKSCAN1	0	2.52600824910374e-49	0.581310879077196	0.481	0.295	5.05757371635551e-45
NDUFA10	0	2.52707083411627e-49	0.669997827644602	0.478	0.301	5.0597012240676e-45
AP2M1	0	3.17839172346604e-49	0.504013935686068	0.698	0.533	6.36377590872371e-45
UAP1	0	3.5994237879428e-49	0.989876391828337	0.29	0.143	7.20676630821907e-45
UQCRQ	0	5.08108426163075e-49	0.476027701182301	0.729	0.568	1.01733469086371e-44
VCAN	0	5.18485778368369e-49	0.578573230405509	0.545	0.366	1.03811222544915e-44
LSM7	0	6.13154197436885e-49	0.491517484133485	0.717	0.552	1.22765733410813e-44
NAT9	0	6.45648399706449e-49	0.869306214618826	0.324	0.169	1.29271722589225e-44
ARF1	0	6.61946934799434e-49	0.438845846666513	0.806	0.676	1.32535015285543e-44
OAT	0	8.52710479069806e-49	0.804973745464411	0.346	0.186	1.70729692119357e-44
OCIAD1	0	8.54500033935272e-49	0.642215938352819	0.542	0.37	1.7108799679452e-44
ABCA9	0	1.20293999415293e-48	0.723320776773818	0.356	0.19	2.40852645629299e-44
PDIA6	0	1.20463081175795e-48	0.458943693780572	0.74	0.571	2.41191181130176e-44
MZT2B	0	1.85470758107655e-48	0.300878479537876	0.857	0.737	3.71349551883147e-44
UFM1	0	2.54382818160993e-48	0.700367200404737	0.449	0.276	5.0932527852194e-44
CDC42EP1	0	2.82399098967855e-48	1.05857376554835	0.256	0.118	5.65419475953438e-44
VAMP2	0	2.82944789821449e-48	0.551094494886066	0.553	0.367	5.66512058180505e-44
GALNT10	0	3.20991912004407e-48	1.07145069575782	0.252	0.116	6.42690006215223e-44
DCHS1	0	3.40088769742011e-48	0.813565890757869	0.319	0.164	6.80925734777455e-44
EBF2	0	3.56828834973806e-48	0.951263187715067	0.27	0.127	7.14442693384555e-44
CYR61	0	6.76684620343424e-48	1.02665326712687	0.26	0.123	1.3548579468516e-43
GRHPR	0	7.94072746247247e-48	0.789734037220392	0.363	0.203	1.58989245253624e-43
CPNE3	0	8.03217575614101e-48	0.817028905150577	0.383	0.222	1.60820222989455e-43
SEPT2	0	8.0518005411194e-48	0.431807635679027	0.764	0.597	1.61213150434293e-43
ZNF22	0	9.60633330045281e-48	0.71643290050675	0.43	0.261	1.92338005341666e-43
KANK2	0	1.09321751573347e-47	0.871017692727212	0.294	0.146	2.18884011000156e-43
UBE2Z	0	1.28855572516389e-47	0.750026929299977	0.398	0.233	2.57994627292314e-43
MPG	0	1.57815995674437e-47	0.705708416717227	0.432	0.26	3.15979186539357e-43
COPRS	0	1.77327783185249e-47	0.88430626651911	0.341	0.187	3.55045687493506e-43
SRI	0	1.92502711589557e-47	0.555234417548616	0.56	0.375	3.85428929144611e-43
DPM2	0	1.95216687478005e-47	0.935691690242451	0.321	0.172	3.90862851668462e-43
JAM3	0	2.30195250680085e-47	0.984122528864276	0.283	0.141	4.60896930911667e-43
PPDPF	0	2.43971469237343e-47	0.375804952410435	0.886	0.811	4.88479675707007e-43
BPTF	0	3.04604585061465e-47	0.422933171106221	0.721	0.543	6.09879300210065e-43
BCL7C	0	3.05007405627346e-47	0.590730802620432	0.503	0.323	6.10685827547072e-43
SKIL	0	3.57118523215604e-47	0.653682526848913	0.511	0.335	7.15022707182282e-43
TLE3	0	3.62590424197843e-47	0.854984219742299	0.312	0.162	7.2597854732892e-43
DESI2	0	4.27759168171127e-47	0.851228349721556	0.349	0.194	8.5645940651223e-43
CYBRD1	0	4.81696095415616e-47	0.87783710084647	0.324	0.173	9.64451922241146e-43
VPS41	0	5.3685179064078e-47	0.878396152104025	0.322	0.172	1.07488465522097e-42
ZNF302	0	7.12547910656567e-47	0.652059790822659	0.397	0.227	1.42666342671658e-42
FARP1	0	7.66248249252836e-47	0.988015210054207	0.279	0.138	1.53418224465403e-42
ALDH1A1	0	7.74984850870423e-47	1.04320655381814	0.3	0.158	1.55167466841276e-42
TCF4	0	7.96204482364583e-47	0.445382763336851	0.784	0.629	1.59416061459037e-42
FLYWCH2	0	8.07829109700778e-47	0.993995540763046	0.282	0.141	1.6174354434429e-42
PCBP2	0	1.08678968999844e-46	0.406502203132439	0.818	0.684	2.17597031731488e-42
CHID1	0	1.34283428531588e-46	0.833206858512835	0.36	0.204	2.68862280605946e-42
TCF7L2	0	1.35045488849248e-46	0.849536747032738	0.319	0.169	2.70388077773963e-42
ITPRIPL2	0	1.50912274217942e-46	0.706353390781604	0.413	0.247	3.02156555439163e-42
CLTC	0	1.71757744662342e-46	0.539550468053201	0.616	0.432	3.43893356362942e-42
NAA20	0	1.72495158043669e-46	0.839806877242226	0.387	0.231	3.45369805435033e-42
NCAM1	0	1.74776019516208e-46	0.85068502414344	0.283	0.138	3.49936546275351e-42
COX16	0	2.85243852456459e-46	0.738423157403212	0.433	0.269	5.71115241388322e-42
TPD52L1	0	2.91923561047929e-46	1.04149192613233	0.258	0.123	5.84489353930164e-42
PLOD3	0	2.93325154431504e-46	0.81093120076081	0.356	0.199	5.87295624202757e-42
RABAC1	0	3.04379251800239e-46	0.482806208247226	0.722	0.561	6.09428137954438e-42
MTPN	0	3.0472279644934e-46	0.54080971139135	0.639	0.469	6.10115983050869e-42
SRSF1	0	3.40911851646395e-46	0.577724612176389	0.494	0.313	6.82573709366412e-42
FLNA	0	5.49265522105391e-46	0.519702990233976	0.645	0.462	1.09973942835941e-41
URI1	0	8.99382996470778e-46	0.756430986894932	0.397	0.237	1.80074463553379e-41
ATP5J2	0	9.0217292178913e-46	0.415709347868578	0.811	0.691	1.8063306240062e-41
CLSTN1	0	1.43271149789718e-45	0.718368375288876	0.39	0.227	2.86857496108974e-41
SUCO	0	1.49871992154906e-45	0.733730379796021	0.369	0.209	3.00073702692553e-41
DKK3	0	1.82576006402726e-45	0.987045999857278	0.283	0.143	3.65553680019538e-41
SNRPB2	0	1.90559462917789e-45	0.635301478819335	0.504	0.335	3.81538156653997e-41
HMGN3	0	2.01297685851879e-45	0.481891670726996	0.637	0.462	4.03038226612632e-41
C7orf73	0	2.2676360216207e-45	0.661597549549056	0.469	0.301	4.54026084248897e-41
RFNG	0	2.33789270922606e-45	0.923650420197223	0.307	0.163	4.68092878241241e-41
TGFB1I1	0	2.55642614084712e-45	0.934335103754507	0.293	0.151	5.1184764192041e-41
TMED2	0	2.73967097377155e-45	0.668694072922009	0.452	0.284	5.4853692236854e-41
MRPS34	0	2.75023000962208e-45	0.618310932920667	0.513	0.346	5.50651052526532e-41
LAMA4	0	3.28794037401934e-45	0.502677458535749	0.466	0.28	6.58311421686153e-41
BSG	0	3.36562795664164e-45	0.445664053489245	0.74	0.581	6.73866029478789e-41
RPS26	0	3.69955103037146e-45	0.266280479442077	0.983	0.976	7.40724107300974e-41
BFAR	0	3.90972880266544e-45	0.796411731960986	0.36	0.205	7.82805900869675e-41
ARHGAP10	0	5.10134105856274e-45	0.782120289863702	0.35	0.194	1.02139050674543e-40
NT5C	0	5.19215647769817e-45	0.592046528758823	0.482	0.305	1.03957356996473e-40
TNKS1BP1	0	5.35288437649781e-45	0.951210947240729	0.254	0.12	1.07175450986239e-40
SND1	0	5.62736297514404e-45	0.717402956174519	0.409	0.246	1.12671061488334e-40
HIST1H2AC	0	6.76996511169873e-45	0.499402584942726	0.588	0.405	1.35548241466432e-40
NHP2L1	0	7.63777665942456e-45	0.445180672139401	0.729	0.576	1.52923564274999e-40
LIMCH1	0	8.77062402376332e-45	0.905783302269891	0.292	0.15	1.75605434203789e-40
PARVA	0	9.75179433724958e-45	0.946366444687372	0.272	0.134	1.95250426220411e-40
PRKAR1A	0	9.82860476773242e-45	0.503137866405414	0.624	0.448	1.96788324659539e-40
CCNB1IP1	0	1.11572897764314e-44	1.02931869799594	0.282	0.146	2.2339125590371e-40
NFIC	0	1.52577594097311e-44	0.634912441405823	0.47	0.297	3.05490858901636e-40
C7orf50	0	1.71383043050333e-44	0.748943873887	0.447	0.287	3.43143128795377e-40
SHMT2	0	2.10726354583918e-44	0.969540416889292	0.261	0.127	4.21916307147921e-40
GGCT	0	2.15960226051211e-44	0.744337605933066	0.387	0.231	4.32395564599735e-40
DHRS4L2	0	2.40690757161055e-44	0.981632053279035	0.294	0.155	4.81911033987864e-40
ORMDL3	0	2.51376338262173e-44	0.965692601216736	0.256	0.123	5.03305704468523e-40
NTPCR	0	3.2902165583687e-44	0.901372271726676	0.306	0.163	6.5876715931658e-40
TPR	0	3.30651212643498e-44	0.392675296911104	0.744	0.573	6.62029857954812e-40
ANXA6	0	3.46247153687559e-44	0.652323543195213	0.417	0.25	6.93256051113231e-40
OST4	0	4.62739012142356e-44	0.360936619398446	0.884	0.808	9.26496050111425e-40
TPTEP1	0	4.78628764440565e-44	0.756139172737514	0.336	0.183	9.58310512162898e-40
MRPL3	0	7.11356690291742e-44	0.837146368322596	0.333	0.186	1.42427836530213e-39
RNF7	0	7.1900824902874e-44	0.4987099946952	0.634	0.463	1.43959831620534e-39
PPFIBP1	0	7.24349510102994e-44	0.32118265467575	0.411	0.237	1.45029258912822e-39
YWHAQ	0	8.22885332098738e-44	0.503290365453302	0.604	0.424	1.64758101192809e-39
MORF4L2	0	8.82594704895344e-44	0.493512409011976	0.573	0.391	1.76713111814146e-39
MRPS7	0	9.33493458464274e-44	0.700088084517185	0.406	0.247	1.86904060253717e-39
EIF3B	0	9.95614149917554e-44	0.571672883206975	0.465	0.29	1.99341865096493e-39
CPNE1	0	1.19229965646148e-43	0.590510708768039	0.498	0.328	2.38722237216718e-39
DPM3	0	1.21292397168719e-43	0.640641588038578	0.474	0.309	2.4285163761121e-39
ZCCHC11	0	1.32010213271202e-43	0.465705721117393	0.619	0.436	2.64310849011601e-39
NIFK	0	1.68154394075631e-43	0.769898675928958	0.357	0.204	3.36678727818228e-39
ARMCX3	0	2.316824337678e-43	0.675575271351531	0.439	0.275	4.6387456888989e-39
COPG1	0	3.15561020031276e-43	1.0485783371286	0.26	0.13	6.31816274306621e-39
MDH1	0	3.19778876275788e-43	0.647156037160571	0.46	0.297	6.40261266079383e-39
HNRNPK	0	3.25558257822899e-43	0.404105295912666	0.831	0.719	6.51832743813008e-39
STOML2	0	3.72575923124251e-43	0.725165594792511	0.4	0.244	7.45971513279375e-39
NFATC4	0	3.73023264835486e-43	0.700251928353533	0.308	0.161	7.46867180853609e-39
CSNK1G3	0	4.10081045141488e-43	0.769899691922471	0.348	0.197	8.21064268582287e-39
CTDSPL	0	4.14765546701919e-43	1.00402369537322	0.26	0.128	8.30443577606583e-39
KIAA1430	0	4.36282350694429e-43	0.693636258405399	0.41	0.252	8.73524522560385e-39
ECHS1	0	4.83850062962265e-43	0.68744814732581	0.438	0.281	9.68764596063047e-39
C1D	0	4.84783017249287e-43	0.761913670879281	0.372	0.22	9.70632557136523e-39
SSBP1	0	4.95890586306997e-43	0.476060282113304	0.637	0.468	9.9287213190387e-39
TTYH2	0	5.27969010734215e-43	0.927420602296893	0.288	0.151	1.05709955329205e-38
TM2D1	0	5.75664006455066e-43	0.836942232443425	0.328	0.183	1.15259447372433e-38
SRRM2	0	6.06253152781725e-43	0.278080244970401	0.945	0.872	1.21384006249957e-38
RIN2	0	7.99344095469656e-43	1.05804652603851	0.258	0.128	1.60044674794934e-38
PFDN2	0	8.37106643630166e-43	0.469939615768082	0.662	0.501	1.67605492187632e-38
PI16	0	8.47794365366262e-43	0.673632535599072	0.315	0.167	1.69745387833633e-38
RNF187	0	8.63915347874159e-43	0.739503825155422	0.404	0.25	1.72973130951364e-38
CRCP	0	1.1017650961841e-42	0.808429846926548	0.32	0.175	2.2059540755798e-38
U2SURP	0	1.11584043587493e-42	0.475749369970424	0.592	0.411	2.23413572070879e-38
APP	0	1.13217612264867e-42	0.361840602033129	0.662	0.47	2.26684303276717e-38
LSM5	0	1.21294969349033e-42	0.483197313656388	0.5	0.323	2.42856787630633e-38
SUMO1	0	1.27673814148243e-42	0.562504314417602	0.567	0.399	2.55628510687613e-38
SEC61A1	0	1.36457304569863e-42	0.663152926599697	0.426	0.265	2.7321481520978e-38
IFT20	0	1.52616952254451e-42	0.717228216833743	0.41	0.255	3.05569661803862e-38
TMED9	0	1.52764790652082e-42	0.519663275999043	0.612	0.449	3.05865663843599e-38
EIF3L	0	1.65546984253497e-42	0.612786325671039	0.52	0.357	3.31458171872352e-38
EHD2	0	1.72972345792822e-42	0.816440016763163	0.298	0.156	3.46325230746387e-38
THSD7A	0	1.86651130036513e-42	0.786149169397911	0.29	0.15	3.73712892559106e-38
ANXA5	0	1.90236020541885e-42	0.390759865009137	0.838	0.742	3.80890560328962e-38
MRPS14	0	2.18884797263858e-42	0.908512247919247	0.305	0.167	4.38251141081696e-38
YIPF5	0	2.30390878712353e-42	0.844807167626309	0.324	0.181	4.61288617357872e-38
SNRPD2	0	2.75518974182027e-42	0.482921872528764	0.648	0.476	5.51644090107255e-38
HIBADH	0	2.79696177446281e-42	0.946037882520418	0.259	0.129	5.60007686482945e-38
CREB3L2	0	3.14280029065855e-42	0.74100272064082	0.372	0.22	6.29251474195655e-38
POLR2I	0	4.40861417783086e-42	0.664596360255778	0.44	0.28	8.82692730685295e-38
RP11-220I1.1	0	5.02513674222587e-42	0.814706635148576	0.316	0.173	1.00613287852846e-37
LAMTOR4	0	5.31724193663771e-42	0.393757957137975	0.812	0.71	1.0646181805536e-37
PREX2	0	5.36297537971206e-42	0.854970394878532	0.272	0.137	1.07377493052595e-37
LMCD1	0	5.85002534978863e-42	0.983611341572992	0.264	0.133	1.17129207553468e-37
AP3S1	0	5.99677362224791e-42	0.739214908795115	0.384	0.231	1.20067401464648e-37
NDUFS2	0	6.07186735841223e-42	0.572100441557371	0.501	0.335	1.2157092825013e-37
RER1	0	6.5075192207097e-42	0.599278275901609	0.486	0.32	1.3029354983705e-37
CBX3	0	6.63938141032448e-42	0.384012133089941	0.778	0.618	1.32933694597517e-37
MRPS23	0	6.97078543934496e-42	0.781584256668245	0.332	0.187	1.39569066066565e-37
CSAD	0	7.30673829856575e-42	0.666635195041396	0.367	0.212	1.46295514213883e-37
CSNK1E	0	7.60786057229761e-42	0.623401706678059	0.431	0.266	1.52324584378543e-37
RP11-139H15.1	0	8.0848554340431e-42	0.862704850484861	0.295	0.157	1.61874975500411e-37
POLR2K	0	9.27384062193176e-42	0.669411012147453	0.423	0.267	1.85680836932318e-37
C8orf59	0	1.1021695365068e-41	0.469922250533085	0.655	0.498	2.20676384599391e-37
C19orf70	0	1.31759139891502e-41	0.600061726916768	0.494	0.333	2.63808149890766e-37
RAD50	0	1.35455347949484e-41	0.617337781867287	0.405	0.244	2.71208697664457e-37
PRKCDBP	0	1.39218251875248e-41	0.428643336100687	0.335	0.182	2.78742783904621e-37
SRSF10	0	1.5186141853501e-41	0.532049665183279	0.488	0.313	3.04056932190796e-37
UBXN6	0	1.70913333142219e-41	0.833434509919055	0.335	0.192	3.42202675617352e-37
HSPA2	0	1.92916426670386e-41	0.807182154553549	0.346	0.199	3.86257269479446e-37
FAM207A	0	2.23662250113999e-41	0.956442679497663	0.277	0.146	4.4781655717825e-37
DENR	0	2.36515266076667e-41	0.645615757970731	0.435	0.276	4.73550865738702e-37
ECI2	0	2.38434661409427e-41	0.812205872409559	0.328	0.186	4.77393879073956e-37
FMR1	0	2.5152614263142e-41	0.758023330537841	0.335	0.19	5.03605642776629e-37
COX11	0	2.68182928872978e-41	0.920048087975029	0.28	0.147	5.36955860189477e-37
ZNF677	0	2.79525471690305e-41	0.977242687375022	0.259	0.131	5.59665899418329e-37
ATN1	0	4.06717999340026e-41	0.711040251785783	0.349	0.2	8.14330778278599e-37
MAZ	0	4.21094897076068e-41	0.594302281648806	0.453	0.288	8.43116202925704e-37
CLINT1	0	5.69825500155135e-41	0.635567171152593	0.459	0.298	1.14090461641061e-36
SDHC	0	6.0063508056905e-41	0.82634088598843	0.329	0.188	1.20259155831535e-36
RPS19BP1	0	7.10060550402149e-41	0.635301133914989	0.506	0.349	1.42168323401518e-36
HOXB2	0	7.20245502795491e-41	0.922438350587875	0.292	0.158	1.44207554569713e-36
CPED1	0	7.22418328201972e-41	0.778095038075935	0.35	0.203	1.44642597672599e-36
TOP2B	0	7.35206036960605e-41	0.675331923533332	0.399	0.244	1.47202952720252e-36
NDUFB8.1	0	8.31805181567827e-41	0.501603037357446	0.633	0.466	1.6654403345351e-36
R3HCC1	0	1.01097350622304e-40	0.960475039368106	0.274	0.144	2.02417115415978e-36
MLEC	0	1.25498258153758e-40	0.620997285851284	0.455	0.295	2.51272612475455e-36
HEXA	0	1.33691269437394e-40	0.480183497033268	0.653	0.488	2.67676659667549e-36
DDX1	0	2.12249513617008e-40	0.679176323733868	0.362	0.211	4.24965976163973e-36
TOR1AIP2	0	2.18721350846343e-40	0.680577341925242	0.398	0.245	4.37923888664548e-36
MALSU1	0	2.44887190656462e-40	0.941273754867489	0.287	0.156	4.90313133132368e-36
WWTR1	0	2.98202899817114e-40	0.417988709211578	0.432	0.258	5.97061846013825e-36
PXDC1	0	3.2601586816537e-40	0.921860139761364	0.293	0.161	6.52748971240703e-36
KLHDC10	0	3.36145343470556e-40	0.922844969572898	0.262	0.134	6.73030206696748e-36
RHEB	0	4.22539587852462e-40	0.294305027090568	0.626	0.454	8.460087627982e-36
MED13	0	7.10748950813647e-40	0.605204233088633	0.408	0.249	1.42306154931908e-35
ARPP19	0	9.63268236086189e-40	0.521595833496691	0.517	0.346	1.92865566229177e-35
WBSCR22	0	9.77092092274872e-40	0.629478555355195	0.42	0.263	1.95633378715275e-35
PRKRIP1	0	1.03905620823652e-39	0.711552732653656	0.329	0.185	2.08039834013117e-35
GALNT1	0	1.1410681985305e-39	0.675405599929555	0.376	0.226	2.28464674709777e-35
USMG5	0	1.15642551397441e-39	0.4343744799367	0.736	0.605	2.31539516407957e-35
RP11-161M6.2	0	1.17560139210107e-39	0.728382648607781	0.283	0.148	2.35378910726476e-35
CDC26	0	1.21017081952143e-39	0.732005710177978	0.367	0.223	2.4230040148458e-35
ZNF322	0	1.41853718618324e-39	0.828563779826354	0.295	0.161	2.84019515417608e-35
RNPS1	0	1.72423574454298e-39	0.533911332705281	0.519	0.355	3.45226480772396e-35
EIF4E2	0	1.88545178892341e-39	0.750921655489007	0.361	0.219	3.77505157178246e-35
NUDT4	0	1.95824009495123e-39	0.708443464053467	0.378	0.23	3.92078831811135e-35
MRPL32	0	2.51256348117326e-39	0.738520189089254	0.352	0.209	5.03065460200511e-35
SERBP1	0	2.60112574530299e-39	0.372240824063956	0.826	0.721	5.20797396724565e-35
ENPP2	0	2.67165443502699e-39	0.909205225747813	0.252	0.129	5.34918650981104e-35
BCAP29	0	2.68218990014595e-39	0.634104517472285	0.432	0.276	5.37028061807223e-35
UNC50	0	3.18332901915191e-39	0.878620426692202	0.285	0.155	6.37366136214595e-35
CD59	0	3.29310292272351e-39	0.293109185764872	0.573	0.383	6.59345067187701e-35
ZBED6	0	3.44499431332746e-39	0.749302600533175	0.317	0.177	6.89756761414423e-35
SPOP	0	3.64834647793544e-39	0.627592982034796	0.437	0.282	7.30471931812234e-35
MSL1	0	4.13437480877264e-39	0.584097436642587	0.418	0.259	8.27784524212459e-35
NNMT	0	4.31625443383806e-39	0.63758500109376	0.262	0.132	8.64200462743056e-35
SVIL	0	5.07827010773953e-39	0.872511246147013	0.278	0.147	1.01677124097161e-34
PSMB2	0	5.52028563677196e-39	0.575800504120732	0.466	0.306	1.10527159019448e-34
KRIT1	0	7.83926833880753e-39	0.565989952855145	0.415	0.256	1.56957830679604e-34
PJA2	0	8.74127721482512e-39	0.474879603827378	0.547	0.376	1.75017852395229e-34
HNRNPR	0	9.31252907758295e-39	0.40101036671385	0.673	0.502	1.86455457191366e-34
PTGFRN	0	1.04946966139702e-38	0.904849410573362	0.254	0.13	2.10124815604911e-34
AKT2	0	1.08045811770226e-38	0.751514492837201	0.3	0.165	2.16329324326346e-34
CCT7	0	1.1058850859676e-38	0.672436474607825	0.431	0.282	2.21420311912434e-34
MRPL40	0	1.21737071363191e-38	0.810350128930758	0.344	0.206	2.4374196428338e-34
FAM127B	0	1.26307097015664e-38	0.880278063884341	0.274	0.146	2.52892069644763e-34
NDUFB5	0	1.36777910571874e-38	0.619233592654538	0.488	0.338	2.73856732547006e-34
PSMD3	0	1.60308973546238e-38	0.623062115584776	0.388	0.235	3.20970626834277e-34
MYO1B	0	1.76553723165142e-38	0.921092828950383	0.262	0.137	3.53495864521248e-34
AL132709.5	0	2.3499864526482e-38	0.651598498057484	0.28	0.146	4.70514287549222e-34
ZFAND6	0	2.68829828569121e-38	0.674775022337709	0.409	0.261	5.38251082761095e-34
PHAX	0	3.04047788108896e-38	0.812897412217418	0.31	0.176	6.08764481351631e-34
C19orf53	0	3.40339607448748e-38	0.42773279416677	0.747	0.625	6.81427962033883e-34
ARHGEF40	0	4.22686128764049e-38	0.798295113889514	0.304	0.17	8.46302167011379e-34
ATP5H	0	4.69464468579832e-38	0.430071276724395	0.742	0.624	9.3996175899054e-34
PAM	0	5.79632034142203e-38	0.818281978148542	0.283	0.153	1.16053925875952e-33
COIL	0	5.92345885349108e-38	0.769387071858584	0.305	0.17	1.18599493164598e-33
RHOU	0	6.34379964715826e-38	1.00307424154435	0.26	0.138	1.27015556535403e-33
KRR1	0	6.41839610633509e-38	0.827059557869647	0.302	0.17	1.28509126841041e-33
SUN1	0	7.65435575887046e-38	0.574473657850444	0.401	0.246	1.53255511004104e-33
SUCLG1	0	9.65374147750551e-38	0.691360335383816	0.371	0.229	1.93287211862615e-33
COPS8	0	1.26848672527832e-37	0.866058059891459	0.263	0.138	2.53976412135224e-33
ZNF32	0	1.33841910353662e-37	0.90200012278733	0.262	0.139	2.67978272910103e-33
VGLL4	0	1.72537650266892e-37	0.573816764127186	0.436	0.277	3.45454883364371e-33
TXN2	0	1.7500544418323e-37	0.604590019155037	0.446	0.298	3.50395900343663e-33
LPGAT1	0	2.57465291571827e-37	0.706580177852673	0.38	0.236	5.15497006785112e-33
SYPL1	0	3.16342332657229e-37	0.678994738807119	0.396	0.252	6.33380618446303e-33
ZNF106	0	3.4362398565941e-37	0.639711431413878	0.435	0.285	6.8800394408727e-33
CAMLG	0	4.06936717756437e-37	0.598059179812699	0.429	0.279	8.14768696291938e-33
EMC6	0	4.68269158152167e-37	0.720526005297707	0.354	0.215	9.37568508452268e-33
IFT57	0	6.23332310810869e-37	0.903613203270662	0.259	0.137	1.24803595270552e-32
TMED10	0	7.0427873381449e-37	0.56055656475107	0.501	0.349	1.41010688084337e-32
SMARCA2	0	7.62030957819099e-37	0.723334968077627	0.334	0.197	1.5257383837454e-32
CDKN2C	0	1.0012816573091e-36	0.686914402103357	0.283	0.154	2.00476613426429e-32
PMPCB	0	1.05374364574994e-36	0.763778318087294	0.324	0.19	2.10980552752053e-32
AIMP1	0	1.1314145373345e-36	0.685788975748507	0.371	0.229	2.26531818665114e-32
SDF2	0	1.15488958823166e-36	0.756929512604461	0.342	0.206	2.31231993355743e-32
AKR1A1	0	1.32642734304462e-36	0.536601051297549	0.511	0.353	2.65577282624393e-32
CTD-2336O2.1	0	1.45453679603082e-36	0.737383665661299	0.326	0.191	2.9122735730129e-32
EIF3D	0	1.52583977389898e-36	0.589789692603708	0.498	0.349	3.05503639530053e-32
H6PD	0	1.7587871052958e-36	0.861341418110299	0.252	0.131	3.52144354222325e-32
DNAJC8	0	2.30242800914242e-36	0.476284040722686	0.542	0.377	4.60992135990496e-32
COX6A1	0	2.36969587877454e-36	0.552665746223675	0.49	0.335	4.74460508848237e-32
C6orf89	0	2.53135079216178e-36	0.703607937149628	0.325	0.189	5.06827055606632e-32
UBL5	0	2.74642705873541e-36	0.313657907807106	0.88	0.818	5.49889625700004e-32
COMMD3	0	3.05634745269077e-36	0.738717020680679	0.353	0.218	6.11941886977746e-32
MGST3	0	3.38264337363479e-36	0.366150120745337	0.727	0.573	6.77272856269157e-32
CHMP2A	0	4.07989454459168e-36	0.51956646265752	0.531	0.378	8.16876485718147e-32
DDOST	0	4.15259923055507e-36	0.587286453440758	0.446	0.299	8.31433417941736e-32
NDUFB7	0	4.20729904980435e-36	0.445348230375414	0.668	0.523	8.42385415751827e-32
ACTR10	0	4.54978605139093e-36	0.70587802448245	0.331	0.195	9.10958163209491e-32
NONO	0	4.79381146529317e-36	0.572770170916004	0.447	0.294	9.59816931580998e-32
RBMX	0	6.1158151709161e-36	0.411692048934979	0.621	0.453	1.22450851352082e-31
BLOC1S4	0	6.48347877609921e-36	0.933225958114908	0.251	0.133	1.29812212055058e-31
SH3BP5	0	6.56148395385351e-36	0.569001235857914	0.474	0.323	1.31374031724055e-31
PLIN3	0	7.31679895000828e-36	0.67597889453623	0.367	0.227	1.46496948577066e-31
DDX42	0	7.81721000568483e-36	0.53726977594415	0.466	0.313	1.56516178733822e-31
MAN1A2	0	8.54368074246104e-36	0.717363142720294	0.329	0.194	1.71061575825555e-31
CTSL	0	9.06343737279912e-36	0.378129422006127	0.493	0.326	1.81468143078184e-31
SKI	0	1.25423365390591e-35	0.764582386822158	0.3	0.171	2.5112266218504e-31
WDR60	0	1.29678454741373e-35	0.566673815540188	0.375	0.226	2.59642202083177e-31
SEC63	0	1.31674556955048e-35	0.655596121426184	0.379	0.239	2.63638797935398e-31
RAB18	0	1.35188772395925e-35	0.693754036407499	0.359	0.221	2.70674960091121e-31
SUPT4H1	0	1.49954309341057e-35	0.605528835416674	0.451	0.305	3.00238518162664e-31
HSD17B10	0	1.55556906080306e-35	0.713538457684682	0.341	0.207	3.11456037353989e-31
PLEKHH3	0	2.06756971486129e-35	0.793622821127882	0.267	0.145	4.13968808309528e-31
SSBP3	0	2.24258721221811e-35	0.746291455787129	0.292	0.164	4.4901081163031e-31
MRPS18B	0	2.52137298516677e-35	0.771714804364531	0.314	0.184	5.04829299090091e-31
IER3IP1.1	0	4.216604902483e-35	0.734043575939354	0.332	0.199	8.44248633575146e-31
SEC23A	0	4.33668324600613e-35	0.724535239630241	0.33	0.197	8.68290719515348e-31
DLD	0	4.4484677437603e-35	0.818696398128541	0.272	0.149	8.90672211655687e-31
NSRP1	0	4.48945982030445e-35	0.634682039809152	0.374	0.233	8.98879645221357e-31
FAM103A1	0	4.66656532202663e-35	0.808902891725421	0.284	0.16	9.34339708776172e-31
ANAPC5	0	4.80642879375068e-35	0.590848940111563	0.431	0.286	9.62343173084761e-31
RPL7L1	0	4.82544740054966e-35	0.617240439002964	0.403	0.259	9.66151078538054e-31
COPB1	0	5.4991831602225e-35	0.626926296866033	0.395	0.253	1.10104645233975e-30
ATP5O	0	5.63535962839875e-35	0.470621363590753	0.617	0.47	1.128311704798e-30
SAMD4B	0	5.93141309878235e-35	0.645674513295886	0.347	0.209	1.1875875306382e-30
GADD45GIP1	0	6.196717369585e-35	0.484278355572641	0.527	0.369	1.24070675173831e-30
TNFRSF1A	0	6.25013106245094e-35	0.528126778999113	0.492	0.336	1.25140124132393e-30
NDUFB9	0	6.58177790471264e-35	0.580098355181775	0.427	0.281	1.31780357208157e-30
LAPTM4B	0	9.25822907052188e-35	0.641788725218205	0.294	0.163	1.85368262449989e-30
TNS1	0	9.49615665394483e-35	0.852053417524692	0.25	0.133	1.90132048525283e-30
IGF1	0	1.07138475914109e-34	0.86005582056796	0.306	0.179	2.14512656475229e-30
SEC13	0	1.16634809846487e-34	0.734060658249457	0.317	0.187	2.33526216274636e-30
PMP22	0	1.23143550799854e-34	0.52698557669533	0.371	0.228	2.46558017411468e-30
NR2F2	0	1.27447518185628e-34	0.396448888679856	0.441	0.276	2.55175420911265e-30
TBL1XR1	0	1.30539934196737e-34	0.588933191886168	0.406	0.261	2.61367056248707e-30
ARMC10	0	1.37261374616416e-34	0.768651210423941	0.298	0.172	2.74824724256988e-30
CLCN5	0	1.55166995110937e-34	0.751000350612332	0.269	0.146	3.10675357611117e-30
C1orf86	0	1.63674896512874e-34	0.550206955614217	0.44	0.29	3.27709877798076e-30
NPTN	0	1.69388069737716e-34	0.618603163813183	0.375	0.232	3.39148793228855e-30
ABCA5	0	1.83536485314435e-34	0.703613219724762	0.258	0.137	3.67476750896562e-30
ASNA1	0	1.99089451508853e-34	0.7535423723228	0.323	0.194	3.98616899811026e-30
TMEM14C	0	2.0384754889201e-34	0.437201423665152	0.608	0.453	4.08143562391582e-30
HGF	0	2.22924499217287e-34	0.828419956581252	0.28	0.159	4.46339432332852e-30
AES	0	2.27578980416148e-34	0.337650631091092	0.802	0.67	4.55658634589212e-30
KHDRBS1	0	2.44863954381423e-34	0.463984093463011	0.504	0.346	4.90266609462486e-30
APPBP2	0	2.83370735478699e-34	0.814395056064382	0.289	0.166	5.67364886575451e-30
TMEM101	0	2.90781637867151e-34	0.8359861414188	0.277	0.156	5.8220299533761e-30
TAF7	0	2.98765171961512e-34	0.42755700441324	0.539	0.375	5.9818762730134e-30
CKS1B	0	3.04952169016636e-34	0.339310173115599	0.359	0.211	6.10575232805109e-30
MAGOHB	0	3.1613222483002e-34	0.752108505344153	0.293	0.167	6.32959940554667e-30
SEC11A	0	3.32638721235659e-34	0.328606756311725	0.839	0.749	6.66009247658036e-30
CTSF	0	3.72987376141393e-34	0.780306899457123	0.266	0.146	7.46795324510296e-30
AURKAIP1	0	4.45999131793355e-34	0.432609793743217	0.625	0.475	8.92979461676655e-30
SIVA1	0	4.8517519118074e-34	0.318864984407878	0.654	0.492	9.71417767782078e-30
METTL23	0	4.9114950040066e-34	0.69848531127173	0.349	0.216	9.83379529702201e-30
CCDC82	0	4.9476906194582e-34	0.54622657552708	0.408	0.261	9.90626615827922e-30
UBTF	0	5.05399220395135e-34	0.581348646457423	0.373	0.232	1.01191031907514e-29
DDIT3	0	5.51260385908804e-34	0.515323672161351	0.377	0.238	1.10373354466661e-29
SRP68	0	5.74861799848456e-34	0.810681405064421	0.271	0.152	1.15098829565658e-29
RRP15	0	6.45802661858411e-34	0.82584612587642	0.269	0.149	1.29302608957291e-29
SLC2A4RG	0	6.63930009866314e-34	0.713829095368271	0.323	0.193	1.32932066575433e-29
SNX17	0	9.91105763671365e-34	0.635284731837322	0.361	0.223	1.98439196002281e-29
C5orf15	0	1.04401894613048e-33	0.866793454832744	0.25	0.135	2.09033473394245e-29
METAP2	0	1.06417260555701e-33	0.512743613469362	0.476	0.323	2.13068639084624e-29
TROVE2	0	1.19036090957607e-33	0.545946952914433	0.427	0.281	2.38334061315321e-29
NDUFA1	0	1.216655811567e-33	0.375272008513225	0.777	0.66	2.43598826591945e-29
LAMB2	0	1.27961145360458e-33	0.562024086384495	0.359	0.217	2.56203805240709e-29
MGMT	0	1.29658960410155e-33	0.567394920313287	0.396	0.253	2.59603170533213e-29
GNL3	0	1.4296570286279e-33	0.440388728544225	0.378	0.234	2.86245930271878e-29
ATP5G3	0	1.59341510131409e-33	0.415339740173363	0.731	0.614	3.19033571585107e-29
COPA	0	1.63088327477637e-33	0.4989052849911	0.481	0.33	3.26535449275725e-29
PLAC9	0	1.77847805243611e-33	0.576288395583241	0.278	0.153	3.56086875658758e-29
MSI2	0	1.85444340372805e-33	0.65724655841557	0.295	0.168	3.7129665829443e-29
HADHB	0	1.93986300532467e-33	0.598173546236057	0.434	0.293	3.88399370926106e-29
OXLD1	0	1.94970652797882e-33	0.783440583914769	0.295	0.173	3.90370241031919e-29
RYK	0	2.30545337539132e-33	0.73717790771231	0.284	0.162	4.61597874820849e-29
DTWD1	0	2.30879446065308e-33	0.79377781722298	0.282	0.161	4.6226682691196e-29
SF3B1	0	2.33354367835435e-33	0.3279204162668	0.818	0.699	4.67222115280108e-29
MRPL55	0	2.34529660301909e-33	0.590461587433471	0.404	0.264	4.69575285856482e-29
TSPAN31	0	2.60199672844738e-33	0.801553515583622	0.264	0.147	5.20971784969735e-29
SLC44A1	0	2.7084420215884e-33	0.782626447912509	0.311	0.187	5.42284261562429e-29
ZNF830	0	2.760638199528e-33	0.751928260388735	0.272	0.151	5.52734980309497e-29
PNKD	0	3.03956135331721e-33	0.560794382246485	0.406	0.263	6.08580974161171e-29
SLC25A36	0	3.27114425366277e-33	0.500639150869526	0.487	0.335	6.54948502468359e-29
EFNB1	0	5.01723880488758e-33	0.798903103883762	0.263	0.145	1.00455155351459e-28
A1BG	0	6.26849674082504e-33	0.663915710851651	0.381	0.246	1.25507841744799e-28
MRPS2	0	6.34558256550347e-33	0.832808910962661	0.256	0.141	1.2705125412651e-28
C16orf13	0	7.14454386750584e-33	0.576925690125072	0.415	0.273	1.43048057315202e-28
PSMB6	0	9.20998985917415e-33	0.419783534726286	0.601	0.45	1.84402416960385e-28
PSMB7	0	9.90930425667668e-33	0.563103949628659	0.469	0.325	1.9840408982718e-28
PSMC2	0	1.01786214830237e-32	0.742466828255824	0.309	0.185	2.037963593331e-28
TEAD1	0	1.105825587835e-32	0.665144348808654	0.294	0.169	2.21408399196324e-28
PDHB	0	1.24427266644665e-32	0.80890677118412	0.274	0.156	2.49128273275947e-28
RAB22A	0	1.40183231333873e-32	0.83120712635704	0.267	0.15	2.8067486577668e-28
PDXK	0	1.64506372798481e-32	0.573679754147999	0.415	0.276	3.29374659617119e-28
RBM28	0	1.66793878298515e-32	0.668033829511814	0.333	0.203	3.33954703129286e-28
C19orf10	0	1.69836072623976e-32	0.44923311518514	0.51	0.355	3.40045784607724e-28
PCMTD2	0	1.71305335283785e-32	0.763737631424687	0.278	0.158	3.42987542305194e-28
SPG21	0	1.94446360770651e-32	0.631856361065937	0.377	0.243	3.89320503534997e-28
PYURF	0	2.68444238447337e-32	0.58242912951187	0.417	0.28	5.37479054219258e-28
COA3	0	2.74487692882998e-32	0.651597310610667	0.342	0.211	5.49579258690339e-28
SPATS2L	0	3.03126093407661e-32	0.539316220489033	0.431	0.288	6.06919064220819e-28
UBXN4	0	3.54395599857209e-32	0.389023882497981	0.647	0.495	7.09570870034104e-28
DBN1	0	3.82551640544094e-32	0.799813497911543	0.256	0.141	7.65944894697385e-28
CMKLR1	0	3.95287822562449e-32	0.844151807927584	0.252	0.14	7.91445278334535e-28
SERPINH1	0	4.04055916838758e-32	0.263733392409948	0.484	0.319	8.09000756694562e-28
CNOT4	0	4.90899083556623e-32	0.487149897268314	0.434	0.287	9.8287814509707e-28
EIF1AX	0	5.38128973032671e-32	0.516125021956274	0.455	0.312	1.07744182980601e-27
NDUFAF3	0	5.87526388011701e-32	0.519537199712368	0.461	0.319	1.17634533407703e-27
ATP5C1	0	6.28543162355442e-32	0.448947067368231	0.615	0.475	1.25846911966807e-27
SUPT16H	0	6.37326716343205e-32	0.437120073973999	0.465	0.314	1.27605555146236e-27
ATP5B	0	6.94713923659052e-32	0.399828032476683	0.667	0.528	1.39095621795015e-27
SDF4	0	1.02834071924977e-31	0.594539176460592	0.401	0.265	2.05894378808188e-27
SPAG7	0	1.0688143586854e-31	0.62925245241291	0.366	0.235	2.13998010895991e-27
TGFBI	0	1.13228430659191e-31	0.451757320634938	0.628	0.485	2.26705963865833e-27
WDR45B	0	1.1370433676187e-31	0.560600038004889	0.384	0.247	2.27658823064616e-27
ARL3	0	1.15940025770254e-31	0.729786964057365	0.301	0.179	2.32135119597203e-27
OSBPL8	0	1.3353699938812e-31	0.54606849758278	0.421	0.281	2.67367780174893e-27
CAMSAP2	0	1.43027653647783e-31	0.639943489639733	0.333	0.205	2.8636996813359e-27
UPF3A	0	1.62467492997089e-31	0.606167736699236	0.385	0.251	3.25292414478771e-27
ROMO1	0	1.64231775841437e-31	0.488856535693283	0.473	0.325	3.28824861589725e-27
PDRG1	0	1.7867024656748e-31	0.79198090701945	0.266	0.152	3.57733567677408e-27
SRPK2	0	1.81173581518959e-31	0.643994695701064	0.374	0.242	3.6274574491726e-27
TMEM203	0	2.26308990903391e-31	0.794989656891788	0.257	0.144	4.5311586158677e-27
CCNI	0	2.29444717946604e-31	0.301403291307784	0.871	0.797	4.5939421427269e-27
SH3GL1	0	2.352558589614e-31	0.709221316639858	0.3	0.178	4.71029280812514e-27
TRIO	0	2.40361048673451e-31	0.533240294703407	0.367	0.231	4.81250891653984e-27
GNPTG	0	2.41274546818514e-31	0.60755809812153	0.376	0.244	4.83079897640028e-27
WDR83OS	0	2.57560187013319e-31	0.40077155889903	0.642	0.498	5.15687006438068e-27
RFXANK	0	2.88771704860677e-31	0.795785626589711	0.28	0.165	5.78178707472047e-27
SPATA20	0	2.91967290658403e-31	0.761905023572524	0.258	0.144	5.84576909356254e-27
PHF3	0	3.19727441408347e-31	0.399607318077093	0.553	0.391	6.40158283187793e-27
MYL12B	0	3.42580666280334e-31	0.259892161011056	0.902	0.822	6.85915010026484e-27
RNMT	0	3.48735732150701e-31	0.426532585227662	0.503	0.353	6.98238682912133e-27
MRPL10	0	3.64539296030395e-31	0.861036872544394	0.266	0.154	7.29880578512056e-27
TXNL4A	0	3.90468397337121e-31	0.585525404819633	0.427	0.293	7.81795825148383e-27
GUK1	0	4.85031441803054e-31	0.256664255196293	0.846	0.753	9.71129952778074e-27
NCL	0	4.94229959309995e-31	0.320098945207844	0.831	0.732	9.89547224530471e-27
KLHDC3	0	5.20751173893678e-31	0.709615901279912	0.3	0.18	1.04264800036992e-26
ESF1	0	8.95996540328876e-31	0.601280252054283	0.342	0.214	1.79396427304648e-26
MATR3	0	9.15058073814935e-31	0.355698114949324	0.7	0.557	1.83212927539226e-26
POP7	0	9.80936634485432e-31	0.707227382080179	0.281	0.163	1.96403132956673e-26
CDIPT	0	1.07300813653995e-30	0.709647864923628	0.306	0.186	2.14837689098029e-26
ZNF91	0	1.14076199362409e-30	0.589610708051097	0.329	0.203	2.28403366363416e-26
APEX1	0	1.20801893274549e-30	0.532255281222514	0.468	0.329	2.41869550714302e-26
PEAK1	0	1.3663276540574e-30	0.536075634346859	0.424	0.281	2.73566122895373e-26
SPATS2	0	1.51591172432636e-30	0.706718809436688	0.298	0.179	3.03515845444625e-26
IGF2R	0	1.52038943013363e-30	0.566443627443285	0.32	0.192	3.04412371701354e-26
DNAJC19	0	2.09334534200832e-30	0.628696900416395	0.354	0.227	4.19129604376906e-26
FHL3	0	2.34585371493614e-30	0.811595900597774	0.274	0.161	4.69686830804513e-26
TIMM10	0	3.20436122935816e-30	0.709010849202809	0.31	0.19	6.4157720534209e-26
NCKAP1	0	3.87216878028664e-30	0.675562575594545	0.292	0.173	7.75285633188991e-26
LRRC41	0	4.20367375445469e-30	0.738441281485082	0.255	0.143	8.41659559116918e-26
LONP2	0	4.52984375224393e-30	0.572843152057247	0.338	0.211	9.0696531607428e-26
GLO1	0	4.76079023170337e-30	0.541154508432663	0.358	0.227	9.5320542019165e-26
FKBP3	0	5.72288819236645e-30	0.586480697451713	0.367	0.237	1.14583667387561e-25
EIF3E	0	5.77675605813685e-30	0.402841366906744	0.696	0.564	1.15662209796016e-25
CRYBG3	0	6.35266698666421e-30	0.774895049798528	0.263	0.151	1.27193098406991e-25
RSL1D1	0	6.86460973066574e-30	0.487279972726574	0.517	0.38	1.37443216027389e-25
CYSTM1	0	6.96053741771731e-30	0.638410807651382	0.302	0.181	1.39363880177536e-25
MRPL36	0	7.27622093081171e-30	0.676478146063254	0.312	0.192	1.45684495476712e-25
TMEM14B	0	7.33735512329043e-30	0.523369458761547	0.433	0.297	1.46908524278521e-25
SNRPF	0	8.63551053464304e-30	0.428523375298652	0.509	0.357	1.72900191924623e-25
POLD2	0	9.87414683707405e-30	0.588185604792552	0.322	0.197	1.97700167971897e-25
NBR1	0	9.97846140326199e-30	0.548993076669327	0.349	0.221	1.99788754216112e-25
ASNSD1	0	1.00145986938947e-29	0.834004880386233	0.252	0.144	2.00512295049161e-25
SMIM20	0	1.02365584376131e-29	0.676345160393169	0.307	0.188	2.0495637303789e-25
EIF4G1	0	1.11801106459763e-29	0.52572329734648	0.416	0.279	2.23848175353738e-25
UFL1	0	1.12346399154418e-29	0.68247841803484	0.298	0.18	2.24939960386977e-25
DHX36	0	1.24372097935517e-29	0.404927203397346	0.513	0.36	2.49017814486492e-25
USP11	0	1.25310524348152e-29	0.631827177970387	0.314	0.193	2.50896731849871e-25
AXL	0	1.30325429099536e-29	0.686838091239258	0.268	0.155	2.60937574143091e-25
PPP3CA	0	1.39741392453562e-29	0.569110544186316	0.36	0.231	2.79790215970521e-25
KIAA0232	0	1.60867669976194e-29	0.642034057105809	0.304	0.184	3.22089248826336e-25
RAB14	0	1.63425017755753e-29	0.509075026359835	0.492	0.356	3.27209570550568e-25
LARP1	0	1.67405575777321e-29	0.527904386001982	0.379	0.244	3.35179443821352e-25
HDGFRP3	0	1.67711469202276e-29	0.678233790191265	0.278	0.163	3.35791903636796e-25
SNRNP200	0	1.93422657340718e-29	0.49972857319694	0.423	0.286	3.87270844527586e-25
PEX2	0	2.13271682513575e-29	0.731367017000688	0.278	0.164	4.2701256272868e-25
CDK5RAP3	0	2.1842433449798e-29	0.442996666156238	0.475	0.329	4.37329202531855e-25
RGL1	0	2.21857707541612e-29	0.640035596691857	0.314	0.192	4.44203502039815e-25
NEDD8	0	2.39164807359354e-29	0.363133405198118	0.732	0.608	4.78855777294898e-25
TTTY15	0	2.53255910980913e-29	0.53827137748206	0.363	0.233	5.07068984965983e-25
UQCRFS1	0	2.64621887866535e-29	0.554857791683708	0.387	0.259	5.29825943886375e-25
HLTF	0	2.65306858771719e-29	0.639355150104511	0.302	0.183	5.31197392632736e-25
IFT27	0	2.80344435782031e-29	0.705565299308163	0.273	0.16	5.61305629322782e-25
NUCB2	0	3.47723201103653e-29	0.516556091743613	0.392	0.259	6.96211393249734e-25
C7orf55-LUC7L2	0	4.33429496337686e-29	0.597645242413572	0.324	0.2	8.67812537567315e-25
NDUFA13	0	4.34970935025843e-29	0.534051951299062	0.443	0.311	8.70898806108743e-25
GLRX5	0	4.49636993890838e-29	0.516437860716265	0.384	0.253	9.00263189168235e-25
VDAC1	0	4.96684998759002e-29	0.439282059625947	0.541	0.4	9.94462704515274e-25
ACADM	0	5.04501344728623e-29	0.659553860291608	0.295	0.178	1.01011259241565e-24
PDS5B	0	5.12275246057181e-29	0.503184493123311	0.405	0.271	1.02567749765569e-24
PRRT2	0	5.16097396237512e-29	0.6456257117723	0.254	0.143	1.03333020674675e-24
ATOX1	0	5.3181644445424e-29	0.351431694943554	0.617	0.463	1.06480288508628e-24
SCFD1	0	5.71455174586227e-29	0.668983500535508	0.309	0.19	1.14416755055654e-24
TMF1	0	6.74015074724349e-29	0.539294694126857	0.397	0.265	1.34951298261309e-24
FNDC3A	0	7.10910854195549e-29	0.476733281322976	0.422	0.283	1.42338571227033e-24
EXOC7	0	7.15681727539573e-29	0.572785131524935	0.327	0.204	1.43293795487973e-24
MED10	0	9.07194496824994e-29	0.485142242616898	0.414	0.278	1.816384821543e-24
RING1	0	1.06407165281342e-28	0.757494227711306	0.25	0.143	2.13048426326304e-24
NDRG2	0	1.08521261050382e-28	0.655196461215128	0.297	0.179	2.17281268875075e-24
APH1A	0	1.33208404504916e-28	0.583743020004012	0.39	0.264	2.66709867499742e-24
ATP2B4	0	1.5462005893804e-28	0.647488459592016	0.293	0.177	3.09580282005743e-24
NDUFS3	0	1.65178626745253e-28	0.572763588399674	0.389	0.264	3.30720646469345e-24
UBA2	0	1.76759628238637e-28	0.607218553317864	0.315	0.197	3.53908127659398e-24
PRPF4B	0	1.87167518939995e-28	0.343194653224577	0.683	0.54	3.74746806421659e-24
MYEOV2	0	2.14356553864387e-28	0.372628078611269	0.642	0.504	4.29184692147275e-24
ANKRD11	0	2.54351246371073e-28	0.34064250663269	0.618	0.469	5.09262065484162e-24
FAM200B	0	2.5906778399112e-28	0.567522267696159	0.37	0.243	5.1870551710702e-24
NDUFB4	0	2.59194263080287e-28	0.377686327659419	0.687	0.565	5.18958753539351e-24
GOLGA4	0	2.98589361633533e-28	0.394085479496064	0.53	0.381	5.9783561986266e-24
ELK4	0	3.07023372900905e-28	0.641219301937404	0.322	0.204	6.14722197222193e-24
PIGC	0	3.0931540576887e-28	0.734841358042959	0.264	0.155	6.19311305430431e-24
GPATCH8	0	3.17854410486226e-28	0.506931227375518	0.364	0.235	6.36408100675521e-24
USO1	0	3.22558823913769e-28	0.704410102144535	0.281	0.169	6.45827277240148e-24
C4orf3	0	3.52134402141401e-28	0.340306394842989	0.756	0.64	7.05043499967514e-24
PTOV1	0	3.82938539798881e-28	0.567026198429593	0.328	0.205	7.66719544385319e-24
ZBTB16	0	3.86030932117249e-28	0.601583463109587	0.285	0.17	7.72911132285156e-24
DYNC1I2	0	4.05821784049571e-28	0.434152544731536	0.53	0.388	8.12536376024052e-24
NUDCD3	0	4.65309317872166e-28	0.565339337090934	0.341	0.217	9.3164231624365e-24
KIDINS220	0	4.68770653962039e-28	0.550710266554759	0.355	0.23	9.38572603362794e-24
GATAD1	0	4.70253412223042e-28	0.472322139187252	0.422	0.287	9.41541381952974e-24
GNB2	0	5.48912281313619e-28	0.372684081963802	0.573	0.424	1.09903216964613e-23
SPAG9	0	5.64932917291613e-28	0.365025762490601	0.617	0.475	1.13110868700127e-23
AL592183.1	0	6.60982726983132e-28	0.490945654113536	0.417	0.284	1.32341961596563e-23
CHD4	0	6.76750896279263e-28	0.429864284117089	0.499	0.353	1.35499064453034e-23
CPQ	0	8.22914445053363e-28	0.535409277633944	0.388	0.259	1.64763930188584e-23
SRP72	0	8.41256714123027e-28	0.56794448185637	0.374	0.249	1.68436419301712e-23
NUBP2	0	9.65532096660874e-28	0.636654401205723	0.327	0.208	1.9331883639344e-23
SPCS1	0	1.14763666343865e-27	0.32652922617248	0.651	0.517	2.29779812753687e-23
SNX1	0	1.15715604301833e-27	0.528364132957237	0.362	0.238	2.3168578293313e-23
SESN3	0	1.16929065826888e-27	0.543394918332089	0.376	0.252	2.34115375598594e-23
SKA2	0	1.17578214720226e-27	0.339310173115599	0.346	0.216	2.35415101512836e-23
CAMK2D	0	1.3845027667909e-27	0.735238849446738	0.274	0.165	2.77205143966874e-23
FIS1	0	1.63840680594162e-27	0.406356552439896	0.61	0.475	3.28041810685631e-23
RAB1A	0	1.64169723009193e-27	0.567746844533148	0.37	0.246	3.28700619409007e-23
RBFA	0	1.67038743530154e-27	0.626715503116911	0.271	0.16	3.34444972296074e-23
DAAM1	0	1.6720714958265e-27	0.555891916971683	0.335	0.213	3.34782154894383e-23
C4orf27	0	1.72291572153102e-27	0.755335481430562	0.265	0.159	3.44962185764941e-23
CHD6	0	2.0930915031522e-27	0.468479632262806	0.388	0.257	4.19078780761134e-23
HILPDA	0	2.1122851806073e-27	0.651677629694867	0.25	0.144	4.22921738861193e-23
METRN	0	2.1790126313143e-27	0.591655816553674	0.265	0.155	4.36281909041749e-23
FAM208B	0	2.49372214162809e-27	0.713434479128389	0.256	0.149	4.99293047196776e-23
SPIN1	0	2.51043130799963e-27	0.670431622085583	0.291	0.178	5.02638556487685e-23
ZC3H15	0	2.68625745549811e-27	0.45466894752895	0.467	0.332	5.37842467739832e-23
COL9A3	0	2.7759098362478e-27	0.457083892506804	0.312	0.19	5.55792667413534e-23
COX7A2	0	2.83526689637521e-27	0.305333767787235	0.782	0.663	5.67677137992244e-23
CUEDC2	0	3.70184393435869e-27	0.648379056689101	0.301	0.188	7.41183192537297e-23
SNF8	0	3.72506717417453e-27	0.51067120244558	0.421	0.293	7.45832949613224e-23
ACTN1	0	3.95707134110354e-27	0.497622792355548	0.368	0.243	7.9228482391575e-23
DYNLRB1	0	5.47217746737447e-27	0.361627349571044	0.577	0.43	1.09563937251772e-22
STRA13	0	5.48186320583218e-27	0.495834342064561	0.378	0.252	1.09757865107172e-22
NRD1	0	5.52802425819855e-27	0.397832190920172	0.502	0.357	1.10682101697651e-22
MLX	0	6.25911263098382e-27	0.614685929151161	0.315	0.199	1.25319953097558e-22
C5orf24	0	6.39155678219231e-27	0.503951696629776	0.369	0.241	1.27971749893054e-22
SASH1	0	7.41589191521892e-27	0.674532241155194	0.28	0.17	1.48480987926513e-22
SENP7	0	7.71410563746093e-27	0.546284619828797	0.326	0.205	1.54451823073243e-22
SLC25A11	0	8.77372246276962e-27	0.553275903016523	0.363	0.242	1.75667471149573e-22
ITFG3	0	9.37780205925883e-27	0.641458077557071	0.297	0.185	1.8776235283048e-22
IPO5	0	1.00713455377473e-26	0.670175491973103	0.284	0.175	2.01648480356776e-22
CCT3	0	1.0112809378317e-26	0.410686395828295	0.533	0.392	2.02478669372663e-22
FEM1B	0	1.011843560945e-26	0.680439574366248	0.273	0.165	2.02591317772407e-22
SF3B3	0	1.24542231854369e-26	0.673665918043481	0.273	0.165	2.49358456618818e-22
TRMT10C	0	1.29222064319515e-26	0.638763235247142	0.289	0.177	2.58728417180532e-22
RAP1B	0	1.33876443973804e-26	0.395339122916313	0.576	0.44	2.6804741612435e-22
IMPAD1	0	1.40321896183336e-26	0.705123176126829	0.268	0.161	2.80952500538275e-22
ABHD14B	0	1.61673070130753e-26	0.695678544792163	0.277	0.169	3.23701821015793e-22
SF3B5	0	1.98520672702253e-26	0.426850514032412	0.511	0.378	3.9747809088445e-22
SNX13	0	1.98553595925896e-26	0.588897257508177	0.313	0.197	3.97544009762829e-22
EIF4B	0	2.00999780140426e-26	0.381664822090159	0.587	0.452	4.02441759797161e-22
TAF9	0	2.09198403119317e-26	0.526854379365129	0.377	0.254	4.18857042725496e-22
PLEKHJ1	0	2.33322847352669e-26	0.587605167913444	0.323	0.207	4.67159004969513e-22
CUL3	0	2.53597140553216e-26	0.545489074893486	0.321	0.204	5.07752194815649e-22
NRP2	0	2.55438517963104e-26	0.403683344687646	0.525	0.388	5.11439000665726e-22
AP2B1	0	2.61689330800929e-26	0.521278687959937	0.395	0.272	5.23954378129621e-22
RAI14	0	2.62077307854336e-26	0.634349943192534	0.255	0.149	5.24731185785952e-22
GOLGB1	0	2.98126494725978e-26	0.374350026429488	0.6	0.462	5.96908867740352e-22
MINOS1	0	3.15987876400362e-26	0.476589228586022	0.455	0.325	6.32670926128804e-22
DNAJA2	0	3.48302306628365e-26	0.617917382869853	0.338	0.223	6.97370878331312e-22
EIF6	0	3.50689389089343e-26	0.556399505980476	0.366	0.244	7.02150294834682e-22
POLR2H	0	4.45092815270265e-26	0.611888351620264	0.302	0.19	8.91164834734125e-22
EAPP	0	4.52852594578751e-26	0.608716267761107	0.315	0.201	9.06701464865575e-22
AASDHPPT	0	4.61041062547443e-26	0.721891460678376	0.26	0.156	9.2309641543249e-22
FAM96B	0	4.66913826794744e-26	0.3712611973489	0.576	0.441	9.34854864008436e-22
RWDD1	0	4.84628431366832e-26	0.438046869052715	0.492	0.36	9.70323045282671e-22
LUC7L	0	5.39074973587267e-26	0.438397386905088	0.43	0.297	1.07933591211643e-21
PKD1	0	5.7395113203863e-26	0.545178614143589	0.289	0.177	1.14916495656774e-21
NFE2L1	0	7.78672033893516e-26	0.476641342162397	0.389	0.26	1.5590571462616e-21
MNAT1	0	7.82900395032969e-26	0.676731434469988	0.268	0.162	1.56752317093501e-21
LMO4	0	1.04900528451771e-25	0.369416193407081	0.443	0.308	2.10031838066137e-21
CERS6	0	1.19650299582892e-25	0.646381639763544	0.284	0.176	2.39563829824867e-21
TFAM	0	1.36790295600001e-25	0.635968231020745	0.306	0.196	2.73881529850321e-21
NDUFA6	0	1.40593662960884e-25	0.477202825671909	0.438	0.314	2.81496631980281e-21
ZNF148	0	1.54311565535645e-25	0.538077249251025	0.327	0.212	3.08962616515468e-21
NBN	0	1.5660010635091e-25	0.682632367907028	0.278	0.171	3.13544732935792e-21
ARL14EP	0	1.60294961344342e-25	0.709640868529057	0.254	0.151	3.20942571603641e-21
ASPH	0	1.70583663254712e-25	0.484701321951514	0.389	0.265	3.41542610568585e-21
FAM32A	0	1.85983235855666e-25	0.620740907338215	0.326	0.215	3.72375634830214e-21
COA6	0	2.29094954556691e-25	0.641830235211606	0.302	0.194	4.58693918013406e-21
BBX	0	2.57725684041071e-25	0.421007266212402	0.447	0.315	5.16018364587033e-21
PPP2CB	0	3.08428973805735e-25	0.617925391667266	0.305	0.196	6.17536491353842e-21
TRAM1	0	3.26713828628219e-25	0.414911491763802	0.523	0.395	6.54146427679421e-21
LSM2	0	3.59685188568722e-25	0.445216851971195	0.395	0.268	7.20161684552296e-21
U2AF1	0	3.60479244971717e-25	0.287944190878962	0.706	0.573	7.21751544282371e-21
CREBBP	0	3.76436819676202e-25	0.507527454301008	0.34	0.222	7.53701800355691e-21
DDX18	0	4.45299910876688e-25	0.375437704109942	0.537	0.399	8.91579481557304e-21
ATP6V1F	0	4.91776351068991e-25	0.302350430706626	0.746	0.628	9.84634610110333e-21
YES1	0	5.05194498304007e-25	0.593066765361382	0.258	0.153	1.01150042450428e-20
GINM1	0	5.4702445247218e-25	0.537282727189569	0.343	0.226	1.0952523587398e-20
SLC38A10	0	5.51916174785278e-25	0.524254540706456	0.345	0.226	1.10504656515508e-20
EPRS	0	6.09774913500187e-25	0.528906342100882	0.327	0.212	1.22089133181008e-20
SNRPC	0	6.18576985001531e-25	0.549194872430628	0.348	0.234	1.23851483937006e-20
TRPS1	0	6.32139477335293e-25	0.462720380055167	0.388	0.263	1.26566966152072e-20
SOX4	0	8.5467723730447e-25	0.279103244078375	0.646	0.514	1.71123476453101e-20
TWISTNB	0	9.51776719716923e-25	0.477507467035618	0.281	0.175	1.90564734821722e-20
DNAJC2	0	1.0635141753665e-24	0.616844148644508	0.309	0.201	2.12936808191881e-20
CASC3	0	1.16781160157225e-24	0.569344005541524	0.321	0.209	2.33819238866797e-20
PHC2	0	1.19878575327255e-24	0.494452353042851	0.402	0.28	2.4002088352023e-20
ILF2	0	1.31777922230486e-24	0.453815715105041	0.444	0.317	2.63845755889879e-20
BOD1L1	0	1.47058244509175e-24	0.307633949486505	0.583	0.439	2.94440017156269e-20
CIR1	0	1.7155879587538e-24	0.524342066948119	0.378	0.26	3.43495021101685e-20
C10orf32	0	1.94049174211601e-24	0.537316322071369	0.326	0.214	3.88525256606468e-20
MED8	0	1.99636066179211e-24	0.666826506265241	0.273	0.171	3.99711331704016e-20
TMX4	0	2.10520440906791e-24	0.488125530831569	0.327	0.211	4.21504026783576e-20
SEC24D	0	2.1894091870747e-24	0.632994791789577	0.258	0.156	4.38363507436097e-20
XRN2	0	2.27028695324084e-24	0.475529521809144	0.44	0.317	4.54556853777881e-20
TIMMDC1	0	2.28616809656092e-24	0.632286894306832	0.3	0.194	4.57736576293428e-20
POLR2B	0	2.46851309366249e-24	0.545663104621422	0.304	0.193	4.94245691613104e-20
EIF4A2	0	2.49777374508297e-24	0.258051459975537	0.825	0.741	5.00104259240511e-20
MRPS11	0	2.52867110603224e-24	0.562688378597602	0.32	0.209	5.06290528849776e-20
GTPBP6	0	2.59152503873348e-24	0.663033781664575	0.272	0.171	5.18875143255218e-20
TMEM30A	0	2.70775525600123e-24	0.524427625899686	0.355	0.24	5.42146757356567e-20
COPS2	0	3.14811150016917e-24	0.570031259156277	0.323	0.213	6.30314884563871e-20
LINC00493	0	3.60230851861793e-24	0.471144375589897	0.456	0.336	7.21254211597682e-20
THUMPD2	0	3.74501820408417e-24	0.618246338601968	0.264	0.162	7.49827544821732e-20
LY6E	0	4.2960871472489e-24	0.321535471387623	0.622	0.488	8.60162568622174e-20
HDGFRP2	0	4.40236137755598e-24	0.655927262643386	0.261	0.16	8.81440795014259e-20
CD2BP2	0	4.8809909512358e-24	0.669100385775932	0.259	0.159	9.77272008256433e-20
HBP1	0	5.37011786854853e-24	0.513875791087079	0.37	0.254	1.07520499964079e-19
GTF3C1	0	5.68170669381213e-24	0.621171329699725	0.256	0.155	1.13759131423507e-19
MAP2K2	0	7.97031368686365e-24	0.429484678044195	0.462	0.336	1.59581620638384e-19
R3HDM2	0	8.90496323111781e-24	0.424743381231447	0.405	0.281	1.78295173813441e-19
ZC3H13	0	9.27777452395309e-24	0.413271228126384	0.437	0.308	1.85759601518589e-19
CHCHD3	0	9.3947822242024e-24	0.606617651427967	0.291	0.186	1.8810232969298e-19
AHI1	0	1.00481385252038e-23	0.354974768278891	0.413	0.284	2.01183829551631e-19
BTF3L4	0	1.33189953109486e-23	0.525485124986796	0.375	0.26	2.66672924115813e-19
NOC2L	0	1.3692573796018e-23	0.562634869147421	0.284	0.178	2.74152712543873e-19
MRPL14	0	1.3790309959524e-23	0.506299883533364	0.375	0.259	2.7610958600959e-19
GALK1	0	1.39032741024905e-23	0.654625976660189	0.275	0.174	2.78371354080064e-19
SNRNP27	0	1.4788938963902e-23	0.574459366577804	0.302	0.196	2.96104135935245e-19
MED4	0	1.69057805551842e-23	0.493251721727511	0.352	0.238	3.38487538275899e-19
PRDX5	0	1.81956427918556e-23	0.325499478710105	0.597	0.457	3.64313159978532e-19
LSM12	0	1.95632779980635e-23	0.548198330102299	0.334	0.224	3.91695952077228e-19
PRKDC	0	1.96554672056531e-23	0.396071822976222	0.435	0.307	3.93541764391587e-19
DHX9	0	2.20025064521989e-23	0.490394059749757	0.378	0.261	4.40534184185926e-19
LSM6	0	2.23022982264098e-23	0.527907544608356	0.352	0.241	4.46536615089176e-19
CALCOCO2	0	2.23181934104097e-23	0.450811003630492	0.411	0.29	4.46854868463222e-19
CSNK2A1	0	2.30926865998016e-23	0.549092391440592	0.326	0.215	4.62361771101228e-19
TSC22D4	0	2.50642625048785e-23	0.46184333784698	0.364	0.247	5.01836663872678e-19
MTA1	0	2.83437002286857e-23	0.613049474452267	0.27	0.169	5.67497565978745e-19
MRPS18C	0	2.88327812495989e-23	0.512729794855779	0.368	0.254	5.7728994617947e-19
CEP290	0	2.89253026243885e-23	0.5217147451012	0.279	0.174	5.79142409145506e-19
ZNF580	0	2.92685846205788e-23	0.642115107641994	0.273	0.173	5.86015601273229e-19
ZNF644	0	3.19851731580476e-23	0.458559354240791	0.377	0.259	6.4040713697043e-19
TAX1BP3	0	3.42741413622007e-23	0.612784999975887	0.277	0.175	6.86236858353982e-19
SNRNP70	0	3.58005749237701e-23	0.254889349844223	0.662	0.523	7.16799111123725e-19
QSOX1	0	3.69041394950993e-23	0.610328218478912	0.277	0.176	7.38894680970878e-19
LARS	0	3.70083962259662e-23	0.508026104703154	0.389	0.274	7.40982109236296e-19
REST	0	4.00974932985573e-23	0.591591522652518	0.297	0.192	8.02832010823715e-19
MCFD2	0	4.02232321329334e-23	0.594941380967693	0.319	0.213	8.05349553765592e-19
ANKIB1	0	4.0587657958574e-23	0.604183578613174	0.256	0.156	8.12646087646569e-19
KLF10	0	4.3960267438608e-23	0.55987460993636	0.336	0.226	8.8017247465581e-19
NPHP3	0	4.49545448909115e-23	0.410231959046216	0.384	0.265	9.00079897805831e-19
NR3C1	0	4.93927133482638e-23	0.388262883516941	0.476	0.349	9.88940906658938e-19
TXLNA	0	5.04090002430294e-23	0.627246082435357	0.288	0.187	1.00928900286594e-18
AFG3L2	0	5.76984418991896e-23	0.58017919756835	0.264	0.163	1.15523820370557e-18
TRIP11	0	6.21896590131593e-23	0.461506444077685	0.376	0.26	1.24516135276147e-18
AAMP	0	6.30485424759911e-23	0.60592481091594	0.286	0.183	1.26235791745429e-18
PIBF1	0	6.38538934159432e-23	0.532138136909908	0.294	0.188	1.27848265397402e-18
ANP32A	0	6.52959164500482e-23	0.378701717629234	0.54	0.412	1.30735483916286e-18
ZNF326	0	6.56221130655526e-23	0.513199563861211	0.337	0.227	1.31388594779849e-18
CTDSP2	0	6.79379505905111e-23	0.619707045483695	0.285	0.184	1.36025364672321e-18
VDAC2	0	7.20289075008177e-23	0.438902189836577	0.436	0.316	1.44216278598137e-18
TANC2	0	7.47339177429374e-23	0.596980960722579	0.297	0.194	1.49632250104909e-18
RAB11B	0	8.14779164958869e-23	0.519518147819772	0.343	0.233	1.63135084408065e-18
AHCYL1	0	8.68218358883071e-23	0.529595978184072	0.315	0.207	1.73834679815568e-18
SPPL2A	0	8.87313492636946e-23	0.530654158192817	0.356	0.245	1.77657907495769e-18
PDCD5	0	9.03889687717382e-23	0.383928982162899	0.44	0.315	1.80976793274774e-18
ARHGAP24	0	1.07202721508797e-22	0.600365120544797	0.294	0.191	2.14641289004913e-18
SETD5	0	1.24222887930701e-22	0.440828932945615	0.374	0.257	2.48719066214849e-18
HECTD1	0	1.37565332657563e-22	0.494304637681603	0.361	0.248	2.75433309046972e-18
JPX	0	1.44412398380236e-22	0.626130831813758	0.263	0.164	2.89142504036908e-18
DKC1	0	1.56980268783829e-22	0.5579246674725	0.276	0.174	3.14305894158982e-18
ATP6V1E1	0	1.70048321028386e-22	0.533297085016969	0.347	0.238	3.40470748363034e-18
NCOA1	0	1.83655145701308e-22	0.591317556800369	0.294	0.192	3.6771433272316e-18
HNRNPM	0	1.90621562276276e-22	0.317928980180094	0.575	0.44	3.8166249198956e-18
SMAD4	0	1.96502406292503e-22	0.578365716014953	0.284	0.183	3.93437117878849e-18
AKAP17A	0	1.9780362392401e-22	0.429928826009793	0.393	0.276	3.96042415820653e-18
PAIP1	0	2.05074671519414e-22	0.612844991431214	0.286	0.186	4.1060050731617e-18
EPM2AIP1	0	2.18184785624484e-22	0.525162186922348	0.306	0.2	4.36849577777342e-18
LRPAP1	0	2.31421958555938e-22	0.388736998368474	0.524	0.399	4.63353045420699e-18
ABI2	0	2.36403666560776e-22	0.522494921808928	0.308	0.202	4.73327421187986e-18
PDHA1	0	2.41571045334797e-22	0.595107428703809	0.284	0.183	4.83673546969331e-18
RBX1	0	2.96174845627913e-22	0.336707595667367	0.652	0.534	5.93001275916208e-18
IK	0	3.42884273048176e-22	0.433461610806906	0.404	0.287	6.86522891497059e-18
LSM14A	0	4.16078566930083e-22	0.517023212045322	0.334	0.227	8.33072506707412e-18
ZNF655	0	4.24219719509266e-22	0.553164582995648	0.274	0.173	8.49372722401453e-18
ALG5	0	4.99295391086377e-22	0.609115536926828	0.254	0.158	9.99689232033143e-18
MRPL20	0	5.33968549249762e-22	0.446807132369196	0.45	0.332	1.06911182930787e-17
YIPF4	0	5.49176346862722e-22	0.52246480913825	0.341	0.234	1.09956088168854e-17
MARCH6	0	5.52722959045582e-22	0.424230704935723	0.349	0.235	1.10666190860106e-17
LRPPRC	0	5.98848019306374e-22	0.512123453882738	0.299	0.195	1.19901350425522e-17
DDX50	0	6.44703071788548e-22	0.587558036297569	0.299	0.197	1.29082449033503e-17
C9orf16	0	7.10186237242381e-22	0.411084240728535	0.628	0.528	1.42193488420669e-17
CWC15	0	7.34621872257205e-22	0.428794713688326	0.417	0.299	1.47085991263338e-17
CUL5	0	7.57692758791541e-22	0.573856021989697	0.281	0.18	1.51705244165242e-17
ARL6IP4	0	7.64951945740623e-22	0.274163566957826	0.715	0.594	1.53158678576188e-17
BLOC1S6	0	8.10777823898966e-22	0.563514646238381	0.311	0.209	1.62333935901051e-17
IDH3B	0	8.71116435561964e-22	0.627092315994706	0.257	0.162	1.74414932728216e-17
STAG1	0	9.62088640097751e-22	0.507785083933377	0.319	0.213	1.92629387520372e-17
UQCR11.1	0	1.00040112558736e-21	0.300330279863022	0.732	0.629	2.00300313365101e-17
DUS1L	0	1.04426721295701e-21	0.597679433280831	0.271	0.173	2.09083181378253e-17
PRPF38A	0	1.16650655937612e-21	0.629347680856	0.25	0.156	2.33557943318286e-17
SIKE1	0	1.28480142389535e-21	0.618073693405875	0.264	0.169	2.57242941092327e-17
LRRC58	0	1.52271057051551e-21	0.633702318314582	0.255	0.161	3.04877110428616e-17
ITFG1	0	2.01922961026062e-21	0.606294851429636	0.278	0.181	4.04290152566382e-17
USP16	0	2.23059356783263e-21	0.532468452595708	0.309	0.206	4.46609444151448e-17
VCP	0	2.23654575629804e-21	0.389704301644731	0.428	0.306	4.47801191325994e-17
UBE2Q2	0	2.6273664839371e-21	0.501701501872504	0.308	0.204	5.26051317413887e-17
BSDC1	0	2.78546727815531e-21	0.517797188061335	0.272	0.173	5.57706258432256e-17
HNRNPA0	0	2.95493145825567e-21	0.323190507752322	0.51	0.379	5.9163637657195e-17
EXOC4	0	3.11423892112952e-21	0.548062917909627	0.301	0.2	6.23532916788552e-17
ZNF638	0	3.3246347214917e-21	0.290790634598159	0.557	0.428	6.65658363937068e-17
UROS	0	3.60823899801062e-21	0.634908159083736	0.253	0.16	7.22441612181685e-17
TMEM147	0	3.71119196479711e-21	0.439629707072044	0.401	0.287	7.43054855191677e-17
BZW1	0	4.11630969000984e-21	0.362961441180244	0.536	0.411	8.2416752613377e-17
ARIH1	0	4.21979977381494e-21	0.526355444412162	0.29	0.189	8.44888310713228e-17
SIL1	0	4.29225323550102e-21	0.581228562130398	0.296	0.198	8.59394942812013e-17
POR	0	5.09386594670211e-21	0.484649536279638	0.317	0.212	1.0198938398487e-16
ABCF1	0	5.80202765844499e-21	0.506420158950857	0.344	0.238	1.16168197777386e-16
THUMPD1	0	5.94302596648623e-21	0.546586391017942	0.284	0.186	1.18991265900987e-16
RDX	0	6.26944941287201e-21	0.408985887779909	0.401	0.284	1.25526916144523e-16
RAB4A	0	6.88529865373456e-21	0.538474444441536	0.303	0.203	1.37857449645073e-16
ZFR	0	7.46170885856149e-21	0.520875090113786	0.322	0.219	1.49398334766118e-16
PCNP	0	7.64326327501779e-21	0.476813696865534	0.393	0.286	1.53033417292406e-16
FAM134C	0	7.96539828958934e-21	0.590918972151619	0.255	0.161	1.59483204554158e-16
TP53I13	0	7.97840560501562e-21	0.465117195508634	0.355	0.249	1.59743637023623e-16
TOX4	0	8.67937140438323e-21	0.502039673153707	0.341	0.238	1.73778374258561e-16
CBR1	0	8.70758947675213e-21	0.612208207033414	0.263	0.17	1.74343356503531e-16
CAND1	0	9.00988781484548e-21	0.407726636287674	0.36	0.247	1.80395973828836e-16
COX5B	0	9.35901619137709e-21	0.274279502558317	0.795	0.715	1.87386222183752e-16
NDUFB11	0	9.74568527011299e-21	0.28231161362366	0.739	0.635	1.95128110478202e-16
COA1	0	1.13785860100547e-20	0.455896729337513	0.338	0.231	2.27822049093315e-16
CHURC1	0	1.16062338724259e-20	0.493936038175029	0.351	0.243	2.32380014593711e-16
HDAC2	0	1.17286545206242e-20	0.44848842854068	0.332	0.225	2.34831120811938e-16
DYNLT1	0	1.29165113251889e-20	0.339310173115599	0.535	0.411	2.58614389752933e-16
TM9SF2	0	1.4841398555206e-20	0.478447090802695	0.353	0.247	2.97154481872335e-16
CHST12	0	1.72144507281355e-20	0.57097047455244	0.258	0.164	3.44667732478729e-16
ERGIC3	0	1.82557509073592e-20	0.490916867316257	0.319	0.217	3.65516644667145e-16
P4HA1	0	1.8480203781461e-20	0.426680867651067	0.416	0.305	3.70010640112411e-16
MAGOH	0	2.09792363838217e-20	0.445390161817223	0.402	0.292	4.20046270876877e-16
DYNC1LI2	0	2.13888153835771e-20	0.37493408284632	0.407	0.291	4.28246861609981e-16
SARS	0	2.17402319377416e-20	0.496389891074279	0.312	0.212	4.35282923857463e-16
CHMP3	0	2.18559125148209e-20	0.500294384379375	0.333	0.23	4.37599080371744e-16
TIPRL	0	2.34289383364425e-20	0.559244279946647	0.292	0.195	4.69094203372251e-16
DCAF7	0	2.52324259539827e-20	0.428678820509514	0.361	0.251	5.05203632450642e-16
SPRED1	0	2.67865901487464e-20	0.563726719709915	0.256	0.164	5.36321107958201e-16
SFT2D1	0	2.90406770844096e-20	0.492439932014933	0.34	0.237	5.81452436584048e-16
MAN2C1	0	2.94948659320416e-20	0.518425886537903	0.282	0.184	5.90546205691336e-16
CCT8	0	3.11232079398721e-20	0.419679558449697	0.439	0.326	6.2314886937212e-16
HM13	0	3.2300605251639e-20	0.410466136403031	0.4	0.288	6.46722718348315e-16
PKN2	0	3.6742815314066e-20	0.306589567277657	0.542	0.415	7.3566464821823e-16
SLC25A37	0	3.72573681365049e-20	0.337606872987534	0.397	0.281	7.459670248291e-16
TCEA1	0	3.90626132297898e-20	0.295893688165288	0.571	0.448	7.82111642086851e-16
DECR1	0	4.222533811203e-20	0.53032821238223	0.327	0.227	8.45435719679064e-16
C2orf49	0	4.40131876834065e-20	0.562253556857402	0.25	0.158	8.81232043797166e-16
PRELID1	0	4.69257113168629e-20	0.269158580256607	0.604	0.475	9.39546591986229e-16
TXNL1	0	4.72525284308052e-20	0.452396482952572	0.399	0.293	9.46090124241582e-16
TMEM183A	0	4.75831000651024e-20	0.560936222566355	0.263	0.169	9.52708829503481e-16
MRPL4	0	4.78007117451577e-20	0.558017547644191	0.309	0.211	9.57065850561548e-16
MGEA5	0	5.40738713400682e-20	0.336875244198545	0.409	0.291	1.08266705197085e-15
ARL8A	0	5.62124047163086e-20	0.524988716553519	0.308	0.21	1.12548476722993e-15
CSNK2B	0	6.0448553665502e-20	0.373010785065545	0.459	0.342	1.21030094149068e-15
MFF	0	6.34620341347148e-20	0.496340598837618	0.298	0.2	1.27063684744526e-15
TUFM	0	7.03944873270964e-20	0.381388389728464	0.439	0.325	1.40943842526312e-15
RAB5C	0	8.823877380909e-20	0.358214964905414	0.481	0.362	1.7667167292056e-15
SMC5	0	1.00172635686497e-19	0.375133119496436	0.387	0.274	2.00565651171504e-15
USP47	0	1.00634024721898e-19	0.455517314680065	0.333	0.229	2.01489444298185e-15
RGL2	0	1.03471173934951e-19	0.501180296019986	0.279	0.183	2.07169984452559e-15
TMBIM4.1	0	1.08917795030399e-19	0.322129013353099	0.591	0.468	2.18075209209865e-15
UBE2B	0	1.17093461850022e-19	0.339845595293163	0.558	0.442	2.34444529316114e-15
SYNE1	0	1.21935967182808e-19	0.357747421372275	0.357	0.246	2.44140193493418e-15
PSMD12	0	1.32887506814937e-19	0.482707475992971	0.338	0.236	2.66067366144867e-15
ADD1	0	1.34031993903336e-19	0.366746113459117	0.425	0.308	2.68358858193258e-15
MZT2A	0	1.39540337481205e-19	0.254610369839716	0.505	0.371	2.79387663704868e-15
SCAND1	0	1.43810134077468e-19	0.367652429200446	0.514	0.4	2.87936650449906e-15
XPC	0	1.51879298926394e-19	0.510751407005291	0.277	0.183	3.04092732310425e-15
KLF9	0	1.53075052384551e-19	0.630541470780045	0.26	0.171	3.06486869884348e-15
CYB5R3	0	1.58493384708134e-19	0.370717019734601	0.37	0.261	3.17335454862626e-15
ZSCAN16-AS1	0	1.64812395031364e-19	0.564080533083184	0.27	0.178	3.29987377331797e-15
NUDC	0	1.67240648851216e-19	0.344443019844392	0.466	0.349	3.34849227129904e-15
NCOR2	0	1.85260937997884e-19	0.471515508608753	0.329	0.228	3.70929450059363e-15
FXR1	0	1.9494687742819e-19	0.375873835315356	0.454	0.341	3.90322637986722e-15
C8orf4	0	2.97908831329894e-19	0.560214512792638	0.279	0.185	5.96473062088714e-15
PRPF31	0	3.46416381812104e-19	0.55117693763122	0.284	0.19	6.93594879664196e-15
LSM3	0	4.07859624913511e-19	0.352999527663699	0.458	0.341	8.16616541001831e-15
RPL26L1	0	4.26752707021664e-19	0.576683057255195	0.29	0.198	8.54444269998775e-15
NUB1	0	5.23171936454744e-19	0.409107140070369	0.364	0.26	1.04749485116969e-14
NELFE	0	5.50870430611032e-19	0.560250460418134	0.274	0.182	1.10295277616941e-14
MECP2	0	5.88227372116179e-19	0.400369856575348	0.358	0.251	1.17774884445101e-14
FAM178A	0	5.98714957605503e-19	0.390479154400903	0.314	0.213	1.19874708811774e-14
XRCC6	0	6.06353610288418e-19	0.317576651168317	0.494	0.376	1.21404119851947e-14
ABHD17A	0	6.56199426352113e-19	0.341974430642655	0.41	0.297	1.3138424914422e-14
EMP2	0	7.35139532762707e-19	0.301278158935119	0.335	0.227	1.47189637249749e-14
PSMC5	0	8.09343358991671e-19	0.335819498678843	0.47	0.353	1.62046727337312e-14
PPP1CC	0	8.70875321212311e-19	0.381865292810271	0.378	0.27	1.74366656813129e-14
PDK4	0	9.37818888288332e-19	0.50059108014866	0.292	0.198	1.8777009781309e-14
GHITM	0	1.01915761118013e-18	0.406288872844345	0.388	0.282	2.04055736910485e-14
SEPT9	0	1.03626284564719e-18	0.352793402479221	0.44	0.327	2.0748054695548e-14
THOC2	0	1.08959739532625e-18	0.406846477049773	0.362	0.257	2.18159190492223e-14
TMEM50B	0	1.20054216758467e-18	0.518534735295673	0.286	0.193	2.40372552793802e-14
KHSRP	0	1.32298215579402e-18	0.474983694756209	0.292	0.197	2.64887487233078e-14
TAF11	0	1.45705115690128e-18	0.522474198047109	0.283	0.191	2.91730782634774e-14
KIN	0	1.54458297235758e-18	0.532166650434282	0.273	0.182	3.09256402725435e-14
SMIM15	0	1.5556983401029e-18	0.558690703919941	0.264	0.175	3.11481921655403e-14
MRPS25	0	1.58816597075756e-18	0.584642577215933	0.261	0.173	3.17982590665079e-14
ANO6	0	1.6850769235915e-18	0.544105634404964	0.264	0.175	3.37386101641491e-14
STOM	0	1.90854980916851e-18	0.321742893154338	0.399	0.292	3.8212984279172e-14
RSBN1L	0	2.09000124542916e-18	0.336060126593814	0.493	0.375	4.18460049359827e-14
SMC3	0	2.11116069925546e-18	0.298402229535393	0.421	0.309	4.22696595204928e-14
MAP1B	0	2.26215758598954e-18	0.391559515004499	0.318	0.218	4.52929191866825e-14
SLC39A10	0	2.42438459206171e-18	0.36592602912677	0.414	0.306	4.85410283022595e-14
BRK1	0	2.50680172540767e-18	0.30712602819196	0.593	0.481	5.01911841461123e-14
TMEM141	0	2.51170281050846e-18	0.541618348408714	0.268	0.18	5.02893136720004e-14
MEAF6	0	2.57422290142048e-18	0.370857240020347	0.363	0.257	5.15410909322408e-14
SNHG9	0	2.72261190798944e-18	0.382095039612395	0.313	0.213	5.45121356217646e-14
SKAP2	0	2.90788364298892e-18	0.378292052492252	0.393	0.285	5.82216462999241e-14
RBBP7	0	3.14621967897142e-18	0.342543708367381	0.339	0.234	6.29936104123657e-14
OSBPL1A	0	3.55747182589462e-18	0.510778659289374	0.293	0.202	7.12277008980621e-14
ZNF292	0	3.58288850349839e-18	0.268441464910473	0.445	0.324	7.17365936170448e-14
COMMD1	0	3.69075807740585e-18	0.535426514694446	0.294	0.204	7.38963582258199e-14
THRAP3	0	3.71421720456811e-18	0.360629366762465	0.453	0.342	7.43660568698626e-14
DCAF6	0	3.73165870646236e-18	0.500492693335044	0.255	0.167	7.47152706207894e-14
HSD17B12	0	3.79918035677017e-18	0.483774673099959	0.275	0.184	7.60671891032523e-14
EIF3M	0	4.05786522965043e-18	0.389510986037789	0.417	0.312	8.12465776280608e-14
GSPT1	0	4.11424472335881e-18	0.424981514022867	0.37	0.269	8.23754078510901e-14
UBE2E2	0	4.69863491699806e-18	0.546942135414351	0.258	0.17	9.40760683081351e-14
SETD2	0	5.51138705266163e-18	0.338480322623412	0.402	0.292	1.10348991568391e-13
BTBD7	0	5.69101901436142e-18	0.508528836702485	0.27	0.181	1.13945582705544e-13
C17orf85	0	6.16083364908894e-18	0.455002862874206	0.298	0.204	1.23352211322059e-13
ATP6AP1	0	6.41724295840644e-18	0.326574185188137	0.466	0.35	1.28486038513214e-13
RNF216	0	6.45115726226307e-18	0.423874468374072	0.314	0.217	1.29165070705031e-13
RAD23A	0	6.49747564014457e-18	0.364907758781079	0.407	0.3	1.30092457266974e-13
CHCHD1	0	7.11923448506023e-18	0.477169084240379	0.328	0.234	1.42541312859876e-13
SKIV2L2	0	7.14986889289582e-18	0.511986834825399	0.263	0.175	1.4315467497356e-13
IFITM1	0	7.19099414237882e-18	0.434144257976541	0.253	0.165	1.43978084718709e-13
CCS	0	7.2279969447095e-18	0.444631766971819	0.35	0.252	1.44718954826974e-13
XRCC5	0	7.41792003900939e-18	0.275090612464407	0.582	0.459	1.48521595021046e-13
IGBP1	0	7.55438622918392e-18	0.479465304365028	0.331	0.236	1.5125392108072e-13
PPP4R2	0	7.93039115962004e-18	0.507530502202129	0.303	0.211	1.58782291797912e-13
MKRN1	0	8.08169680901491e-18	0.516301986746509	0.292	0.202	1.61811733510097e-13
SHISA5	0	8.21981737536377e-18	0.413249570266193	0.321	0.222	1.64577183489533e-13
CAPZA2	0	8.29095782449797e-18	0.347556309075661	0.454	0.345	1.66001557562098e-13
TNRC6A	0	9.06552594021694e-18	0.32047576670411	0.365	0.259	1.81509960375024e-13
RTFDC1	0	9.53542128473859e-18	0.424701664346243	0.402	0.302	1.90918204963036e-13
YIF1A	0	1.03033646484253e-17	0.57250934940863	0.268	0.182	2.06293966990771e-13
C19orf25	0	1.03317932399411e-17	0.501246701628195	0.259	0.171	2.06863164250101e-13
SYNCRIP	0	1.04132652326986e-17	0.350676428065544	0.42	0.312	2.08494396489091e-13
ATXN10	0	1.09071717577341e-17	0.53103298864668	0.292	0.203	2.18383392933353e-13
DNAJC1	0	1.10908605921261e-17	0.422689086875237	0.353	0.254	2.22061210775549e-13
EIF1B	0	1.12590161261164e-17	0.337878217622467	0.473	0.363	2.25428020877102e-13
SLC25A39	0	1.13340835510359e-17	0.44877882024893	0.318	0.223	2.26931020858841e-13
SLIRP	0	1.18083022052745e-17	0.385745746105883	0.39	0.286	2.36425826754007e-13
TNKS2	0	1.18729351339898e-17	0.530073338280382	0.266	0.178	2.37719907252744e-13
ILF3	0	1.24803913200972e-17	0.308004103937646	0.433	0.32	2.49882395010987e-13
CLPTM1	0	1.30100026319798e-17	0.566570942163284	0.256	0.171	2.604862726975e-13
BASP1	0	1.35251367461287e-17	0.371340874408286	0.332	0.236	2.70800287930989e-13
PSMA5	0	1.4163879899506e-17	0.424897029045614	0.36	0.262	2.83589203347909e-13
NARG2	0	1.53432635752771e-17	0.43215895153927	0.286	0.194	3.07202823304197e-13
PPIP5K2	0	1.57186486737152e-17	0.496076952678625	0.296	0.205	3.14718783745125e-13
SAP30BP	0	1.60808156549496e-17	0.43299170256266	0.319	0.223	3.219700910434e-13
RBM27	0	1.62935846206338e-17	0.519416055397649	0.278	0.189	3.26230151274331e-13
RAD23B	0	1.79626159963161e-17	0.494944517007518	0.294	0.204	3.59647497478241e-13
ISCA1	0	1.80121763590748e-17	0.530464093260242	0.262	0.176	3.60639795061395e-13
MBNL2	0	1.92476485544894e-17	0.371371382347897	0.352	0.25	3.85376419357987e-13
BIN1	0	2.07563032463294e-17	0.444891071938797	0.314	0.219	4.15582703598007e-13
PFDN1	0	2.27071301581892e-17	0.432696778976064	0.359	0.26	4.54642160027264e-13
CSDE1	0	3.04767614505325e-17	0.265995488306409	0.648	0.535	6.10205717762561e-13
NBPF10	0	3.38977905822499e-17	0.440318736065389	0.268	0.179	6.78701563037808e-13
ATP6V0A1	0	3.81835310593424e-17	0.336511539762925	0.366	0.261	7.64510658870153e-13
GMPS	0	4.09828913932144e-17	0.586001729085881	0.253	0.17	8.2055945147494e-13
UBE2M	0	4.38332571413612e-17	0.398801127771111	0.383	0.284	8.77629474484334e-13
CNBP	0	5.23307259464774e-17	0.288126632491821	0.646	0.539	1.04776579490037e-12
PRRC2B	0	5.31207959377791e-17	0.311295796946002	0.4	0.291	1.06358457626621e-12
CCT6A	0	5.37275857600018e-17	0.348320548563834	0.475	0.37	1.07573372208676e-12
PIGT	0	5.39842427520499e-17	0.511982396412425	0.294	0.206	1.08087250838154e-12
RRAS	0	5.42422304677005e-17	0.391365994182119	0.323	0.228	1.0860379384243e-12
CEBPZ-AS1	0	5.82648500932368e-17	0.512448936706511	0.26	0.175	1.16657882856679e-12
ZBTB20	0	6.02183414267752e-17	0.459832934481641	0.271	0.183	1.20569163204689e-12
ATP1A1	0	6.30807818525538e-17	0.268051489945777	0.463	0.347	1.26300341425183e-12
MRPL22	0	6.50552025382772e-17	0.514135695367704	0.292	0.205	1.30253526522139e-12
RPN1	0	7.00714626840219e-17	0.428599706350276	0.342	0.246	1.40297082585949e-12
TLK1	0	7.11314165733716e-17	0.449990568488653	0.298	0.207	1.42419322263205e-12
MRPS21	0	7.1702674872271e-17	0.340638621681738	0.483	0.378	1.43563095629261e-12
NDUFV3	0	7.32716783616444e-17	0.369581027297703	0.377	0.276	1.46704554415684e-12
TRAPPC6A	0	7.65130445145308e-17	0.493481103243359	0.284	0.197	1.53194417726994e-12
PRRC2A	0	9.0190988478188e-17	0.429822466021041	0.304	0.212	1.80580397131028e-12
DHX29	0	1.02775237756135e-16	0.438412929921813	0.315	0.222	2.05776581035333e-12
SLC39A1	0	1.03616364653502e-16	0.462314127170419	0.293	0.205	2.07460685309242e-12
MRPL33	0	1.05121584211697e-16	0.312945469116199	0.459	0.349	2.1047443590866e-12
CUL1	0	1.06747624971906e-16	0.493502248293315	0.277	0.19	2.13730094718749e-12
CUX1	0	1.10910864389551e-16	0.364596614726457	0.367	0.265	2.22065732680758e-12
PSMB3	0	1.24749724430715e-16	0.269992034854174	0.532	0.417	2.49773898255177e-12
PIAS1	0	1.31092568984808e-16	0.400764102487731	0.307	0.214	2.62473541621383e-12
TERF1	0	1.31265229565963e-16	0.463715707996619	0.259	0.173	2.62819242636971e-12
MED28	0	1.52456832334207e-16	0.407697148095849	0.339	0.244	3.0524906969955e-12
MANF	0	1.74242496393056e-16	0.473795505302619	0.308	0.22	3.48868326278176e-12
SERINC3	0	1.74254228913778e-16	0.354760870091274	0.375	0.273	3.48891817131166e-12
AP2A1	0	1.8144196794169e-16	0.469974466059897	0.264	0.178	3.63283108212852e-12
ECHDC1	0	2.01225587989496e-16	0.456581328205524	0.304	0.215	4.02893872272569e-12
ARHGAP5	0	2.16323493247989e-16	0.475060316054978	0.275	0.188	4.33122898181123e-12
ASCC3	0	2.38250390981507e-16	0.41387517697819	0.305	0.213	4.77024932823173e-12
SSNA1	0	2.40098419555934e-16	0.408022923199613	0.366	0.271	4.80725055634891e-12
FAM50A	0	2.454899114187e-16	0.418208729268495	0.425	0.329	4.91519900642521e-12
SH3PXD2A	0	2.65060759667278e-16	0.404445193438302	0.271	0.184	5.30704653005824e-12
PCMTD1	0	2.68201463134406e-16	0.319629872623924	0.433	0.327	5.36992969487707e-12
BAZ1B	0	2.78727540511923e-16	0.303707706374167	0.389	0.286	5.58068281612973e-12
PPIG	0	2.84197928410744e-16	0.297263628126873	0.51	0.401	5.69021092263991e-12
FAM133B	0	2.84825809891066e-16	0.291884826922862	0.499	0.386	5.70278236563893e-12
FNDC3B	0	3.10475312876763e-16	0.509746134379398	0.262	0.179	6.21633671441855e-12
ADNP	0	3.60585828226916e-16	0.440101918509012	0.28	0.193	7.21964945275931e-12
PPP1R35	0	4.04114802127821e-16	0.440529271642689	0.312	0.223	8.09118656820323e-12
NUPL2	0	4.04272070420771e-16	0.498936507763674	0.275	0.19	8.09433539396468e-12
CCDC47	0	4.38824786527257e-16	0.298038370600911	0.416	0.308	8.78614987584875e-12
TOP1	0	4.48062363749194e-16	0.328398982141274	0.499	0.395	8.97110464698636e-12
NPEPPS	0	4.55582637193482e-16	0.405439762185611	0.287	0.198	9.12167556188789e-12
ALYREF	0	4.8097879812449e-16	0.394546838561078	0.267	0.181	9.63015749604853e-12
QSER1	0	4.85130641886953e-16	0.490710762880608	0.271	0.187	9.71328571186057e-12
SRP54	0	5.09848217321949e-16	0.403276440513997	0.316	0.225	1.02081810072201e-11
RHOQ	0	5.26640993116645e-16	0.481167141143819	0.302	0.215	1.05444059641815e-11
PDXDC1	0	5.43194553155613e-16	0.437994447975006	0.284	0.197	1.08758413432817e-11
SUPT5H	0	5.51005163759814e-16	0.39228220025664	0.301	0.21	1.1032225388799e-11
ECH1	0	7.16831377314565e-16	0.394555246487302	0.42	0.325	1.43523978365922e-11
GPATCH2	0	7.35309474346025e-16	0.47515637900276	0.264	0.18	1.47223662953561e-11
PUM2	0	7.69748688916171e-16	0.440518422684664	0.276	0.19	1.54119082494796e-11
MRPS5	0	8.93016289519012e-16	0.374048586399378	0.333	0.241	1.78799721487497e-11
IRF2BP2	0	1.00420492638769e-15	0.32184542842843	0.466	0.359	2.01061910361344e-11
UQCC2	0	1.0165915702408e-15	0.395893701481966	0.337	0.246	2.03541964193614e-11
NSA2	0	1.03841713097193e-15	0.281248248305819	0.563	0.457	2.079118779632e-11
FAM208A	0	1.26468148735044e-15	0.438757847944909	0.292	0.205	2.53214527397305e-11
FBXO9	0	1.27042218583178e-15	0.480643524017435	0.253	0.172	2.54363930047239e-11
TUBGCP2	0	1.32276979196023e-15	0.372838364212857	0.352	0.256	2.64844967746277e-11
ERGIC2	0	1.34351301222191e-15	0.468933809833341	0.284	0.199	2.68998175307072e-11
FNBP1L	0	1.45500242444794e-15	0.462388040533857	0.256	0.174	2.91320585422966e-11
TOMM22	0	1.48594167545737e-15	0.52251555517169	0.257	0.177	2.97515242260076e-11
RFC1	0	1.51992940807202e-15	0.321141059897228	0.399	0.298	3.04320266084181e-11
CSNK1G2	0	1.56682861379395e-15	0.402538842680185	0.319	0.229	3.13710425053824e-11
SMIM19	0	1.6058820890545e-15	0.513457512399472	0.259	0.179	3.21529711870491e-11
LASP1	0	1.61435036759986e-15	0.449322841274027	0.284	0.199	3.23225230600845e-11
JOSD2	0	1.72025958287199e-15	0.478668458262062	0.26	0.179	3.4443037368263e-11
SSRP1	0	1.7255485813311e-15	0.308504126334424	0.322	0.227	3.45489336954113e-11
PSMA2.1	0	1.93328812387655e-15	0.489744266905308	0.251	0.171	3.87082948162562e-11
RBM42	0	1.9930697236847e-15	0.445011219472228	0.28	0.196	3.9905242007615e-11
TRIM28	0	2.10153556494046e-15	0.300236829121695	0.367	0.268	4.2076945081238e-11
STAG2	0	2.27470872960748e-15	0.331665612769255	0.407	0.308	4.55442181842009e-11
MRPL17	0	2.38750359967659e-15	0.443437559660492	0.279	0.196	4.78025970727247e-11
AP3D1	0	2.42712737334105e-15	0.460248443170432	0.293	0.208	4.85959442690344e-11
SMDT1	0	2.62369502771383e-15	0.29549907863511	0.511	0.404	5.25316218448864e-11
DCTN2	0	2.91435042589859e-15	0.431998168115771	0.303	0.216	5.83511242273416e-11
STRAP	0	2.94323401004514e-15	0.524328323788612	0.284	0.204	5.89294313491238e-11
PSMC1	0	3.33890378878555e-15	0.399048119507738	0.332	0.241	6.68515316590644e-11
WDR43	0	3.49435249366613e-15	0.535061161925816	0.25	0.172	6.99639256281832e-11
CGGBP1	0	3.95287687878006e-15	0.360097219427087	0.361	0.268	7.91445008669343e-11
REEP3	0	4.02694113467606e-15	0.505873278662772	0.268	0.187	8.0627415398484e-11
WNK1	0	4.4178982149462e-15	0.448739380907841	0.378	0.288	8.84551580596528e-11
PTBP1	0	4.64829560698881e-15	0.283154046630861	0.412	0.307	9.30681746431299e-11
ZMYM4	0	4.98974798451083e-15	0.416030255912968	0.282	0.198	9.99047341458758e-11
TBC1D5	0	5.16646044520622e-15	0.405609517192581	0.303	0.216	1.03442871033919e-10
PRPF6	0	5.52999669084684e-15	0.435793697158141	0.293	0.209	1.10721593744135e-10
NAA50	0	5.82718752028642e-15	0.43241957750708	0.27	0.187	1.16671948531175e-10
TRIM44	0	6.16628557054594e-15	0.285870914154138	0.392	0.293	1.23461369693471e-10
DNAJC15	0	8.12323244508537e-15	0.314863407751556	0.451	0.352	1.62643360015499e-10
RBBP4	0	8.19533776481413e-15	0.341394992901655	0.346	0.253	1.64087052727109e-10
DGCR6L	0	8.55834420809809e-15	0.537908294112373	0.252	0.175	1.7135516773454e-10
OGFR	0	8.74954853871164e-15	0.383664146799293	0.298	0.212	1.75183460842084e-10
PER1	0	9.27851442575716e-15	0.389899258272865	0.337	0.249	1.8577441583251e-10
ABCE1	0	9.28457796906539e-15	0.514777613341108	0.26	0.181	1.85895820096627e-10
MRPL19	0	9.71464890367152e-15	0.509832440159855	0.25	0.173	1.94506700349311e-10
PLXNB2	0	1.00745908659998e-14	0.363251138042334	0.319	0.23	2.01713458319049e-10
DMTF1	0	1.02431081210788e-14	0.373353636642563	0.273	0.189	2.0508751080024e-10
CDC27	0	1.06856271251716e-14	0.447317362733965	0.251	0.172	2.13947626300187e-10
REV1	0	1.14993356770927e-14	0.350921463485887	0.268	0.186	2.3023969892675e-10
DNAJC10	0	1.30510904639112e-14	0.42209877182936	0.274	0.193	2.61308933268429e-10
WBP11	0	1.3082433008755e-14	0.420883974264176	0.304	0.22	2.61936473701293e-10
TTC37	0	1.34153695109872e-14	0.44367543541531	0.31	0.226	2.68602528348986e-10
CEBPZ	0	1.78952848296389e-14	0.345823480074273	0.342	0.251	3.5829939285903e-10
PSMC6	0	1.79721152614623e-14	0.371908487273631	0.335	0.247	3.59837691764998e-10
PSMB4	0	1.83313897904663e-14	0.390010384526285	0.354	0.265	3.67031086384717e-10
SREK1	0	1.95752588336138e-14	0.343172812747998	0.366	0.275	3.91935832366615e-10
GDI1	0	2.33469493463682e-14	0.33824032134919	0.338	0.247	4.67452619812983e-10
CAPNS1	0	2.38213683316288e-14	0.269322654178445	0.408	0.307	4.76951436735871e-10
RAB7A	0	3.48283146428891e-14	0.28352791943847	0.431	0.332	6.97332515779925e-10
POGZ	0	3.69928958841693e-14	0.338175532836203	0.313	0.225	7.40671761392838e-10
POLR2E	0	4.32659384896814e-14	0.400757424322339	0.344	0.259	8.66270620440402e-10
PPM1G	0	4.43472429455536e-14	0.315093935694775	0.386	0.291	8.87920498255875e-10
COX14	0	4.52955211476744e-14	0.323588075577896	0.421	0.33	9.06906924418737e-10
THOC7	0	5.39458570793001e-14	0.396704179039439	0.338	0.252	1.08010395044175e-09
COMMD2	0	5.51459930269834e-14	0.399550725090055	0.283	0.201	1.10413307238626e-09
TMEM167A	0	5.76572103050236e-14	0.342759535286908	0.402	0.311	1.15441266472718e-09
ROCK2	0	5.8225426336817e-14	0.372503351837817	0.314	0.229	1.16578948611575e-09
SSBP2	0	5.96318558973266e-14	0.441963350177951	0.276	0.197	1.19394901877627e-09
IDS	0	6.54539564019372e-14	0.301729930385924	0.346	0.253	1.31051911507959e-09
TTC17	0	7.90034214442338e-14	0.367006740044811	0.303	0.217	1.58180650415645e-09
KMT2C	0	8.07938365885559e-14	0.271442414930768	0.41	0.312	1.61765419617607e-09
PAPOLA	0	8.82334209229059e-14	0.266597108069323	0.492	0.388	1.76660955371842e-09
PURB	0	8.89335517436322e-14	0.373423589773004	0.305	0.22	1.780627573011e-09
SCPEP1	0	9.78571772721732e-14	0.363773089353376	0.324	0.239	1.95929640334345e-09
UBE2V2	0	9.93957954154723e-14	0.43760366786132	0.292	0.212	1.99010261580859e-09
FAM162A	0	1.03237607256938e-13	0.401612385634871	0.309	0.227	2.0670233724984e-09
SLK	0	1.03866874534596e-13	0.315017259813655	0.287	0.203	2.07962256193169e-09
SREK1IP1	0	1.05746671078908e-13	0.372164483511199	0.334	0.249	2.1172598483419e-09
C1orf52	0	1.2369922956742e-13	0.424779515304948	0.255	0.179	2.47670597439889e-09
ZDHHC5	0	1.24082294926567e-13	0.42878261914956	0.251	0.175	2.48437570901973e-09
NARS	0	1.24150830664676e-13	0.354451039649879	0.345	0.258	2.48574793156814e-09
BRD4	0	1.42140333711105e-13	0.280893486890277	0.399	0.303	2.84593376156375e-09
SERINC1	0	1.4339288938006e-13	0.3350657009723	0.397	0.307	2.87101243116757e-09
SPSB3	0	1.6107653898049e-13	0.330265033512592	0.361	0.273	3.22507446346736e-09
C6orf48	0	1.80781209419405e-13	0.266095777720644	0.401	0.305	3.61960137499533e-09
FNTA	0	1.91907601878349e-13	0.4456777191882	0.274	0.197	3.8423740048083e-09
KRTCAP2	0	1.92740111416627e-13	0.282755085967966	0.459	0.36	3.8590425107837e-09
CCNL2	0	1.9558311724947e-13	0.285911561656901	0.419	0.322	3.91596517356889e-09
SMARCA5	0	2.1017439679909e-13	0.284398776229576	0.444	0.347	4.20811177271139e-09
MPC1	0	2.33131432095167e-13	0.446899481105222	0.273	0.197	4.66775753340944e-09
ANKRD26	0	2.47260810648926e-13	0.416809741050112	0.25	0.175	4.95065595081279e-09
CCT2	0	2.64391330859628e-13	0.327178118096233	0.36	0.273	5.29364322647148e-09
SMC1A	0	2.89022255973852e-13	0.336585535779063	0.281	0.2	5.78680360910846e-09
TPGS1	0	3.00499130394445e-13	0.440384721522703	0.273	0.197	6.01659358875758e-09
DAP	0	3.35284158148385e-13	0.419590250528644	0.294	0.215	6.71305941444697e-09
SRSF4	0	3.42249008468863e-13	0.275349604470013	0.379	0.288	6.85250964756357e-09
PURA	0	3.86585729538911e-13	0.330829942727238	0.337	0.251	7.74021947682808e-09
PTEN	0	3.96139632126652e-13	0.41271611484186	0.35	0.267	7.93150771443982e-09
PSMC4	0	4.84861884119508e-13	0.44684664814236	0.287	0.212	9.70790464384079e-09
CTCF	0	4.98623637349994e-13	0.333669129600592	0.282	0.202	9.98344246702158e-09
PSMA3	0	5.18270287329351e-13	0.33397278248887	0.345	0.26	1.03768076929083e-08
SRSF6	0	5.33790918389249e-13	0.331783051479652	0.294	0.212	1.06875617679895e-08
ATF6B	0	5.36200559769165e-13	0.337800288057961	0.265	0.187	1.07358076076982e-08
C14orf119	0	7.03753152808493e-13	0.409699501006997	0.284	0.207	1.40905456255317e-08
HADHA	0	7.26563850716584e-13	0.284038885993696	0.452	0.358	1.45472614190474e-08
DNAJB14	0	7.97260433877671e-13	0.393224980508523	0.295	0.217	1.59627484070987e-08
SMEK2	0	9.55672672051047e-13	0.35154944093021	0.261	0.185	1.91344782398061e-08
BIRC2	0	9.80635118509736e-13	0.312880134105392	0.318	0.235	1.96342763428019e-08
NUTF2	0	1.05302671003597e-12	0.391914257154287	0.308	0.23	2.10837007883401e-08
TSG101	0	1.07491873925222e-12	0.42807232166331	0.269	0.195	2.1522022997308e-08
MAP4K4	0	1.1582942161347e-12	0.251847331865259	0.338	0.251	2.31913667954489e-08
RNF115	0	1.17295905298347e-12	0.365238638106125	0.306	0.228	2.3484986158835e-08
KANSL1	0	1.26783188524656e-12	0.339310173115599	0.309	0.228	2.53845300064066e-08
CTDSP1	0	1.29405969913636e-12	0.450398510150722	0.263	0.19	2.59096632961082e-08
HEXDC	0	1.30642469217553e-12	0.390678564206003	0.252	0.178	2.61572351867385e-08
VDAC3	0	1.34144366296061e-12	0.270166695941424	0.346	0.26	2.68583850197973e-08
ESYT2	0	1.41843789820556e-12	0.439568820894066	0.261	0.187	2.83999635978717e-08
NDUFS7	0	1.59681991966819e-12	0.353463027667086	0.397	0.313	3.19715284315965e-08
AKAP8L	0	1.87152052117815e-12	0.316611124856464	0.284	0.206	3.74715838750289e-08
UQCRC2	0	1.92584577227173e-12	0.315431855087057	0.377	0.291	3.85592840524246e-08
SFSWAP	0	1.92602164833161e-12	0.337947211237288	0.282	0.205	3.85628054428955e-08
FAM173A	0	2.43370567619482e-12	0.470486076893523	0.266	0.195	4.87276550487727e-08
RSBN1	0	2.43720624928882e-12	0.302029157036139	0.26	0.186	4.87977435232607e-08
ARCN1	0	2.92896706072671e-12	0.461021302678318	0.276	0.205	5.86437784898702e-08
FRG1	0	2.99183406758601e-12	0.42544342895339	0.259	0.188	5.99025017012071e-08
STX10	0	2.99233765027726e-12	0.447834629893768	0.25	0.181	5.99125844338513e-08
MKLN1	0	3.19631424995523e-12	0.290479410583298	0.308	0.227	6.39966039126037e-08
HES4	0	3.57309448852105e-12	0.26661203711707	0.251	0.176	7.15404978491684e-08
TTC14	0	4.3116141836206e-12	0.251320319972316	0.319	0.236	8.63271391844517e-08
NOSIP	0	5.3177274991341e-12	0.383925744734896	0.276	0.202	1.06471539987663e-07
BRWD1	0	7.85290132317062e-12	0.316721161347914	0.296	0.218	1.57230790292522e-07
AK2	0	7.98875492988072e-12	0.344764603207707	0.289	0.213	1.59950851206072e-07
PUM1	0	8.8055757027055e-12	0.296920526331986	0.345	0.262	1.76305236719569e-07
RNF10	0	9.73214835099859e-12	0.405265057352342	0.264	0.194	1.94857074283694e-07
CLPP	0	1.01082056838622e-11	0.388980316242183	0.262	0.191	2.02386494202289e-07
TRPC4AP	0	1.18940704834433e-11	0.318104082722859	0.283	0.207	2.38143079219502e-07
CWC25	0	1.34215792981865e-11	0.33789368302548	0.28	0.206	2.6872686070829e-07
ANKLE2	0	1.41039899656259e-11	0.312100928486055	0.291	0.215	2.82390087091763e-07
SCARB2	0	1.43907963205054e-11	0.251689502158742	0.383	0.3	2.88132523929159e-07
C19orf60	0	1.46813470504533e-11	0.274990995969626	0.502	0.415	2.93949930644175e-07
SNX9	0	1.48379310392297e-11	0.251783381199636	0.337	0.254	2.97085055267457e-07
EEA1	0	1.59465049250171e-11	0.299781808928961	0.32	0.241	3.19280921608693e-07
ISCU	0	1.61273536782586e-11	0.253083289338563	0.424	0.335	3.22901875346094e-07
ERBB2IP	0	1.63905037126703e-11	0.356105415658577	0.318	0.242	3.28170665335084e-07
PAIP2	0	1.86590529292411e-11	0.256403628185509	0.484	0.391	3.73591557749265e-07
CDC5L	0	2.22093134696022e-11	0.309765897501584	0.341	0.262	4.44674874288375e-07
RALY	0	2.2655422950384e-11	0.30267185447004	0.334	0.254	4.53606878312589e-07
PTK2	0	2.7667552882217e-11	0.280528108886326	0.271	0.197	5.53959743807748e-07
ATG12	0	3.06882790749683e-11	0.313820198361549	0.297	0.221	6.14440723639015e-07
LHFPL2	0	3.16964031885485e-11	0.391644790962336	0.28	0.21	6.34625384641119e-07
COPS5	0	3.64057170835265e-11	0.354550051175891	0.304	0.231	7.28915267446368e-07
MRPL12	0	3.70997370426245e-11	0.329982370960479	0.26	0.19	7.42810935067427e-07
ILK	0	3.95092652598344e-11	0.326907091290659	0.328	0.252	7.91054509032404e-07
ARFGAP3	0	4.2083341342571e-11	0.339310173115599	0.303	0.23	8.42592660360957e-07
ENSA	0	4.59159778806682e-11	0.252058979344681	0.394	0.31	9.19329709126738e-07
ASAP1	0	5.18217553573271e-11	0.300245646386902	0.288	0.214	1.0375751857644e-06
PSMD7	0	5.65576696803555e-11	0.304871694240936	0.347	0.269	1.13239766234008e-06
ADI1	0	5.71302478979806e-11	0.398505965623499	0.261	0.193	1.14386182341337e-06
NUDCD2	0	5.80170775065464e-11	0.317880494968509	0.304	0.231	1.16161792583607e-06
PSMD13	0	6.04453672576423e-11	0.291866163183677	0.351	0.272	1.21023714323251e-06
GDI2	0	6.49702193382286e-11	0.26609064315737	0.443	0.36	1.30083373159001e-06
LTBR	0	6.63335197902986e-11	0.326561680373611	0.275	0.203	1.32812973324136e-06
EIF2A	0	6.9262810842795e-11	0.356636049275882	0.286	0.215	1.38677999869444e-06
HEBP1	0	7.91342599324735e-11	0.433697299124239	0.256	0.191	1.58442615236799e-06
SECISBP2	0	8.51697323199832e-11	0.262841769118076	0.293	0.219	1.7052683805107e-06
CDK13	0	9.88724317968178e-11	0.315346929764883	0.27	0.2	1.97962382943589e-06
MED13L	0	1.02532373508304e-10	0.38357658078974	0.266	0.198	2.05290318238326e-06
NDFIP1	0	1.07047455808458e-10	0.257976688045649	0.423	0.34	2.14330416019695e-06
MRPL54	0	1.34467480849277e-10	0.353970479821731	0.292	0.222	2.69230790156421e-06
ACADVL	0	1.41825419265346e-10	0.250472996172621	0.378	0.297	2.83962854453076e-06
BAG6	0	1.58379481802151e-10	0.333579500075533	0.268	0.198	3.17107398464268e-06
MCTS1	0	1.64308320727178e-10	0.375665588333415	0.292	0.223	3.28978119759956e-06
PSMD4	0	1.66443225623985e-10	0.314164524941421	0.349	0.274	3.33252626344342e-06
MDM2	0	1.749943402601e-10	0.353862928744284	0.274	0.205	3.50373668068771e-06
PRDX3	0	1.80511349613005e-10	0.392948136717672	0.266	0.2	3.61419824195159e-06
LINC00116	0	1.85006917627881e-10	0.383126405408088	0.264	0.198	3.70420850474543e-06
RBM26	0	1.9982606238284e-10	0.266990818125801	0.318	0.241	4.00091742102923e-06
CDC40	0	2.17635108529827e-10	0.313887576235692	0.302	0.23	4.35749014298419e-06
ANKRD36C	0	2.21784029076266e-10	0.278342155824172	0.341	0.261	4.440559830165e-06
MKKS	0	2.29556513702781e-10	0.375192521174042	0.267	0.2	4.59618051735708e-06
CYFIP1	0	2.37192769089572e-10	0.357048450355802	0.262	0.196	4.7490736227114e-06
GUSB	0	2.47930173722287e-10	0.322908566176109	0.301	0.229	4.96405793826763e-06
OS9	0	2.76611117818946e-10	0.259677000980581	0.42	0.341	5.53830780097093e-06
TIA1	0	2.81047797452092e-10	0.263197065553922	0.291	0.218	5.62713900058578e-06
ATP2A2	0	3.15946189377760e-10	0.377750148015189	0.277	0.209	6.3258746037215e-06
SETD5-AS1	0	3.26428021391678e-10	0.302726405192606	0.301	0.228	6.53574184430419e-06
RNASEH2C	0	3.29096070416511e-10	0.284550404437006	0.35	0.274	6.58916152187938e-06
UBR2	0	4.7378890076402e-10	0.280662070076903	0.253	0.185	9.4862013710972e-06
CCDC66	0	4.90456247416727e-10	0.373041030428149	0.252	0.188	9.81991498577771e-06
RB1CC1	0	4.90866044405884e-10	0.272255975803197	0.286	0.215	9.8281199410946e-06
CHMP2B	0	5.1094847623559e-10	0.404274902084835	0.271	0.207	1.0230210391189e-05
MDFIC	0	5.31889091147784e-10	0.329747950597346	0.302	0.232	1.06494833829609e-05
CRTAP	0	6.28899453735448e-10	0.253490804654595	0.384	0.306	1.25918248626911e-05
C10orf118	0	7.26845608150094e-10	0.302058777819027	0.259	0.193	1.45529027663812e-05
TIAL1	0	7.82186124721421e-10	0.283754571433893	0.333	0.26	1.56609305891723e-05
SMARCC2	0	8.00904028515914e-10	0.314038207281946	0.257	0.192	1.60357004589456e-05
RBM3	0	9.49679424925503e-10	0.278979638914277	0.426	0.351	1.90144814458584e-05
SNRPD3	0	9.57903671167278e-10	0.254567972874363	0.406	0.33	1.91791473041112e-05
ANKRD17	0	1.11372047524256e-09	0.259802726131541	0.283	0.214	2.22989113553066e-05
RIF1	0	1.15737013566911e-09	0.261547970108117	0.315	0.242	2.31728648563669e-05
STIM2	0	1.28549340159667e-09	0.288446090469757	0.298	0.229	2.57381488867685e-05
ZNF83	0	1.31928048743271e-09	0.2547069860045	0.26	0.193	2.64146339193778e-05
EIF2AK2	0	1.59125340441057e-09	0.270491671044813	0.313	0.242	3.18600756631084e-05
XRN1	0	2.16839809105081e-09	0.275884792973965	0.298	0.228	4.34156665790193e-05
C1orf35	0	2.2617626157443e-09	0.319431707556475	0.264	0.2	4.52850110924323e-05
STX6	0	2.41446708130539e-09	0.342409411774485	0.252	0.19	4.83424599018965e-05
SCP2	0	3.10410379226452e-09	0.275412689940605	0.343	0.272	6.21503661287202e-05
METTL5	0	3.18560064940355e-09	0.398203862169167	0.254	0.194	6.37820962023578e-05
SURF1	0	3.33794048870572e-09	0.359639702190688	0.287	0.224	6.68322444648659e-05
ERCC1	0	3.41450407743036e-09	0.302754440300076	0.313	0.246	6.83652006383108e-05
DARS	0	3.71530553398471e-09	0.373502382412161	0.259	0.198	7.43878474014418e-05
ELF2	0	4.0578169164515e-09	0.28282969071484	0.294	0.227	8.1245610301192e-05
NOP56	0	4.62043523037648e-09	0.276679184845195	0.305	0.238	9.25103541825979e-05
SMAP1	0	6.35095954433993e-09	0.292377561084751	0.276	0.212	0.000127158911996774
AGTRAP	0	7.00198320521779e-09	0.35016338419973	0.254	0.194	0.000140193707734871
NAA10	0	7.78756494221513e-09	0.284010437349503	0.318	0.252	0.000155922625273031
JDP2	0	8.2846797295807e-09	0.336478582332436	0.254	0.193	0.000165875857545665
TTYH3	0	1.00168202800987e-08	0.300230853873665	0.281	0.218	0.000200556775648136
CAPRIN1	0	1.81330034258516e-08	0.279500777880295	0.294	0.232	0.0003630589945924
CCDC59	0	1.97669331544172e-08	0.280998439934524	0.293	0.23	0.000395773535617741
REXO2	0	2.16973246614307e-08	0.276071298306255	0.251	0.192	0.000434423834371166
FBXW5	0	2.25037532939811e-08	0.302279442170632	0.271	0.21	0.000450570148452089
FAM96A	0	4.27572997575888e-08	0.277061732428878	0.305	0.243	0.000856086655746444
C9orf78	0	4.99749430211188e-08	0.300374510568656	0.266	0.207	0.00100059830916884
IST1	0	5.00783404660397e-08	0.296854763752989	0.271	0.212	0.00100266853281105
TDG	0	6.01353103849949e-08	0.275732863168975	0.276	0.216	0.00120402918452837
CHD3	0	7.14559219013659e-08	0.258364077650785	0.256	0.197	0.00143069046830915
CCDC14	0	7.26632540373957e-08	0.260915101714639	0.25	0.193	0.00145486367233674
DHX15	0	9.17186999302914e-08	0.265679940805133	0.26	0.202	0.00183639181000429
TEX264	0	2.57693078897583e-07	0.331422263685286	0.251	0.199	0.0051595308256874
HUWE1	0	3.07942671367298e-07	0.258086377841626	0.268	0.212	0.00616562816611604
FAM204A	0	3.17167862464448e-07	0.289093944950773	0.313	0.256	0.00635033494226319
BNIP2	0	3.91349896198945e-07	0.279500777880295	0.299	0.242	0.00783560762169528
BEX4	0	4.36089272127112e-07	0.262726045168729	0.328	0.272	0.00873137940652904
PSMD11	0	5.13940200288996e-07	0.293186123601837	0.27	0.216	0.0102901106901863
REV3L	0	5.29742318718097e-07	0.253851219257183	0.29	0.233	0.0106065007053737
MT-CO3	1	0	0.844139624602296	0.999	1	0
MT-CO2	1	0	0.79430606423433	1	1	0
MT-ATP6	1	0	0.885285334281263	1	1	0
MT-ND3	1	0	0.857781012782175	1	1	0
MT-ND4	1	0	0.797456323419293	1	1	0
MT-CYB	1	0	0.879354596685994	1	1	0
MT-ND2	1	1.29011114963967e-208	0.658791291771255	0.999	0.998	2.58306054380855e-204
MT-ND4L	1	1.31724204006384e-205	0.697735640923582	1	0.994	2.63738201261583e-201
MT-CO1	1	2.78907003349243e-199	0.538124493594617	1	1	5.58427602105854e-195
MT-ND1	1	3.63283767649152e-191	0.62045591868949	1	0.999	7.27366759587132e-187
MT-ND5	1	1.06359195109921e-185	0.747475077959908	1	0.991	2.12952380449083e-181
MEG3	1	3.45322235090695e-142	1.10480063145725	0.964	0.727	6.91404179098589e-138
IGF2	1	1.37963204213952e-141	0.905883898844051	0.996	0.806	2.76229927477175e-137
LAMB1	1	2.83116250392112e-123	0.830804117842223	0.968	0.721	5.66855356535087e-119
7SK.2	1	5.91286615372678e-117	0.82598528538694	0.99	0.916	1.18387406129918e-112
COL6A1	1	1.10242868626313e-111	0.673367175146986	0.996	0.761	2.20728271563603e-107
COL6A2	1	9.58552606257577e-108	0.640412003352771	0.999	0.807	1.91921402824892e-103
COL6A3	1	3.74194822791398e-102	0.747520129709403	0.915	0.628	7.49212874192938e-98
ISLR	1	1.60565043269187e-100	0.700775808487855	0.973	0.701	3.21483329633566e-96
COL1A1	1	4.95669957372719e-84	0.557725734137465	1	0.837	9.92430388651658e-80
MT-ATP8	1	5.70585807600594e-84	0.678861781856623	0.925	0.82	1.14242690397791e-79
SON	1	8.62809633876782e-80	0.580923219493634	0.985	0.926	1.72751744894809e-75
KCNQ1OT1	1	1.56112628830119e-73	1.04372579153631	0.677	0.455	3.12568705443664e-69
LUC7L3	1	1.83825778595928e-69	0.656826946446658	0.906	0.771	3.68055973904767e-65
COL3A1	1	3.14382007703698e-66	0.45068631450616	0.998	0.793	6.29455655824343e-62
LRP1	1	4.17533922014028e-66	0.617455638280406	0.891	0.71	8.35986418656486e-62
BOC	1	7.20757091327007e-65	0.794198720453987	0.68	0.462	1.44309984825493e-60
TSHZ2	1	1.84869951800431e-64	0.732276429103032	0.851	0.63	3.70146617494822e-60
FSTL1	1	4.12180548855696e-63	0.648183817848332	0.833	0.616	8.25267894918874e-59
COL1A2	1	1.41664689340014e-62	0.437583512419022	1	0.828	2.83641040996576e-58
APOD	1	7.06654769337734e-62	0.970072487815091	0.862	0.636	1.41486417916801e-57
C1S	1	2.65381645448658e-61	0.728190857463508	0.717	0.497	5.31347130517303e-57
TTC3	1	6.48039209385569e-60	0.530145430342086	0.951	0.763	1.29750410503179e-55
LUM	1	1.76638096804539e-58	0.343883791709541	0.935	0.653	3.53664797422048e-54
ABCA10	1	1.14327359722256e-55	1.11586824467288	0.477	0.281	2.28906239635901e-51
DDX17	1	8.42040939484661e-55	0.627262446188229	0.922	0.841	1.68593436903619e-50
COL5A2	1	2.13424852825762e-54	0.46182373636298	0.946	0.682	4.2731924032774e-50
ABCA9	1	3.52706229626756e-54	1.16118002914312	0.407	0.222	7.06188412958692e-50
COL5A1	1	7.59253365280414e-54	0.616788941323923	0.749	0.538	1.52017708796445e-49
CALD1	1	4.76465422789203e-53	0.461987681138227	0.981	0.789	9.53979069508543e-49
MTRNR2L12	1	8.00847203603177e-53	0.298045517174459	0.999	0.997	1.60345627105428e-48
ABCA6	1	1.76355531905179e-51	1.13684973156055	0.437	0.258	3.5309904598055e-47
LAMA2	1	9.3510192350626e-51	0.668543778450984	0.661	0.456	1.87226107124423e-46
CAPN6	1	2.69273942768405e-49	0.855888913601954	0.538	0.347	5.39140288210901e-45
NFIX	1	2.71390429234145e-49	0.773875780971266	0.656	0.487	5.43377917412606e-45
OGN	1	1.36991275535562e-47	0.323327056345966	0.984	0.72	2.74283931877303e-43
PI16	1	1.82994766774752e-47	1.27189592007338	0.361	0.195	3.66392122036409e-43
UACA	1	2.37247891452203e-47	0.630614476015987	0.747	0.57	4.750177282656e-43
FKBP10	1	7.43663331361824e-46	0.548968530567984	0.811	0.623	1.48896272205264e-41
DDR2	1	6.96576946692236e-45	0.912036077160814	0.526	0.364	1.3946863626672e-40
CCND2	1	1.31992322898953e-44	0.56448178963834	0.816	0.648	2.64275028908283e-40
PNISR	1	1.10930188375685e-43	0.53136704093152	0.883	0.784	2.22104423165796e-39
FGFR1	1	1.16825086595881e-41	0.556919494203868	0.843	0.655	2.33907188382272e-37
DCN	1	3.47874631233068e-41	0.297463460164844	0.986	0.735	6.96514586654848e-37
IGFBP5	1	6.75318025834636e-41	0.467951587710261	0.696	0.499	1.35212175132611e-36
BGN	1	2.52501392724635e-40	0.54137967657014	0.716	0.533	5.05558288513264e-36
CYGB	1	7.61508021190868e-40	0.681191858514027	0.601	0.432	1.52469136002836e-35
RPL13A	1	1.1351334655832e-39	0.422891976922457	0.984	0.959	2.27276422479068e-35
FBN1	1	7.31484831582676e-39	0.573079161168235	0.667	0.489	1.46457892979483e-34
MMP2	1	1.01786387261807e-38	0.493299207305214	0.792	0.609	2.0379670457559e-34
GSN	1	1.22893917357203e-37	0.471673210490949	0.878	0.768	2.46058201332593e-33
PCOLCE	1	4.5875492021249e-37	0.304707593834334	0.979	0.728	9.18519101249448e-33
NFIB	1	1.53117491556449e-35	0.566841530028711	0.745	0.578	3.06571841594322e-31
MRC2	1	1.85919740294183e-35	0.64066800674588	0.61	0.455	3.72248504017014e-31
GTF2I	1	4.91540052295436e-35	0.490353616203858	0.805	0.684	9.84161492705922e-31
FUS	1	6.51965645882587e-35	0.453223647735813	0.893	0.8	1.30536561618612e-30
SRRM2	1	1.95328430462271e-34	0.432659292399671	0.946	0.892	3.91086583471558e-30
AKAP9	1	2.4800439227983e-34	0.575487037063763	0.764	0.657	4.96554394222675e-30
TCF4	1	7.58768962891335e-34	0.491930575536765	0.799	0.668	1.51920721750103e-29
SPARC	1	7.72550428865536e-34	0.306140777545679	0.995	0.795	1.54680046867458e-29
ABCA8	1	1.60861869455091e-33	0.962189849704886	0.372	0.231	3.22077635022983e-29
ZFHX4	1	5.50178354894781e-33	0.639577847353631	0.605	0.45	1.10156710217033e-28
PDGFRB	1	2.48230276414693e-32	0.71396404695127	0.516	0.362	4.97006659437499e-28
GPC3	1	6.29898980138624e-31	0.424601707084289	0.741	0.547	1.26118373803355e-26
KCTD12	1	3.07664478901362e-30	0.570439217781761	0.758	0.634	6.16005819656307e-26
EMILIN1	1	5.07316379463611e-30	0.412400460021644	0.757	0.588	1.01574885496204e-25
IGFBP4	1	6.39075736977228e-30	0.321880286326362	0.845	0.654	1.27955744057581e-25
RRBP1	1	1.0756326977476e-29	0.460724916415854	0.814	0.691	2.15363178743024e-25
EGFR	1	5.99156346594081e-29	0.760310733184154	0.469	0.334	1.19963083715067e-24
COL16A1	1	8.66705611335009e-29	0.778174414721191	0.476	0.351	1.73531797501495e-24
CHD9	1	1.27535559300357e-28	0.485581470052498	0.798	0.682	2.55351696831175e-24
C1R	1	1.35538508902041e-28	0.721475244996996	0.466	0.335	2.71375202523667e-24
CFH	1	1.49021140845019e-28	0.361755701799463	0.796	0.613	2.98370128199897e-24
NFATC4	1	8.23046545544245e-28	1.00444354407741	0.321	0.198	1.64790379348869e-23
FMO1	1	1.91579534827088e-27	0.713818544594396	0.402	0.268	3.83580544630796e-23
RP11-161M6.2	1	7.77747427371794e-27	1.00575386020425	0.299	0.181	1.55720589908381e-22
FZD2	1	2.8690606681787e-26	1.08561990149822	0.282	0.172	5.7444332698274e-22
COL21A1	1	3.27228494109016e-26	0.773529593862879	0.39	0.259	6.55176890905072e-22
BPTF	1	1.03485608204872e-25	0.530924524763916	0.705	0.597	2.07198884747796e-21
CPE	1	4.04670222124144e-25	0.291399669613157	0.788	0.603	8.1023071873696e-21
COL4A1	1	8.11567896659763e-25	0.253974720233928	0.75	0.592	1.62492124269218e-20
OLFML2B	1	1.51322751867159e-23	0.576407167044753	0.595	0.471	3.02978413788426e-19
MEST	1	3.11515684494595e-23	0.374845243383089	0.688	0.53	6.23716703495079e-19
EMILIN3	1	2.26320770394916e-22	0.745010974863351	0.322	0.207	4.53139446484701e-18
N4BP2L2	1	5.25460674438658e-22	0.389914369596653	0.818	0.755	1.05207736236108e-17
PRRC2C	1	7.88759237915321e-21	0.366539830660327	0.846	0.787	1.57925374615406e-16
PRRT2	1	1.66279211900842e-20	0.886429173586532	0.27	0.169	3.32924238067865e-16
AL132709.5	1	2.08170888049191e-20	1.03994922415168	0.279	0.183	4.16799752052091e-16
EEF2	1	2.3299109213517e-20	0.306059049818973	0.922	0.854	4.66494764673038e-16
LINC00657	1	5.46962587226796e-20	0.342968312657977	0.765	0.653	1.09512849214549e-15
COLEC12	1	5.52778477893153e-20	0.524951566945161	0.548	0.437	1.10677306843767e-15
RP11-14N7.2	1	2.06017737171255e-19	0.496926450606702	0.588	0.478	4.12488713364286e-15
LTBP4	1	3.85452073186097e-19	0.598089549393733	0.449	0.345	7.71752140933204e-15
SPRY1	1	5.28257958116441e-19	0.33045098681192	0.676	0.532	1.05767808374074e-14
NFIA	1	1.4232759079627e-18	0.498646718906788	0.582	0.483	2.84968302292291e-14
PLEKHA4	1	1.92926413681541e-18	0.760558543901094	0.348	0.249	3.86277265473181e-14
MATN2	1	2.35701228192207e-18	0.872305959504002	0.335	0.24	4.71920999086437e-14
PDGFRA	1	8.65111057951798e-18	0.752636713917374	0.307	0.209	1.73212536023109e-13
PLAGL1	1	9.18605404877967e-18	0.757202112853518	0.407	0.314	1.83923174164667e-13
PKDCC	1	2.41038272832513e-17	0.817756737487171	0.31	0.216	4.82606829865258e-13
EBF2	1	2.82641467956269e-17	0.839575417028034	0.26	0.17	5.65904747142042e-13
CXCL12	1	3.50354646563854e-17	0.461942856188327	0.432	0.327	7.01480073350149e-13
TRIO	1	4.56142587254335e-17	0.820495393954836	0.359	0.271	9.1328868820063e-13
FMOD	1	9.74552215974225e-17	0.306763968901398	0.617	0.491	1.95124844682359e-12
MUM1	1	1.00414579045471e-16	0.676984894709851	0.438	0.353	2.01050070164843e-12
CMYA5	1	1.55627344886424e-16	0.697199494947163	0.401	0.309	3.11597069931598e-12
MMP14	1	2.02292875556017e-16	0.572787786775054	0.474	0.384	4.05030795438257e-12
FAT1	1	2.32776905245274e-16	0.335241842892995	0.633	0.502	4.66065919682088e-12
LRRC17	1	4.57251259223484e-16	0.721423461388159	0.311	0.219	9.1550847121726e-12
ARGLU1	1	5.09585783188079e-16	0.334094931187029	0.817	0.755	1.02029265509917e-11
CPXM1	1	5.47437474071991e-16	0.457675297574493	0.533	0.434	1.09607931058694e-11
ZRANB2	1	9.20096891942184e-16	0.464959764375289	0.628	0.556	1.84221799704664e-11
MYO9A	1	1.50929951079646e-15	0.64658620079453	0.439	0.359	3.02191948051668e-11
RBFOX2	1	2.20162965515408e-15	0.584601281931092	0.438	0.348	4.4081028955495e-11
COL12A1	1	2.23882642063058e-15	0.36331586480721	0.545	0.427	4.48257825938656e-11
TIMP2	1	3.24564228201636e-15	0.287843448973892	0.853	0.766	6.49842497705316e-11
SCN7A	1	3.36735554782961e-15	0.618685928395234	0.295	0.206	6.74211927786444e-11
PTRF	1	6.63479142467045e-15	0.294015439864494	0.65	0.539	1.32841793904752e-10
TCF25	1	7.05512234827396e-15	0.385003910243716	0.73	0.678	1.41257659657141e-10
HIST1H2AC	1	1.22473208308263e-14	0.458881180917534	0.555	0.466	2.45215857674803e-10
PNN	1	1.77956510306851e-14	0.404795433331762	0.658	0.599	3.56304524936378e-10
EPB41L2	1	2.0522956495848e-14	0.389900506811624	0.631	0.545	4.10910634959868e-10
SNRNP70	1	2.39182063409302e-14	0.473704275714015	0.633	0.57	4.78890327358104e-10
PLAC9	1	2.66624945653839e-14	0.710590052010693	0.273	0.189	5.33836466188116e-10
RUNX1T1	1	2.71947696493706e-14	0.657695793689776	0.315	0.229	5.44493677919698e-10
SLIT3	1	3.67196023440047e-14	0.588542934909822	0.405	0.32	7.35199878131663e-10
SPRY2	1	3.8504840817672e-14	0.548811460695508	0.432	0.347	7.7094392285143e-10
TGFBI	1	4.32212356674454e-14	0.427417412111195	0.608	0.531	8.65375580533592e-10
ELN	1	5.6670357102809e-14	0.466701719860115	0.447	0.356	1.13465388991244e-09
NR2F2	1	5.96887787721479e-14	0.537851892140651	0.418	0.329	1.19508872857595e-09
LIFR	1	7.44590729740505e-14	0.595480408906517	0.377	0.288	1.49081955908644e-09
CCDC80	1	7.66161796356806e-14	0.333616051018526	0.549	0.446	1.5340091486656e-09
PLEKHH2	1	9.21263241316907e-14	0.718116839528074	0.334	0.252	1.84455326176471e-09
CDH11	1	1.01160411042563e-13	0.381083952293723	0.491	0.393	2.0254337498942e-09
CYTH3	1	1.0494440341066e-13	0.613469031340856	0.317	0.231	2.10119684508824e-09
AEBP1	1	1.18456610149642e-13	0.30872455691237	0.582	0.472	2.37173824841613e-09
PRRX1	1	1.50249621563646e-13	0.292009781624666	0.569	0.456	3.00829792294731e-09
BMP1	1	3.1584426707255e-13	0.609850979395165	0.386	0.308	6.3238339153266e-09
NKTR	1	3.31935557948997e-13	0.400671855888469	0.641	0.573	6.64601374125482e-09
ANKRD50	1	9.68377340406221e-13	0.580837674900326	0.37	0.288	1.93888511096133e-08
AKAP12	1	1.76894816154219e-12	0.373429080243366	0.478	0.392	3.54178800903978e-08
MAML2	1	1.82201752154384e-12	0.481144303995105	0.544	0.478	3.64804348163508e-08
TENC1	1	4.65216866713977e-12	0.64117074260797	0.341	0.268	9.31457210534726e-08
MLLT6	1	5.4070226533689e-12	0.700128825985835	0.326	0.254	1.08259407565752e-07
ZC3H11A	1	5.555930176095e-12	0.494313690772818	0.511	0.458	1.11240833985774e-07
THSD4	1	7.1623235942383e-12	0.618170281148109	0.275	0.198	1.43404043003839e-07
SOX4	1	7.2247357385439e-12	0.30393229572866	0.645	0.551	1.44653658957126e-07
ZKSCAN1	1	9.23450662054642e-12	0.55381125441851	0.433	0.361	1.8489329155658e-07
PALLD	1	1.33292523828887e-11	0.411410402745326	0.51	0.43	2.66878291210198e-07
NRK	1	4.89508066547076e-11	0.621653662930802	0.319	0.245	9.80093050840555e-07
SMAD3	1	7.71869729717937e-11	0.573111155643113	0.427	0.364	1.54543757284125e-06
SLC25A36	1	8.14817894915524e-11	0.486487683449376	0.451	0.388	1.63142838919986e-06
ZCCHC11	1	1.09271247270476e-10	0.43004889099377	0.563	0.503	2.18782891284947e-06
SEPT6	1	1.17189422814327e-10	0.305143464571004	0.629	0.551	2.34636662358846e-06
DLC1	1	1.58686701226583e-10	0.47708953428721	0.456	0.386	3.17722513195864e-06
VCAN	1	2.36418076163679e-10	0.387563375118752	0.516	0.425	4.73356272094918e-06
SEMA6D	1	3.94795516799451e-10	0.672742938190756	0.286	0.22	7.90459583735862e-06
SEPT11	1	3.95740783948803e-10	0.269800524938701	0.61	0.526	7.92352197622294e-06
EDNRA	1	4.49661265350142e-10	0.407740209490208	0.349	0.27	9.00311785484055e-06
PBX1	1	4.54768615171178e-10	0.537898353583298	0.341	0.27	9.10537721295733e-06
MDM4	1	6.94231870777228e-10	0.589757279137708	0.401	0.346	1.38999105167016e-05
RBMS3	1	8.16677187689272e-10	0.597710323194538	0.293	0.229	1.63515106519146e-05
FAM20C	1	1.21152003917467e-09	0.425637114023993	0.418	0.347	2.42570542243552e-05
AKAP13	1	1.2334946929376e-09	0.262907754153966	0.782	0.734	2.46970307419966e-05
SPRY4	1	1.31201528415384e-09	0.550034808780331	0.304	0.236	2.62691700193281e-05
PLCE1	1	1.31830343136618e-09	0.589429885677727	0.293	0.226	2.63950713028137e-05
PTPRG	1	1.75886192006728e-09	0.57928200514105	0.287	0.222	3.52159333635871e-05
LAMC1	1	2.09483665563528e-09	0.347992155137137	0.431	0.357	4.19428195191297e-05
ITPRIPL2	1	2.24407918941007e-09	0.521749620300172	0.37	0.305	4.49309535303685e-05
PXDN	1	2.41375388247015e-09	0.441316314111349	0.396	0.33	4.83281802348174e-05
PKD1	1	3.44418247459339e-09	0.68200915913515	0.274	0.213	6.89594215063088e-05
LENG8	1	3.71220949039867e-09	0.63000069098721	0.361	0.305	7.43258584167621e-05
SMARCD3	1	4.32991673311623e-09	0.615771895603317	0.268	0.206	8.66935928304532e-05
SMAD5	1	5.95131490186205e-09	0.431464090736521	0.459	0.397	0.000119157226965082
SPAG9	1	5.96078242378303e-09	0.401973614616519	0.566	0.53	0.000119346785688984
NRP2	1	6.10244221970875e-09	0.389852571652023	0.495	0.435	0.000122183098123009
CA11	1	7.35164052040114e-09	0.601502653077753	0.265	0.203	0.000147194546499472
OLFM2	1	8.25231664141787e-09	0.447221241938816	0.376	0.312	0.000165227883794469
NDRG2	1	8.54965442778029e-09	0.541502565838659	0.279	0.217	0.000171181180953017
OGT	1	1.02756725579202e-08	0.629776734219331	0.311	0.254	0.000205739515954679
LTBP3	1	1.19193241615495e-08	0.498499460119861	0.388	0.327	0.000238648708362545
ZNF638	1	1.2817635378751e-08	0.462384115100221	0.517	0.475	0.000256634695553353
SEPT2	1	1.64311684676511e-08	0.287461968103943	0.705	0.66	0.000328984855059311
PEAK1	1	2.08088643444189e-08	0.501662607550559	0.387	0.332	0.000416635081903956
C1orf21	1	2.50416173267698e-08	0.434600940058022	0.433	0.375	0.000501383262116585
CXCL14	1	2.98217290536527e-08	0.399970402393644	0.259	0.194	0.000597090659112233
PPAP2B	1	3.21024097993222e-08	0.38372702469668	0.354	0.287	0.000642754449002029
ARHGAP10	1	3.81568296497912e-08	0.52038903373035	0.309	0.25	0.000763976043248119
CDK5RAP3	1	3.81624583293262e-08	0.50622621869739	0.427	0.384	0.000764088740669768
MEOX2	1	4.74562316998835e-08	0.275944111059585	0.471	0.396	0.000950168671095066
GOLGB1	1	4.93659691484597e-08	0.401781480911391	0.554	0.514	0.000988405434290461
RIC3	1	5.81205452041407e-08	0.578211458730076	0.266	0.209	0.00116368955607731
SEC31A	1	6.71787792098008e-08	0.362729474911364	0.489	0.441	0.00134505351733863
FAM115A	1	6.75761474829073e-08	0.483762964029157	0.314	0.253	0.00135300962490277
MXRA5	1	7.35288280840576e-08	0.346674757223048	0.343	0.275	0.001472194195899
BMP5	1	7.72093876034705e-08	0.40484569698786	0.384	0.32	0.00154588635859669
SUN1	1	1.47910660840808e-07	0.486390750307167	0.356	0.302	0.00296146725135467
ZNF280D	1	2.22643284479151e-07	0.452753441872167	0.433	0.387	0.00445776384184157
MSL1	1	2.42610195095054e-07	0.532040124018071	0.365	0.318	0.00485754132619317
TTTY15	1	2.45947603392404e-07	0.487922573400973	0.334	0.278	0.0049243629151227
IGF1	1	2.73392257546248e-07	0.516751709574752	0.279	0.223	0.00547385978059098
C8orf4	1	2.9209150072104e-07	0.487404484556104	0.271	0.213	0.00584825602743667
CCNL2	1	3.0175596716337e-07	0.453505883356602	0.401	0.354	0.006041757974545
MSI2	1	3.27866829847254e-07	0.613258405829277	0.265	0.213	0.00656454966720172
NOTCH2	1	3.29032084733895e-07	0.464957926719272	0.343	0.29	0.00658788040054204
TNRC6A	1	4.12795907404061e-07	0.601963255896017	0.341	0.296	0.00826499965804411
STAT3	1	4.66662155792713e-07	0.316009766151992	0.635	0.602	0.00934350968328171
LINC00969	1	5.02076549171107e-07	0.642476568263157	0.303	0.255	0.0100525766675039
KMT2E	1	6.60047763400301e-07	0.290984387679094	0.662	0.635	0.0132154763188008
PABPN1	1	7.72705537190527e-07	0.451913389688022	0.436	0.4	0.0154711102656287
THRA	1	9.07624873244715e-07	0.404735612250728	0.387	0.331	0.0181724652121057
ZEB1	1	9.22900039395725e-07	0.471147967790208	0.388	0.34	0.0184783045887812
STIM2	1	1.02070720956638e-06	0.559847252594199	0.297	0.248	0.020436599749938
NID1	1	1.06534376549088e-06	0.422092256812794	0.398	0.347	0.0213303128726584
TCF7L2	1	1.09860823007641e-06	0.553145423307696	0.275	0.224	0.0219963339825899
SRSF1	1	1.11565444069273e-06	0.406522853280108	0.428	0.383	0.0223376332115498
TRIB2	1	1.25179279417179e-06	0.500024435276846	0.304	0.253	0.0250633953249076
HIC1	1	1.45057428541233e-06	0.465478312590853	0.306	0.256	0.0290433983425257
OBSL1	1	2.07899755321463e-06	0.526749198509791	0.282	0.232	0.0416256890104633
SH3PXD2A	1	2.20370351995814e-06	0.497443895597788	0.262	0.211	0.0441225518766019
AIF1	2	0	6.94586555863614	0.927	0.031	0
HLA-DQB1	2	0	6.39495007111596	0.97	0.085	0
HLA-DQA1	2	0	6.59627898041703	0.951	0.069	0
MS4A6A	2	0	6.72003999155789	0.905	0.027	0
TYROBP	2	0	5.85610790118507	0.967	0.094	0
HLA-DMA	2	0	6.03475995212304	0.914	0.052	0
FCER1G	2	0	5.77917730617512	0.894	0.04	0
CTSS	2	0	5.35845266951709	0.905	0.072	0
LAPTM5	2	0	4.71276251523279	0.894	0.069	0
FCGR2A	2	0	5.6713769633852	0.874	0.051	0
HCST	2	0	4.675750090699	0.886	0.068	0
SRGN	2	0	4.69383190704368	0.946	0.129	0
MS4A7	2	0	7.52613503631655	0.83	0.014	0
CD68	2	0	6.38266078360471	0.833	0.024	0
ITGB2	2	0	4.69775863451981	0.845	0.051	0
LYZ	2	0	6.39043410370537	0.83	0.041	0
C1QA	2	0	7.81291705170353	0.823	0.051	0
CD14	2	0	6.98056984135296	0.786	0.02	0
HLA-DMB	2	0	5.58071494538619	0.793	0.029	0
CFD	2	0	5.93445069037608	0.813	0.049	0
C1orf162	2	0	5.8363007680933	0.784	0.026	0
CSF1R	2	0	7.02349978251837	0.76	0.01	0
VAMP8	2	0	4.28863906518728	0.804	0.056	0
IER3	2	0	5.56414430759994	0.861	0.113	0
C1QC	2	0	8.06850411081922	0.766	0.024	0
TYMP	2	0	4.56469752617953	0.809	0.071	0
HLA-DPA1	2	0	6.33483064482383	0.988	0.253	0
FGL2	2	0	5.22357338792399	0.764	0.031	0
CD163	2	0	7.0767073781696	0.741	0.011	0
C1QB	2	0	7.84365051110411	0.756	0.027	0
SPI1	2	0	5.48455744602113	0.742	0.023	0
MSR1	2	0	7.27263771886884	0.719	0.008	0
HLA-DPB1	2	0	5.86271613599032	0.985	0.277	0
HCLS1	2	0	4.60105269355523	0.737	0.036	0
HLA-DRA	2	0	6.14046755303098	1	0.308	0
RNASE6	2	0	6.01707351335894	0.705	0.015	0
RGS1	2	0	4.61112643932414	0.736	0.048	0
MS4A4A	2	0	7.59741918362777	0.696	0.009	0
LST1	2	0	5.56492885042693	0.711	0.028	0
CTSC	2	0	3.67973188444146	0.79	0.108	0
CD37	2	0	3.7104159507312	0.735	0.056	0
CD74	2	0	5.60335848053434	1	0.325	0
F13A1	2	0	7.38887229414494	0.682	0.01	0
PTPRC	2	0	2.47080636834812	0.742	0.071	0
RGS10	2	0	3.70270276964966	0.794	0.125	0
RNASET2	2	0	3.37136738737007	0.812	0.144	0
GPR183	2	0	4.35065204410384	0.703	0.037	0
C10orf54	2	0	4.16337335993837	0.73	0.066	0
ARHGDIB	2	0	3.01403945326931	0.777	0.116	0
HLA-DRB1	2	0	6.27751003036892	1	0.341	0
CSF2RA	2	0	5.37142308593868	0.671	0.017	0
FCGR2B	2	0	6.68847771594349	0.662	0.011	0
MNDA	2	0	6.25171766153905	0.653	0.01	0
RGS2	2	0	3.80207341540181	0.795	0.157	0
IL18	2	0	6.42650639867132	0.647	0.009	0
IFI30	2	0	5.67300253543424	0.648	0.019	0
FCGR3A	2	0	6.69744042471951	0.634	0.01	0
DUSP1	2	0	3.55197266738743	0.896	0.273	0
CYBB	2	0	6.27779001451165	0.634	0.011	0
CD53	2	0	3.83335127729347	0.666	0.044	0
SMAP2	2	0	3.10533528728886	0.752	0.134	0
C5AR1	2	0	6.89539495677069	0.622	0.013	0
TNFSF13B	2	0	5.27990758903607	0.631	0.023	0
MAFB	2	0	4.25086213364929	0.74	0.135	0
FAM26F	2	0	4.15542687444296	0.672	0.068	0
ARRB2	2	0	3.93279128176438	0.663	0.063	0
PILRA	2	0	6.46069893172138	0.61	0.01	0
CARD16	2	0	3.97590140214597	0.646	0.052	0
ZFP36	2	0	3.17081596068291	0.759	0.166	0
LY86	2	0	7.24141872727551	0.594	0.005	0
CTSZ	2	0	3.1228565615262	0.785	0.197	0
CD86	2	0	7.43732442334757	0.588	0.005	0
PLAUR	2	0	5.54191502164253	0.62	0.037	0
CPVL	2	0	3.30984392331973	0.76	0.178	0
RNF130	2	0	3.00384368616342	0.737	0.157	0
GMFG	2	0	2.62695274229797	0.668	0.094	0
CXCR4	2	0	2.6841271107307	0.675	0.105	0
FOLR2	2	0	7.79725873530437	0.58	0.011	0
CHCHD10	2	0	3.09030257920867	0.681	0.115	0
NAMPT	2	0	3.64214157172948	0.719	0.155	0
FXYD5	2	0	2.54339258680206	0.729	0.165	0
PPP1R15A	2	0	3.20355113770197	0.774	0.211	0
CLEC7A	2	0	6.42789003759771	0.568	0.007	0
CYBA	2	0	2.96980195571866	0.967	0.412	0
HMOX1	2	0	5.80517402286858	0.587	0.033	0
STAB1	2	0	4.50531600618793	0.602	0.049	0
SOD2	2	0	4.3178330168018	0.74	0.189	0
ASAH1	2	0	3.3179752182668	0.686	0.136	0
LY96	2	0	4.21197883088122	0.599	0.05	0
C3AR1	2	0	6.67424570228487	0.555	0.007	0
RASSF4	2	0	5.13767080243769	0.564	0.017	0
THEMIS2	2	0	5.31889403479773	0.56	0.014	0
BST2	2	0	2.03673094088751	0.718	0.175	0
FOSB	2	0	2.94821165521414	0.705	0.163	0
TBXAS1	2	0	5.79480737282619	0.552	0.011	0
OGFRL1	2	0	3.55914445671622	0.617	0.078	0
REL	2	0	2.71406326894864	0.697	0.161	0
SAMHD1	2	0	3.17492965176982	0.625	0.09	0
IGSF6	2	0	6.90448220739319	0.539	0.005	0
PLEKHO1	2	0	2.81889350126511	0.681	0.149	0
PYCARD	2	0	2.87198516061615	0.679	0.147	0
NABP1	2	0	3.44725110200788	0.593	0.062	0
VSIG4	2	0	7.14760458871289	0.531	0.005	0
TNFRSF1B	2	0	3.90696401707172	0.572	0.047	0
LCP1	2	0	3.17366873443121	0.578	0.054	0
SLCO2B1	2	0	6.16577133794565	0.534	0.012	0
FOS	2	0	2.58628825178949	0.936	0.414	0
SAP30	2	0	3.73075201263579	0.61	0.091	0
AMICA1	2	0	4.51302873088061	0.54	0.023	0
RNASE1	2	0	5.68806304413641	0.593	0.077	0
IQGAP2	2	0	3.2352774414475	0.605	0.09	0
MFSD1	2	0	3.39327100420109	0.61	0.096	0
CREM	2	0	2.75246126397145	0.695	0.181	0
JUNB	2	0	2.57046027416977	0.901	0.388	0
GLIPR1	2	0	2.60905561865439	0.645	0.133	0
FYB	2	0	3.63400840381838	0.547	0.036	0
ZEB2	2	0	2.78376298094311	0.665	0.155	0
NR4A2	2	0	4.33348602522124	0.556	0.053	0
FAM49B	2	0	2.69572261193432	0.626	0.124	0
IFNGR1	2	0	2.48828873112806	0.733	0.233	0
GADD45B	2	0	3.45485252410245	0.799	0.299	0
WAS	2	0	4.7464516630747	0.517	0.018	0
CREG1	2	0	3.29942673376621	0.613	0.117	0
NCF2	2	0	6.79139723623647	0.5	0.004	0
TMEM176B	2	0	2.64668609744046	0.732	0.237	0
EVI2B	2	0	4.49655308156995	0.517	0.023	0
RHOB	2	0	3.0941531584397	0.718	0.229	0
HAVCR2	2	0	5.62688506866958	0.5	0.011	0
IL10RA	2	0	3.8404592812858	0.52	0.031	0
CXCL16	2	0	2.88158915724566	0.655	0.166	0
LAIR1	2	0	5.48339151758148	0.501	0.014	0
HSPA1B	2	0	2.46603271328114	0.948	0.462	0
CTSB	2	0	3.22033996385548	0.889	0.405	0
GLRX	2	0	3.67933787392333	0.531	0.049	0
GPSM3	2	0	3.41818863640542	0.525	0.047	0
HNMT	2	0	3.22598808012449	0.565	0.087	0
ARL4C	2	0	2.9949306303216	0.579	0.101	0
FPR3	2	0	7.26350321969683	0.48	0.003	0
SGK1	2	0	3.64460807934429	0.604	0.128	0
EMILIN2	2	0	3.35560409902739	0.537	0.062	0
SLA	2	0	3.68939697368491	0.506	0.032	0
ALOX5AP	2	0	3.76951969078968	0.501	0.027	0
DNAJB1	2	0	2.52966447953185	0.878	0.404	0
GIMAP4	2	0	2.37637384823337	0.543	0.075	0
RCSD1	2	0	3.04068909367598	0.54	0.073	0
MARCH1	2	0	5.588653265698	0.476	0.009	0
PLEK	2	0	4.32107970024904	0.484	0.018	0
ATF3	2	0	4.22652132538685	0.566	0.104	0
GPR34	2	0	7.7965668682263	0.464	0.003	0
HLA-DRB5	2	0	5.93603694126803	0.468	0.008	0
ADAP2	2	0	6.88850857118545	0.459	0.004	0
ADAM28	2	0	5.26684318750185	0.468	0.014	0
PLD4	2	0	4.70965495810571	0.465	0.012	0
KLF4	2	0	4.66040249865461	0.499	0.049	0
AOAH	2	0	4.75455490840332	0.464	0.015	0
KLF2	2	0	3.40433102207335	0.551	0.103	0
CLEC4E	2	0	7.16506245493693	0.451	0.003	0
HERPUD1	2	0	2.72263846449836	0.852	0.404	0
SAMSN1	2	0	3.37257058096356	0.479	0.031	0
RP11-1143G9.4	2	0	4.02892423880958	0.46	0.014	0
CLEC10A	2	0	6.97818736648703	0.449	0.006	0
NAIP	2	0	3.80875627723422	0.484	0.042	0
DOK2	2	0	3.68705813065566	0.476	0.034	0
FCER1A	2	0	7.02314166037656	0.447	0.007	0
FMNL1	2	0	3.63067103772792	0.478	0.038	0
SERPINA1	2	0	5.86427731562516	0.445	0.008	0
NPC2	2	0	2.33024235616169	0.868	0.432	0
PLTP	2	0	3.85666256228197	0.521	0.086	0
MYO1F	2	0	3.90235381501175	0.461	0.027	0
CECR1	2	0	4.89645148925356	0.447	0.014	0
CD83	2	0	4.18075341293451	0.469	0.04	0
CD4	2	0	4.6995496900458	0.445	0.016	0
HLA-E	2	0	2.0448010433498	0.953	0.526	0
PTPRE	2	0	3.50123618716776	0.474	0.048	0
SYNGR2	2	0	3.53104038441853	0.472	0.046	0
TFEC	2	0	6.05802746564664	0.428	0.006	0
NCF4	2	0	4.69211135838195	0.438	0.016	0
HLA-DOA	2	0	3.85164475397766	0.461	0.041	0
CASP1	2	0	4.04111898732559	0.445	0.028	0
UNC93B1	2	0	3.87287194014455	0.451	0.036	0
SPINT2	2	0	4.44806005591572	0.432	0.018	0
C3	2	0	4.98334265604639	0.423	0.018	0
LGALS9	2	0	3.85496533062072	0.434	0.03	0
FPR1	2	0	7.56701183974603	0.406	0.002	0
CD300A	2	0	4.70862644516496	0.417	0.014	0
PRKAG2	2	0	3.45032468625219	0.449	0.047	0
RNF144B	2	0	4.84512844506983	0.412	0.015	0
CPM	2	0	5.35681842308168	0.41	0.013	0
GPX1	2	0	3.21277220357672	0.961	0.569	0
ITGAX	2	0	5.57934342822	0.399	0.008	0
VMO1	2	0	3.79997539169201	0.448	0.057	0
SAT1	2	0	3.78527246937416	0.994	0.604	0
CD84	2	0	4.53568882749155	0.404	0.015	0
LTC4S	2	0	3.45089131379479	0.427	0.042	0
ALOX5	2	0	6.16844811842947	0.387	0.005	0
UCP2	2	0	3.36835243197871	0.414	0.034	0
SORL1	2	0	3.67406686232935	0.412	0.033	0
TREM2	2	0	7.6781458387102	0.38	0.003	0
EVI2A	2	0	4.49791582887615	0.39	0.015	0
PTPN6	2	0	4.85107660722087	0.386	0.013	0
PARVG	2	0	4.16725321299149	0.389	0.019	0
HLA-C	2	0	2.09892881254254	0.963	0.6	0
FCGR1A	2	0	7.59186577270884	0.364	0.002	0
FERMT3	2	0	3.71364451993159	0.388	0.026	0
RGS18	2	0	5.62960993992086	0.366	0.006	0
LYL1	2	0	3.67300253543424	0.389	0.029	0
CSTA	2	0	6.53068199538653	0.364	0.005	0
PFKFB3	2	0	4.00417943014294	0.393	0.034	0
NCKAP1L	2	0	4.60829684604643	0.372	0.013	0
INPP5D	2	0	3.66552095406479	0.386	0.031	0
TLR2	2	0	6.16094058176053	0.359	0.005	0
C15orf48	2	0	6.32792222534628	0.361	0.01	0
CD72	2	0	4.85357478107606	0.364	0.016	0
PHACTR1	2	0	4.14222392719624	0.38	0.033	0
MAP3K8	2	0	4.33946782089889	0.368	0.021	0
SLC11A1	2	0	4.72958606380061	0.355	0.011	0
CIITA	2	0	5.7093749250992	0.343	0.006	0
DOCK2	2	0	3.79204040481625	0.358	0.024	0
LRRC25	2	0	6.52099944198919	0.335	0.004	0
CXCL2	2	0	5.70889919212501	0.345	0.015	0
CSF3R	2	0	5.10001267637916	0.336	0.009	0
IL8	2	0	6.49152454839557	0.34	0.014	0
MPEG1	2	0	5.67300253543424	0.329	0.007	0
SLC43A2	2	0	4.15995521683544	0.341	0.02	0
NEAT1	2	0	2.70726021599743	0.987	0.668	0
LAT2	2	0	5.16485563176392	0.326	0.01	0
OLR1	2	0	6.17550287596342	0.318	0.005	0
HCK	2	0	5.73304991910418	0.319	0.006	0
CYTH4	2	0	4.78016603038327	0.326	0.014	0
LILRB2	2	0	6.03913043423214	0.312	0.004	0
FGD2	2	0	5.62409293495329	0.312	0.006	0
SYK	2	0	5.40996812960045	0.314	0.008	0
SLC7A7	2	0	5.07096652135414	0.314	0.01	0
MRC1L1	2	0	6.11847998255678	0.307	0.005	0
RBM47	2	0	5.95311045462698	0.297	0.005	0
PTAFR	2	0	6.47691837352507	0.289	0.004	0
ADORA3	2	0	7.34063269382523	0.28	0.002	0
TLR5	2	0	5.49791582887615	0.285	0.008	0
CD33	2	0	6.62823266531422	0.279	0.003	0
KYNU	2	0	6.04792982133893	0.279	0.005	0
HLA-B	2	0	1.95538780782748	0.994	0.723	0
HLA-A	2	0	1.86087765247901	0.992	0.722	0
SLAMF8	2	0	7.60321420527738	0.264	0.001	0
HSPA1A	2	0	2.23904070375408	0.981	0.787	0
CST3	2	0	3.1088309782435	0.997	0.857	0
B2M	2	0	2.17011166291159	1	0.956	0
TMSB10	2	0	1.32318194507924	1	0.974	0
TMSB4X	2	0	1.69625194687785	0.999	0.987	0
FTH1	2	0	3.02023279118817	1	0.988	0
FTL	2	0	3.25815702806028	1	0.997	0
BTK	2	5.18467844134384e-306	5.55183684591178	0.268	0.006	1.03807631752586e-301
CCL3	2	1.71243425851516e-303	5.7932153243911	0.317	0.017	3.42863587239905e-299
PSAP	2	2.73412951750934e-302	2.17624929059121	0.931	0.699	5.47427411995719e-298
ATP1B3	2	1.18032495374497e-301	3.15019048585217	0.612	0.147	2.36324662238819e-297
LPAR6	2	2.4909625249252e-301	2.81648546234084	0.586	0.123	4.98740516740524e-297
ST8SIA4	2	5.18748616862288e-301	3.26253776594522	0.413	0.044	1.03863848068167e-296
MRC1	2	1.40413216368684e-300	5.7636728943743	0.266	0.006	2.81135341813379e-296
OAZ1	2	3.5978828397125e-300	1.38307923821712	0.978	0.861	7.20368102167236e-296
CEBPD	2	7.51590333719046e-294	1.93404810458838	0.958	0.747	1.50483416617227e-289
TNFAIP2	2	6.56368594274181e-293	3.67300253543424	0.365	0.031	1.31418119945577e-288
GAPT	2	8.0051231538415e-293	4.93603694126803	0.264	0.007	1.60278575786215e-288
ATP8B4	2	1.22273203722995e-289	5.59694829522249	0.258	0.006	2.44815408494181e-285
CORO1A	2	4.27857506378773e-289	2.4134335131144	0.456	0.058	8.56656299271579e-285
FAU	2	1.52466627354038e-288	1.32355855443982	0.995	0.965	3.05268681288254e-284
ITGAM	2	1.11196242281569e-285	5.43624182380956	0.253	0.006	2.22637116296158e-281
APBB1IP	2	1.53414989094879e-284	3.06885862150946	0.366	0.032	3.07167491165766e-280
EFHD2	2	1.29960488551898e-283	2.82386244732907	0.492	0.081	2.60206890178609e-279
AP001055.6	2	4.46474830435078e-283	5.18506448910795	0.257	0.007	8.93931905497114e-279
YWHAH	2	5.01514471620454e-283	2.77321882631998	0.616	0.155	1.00413227507847e-278
HSPA6	2	2.08747564208178e-282	3.27429744248314	0.456	0.067	4.17954373057613e-278
SLC15A3	2	2.0488964851005e-277	3.95429914766076	0.322	0.023	4.10230054246823e-273
RHOG	2	4.73207189742482e-277	2.55327584501295	0.575	0.127	9.47455435302398e-273
MERTK	2	7.70786467263137e-277	4.13258935766922	0.327	0.025	1.54326866475425e-272
AP1B1	2	3.19594563156484e-276	3.38349591823926	0.418	0.055	6.39892234351912e-272
TLR1	2	4.75342245138306e-275	5.19013822233182	0.253	0.007	9.51730243215917e-271
OSTF1	2	1.13480091936268e-272	2.73391583597216	0.519	0.1	2.27209840074795e-268
FBP1	2	1.47140823937892e-272	5.26933129110534	0.26	0.009	2.94605357688447e-268
IER5	2	2.3152280973301e-270	3.00822532360146	0.686	0.242	4.63554969647433e-266
SLC16A3	2	2.46236754336574e-270	3.01320480179049	0.434	0.062	4.93015229532687e-266
BTG1	2	7.17813049643068e-270	1.82877688624653	0.933	0.57	1.43720528799535e-265
ITM2B	2	1.98536540756194e-268	1.41874506039833	0.988	0.959	3.97509861902052e-264
HMHA1	2	2.61454302867977e-268	3.48983851050273	0.327	0.025	5.23483805202263e-264
NINJ1	2	8.41428936613128e-268	2.8732101038126	0.518	0.104	1.68470901688681e-263
LGMN	2	1.26416942332411e-267	3.5956811825773	0.539	0.125	2.53112001937952e-263
TM6SF1	2	8.64163921330118e-265	4.28128611039002	0.271	0.013	1.73022900328716e-260
GPNMB	2	7.84501019775524e-264	3.73311182096311	0.404	0.055	1.57072794179455e-259
HBEGF	2	1.74240728408628e-263	4.49202526591528	0.318	0.025	3.48864786419755e-259
ARPC3	2	9.51858939089443e-263	1.53226523643535	0.922	0.729	1.90581196784488e-258
STXBP2	2	1.58204951426978e-262	4.45388524613065	0.273	0.014	3.16757953747096e-258
NFKBID	2	2.35688418391733e-262	3.28984205195739	0.355	0.036	4.71895351303928e-258
EPSTI1	2	1.66005587127224e-261	2.95777465086955	0.427	0.061	3.32376386546128e-257
AP1S2	2	4.71872607988524e-261	2.59251261757387	0.494	0.09	9.44783335714622e-257
CD48	2	2.78667845235948e-260	3.16318289257512	0.336	0.03	5.57948759731416e-256
SLC31A2	2	1.22506705838318e-257	4.70198160240601	0.261	0.012	2.45282926429481e-253
SIPA1L1	2	3.78815687826428e-257	2.58002457790549	0.539	0.116	7.58464770166074e-253
NCF1	2	1.78902529964469e-256	3.26168812219812	0.319	0.026	3.5819864549486e-252
FAM49A	2	6.98462158064945e-256	3.28875116157505	0.364	0.041	1.39846093287763e-251
MEF2C	2	2.62018231413695e-255	2.11367985587118	0.672	0.2	5.246129029365e-251
SH3BGRL3	2	1.15875914302955e-254	1.9605245737013	0.865	0.499	2.32006755617377e-250
HSPH1	2	1.92543832642885e-253	2.63162796836303	0.755	0.333	3.85511261717585e-249
PLA2G7	2	2.15038597785038e-251	4.73130117599891	0.274	0.016	4.30550280485204e-247
CAPG	2	3.74488898943968e-250	2.76510411928813	0.558	0.138	7.49801673465613e-246
CHMP1B	2	5.85141825522497e-249	3.55277276674216	0.508	0.114	1.17157096306114e-244
GPR65	2	1.57639751672545e-248	4.07510097900559	0.269	0.015	3.1562631079877e-244
ODF3B	2	1.16549263240129e-245	3.80685828216903	0.288	0.021	2.33354934859386e-241
NPL	2	9.3732496413123e-244	4.04441310231283	0.291	0.022	1.87671204318355e-239
DOCK8	2	3.76366996401474e-241	2.83594861686153	0.362	0.043	7.5356200019503e-237
CNPY3	2	3.28841488740028e-240	2.15577568009271	0.644	0.196	6.58406428755284e-236
RPL26	2	3.55108964150112e-238	1.20404422966079	0.995	0.959	7.10999168021355e-234
RHBDF2	2	3.79989032834009e-238	3.62704790208817	0.301	0.026	7.60814041540252e-234
LYN	2	6.80442453801012e-237	2.97383897398042	0.359	0.044	1.36238188100039e-232
IL13RA1	2	7.13586674965298e-235	2.45382514009832	0.551	0.139	1.42874324061552e-230
HSP90AA1	2	1.56419801142001e-232	1.86086243147833	0.998	0.979	3.13183725846514e-228
CMTM6	2	3.36156920190024e-231	2.33124326862531	0.582	0.161	6.73053385604467e-227
CEBPB	2	4.37660872086517e-231	2.57441924064443	0.661	0.23	8.76284598091624e-227
IRF8	2	5.19773360842254e-231	2.29763518158542	0.31	0.029	1.04069022307836e-226
GPRIN3	2	3.68965839514561e-227	2.77273488201946	0.389	0.058	7.38743403876053e-223
GPR155	2	1.33169059239653e-225	3.23403501935666	0.337	0.041	2.66631090409633e-221
LSP1	2	1.99674102354523e-224	2.52643200793077	0.489	0.107	3.99787487734227e-220
CD9	2	1.13179613223181e-223	2.40314016336453	0.552	0.145	2.26608221595454e-219
TLR4	2	2.22549524282043e-223	4.17823784368466	0.266	0.02	4.45588657517506e-219
FGD4	2	2.92031582850742e-223	2.87887986998767	0.36	0.049	5.84705635183756e-219
PKIB	2	3.79193713180931e-221	3.24995251610401	0.344	0.045	7.5922165253086e-217
ARHGAP4	2	6.29772386306124e-220	2.94440041420266	0.353	0.047	1.26093027186212e-215
DRAM2	2	4.08105415465528e-219	2.66049354052766	0.441	0.086	8.1710866284508e-215
RILPL2	2	2.10243681224943e-218	2.7166312294196	0.461	0.098	4.2094989854858e-214
TSPAN33	2	3.61035835990427e-218	3.55389132354657	0.281	0.025	7.22865950820032e-214
ANXA1	2	1.74442391100668e-217	1.52095897198229	0.696	0.23	3.49268555461757e-213
ARHGAP30	2	7.07154092219697e-217	3.65880865385149	0.261	0.019	1.41586392344228e-212
SYTL3	2	5.29603718083912e-215	2.85310060028596	0.306	0.032	1.06037256434761e-210
SDSL	2	1.26125442591967e-213	3.91891276347683	0.256	0.019	2.52528361157637e-209
FCHO2	2	8.69559574756812e-211	2.53386924224023	0.52	0.139	1.74103218057809e-206
MGAT1	2	4.06041074738574e-210	2.17003229446184	0.61	0.196	8.12975439841572e-206
CMTM7	2	1.36118819380622e-208	2.75685793092608	0.376	0.061	2.72537100163881e-204
ATG16L2	2	1.59750245920887e-207	3.09370878479978	0.303	0.034	3.198519423828e-203
HIF1A	2	1.82586239017759e-207	2.05180288055429	0.682	0.278	3.65574167761357e-203
PLSCR1	2	2.57929128290913e-206	2.02168196834821	0.632	0.219	5.16425700664066e-202
COTL1	2	3.84277733204672e-206	2.2910067150464	0.659	0.253	7.69400877422394e-202
AVPI1	2	4.68043019475325e-205	3.82238015947247	0.264	0.023	9.37115733593497e-201
PIK3IP1	2	1.14837409375131e-204	2.92506582344703	0.325	0.042	2.29927461050887e-200
NAAA	2	3.87829358428695e-203	3.30340800691656	0.282	0.029	7.76511941445933e-199
SLC2A3	2	7.19736105089141e-203	2.75213899727312	0.474	0.114	1.44105562960948e-198
MBP	2	1.05570000000289e-202	2.43340211506727	0.398	0.07	2.11372254000579e-198
GCA	2	2.46295197409751e-202	2.88592809297	0.345	0.051	4.93132244253803e-198
PREX1	2	2.79475382939326e-202	2.63602362280911	0.394	0.07	5.59565611721119e-198
RB1	2	2.0818563559466e-199	2.36180084713994	0.508	0.136	4.16829279587627e-195
PLA2G16	2	2.0970095435459e-199	2.57848493664995	0.365	0.058	4.19863250808761e-195
CTSH	2	2.98426584965298e-199	1.87454039421887	0.736	0.342	5.9750970841752e-195
NFKBIA	2	5.5390413537456e-199	3.02295320900077	0.775	0.458	1.10902685984694e-194
RGS19	2	1.68121663374119e-197	2.52753959143384	0.41	0.08	3.36613194407661e-193
S100A11	2	6.33500468269553e-197	1.30163480284633	0.972	0.835	1.2683946375693e-192
DENND3	2	2.5199954235788e-196	3.47548478273682	0.258	0.023	5.04553483708947e-192
GK	2	2.50366481930206e-192	3.31947244316105	0.314	0.043	5.01283770120658e-188
NR4A3	2	1.2071514776835e-191	3.57088831778155	0.253	0.023	2.41695868861791e-187
CYTIP	2	3.1275293688052e-191	2.14447090501456	0.343	0.05	6.26193930222177e-187
ETS2	2	2.19350724330663e-189	2.11277318080063	0.543	0.159	4.39184020254854e-185
DNAJA1	2	3.22514007139498e-189	2.11032630327088	0.82	0.51	6.45737545094703e-185
GRB2	2	2.45913507748234e-187	1.89099597704454	0.647	0.251	4.92368025213513e-183
RAP2B	2	3.38923709047641e-186	2.59951147016772	0.409	0.087	6.78593050255187e-182
JUN	2	1.38969399032519e-185	2.10888609682787	0.909	0.698	2.7824453074291e-181
FAM105A	2	1.55363882299003e-185	2.62700265124132	0.358	0.062	3.11069565139064e-181
MALAT1	2	1.43356378650186e-184	0.716397394453481	1	1	2.87028141333402e-180
APOC1	2	5.15562699078369e-184	3.59709712640237	0.393	0.084	1.03225963609471e-179
MX2	2	1.27010835570626e-183	3.06952885801555	0.268	0.029	2.54301094979508e-179
SNX10	2	1.99208037961648e-183	2.77944657832733	0.334	0.054	3.98854333606811e-179
CD93	2	2.33457507017217e-183	1.84872017352978	0.336	0.05	4.67428620549871e-179
GNAI2	2	4.21510972996765e-183	1.27479546059016	0.854	0.532	8.43949270134122e-179
GIMAP1	2	2.44480534901886e-182	2.01887801020569	0.368	0.063	4.89498926980555e-178
MGAT4A	2	3.1115712169167e-182	2.43615594143665	0.406	0.086	6.22998789051063e-178
MXD1	2	8.39753766954649e-182	2.79644801819668	0.371	0.071	1.6813549921966e-177
RAB31	2	9.80318703197382e-181	2.20253214110745	0.47	0.12	1.9627941075418e-176
GLUL	2	2.79366918909382e-179	1.87631492505489	0.845	0.575	5.59348445040366e-175
LIPA	2	6.47290254131988e-178	2.79711046581513	0.391	0.084	1.29600454682307e-173
ID2	2	9.33462586207676e-178	2.49601335542209	0.443	0.107	1.86897879010501e-173
CFL1	2	1.60372340268623e-177	1.11472050734246	0.929	0.699	3.21097499685838e-173
PAK1	2	1.98091460725917e-177	2.69306018777549	0.343	0.06	3.9661872266543e-173
NR4A1	2	1.20050691106028e-175	2.34176669832065	0.484	0.139	2.40365493732488e-171
BLVRB	2	7.27365806572168e-175	2.11400084709309	0.574	0.202	1.4563318179188e-170
ANKRD37	2	1.43892253089277e-174	2.972007115274	0.391	0.086	2.8810106913535e-170
CD302	2	5.89315639169523e-174	2.04161970912503	0.54	0.174	1.17992777274522e-169
CLK1	2	9.42168151337803e-174	2.03199617575615	0.665	0.284	1.88640907260855e-169
TCIRG1	2	1.33497884457327e-173	2.37809199118536	0.374	0.073	2.67289464260461e-169
DNAJC4	2	4.45576468697393e-173	2.57953208979224	0.329	0.055	8.92133205625921e-169
GRN	2	4.93291083582115e-173	1.39993926395056	0.876	0.635	9.8766740754811e-169
GBP2	2	8.42556411109545e-173	2.66002468143603	0.29	0.04	1.68696644632353e-168
DOCK4	2	1.43568580685556e-172	2.71902680375598	0.283	0.038	2.87453012248621e-168
ARHGAP18	2	1.5160998958392e-172	1.77430730183821	0.644	0.255	3.03553521144925e-168
ACSL1	2	4.82627835293728e-172	2.34817163264424	0.464	0.126	9.66317451825101e-168
TAOK3	2	9.17993175059244e-172	2.11848297580248	0.489	0.139	1.83800593510362e-167
STX7	2	1.47630663039033e-171	2.12592193602519	0.468	0.124	2.95586113536752e-167
TPP1	2	3.05986485650072e-170	2.10138605996082	0.506	0.153	6.12646141568574e-166
CTSD	2	3.82787685692347e-170	2.41385423487715	0.768	0.526	7.66417504293218e-166
PNRC1	2	4.91399523233099e-169	1.31909783246989	0.904	0.662	9.83880125417311e-165
FES	2	2.50850156604014e-168	2.78029355536666	0.308	0.049	5.02252183552558e-164
ST3GAL6	2	4.46090124981812e-168	3.09571396259851	0.267	0.034	8.93161648238583e-164
FCHSD2	2	9.27272593272347e-168	2.46825797991722	0.358	0.07	1.85658518624989e-163
FOSL2	2	6.03309521317478e-167	2.55420993603465	0.382	0.084	1.20794632358185e-162
EPB41L3	2	7.95500160056252e-166	2.05492298059294	0.461	0.123	1.59275042046463e-161
TSPO	2	3.54426911582375e-165	1.62964969727645	0.697	0.317	7.0963356237023e-161
TKT	2	5.5604613481678e-164	1.88633176754837	0.617	0.254	1.11331557113016e-159
SRGAP1	2	6.32009883077369e-164	2.44452861612913	0.365	0.075	1.26541018789751e-159
MAF	2	7.49008053095004e-164	2.67847278079586	0.428	0.113	1.49966392390682e-159
ZNF385A	2	6.18193965487846e-163	2.76218623661192	0.284	0.042	1.23774795769977e-158
FCGRT	2	6.54759138242884e-163	1.25727320289157	0.923	0.785	1.3109587465899e-158
SH3TC1	2	1.75908724825864e-161	2.9629321683311	0.267	0.036	3.52204448846345e-157
CHN2	2	6.67585543510299e-161	2.80576814017751	0.29	0.045	1.33663977521632e-156
EIF4A1	2	8.69973268694002e-161	1.11641318187717	0.923	0.717	1.74186047857913e-156
NAGK	2	1.93639306329186e-160	1.91615697062906	0.548	0.191	3.87704619132296e-156
PYGL	2	1.33261521295776e-159	3.06288655748475	0.264	0.036	2.66816217938403e-155
TNFAIP8	2	1.99937819127462e-158	2.04588960949409	0.462	0.129	4.00315501457005e-154
RIPK2	2	6.46647334154729e-157	3.07474321209963	0.29	0.047	1.2947172924446e-152
GPX4	2	7.09770446982856e-157	1.13793530623227	0.892	0.676	1.42110238894907e-152
IER2	2	2.43584754909885e-156	2.49876105347333	0.685	0.367	4.87705396280572e-152
ZNF331	2	2.73719895905279e-156	2.77239015674624	0.467	0.147	5.4804197558155e-152
C9orf72	2	1.00233815422783e-155	2.71271224523621	0.302	0.052	2.00688145239496e-151
HN1	2	1.4900929268285e-155	1.53461618521221	0.551	0.19	2.98346405809602e-151
CAT	2	2.34416142933643e-155	2.13808071721268	0.428	0.113	4.6934800138174e-151
SERP1	2	1.01909590095996e-154	1.27344446989922	0.833	0.599	2.04043381290204e-150
ATP5E	2	2.21174016290024e-154	0.758208433424012	0.995	0.957	4.42834615415887e-150
CHST11	2	4.58740650452541e-154	2.79134923132475	0.262	0.037	9.18490530336078e-150
MARCH2	2	4.68662870792853e-154	2.86437595614059	0.259	0.036	9.3835679990145e-150
PPT1	2	8.54070481052513e-154	1.90151306593364	0.535	0.186	1.71001991716334e-149
TNFAIP3	2	8.85272696876189e-154	2.61301048695123	0.357	0.077	1.7724929936855e-149
S100A4	2	8.61204801694565e-153	1.74317320906926	0.738	0.424	1.72430425395286e-148
CLIC1	2	1.25438669486982e-151	1.20378814293655	0.846	0.577	2.51153304046835e-147
GLA	2	2.2064221716015e-150	2.9682515661332	0.366	0.087	4.41769847198053e-146
PPP1R10	2	4.46224580599286e-150	1.95256103565824	0.571	0.22	8.9343085527589e-146
SDCBP	2	1.64806148444622e-149	1.37177268138677	0.819	0.555	3.29974870415822e-145
CREBL2	2	7.3053441321385e-149	2.36186099577312	0.366	0.085	1.46267600213677e-144
OTUD1	2	9.35639090574894e-149	3.40777502802653	0.254	0.037	1.87333658714905e-144
NFKBIZ	2	1.53926406746436e-148	2.59594517968307	0.368	0.087	3.08191451587714e-144
MYO9B	2	5.23535136223721e-148	2.15295751139442	0.399	0.101	1.04822204974713e-143
AHR	2	2.59231495566371e-147	2.08293314428	0.403	0.102	5.19033300422988e-143
METRNL	2	5.16831259673765e-147	1.77295748074013	0.636	0.289	1.03479954811881e-142
RPS25	2	6.26730430612715e-147	0.755776403431375	0.993	0.965	1.25483966817278e-142
OAS1	2	9.58836414991083e-147	2.39451370181178	0.309	0.058	1.91978227009515e-142
GIMAP7	2	2.19014617365809e-146	1.35227518555243	0.353	0.071	4.38511066889823e-142
TPT1	2	1.35886623422418e-145	0.592054059316223	1	1	2.72072197416365e-141
MFSD12	2	4.87962298989667e-145	2.63298685658636	0.291	0.052	9.76998115037112e-141
MANBA	2	3.66152857673094e-144	2.36745026950072	0.324	0.066	7.33111251633069e-140
VEGFA	2	3.94406400002215e-144	2.62093740272286	0.438	0.136	7.89680494084435e-140
IDH1	2	7.09488240155346e-142	2.62326158154184	0.313	0.063	1.42053735443903e-137
PARP14	2	1.09389187365558e-141	1.80325267517286	0.574	0.229	2.19019030943321e-137
LMO2	2	3.38809199782317e-141	1.66369087523123	0.319	0.061	6.78363779804155e-137
MCL1	2	8.61939955160303e-141	1.63126467011139	0.671	0.324	1.72577617822196e-136
ISG20	2	4.65109203169816e-140	1.78756504949204	0.311	0.059	9.31241646586605e-136
SIK1	2	2.93734755161164e-139	2.40614582304055	0.293	0.055	5.88115726783683e-135
NFIL3	2	6.81668354347924e-139	2.5206819824124	0.33	0.073	1.36483637907541e-134
CITED2	2	7.53070628795012e-139	2.87560108740606	0.354	0.088	1.50779801297337e-134
ZNF267	2	1.34747489857268e-138	2.47776644546274	0.308	0.062	2.69791424192222e-134
CPEB4	2	2.24445348005074e-138	2.33163455972319	0.336	0.075	4.49384475775759e-134
CDKN1A	2	7.73115385707696e-137	2.26255558238403	0.412	0.119	1.54793162526395e-132
TNFSF12	2	1.20459206788774e-136	2.21059321699705	0.363	0.09	2.41183423832483e-132
CKLF	2	1.48900312928488e-136	1.84005832434465	0.502	0.178	2.98128206545418e-132
RP11-796E2.4	2	4.08970881062941e-136	2.86764996628779	0.277	0.05	8.18841498064221e-132
ATG3	2	7.58386886223461e-136	2.01232872759924	0.406	0.114	1.51844222359661e-131
CCDC112	2	4.69566312288806e-135	2.72355147759768	0.253	0.041	9.40165670464647e-131
GNA13	2	4.95029567378773e-135	2.03553703181655	0.429	0.13	9.91148199805779e-131
ARHGAP26	2	1.00047906831809e-134	2.51992320542985	0.252	0.04	2.00315919058649e-130
KIAA0930	2	1.79779504813412e-133	2.7325593801147	0.255	0.042	3.59954524537413e-129
BMP2K	2	9.8733454234272e-132	2.00636387020435	0.385	0.103	1.97684122067859e-127
IRAK3	2	2.06117983299893e-131	2.05638758424621	0.373	0.097	4.12689426163047e-127
RNF149	2	6.83591530817381e-131	2.0346353632165	0.398	0.113	1.36868696300256e-126
SIRPA	2	1.27112899928538e-129	2.16337857857622	0.352	0.088	2.54505448236918e-125
MYO5A	2	1.6823474940381e-129	2.40388079972153	0.308	0.067	3.36839615256308e-125
SNX29	2	1.9038774890291e-128	2.16124988166686	0.351	0.089	3.81194350853407e-124
CELF2	2	2.29132158152012e-128	1.61139892299006	0.494	0.172	4.58768407051959e-124
ZFP36L2	2	4.96467976285674e-128	1.18393757339986	0.906	0.744	9.94028182119177e-124
FNBP1	2	9.49236682781468e-128	1.76078505977675	0.463	0.153	1.90056168626505e-123
SOCS3	2	1.00865400931512e-126	2.2864653591238	0.359	0.096	2.01952705745073e-122
ARPC2	2	1.15202099285798e-126	1.10957718132743	0.842	0.629	2.30657643190025e-122
RNASEK	2	2.5772796591663e-125	2.53827743342103	0.262	0.048	5.16022933358277e-121
IRF7	2	1.30321975255998e-124	1.3997236032546	0.344	0.085	2.6093065885756e-120
TBC1D22A	2	2.20848230009665e-124	2.45194904230609	0.275	0.054	4.42182326125352e-120
KIAA1598	2	1.13596978534502e-123	2.31250678428739	0.294	0.063	2.27443870421779e-119
TMEM70	2	1.1460423424443e-123	2.1832831733355	0.419	0.137	2.29460597804197e-119
ARRDC2	2	5.74389143475135e-123	2.37480908933924	0.291	0.062	1.15004194306591e-118
ADRBK1	2	1.76917355817497e-122	2.03928637597589	0.346	0.089	3.54223929817793e-118
SETDB2	2	4.45647072311012e-122	2.41152695745701	0.288	0.062	8.92274568181107e-118
LRRK2	2	5.82487451199822e-122	2.47004525250832	0.265	0.051	1.16625637479228e-117
BCAT1	2	1.30388710619594e-121	2.39610819416138	0.283	0.059	2.61064276402551e-117
USP15	2	1.3046953685107e-121	1.5144016038397	0.55	0.223	2.61226106683212e-117
RASGEF1B	2	1.88671142951821e-121	2.62539465392719	0.261	0.05	3.77757362418136e-117
COMT	2	1.97122230856648e-121	1.53340837245841	0.543	0.219	3.9467813062118e-117
IFRD1	2	1.28293566854304e-120	2.20341681737779	0.451	0.161	2.56869379555688e-116
WSB1	2	2.10793498335392e-120	1.36073076212932	0.668	0.337	4.22050742367122e-116
RTN3	2	1.39466147881319e-119	1.81871409407382	0.425	0.137	2.79239121287976e-115
UVRAG	2	1.8857661666713e-118	2.10683763016721	0.307	0.071	3.77568101890928e-114
SLC38A2	2	3.58646853407257e-118	1.75031008370283	0.578	0.269	7.1808272989201e-114
TFRC	2	3.93283041208253e-118	2.91345365590091	0.304	0.074	7.87431305107164e-114
PLIN2	2	5.85215515448774e-117	2.75775627961386	0.446	0.17	1.17171850503154e-112
PRMT10	2	9.63686886636721e-117	2.1208436326675	0.461	0.179	1.92949388442404e-112
CFLAR	2	1.76599527165321e-116	1.55056645977325	0.491	0.178	3.53587573290406e-112
ETV6	2	3.23888761727725e-116	2.03069568718042	0.358	0.101	6.48490078731251e-112
MPP1	2	4.9857563202941e-116	2.1930367608989	0.33	0.087	9.98248130449285e-112
TNFSF10	2	3.41887202433359e-115	1.73095549441211	0.307	0.07	6.84526556712072e-111
HSPB1	2	7.26581202675898e-115	1.97234550832825	0.825	0.716	1.45476088399768e-110
XAF1	2	1.44883078029431e-114	1.8697162343144	0.345	0.092	2.90084898830528e-110
ITPR2	2	1.58748556020404e-114	2.11532925628541	0.362	0.105	3.17846358864052e-110
MKNK2	2	5.45351043991592e-114	2.01715863062147	0.39	0.122	1.09190186027997e-109
PPP1R18	2	3.48388946341493e-113	1.7372832867665	0.391	0.119	6.97544348364938e-109
RAPGEF1	2	4.20248472462817e-113	2.04020153416851	0.343	0.094	8.41421491565052e-109
LRRFIP1	2	4.57257383782712e-113	1.3623644537661	0.622	0.301	9.15520733809747e-109
EEF1D	2	1.32407677806096e-112	0.855616702860056	0.9	0.745	2.65106652503366e-108
CASP4	2	1.45208088077733e-112	1.77442720803773	0.389	0.119	2.90735633949238e-108
CKS2	2	7.06848278363862e-112	2.44149547326034	0.337	0.093	1.41525162294012e-107
UPP1	2	1.63013854328851e-111	2.12920922368949	0.351	0.099	3.26386339137226e-107
DAB2	2	1.8978597109013e-111	2.10526002330215	0.542	0.26	3.79989471316657e-107
PRR13	2	6.39559958467203e-111	1.71099104292664	0.411	0.134	1.28052694884303e-106
UBC	2	8.96488600685863e-111	1.00496054672355	0.984	0.982	1.79494947629323e-106
BAG3	2	3.94707115893278e-110	3.22819452791511	0.317	0.089	7.90282587441521e-106
WIPF1	2	9.75624669548744e-110	1.50835523273697	0.496	0.192	1.95339571337049e-105
CCNH	2	1.10482001642395e-109	1.69861708564284	0.416	0.139	2.21207063688403e-105
PABPC1	2	1.37024145923482e-109	0.879415992702914	0.909	0.727	2.74349744967996e-105
UBXN1	2	3.08600675132054e-109	1.35412647265803	0.607	0.294	6.17880271749398e-105
ATP6V1B2	2	4.73065578554697e-109	1.93718971403483	0.389	0.125	9.47171901382213e-105
APLP2	2	2.31207614598503e-108	1.31599557576887	0.663	0.356	4.62923885949124e-104
LACTB	2	2.31856393901904e-108	1.82726843559461	0.366	0.11	4.64222871870392e-104
SIPA1	2	2.79422074503923e-107	2.11605441088268	0.284	0.067	5.59458877571755e-103
SNAP23	2	1.47226604909829e-106	2.05212490943761	0.308	0.079	2.94777108350459e-102
TRMT1	2	1.56582601420753e-106	2.15542687444296	0.295	0.074	3.13509684564632e-102
SCO2	2	1.59086566903764e-106	2.36215793967589	0.261	0.057	3.18523124254716e-102
ARPC5	2	2.48222253542008e-106	0.966483851453674	0.84	0.645	4.96990596041808e-102
MAN1A1	2	4.84470266108087e-106	2.19839099102184	0.345	0.102	9.70006366801613e-102
VMP1	2	5.79267127946312e-106	1.48830526889086	0.731	0.482	1.15980864357411e-101
LINC00936	2	2.8194721034726e-105	2.37742576749383	0.397	0.142	5.64514704557285e-101
SESN1	2	1.80307546595976e-104	1.94865019734882	0.388	0.131	3.61011769794463e-100
CLEC2B	2	3.0472623569703e-103	1.37749278885141	0.563	0.254	6.10122869112594e-99
ZFAND2A	2	3.11744202938219e-103	2.98319702069059	0.391	0.146	6.24174243122903e-99
STX4	2	4.68281334144161e-103	1.87867756182576	0.408	0.144	9.3759288722344e-99
PDCL3	2	5.32040049030495e-103	2.1918325208717	0.306	0.082	1.06525058616886e-98
CD55	2	1.96473470325471e-102	1.98731081814403	0.314	0.085	3.93379182285658e-98
IRF1	2	3.08891186152151e-102	1.72863723440706	0.365	0.113	6.18461932913836e-98
SLC1A3	2	3.54463267771414e-102	1.88293684070741	0.501	0.221	7.09706354731925e-98
CAP1	2	3.55047836013388e-102	1.34976942459097	0.574	0.27	7.10876777266006e-98
RAB32	2	3.87825610016982e-102	1.77483668804581	0.435	0.166	7.76504436376002e-98
PTPN18	2	6.87651972377546e-102	2.00499719629194	0.294	0.075	1.37681677909432e-97
PTPLAD2	2	1.26443830846934e-101	1.95000988382064	0.307	0.082	2.53165838121731e-97
APMAP	2	2.57202454307858e-100	1.6879972736641	0.421	0.154	5.14970754015193e-96
PICALM	2	7.60533362627137e-99	1.74366554160416	0.392	0.136	1.52273989865205e-94
SNX6	2	1.54583706204472e-98	1.50825455577292	0.626	0.361	3.09507496562594e-94
CD58	2	1.82882700855834e-98	2.0135494906085	0.271	0.065	3.66167743653551e-94
FRMD4B	2	2.64628820321831e-98	1.57143823013465	0.344	0.102	5.29839824048369e-94
ATP6V0B	2	3.45877207027006e-96	1.02914634565952	0.788	0.589	6.92515343909472e-92
HSPE1	2	5.26121898631959e-96	1.40469567900026	0.863	0.765	1.05340126544091e-91
LOH12CR1	2	6.70877496443457e-96	2.17215634571599	0.28	0.073	1.34323092337909e-91
APAF1	2	1.2667090205301e-95	1.8965085770814	0.327	0.098	2.53620480090536e-91
M6PR	2	1.68705460733648e-95	1.53325917662245	0.462	0.188	3.3778207348091e-91
XBP1	2	1.86197302579931e-95	1.75944820954471	0.405	0.15	3.72804239225539e-91
ATP5L	2	3.98995590817521e-95	0.840885566185994	0.857	0.682	7.9886897193484e-91
TMEM176A	2	1.78967531481049e-94	1.47200342067173	0.493	0.212	3.58328791531356e-90
CDC42SE1	2	2.04462569253035e-94	1.47660532263074	0.401	0.141	4.09374956158426e-90
SH3KBP1	2	2.94460819993875e-94	1.48070972096347	0.42	0.153	5.89569453791737e-90
ZC3HAV1	2	6.98143209330131e-94	1.82157026727124	0.38	0.131	1.39782233372079e-89
DEDD2	2	8.77018534881228e-94	1.86143689884903	0.264	0.065	1.75596651053919e-89
ABRACL	2	1.03258618026704e-93	1.66347702761592	0.321	0.093	2.06744405013067e-89
VEGFB	2	1.31299142604501e-93	1.52006171362281	0.452	0.183	2.62887143322732e-89
UBXN2B	2	2.77271469745022e-93	2.04329052797979	0.261	0.064	5.55152936723483e-89
SLC8A1	2	7.63841839258361e-93	1.52422334286348	0.396	0.139	1.52936413056309e-88
JUND	2	1.11161911575869e-92	0.876957086928617	0.95	0.866	2.22568379357205e-88
FOXN2	2	1.35164932898625e-92	1.89016993251071	0.276	0.071	2.70627228649628e-88
ALCAM	2	2.32839127319631e-92	1.91360865182781	0.264	0.065	4.66190500719365e-88
PRPF38B	2	8.06372914357016e-92	1.41102760510827	0.486	0.208	1.61451984912562e-87
BTG2	2	2.51756311706647e-91	1.70074329171902	0.548	0.274	5.04066487299048e-87
ARL6IP5	2	4.57326470856272e-91	1.15074378174021	0.625	0.332	9.15659059948427e-87
CAB39	2	7.61802448931895e-91	1.70101691160384	0.357	0.118	1.52528086325144e-86
RAC2	2	1.23174079234526e-90	1.34522171430144	0.277	0.07	2.46619141443367e-86
CDC42SE2	2	1.31309989532344e-90	1.51976719674483	0.353	0.114	2.62908861041659e-86
TMEM66	2	2.86395968117657e-90	0.894891310390678	0.802	0.64	5.73422007365174e-86
WDR74	2	2.97700745593463e-90	2.17199837864392	0.28	0.077	5.96056432827231e-86
STK4	2	1.42359532143824e-89	1.04825931876074	0.489	0.205	2.85032255258364e-85
ZFAND5	2	2.07722217247972e-89	1.50639026803276	0.552	0.286	4.1590142337389e-85
PTBP3	2	2.43756639804821e-89	1.7284112306405	0.335	0.107	4.88049544217213e-85
ELF1	2	4.5384426751847e-89	1.33342941481529	0.472	0.199	9.08686992425481e-85
MKNK1	2	9.00796762874933e-89	2.04360318086387	0.255	0.064	1.80357527862819e-84
TPM3	2	2.31394163761998e-88	0.99788412479198	0.743	0.475	4.63297394684272e-84
CCNL1	2	2.36753277348825e-88	1.3825618327156	0.625	0.355	4.74027411907818e-84
TRIM38	2	3.25875301305394e-88	1.54412608324916	0.364	0.123	6.5246752827366e-84
TNFRSF14	2	6.31751598738791e-88	1.68218945628063	0.347	0.115	1.26489305099481e-83
CCDC107	2	3.26785182691142e-87	1.50763993458044	0.44	0.181	6.54289292784205e-83
CHORDC1	2	1.74037796614803e-86	1.43938285867454	0.453	0.191	3.48458476382159e-82
TWF2	2	2.23879880295354e-86	1.55702997207265	0.386	0.142	4.48252296327358e-82
RPS27	2	7.20007163114973e-86	0.471120675902274	0.999	0.999	1.4415983419888e-81
MCOLN1	2	3.67538541687508e-85	1.70908734555999	0.368	0.133	7.35885668166729e-81
FLOT1	2	5.67895406850429e-85	1.36602478201285	0.476	0.21	1.13704018359593e-80
PSMB9	2	1.96731169313061e-84	1.36121807162808	0.443	0.18	3.9389514719861e-80
DAZAP2	2	2.83701554676498e-84	1.44566015982134	0.435	0.181	5.68027252773284e-80
TSPYL2	2	1.24585590172589e-83	1.79415743639483	0.421	0.181	2.49445268643557e-79
CNTRL	2	1.72557540372866e-83	1.64997560640823	0.335	0.111	3.45494707334552e-79
ARAP1	2	1.72854572100022e-83	1.96092811680975	0.268	0.075	3.46089424258663e-79
AMD1	2	2.38759145322242e-83	1.32949129043013	0.492	0.223	4.78043560764193e-79
HLA-F	2	2.70973974589126e-83	1.45836398152851	0.387	0.145	5.42544091922347e-79
BCAS2	2	2.03763550399128e-82	2.40807925524735	0.424	0.191	4.07975380609135e-78
LAP3	2	2.62716808012268e-82	1.48667855047061	0.45	0.195	5.26011593002163e-78
DNAJA4	2	3.58678277763386e-82	2.42599755961618	0.311	0.105	7.18145647737852e-78
GAPDH	2	3.96589032362055e-82	0.658492696021685	0.985	0.949	7.94050560595307e-78
SERPINB1	2	6.7251222408049e-82	1.40073232685419	0.459	0.202	1.34650397505396e-77
USP53	2	1.01745185123784e-81	1.51481600308941	0.392	0.15	2.03714209654841e-77
CARD8	2	6.65476614713663e-80	1.62409293495329	0.328	0.111	1.3324172779797e-75
STK17B	2	9.56275665623634e-80	1.34870742600296	0.36	0.128	1.91465513771164e-75
KDM6B	2	2.73006438171498e-79	1.97178696621724	0.262	0.075	5.46613490506973e-75
HSPA8	2	3.58229193354772e-79	1.09870728183471	0.904	0.811	7.17246490934925e-75
TRABD	2	4.19727543107207e-79	1.60424984417995	0.344	0.122	8.4037848680925e-75
SWAP70	2	4.78153158583587e-79	1.51933062162857	0.334	0.115	9.57358254116057e-75
SQSTM1	2	8.48712813681353e-79	1.18584129504081	0.8	0.644	1.6992927955528e-74
RNF166	2	1.42779902213712e-78	1.71665641046369	0.295	0.093	2.85873920212295e-74
UBE2D3	2	1.74509287664097e-78	1.10578161710035	0.67	0.407	3.49402495761055e-74
BAZ1A	2	1.67051815030618e-77	1.5183806446811	0.345	0.123	3.34471144054303e-73
TMEM179B	2	1.71517856879012e-77	1.58658778361677	0.317	0.106	3.43413053043158e-73
CORO1B	2	3.39273598137243e-77	1.31366675150453	0.378	0.145	6.79293598190388e-73
KLF6	2	3.85880496701414e-77	1.7006284414118	0.617	0.392	7.7260993049557e-73
GSTP1	2	2.66731259178509e-76	0.846883146073341	0.846	0.71	5.34049327127211e-72
EIF4A3	2	6.32589596679438e-76	2.21741737319324	0.516	0.298	1.26657089047157e-71
NUP214	2	2.55459665601953e-75	1.56768148477459	0.336	0.121	5.1148134246823e-71
ITSN2	2	3.78804961728878e-75	1.47557298266476	0.35	0.128	7.5844329437356e-71
RPS3	2	4.55522585086992e-75	0.490187382276921	0.992	0.984	9.12047319861176e-71
RNF13	2	3.72189555046958e-74	1.26566386693194	0.497	0.245	7.45197927115019e-70
PFDN5	2	1.26456502650107e-73	0.51172543523049	0.979	0.948	2.53191209606044e-69
DNM2	2	1.33573897869917e-73	1.51194251711064	0.357	0.136	2.67441658315147e-69
BNIP3L	2	1.86635162606217e-73	1.27640764110886	0.574	0.332	3.73680922570167e-69
VAMP5	2	7.8052020930105e-73	1.28365095214972	0.406	0.168	1.56275756306256e-68
ARL6IP1	2	1.80343084809329e-72	1.28634455400126	0.353	0.132	3.61082924405239e-68
SLC4A7	2	3.02436494709715e-72	1.38450634499885	0.392	0.161	6.05538349707791e-68
SNX2	2	3.42345107192169e-72	1.2271865158827	0.502	0.253	6.8544337362016e-68
RPS29	2	1.40503633441907e-71	0.452860968458315	0.992	0.974	2.81316374877386e-67
DSE	2	4.39169829757179e-71	1.34886341323153	0.409	0.176	8.79305833139824e-67
OPN3	2	9.54526705088975e-71	1.93887969103686	0.254	0.077	1.91115336892914e-66
SLC25A5	2	1.03487464781263e-70	1.11477641718521	0.651	0.424	2.07202601985044e-66
DDAH2	2	1.1829804523329e-70	1.16499073635188	0.457	0.206	2.36856346166094e-66
CMIP	2	1.36808729798891e-70	1.67400754769424	0.266	0.083	2.7391843880334e-66
C12orf45	2	2.12673826881064e-70	1.52651644695676	0.345	0.133	4.25815536181267e-66
GNB4	2	2.40796124960546e-70	1.71770730786267	0.276	0.09	4.82122001396005e-66
CAPZB	2	4.40926483880457e-70	0.955326112367845	0.707	0.485	8.82823006025451e-66
ZNF524	2	1.26391252260611e-69	1.75317288411823	0.256	0.078	2.53060565276196e-65
PTPN2	2	3.63923166159846e-69	1.34195579593596	0.376	0.153	7.28646963285243e-65
MAT2A	2	3.98876396672915e-69	1.44492796795425	0.448	0.216	7.9863032141851e-65
LITAF	2	1.44242152672626e-68	1.25572976539878	0.56	0.328	2.88801638081132e-64
SYAP1	2	4.26406684398966e-68	1.55178492057656	0.423	0.196	8.5375146350361e-64
HIST2H2AA3	2	1.03192495894219e-67	1.73424744117047	0.254	0.079	2.06612015279406e-63
PHF20	2	2.23598034108714e-67	1.41055091896038	0.389	0.168	4.47687983892467e-63
MAP1LC3B	2	2.30449371570183e-67	1.13012500296834	0.607	0.378	4.61405731757821e-63
PLEKHB2	2	2.30861925091885e-67	1.54819607969796	0.303	0.108	4.62231746418973e-63
NCOA4	2	2.96890477203328e-67	1.43546662783725	0.411	0.188	5.94434113456502e-63
TET2	2	4.18152700882554e-67	1.34674201975085	0.4	0.175	8.37225337707049e-63
FAM111A	2	5.70575792534663e-67	1.32166401012717	0.316	0.113	1.1424068518129e-62
CYTH1	2	7.13795655295316e-67	1.64980471277072	0.28	0.094	1.42916166103228e-62
DPYD	2	8.18650204881534e-67	1.43579711945231	0.345	0.135	1.63910144021381e-62
DHRS7	2	1.30466641575009e-66	1.23421643338279	0.448	0.213	2.61220309761483e-62
RARRES3	2	2.43579452720463e-66	1.27420567716261	0.279	0.091	4.87694780236912e-62
LYSMD2	2	2.64142065033725e-66	1.53034048868807	0.287	0.098	5.28865242610525e-62
CACUL1	2	2.7167479005999e-66	1.54696031739804	0.287	0.098	5.43947264658112e-62
MTRNR2L2	2	3.35904126526687e-66	0.930049722277789	0.85	0.695	6.72547242131734e-62
ZFP36L1	2	4.5579726430318e-66	1.03896367117022	0.808	0.645	9.12597282587826e-62
AKR1B1	2	5.60116339275037e-66	1.37748344373084	0.402	0.18	1.12146493449648e-61
SOAT1	2	5.42131169587686e-65	1.59580802963773	0.297	0.107	1.08545502774847e-60
CTSA	2	7.58001523170875e-65	1.33616529951616	0.431	0.206	1.51767064969273e-60
SMS	2	2.8012819523836e-64	1.20191151392076	0.409	0.183	5.60872672506244e-60
CLN8	2	3.6505772057288e-64	1.68240123343649	0.267	0.09	7.30918568131021e-60
SCAMP2	2	9.05792682279315e-64	1.25128128081986	0.453	0.225	1.81357810845964e-59
KIAA1033	2	1.84912692375459e-63	1.35241835777577	0.359	0.15	3.70232192674144e-59
SSH2	2	4.09001977554039e-63	1.61410884638067	0.256	0.083	8.18903759458697e-59
S100A10	2	9.25123622760223e-63	0.628909121631807	0.794	0.563	1.85228251749052e-58
DDT	2	9.81293213469696e-63	1.08646818595666	0.457	0.221	1.96474527200903e-58
N4BP2L1	2	2.74301891688574e-62	1.59443348306013	0.25	0.081	5.49207247538863e-58
IFNAR2	2	9.707963613793e-62	1.62390798590607	0.25	0.082	1.94372847475364e-57
NMI	2	2.2242810761349e-61	1.57518048014025	0.267	0.092	4.45345557063731e-57
TAPBP	2	3.20909469572548e-61	1.12350833669188	0.43	0.202	6.42524939978156e-57
PTMA	2	9.26497350290375e-61	0.347184003141788	1	0.997	1.85503299475139e-56
ALDH2	2	1.25739812661562e-60	1.21631629353576	0.512	0.286	2.51756252910979e-56
YPEL5	2	3.03985383137558e-60	1.4063878976339	0.469	0.249	6.08639534118019e-56
TGFB1	2	4.83064274176159e-60	1.04506083502289	0.446	0.214	9.67191289755505e-56
DDIT4	2	6.60899053655677e-60	1.41345032837441	0.726	0.55	1.3232520852294e-55
DOCK10	2	1.00466886271505e-59	1.51176849425597	0.259	0.088	2.01154799692808e-55
ILF3-AS1	2	2.56319481591216e-59	2.07906523102121	0.371	0.181	5.13202866041933e-55
SERPINB6	2	1.07941987998168e-58	1.22003096573747	0.338	0.138	2.16121448369932e-54
PIP4K2A	2	1.23180449968562e-58	1.41938045393779	0.261	0.09	2.46631896927055e-54
SP110	2	1.80722677679607e-58	1.27411245873199	0.343	0.143	3.61842945250108e-54
INSIG1	2	2.96332600874723e-58	2.1149727565412	0.306	0.128	5.9331713347137e-54
MX1	2	4.2346453326236e-58	1.38513627662051	0.3	0.114	8.47860688497897e-54
DDX3X	2	1.32578255626927e-57	1.18751059833112	0.533	0.313	2.65448183416233e-53
DDX5	2	1.68007003798326e-57	0.532040010735882	0.96	0.864	3.36383623005008e-53
SH3BGRL	2	3.05127831877596e-57	0.757748466891096	0.768	0.597	6.10926944985322e-53
TXNIP	2	1.33239950186364e-55	0.772580967265137	0.938	0.877	2.66773028263139e-51
CTTNBP2NL	2	1.75081064289068e-55	1.45978069998938	0.277	0.104	3.50547306919573e-51
GRINA	2	2.20291275891932e-55	1.25850832181081	0.379	0.177	4.41067192590826e-51
B4GALT1	2	6.74030685381185e-55	1.42669148719157	0.303	0.124	1.34954423827021e-50
CNDP2	2	7.1872298939835e-55	1.36164368225707	0.302	0.121	1.43902716937338e-50
IFI44L	2	1.53033659861067e-54	1.33221541329556	0.316	0.131	3.06403993773829e-50
SEPP1	2	1.10873888974809e-53	2.79858562429198	0.605	0.604	2.21991700505363e-49
FUOM	2	1.31367065937823e-53	1.39791269100813	0.273	0.103	2.6302313942071e-49
RAB8A	2	3.17477665554833e-53	1.09759082749602	0.437	0.227	6.35653781973888e-49
AAK1	2	5.67334209812484e-53	1.02111648240169	0.479	0.262	1.13591655488656e-48
GPR108	2	5.4847540288836e-52	1.37409665846273	0.285	0.113	1.09815745166307e-47
ATP6V0D1	2	3.02558665316559e-51	1.14486323332519	0.403	0.202	6.05782959696815e-47
FUCA1	2	6.42612729901279e-51	1.60603472433976	0.262	0.102	1.28663920780834e-46
RPL39	2	8.13330675398797e-51	0.348228771309291	0.998	0.999	1.62845067828347e-46
ELMO1	2	1.10096641220892e-50	1.22917810223267	0.308	0.129	2.20435495052471e-46
TBRG1	2	1.38809437515652e-50	1.37532198679356	0.254	0.094	2.77924255793839e-46
BAG1	2	1.88622748187026e-50	1.29130476020247	0.319	0.139	3.77660466420063e-46
HEXB	2	2.39743133565415e-50	1.00361125355238	0.424	0.215	4.80013702024675e-46
IQGAP1	2	2.69779961748918e-50	0.965290746243149	0.506	0.287	5.40153439413683e-46
C10orf11	2	2.83942859992172e-50	1.357253015476	0.273	0.108	5.68510394276326e-46
GSTO1	2	5.02620207078683e-50	0.971504452815407	0.563	0.362	1.00634617861294e-45
SRSF7	2	5.25129796682834e-49	0.921263863771209	0.773	0.626	1.05141487891837e-44
RPL36AL	2	1.78593589274163e-48	0.510909958739173	0.905	0.813	3.57580084444729e-44
MOB1A	2	1.88950459657451e-48	0.998350150862751	0.484	0.276	3.78316610326148e-44
MT2A	2	3.29279084151836e-48	0.744165860956977	0.397	0.198	6.59282582288805e-44
RBPJ	2	3.9692877051034e-48	0.899305183496014	0.602	0.397	7.94730784315803e-44
YME1L1	2	6.58817764708154e-48	1.30618096323775	0.501	0.317	1.31908492849867e-43
LIMD2	2	1.1841177071077e-47	1.07427672175295	0.334	0.15	2.37084047317103e-43
TMEM219	2	5.36757691166855e-47	0.965634211841912	0.469	0.265	1.07469624925428e-42
MBOAT7	2	5.61616958469957e-47	1.39930272104308	0.265	0.108	1.12446947424855e-42
LPCAT2	2	9.15008175361603e-47	1.07461686217369	0.301	0.127	1.832029368709e-42
ANKRD13D	2	1.1526870345751e-46	1.33066822988504	0.256	0.101	2.30790998062626e-42
NOP10	2	2.9192226376849e-46	0.93582020649096	0.496	0.29	5.84486756517271e-42
NFKB1	2	3.7353490614283e-46	1.62963854467428	0.267	0.111	7.47891589079175e-42
BID	2	5.36045543230575e-46	1.11909873893555	0.348	0.165	1.07327038665626e-41
TMEM123	2	6.66594864618738e-46	0.995092812890589	0.421	0.223	1.33465623793964e-41
EIF2AK4	2	6.92982515374147e-46	1.08465143646493	0.375	0.187	1.38748959228212e-41
POLR2A	2	1.48766413582331e-45	1.42043363983979	0.293	0.129	2.97860113274544e-41
HSD17B11	2	1.49939454936496e-45	1.03051016650243	0.411	0.217	3.00208776673852e-41
CHPT1	2	2.90267463095477e-45	1.27152764132938	0.268	0.11	5.81173514609763e-41
TGOLN2	2	3.78755121977692e-45	0.924965745668708	0.492	0.289	7.58343505223734e-41
MTRNR2L8	2	8.10352665509826e-45	0.881668936881308	0.78	0.658	1.62248810688377e-40
ADAM9	2	1.39994690979057e-44	1.46039113489038	0.255	0.104	2.80297370278268e-40
ALKBH7	2	1.41584115148034e-44	1.01875473981292	0.452	0.258	2.83479715349393e-40
IL10RB	2	1.69724884911738e-44	1.2770738591031	0.291	0.128	3.39823164570283e-40
CAST	2	2.42540040622489e-44	0.855166532405667	0.554	0.349	4.85613669334348e-40
IVNS1ABP	2	2.55219071194791e-44	1.13025375380416	0.388	0.202	5.1099962434621e-40
UBAC2	2	3.21725474517785e-44	1.3348572049054	0.343	0.168	6.4415874507951e-40
ATP6AP2	2	4.45051326079512e-44	0.918658240249561	0.589	0.411	8.91081765076399e-40
CEP170	2	4.88419602388125e-44	1.05027781013267	0.429	0.237	9.77913727901503e-40
ACTR2	2	9.77930413455025e-44	0.803650240714669	0.599	0.399	1.95801227381965e-39
RTN4	2	1.11992344585432e-43	0.784478770206185	0.568	0.357	2.24231072328952e-39
RPS13	2	1.88070920692267e-43	0.443209953488715	0.997	0.989	3.76555597410057e-39
TGIF1	2	2.75835569871599e-43	1.4754347789228	0.275	0.121	5.52277977996915e-39
SRA1	2	5.25816486554191e-43	1.13922230383605	0.332	0.159	1.0527897693788e-38
BROX	2	7.24925427340754e-43	1.27178553074224	0.265	0.111	1.45144569062166e-38
PSME1	2	7.50529410865821e-43	0.875358309637931	0.506	0.309	1.50270998643555e-38
EEF1B2	2	1.51436164105436e-42	0.526301618356202	0.901	0.844	3.03205487771905e-38
JDP2	2	2.07415651876791e-42	1.0385482673848	0.372	0.19	4.1528761818771e-38
ARPC1B	2	3.02680808659871e-42	0.465066997447545	0.876	0.767	6.06027515098794e-38
HMGB2	2	3.70252869606606e-42	0.333138385637336	0.53	0.329	7.41320295526347e-38
GRASP	2	3.85573271554557e-42	1.6507782955801	0.311	0.151	7.71994804306533e-38
MIS18BP1	2	4.77155502053696e-42	0.797192311178543	0.445	0.245	9.5536074621191e-38
PLXDC2	2	9.42189665430121e-42	0.719674602026607	0.581	0.374	1.88645214812419e-37
ARRDC3	2	1.27187627098286e-41	1.20126842471262	0.366	0.191	2.54655066976187e-37
HSPD1	2	1.68380525200303e-41	1.34160251716638	0.804	0.764	3.37131487556047e-37
DNAJB6	2	2.52767555358147e-41	0.960595080242367	0.722	0.602	5.06091199338081e-37
PPP1R14B	2	3.73632352967398e-41	0.475389192540274	0.347	0.164	7.48086697111325e-37
GABARAPL1	2	5.67768277372893e-41	1.2396279043703	0.347	0.177	1.13678564495601e-36
ACTR3	2	6.90248226068162e-41	0.926089567631116	0.469	0.28	1.38201499823367e-36
DRAP1	2	7.65306401590975e-41	0.764606387859307	0.634	0.446	1.53229647726545e-36
TMEM2	2	2.63558169871315e-40	0.956510412007783	0.327	0.157	5.27696167716346e-36
SLC20A1	2	3.56108019688242e-40	1.34588488444432	0.28	0.128	7.12999477019798e-36
MGST2	2	4.14419013585486e-40	0.753440760144648	0.381	0.193	8.29749749000859e-36
ACTB	2	4.19699166176619e-40	0.439484261497435	0.996	0.966	8.40321670518827e-36
PQLC3	2	5.73532028673936e-40	1.29285982660158	0.255	0.109	1.14832582781096e-35
PSME2	2	1.43916264850737e-39	1.21855390449591	0.46	0.281	2.88149145484145e-35
TAF10	2	1.96245614131171e-39	0.858412622846637	0.464	0.276	3.92922968613432e-35
ISG15	2	2.39250785366077e-39	1.54713080306554	0.447	0.27	4.79027922459959e-35
MSN	2	2.91201334461991e-39	0.748692825020539	0.507	0.306	5.83043311859798e-35
CISD2	2	1.70170165208927e-38	1.12066145628228	0.301	0.143	3.40714704781313e-34
HEXIM1	2	1.81511142384664e-38	1.2475915824793	0.303	0.147	3.63421609282573e-34
PLBD1	2	2.862443121305e-38	1.07079646241119	0.338	0.173	5.73118361747688e-34
GNAQ	2	6.62051469332824e-38	1.12759483374761	0.278	0.127	1.32555945189818e-33
RAP1A	2	2.11951917509755e-37	0.868009461174354	0.433	0.248	4.24370129238031e-33
VPS28	2	8.56709995587341e-37	0.73341049026348	0.533	0.342	1.71530475316497e-32
TRA2B	2	8.65941736803883e-37	1.00250157344161	0.636	0.496	1.73378854542873e-32
YWHAB	2	1.45044048918602e-36	0.485051471567961	0.787	0.647	2.90407194744825e-32
FKBP2	2	4.56604447477252e-36	0.804097026627601	0.458	0.275	9.14213424738953e-32
LAMTOR1	2	6.80083377950745e-36	0.789938989107492	0.494	0.311	1.36166293933298e-31
CD44	2	7.19110884973984e-36	0.65229204026856	0.543	0.331	1.43980381389491e-31
CREBRF	2	4.65463804626193e-35	0.956604276695883	0.362	0.197	9.31951629622563e-31
RPL41	2	5.1148360847757e-35	0.265497669004014	1	1	1.02409248089379e-30
LINC-PINT	2	6.21655028948814e-35	1.16711160570428	0.256	0.118	1.24467769896132e-30
H2AFY	2	8.39693137363588e-35	0.686278467222209	0.58	0.398	1.68123359962938e-30
LTA4H	2	1.33995697396604e-34	1.15313506293497	0.263	0.122	2.6828618532748e-30
C9orf89	2	1.38337092402632e-34	1.12236321737131	0.266	0.125	2.7697852640855e-30
ABHD12	2	1.5553018532033e-34	1.17213997489421	0.253	0.116	3.11402537048365e-30
RPL36	2	2.89196051900716e-34	0.271832653525667	0.999	0.999	5.79028335115614e-30
DNAJB4	2	3.71588908316373e-34	1.52539804272741	0.349	0.202	7.43995312231042e-30
PGK1	2	7.04429181763891e-34	0.809579968401832	0.491	0.31	1.41040810772766e-29
C1orf63	2	9.71407743747989e-34	0.580208439762382	0.752	0.604	1.94495258453222e-29
HIGD2A	2	1.09036497958471e-33	0.759012547442386	0.524	0.351	2.18312876212451e-29
RANBP2	2	1.15421198795356e-33	1.28107329913459	0.39	0.236	2.31096324228062e-29
JOSD1	2	1.20895567531234e-33	0.960566039999993	0.369	0.209	2.42057105311036e-29
UQCR10	2	1.39339959082126e-33	0.565778682792739	0.722	0.582	2.78986466074233e-29
POLD4	2	1.71329173974207e-33	0.903540559235624	0.398	0.234	3.43035272131157e-29
ZSWIM7	2	1.98587556130076e-33	0.969707878945477	0.33	0.175	3.97612004883638e-29
TSEN34	2	2.28998377841794e-33	1.06676063745929	0.346	0.189	4.58500552114841e-29
LEPROTL1	2	2.32837865912622e-33	0.68293087912511	0.355	0.186	4.66187975130252e-29
ARF6	2	3.91901316118727e-33	1.1418190162012	0.271	0.131	7.84664815132916e-29
LAMP2	2	4.81700927622453e-33	0.829208775150764	0.489	0.319	9.64461597285675e-29
JARID2	2	6.12154339525537e-33	1.13754993827803	0.258	0.122	1.22565541859803e-28
MIF4GD	2	1.26435449058394e-32	1.09775015965854	0.255	0.119	2.53149056104715e-28
YBX1	2	2.28566066316097e-32	0.363613011233605	0.949	0.911	4.57634977978089e-28
ARID4A	2	3.12251483301866e-32	0.912216893396263	0.317	0.164	6.25189919866995e-28
SSR3	2	1.27770853333486e-31	0.685105376679932	0.555	0.382	2.55822802544306e-27
SLC3A2	2	1.82183319326958e-31	0.705485580874222	0.501	0.328	3.64767441956435e-27
VASP	2	2.51519402715538e-31	1.04025391342808	0.255	0.121	5.03592148117051e-27
VPS29	2	3.67530420971434e-31	0.74953638362354	0.469	0.301	7.35869408869006e-27
C19orf24	2	4.75335067018488e-31	0.888702212723005	0.303	0.155	9.51715871184417e-27
FAM46A	2	4.80247248659896e-31	1.11323182670754	0.418	0.258	9.61551041266844e-27
EMB	2	5.2053069797771e-31	0.835360747180933	0.358	0.199	1.04220656349097e-26
GNS	2	6.18063976157871e-31	0.991899302390748	0.336	0.187	1.23748769306329e-26
CHD1	2	6.55367245417078e-31	0.888010173068114	0.379	0.221	1.31217629877407e-26
MAX	2	1.71493908721426e-30	0.878903710078904	0.343	0.189	3.43365104042038e-26
MRPL18	2	2.03309594899279e-30	1.32250528835011	0.412	0.271	4.07066470907335e-26
RUNX1	2	8.18378805869505e-30	0.699280431347514	0.406	0.238	1.63855804511192e-25
AGFG1	2	1.0057981782375e-29	1.05383397755232	0.273	0.139	2.01380911246713e-25
EIF4E	2	1.14243232685146e-29	1.67975165502254	0.272	0.145	2.287378004822e-25
NANS	2	3.36476876779243e-29	0.937713908841357	0.35	0.202	6.73694002687399e-25
TRAPPC1	2	3.59402634151355e-29	0.75032432447548	0.366	0.208	7.19595954097844e-25
PDE4B	2	4.13691932904177e-29	0.982654730240992	0.334	0.188	8.28293988060743e-25
EPS15	2	6.38832847905446e-29	1.13061398473636	0.277	0.145	1.27907112807628e-24
IFNGR2	2	7.31245437344089e-29	0.768970460754735	0.481	0.325	1.46409961465033e-24
TLE4	2	8.20181901398401e-29	0.982320489538798	0.25	0.121	1.64216820297988e-24
MYL12A	2	9.69970845694749e-29	0.39187442472031	0.836	0.742	1.94207562725003e-24
ANXA11	2	1.02345454248658e-28	0.822869402129354	0.368	0.217	2.04916068496663e-24
GNPTAB	2	1.31314922843116e-28	1.04161031122557	0.256	0.128	2.62918738516486e-24
MYH9	2	1.32368817095947e-28	0.535634788357588	0.32	0.167	2.65028845589504e-24
ERP29	2	1.88281317254798e-28	0.612306603746687	0.593	0.445	3.76976853407557e-24
STX8	2	1.98334015726699e-28	0.946947715478485	0.282	0.147	3.97104366287996e-24
YPEL3	2	2.61280372733844e-28	0.7478602352695	0.482	0.324	5.23135562287703e-24
MAPRE1	2	2.89043601425768e-28	0.868132876766232	0.314	0.171	5.78723098774673e-24
CYLD	2	6.20500714589037e-28	0.977008722324341	0.262	0.132	1.24236653075017e-23
KIAA1551	2	8.2623252374107e-28	0.678649098575383	0.325	0.178	1.65428275903437e-23
KDM2A	2	1.08449139813402e-27	1.02344398629533	0.279	0.148	2.17136867734394e-23
RN7SL1	2	1.83376608330414e-27	0.883295479196062	0.307	0.168	3.67156645199154e-23
USF2	2	2.95040660827976e-27	0.703327997465919	0.422	0.264	5.90730411109774e-23
RPL29	2	5.36086644445514e-27	0.258825722701248	0.998	0.996	1.07335267950881e-22
ZCCHC6	2	9.53538393850774e-27	1.05117265198952	0.267	0.14	1.90917457216802e-22
COMMD9	2	1.05907443685517e-26	0.953511907822666	0.268	0.14	2.12047883747142e-22
UBE2L3	2	1.21181812690369e-26	0.710438342136564	0.414	0.261	2.42630225368656e-22
FKBP5	2	1.47586956841942e-26	0.534075799152029	0.587	0.419	2.95498604988935e-22
SLC40A1	2	3.7439020768421e-26	1.30737442514258	0.369	0.24	7.49604073825326e-22
NCOA7	2	4.09555296554944e-26	0.689419182831238	0.253	0.126	8.20011614762308e-22
PDE4DIP	2	4.51856891177597e-26	0.824040292583061	0.288	0.155	9.04707867515785e-22
RNPEP	2	6.29485753852404e-26	0.895438391162494	0.269	0.142	1.26035637636328e-21
CTBS	2	8.01293734775965e-26	0.898883942850569	0.265	0.139	1.60435031576844e-21
REEP5	2	1.20687045915618e-25	0.609495498918539	0.51	0.349	2.41639603332251e-21
CD2AP	2	1.53207642615299e-25	0.900507880164342	0.27	0.144	3.06752342044352e-21
CHMP4B	2	1.94182808901881e-25	0.869158807758203	0.286	0.156	3.88792819983346e-21
KATNBL1	2	2.53756365750822e-25	0.928971553053032	0.251	0.13	5.08070995506297e-21
ARL8B	2	2.71820788138287e-25	0.899695094204314	0.285	0.156	5.44239582010479e-21
ERP44	2	2.98985867121751e-25	0.752437002928646	0.382	0.237	5.98629503151171e-21
PGP	2	4.67621201489754e-25	0.789019614518925	0.347	0.207	9.36271169622785e-21
IRS2	2	6.75849022560429e-25	1.02638784569695	0.264	0.141	1.35318491297049e-20
NIN	2	9.25591501597408e-25	0.927522486526471	0.256	0.135	1.85321930449833e-20
CYCS	2	9.30247312916685e-25	1.25301136727548	0.5	0.373	1.86254116992179e-20
MBD2	2	1.05809919904892e-24	0.882188905764331	0.292	0.163	2.11852621633576e-20
UBE2L6	2	1.54794734930869e-24	0.910501849160898	0.265	0.142	3.09930018278585e-20
CLNS1A	2	1.8908075352261e-24	0.884842135040746	0.328	0.197	3.78577484702969e-20
KLF3	2	2.00234750334683e-24	0.764245581168424	0.347	0.207	4.00910017120102e-20
MED29	2	2.06310350848731e-24	0.993948499852299	0.272	0.148	4.13074584469329e-20
SEC14L1	2	2.16640273683987e-24	0.539458232149936	0.453	0.299	4.33757155970079e-20
LSM10	2	3.20448023383499e-24	0.755018109942138	0.347	0.208	6.41601032418443e-20
NEU1	2	3.23786809295322e-24	1.00681001568142	0.356	0.229	6.48285949571093e-20
DDX27	2	3.90187237171346e-24	0.833187124420764	0.366	0.229	7.81232886264469e-20
RNF114	2	5.94190607609773e-24	0.868388248938714	0.298	0.17	1.18968843455629e-19
PCBP1	2	1.95207112300178e-23	0.560384162626013	0.558	0.405	3.90843680247416e-19
STAT1	2	3.68365901470148e-23	0.909702793454573	0.313	0.185	7.37542207923531e-19
AIP	2	4.9889106795408e-23	0.731938438794579	0.327	0.193	9.98879696257659e-19
QKI	2	9.77048792527215e-23	0.552112680002617	0.657	0.542	1.95624709239799e-18
CCDC23	2	1.64200954852224e-22	0.93413490402366	0.267	0.15	3.28763151805124e-18
NFE2L2	2	1.64759307797445e-22	0.616475860924589	0.556	0.409	3.29881086072045e-18
PEA15	2	2.17389659051372e-22	1.00529960370515	0.255	0.142	4.35257575352657e-18
SNHG12	2	3.19122650452272e-22	0.96803483135613	0.274	0.156	6.38947370735539e-18
ATP5G2	2	3.46498726273595e-22	0.364815108694137	0.872	0.828	6.93759749744992e-18
GYPC	2	6.74129151811694e-22	0.728402133772483	0.426	0.304	1.34974138775737e-17
PGLS	2	1.02952550276614e-21	0.596075855030833	0.523	0.385	2.06131596163836e-17
MEF2A	2	1.12707283342466e-21	0.606003796743617	0.552	0.414	2.25662522708285e-17
TALDO1	2	1.24055488616715e-21	0.641937940967675	0.508	0.367	2.48383899308387e-17
DBI	2	1.83384561531253e-21	0.533707715361208	0.617	0.493	3.67172569097875e-17
PTGER4	2	2.25538594862316e-21	0.889203776458164	0.315	0.189	4.51573374633329e-17
EMP3	2	2.5248157971269e-21	0.569503544259507	0.56	0.42	5.05518618900748e-17
VAMP3	2	2.93215351585731e-21	0.826289935504871	0.266	0.15	5.8707577694495e-17
DPP7	2	4.55575812138215e-21	0.488220551922661	0.561	0.411	9.12153891063134e-17
COX8A	2	7.70774722742174e-21	0.510560807884004	0.59	0.454	1.54324514987438e-16
PPCS	2	1.12174715407168e-20	0.666209494939189	0.326	0.198	2.24596215188233e-16
C17orf62	2	1.23146450022588e-20	0.65131294620934	0.35	0.219	2.46563822235226e-16
CHMP4A	2	1.23835891349524e-20	0.683019580684479	0.369	0.237	2.47944221660018e-16
STX12	2	1.50244597819e-20	0.773472644776977	0.291	0.172	3.00819733753202e-16
FGFR1OP2	2	2.00821476249468e-20	0.602251967606606	0.407	0.269	4.02084759746685e-16
DMXL2	2	2.52578698190484e-20	0.903105046078422	0.284	0.17	5.05713069516987e-16
ALDOA	2	3.2190889160236e-20	0.443877247329962	0.742	0.658	6.44525982766246e-16
BRI3	2	3.30468550958346e-20	0.30370262138853	0.86	0.768	6.61664132728801e-16
NUDT3	2	3.38706709372782e-20	0.565852292166126	0.437	0.298	6.78158573506184e-16
RPS11	2	3.84975372068547e-20	0.285077877575674	0.964	0.938	7.70797689955645e-16
VTI1B	2	9.15910933287344e-20	0.776690869286949	0.273	0.16	1.83383687062792e-15
C1orf43	2	1.40740541065782e-19	0.577350296370555	0.409	0.275	2.81790711321909e-15
MXD4	2	3.20958443513685e-19	0.659436406154946	0.307	0.186	6.426229956031e-15
STIP1	2	3.22286244405335e-19	0.809222179913818	0.258	0.149	6.45281518548361e-15
SP100	2	3.4066839361604e-19	0.574807896303403	0.383	0.251	6.82086257698035e-15
UBE2S	2	3.77628098197545e-19	0.787359673529762	0.378	0.262	7.56086978211125e-15
C6orf62	2	4.0042005954646e-19	0.76452306847472	0.36	0.241	8.01721043223923e-15
PPP1CA	2	7.93061304047034e-19	0.730420232682414	0.263	0.153	1.58786734296297e-14
PEPD	2	9.57073508580628e-19	0.721186068944206	0.3	0.185	1.91625257888013e-14
FEZ2	2	1.18161424807913e-18	0.663802094377296	0.349	0.226	2.36582804750404e-14
DUSP23	2	1.62577062748796e-18	0.513789312424227	0.27	0.157	3.25511795035639e-14
PPP1R15B	2	3.50272209649204e-18	1.05719406776033	0.279	0.175	7.01315018159636e-14
PABPC4	2	3.59800611243663e-18	0.501290310896112	0.528	0.398	7.20392783832063e-14
RPS10	2	3.83784339354555e-18	0.45885241437302	0.64	0.534	7.6841300425569e-14
GAA	2	4.75934599524171e-18	0.69727022387945	0.366	0.247	9.52916255167295e-14
FKBP4	2	5.95053953031622e-18	1.04990490582631	0.324	0.213	1.19141702475991e-13
IRF2	2	1.04618934216832e-17	0.748409938092264	0.275	0.167	2.09468030088941e-13
DCP2	2	1.52834567569841e-17	0.639286443614233	0.347	0.227	3.06005371188335e-13
LAMTOR2	2	1.54392885220137e-17	0.569225168140908	0.458	0.335	3.09125434787758e-13
SMG1	2	3.80705908644914e-17	0.569796957638155	0.392	0.268	7.62249370288846e-13
NDUFS8	2	4.30085897977704e-17	0.559379368509722	0.39	0.268	8.6111798493096e-13
PHKB	2	6.41696738829308e-17	0.780881399156063	0.256	0.154	1.28480521048404e-12
UBB	2	6.90299183903222e-17	0.633332159280447	0.941	0.938	1.38211702601103e-12
MAF1	2	2.00638896526078e-16	0.715283158483669	0.292	0.185	4.01719198624513e-12
DEGS1	2	4.70931608538311e-16	0.629037087908058	0.296	0.189	9.42899266615406e-12
SERTAD1	2	5.36702306731334e-16	0.755242554577059	0.313	0.209	1.07458535853748e-11
HGSNAT	2	8.30958339899525e-16	0.692355489872652	0.276	0.173	1.66374478814683e-11
TPRKB	2	1.13130988711437e-15	0.602458486641747	0.266	0.163	2.2651086559804e-11
MTRNR2L12	2	1.3975636541465e-15	0.291348667432435	0.999	0.998	2.79820194833212e-11
ACAA1	2	2.26590035373349e-15	0.651791191438365	0.281	0.179	4.5367856882452e-11
EIF3J	2	2.29813700798282e-15	0.540984550768036	0.352	0.239	4.60132991738319e-11
TMEM256	2	2.3576339753804e-15	0.631032149417141	0.264	0.164	4.72045474550664e-11
CDKN1B	2	3.07875432148581e-15	0.750925536011047	0.28	0.182	6.16428190247888e-11
PHYH	2	3.78476403714832e-15	1.02466244137911	0.27	0.177	7.57785455517838e-11
LAMP1	2	3.97995736393009e-15	0.63068637803313	0.43	0.328	7.96867063406083e-11
TANK	2	4.47417451490378e-15	0.620261073362268	0.301	0.195	8.95819221374035e-11
DNTTIP2	2	5.35700819678426e-15	0.74685003766509	0.295	0.194	1.07258018116014e-10
ZNF706	2	5.78643900651069e-15	0.409369790596548	0.602	0.485	1.15856081788357e-10
DUSP2	2	5.88439372403507e-15	1.18938020511075	0.328	0.239	1.1781733114263e-10
TXNDC12	2	6.04851061169141e-15	0.596080289332104	0.351	0.241	1.21103279467285e-10
NUDT1	2	7.35010339517807e-15	0.484724055597642	0.346	0.231	1.47163770178255e-10
MBNL1	2	7.99102076611758e-15	0.407942739458808	0.498	0.371	1.59996217779206e-10
BASP1	2	8.33340911357456e-15	0.745908369102542	0.366	0.261	1.6685151727199e-10
LIMS1	2	1.04763161338708e-14	0.491475650937864	0.485	0.373	2.0975680163236e-10
MAP3K2	2	1.27278242151849e-14	0.632415001505523	0.393	0.284	2.54836496436431e-10
CHMP5	2	1.68948531353752e-14	0.589779517018932	0.318	0.213	3.38268749476482e-10
GGA1	2	1.83766479423273e-14	0.618668236472197	0.286	0.185	3.67937245101277e-10
TRIM22	2	2.15044203611925e-14	0.582970334571769	0.315	0.209	4.30561504471796e-10
VIMP	2	2.65483515894759e-14	0.613813242437237	0.327	0.222	5.31551095524487e-10
ADPGK	2	3.05088455518524e-14	0.576586203727505	0.324	0.219	6.10848105639189e-10
PRMT2	2	3.20089575472462e-14	0.461410645699392	0.445	0.327	6.40883348010964e-10
SRGAP2	2	3.38448440982751e-14	0.57647004450312	0.34	0.233	6.77641468535663e-10
ANKRD12	2	3.53960402034294e-14	0.44528978216453	0.5	0.376	7.08699516953064e-10
ALG13	2	3.95634598585026e-14	0.863923963182492	0.28	0.184	7.9213959328694e-10
CAPZA1	2	4.73648523234918e-14	0.543719518489275	0.357	0.25	9.48339073220953e-10
RPL36A	2	6.46461699345311e-14	0.468627652192957	0.417	0.301	1.29434561442918e-09
UBE2A	2	7.49470153110518e-14	0.62032384426492	0.308	0.208	1.50058914055788e-09
GTF3A	2	8.20715267138018e-14	0.427842681000982	0.437	0.323	1.64323610786374e-09
NECAP2	2	1.00108326886987e-13	0.718049699051588	0.315	0.217	2.00436892093126e-09
ZYX	2	1.01110953652271e-13	0.491277701218781	0.374	0.265	2.02444351402577e-09
ADIPOR1	2	1.12271284031535e-13	0.69429891761971	0.287	0.194	2.24789564887939e-09
SELT	2	2.20525637757498e-13	0.556062493107068	0.319	0.218	4.41536431918063e-09
SDHD	2	2.88525842705517e-13	0.529484882233687	0.297	0.197	5.77686442264987e-09
FIBP	2	3.04454050260543e-13	0.636671001032765	0.264	0.171	6.0957789943166e-09
APOE	2	3.54161700499704e-13	1.29991238833455	0.646	0.666	7.09102556740507e-09
UGP2	2	4.15952722074412e-13	0.60177051181743	0.308	0.211	8.32820540137388e-09
BAZ2B	2	4.4035807361583e-13	0.486851219577345	0.331	0.225	8.81684934993614e-09
SSR1	2	4.94608248644551e-13	0.516794412746437	0.356	0.252	9.9030463543612e-09
CTDNEP1	2	5.86391415294568e-13	0.66345876276337	0.251	0.162	1.17407289170278e-08
P4HA1	2	6.48534991482493e-13	0.474187532487365	0.444	0.337	1.29849675994625e-08
SNX5	2	6.94156853068534e-13	0.570413537905773	0.293	0.197	1.38984085121382e-08
IFNAR1	2	9.36297507287142e-13	0.510340960490469	0.359	0.256	1.87465486909032e-08
ATF6	2	1.12983949091806e-12	0.646166787460092	0.318	0.222	2.26216462871614e-08
C4orf48	2	1.29689966837258e-12	0.324191146395931	0.411	0.294	2.59665251601558e-08
PPP2R5C	2	1.36230526488151e-12	0.460437483932313	0.26	0.167	2.72760760134576e-08
TCP1	2	1.58123033064652e-12	0.57520571548229	0.423	0.325	3.16593936802046e-08
RNF145	2	1.83626756148514e-12	0.575442049876189	0.253	0.163	3.67657491160554e-08
GSTK1	2	1.87826154150111e-12	0.366479133545202	0.533	0.421	3.76065525839353e-08
DPYSL2	2	4.78943881765655e-12	0.454568502141952	0.364	0.262	9.58941440071195e-08
PAK2	2	5.41085924729907e-12	0.45312343964256	0.479	0.378	1.08336223849422e-07
FAR1	2	5.61823745022824e-12	0.550683466239039	0.264	0.174	1.1248835022847e-07
NUMB	2	5.92155969555269e-12	0.616236491406818	0.309	0.218	1.18561468224356e-07
CDV3	2	5.95849750388275e-12	0.378555176968986	0.53	0.423	1.1930103702274e-07
EGR1	2	8.58671736537016e-12	1.25421290129429	0.331	0.251	1.71923255089441e-07
GAS6	2	1.10535968550269e-11	0.619321414195989	0.333	0.241	2.21315116231348e-07
RNF213	2	1.11620641139715e-11	0.427518197918984	0.526	0.426	2.23486847689937e-07
DDRGK1	2	1.24397695350972e-11	0.527160426615865	0.29	0.199	2.49069065631716e-07
DBNL	2	1.37656421915981e-11	0.506679770672124	0.295	0.202	2.75615687960178e-07
RAB10	2	1.66525122173049e-11	0.473644428742006	0.362	0.265	3.33416599614879e-07
SYF2	2	1.87509230448481e-11	0.336780652042556	0.523	0.412	3.75430981203949e-07
IKBIP	2	2.7325045063387e-11	0.47296674556739	0.308	0.214	5.47102052259134e-07
SPCS3	2	4.50593857213186e-11	0.397533751639539	0.422	0.319	9.02179020912242e-07
FILIP1L	2	5.303176577573e-11	0.450438660649271	0.32	0.227	1.06180201436167e-06
HAGH	2	8.6326279063808e-11	0.465569230253748	0.278	0.19	1.72842475941556e-06
RNF181	2	9.57514643592115e-11	0.461455811471871	0.388	0.292	1.91713581940013e-06
EIF2S3	2	1.27942001810671e-10	0.462318376293228	0.33	0.238	2.56165476025326e-06
ITGA4	2	1.38735930414351e-10	0.357716257793167	0.263	0.175	2.77777079875614e-06
AP2S1	2	1.98517244995496e-10	0.279517374871065	0.713	0.644	3.97471227929982e-06
VMA21	2	2.8391768073738e-10	0.466083326509728	0.293	0.206	5.68459980372382e-06
SLC9A9	2	3.68152905901701e-10	0.549068783204642	0.255	0.175	7.37115748196386e-06
BACH1	2	4.10728470386595e-10	0.437194337565376	0.319	0.23	8.22360543408041e-06
PARL	2	4.61992149442652e-10	0.502853669449484	0.272	0.19	9.25000681614078e-06
TACC1	2	5.15464503480309e-10	0.28965658253807	0.472	0.369	1.03206302886827e-05
TXNDC17	2	5.37990436958886e-10	0.383227523302536	0.295	0.206	1.07716445287908e-05
ROCK1	2	5.58712177278894e-10	0.393020408900608	0.443	0.345	1.1186535213478e-05
DDX3Y	2	6.66640320926413e-10	0.67544867027876	0.441	0.373	1.33474725055886e-05
TMEM50A	2	6.94607020296647e-10	0.361299111557341	0.448	0.35	1.39074217603795e-05
CHD2	2	7.19737632151086e-10	0.374861607622916	0.518	0.421	1.4410586870929e-05
MIDN	2	8.24673451001204e-10	0.688667854400374	0.304	0.225	1.65116118359461e-05
HNRNPU	2	8.27056547271363e-10	0.537950893871326	0.728	0.703	1.65593261894672e-05
KPNA4	2	8.84936947465426e-10	0.483177976554224	0.275	0.191	1.77182075621528e-05
CMTM3	2	1.00145105346594e-09	0.511487492973731	0.289	0.208	2.0051052992495e-05
MT-ND1	2	1.00439505533396e-09	0.286398178693066	1	0.999	2.01099977978965e-05
UXT	2	1.1851174027715e-09	0.376618759908254	0.433	0.342	2.3728420638291e-05
PSMB8	2	1.19799266072964e-09	0.387088404904815	0.368	0.278	2.39862090531289e-05
BLOC1S1	2	1.38974388698938e-09	0.337285667086095	0.487	0.385	2.78254521053014e-05
RHOA	2	1.69779495061181e-09	0.254877890953857	0.765	0.722	3.39932505011496e-05
IFI44	2	1.76701986232785e-09	0.468966945868248	0.272	0.194	3.53792716835282e-05
USP36	2	3.30117932352185e-09	0.703558908186558	0.28	0.204	6.60962124155545e-05
NCOR1	2	5.85389541247553e-09	0.458843562831552	0.31	0.228	0.000117206693948585
RSRC1	2	1.15872859799697e-08	0.412474985211022	0.294	0.213	0.000232000639890954
FAM107B	2	1.21506086422576e-08	0.341004581929293	0.305	0.221	0.000243279486235281
ARPC4	2	2.18032817643089e-08	0.460485657267461	0.34	0.261	0.000436545307484993
NAPA	2	2.19188774996643e-08	0.46977020643696	0.285	0.209	0.000438859765298279
GNPDA1	2	2.55036308584102e-08	0.499596965256967	0.262	0.19	0.000510633697047088
FAM162A	2	2.55926155882906e-08	0.404214132140452	0.331	0.25	0.000512415349308753
ACSL3	2	3.55371087961772e-08	0.488865764618456	0.258	0.186	0.000711523992317061
KRAS	2	4.42206666776795e-08	0.349971884099721	0.261	0.185	0.0008853861882205
RRP7A	2	4.86869269270965e-08	0.431433142914907	0.28	0.205	0.000974809650934326
TUBB4B	2	6.96069036046825e-08	0.297943639640836	0.39	0.313	0.00139366942397295
CMPK1	2	7.74981166625163e-08	0.395085241614986	0.314	0.237	0.0015516672918169
TECR	2	8.11591125755584e-08	0.378441847533896	0.39	0.308	0.00162496775198783
PSMG2	2	8.20914036054688e-08	0.364519971611831	0.371	0.289	0.0016436340829887
RHOQ	2	9.58586179070928e-08	0.380932288712222	0.318	0.241	0.00191928124773581
TMEM160	2	1.08455366509048e-07	0.411851602303302	0.345	0.27	0.00217149334824416
RPL22L1	2	1.129800576242e-07	0.354846194436087	0.441	0.358	0.00226208671375174
AFF4	2	1.35528007563962e-07	0.377902613907171	0.466	0.387	0.00271354176744564
PPA1	2	1.55241232190005e-07	0.588740645943672	0.334	0.266	0.00310823995090828
PPP1CB	2	1.99317746369142e-07	0.336641518629496	0.475	0.396	0.00399073991780297
SCP2	2	2.0902894027086e-07	0.261022643840188	0.374	0.29	0.00418517744210315
SDCCAG8	2	2.26258328036082e-07	0.39601656247785	0.3	0.227	0.00453014424393843
CTSL	2	2.40647784501965e-07	0.713881981053165	0.437	0.392	0.00481824994129835
FMNL2	2	2.73553911040746e-07	0.588019617512012	0.251	0.188	0.00547709640685781
CIB1	2	3.21674982127894e-07	0.286489639415454	0.464	0.381	0.0064405764921647
VPS26A	2	3.3189544499897e-07	0.41754241241213	0.273	0.204	0.00664521059976938
ZFHX3	2	3.48165506769386e-07	0.462318376293228	0.289	0.221	0.00697096977653665
ATP2B1	2	5.41398902745334e-07	0.259576086061382	0.389	0.306	0.0108398888307671
TRMT112	2	5.56506379845606e-07	0.252417387632676	0.594	0.519	0.0111423707372687
VPS35	2	6.98122330948362e-07	0.375865477114879	0.411	0.339	0.0139778053102481
SFT2D1	2	7.97082879096941e-07	0.371004543172455	0.343	0.271	0.015959193405279
PRPF40A	2	9.81525152651104e-07	0.330659979676222	0.39	0.313	0.0196520966063804
NSL1	2	1.48606693442954e-06	0.428974200150338	0.278	0.214	0.0297540321611482
PPP4C	2	1.87143530521498e-06	0.361370962721835	0.319	0.251	0.0374698776810144
PRNP	2	1.88594544876663e-06	0.439512405214463	0.324	0.259	0.0377603997752055
LDHA	2	1.90875911634025e-06	0.336473008713762	0.715	0.684	0.0382171750273645
SMEK1	2	1.93359282433011e-06	0.451601316500843	0.283	0.22	0.0387143955287375
CAV1	3	0	4.774543311208	0.824	0.114	0
S100A16	3	0	4.96013049182474	0.779	0.092	0
CLDN5	3	0	8.63180039046337	0.679	0.016	0
CDH5	3	0	7.75930101193461	0.67	0.009	0
ITGA6	3	0	5.4059374005481	0.688	0.039	0
SOX18	3	0	6.72540775201161	0.657	0.018	0
PRSS23	3	0	5.701745421463	0.675	0.038	0
VWF	3	0	8.26998671538165	0.652	0.023	0
CRIP2	3	0	4.42133118499255	0.693	0.068	0
EGFL7	3	0	4.84136255124255	0.758	0.135	0
ARHGAP29	3	0	4.49548558998709	0.684	0.077	0
ECSCR	3	0	7.84739827639022	0.609	0.005	0
SDPR	3	0	6.86614295377893	0.605	0.009	0
CXorf36	3	0	8.47994597562577	0.587	0.003	0
ESAM	3	0	7.80619915921907	0.582	0.007	0
TIE1	3	0	7.40823773859733	0.573	0.006	0
RASIP1	3	0	6.77246457607239	0.573	0.008	0
ECE1	3	0	4.04960768325946	0.6	0.053	0
RAPGEF5	3	0	5.26323950551765	0.553	0.025	0
ADAM15	3	0	4.39807782289627	0.58	0.053	0
AC011526.1	3	0	7.34827537842401	0.53	0.006	0
TM4SF1	3	0	6.63517111185437	0.535	0.017	0
ROBO4	3	0	7.55459847530969	0.521	0.005	0
CLEC14A	3	0	5.58244496753681	0.537	0.032	0
MCAM	3	0	6.29119979853825	0.503	0.013	0
PTPRB	3	0	8.46968399144584	0.472	0.003	0
SNCG	3	0	5.72252812023542	0.483	0.016	0
KANK3	3	0	6.2780639189042	0.47	0.01	0
AFAP1L1	3	0	5.74109819588159	0.472	0.015	0
ELTD1	3	0	6.59254939629329	0.463	0.009	0
MMRN2	3	0	8.03026233354003	0.454	0.003	0
AQP1	3	0	5.69847091570561	0.47	0.025	0
EFNA1	3	0	4.73986981208578	0.47	0.026	0
PLVAP	3	0	8.06575141825866	0.42	0.004	0
PODXL	3	0	8.29078988376325	0.409	0.002	0
MYCT1	3	0	6.91397529569979	0.411	0.005	0
ADCY4	3	0	6.41771400114698	0.409	0.007	0
MMRN1	3	0	9.13832207939748	0.404	0.003	0
BCL6B	3	0	8.5105912930706	0.393	0.001	0
ADIRF	3	0	6.80487270209137	0.402	0.014	0
CYYR1	3	0	7.59073027234044	0.391	0.003	0
TMEM255B	3	0	5.04878242151083	0.372	0.013	0
PCDH12	3	0	6.10826484554131	0.361	0.008	0
RAMP3	3	0	8.62137706124278	0.336	0.004	0
FLT4	3	0	6.06545176200233	0.323	0.008	0
NOS3	3	0	7.34576415926796	0.3	0.002	0
COX7A1	3	0	8.08272975343417	0.3	0.002	0
TM4SF18	3	0	8.93562545940196	0.298	0.001	0
NOSTRIN	3	0	6.80935340337891	0.298	0.005	0
SOX7	3	0	6.56077705023881	0.291	0.005	0
TINAGL1	3	0	7.69041233065541	0.28	0.002	0
NPR1	3	0	6.97927840482123	0.271	0.002	0
NOVA2	3	0	6.64583282019158	0.269	0.003	0
FILIP1	3	9.00835378943044e-306	5.55741019914041	0.323	0.01	1.80365259571976e-301
TSPAN18	3	1.2978199539222e-302	4.88065731647732	0.397	0.021	2.59849511174302e-298
CD34	3	2.6235181042633e-298	4.62410298560764	0.481	0.038	5.25280794835597e-294
APLNR	3	2.88592020765897e-297	5.51215480757513	0.433	0.028	5.7781894397748e-293
MMP28	3	6.39479093250496e-295	5.94572882332836	0.28	0.006	1.28036504050614e-290
TGM2	3	2.5848734484048e-289	6.41833278521861	0.28	0.007	5.17543361839609e-285
KRT18	3	3.02359684224751e-289	4.16791013400801	0.411	0.025	6.05384559754796e-285
LIMS2	3	1.68211152629384e-287	5.62713815580469	0.305	0.009	3.36792369794553e-283
DARC	3	2.0797760343314e-286	8.66141207235525	0.3	0.009	4.16412757593832e-282
HID1	3	1.95748609122274e-281	6.14190768936894	0.253	0.004	3.91927865184617e-277
FGD5	3	4.00335928445186e-281	4.67931133742216	0.345	0.015	8.01552595932951e-277
ERG	3	9.83779998161971e-281	3.96343082506182	0.483	0.041	1.9697243123199e-276
PCDH17	3	5.33648476202871e-278	5.14677634226646	0.334	0.014	1.06847097905339e-273
ICAM2	3	1.73268015060217e-277	4.60982775840393	0.503	0.048	3.46917219753567e-273
DPEP1	3	1.66169215974649e-274	5.68078791176701	0.318	0.013	3.32704004224443e-270
GPR116	3	1.95844708712112e-274	3.9534467364892	0.427	0.03	3.9212027578339e-270
BAALC	3	8.66325951413842e-267	5.04052023890547	0.334	0.016	1.73455781992079e-262
IL3RA	3	5.35281398849121e-266	3.85488290200561	0.363	0.02	1.07174041677571e-261
MCF2L	3	1.89902075339573e-264	4.80786991220358	0.323	0.014	3.80221935244893e-260
GALNT18	3	2.89871651067498e-261	4.32811629344854	0.363	0.021	5.80381019767344e-257
CALCRL	3	4.73183120931989e-261	4.10181559456507	0.54	0.062	9.47407244730029e-257
CD93	3	7.62503002719942e-260	4.09513805720257	0.549	0.066	1.52668351204587e-255
NOTCH4	3	6.48061675822164e-259	5.18477228259566	0.334	0.017	1.29754908733114e-254
ITGA2	3	6.95026545920683e-259	5.13042649546546	0.282	0.009	1.39158215024239e-254
CDA	3	3.03498949234613e-257	5.33036406597422	0.289	0.01	6.07665596157541e-253
LMO2	3	9.21083144485554e-257	3.89270285776306	0.564	0.071	1.84419267188898e-252
PALMD	3	2.87008171203664e-255	4.81041210676604	0.415	0.033	5.74647760383976e-251
TEK	3	2.88592532141951e-255	5.07691242683885	0.289	0.011	5.77819967854614e-251
KDR	3	3.76506436341356e-252	4.5722119453011	0.479	0.049	7.53841186842663e-248
PCDH1	3	2.45648500846437e-250	5.43480745900123	0.253	0.007	4.91837428394735e-246
PRCP	3	4.06339740813555e-233	3.81568556561993	0.673	0.134	8.13573429056899e-229
ITGB4	3	4.57989022135656e-225	4.81574718107365	0.302	0.016	9.16985620120011e-221
PTPRM	3	9.87598771676751e-225	3.52888646309185	0.467	0.051	1.97737026065119e-220
HEG1	3	1.60478148342101e-223	5.0430760192678	0.321	0.02	3.21309348610555e-219
PDLIM1	3	1.62556827213468e-223	3.89686320812283	0.528	0.073	3.25471279446806e-219
VAT1	3	3.77300596935002e-221	3.0654294487772	0.616	0.101	7.55431255183261e-217
PLXND1	3	1.34538474665336e-218	3.2046946082244	0.623	0.109	2.69372933974935e-214
SH2D3C	3	3.68071609362082e-217	4.48565757043502	0.278	0.013	7.36952976264761e-213
IL32	3	1.0312692181654e-210	3.64504048869675	0.533	0.078	2.06480722861075e-206
CAV2	3	1.75206753518193e-209	3.06994440211883	0.582	0.094	3.50798961894126e-205
PPP1R14B	3	1.11952273972635e-205	2.76907958719265	0.704	0.159	2.24150842948011e-201
HYAL2	3	2.3783054372991e-205	3.81165539376667	0.752	0.216	4.76184314656026e-201
ITGA9	3	6.70420045262748e-200	4.29375336069142	0.287	0.017	1.34231501462507e-195
RP11-536O18.1	3	1.62234323518434e-198	4.83885760468727	0.334	0.027	3.24825562548609e-194
BCAM	3	8.9331241690861e-196	3.72190393719675	0.56	0.099	1.78859012113442e-191
LYVE1	3	3.68232875450374e-193	4.7309720423324	0.321	0.025	7.37275863226739e-189
UTRN	3	6.97253843774292e-193	2.84577270434118	0.736	0.192	1.39604164600489e-188
NOTCH1	3	1.18606860612399e-191	3.39652431803354	0.418	0.047	2.37474656318144e-187
MAGI1	3	5.04400832845415e-188	3.74646936753944	0.357	0.033	1.00991134752309e-183
TFPI2	3	5.3070654352617e-188	5.62369442515533	0.316	0.025	1.0625806414481e-183
PGM2L1	3	3.19766570817396e-187	4.0452550480155	0.348	0.032	6.4023662809059e-183
RAMP2	3	1.10477001548724e-181	4.09673368400307	0.77	0.295	2.21197052500855e-177
GPR146	3	2.05434488341823e-181	4.24448082343078	0.273	0.018	4.11320932557998e-177
EPAS1	3	9.56263833082645e-181	4.21887189824727	0.393	0.046	1.91463144659807e-176
HSPG2	3	1.18092498771076e-180	3.522817389005	0.765	0.255	2.36444801039447e-176
S100A10	3	2.03341249004148e-178	2.60331361984933	0.959	0.576	4.07129848756105e-174
SHE	3	2.86831784740539e-178	3.62440815642652	0.35	0.034	5.74294599407507e-174
ASAP2	3	2.88406514002882e-174	3.65837850301569	0.336	0.032	5.77447522336571e-170
MYH9	3	3.87894118110227e-174	2.89686320812283	0.664	0.16	7.76641603280296e-170
DOCK9	3	1.07035361222178e-171	3.00820716436173	0.535	0.097	2.14306200239045e-167
IPO11	3	8.98881737903193e-171	3.77287449084738	0.327	0.031	1.79974101562977e-166
ANGPT2	3	2.70851570624249e-170	5.22490976439358	0.282	0.022	5.42299014703871e-166
TSPAN13	3	1.08110097973168e-169	3.31284953679523	0.293	0.023	2.16458038161877e-165
RPS6KA2	3	1.80784056038411e-169	3.86900219322485	0.3	0.025	3.61965837000107e-165
DSP	3	5.59986151852355e-169	3.77287449084738	0.33	0.032	1.12120427323878e-164
VAMP5	3	9.54324094776299e-168	2.74669560479927	0.677	0.175	1.91074770256111e-163
TNFAIP8L1	3	2.95349348289894e-166	3.69548332020283	0.325	0.032	5.91348465146025e-162
SPTBN1	3	6.22664166739013e-162	2.23564652331311	0.903	0.443	1.24669819464485e-157
GIMAP5	3	1.5794026761115e-160	3.16661651632992	0.409	0.056	3.16228003811045e-156
DOCK6	3	3.57373380333853e-160	3.34327889587837	0.343	0.037	7.15532982104441e-156
F11R	3	1.4472646438098e-158	3.75342212818121	0.278	0.023	2.89771326983599e-154
ENDOD1	3	3.23306838984847e-158	3.65624572750422	0.321	0.032	6.4732495301546e-154
PLEC	3	1.11346567556033e-156	2.70640162611867	0.533	0.103	2.2293809756069e-152
TMSB10	3	1.95152625707919e-156	1.59121767275083	1	0.977	3.90734587192395e-152
GIMAP8	3	7.53302627563644e-156	3.4935550014261	0.323	0.034	1.50826252090793e-151
GIMAP1	3	1.04741518655726e-155	2.92318389777185	0.492	0.087	2.09713468652495e-151
SMAD1	3	1.63891374756966e-155	3.1618925832179	0.526	0.108	3.28143310538398e-151
GNG11	3	3.65481834503433e-154	3.24181396788292	0.907	0.508	7.31767729042773e-150
VIM	3	6.08714162473469e-154	1.67920149463897	1	0.963	1.21876749610438e-149
COL18A1	3	7.25796081600334e-154	2.76741540026071	0.686	0.202	1.45318891458019e-149
MAP3K11	3	9.60834573569657e-151	2.96859022274974	0.418	0.062	1.92378298320117e-146
RASGRP3	3	1.28761033155188e-148	4.20031188240254	0.257	0.021	2.57805340583317e-144
CCDC85B	3	1.74456034748573e-147	2.47868289238183	0.792	0.333	3.49295872773592e-143
CHD7	3	7.99686672119261e-146	2.91794805526782	0.431	0.069	1.60113265491718e-141
FKBP1A	3	5.71008969620847e-145	2.21645227427683	0.912	0.577	1.14327415897486e-140
SMAGP	3	5.54704651689461e-143	3.54887623626143	0.298	0.031	1.11062965361264e-138
ETS1	3	7.17121013609253e-143	2.60849000023246	0.564	0.13	1.43581969344845e-138
VWA1	3	8.57680366060879e-142	3.68771822148614	0.442	0.082	1.71724762892709e-137
EHD4	3	1.97098370261815e-138	3.16301246592061	0.341	0.044	3.94630356938207e-134
MTUS1	3	1.95848954122864e-132	2.55732124077242	0.65	0.205	3.92128775944798e-128
CFL1	3	2.34233157456687e-131	1.55100377412231	0.962	0.721	4.68981627859779e-127
GNAI2	3	2.6258918135855e-131	1.820308243247	0.926	0.561	5.25756058916089e-127
MGST2	3	1.64682596174281e-129	2.54976909937491	0.637	0.196	3.29727494060146e-125
CD9	3	1.91767675075855e-129	2.36139218075278	0.643	0.182	3.83957239036877e-125
ELK3	3	8.26226778814734e-128	2.52547018150286	0.677	0.233	1.65427125654286e-123
TAGLN2	3	8.1886011115905e-127	2.13192974172667	0.822	0.383	1.63952171456265e-122
ITGA1	3	9.92475828851497e-127	2.99087690809789	0.397	0.068	1.98713510452647e-122
FXYD6	3	1.12524686210307e-126	2.96444573543846	0.375	0.06	2.25296926730276e-122
ANXA2	3	4.35131013961197e-124	1.69331325016083	0.946	0.719	8.71219316153109e-120
ITGA5	3	5.25069269278189e-124	2.52262914628206	0.564	0.151	1.05129369094879e-119
GIMAP4	3	6.54604241156258e-122	2.50844953546893	0.526	0.126	1.31064861164306e-117
CD151	3	2.246116077271e-120	2.04363309690849	0.763	0.312	4.497173609912e-116
RALGAPA2	3	3.82543331874545e-119	3.80948819060197	0.28	0.035	7.65928259079213e-115
GIMAP7	3	2.13057892334374e-118	2.9542139234474	0.445	0.094	4.26584512031884e-114
LSMD1	3	2.67853693606498e-118	2.33452394482703	0.718	0.292	5.36296665338931e-114
FAM129B	3	1.60651846265393e-117	3.0054304805601	0.309	0.042	3.2165712659257e-113
MSN	3	2.92621121271579e-114	1.99948323303879	0.749	0.31	5.85886009009955e-110
SLC27A3	3	4.45856129483892e-114	3.44759894890846	0.35	0.06	8.9269314245265e-110
TNFSF10	3	2.23899037575024e-112	2.94371624585736	0.42	0.088	4.48290653032713e-108
SPTAN1	3	1.30653577785802e-111	2.12406886045819	0.67	0.231	2.61594593442733e-107
MEF2C	3	3.63237970600915e-110	1.96292619214161	0.693	0.249	7.27275064737152e-106
YWHAE	3	7.05879047533272e-110	1.65574654745343	0.831	0.466	1.41331102897112e-105
LAMA5	3	9.11245209829824e-110	3.32428443185751	0.253	0.03	1.82449515912127e-105
PDGFB	3	9.09593638863826e-109	3.02972250377101	0.275	0.036	1.82118838373315e-104
FAM69B	3	3.80289115062755e-108	2.58470288948429	0.44	0.099	7.61414866178649e-104
ENTPD1	3	3.40815526108181e-107	3.70911218153531	0.312	0.05	6.823808463738e-103
CSGALNACT1	3	3.64692935066314e-107	3.13814979330279	0.275	0.037	7.30188194589774e-103
MARCKSL1	3	3.76858139746524e-107	2.09123821100599	0.772	0.396	7.54545367400489e-103
NRARP	3	9.30198064629511e-107	2.68735253090635	0.257	0.031	1.86244256500121e-102
CD109	3	4.94131472764776e-106	2.7796796687525	0.334	0.056	9.89350034769634e-102
TXNDC17	3	6.19392883449371e-106	2.17701678330554	0.6	0.195	1.24014843124233e-101
SLC38A1	3	2.22645434818845e-104	2.56291420071901	0.318	0.05	4.45780689594292e-100
PKIG	3	1.86705287413397e-103	2.49176851209157	0.438	0.1	3.73821326459103e-99
TANC1	3	5.5733531692799e-103	2.61513502785319	0.386	0.078	1.11589677155322e-98
HOXD9	3	4.39741238960953e-102	3.71560223911671	0.253	0.033	8.8044990864762e-98
TSPO	3	6.47301452725751e-102	1.68330177849335	0.786	0.352	1.2960269686475e-97
TMSB4X	3	1.46031353227391e-100	1.15768861790281	1	0.988	2.92383975431883e-96
ACVRL1	3	7.96733084412658e-100	2.66883891870706	0.37	0.074	1.59521898161102e-95
PRKCH	3	2.45112335834657e-99	2.96985081684421	0.287	0.044	4.9076391880815e-95
PPP1R13B	3	1.52684856574132e-97	2.64037164815581	0.321	0.055	3.05705619832728e-93
PIM3	3	9.77975754161931e-95	2.48286324577536	0.458	0.118	1.95810305498302e-90
JUP	3	1.79166860142663e-94	2.89836077855259	0.463	0.132	3.5872788737764e-90
EPHB4	3	1.67729815363492e-92	2.45445983210435	0.381	0.083	3.35828636320785e-88
ACTN4	3	2.96008981546507e-92	1.90607921885176	0.713	0.312	5.92669182852416e-88
OCIAD2	3	4.18166120644646e-92	2.72323009870624	0.395	0.092	8.37252206754711e-88
SNRK	3	8.93374902009143e-92	2.56077705023881	0.386	0.086	1.78871522880271e-87
CTTN	3	2.9087136759207e-89	2.03177095549167	0.494	0.138	5.82382652192843e-85
FLNB	3	6.60019901135348e-89	2.52409583372505	0.427	0.109	1.32149184605319e-84
MLLT4	3	8.8405197958649e-89	2.11754602174521	0.49	0.141	1.77004887352807e-84
MYL6	3	9.17010106802777e-89	0.964980612912434	0.993	0.966	1.83603763584052e-84
PNP	3	2.93887430474485e-88	2.55568722864219	0.287	0.048	5.88421413296014e-84
GRB10	3	6.54340659870983e-88	2.75095387259046	0.28	0.046	1.31012086919368e-83
FLI1	3	1.37062406991359e-87	2.44933534605403	0.327	0.063	2.74426351278098e-83
LDB2	3	1.15587716332626e-86	2.22723333688522	0.463	0.129	2.31429725641184e-82
RPS3	3	1.16518928629534e-86	0.87146517674836	1	0.984	2.33294198902052e-82
MT2A	3	4.52617367750822e-86	2.74514138016147	0.585	0.206	9.06230493710696e-82
FAM89A	3	9.0446877671844e-86	2.47625276114779	0.427	0.113	1.81092738474566e-81
FLT1	3	3.73566750648737e-83	2.7530032879864	0.327	0.068	7.47955348148902e-79
FRMD4B	3	1.01052727237236e-81	2.03111323007953	0.442	0.121	2.02327770474394e-77
HHEX	3	1.08389364789857e-81	2.48594181731622	0.289	0.053	2.17017186182252e-77
SEPN1	3	1.79738015724414e-81	2.18882479942013	0.413	0.107	3.59871455083422e-77
ABLIM1	3	2.39395858795756e-81	2.46705263134716	0.368	0.087	4.79318388480863e-77
ABI3	3	1.74257699560224e-80	2.63193992793594	0.26	0.043	3.48898766059481e-76
TPM3	3	2.32306174556119e-80	1.37061005485844	0.835	0.498	4.65123422696261e-76
CD40	3	2.80445560006707e-80	2.2051079681549	0.345	0.075	5.61508100245428e-76
SVIP	3	9.5559922616311e-79	1.98762385180729	0.458	0.133	1.91330077062378e-74
IFITM3	3	3.46501545267733e-78	1.17135082415448	0.964	0.765	6.93765393935055e-74
APLP2	3	6.18211510385899e-78	1.67210744016562	0.747	0.383	1.23778308609465e-73
C4orf32	3	6.50343253216425e-78	2.32293006103636	0.354	0.083	1.30211726158993e-73
MFSD10	3	1.31951173001973e-77	1.98032512016535	0.476	0.147	2.64192638584549e-73
PLAT	3	5.70602974419719e-77	3.31497803384831	0.307	0.066	1.14246127538316e-72
HLA-A	3	3.61009262527014e-76	1.20122392884861	0.964	0.753	7.22812745431587e-72
GAPDH	3	5.61678860748674e-76	1.02581406033114	0.998	0.952	1.12459341499099e-71
TNFAIP1	3	1.62335309771788e-75	2.59184849617182	0.275	0.052	3.25027757225073e-71
C4orf48	3	2.05412364911478e-75	1.86701133802103	0.637	0.291	4.11276637025762e-71
CSRP1	3	2.24556700556097e-75	2.02581220887465	0.551	0.2	4.49607425853418e-71
PKN1	3	2.65381351480982e-75	2.06592146574761	0.422	0.119	5.31346541935221e-71
CALM1	3	3.50462986379306e-75	1.18468292673543	0.98	0.876	7.01696991328646e-71
APP	3	5.57093225334687e-75	1.4396800856855	0.842	0.535	1.11541205576511e-70
ARHGEF12	3	7.43857667121826e-75	1.98215607639148	0.418	0.115	1.48935182111132e-70
IFI27	3	8.99217369071165e-75	3.48014346840145	0.519	0.22	1.80041301635429e-70
PRKCDBP	3	1.26470494949693e-74	2.29092583491108	0.567	0.228	2.53219224988275e-70
RHOJ	3	3.09275431896945e-74	2.24651996870438	0.395	0.107	6.19231269744064e-70
DOCK4	3	3.95821966995331e-74	2.69527808582722	0.298	0.063	7.92514742318053e-70
WFS1	3	5.54654366540665e-74	2.70374696915702	0.266	0.05	1.11052897268772e-69
TJP1	3	9.15936216171512e-74	2.14393306041383	0.445	0.136	1.8338874920186e-69
MYO1C	3	1.42610972931197e-73	2.28426666254969	0.359	0.089	2.85535690002842e-69
MYL12A	3	1.92082673409698e-73	1.15643579737008	0.93	0.746	3.84587928700897e-69
PON2	3	3.40004466579199e-73	1.80015465922744	0.524	0.182	6.80756942984872e-69
LY6H	3	4.73094808339085e-73	3.78126576110652	0.269	0.054	9.47230425256517e-69
AK1	3	9.41748116219974e-73	2.01500345360096	0.406	0.111	1.88556807829563e-68
HAPLN3	3	1.05978168633458e-72	2.83017536158747	0.282	0.058	2.1218948923791e-68
STAB1	3	1.44399430403156e-72	1.05736085055069	0.442	0.119	2.89116539553198e-68
MAST4	3	4.63803790941242e-72	2.21134265984951	0.352	0.087	9.28627950222554e-68
CRIM1	3	6.59459615793063e-72	2.71095970805949	0.332	0.08	1.32037004274087e-67
RGS16	3	1.0691697715737e-71	2.72256002619669	0.352	0.09	2.14069171664486e-67
MSRA	3	3.58911940778963e-71	2.1605870739654	0.321	0.072	7.18613487827641e-67
LAMA4	3	4.30889664264101e-71	1.64215716204819	0.693	0.339	8.62727285789582e-67
TP53I11	3	1.42535382965267e-70	2.6006463693383	0.28	0.058	2.85384343773057e-66
ENG	3	2.39515171234098e-70	3.50991633537913	0.526	0.224	4.7955727584491e-66
PVRL2	3	4.95841778868686e-70	1.90879591923126	0.519	0.192	9.92774409650882e-66
SERPINB6	3	7.03075432773027e-70	1.87478848839526	0.467	0.15	1.40769763149816e-65
OPTN	3	1.55984718661834e-69	1.9141085885387	0.4	0.111	3.12312603704724e-65
GPR126	3	7.11254870968782e-69	3.03623914620554	0.269	0.055	1.42407450265369e-64
TGFBR2	3	8.28664529758493e-69	2.15038805453803	0.569	0.241	1.65915212148246e-64
CARHSP1	3	1.75771279934194e-68	1.70820589071069	0.465	0.146	3.51929256684244e-64
UCHL1	3	2.73556487774433e-68	2.8503532435251	0.307	0.073	5.4771479982197e-64
HRAS	3	3.94241864534878e-68	2.02781418253531	0.431	0.133	7.89351061171732e-64
NRP1	3	1.21737386285298e-67	2.19091447828775	0.476	0.174	2.43742594820425e-63
KIAA0355	3	9.60265564254382e-67	2.02200200023529	0.42	0.129	1.92264371275012e-62
LAYN	3	1.99124767924582e-66	2.00747971457402	0.366	0.098	3.98687610338598e-62
FXYD5	3	4.75830156908167e-66	1.25677761249923	0.614	0.233	9.52707140161531e-62
EFNB2	3	6.65325687884381e-66	2.63967062273844	0.291	0.066	1.33211509228211e-61
RHOC	3	7.35708632241027e-66	1.29208935693399	0.856	0.575	1.47303582347298e-61
MYO6	3	1.73665221508402e-65	2.08793804443693	0.332	0.083	3.47712506504123e-61
NPDC1	3	1.88041692964975e-65	2.00247564191468	0.632	0.319	3.76497077654473e-61
TUBB6	3	2.28983151316114e-65	1.8868955435806	0.388	0.11	4.58470065565123e-61
TSPAN14	3	4.36556896126053e-65	1.99452267949212	0.384	0.109	8.74074217423584e-61
TRAPPC1	3	7.51747895969675e-65	1.68275875811197	0.544	0.213	1.50514963731048e-60
MICAL2	3	3.14167583288747e-64	2.53992070412796	0.278	0.062	6.2902633526073e-60
WWTR1	3	4.54008316526925e-64	1.70853434892983	0.643	0.314	9.09015451350208e-60
DDAH2	3	4.64021913202989e-64	1.54491601615194	0.567	0.225	9.29064674615024e-60
ARL2	3	9.76678289609858e-64	1.72219881932306	0.555	0.23	1.95550527145686e-59
NUDT14	3	4.72896060508163e-63	2.07582238639823	0.336	0.088	9.46832492349445e-59
PTTG1IP	3	8.01277938832628e-63	1.40853165743028	0.727	0.397	1.60431868913069e-58
STMN1	3	1.4806729403826e-62	1.30756952880538	0.661	0.335	2.96460336123405e-58
SERPINE1	3	3.35401865438913e-62	2.58074073491668	0.339	0.091	6.71541614981791e-58
FGD4	3	6.13554422228732e-62	2.06017791144432	0.327	0.084	1.22845866418637e-57
KTN1	3	1.00006956630094e-61	1.09294155805823	0.867	0.591	2.00233928564773e-57
ATP5E	3	1.188839152671e-61	0.762143844605008	0.993	0.961	2.38029375147787e-57
PXN	3	1.56683115828718e-61	2.06841245060972	0.334	0.088	3.13710934512259e-57
PDLIM5	3	1.60275147265155e-61	2.00375181833727	0.354	0.099	3.20902899854294e-57
FAM65A	3	4.4009057942956e-61	1.94386068766	0.325	0.083	8.81149358133865e-57
RAB13	3	7.20742776372544e-61	1.40609216017576	0.682	0.35	1.44307118685311e-56
ARHGEF7	3	1.3962281673485e-60	1.94168328717336	0.379	0.113	2.79552803666516e-56
CGNL1	3	5.00594104670528e-60	2.36577949317535	0.305	0.078	1.00228951637133e-55
DUSP23	3	1.71856490847153e-59	2.55576607638342	0.431	0.158	3.4409106597417e-55
BCHE	3	1.94200696304034e-59	2.71240390296172	0.266	0.061	3.88828634139937e-55
SEC14L1	3	3.19466698723488e-59	2.01462939135528	0.612	0.305	6.39636224184167e-55
PTRF	3	3.39776208080848e-59	1.25242649840248	0.824	0.546	6.80299923819474e-55
CDC42EP3	3	5.94528613518118e-59	2.10544982993425	0.363	0.106	1.19036518998598e-54
TPM4	3	1.17217634945554e-58	1.02520257647982	0.919	0.641	2.34693148687989e-54
EIF4A1	3	4.86645952255049e-58	0.972758976209095	0.923	0.739	9.7436252560506e-54
PPFIBP1	3	8.71672052608861e-58	2.08120228368757	0.609	0.293	1.74526178373346e-53
TMEM205	3	9.33209894174635e-58	1.6548266273849	0.485	0.182	1.86847285011646e-53
PFN1	3	2.26220245412768e-57	1.24932888535778	0.95	0.876	4.52938175365445e-53
GUK1	3	4.07808892277317e-57	1.02284531149375	0.948	0.783	8.16514964117645e-53
NXN	3	4.22231457054746e-57	2.19690077335348	0.284	0.07	8.45391823315012e-53
RAB11A	3	6.78190270854539e-57	1.54478479385275	0.648	0.348	1.35787256030496e-52
SEPW1	3	1.53922840253556e-56	0.971360858781402	0.95	0.796	3.08184310755669e-52
GMFG	3	2.642524121959e-56	1.72793497330857	0.463	0.169	5.29086179698631e-52
GIT1	3	4.09348184634102e-56	2.27891518908181	0.253	0.057	8.19596935274399e-52
CDK17	3	1.97210726488533e-55	2.0396296471151	0.307	0.082	3.94855316575342e-51
COL4A1	3	2.29307944253746e-55	1.41846659338878	0.88	0.611	4.5912036598485e-51
NEDD9	3	5.48399074980961e-55	1.87652936560031	0.348	0.102	1.09800462792688e-50
KIF1C	3	9.27612457549293e-55	2.0926557177182	0.287	0.073	1.85726566250519e-50
MACF1	3	3.44002567850339e-54	1.45127823483781	0.648	0.335	6.88761941349948e-50
CD55	3	1.03924988494469e-53	1.75063667911558	0.357	0.107	2.08078611963626e-49
HLA-E	3	1.38792353856025e-53	1.33039684524289	0.851	0.579	2.77890050890533e-49
CLIC1	3	7.53118754628255e-53	0.982895607933398	0.889	0.602	1.50789437051669e-48
PLA2G16	3	1.17368508483118e-52	1.88051521403535	0.327	0.094	2.34995227684899e-48
LAPTM4B	3	2.47798409108647e-52	1.63342235207058	0.49	0.203	4.96141974717333e-48
ITGB1	3	3.49834212316573e-52	1.24526254130299	0.944	0.775	7.00438059900243e-48
CARD8	3	8.44689983283817e-52	1.61507653852781	0.393	0.13	1.69123828453086e-47
BACE2	3	1.02708955095386e-51	1.98926999609462	0.321	0.093	2.05643869891982e-47
YES1	3	1.92211028079427e-51	1.54134652028991	0.467	0.181	3.8484492042063e-47
TACC1	3	2.36678368592282e-51	1.4498725626087	0.659	0.367	4.73877429595466e-47
PHLDA1	3	8.69395206529786e-51	1.74522164707935	0.377	0.125	1.74070308251394e-46
BMPR2	3	1.16317875223262e-50	1.91749153067672	0.433	0.168	2.32891649772015e-46
SOCS2	3	2.86070331022254e-50	2.15867860666747	0.287	0.078	5.72770016772758e-46
FKBP2	3	5.05239392553132e-50	1.36287190554636	0.594	0.285	1.01159031176988e-45
NEAT1	3	6.43745876267814e-50	0.773886943986157	0.935	0.705	1.28890799346342e-45
MYH10	3	6.87255044327262e-50	1.86805229722573	0.442	0.177	1.37602204975204e-45
COL15A1	3	5.91252912409809e-49	1.99939426101961	0.325	0.1	1.18380658122692e-44
PGF	3	1.75179175863099e-48	2.95064810313653	0.291	0.086	3.50743745913097e-44
CTNNA1	3	2.01155090926851e-48	1.27720218442757	0.582	0.27	4.0275272305374e-44
SASH1	3	2.31310204820605e-48	1.41546217704939	0.49	0.2	4.63129292091815e-44
ADAM10	3	3.30732190119266e-48	1.51779895753507	0.451	0.174	6.62191991056795e-44
WARS	3	5.10074524930337e-48	2.15862258511457	0.271	0.073	1.02127121381552e-43
CTNNAL1	3	2.00959356042923e-47	2.19737231937529	0.33	0.107	4.0236082266914e-43
ABL2	3	2.89785378741048e-47	1.94217562415418	0.318	0.099	5.80208285315327e-43
CTNND1	3	2.93979750404749e-47	1.46036084598818	0.497	0.214	5.88606256260389e-43
PRKD2	3	3.4636245924265e-47	2.01023276258078	0.275	0.076	6.93486915895634e-43
PTK2	3	4.63183453578548e-47	1.42818774524192	0.499	0.211	9.27385910754969e-43
DYNLL1	3	6.60386880967738e-47	0.799326923887193	0.964	0.85	1.3222266130736e-42
CYB5R3	3	6.99027454981237e-47	1.30718356960724	0.591	0.289	1.39959277036343e-42
BZW2	3	8.59195921976237e-47	1.80482128068785	0.427	0.171	1.72028207498082e-42
EIF5A	3	9.21189106083427e-47	1.37533290137052	0.607	0.314	1.84440482820024e-42
TMEM123	3	1.20501613342967e-46	1.46437213230382	0.521	0.237	2.41268330235288e-42
AP1S2	3	3.62408607636004e-46	1.82375697466021	0.391	0.14	7.25614514208808e-42
UPP1	3	1.18250355501033e-45	1.4866942006662	0.368	0.125	2.36760861784168e-41
SPTLC2	3	1.61884455783145e-45	1.83275150042582	0.375	0.136	3.24125057369013e-41
CAPNS1	3	1.78804359596296e-45	1.37471645084946	0.609	0.334	3.58002088783703e-41
SQLE	3	2.920353863705e-45	2.18485219037717	0.35	0.124	5.84713250591014e-41
JAM2	3	2.93439388059772e-45	2.33529442291745	0.291	0.09	5.87524342773276e-41
MYL12B	3	9.02188271772062e-45	0.784605203873976	0.946	0.851	1.80636135774202e-40
PTMA	3	9.83939258233402e-45	0.564449490783533	0.998	0.998	1.97004318283492e-40
HSPB1	3	1.59330677364245e-44	0.549500851739905	0.919	0.721	3.19011882218691e-40
EI24	3	2.23744052642679e-44	1.44248481721182	0.415	0.156	4.47980342201171e-40
HDAC7	3	2.46851437707854e-44	1.46962916218062	0.449	0.183	4.94245948578664e-40
MESDC1	3	3.79097548104675e-44	1.95747849050825	0.325	0.108	7.5902911081518e-40
ANXA1	3	4.56891355803913e-44	1.40063020595631	0.589	0.287	9.14787872590594e-40
TUBA1A	3	8.21487777890794e-44	1.29529937335869	0.752	0.484	1.64478282889295e-39
RPL26	3	1.0000076206383e-43	0.574295252027977	0.984	0.964	2.002215258042e-39
VPS28	3	1.15816384434833e-43	1.13992065398244	0.648	0.355	2.31887564915422e-39
FOXP1	3	1.59309975281459e-43	1.55429227881701	0.413	0.16	3.18970432508537e-39
FDPS	3	2.40104252896372e-43	1.38606431340217	0.553	0.277	4.80736735149117e-39
UBALD2	3	3.10758044054466e-43	1.67580263577106	0.381	0.141	6.22199755805851e-39
PAWR	3	4.4616277812474e-43	1.62217759490296	0.302	0.093	8.93307114361354e-39
JAG1	3	7.23260323378992e-43	2.55827454303564	0.26	0.074	1.44811181946942e-38
ETS2	3	8.08906217527272e-43	1.47954521828277	0.47	0.205	1.6195920287331e-38
EMCN	3	8.45926628057523e-43	1.78206171171118	0.388	0.152	1.69371429469677e-38
CRK	3	1.52485118755573e-42	1.74547337506572	0.323	0.107	3.05305704772409e-38
RBP1	3	1.57921181853461e-42	2.21004009308669	0.433	0.188	3.16189790307e-38
HINT1	3	1.64768678844002e-42	0.765064222522943	0.905	0.74	3.2989984878146e-38
IMPDH1	3	4.13127416386368e-42	1.90852086560769	0.26	0.074	8.27163713088786e-38
DPYSL2	3	5.19188437619644e-42	1.2904030406089	0.542	0.261	1.03951908980205e-37
B2M	3	5.97530364426505e-42	0.814518154676092	0.993	0.961	1.19637529565475e-37
ORAI1	3	9.11070139235973e-42	1.90215750779235	0.289	0.09	1.82414463277826e-37
LYL1	3	1.21889739229524e-41	1.8235787820876	0.264	0.075	2.44047635885354e-37
CD200	3	1.77834531824988e-41	2.02037774460819	0.251	0.071	3.5606029961999e-37
ELOVL1	3	3.31081358779798e-41	1.64065929545831	0.307	0.099	6.62891096548912e-37
ERICH1	3	3.73939424821607e-41	1.78523101891356	0.515	0.262	7.48701516377822e-37
BCAP31	3	5.6868425291621e-41	1.15040616497933	0.661	0.419	1.13861961118884e-36
TIMM8B	3	7.22112943399494e-41	1.27030829398013	0.549	0.272	1.44581453527447e-36
RPS25	3	8.3959992474413e-41	0.554667063080745	1	0.968	1.6810469693227e-36
IGFBP4	3	8.61573006475668e-41	0.826604301977156	0.892	0.683	1.72504147356558e-36
NDUFC2	3	1.24805941057581e-40	1.06996245736029	0.668	0.404	2.49886455185489e-36
GBP4	3	1.4198984579952e-40	2.17973955232605	0.273	0.085	2.84292069259798e-36
CDC37	3	1.9798381404695e-40	1.07453701975934	0.7	0.415	3.96403192484804e-36
SIPA1	3	2.63123050385379e-40	1.61652006371605	0.289	0.09	5.26824971481606e-36
TBCD	3	4.10032773414836e-40	1.66965377048861	0.345	0.124	8.20967618931184e-36
NDRG1	3	4.13701750461526e-40	1.84788784526423	0.406	0.173	8.28313644774067e-36
VAMP3	3	4.62493464537514e-40	1.50835200335418	0.393	0.154	9.2600441469701e-36
PRDX1	3	9.74018032131316e-40	0.775571117877146	0.916	0.753	1.95017890393332e-35
TBC1D4	3	1.70276070124482e-39	1.66394011929422	0.284	0.089	3.40926747603238e-35
ARL4A	3	2.44169283121581e-39	1.99920672859537	0.573	0.345	4.8887573866603e-35
FABP5	3	2.80292921876123e-39	1.82421495070281	0.576	0.332	5.61202488180374e-35
CLIC4	3	3.02956035407732e-39	1.39872871736167	0.456	0.201	6.06578574093361e-35
HLA-C	3	3.11038473317633e-39	0.995578698231999	0.858	0.645	6.22761231276566e-35
SH3BGRL3	3	3.37215434282284e-39	0.671504295379185	0.815	0.542	6.75172742519988e-35
YWHAB	3	3.65449584638847e-39	0.771046674764944	0.883	0.656	7.31703158363899e-35
AHR	3	3.97387921504974e-39	1.35710872550517	0.368	0.136	7.95650096437259e-35
TMEM8A	3	4.59265468557919e-39	1.82536119385475	0.287	0.093	9.19541321146665e-35
GNG5	3	5.27644207619254e-39	0.785728599692259	0.88	0.694	1.05644923249527e-34
NR2F2	3	1.36164720130615e-38	1.32102493659173	0.589	0.332	2.72629002645518e-34
CD59	3	1.4175034456924e-38	1.6657224754444	0.634	0.455	2.83812539896532e-34
PRDX5	3	1.62501239533034e-38	0.919520051512045	0.749	0.503	3.25359981793041e-34
CLU	3	2.71358117773738e-38	3.87471212987145	0.422	0.208	5.43313223406578e-34
TFPI	3	3.41434326946388e-38	1.97907105182782	0.551	0.326	6.83619809412059e-34
GRAMD1A	3	3.71329051906528e-38	1.4629498577166	0.415	0.175	7.4347502772725e-34
LEPR	3	3.95742218175063e-38	2.35709922881102	0.266	0.086	7.92355069230111e-34
KLF2	3	4.15379455717528e-38	0.76159364960343	0.411	0.16	8.31672746237635e-34
COL4A2	3	5.09264936135339e-38	1.01806642005881	0.885	0.654	1.01965025513018e-33
SHC1	3	5.58941418778466e-38	1.46612037640348	0.404	0.166	1.11911250867824e-33
REXO2	3	5.90543705433238e-38	1.48880147145546	0.447	0.202	1.18238660701843e-33
POLR2L	3	1.21951081867075e-37	0.806661352315171	0.887	0.709	2.44170456114257e-33
TXN	3	3.48831671602469e-37	0.771942216152006	0.856	0.642	6.98430772882464e-33
MAP1B	3	3.65577763542973e-37	1.12550456774301	0.517	0.245	7.31959798165741e-33
FAM126A	3	4.39113045586488e-37	1.74604119950911	0.307	0.108	8.79192139873266e-33
TSTA3	3	4.39163803888534e-37	1.51241402867741	0.334	0.122	8.79293768145622e-33
PIEZO1	3	4.65542571194229e-37	1.64644869214101	0.291	0.097	9.32109336045086e-33
C1QBP	3	5.56221832716669e-37	1.36177510273834	0.535	0.286	1.11366735346532e-32
LAMC1	3	5.73034443798238e-37	1.25231541278365	0.621	0.356	1.14732956337283e-32
PLK2	3	5.8384957218244e-37	1.34091891108753	0.429	0.185	1.16898361342368e-32
PARVB	3	6.74121782788752e-37	1.48810415536229	0.35	0.132	1.34972663349964e-32
CD320	3	1.01636095429484e-36	1.43419824222222	0.424	0.182	2.03495790268914e-32
CFI	3	1.03157903270649e-36	1.41129731930702	0.357	0.136	2.06542753928493e-32
RHOB	3	1.07576043787782e-36	0.933214083569963	0.567	0.292	2.15388754871898e-32
IGFBP7	3	1.23627110611369e-36	1.98835369528083	0.874	0.797	2.47526200866083e-32
CANX	3	1.25113244196467e-36	0.9405628307288	0.725	0.473	2.50501737530165e-32
AGRN	3	1.25377735901969e-36	1.80871164350819	0.298	0.103	2.51031302822923e-32
PPAP2A	3	1.25430641340089e-36	2.52670637414912	0.339	0.138	2.51137230091127e-32
ACTB	3	2.53073698756692e-36	0.668006794262597	0.995	0.97	5.0670415965065e-32
CASC15	3	2.60067177091853e-36	1.71871247389356	0.262	0.082	5.20706501973308e-32
ENO1	3	2.64267538411325e-36	1.04509197528772	0.822	0.604	5.29116465407155e-32
FAU	3	2.89285780343128e-36	0.370662422235018	0.998	0.968	5.7920798940301e-32
SOX4	3	4.22111579821477e-36	0.869591340997362	0.819	0.555	8.45151805118562e-32
RBPMS	3	4.63482547045033e-36	1.44455174099973	0.388	0.159	9.27984755693565e-32
ENY2	3	4.73197350153219e-36	0.966945579621395	0.767	0.536	9.47435734476776e-32
TMOD3	3	6.46692464408902e-36	1.23302374071541	0.555	0.297	1.2948076522395e-31
ACTG1	3	6.85768974981262e-36	0.722772840140617	0.995	0.987	1.37304664170748e-31
KMT2A	3	7.68357839283842e-36	1.1752751644483	0.503	0.24	1.53840606581411e-31
RABAC1	3	9.38662201344357e-36	0.735420708759478	0.869	0.615	1.87938945953167e-31
FAM89B	3	1.41314845456626e-35	1.41372975381801	0.397	0.167	2.82940583573256e-31
SYNE2	3	1.88198825883812e-35	1.30762903038119	0.438	0.193	3.76811689184567e-31
LIMD2	3	2.53617073224476e-35	1.54122242310185	0.391	0.166	5.07792104010046e-31
TMEM219	3	2.64729391792557e-35	1.09089482633619	0.551	0.281	5.30041188247058e-31
INSR	3	2.91255786830052e-35	1.95775972936028	0.334	0.13	5.83152336391131e-31
NTAN1	3	4.74611541187289e-35	1.28561194000296	0.499	0.248	9.5026722776519e-31
DSTN	3	8.79405066701834e-35	1.15862788987181	0.788	0.557	1.76074482455041e-30
WDR1	3	1.23875411456141e-34	1.27644866472788	0.406	0.172	2.48023348817486e-30
PLEKHG1	3	1.24356164204413e-34	1.58175244819121	0.327	0.123	2.48985911970076e-30
FIS1	3	1.32335831724174e-34	0.857876561034334	0.77	0.518	2.64962802278141e-30
LUZP1	3	2.30818101342091e-34	1.3316559396515	0.458	0.22	4.62144002507134e-30
RALA	3	2.46936611333095e-34	1.87185691628017	0.53	0.321	4.94416483211122e-30
PPP2R2A	3	2.93707695863588e-34	1.33492563501261	0.454	0.219	5.88061548658076e-30
PEA15	3	3.2512069884211e-34	1.51022069312578	0.361	0.146	6.50956663221672e-30
TBCB	3	8.38801496011661e-34	1.09219584204834	0.515	0.255	1.67944835531455e-29
HLA-B	3	9.92122403643167e-34	0.866636070203732	0.916	0.757	1.98642747657435e-29
PIK3C2A	3	1.32856030726829e-33	1.38793563772345	0.44	0.207	2.66004344721257e-29
MGST3	3	2.07359066009093e-33	0.782846157867188	0.842	0.627	4.15174321963407e-29
TRMT112	3	2.35819307971704e-33	0.86845574998649	0.747	0.517	4.72157418420945e-29
WSB1	3	2.43368563786769e-33	1.10932189409822	0.632	0.375	4.87272538413868e-29
RAB6A	3	3.45984878712908e-33	1.34970702873742	0.395	0.17	6.92730924158985e-29
SLC25A29	3	4.30267204916049e-33	1.64182416838464	0.251	0.081	8.61480997682914e-29
LDHA	3	4.40432482037909e-33	0.875534239019239	0.874	0.677	8.81833915536301e-29
CYB5A	3	4.75512431828957e-33	1.23825537581586	0.404	0.177	9.52070991007937e-29
PKM	3	8.11571541468298e-33	0.870136068255351	0.831	0.646	1.62492854032783e-28
LMCD1	3	1.03825500049675e-32	1.43525216979417	0.397	0.176	2.07879416199459e-28
CCDC50	3	1.29118518119853e-32	1.14592628232874	0.485	0.242	2.58521096979569e-28
DBI	3	1.32157431550284e-32	1.39827976617394	0.729	0.498	2.64605609449979e-28
PPP2R5A	3	1.68807194455847e-32	1.65193818284077	0.269	0.092	3.37985764739496e-28
LIMS1	3	1.6950264569211e-32	1.21736319495521	0.612	0.376	3.39378197204742e-28
HSF1	3	1.89526766976832e-32	1.53646096542084	0.287	0.102	3.79470492841014e-28
H2AFZ	3	1.91573106939007e-32	0.59973922581429	0.752	0.511	3.8356767471328e-28
ID3	3	2.35336886024199e-32	1.27880777776948	0.713	0.492	4.71191513197651e-28
DST	3	2.65786425821203e-32	1.25425960498899	0.542	0.3	5.32157581779213e-28
GFM1	3	3.54561001459203e-32	1.65632344007613	0.28	0.1	7.09902037121617e-28
PPA1	3	4.49214286660474e-32	1.34688900027205	0.501	0.262	8.99416844751602e-28
SULF2	3	4.84679468775342e-32	1.63794491076127	0.284	0.102	9.70425232381989e-28
NOP10	3	5.51868925977094e-32	1.0556825699915	0.558	0.308	1.10495196359134e-27
RHOA	3	8.7118321164654e-32	0.696446332161845	0.885	0.718	1.7442830263587e-27
BST2	3	9.1196165442282e-32	1.78252395159133	0.46	0.25	1.82592962448537e-27
IFITM2	3	1.05535344884225e-31	0.934489581935542	0.749	0.507	2.11302867527196e-27
STK17A	3	1.0561382302699e-31	1.26529775868861	0.284	0.1	2.1145999646464e-27
NCOA7	3	1.2295705127495e-31	2.05298241004012	0.323	0.135	2.46184608062705e-27
COX6C	3	1.46373810959457e-31	0.7409641567444	0.926	0.817	2.93069644303024e-27
MGAT4B	3	5.06469910086147e-31	1.46605839298567	0.314	0.122	1.01405405397448e-26
BCAR1	3	5.35074880514551e-31	1.47494714073144	0.307	0.116	1.07132692576623e-26
HOMER3	3	6.7813442974365e-31	1.78739586855852	0.458	0.258	1.35776075523274e-26
HSP90B1	3	1.36905835749303e-30	0.736769674660079	0.937	0.826	2.74112864337254e-26
CDC42BPB	3	1.87157112644541e-30	1.39152331507111	0.35	0.149	3.747259709369e-26
KLF6	3	1.87202537779467e-30	0.782289189016441	0.67	0.412	3.74816921142049e-26
ACTN1	3	2.93054020959882e-30	1.23254887708935	0.517	0.283	5.86752760765875e-26
RALB	3	3.97419674755287e-30	1.35254269189902	0.35	0.147	7.95713672795036e-26
RPL36	3	4.38800760615902e-30	0.396845582001395	1	0.999	8.78566882905159e-26
MIF	3	4.52356977640302e-30	0.786016029009327	0.786	0.566	9.05709140631413e-26
CEP68	3	5.08048706403243e-30	1.548901611028	0.262	0.092	1.01721511996057e-25
RSU1	3	6.33349200499132e-30	1.61354356727114	0.251	0.086	1.26809176923936e-25
COX8A	3	6.43941603831672e-30	0.841121775735263	0.702	0.46	1.28929987919177e-25
EEF1D	3	6.68570754772741e-30	0.552515648423441	0.919	0.76	1.33861236520598e-25
MYO10	3	7.02648102601441e-30	1.7040972457662	0.255	0.089	1.40684203102861e-25
TMEM109	3	9.73867058792063e-30	1.28697127338945	0.393	0.18	1.94987662511347e-25
SWAP70	3	1.17738107405173e-29	1.81179348013968	0.33	0.139	2.35735238646637e-25
ATP5L	3	1.20822791157512e-29	0.635038328073375	0.889	0.698	2.4191139245557e-25
GNAS	3	1.24366042784704e-29	0.52299418482367	0.989	0.985	2.49005690863535e-25
TMEM258	3	2.04166543213393e-29	0.784636722291036	0.758	0.548	4.08782252821855e-25
ITGB1BP1	3	2.14300428179318e-29	1.17461185444165	0.418	0.196	4.2907231730063e-25
AHNAK	3	2.24607170885108e-29	0.769646055215357	0.806	0.577	4.49708477546164e-25
DBN1	3	2.49785871040752e-29	1.27440949508033	0.391	0.178	5.00121270997795e-25
C19orf10	3	2.73644076498378e-29	1.01828969187396	0.63	0.409	5.47890169965052e-25
MKL2	3	3.1262472066775e-29	1.61854051546764	0.309	0.126	6.2593721572097e-25
MAP4K4	3	3.97272567877e-29	1.16762099239102	0.508	0.274	7.95419135403329e-25
PPP1CA	3	4.60208591809825e-29	1.24651996870438	0.363	0.157	9.21429642521632e-25
ARHGDIA	3	6.45732835880514e-29	0.910084903047976	0.682	0.443	1.29288628399997e-24
SIGIRR	3	6.60393624003199e-29	1.14622968007659	0.467	0.24	1.3222401139792e-24
RALBP1	3	1.25639933489763e-28	1.07283779392323	0.501	0.265	2.51556274833203e-24
PDIA3	3	1.48975445855289e-28	0.906973959820905	0.634	0.399	2.98278637691459e-24
CEP112	3	1.57584053670613e-28	1.34487934167452	0.305	0.12	3.15514792259302e-24
ARPC5L	3	1.58727915943675e-28	1.1428290274226	0.44	0.219	3.17805033302426e-24
RPL8	3	1.86332732385477e-28	0.397979859976874	1	0.998	3.73075396782203e-24
DGKH	3	1.8712381835206e-28	1.48396145318798	0.264	0.097	3.74659309104494e-24
HMGB3	3	2.01801443539119e-28	1.29688264891719	0.305	0.12	4.04046850254025e-24
PTPRE	3	2.63425981518223e-28	1.08665545664797	0.289	0.106	5.27431500195787e-24
DEGS1	3	2.65043409368463e-28	1.27153276508217	0.404	0.193	5.30669914237537e-24
SERPINH1	3	2.85849818366882e-28	0.857570897806344	0.623	0.376	5.72328506334171e-24
C10orf11	3	3.13121596463028e-28	1.28656476590835	0.309	0.123	6.26932060438276e-24
SSFA2	3	3.62396051983266e-28	1.2634932086084	0.404	0.192	7.25589375280896e-24
GSTP1	3	4.68868951215036e-28	0.659607333009707	0.874	0.723	9.38769414122746e-24
MRPL52	3	4.94691143980277e-28	1.22850822633859	0.528	0.311	9.90470608477311e-24
MYOF	3	5.37289738123222e-28	1.73080451945636	0.253	0.093	1.07576151367032e-23
TTC19	3	5.61575107941503e-28	1.38410674580028	0.298	0.118	1.12438568112048e-23
C8orf4	3	5.84634406972004e-28	1.0713410351713	0.438	0.212	1.17055500963935e-23
FSCN1	3	5.99328412832287e-28	1.72875279037831	0.594	0.442	1.1999753481728e-23
RAN	3	7.01741076905292e-28	0.790474070030744	0.801	0.612	1.40502598417978e-23
TRIOBP	3	7.6500728329652e-28	1.30177783047355	0.343	0.147	1.53169758261629e-23
DLGAP4	3	7.71881623741526e-28	1.31422576034792	0.354	0.156	1.54546138705528e-23
SMIM12	3	1.16968314326517e-27	1.42698795454193	0.278	0.106	2.34193958944553e-23
CNIH4	3	1.25890976856571e-27	1.13768368879017	0.409	0.195	2.52058913862226e-23
VIMP	3	1.5843204431212e-27	1.17752750797842	0.44	0.225	3.17212639121726e-23
CFLAR	3	1.88607999987879e-27	1.07553031695459	0.436	0.215	3.7763093757573e-23
GNB1	3	1.98490528313934e-27	0.936064658260965	0.576	0.337	3.97417735790158e-23
RTN4	3	2.02977708310745e-27	1.01147462746175	0.598	0.378	4.06401967579774e-23
S100A13	3	2.21574028208938e-27	0.752686759313131	0.745	0.489	4.43635519279936e-23
EPN2	3	2.30681257754763e-27	1.18226542698508	0.341	0.145	4.61870014276586e-23
HIP1	3	2.86695029520538e-27	1.30604652711898	0.343	0.15	5.7402078810602e-23
HTATIP2	3	4.8396129779641e-27	1.46555080886879	0.264	0.099	9.68987310447971e-23
FAM210B	3	5.09018918595942e-27	1.88900667492899	0.282	0.114	1.01915767881279e-22
HMOX2	3	5.48246846673496e-27	1.32713625906631	0.368	0.173	1.09769983640967e-22
MRPL17	3	6.24667617054584e-27	1.29217007391954	0.427	0.219	1.25070950286669e-22
SEMA6A	3	6.53882665933216e-27	1.45434497242188	0.309	0.13	1.30920387373149e-22
HDAC1	3	6.58812353660804e-27	1.34301354825193	0.271	0.103	1.31907409449966e-22
SMARCA4	3	7.38694649452411e-27	1.25479395395411	0.327	0.138	1.47901442713362e-22
CORO1C	3	1.18029796145229e-26	1.36959017299421	0.307	0.128	2.36319257841977e-22
SLC38A2	3	1.27676959203239e-26	0.74908058099598	0.546	0.304	2.55634807716725e-22
MAPK3	3	1.52907425675165e-26	1.44529983281888	0.316	0.137	3.06151247686815e-22
FAM63B	3	1.69253085385299e-26	1.3228001775693	0.339	0.149	3.38878527558446e-22
SLC44A2	3	1.99423905155195e-26	1.46151006000014	0.298	0.123	3.99286542901731e-22
SYNGR2	3	2.49464623385366e-26	1.23070578204284	0.275	0.105	4.99478068942179e-22
LYPLA1	3	3.34728335978939e-26	1.19068800607008	0.368	0.169	6.70193074297031e-22
WWP1	3	4.14309619602679e-26	1.51075289430749	0.264	0.102	8.29530720368483e-22
TGFB1	3	6.14168283422818e-26	1.11798854123461	0.451	0.238	1.22968773706917e-21
UGCG	3	6.33970320209234e-26	1.23686755509502	0.307	0.129	1.26933537512293e-21
AAMDC	3	6.73273946335394e-26	1.35730668645656	0.305	0.127	1.34802909535273e-21
TMEM179B	3	6.90860420538922e-26	1.33754997742355	0.307	0.129	1.38324073400303e-21
RPAIN	3	7.29763909908765e-26	1.10379820406309	0.379	0.177	1.46113330041933e-21
TRIM47	3	8.32248294602206e-26	1.33763489053791	0.273	0.106	1.66632753545254e-21
MOB2	3	8.6237527716164e-26	1.35010570645319	0.348	0.161	1.72664777993303e-21
PHACTR2	3	1.51896947893851e-25	1.04591508553093	0.463	0.244	3.04128069073068e-21
IGFBP3	3	1.66850370161118e-25	3.53290247687381	0.289	0.13	3.3406781113659e-21
MIEN1	3	2.70846413189706e-25	1.20934496104137	0.393	0.195	5.42288688488429e-21
PLS3	3	4.30791023485076e-25	1.25187339699706	0.397	0.198	8.62529787221819e-21
PICALM	3	6.6459554933032e-25	1.25707401463362	0.354	0.166	1.33065320886917e-20
GRASP	3	7.82359404380408e-25	1.21730577512103	0.35	0.166	1.56643999945045e-20
FLII	3	9.81555711864792e-25	1.30551054934988	0.262	0.101	1.96527084629569e-20
MAP3K3	3	1.01776408372232e-24	1.4144205199349	0.278	0.113	2.03776724842883e-20
PRMT2	3	1.2785189432495e-24	0.858027171410519	0.567	0.331	2.55985062817416e-20
PLEKHA1	3	1.69854224896964e-24	1.17157082618885	0.361	0.169	3.40082129088702e-20
ATOX1	3	2.06806196978572e-24	0.753671866223012	0.713	0.519	4.14067367590498e-20
ID1	3	2.21774943691347e-24	2.30695582256635	0.409	0.239	4.44037792258815e-20
GYPC	3	2.30309235944863e-24	1.90625884563519	0.481	0.313	4.61125152208804e-20
HK1	3	2.67174967365784e-24	1.40445478054149	0.273	0.112	5.34937719659773e-20
PAFAH1B2	3	3.09210182816215e-24	1.24418020977297	0.327	0.147	6.19100628034625e-20
PTPN12	3	3.94969460409501e-24	1.05217755922935	0.427	0.219	7.90807853631903e-20
ZSWIM7	3	5.75571756212176e-24	1.06862153381771	0.384	0.188	1.15240977028802e-19
YWHAZ	3	6.62714286577855e-24	0.817785147289998	0.738	0.57	1.32688654458618e-19
SELM	3	8.07741707737088e-24	1.36435113879414	0.451	0.257	1.6172604472312e-19
MKNK2	3	1.23084560277795e-23	1.004421099248	0.339	0.154	2.46439906588201e-19
TRAPPC4	3	1.34240565531636e-23	1.44730496870925	0.253	0.1	2.68776460307441e-19
EIF4G2	3	1.55252780987433e-23	0.591366544140943	0.876	0.728	3.10847118093039e-19
POLE4	3	1.65177435176188e-23	1.28206948395057	0.35	0.169	3.30718260709763e-19
IGFBP2	3	1.66627924413659e-23	0.410403410968013	0.758	0.501	3.33622430261028e-19
PLP2	3	1.88872070316416e-23	1.1957576633132	0.257	0.101	3.78159659187528e-19
C9orf16	3	2.06409248660035e-23	0.583939619654507	0.774	0.558	4.13272597667123e-19
FYN	3	2.4714009224211e-23	0.900796939369503	0.386	0.187	4.94823892687152e-19
ZNRF1	3	5.46058801908188e-23	1.34996414779725	0.253	0.101	1.09331893318057e-18
CCDC90B	3	5.54517654237004e-23	1.09640469033124	0.377	0.187	1.11025524731333e-18
TMEM50A	3	6.73265934604394e-23	0.800831488567633	0.576	0.352	1.34801305426492e-18
MRPL33	3	7.81415794849693e-23	0.894217425886173	0.594	0.384	1.56455070444805e-18
ATP1B3	3	8.3025773528645e-23	0.590337029254219	0.422	0.209	1.66234203759053e-18
PPIA	3	9.78090356403199e-23	0.565990081044206	0.998	0.986	1.95833251159048e-18
SLC41A1	3	1.01241654759478e-22	1.5693660497608	0.269	0.114	2.02706041159426e-18
FLNA	3	1.23053034450542e-22	0.705836026515079	0.758	0.528	2.46376785576874e-18
C11orf83	3	1.25920997827251e-22	1.25044643508071	0.293	0.128	2.52119021849721e-18
RPS21	3	1.2917208543017e-22	0.416654115351028	0.962	0.96	2.58628349448286e-18
NAA10	3	1.38892666171944e-22	0.915988807667192	0.476	0.268	2.78090896209466e-18
DYNC1H1	3	2.17190807073347e-22	0.8174299223367	0.637	0.424	4.34859433922255e-18
RDX	3	2.20519983739546e-22	0.891518987346	0.535	0.322	4.41525111443319e-18
DUSP6	3	2.40614078793984e-22	1.08705803854343	0.386	0.196	4.81757508561315e-18
ZBTB38	3	3.70445408397823e-22	1.23091229731551	0.336	0.163	7.41705796694121e-18
NDUFS6	3	4.70693904111857e-22	0.689836863938209	0.718	0.509	9.4242333481276e-18
SSH2	3	5.90204736801088e-22	1.33083553058546	0.251	0.102	1.18170792402314e-17
EMP2	3	6.95435045200719e-22	0.999302425418986	0.463	0.261	1.39240004750088e-17
MTSS1	3	7.0271343503102e-22	1.34453685588396	0.318	0.152	1.40697283961911e-17
C14orf166	3	1.20843018207629e-21	0.785892639509636	0.589	0.379	2.41951891055315e-17
TAX1BP3	3	2.44948716975678e-21	1.121935505816	0.393	0.208	4.90436321128702e-17
RAB1B	3	2.87425113332078e-21	1.27196822993331	0.269	0.115	5.75482561913487e-17
DYNC1I2	3	4.47917923524574e-21	0.650553565679306	0.668	0.436	8.96821266480902e-17
STIP1	3	4.81155335034035e-21	1.21312639068984	0.323	0.156	9.63369211805146e-17
SHFM1	3	4.92912216498768e-21	0.583467540580661	0.901	0.773	9.86908839873834e-17
PSMB6	3	5.61993784855848e-21	0.783431019478532	0.682	0.505	1.12522395603838e-16
EPN1	3	5.79689162241764e-21	1.08141081836663	0.366	0.185	1.16065364064046e-16
MYO1B	3	6.31058699960276e-21	1.10632604923898	0.359	0.18	1.26350572906046e-16
TMEM256	3	6.38247327020374e-21	1.19017681797109	0.341	0.169	1.27789879816019e-16
LAMB2	3	6.60248830259392e-21	0.903647419778968	0.47	0.267	1.32195020794535e-16
FNBP1L	3	1.17828301738943e-20	1.10396043148529	0.381	0.198	2.35915825741712e-16
TCEB1	3	1.21251998416114e-20	0.851579649180974	0.537	0.332	2.42770751228744e-16
RPLP2	3	1.588837450064e-20	0.492485859942541	0.998	0.992	3.18117034251815e-16
EHD2	3	1.89178221060648e-20	1.10279086050906	0.386	0.207	3.7877263420763e-16
YBX1	3	2.03321494630085e-20	0.427108515306141	0.955	0.914	4.07090296548355e-16
KIAA1551	3	2.41606749858925e-20	0.849293427382076	0.375	0.19	4.8374503456754e-16
KIF5B	3	2.553682301151e-20	0.915978002379189	0.533	0.34	5.11298270336453e-16
PHKB	3	2.67359981926991e-20	1.07478100031868	0.33	0.159	5.3530815581422e-16
GADD45GIP1	3	3.36747084633513e-20	0.780023638484324	0.605	0.427	6.7423501285322e-16
CYB5B	3	3.38544249386845e-20	1.17178394311676	0.284	0.129	6.7783329612234e-16
S100A6	3	3.99265934114451e-20	1.98220003259472	0.808	0.832	7.99410253283955e-16
CAST	3	4.23824855249551e-20	0.724978962037831	0.582	0.368	8.48582125180651e-16
PSMB3	3	4.62028224822852e-20	0.806611125769228	0.641	0.456	9.25072911740315e-16
OST4	3	5.7507529949587e-20	0.484672397928656	0.935	0.835	1.15141576465063e-15
S100A11	3	5.9503704758901e-20	0.526472187325134	0.941	0.851	1.19138317668272e-15
PDCD5	3	6.41374023348378e-20	0.900063610413331	0.553	0.358	1.28415906954812e-15
FIBP	3	7.41165512148176e-20	1.12893126327341	0.345	0.175	1.48396158842308e-15
PDLIM4	3	7.44188400129131e-20	1.30837675367178	0.4	0.226	1.49001401473855e-15
SRI	3	8.16328779123361e-20	0.800125789210354	0.632	0.445	1.63445348156079e-15
AP2S1	3	9.22772076089642e-20	0.668927573620233	0.795	0.646	1.84757425074668e-15
COMMD7	3	1.22796511274631e-19	1.01688808721838	0.368	0.191	2.45863174874065e-15
POMP	3	1.47377430026515e-19	0.68574702100956	0.801	0.648	2.95079090399088e-15
RPL41	3	1.47798626772293e-19	0.276208826343893	1	1	2.95922410523485e-15
BANF1	3	1.69271194070269e-19	0.780822175935552	0.594	0.396	3.38914784767493e-15
TMEM223	3	2.52431442870417e-19	1.15166668489952	0.255	0.11	5.05418234915149e-15
TM2D2	3	3.1009472395395e-19	1.14481598967058	0.318	0.158	6.20871656300599e-15
UBXN1	3	3.31356020849573e-19	0.737732684727123	0.54	0.332	6.63441024945016e-15
NEDD8	3	3.33813101114944e-19	0.508629360751148	0.831	0.651	6.68360591052341e-15
COTL1	3	3.38910389898515e-19	0.62682809750948	0.51	0.306	6.78566382654807e-15
SRP14	3	3.5822994643034e-19	0.947106047848416	0.935	0.882	7.17247998742827e-15
MYEOV2	3	4.45299213716894e-19	0.566572767687752	0.74	0.553	8.91578085703964e-15
ISG15	3	5.08164878791665e-19	0.554776028259997	0.492	0.286	1.01744772031667e-14
SLC9A3R2	3	5.25207391200857e-19	1.40055694154022	0.544	0.37	1.05157023866236e-14
RN7SL1	3	6.24879295707036e-19	0.960153059039961	0.35	0.18	1.25113332586463e-14
RNF145	3	6.82625299272787e-19	1.03285145493388	0.334	0.167	1.36675237420397e-14
NDUFS5	3	8.12833032999756e-19	0.461878645107291	0.88	0.756	1.62745429867211e-14
GIPC1	3	8.195082925941e-19	1.0945390557238	0.307	0.149	1.64081950343191e-14
RUVBL1	3	8.39377534513966e-19	1.24190012682548	0.262	0.119	1.68060169960386e-14
FLOT1	3	9.51689307318385e-19	0.983266418993299	0.422	0.242	1.90547233111287e-14
ADRM1	3	9.70469622531821e-19	0.964779827296789	0.379	0.205	1.94307427823321e-14
MRPL41	3	1.01785889340093e-18	0.872309973763796	0.521	0.335	2.03795707636734e-14
RPS18	3	1.08460848485285e-18	0.321308531241564	1	1	2.17160310837238e-14
MAP4	3	1.13357554480686e-18	0.848185406842388	0.519	0.33	2.26964495581229e-14
PSMA7	3	1.67637958963488e-18	0.454998997737684	0.916	0.813	3.35644721436695e-14
TAP1	3	1.76268658425755e-18	1.27537483137656	0.264	0.123	3.52925107900047e-14
VKORC1	3	1.91444476596529e-18	0.83923596688217	0.454	0.262	3.83310131041571e-14
SH3GLB1	3	2.01336841595305e-18	0.90847539027953	0.546	0.358	4.03116624242119e-14
COMT	3	2.22568783551192e-18	1.07717781979108	0.433	0.261	4.45627218426197e-14
C11orf48	3	2.38333853194389e-18	1.15318739236708	0.262	0.118	4.77192040865805e-14
FAM213A	3	2.70145326186156e-18	0.738603838434243	0.598	0.399	5.40884972089922e-14
ZFYVE21	3	2.85460584637115e-18	1.2072908868488	0.293	0.144	5.71549182560432e-14
YWHAH	3	2.85475214927328e-18	0.699972223634461	0.404	0.219	5.71578475327496e-14
CDC34	3	3.07685434923538e-18	1.13597177471115	0.271	0.125	6.16047777803907e-14
EFCAB14	3	3.13424077783431e-18	1.22774596841881	0.379	0.214	6.27537688537985e-14
NNMT	3	3.20874546083167e-18	2.01150866129898	0.316	0.181	6.42455016167716e-14
CTTNBP2NL	3	3.61885478752236e-18	1.22238174376268	0.266	0.123	7.24567105557728e-14
GANAB	3	3.81317019475836e-18	1.04182462015559	0.327	0.166	7.63472936394519e-14
PSMA1	3	4.43525556819219e-18	0.732490547268273	0.582	0.388	8.8802686986344e-14
PDE8A	3	4.5956012727759e-18	1.17681099689297	0.251	0.111	9.20131286835191e-14
PFKL	3	5.17317914091986e-18	0.904313154165986	0.393	0.216	1.03577392759497e-13
NCKAP1	3	5.62338390975504e-18	0.790567053793546	0.397	0.214	1.12591392641115e-13
SVIL	3	5.90082442081377e-18	0.854484605852282	0.366	0.194	1.18146306553533e-13
STK25	3	6.01055689389027e-18	0.970741522094112	0.363	0.195	1.20343370129471e-13
BRI3	3	6.32897549160703e-18	0.767448779146312	0.849	0.779	1.26718747292956e-13
LEPROTL1	3	6.43650975885258e-18	0.915801962104069	0.372	0.203	1.28871798391746e-13
ODF2L	3	8.67714074948083e-18	0.943860687660004	0.37	0.199	1.73733712086105e-13
UBAP2	3	1.03519191889426e-17	1.09205778935284	0.271	0.127	2.07266126001009e-13
ZNF706	3	1.13975633387514e-17	0.651614334044178	0.668	0.492	2.2820201316848e-13
SEPT10	3	1.24670119372668e-17	0.915366697243825	0.323	0.163	2.49614513007955e-13
VCP	3	1.26288491635159e-17	0.796038838603347	0.537	0.348	2.52854817951916e-13
PPP1R18	3	1.32486839850714e-17	1.01067160518215	0.309	0.154	2.65265150749099e-13
PSMD13	3	1.37898432809122e-17	0.896744267107813	0.472	0.296	2.76100242170424e-13
CISD1	3	1.58365622735288e-17	0.973866277728134	0.343	0.18	3.17079649840593e-13
FRYL	3	1.69572984407927e-17	1.1522642890542	0.289	0.144	3.39519029381551e-13
ROMO1	3	1.818703958809e-17	0.746673685049715	0.558	0.379	3.64140906632739e-13
PUF60	3	1.91654782827981e-17	0.972614147227159	0.357	0.192	3.83731206178183e-13
ELOVL5	3	2.1229969105131e-17	1.1166495616762	0.305	0.154	4.25066441422932e-13
RPS13	3	2.4142895150436e-17	0.334719751943883	0.991	0.991	4.83389046702029e-13
CCT5	3	2.43003240590784e-17	0.925528032924228	0.479	0.304	4.86541088310868e-13
NES	3	2.46790001627415e-17	1.1704781303773	0.499	0.336	4.94122941258411e-13
ECH1	3	3.25918115433718e-17	0.729696058305945	0.551	0.354	6.52553250721390e-13
PREX2	3	3.62731171637243e-17	1.08175264872977	0.348	0.186	7.26260351852088e-13
DIAPH1	3	4.17086165475499e-17	0.981752105709347	0.316	0.16	8.35089920515044e-13
MDK	3	4.49183166046612e-17	0.724573276087214	0.801	0.648	8.99354535058527e-13
IQGAP1	3	5.88867878731317e-17	0.778450130795547	0.492	0.312	1.17903126679584e-12
KLC1	3	6.14172732837638e-17	1.00815262857934	0.318	0.163	1.22969664568752e-12
TMEM2	3	7.75218497748023e-17	1.3154522707519	0.327	0.175	1.55214247619109e-12
XAF1	3	9.00106807786164e-17	1.55517745059125	0.257	0.125	1.80219385054946e-12
COX5A	3	9.31414720269704e-17	0.738799519379721	0.661	0.513	1.864878552924e-12
CAP1	3	9.66509010185691e-17	0.884159965044962	0.49	0.308	1.93514434019379e-12
NARF	3	1.21323352370057e-16	1.07355261652287	0.341	0.186	2.42913616115328e-12
TUBA1B	3	1.37978601619121e-16	0.458770934203185	0.822	0.699	2.76260756161803e-12
TGFB1I1	3	1.47401701372247e-16	0.848421199118943	0.372	0.203	2.95127686487514e-12
NDUFB2	3	1.4944868962685e-16	0.469956413020302	0.905	0.794	2.99226166370879e-12
LRRC8A	3	1.63604897593021e-16	1.22838790900717	0.251	0.118	3.27569725960746e-12
IKBIP	3	2.14217839360627e-16	0.871552119593647	0.386	0.218	4.28906957967847e-12
GADD45A	3	2.23388415476403e-16	0.975562422668324	0.35	0.192	4.47268285466855e-12
HERC2	3	2.45484313569801e-16	1.39887374827819	0.318	0.175	4.91508692629456e-12
CCDC167	3	2.48062920863585e-16	1.11574849672849	0.275	0.136	4.9667158015307e-12
VEZT	3	2.58925621709062e-16	1.02791322946323	0.296	0.149	5.18420879785883e-12
CAPRIN1	3	2.67512132313393e-16	0.807016590740354	0.427	0.248	5.35612791317876e-12
SLIRP	3	3.36998992193719e-16	0.760121302466812	0.501	0.32	6.74739382170264e-12
EIF2S2	3	3.444721406958e-16	0.712438636985407	0.567	0.38	6.89702120101131e-12
DGKZ	3	3.70700416306455e-16	1.05298241004012	0.291	0.148	7.42216373528784e-12
RSF1	3	4.16826217675858e-16	0.806130258018488	0.395	0.225	8.34569453030603e-12
LRP10	3	4.42792007098648e-16	0.943804154615035	0.318	0.166	8.86558156612913e-12
SCCPDH	3	4.84153455349313e-16	1.13852396316406	0.257	0.123	9.69372048300394e-12
SPCS3	3	4.91287809229783e-16	0.793470058902406	0.501	0.324	9.83656451639871e-12
NME1	3	5.03300325677127e-16	0.9338098943669	0.596	0.443	1.00770791207074e-11
DDB1	3	5.34250399235638e-16	0.909503388901604	0.348	0.188	1.06967614934959e-11
REEP5	3	5.36224707821098e-16	0.67635000752854	0.546	0.363	1.0736291099994e-11
FOXO1	3	5.65003994070826e-16	1.05298241004012	0.26	0.124	1.13125099692861e-11
STAU1	3	6.75565542246697e-16	0.763334925292328	0.456	0.277	1.35261732868634e-11
INF2	3	7.31148135516471e-16	1.13570253984223	0.255	0.123	1.46390479693108e-11
SNRPG	3	7.48341881573522e-16	0.60828004243032	0.625	0.444	1.49833011528651e-11
SNRPB	3	7.83053385409412e-16	0.560901597659003	0.686	0.495	1.56782948826673e-11
KIAA1462	3	8.28941104526039e-16	1.01439701183671	0.305	0.159	1.65970587948204e-11
PSMC5	3	8.90788046563176e-16	0.765250991420771	0.564	0.394	1.78353582682879e-11
PSMD2	3	9.60002896823441e-16	0.844487964380593	0.391	0.223	1.92211780001989e-11
CCT6A	3	1.00791328814034e-15	0.634488432236343	0.598	0.404	2.01804398551459e-11
DCAF13	3	1.01620277757327e-15	0.95715070525262	0.3	0.154	2.0346412012572e-11
NR2F6	3	1.19086747504725e-15	1.05577022741174	0.278	0.138	2.3843548585396e-11
PRPF8	3	1.23306547505391e-15	0.925262508265069	0.345	0.189	2.46884369415295e-11
SLFN5	3	1.32226335539291e-15	0.976422750031721	0.273	0.136	2.64743569016768e-11
MRPL15	3	1.3435474341981e-15	1.12083656336519	0.321	0.175	2.69005067275144e-11
COA4	3	1.36225133600456e-15	0.983719747603002	0.33	0.179	2.72749962494832e-11
CTHRC1	3	1.47916436205734e-15	1.07659496726207	0.472	0.328	2.9615828857112e-11
PSMB2	3	1.51421758763505e-15	0.71921482167376	0.544	0.365	3.0317664539629e-11
DDX39A	3	1.63660624264539e-15	1.05584774373451	0.271	0.134	3.27681301902461e-11
KRTCAP2	3	1.86473251867171e-15	0.702454930136256	0.551	0.394	3.73356744888451e-11
GSDMD	3	1.9011182110384e-15	0.91718319250243	0.302	0.157	3.80641888214109e-11
FN1	3	2.1015920077746e-15	1.01589054830933	0.765	0.643	4.2078075179663e-11
PRPSAP1	3	2.14226908140072e-15	0.913629573374387	0.307	0.16	4.28925115478052e-11
ITSN2	3	2.19061455736286e-15	1.00662677434838	0.298	0.155	4.38604846675191e-11
NAP1L4	3	2.36745497532333e-15	0.72485015394629	0.524	0.344	4.74011835159238e-11
DDX5	3	2.46337602975828e-15	0.319095019347191	0.966	0.874	4.93217148678203e-11
NFE2L1	3	2.63719563542924e-15	0.736954916592438	0.479	0.306	5.28019310125642e-11
EIF3J	3	2.96392547844712e-15	0.836263197118863	0.411	0.247	5.93437159294682e-11
RPS6KA3	3	3.02461421233775e-15	1.07238780921271	0.255	0.125	6.05588257594264e-11
MRPL12	3	3.41004100519917e-15	0.965740012680631	0.366	0.211	6.82758410060978e-11
NTHL1	3	6.78214420952895e-15	0.97850419408084	0.287	0.148	1.35792091363189e-10
PMP22	3	7.97329248253122e-15	1.26669694030457	0.422	0.282	1.5964126208524e-10
DCTN2	3	8.0427100892261e-15	0.73268950900176	0.413	0.244	1.61031141406485e-10
CNDP2	3	1.14492214724888e-14	1.01635348804939	0.275	0.142	2.29236312322172e-10
TMEM160	3	1.19717887304398e-14	0.772874490847381	0.44	0.272	2.39699153960865e-10
BAD	3	1.25524682384956e-14	1.13500217501201	0.257	0.129	2.51325519071158e-10
UBE2D2	3	1.40994346075576e-14	0.61198330127013	0.553	0.375	2.82298879712519e-10
SMS	3	1.6009917462152e-14	1.33617811043876	0.352	0.211	3.20550567427208e-10
DDT	3	1.85723134852053e-14	0.78967212791886	0.409	0.249	3.71854860600781e-10
KARS	3	1.90949304770296e-14	0.923232123442194	0.262	0.129	3.82318698011087e-10
PDIA6	3	1.91690230580539e-14	0.48919393242337	0.799	0.635	3.83802179668356e-10
ALDOA	3	2.14549325280496e-14	0.456850601600848	0.831	0.66	4.29570659076609e-10
NUTF2	3	2.17225489900904e-14	0.769371952004206	0.418	0.254	4.34928875879591e-10
CAMTA1	3	2.218217194419e-14	0.686495952163796	0.515	0.337	4.44131446666573e-10
RTN3	3	2.66766676591114e-14	0.907903015349776	0.318	0.175	5.34120239870729e-10
MANF	3	3.18640373063316e-14	0.906141021710845	0.404	0.249	6.37981754947371e-10
RPL3	3	3.33388693759606e-14	0.276709630275997	1	0.999	6.67510842645484e-10
SLC35B1	3	3.75947435215819e-14	0.899949187996577	0.327	0.182	7.52721954789114e-10
SNRPD1	3	4.20041370743125e-14	0.701163544791019	0.555	0.389	8.41006832501885e-10
PTBP3	3	4.44992683775979e-14	0.877180842261134	0.269	0.136	8.90964351456266e-10
MAP7D1	3	5.34364437419133e-14	0.86740690542251	0.327	0.182	1.06990447660059e-09
CREB5	3	5.74354038732823e-14	0.958719925762377	0.302	0.165	1.14997165635086e-09
LRRFIP1	3	5.7621866276623e-14	0.737640608164704	0.515	0.342	1.15370500659055e-09
WASF2	3	6.33464807013396e-14	0.632231259566879	0.612	0.449	1.26832323660222e-09
DAD1	3	6.50059229378871e-14	0.412046271065623	0.876	0.734	1.30154858906238e-09
NECAP2	3	6.51772265199783e-14	0.784820695243486	0.377	0.223	1.304978429383e-09
CCT2	3	6.64707239942808e-14	0.83399123595501	0.46	0.302	1.33087683581349e-09
C1orf43	3	7.16338502420445e-14	0.731208704905257	0.451	0.286	1.43425294954621e-09
TUBA1C	3	9.64112745017456e-14	1.18762038930848	0.251	0.127	1.93034653807395e-09
PRELID1	3	1.11556940878436e-13	0.580497996176893	0.67	0.523	2.23359307026805e-09
DCHS1	3	1.19216305248077e-13	0.934491628851524	0.368	0.223	2.386948863677e-09
NEDD4	3	1.21789705341577e-13	0.952723762261649	0.257	0.131	2.43847348034906e-09
LAMTOR1	3	1.23157738873952e-13	0.677405976592186	0.506	0.33	2.46586424773426e-09
TPRKB	3	1.2532422478306e-13	1.00235633697015	0.307	0.171	2.50924162860642e-09
DYNC1LI2	3	1.29502955067e-13	0.749741270359152	0.494	0.332	2.59290816635148e-09
UBL5	3	1.31873949998594e-13	0.34261171060104	0.935	0.839	2.64038022687185e-09
METRN	3	1.36350147128083e-13	1.24651996870438	0.33	0.195	2.73000264579847e-09
HIPK2	3	1.48160152992776e-13	1.11272449373201	0.257	0.135	2.96646258322135e-09
ARPC1B	3	1.49309960886679e-13	0.606150569561702	0.862	0.78	2.98948403687309e-09
YIF1A	3	1.50355750813928e-13	0.782816698266827	0.361	0.211	3.01042284279646e-09
DYNLRB1	3	1.52165054664147e-13	0.587418937954372	0.639	0.485	3.04664872448556e-09
SYMPK	3	2.05959923931902e-13	0.918712904772623	0.275	0.145	4.12372959696454e-09
PRMT1	3	2.18394699414091e-13	0.628673126771939	0.605	0.454	4.37269867166892e-09
IDH2	3	2.36440577512456e-13	1.04221597917105	0.354	0.221	4.73401324295439e-09
ATP1A1	3	2.48920958264563e-13	0.804765366503605	0.535	0.389	4.98389542637308e-09
NUCB1	3	2.82047189267701e-13	0.739865728745842	0.508	0.355	5.6471488235179e-09
NME4	3	3.10942792619626e-13	0.766146852315908	0.621	0.489	6.22569659383014e-09
C11orf73	3	3.2663133213574e-13	0.857997193643204	0.302	0.166	6.53981253202179e-09
EGLN2	3	3.3305720455705e-13	0.88291518007293	0.302	0.166	6.66847134964125e-09
TMEM165	3	3.41062799033003e-13	0.792592725461886	0.413	0.259	6.82875936223879e-09
LPCAT2	3	3.41104137676194e-13	0.956295098798232	0.278	0.147	6.82958704455276e-09
RAB5C	3	3.56043501987225e-13	0.642718846746672	0.562	0.404	7.12870299678821e-09
ILK	3	3.5738573354954e-13	0.684765767514266	0.438	0.275	7.15557715712889e-09
CTNNBIP1	3	3.68295944905087e-13	1.38022756883618	0.298	0.173	7.37402140888966e-09
EBPL	3	3.71905137584896e-13	0.684205127457123	0.497	0.33	7.44628466472479e-09
MTRNR2L12	3	3.73577056233493e-13	0.403100050480594	0.993	0.998	7.479759819907e-09
COX7A2	3	3.7597018620433e-13	0.449742098844232	0.837	0.707	7.52767506818309e-09
TRAF7	3	3.89480809689072e-13	0.983459305555641	0.257	0.134	7.79818477159459e-09
ARCN1	3	4.08398335146569e-13	0.797214413072596	0.375	0.227	8.1769514663046e-09
SCARB2	3	4.45704487484745e-13	0.790239134273073	0.488	0.326	8.92389524841957e-09
RPL7	3	4.51914069643237e-13	0.427448418825727	0.926	0.894	9.04822350239689e-09
CASP4	3	4.5213180159629e-13	0.844545360054128	0.289	0.154	9.05258293156091e-09
COX17	3	4.75726682236311e-13	0.749371077770402	0.46	0.312	9.52499963173542e-09
SLC39A1	3	7.69857490269287e-13	0.736624944027994	0.386	0.234	1.54140866701717e-08
BID	3	8.14286308166024e-13	0.934535664900985	0.321	0.186	1.63036404621001e-08
NUDT3	3	9.65638216570742e-13	0.713420640637138	0.47	0.311	1.93340083721794e-08
MPRIP	3	1.00092175612974e-12	0.931778086198441	0.289	0.159	2.00404554012296e-08
ROCK2	3	1.08941266995898e-12	0.7024533431291	0.413	0.256	2.18122204779187e-08
EBNA1BP2	3	1.11137694210827e-12	1.0588830114798	0.253	0.133	2.22519891348918e-08
VASP	3	1.32696610786994e-12	1.02483136972597	0.255	0.135	2.6568515411772e-08
MAF1	3	1.38416246131196e-12	0.756000672282985	0.336	0.194	2.77137008003881e-08
ADAMTS7	3	1.46174338064552e-12	0.996766400473568	0.257	0.137	2.92670259672847e-08
ATP5I	3	1.51674221664707e-12	0.387005470647928	0.905	0.792	3.03682126617076e-08
CTBP2	3	1.69595991352409e-12	0.750904091011775	0.334	0.193	3.39565093885793e-08
ABCD4	3	1.95951305201689e-12	0.783909385099554	0.339	0.199	3.92333703274822e-08
NCOR1	3	2.19038516698451e-12	0.694892753638077	0.381	0.232	4.38558918133638e-08
RRAS	3	2.64465403584327e-12	0.806084572751665	0.406	0.26	5.29512631056539e-08
FAR1	3	2.68567057081846e-12	0.772874490847381	0.316	0.18	5.37724961689273e-08
PINK1	3	2.79704011961153e-12	1.00717872042699	0.298	0.173	5.6002337274862e-08
RAC1	3	3.4552962933401e-12	0.292913160179915	0.975	0.908	6.91819423852556e-08
PAK2	3	3.63259673065247e-12	0.55129052850709	0.549	0.384	7.27318517411237e-08
NDUFS8	3	4.08008834914697e-12	0.65277189917992	0.433	0.278	8.16915289266207e-08
RCN1	3	4.13315197652348e-12	0.568515992341194	0.524	0.357	8.2753968873953e-08
PGLS	3	4.47010278488466e-12	0.683161632738618	0.542	0.398	8.95003979589606e-08
UBR4	3	4.63306312790934e-12	0.97618566078424	0.278	0.155	9.27631899470009e-08
MAP1LC3B	3	4.63536775434893e-12	0.646091653584018	0.551	0.407	9.28093331775743e-08
TAPBP	3	4.70955682831092e-12	0.917642388381547	0.366	0.231	9.42947468164412e-08
FAM60A	3	4.96573981145609e-12	0.865320739611976	0.275	0.151	9.94240425049738e-08
NFAT5	3	5.16332556013884e-12	0.861055984685875	0.368	0.229	1.033801043651e-07
HSD17B12	3	5.42242551889382e-12	0.879490274834443	0.35	0.215	1.08567803739292e-07
C9orf3	3	5.49924111676638e-12	0.92381638892212	0.262	0.141	1.10105805639896e-07
PPP1CC	3	6.44597147822503e-12	0.818099044520471	0.449	0.309	1.29061240937022e-07
LPAR6	3	6.49428814710266e-12	0.693826995068172	0.327	0.19	1.30028637281289e-07
GPAA1	3	6.85012561065949e-12	0.817791637131636	0.278	0.152	1.37153214976624e-07
UQCRB	3	7.41562482415258e-12	0.39552586244977	0.905	0.822	1.48475640229183e-07
EIF6	3	7.76830152108269e-12	0.708744153427665	0.438	0.288	1.55536933055118e-07
SNTB2	3	9.31541289259401e-12	0.994866663869182	0.309	0.184	1.86513196935517e-07
ADSS	3	1.03416458873699e-11	0.859283115725718	0.302	0.175	2.07060433956919e-07
PCBD1	3	1.11191113873778e-11	1.016456534015	0.375	0.243	2.22626848198079e-07
NDUFA12	3	1.14304858201182e-11	0.530438526101778	0.564	0.401	2.28861187090406e-07
GPX4	3	1.19966091576602e-11	0.336918266650529	0.851	0.702	2.40196108554673e-07
TUFM	3	1.27422237153131e-11	0.585830141819978	0.524	0.365	2.55124803227999e-07
COX6A1	3	1.4884019071385e-11	0.621440188576288	0.54	0.394	2.9800782984727e-07
CTNNB1	3	1.52957741131967e-11	0.721500008439505	0.458	0.318	3.06251989294425e-07
KPNB1	3	1.56012988336038e-11	0.619296204239375	0.542	0.395	3.12369205246415e-07
AP2B1	3	1.80921517850655e-11	0.594126423949546	0.472	0.316	3.62241063040582e-07
BSG	3	1.96186312605703e-11	0.3908520487965	0.801	0.641	3.92804235099139e-07
DAAM1	3	2.01121020462749e-11	0.7982201658938	0.395	0.258	4.02684507170515e-07
CCNY	3	2.08820537765625e-11	0.856116865779525	0.257	0.139	4.18100480714335e-07
TSN	3	2.09780129868054e-11	0.957051544820603	0.307	0.182	4.20021776021818e-07
F2R	3	2.236886966247e-11	0.306976828762393	0.418	0.249	4.47869508381975e-07
YPEL2	3	2.2521411925821e-11	0.862651197935967	0.273	0.152	4.50923709578788e-07
RECQL	3	2.36049803884963e-11	0.86033733209772	0.293	0.168	4.72618917338472e-07
GLRX3	3	2.48582099284258e-11	0.808306629337505	0.325	0.194	4.9771107918694e-07
SLC25A5	3	2.6151568069558e-11	0.391340849424889	0.623	0.45	5.2360669588869e-07
YWHAG	3	2.70234783263804e-11	0.784234353011929	0.323	0.194	5.41064083050788e-07
SF1	3	2.87674900935468e-11	0.51357979199471	0.576	0.415	5.75982686652994e-07
NRN1	3	3.66081512625035e-11	1.04400605521419	0.293	0.175	7.32968404577844e-07
RBM3	3	3.74858896640098e-11	0.524132864122856	0.528	0.374	7.50542482852803e-07
EMC6	3	3.99627817879872e-11	0.67677617015002	0.409	0.267	8.00134816959079e-07
NRIP1	3	4.11585400715547e-11	0.783625492466538	0.332	0.203	8.24076289312668e-07
FKBP9	3	4.56358661145932e-11	0.593616534301547	0.44	0.289	9.13721311346385e-07
ABHD17A	3	4.92427618965973e-11	0.630719926187126	0.483	0.337	9.85938578693671e-07
APRT	3	5.25218981754285e-11	0.445642068626647	0.675	0.533	1.05159344526843e-06
S100A4	3	5.34241789000903e-11	1.11466571331939	0.282	0.488	1.06965890993761e-06
DYNC1LI1	3	5.43465558331177e-11	0.824713422366999	0.282	0.16	1.08812674089068e-06
CLCN3	3	5.77963761239070e-11	0.770485922353279	0.278	0.156	1.15719904275287e-06
CCT3	3	7.56080504514275e-11	0.573705298958555	0.585	0.445	1.51382438613848e-06
AKT3	3	7.94919935723465e-11	0.957912300649798	0.257	0.144	1.59158869530552e-06
GGA1	3	8.24512682875302e-11	0.751473856391687	0.321	0.193	1.65083929365293e-06
HDGFRP3	3	8.79544266434039e-11	0.687842971043275	0.339	0.205	1.76102353025423e-06
LAMTOR2	3	9.05855023724914e-11	0.637145057638334	0.49	0.346	1.81370292850202e-06
RPS20	3	9.70644114045641e-11	0.412246656200451	0.765	0.627	1.94342364514218e-06
MRPL16	3	1.07875907048331e-10	0.845386990631749	0.273	0.156	2.15989141092169e-06
ATP5G2	3	1.13813035495755e-10	0.32096871411049	0.901	0.83	2.27876459669602e-06
PSMD1	3	1.35326299948627e-10	0.837848238329344	0.307	0.186	2.70950317757141e-06
SMURF2	3	1.47014120048119e-10	0.749035790648977	0.316	0.19	2.94351671160343e-06
CCDC82	3	1.57511954840212e-10	0.718496115072374	0.449	0.317	3.15370435981072e-06
LPHN2	3	1.80014127089609e-10	0.928294716198195	0.262	0.15	3.60424285258816e-06
EEF1B2	3	1.97455316188006e-10	0.289895628725563	0.926	0.848	3.95345034071625e-06
TSPAN9	3	2.19949034007787e-10	0.814456970678402	0.271	0.155	4.40381955890391e-06
KAT6A	3	2.35452448508016e-10	0.707829383732817	0.384	0.254	4.7142289240275e-06
RNF19A	3	2.4018037560098e-10	0.872250653641221	0.393	0.265	4.80889148028283e-06
NDUFA8	3	2.53051933547162e-10	0.614176744828322	0.438	0.297	5.06660581348128e-06
MVB12A	3	2.74674723649221e-10	0.776568974405122	0.298	0.177	5.49953731690471e-06
RPS6	3	2.82552572139505e-10	0.270215910385746	0.991	0.991	5.65726759937718e-06
CCND1	3	3.04719697536679e-10	0.987455628654101	0.388	0.266	6.10109778407939e-06
DERL1	3	3.19289487863264e-10	0.875658131381476	0.264	0.152	6.39281412599827e-06
FXR1	3	3.21653223426041e-10	0.54045997677512	0.526	0.381	6.4401408394362e-06
NDUFB3	3	3.2368552666676e-10	0.600346834807141	0.438	0.294	6.48083161492187e-06
IFNAR1	3	3.61441810222233e-10	0.661856329675276	0.397	0.265	7.23678792426956e-06
PSMC3	3	4.26165851727506e-10	0.6799389994259	0.393	0.261	8.53269268328813e-06
HOXB7	3	4.45552004983752e-10	0.950777549713218	0.251	0.144	8.92084224378469e-06
C8orf59	3	4.59651490286261e-10	0.414485303384965	0.698	0.559	9.20314213851153e-06
CD2AP	3	4.60312765529769e-10	0.637560448389673	0.275	0.157	9.21638219143703e-06
RPN2	3	4.61715417144716e-10	0.549004352449557	0.503	0.358	9.2444660820715e-06
TAOK1	3	4.72883927311811e-10	0.7978818310117	0.302	0.182	9.46808199263709e-06
IL6ST	3	4.80771397630789e-10	0.86033733209772	0.508	0.4	9.62600492336365e-06
PSMB4	3	5.22095622983768e-10	0.574061546729285	0.438	0.295	1.0453398563381e-05
FAM107B	3	5.42239246249158e-10	0.660622130902362	0.352	0.226	1.08567141884006e-05
GNG12	3	5.93336273347748e-10	0.737618173844587	0.345	0.222	1.18797788649686e-05
PHB	3	6.61796061183087e-10	0.492766571654645	0.679	0.548	1.32504807370078e-05
POLD4	3	6.69500457019849e-10	0.65455452365862	0.388	0.252	1.34047381504514e-05
PPM1G	3	6.73950421275153e-10	0.523490881356486	0.47	0.323	1.34938353347711e-05
GRINA	3	7.0354744407249e-10	0.654832351286313	0.33	0.202	1.40864269252194e-05
HSBP1	3	7.90592555733413e-10	0.401970957201329	0.788	0.676	1.58292441508944e-05
DNAJC10	3	8.0773752779219e-10	0.640576126228706	0.348	0.221	1.61725207814552e-05
C19orf24	3	9.24315580783872e-10	0.777686151919772	0.287	0.172	1.85066465584547e-05
MRPS21	3	9.52920327996657e-10	0.50633573826943	0.555	0.416	1.90793708071491e-05
RAI14	3	9.64194770779315e-10	0.720585368554768	0.307	0.188	1.93051077005434e-05
MTR	3	9.7154128541469e-10	0.89244135021331	0.251	0.144	1.94521996165729e-05
SHARPIN	3	9.80426997642373e-10	0.836314102891204	0.257	0.15	1.96301093467956e-05
UBE2N	3	9.91356009896359e-10	0.643525943024572	0.348	0.221	1.98489300301449e-05
SYPL1	3	9.93676041427496e-10	0.543822733396722	0.451	0.306	1.98953817014613e-05
AGAP3	3	1.02548087997553e-09	0.683839676731921	0.284	0.167	2.05321781788701e-05
MRPL11	3	1.19388512317827e-09	0.720247560196171	0.3	0.183	2.39039679362753e-05
YTHDF2	3	1.30617895885502e-09	0.781265761106521	0.35	0.227	2.61523151141953e-05
IMP4	3	1.5262637074118e-09	0.737550026445525	0.302	0.186	3.05588519497992e-05
NDUFAB1	3	1.57904343657044e-09	0.448589902753061	0.614	0.469	3.16156076870133e-05
THSD7A	3	1.59970448204937e-09	0.712140076288817	0.327	0.204	3.20292831395924e-05
NDUFB1	3	1.60012884922493e-09	0.459457895815536	0.594	0.449	3.20377798191815e-05
MPST	3	1.60884192962379e-09	0.714604430216289	0.282	0.169	3.22122331149275e-05
NT5C3A	3	1.93430343563253e-09	0.732847596975804	0.266	0.155	3.87286233882344e-05
PCMT1	3	2.08604477978993e-09	0.740798633899182	0.334	0.214	4.17667885809539e-05
EIF3F	3	2.09958923810155e-09	0.446622556887777	0.738	0.631	4.20379757252693e-05
ZNHIT1	3	2.14355973192496e-09	0.318824060996065	0.799	0.636	4.29183529526016e-05
HES1	3	2.21465311768408e-09	0.788998550377458	0.386	0.27	4.43417847222707e-05
AP2A2	3	2.22363632075045e-09	0.757735355499022	0.418	0.304	4.45216464140656e-05
NDUFB7	3	2.26472086409158e-09	0.369080267605025	0.718	0.578	4.53442411408416e-05
DCTPP1	3	2.34903147715406e-09	0.721000650488831	0.28	0.167	4.70323082355786e-05
SCAND1	3	2.46732931354689e-09	0.44859441073131	0.589	0.441	4.94008675158359e-05
STARD7	3	2.4778477846356e-09	0.757722265614833	0.284	0.173	4.96114683439739e-05
TCEA2	3	2.5275131526532e-09	0.664621600195357	0.302	0.185	5.06058683424223e-05
CORO1B	3	2.62067692024511e-09	0.567366859599164	0.291	0.176	5.24711932971476e-05
PRKDC	3	3.05288227209745e-09	0.517054197154972	0.497	0.354	6.11248088519352e-05
MTDH	3	3.45305333147235e-09	0.330136278850744	0.761	0.606	6.91370338027395e-05
PSME2	3	3.6852097122232e-09	0.408641362240028	0.438	0.301	7.3785268858133e-05
DDX21	3	4.0869578570843e-09	0.622264167117775	0.449	0.325	8.18290702145419e-05
RGL2	3	4.38008099696863e-09	0.601720094323525	0.341	0.218	8.7697981721306e-05
VGLL4	3	4.38515569798969e-09	0.523302344820149	0.474	0.339	8.77995873851495e-05
COMMD6	3	5.14321496596644e-09	0.29776607271412	0.898	0.766	0.00010297745004858
NDUFB9	3	6.15074551170992e-09	0.604426409944871	0.46	0.337	0.000123150226635456
IARS2	3	6.60306741125515e-09	0.663445283055138	0.302	0.188	0.000132206615708151
COMMD2	3	8.01230264029952e-09	0.696774832878947	0.345	0.229	0.000160422323464077
GJA1	3	9.0106265454022e-09	0.755761894553064	0.345	0.233	0.000180410764692043
MPG	3	9.09659446055106e-09	0.586478742727317	0.454	0.328	0.000182132014289153
TWF2	3	9.25013527261399e-09	0.71019698266986	0.284	0.175	0.000185206208428277
MRPL14	3	9.47122734360181e-09	0.568354638576199	0.429	0.302	0.000189632913873596
PGK1	3	1.1355337307505e-08	0.536091654316958	0.456	0.332	0.000227356563570866
PHACTR4	3	1.1370202039952e-08	0.765388928042457	0.264	0.16	0.000227654185243919
IPO7	3	1.13946527282308e-08	0.684456046591137	0.325	0.211	0.000228143736924637
BAG1	3	1.14433346534797e-08	0.765489148658524	0.266	0.162	0.00022911844643197
UQCRQ	3	1.23685474973273e-08	0.298932024896035	0.79	0.629	0.000247643057991487
TRIM44	3	1.28465081801948e-08	0.557268264461674	0.458	0.328	0.000257212786783861
SET	3	1.34773540522329e-08	0.344417789822888	0.853	0.76	0.000269843582833808
PXDN	3	1.68105369933071e-08	0.871078527751335	0.436	0.339	0.000336580571679995
SPCS2	3	1.83934397024939e-08	0.507820917376935	0.555	0.429	0.000368273449723332
IFI16	3	1.86130865813035e-08	0.382639610056329	0.713	0.589	0.000372671219530858
RBM17	3	2.02677833960984e-08	0.520968789267919	0.467	0.336	0.000405801559156683
SLC25A39	3	2.36514450066068e-08	0.637037269938074	0.375	0.257	0.000473549231922282
RBM8A	3	2.495967738097e-08	0.374468570465181	0.605	0.463	0.000499742660521781
ARPC1A	3	2.61989474842124e-08	0.433114294370758	0.524	0.383	0.0005245553265289
MRPL22	3	2.64361907277221e-08	0.612409818654135	0.352	0.236	0.000529305410750451
PSMD4	3	2.76659130646112e-08	0.54243831036016	0.424	0.299	0.000553926911379646
PSMB8	3	2.95987388166332e-08	0.583756394425979	0.406	0.285	0.00059262594858663
ADD1	3	3.25796190351695e-08	0.568332873760478	0.474	0.352	0.000652309132322164
PAFAH1B3	3	3.54391626726565e-08	0.669524964181584	0.284	0.18	0.000709562915031929
ARGLU1	3	3.65865144416344e-08	0.418708535980176	0.865	0.762	0.000732535192150405
SSB	3	4.10798666996897e-08	0.42147732338193	0.558	0.422	0.000822501091061186
DOCK1	3	4.18236610749228e-08	0.448391102570027	0.391	0.262	0.000837393342042105
ARL2BP	3	4.20054426465392e-08	0.692789094028041	0.26	0.159	0.000841032972669008
PSMB9	3	4.86778857079611e-08	0.589128994818226	0.325	0.216	0.000974628627644798
UBE2L3	3	5.09948254082951e-08	0.549744306753414	0.4	0.278	0.00102101839432488
HEBP2	3	5.37734163999767e-08	0.670916155029611	0.384	0.277	0.00107665134316033
TEX264	3	5.4227106530257e-08	0.64694635815086	0.325	0.214	0.00108573512694881
SEC11C	3	5.83084765809566e-08	0.844740477046701	0.291	0.19	0.00116745231810391
CLPP	3	5.87031042661532e-08	0.598187201523537	0.325	0.215	0.00117535355361692
SORBS3	3	6.0833654482691e-08	0.701615807677559	0.282	0.179	0.00121801143005244
PDCD10	3	6.22879059408142e-08	0.564235224578263	0.35	0.232	0.00124712845274698
SF3B2	3	6.63312241406225e-08	0.553542540735514	0.393	0.273	0.00132808376974354
NDUFB4	3	6.87532781959253e-08	0.31601681587391	0.743	0.611	0.00137657813603882
HUWE1	3	6.95188488924605e-08	0.580336030430133	0.345	0.229	0.00139190639252484
KIF1B	3	7.14652718816879e-08	0.618710865301219	0.284	0.18	0.00143087767361516
ATL3	3	7.26360045599851e-08	0.655496658368671	0.253	0.154	0.00145431808330002
PABPC1	3	7.5913365944634e-08	0.309858022995134	0.862	0.749	0.00151993741294346
PPP2CB	3	7.61392818622945e-08	0.509247784875579	0.354	0.236	0.00152446070144686
PPP4C	3	7.91496860576721e-08	0.594777051604899	0.37	0.255	0.00158473501424671
QARS	3	7.92740659140737e-08	0.642180772725823	0.262	0.161	0.00158722534773158
MED19	3	8.93016480602714e-08	0.681806540087731	0.253	0.155	0.00178799759746275
SNRPF	3	9.05039395099126e-08	0.473756278868104	0.542	0.416	0.00181206987686747
HNRNPAB	3	9.23698730586563e-08	0.444441341248832	0.472	0.341	0.00184942959838042
SHISA5	3	1.0444418664832e-07	0.690412330655408	0.366	0.259	0.00209118150507267
FAM96B	3	1.18189510276793e-07	0.455911612974409	0.607	0.493	0.00236639037476195
RAB10	3	1.20316624713264e-07	0.512646141145276	0.395	0.273	0.00240897946000897
LBR	3	1.26376068549212e-07	0.510000822024604	0.325	0.213	0.00253030164449233
PGAM1	3	1.27578963333608e-07	0.588096361310711	0.345	0.233	0.0025543860038655
NOL7	3	1.3161759479311e-07	0.502893601339186	0.497	0.379	0.00263524748294765
PFDN2	3	1.38333494030839e-07	0.355631222792976	0.682	0.564	0.00276971321748547
LSM4	3	1.38847032708654e-07	0.470016719382907	0.411	0.287	0.00277999528889267
ASAP1	3	1.39274709806888e-07	0.581562440863753	0.35	0.239	0.0027885582397535
TMED9	3	1.46337886464732e-07	0.368212567366736	0.648	0.512	0.00292997716279687
CCDC23	3	1.48800326866741e-07	0.677691089554029	0.26	0.163	0.0029792801445259
LAMTOR5	3	1.52362738225392e-07	0.401204500878057	0.619	0.493	0.0030506067447488
CCPG1	3	1.55967087444799e-07	0.664518006360181	0.354	0.247	0.00312277302481976
COX14	3	1.61099400837328e-07	0.508112905085365	0.481	0.363	0.00322553220356498
TMEM204	3	1.72306520515333e-07	0.462209611328959	0.359	0.242	0.00344992115375799
C11orf31	3	1.73372272834454e-07	0.345457619140508	0.842	0.776	0.00347125964669144
STOM	3	1.82983997391563e-07	1.21116734242653	0.395	0.335	0.00366370559577388
TCEAL4	3	1.8316025661933e-07	0.614691314845389	0.519	0.409	0.00366723465803223
MED10	3	1.86004718925237e-07	0.512182370915481	0.449	0.331	0.0037241864823211
NHP2	3	2.11255857272028e-07	0.470804828964879	0.474	0.351	0.00422976477430054
XRCC5	3	2.23897226489424e-07	0.379984754766487	0.634	0.505	0.00448287026877125
METTL9	3	2.43139197136949e-07	0.516382930880359	0.418	0.302	0.004868133005076
GAS6	3	2.43141209816388e-07	0.59294652121979	0.354	0.249	0.00486817330294372
PML	3	2.49073195235998e-07	0.668993347020502	0.278	0.18	0.00498694351501515
SPTSSA	3	2.5599027768175e-07	0.895246969285946	0.284	0.19	0.00512543733974399
HLA-F	3	2.61282927195606e-07	0.589197347124534	0.278	0.178	0.00523140676831042
BRK1	3	2.78894795013997e-07	0.410206396295886	0.641	0.523	0.00558403158577024
HEBP1	3	2.90584336534455e-07	0.607356590927849	0.316	0.213	0.00581807958609286
CTDNEP1	3	3.39123317592646e-07	0.585463758303793	0.269	0.17	0.00678992706483996
DAZAP1	3	3.80106781867605e-07	0.634346268234649	0.266	0.171	0.00761049798655319
WDR83OS	3	3.85682784596104e-07	0.338198726570957	0.682	0.553	0.00772214071318318
RNASEH2C	3	3.94725142297332e-07	0.545214415115472	0.411	0.301	0.00790318679907719
TRIM28	3	3.94797031166446e-07	0.593416004179767	0.411	0.305	0.00790462615801458
EIF5B	3	4.20697131342334e-07	0.378729543551847	0.535	0.4	0.00842319796373621
INTS3	3	4.27260272423404e-07	0.693440023352976	0.269	0.174	0.00855460517446139
EMC10	3	4.38770867384891e-07	0.726116392337087	0.264	0.17	0.00878507030678029
STX12	3	4.42527077207472e-07	0.673959464774694	0.282	0.186	0.00886027713984801
ASPH	3	4.48396332911293e-07	0.454543677062496	0.429	0.312	0.00897779137754991
DCTN6	3	4.79276111603369e-07	0.663536624664013	0.251	0.159	0.00959606630652265
PRKD3	3	5.20685708727789e-07	0.628205907561004	0.298	0.198	0.0104251692601478
LINC00116	3	5.22851518912146e-07	0.588469541673257	0.323	0.221	0.010468533111659
YBX3	3	5.76366572711526e-07	0.438813918585808	0.673	0.575	0.0115400115188302
HN1	3	5.85395699735596e-07	0.619420499083969	0.35	0.242	0.0117207927001061
ADAMTS9	3	6.06214176761476e-07	0.628390604048023	0.363	0.261	0.0121376202471183
ZNF428	3	6.16672986779843e-07	0.358538520899593	0.546	0.416	0.012347026541306
SDCBP	3	6.34950860236875e-07	0.283133818619911	0.716	0.59	0.0127129861236627
ACTR3	3	6.69583881081254e-07	0.440377154249831	0.422	0.303	0.0134064084670089
TMCO3	3	7.6687740954203e-07	0.694609264643271	0.264	0.172	0.0153544194938505
RALGDS	3	8.03232026519674e-07	0.640236722269262	0.251	0.159	0.0160823116349769
INPP1	3	8.43040554522314e-07	0.604642935610444	0.275	0.18	0.0168793579826458
G6PC3	3	8.54519823433859e-07	0.644831296346512	0.253	0.162	0.0171091959047927
CAMSAP2	3	8.65840846752842e-07	0.415696119773979	0.37	0.254	0.0173358654336854
RPL23	3	8.74758672935792e-07	0.403153749616989	0.941	0.931	0.0175144181495204
CAPN2	3	9.09472166167474e-07	0.572163363985418	0.287	0.189	0.0182094517110052
JAM3	3	1.06143659404185e-06	0.623543762624295	0.293	0.197	0.0212520834859059
RB1	3	1.12231799280157e-06	0.460872636739337	0.291	0.19	0.022471050851873
REEP3	3	1.26969961683168e-06	0.618198800503632	0.314	0.217	0.025421925728204
RNF7	3	1.33480768766152e-06	0.326358760095369	0.652	0.531	0.0267255195223589
CD46	3	1.34170659845148e-06	0.512662562091142	0.445	0.343	0.0268636495141956
GNB2	3	1.41053762550155e-06	0.334038223511951	0.605	0.482	0.0282417843377921
COX20	3	1.44802546408317e-06	0.571181436927287	0.318	0.221	0.0289923658418732
PSMA3	3	1.48410240490825e-06	0.546609718312218	0.393	0.291	0.029714698351073
IFT43	3	1.49819747572856e-06	0.556813817591779	0.278	0.183	0.0299969098590372
CLDND1	3	1.51615836512416e-06	0.490328088368243	0.336	0.232	0.030356522786516
ODC1	3	1.62375957426039e-06	0.766491815457149	0.275	0.188	0.0325109141958416
COL9A3	3	1.70678651871839e-06	0.864363192906776	0.325	0.238	0.0341732796777795
ILF2	3	1.72558904238944e-06	0.438932752362436	0.481	0.366	0.0345497438067214
SREK1IP1	3	1.76091416307785e-06	0.45024904879061	0.388	0.279	0.0352570233731447
CDC123	3	1.78055239659811e-06	0.601747586115994	0.282	0.189	0.0356502200846874
EIF4EBP1	3	1.78593687378721e-06	0.5442698886316	0.354	0.251	0.0357580280869675
GTF3C6	3	1.8350168046461e-06	0.534494187206975	0.334	0.233	0.0367407064626242
KRAS	3	1.84961268669687e-06	0.624551743890279	0.282	0.192	0.0370329452130448
GTF3A	3	1.90919883914235e-06	0.454344972421883	0.447	0.335	0.0382259791573082
MCFD2	3	2.01580210833102e-06	0.477670079352679	0.359	0.253	0.0403603898130037
MRPL47	3	2.0822614723478e-06	0.635754029488462	0.269	0.179	0.0416910391993476
CHST12	3	2.13423602328087e-06	0.551168467925699	0.293	0.199	0.0427316736581296
ATP5B	3	2.23452125458149e-06	0.317929951071237	0.7	0.582	0.0447395845592305
C16orf13	3	2.2638763349231e-06	0.402909456894872	0.44	0.329	0.0453273319778304
CCDC47	3	2.38154982535084e-06	0.46896130905278	0.449	0.35	0.0476833906031744
PTPRC	4	0	3.63249894437837	0.844	0.138	0
PTPRCAP	4	0	6.88993333441852	0.669	0.015	0
CD52	4	0	4.384013812596	0.676	0.052	0
CD2	4	0	6.5911277975629	0.635	0.016	0
STK17A	4	0	4.42146296149393	0.691	0.075	0
ACAP1	4	0	4.71950288370806	0.642	0.04	0
IL7R	4	0	7.20205201749115	0.613	0.013	0
CYTIP	4	0	3.99480019555264	0.637	0.064	0
LTB	4	0	5.01262582048973	0.594	0.029	0
CCL5	4	0	7.36917491526561	0.564	0.017	0
CD3D	4	0	7.71109320369938	0.499	0.003	0
CD7	4	0	6.68813913249983	0.465	0.014	0
CD3E	4	0	7.28400223858381	0.438	0.004	0
CD3G	4	0	7.37507005600948	0.411	0.003	0
KLRB1	4	0	7.70585026997955	0.377	0.003	0
SPOCK2	4	0	5.61037874436266	0.377	0.013	0
GZMA	4	0	6.74618136232164	0.36	0.004	0
CD96	4	0	6.50528267532178	0.341	0.005	0
SAMD3	4	0	6.79716231282228	0.336	0.004	0
GZMK	4	0	7.24214256399157	0.328	0.008	0
LCK	4	0	7.07082044148474	0.314	0.003	0
CTSW	4	0	6.85422508099443	0.309	0.006	0
CD247	4	0	6.69511104135258	0.299	0.004	0
CD27	4	1.75765035257761e-307	7.10811350446805	0.263	0.003	3.51916753593089e-303
CD69	4	5.12324211481039e-306	5.00601482202148	0.53	0.045	1.02577553622734e-301
NKG7	4	8.9797056915871e-295	7.07296040979932	0.273	0.005	1.79791667356957e-290
ISG20	4	5.53662167349141e-276	3.93054174092792	0.594	0.069	1.10854239146645e-271
SKAP1	4	5.14737515184896e-273	5.39365402511259	0.297	0.009	1.0306074529032e-268
IL2RG	4	3.17909098190009e-268	4.34888053202862	0.418	0.028	6.36517596396036e-264
TBC1D10C	4	1.67627004587846e-259	4.85157286071976	0.316	0.013	3.35622788585784e-255
IL32	4	9.31140887724848e-259	3.42322299915669	0.603	0.076	1.86433028540269e-254
RHOH	4	4.6618750318074e-234	4.80771857113033	0.292	0.013	9.33400618868478e-230
RAC2	4	1.23340989564855e-232	3.82475763885669	0.56	0.075	2.46953329306752e-228
CORO1A	4	1.24684145992435e-220	3.38925729085358	0.603	0.093	2.49642597106054e-216
CXCR4	4	1.59033819759473e-217	3.01342775716708	0.759	0.163	3.18417513922418e-213
CST7	4	2.8010596042569e-198	4.25671902191624	0.367	0.032	5.60828153964317e-194
PLAC8	4	1.67484858935814e-197	5.45324217379196	0.292	0.018	3.35338184561287e-193
TUBA4A	4	1.56611010282587e-193	4.04631776200819	0.345	0.028	3.13566564787795e-189
RUNX3	4	2.13278108139136e-193	4.18211408591183	0.37	0.033	4.27025428116179e-189
TRAF3IP3	4	1.21273323770812e-186	3.89005449293557	0.37	0.035	2.4281344885392e-182
MALAT1	4	1.06772165446889e-185	1.6465897449726	1	1	2.13779229657761e-181
SLC38A1	4	1.39956138585351e-183	3.57342699138865	0.409	0.046	2.80220180675589e-179
STK4	4	2.11526238764789e-177	3.24204826783681	0.737	0.22	4.23517835254861e-173
CRIP1	4	5.44425278515972e-177	3.31230482283858	0.521	0.084	1.09004829264468e-172
IKZF1	4	1.58981479176334e-172	3.61740290087082	0.404	0.048	3.18312717606856e-168
DNAJB1	4	2.97923791594087e-172	2.69883989850787	0.946	0.452	5.96503015529681e-168
TSTD1	4	5.6936222820865e-171	3.60517214811882	0.367	0.038	1.13997705331936e-166
LCP1	4	1.54696059211526e-166	2.73512782923085	0.584	0.112	3.09732449753317e-162
SELL	4	1.43555071175682e-164	4.39496273457741	0.29	0.023	2.8742596350795e-160
CD37	4	8.0629123661819e-164	2.40788721853992	0.647	0.137	1.61435631395694e-159
PTPN7	4	1.13788848517185e-163	3.99392541483713	0.287	0.022	2.27828032501107e-159
PTPN22	4	4.92826734098001e-159	3.78533199634025	0.345	0.036	9.86737687011018e-155
ARHGDIB	4	8.94231308407434e-158	2.35244610593335	0.73	0.192	1.79042992569336e-153
B2M	4	1.12065261171772e-153	1.92029830923856	1	0.961	2.24377065918121e-149
BTG1	4	7.40364080730616e-153	2.36194242779246	0.968	0.608	1.48235696243884e-148
STK17B	4	1.30244028941297e-148	2.88355774036898	0.591	0.139	2.60774594746265e-144
BIN2	4	7.57036282563394e-148	3.41871508389284	0.355	0.042	1.51573804494843e-143
HSPA1A	4	2.80307470618528e-137	2.43775498706406	0.998	0.807	5.61231617672416e-133
ETS1	4	2.17023603762514e-136	2.88106418591243	0.562	0.132	4.34524659453306e-132
HSPA1B	4	2.99689504184922e-134	2.34540878995141	0.937	0.516	6.0003832527905e-130
APBB1IP	4	1.16569968581639e-126	3.05725074294066	0.401	0.067	2.33396391094158e-122
CLEC2D	4	4.28280527986663e-123	3.79993592093556	0.287	0.033	8.57503273134897e-119
CD53	4	2.60261853817288e-122	2.30425063944598	0.54	0.121	5.21096283712974e-118
HCST	4	1.15816364221004e-119	1.35795665085383	0.691	0.171	2.31887524443295e-115
RPS27	4	6.22203885400184e-119	1.32225240592305	1	0.999	1.24577661934825e-114
CD48	4	3.35014104694212e-118	2.99634736261614	0.375	0.061	6.70765240418752e-114
TAGAP	4	1.32314186559496e-117	3.52986345539487	0.338	0.05	2.64919464329423e-113
HSP90AA1	4	8.45651555836324e-117	2.15302148766962	0.995	0.981	1.69316354509549e-112
RP11-489E7.4	4	1.85320522159329e-116	3.69389224002902	0.251	0.026	3.71048749467409e-112
JUND	4	8.54544715267637e-116	1.87197471339663	0.993	0.873	1.71096942890886e-111
DUSP2	4	1.52856542965446e-113	2.74910887806616	0.65	0.228	3.06049370325417e-109
GIMAP7	4	1.34597693104021e-112	2.754795431943	0.45	0.096	2.6949150113287e-108
SYTL3	4	1.34377510983041e-109	3.14269181252582	0.353	0.059	2.69050652490244e-105
CDC42SE2	4	8.62356745862602e-109	2.63094774874553	0.511	0.131	1.7266106765661e-104
GMFG	4	5.29478887796171e-107	2.12156390635151	0.586	0.163	1.06012262914549e-102
TNFAIP3	4	8.81176872060347e-107	2.82559014209775	0.453	0.102	1.76429233323923e-102
JUNB	4	1.41552751417725e-106	2.32648669807099	0.866	0.447	2.83416918888569e-102
HLA-C	4	8.93979839202844e-106	1.50862414070243	0.973	0.639	1.78992643405193e-101
BIRC3	4	1.62574929463673e-105	3.47019862803762	0.253	0.029	3.25507523772166e-101
DUSP1	4	2.3754543990707e-104	1.81713061554108	0.805	0.348	4.75613479781936e-100
RPS3	4	7.3901818302169e-104	1.34684524866191	0.998	0.985	1.47966220604603e-99
ARHGAP15	4	1.99863648451246e-98	3.27219452626628	0.29	0.043	4.00166996929085e-94
FAU	4	1.08136596212913e-97	1.23435168542951	0.998	0.968	2.16511092937495e-93
SRGN	4	1.97679159041771e-97	0.873020971540014	0.745	0.233	3.95793212233435e-93
RPS25	4	1.72294765290321e-96	1.12943749659391	1	0.968	3.4496857906428e-92
KIAA1551	4	3.02495715088673e-96	2.68329491128415	0.552	0.18	6.05656920750541e-92
FOS	4	3.4954185077632e-96	1.69024026582033	0.915	0.474	6.99852693624348e-92
HLA-B	4	1.78500738597596e-95	1.24674308275878	0.988	0.753	3.57394178820106e-91
OXNAD1	4	3.57046532155459e-95	3.18064494623203	0.275	0.039	7.1487856668166e-91
PARP8	4	3.83624546209775e-95	3.04921981541448	0.392	0.086	7.68093066421212e-91
RARRES3	4	1.48050282422341e-92	2.94613079168626	0.421	0.103	2.96426275466011e-88
RPS29	4	2.33538730080868e-91	1.12293442951262	1	0.976	4.67591245367913e-87
DNAJA1	4	4.93579342711743e-91	2.33242033699298	0.83	0.544	9.88244559977451e-87
FOSB	4	2.92241161247669e-88	1.8821819643742	0.64	0.227	5.85125253050083e-84
HLA-E	4	6.22769689549641e-88	1.32950566132808	0.917	0.576	1.24690947241629e-83
DEDD2	4	2.00072122944188e-86	2.97336042257498	0.365	0.08	4.00584404558854e-82
CCL4	4	1.83958109066894e-85	3.06230869179289	0.309	0.056	3.68320925973736e-81
SH3BGRL3	4	4.79822831139401e-85	1.47670799642951	0.883	0.539	9.60701272507309e-81
TMSB4X	4	1.0421005943142e-84	1.14797378794338	1	0.989	2.08649380993589e-80
HSPA8	4	3.20749714846809e-84	2.06204573800772	0.946	0.818	6.4220507906628e-80
HLA-A	4	6.51294884518081e-83	1.22722521641371	0.976	0.753	1.3040226177821e-78
EEF1D	4	2.45425202969436e-81	1.25274860801254	0.949	0.759	4.91390341385406e-77
PLP2	4	3.6699680037294e-81	2.58671263676404	0.387	0.094	7.34800993706701e-77
IRF1	4	3.78977428976731e-80	2.45531796507093	0.46	0.135	7.58788608297211e-76
ARAP2	4	8.95719661409595e-80	3.05954639316977	0.302	0.059	1.79340990607429e-75
MBP	4	2.14114178190933e-79	2.34168388751494	0.411	0.105	4.28699407573886e-75
TMEM66	4	1.2691421941879e-78	1.59461992909866	0.878	0.653	2.54107650120302e-74
UCP2	4	5.54429228302101e-78	2.56917601252949	0.353	0.08	1.11007820090647e-73
LEPROTL1	4	3.54286370928198e-77	2.37732463139258	0.526	0.194	7.09352171872438e-73
CDC14A	4	4.94267327029023e-77	2.79166302179037	0.265	0.045	9.8962204217751e-73
PPP1R15A	4	9.32907820001303e-77	1.69787573119279	0.669	0.28	1.86786803720661e-72
SRSF7	4	9.53238577492956e-77	1.80496235592618	0.847	0.637	1.9085742798564e-72
HSPE1	4	3.04543629543887e-76	1.82284947552144	0.929	0.772	6.0975725507277e-72
PIK3IP1	4	1.63659856768119e-73	2.53637816291888	0.328	0.073	3.27679765221128e-69
FYB	4	3.82199566935106e-73	2.27358759598936	0.394	0.102	7.6523997291747e-69
DOK2	4	5.65572160516047e-73	2.31332586379404	0.367	0.09	1.13238857978523e-68
RPL41	4	6.29398058842158e-71	0.76205404860627	1	1	1.26018079341377e-66
CYBA	4	3.67133623219506e-70	1.25543749643036	0.849	0.481	7.35074940410095e-66
S100A4	4	7.2300084847434e-69	1.68575324552604	0.776	0.456	1.44759229881532e-64
SEPT1	4	2.89083447565467e-68	2.67675176628201	0.268	0.051	5.78802878715577e-64
ARL4C	4	7.86489036028867e-68	1.93446771127908	0.487	0.16	1.574708347937e-63
HOPX	4	1.09766029586583e-67	3.15284623820649	0.328	0.082	2.19773544438257e-63
SLFN5	4	3.38820123006908e-67	2.58334578566564	0.414	0.127	6.78385650284431e-63
GPSM3	4	4.66028528037951e-67	2.16902160904207	0.394	0.109	9.33082318837586e-63
FXYD5	4	1.22074194859761e-66	1.71724511637823	0.594	0.236	2.44416952948214e-62
MYL12A	4	2.0323311176019e-66	1.24411029805233	0.925	0.747	4.06913336366253e-62
ZFP36L2	4	5.63949912680488e-66	1.39458414221047	0.91	0.762	1.12914051516887e-61
NR4A1	4	9.01171585804382e-66	2.20027312513611	0.494	0.176	1.80432574909753e-61
LIMD2	4	1.1420519238419e-65	2.07619008439837	0.47	0.162	2.28661636191626e-61
RPS15A	4	1.01213099882926e-62	0.765914308742083	1	0.995	2.02648868585594e-58
IL10RA	4	9.23065315606186e-61	2.20320451971199	0.353	0.095	1.84816137490671e-56
SAMSN1	4	1.443970249672e-60	2.57821670447101	0.333	0.09	2.89111723389328e-56
PPP2R5C	4	1.58535788008855e-60	2.35331429183314	0.453	0.165	3.1742035475133e-56
CLK1	4	1.70527902303154e-60	1.66329706289815	0.642	0.328	3.41430965991376e-56
SOCS1	4	1.85801743862084e-59	2.48057424269011	0.341	0.094	3.72012251560664e-55
RGS1	4	7.64684707277352e-58	1.32406759730491	0.45	0.142	1.53105172091071e-53
BTG2	4	8.83753728294752e-58	2.22444016098384	0.596	0.301	1.76945171479175e-53
RPL30	4	9.19037776533107e-58	0.659392164614472	1	0.999	1.84009743617459e-53
DDX5	4	1.37079785040242e-57	0.941751169078403	0.971	0.874	2.74461145607572e-53
HSPH1	4	1.33369344266809e-55	1.83318595630308	0.667	0.386	2.67032101091004e-51
ITGB2	4	8.28123187748905e-55	1.09123995296181	0.491	0.161	1.65806824651086e-50
ALOX5AP	4	2.3356316086937e-54	2.37508850868864	0.324	0.091	4.67640160692652e-50
PPP1R2	4	4.07507661155976e-54	2.14927150633646	0.511	0.234	8.15911839166496e-50
APOBEC3G	4	4.99033211872813e-54	2.72084930941558	0.255	0.059	9.99164296811746e-50
JUN	4	5.09406693011003e-54	1.33281621358418	0.915	0.721	1.01993408074663e-49
TSPYL2	4	5.1736486122442e-54	2.14153906671006	0.489	0.203	1.03586792514353e-49
DOCK8	4	2.11183706881023e-53	2.40997977021813	0.304	0.082	4.22832017917184e-49
EPB41	4	5.4746001564212e-53	2.44316812761738	0.309	0.086	1.09612444331865e-48
PMAIP1	4	1.32476212315825e-52	2.85280646065887	0.311	0.087	2.65243872298744e-48
LSP1	4	1.75945831663481e-52	1.81343501348793	0.433	0.153	3.52278744156622e-48
C12orf75	4	4.96367695967749e-52	3.06329748276973	0.258	0.063	9.93827400866628e-48
RPL26	4	2.82528451126302e-51	0.768700827677561	0.998	0.963	5.65678464845082e-47
RPL28	4	6.29995611740039e-51	0.591943661973664	1	1	1.26137721382591e-46
CFL1	4	7.5141318820958e-50	0.946782088457274	0.937	0.724	1.50447948543322e-45
OCIAD2	4	3.1439662583039e-49	1.90830794064264	0.328	0.097	6.29484924237607e-45
IER2	4	5.41057721875979e-49	1.42458785714028	0.676	0.403	1.08330577074009e-44
GIMAP4	4	6.53427329568912e-49	1.85881993179837	0.394	0.137	1.30829219926288e-44
VAMP8	4	2.59395181905113e-48	1.31891002465524	0.457	0.161	5.19361033210417e-44
THEM4	4	7.10534946025732e-48	2.37901890267561	0.253	0.063	1.42263306893272e-43
FYN	4	3.11083750509784e-47	2.28803066502367	0.436	0.185	6.22851885270689e-43
RPS27A	4	4.08090648660602e-47	0.605829456278736	1	1	8.17079096748258e-43
GADD45B	4	4.21054976263399e-47	1.39616805691325	0.652	0.364	8.43036273474577e-43
NR4A2	4	8.12520392392759e-46	1.37371994533935	0.37	0.12	1.62682832964878e-41
SMAP2	4	2.98755875344447e-45	1.51437056213059	0.499	0.219	5.98169013614652e-41
AKNA	4	5.66008574687924e-45	2.3474038737207	0.268	0.074	1.13326236824016e-40
HSPD1	4	7.39496794666321e-45	1.67182557053994	0.866	0.764	1.48062048228091e-40
REL	4	1.33346082162575e-44	1.65571276299748	0.504	0.233	2.66985525705908e-40
ID2	4	1.57571238616058e-44	1.97870366276445	0.392	0.147	3.15489133957072e-40
CD44	4	2.18712744087165e-44	1.47945057273598	0.616	0.35	4.37906656211322e-40
LAPTM5	4	3.57014932501683e-43	0.614632176721268	0.511	0.184	7.1481529785487e-39
PSMB9	4	8.41351106758545e-43	1.77582691167413	0.46	0.208	1.68455318595196e-38
ABRACL	4	3.229683202623e-42	1.92255187198484	0.341	0.117	6.46647170829178e-38
KLF6	4	1.65718454856461e-41	1.5513029300945	0.64	0.416	3.31801490313607e-37
UBB	4	1.6857654213056e-41	1.45505194083435	0.961	0.937	3.37523952653807e-37
ZNF331	4	2.06355621655931e-41	2.30721041154617	0.423	0.185	4.13165225679506e-37
KLF2	4	2.37408263266721e-41	1.55555035073419	0.411	0.161	4.75338824712629e-37
RPS14	4	3.24207175134725e-41	0.547233606270783	1	0.998	6.49127606054747e-37
RPL39	4	9.04027423397822e-41	0.543139284620412	1	0.998	1.81004370712712e-36
ERN1	4	9.08515942798221e-41	2.75091728733498	0.353	0.136	1.8190306206706e-36
PIP4K2A	4	1.57482423590636e-40	2.14701692405685	0.314	0.105	3.1531130851317e-36
RPL13	4	3.63243592571517e-40	0.426400434967413	1	1	7.27286321046692e-36
RPL36	4	9.99515657301603e-40	0.530764941891509	1	0.999	2.00123024904927e-35
PDE7A	4	4.28762519642257e-38	2.27281297171263	0.258	0.078	8.58468316827728e-34
ZFP36	4	1.44096737641493e-37	1.47483110936023	0.504	0.247	2.88510488105797e-33
RPL23A	4	1.80147052620152e-37	0.616832814498827	0.998	0.979	3.60690428756069e-33
FERMT3	4	5.67623233481581e-36	1.93932136138068	0.251	0.075	1.13649523807682e-31
LYAR	4	5.70203592895358e-36	2.39273124295062	0.287	0.1	1.14166163369509e-31
NABP1	4	1.21515073635517e-35	1.67652697843028	0.355	0.136	2.43297480433031e-31
ZC3HAV1	4	3.65177555160538e-35	1.87369123534312	0.372	0.159	7.31158500942429e-31
ITGA4	4	8.01782209081837e-35	1.79502910959925	0.397	0.176	1.60532833902365e-30
UBC	4	9.09577688610538e-35	1.1705978839652	0.988	0.982	1.82115644813602e-30
RAB11FIP1	4	5.92784630792171e-34	2.30356811599727	0.273	0.092	1.18687338777208e-29
RPS21	4	1.74482815837088e-33	0.631744715708037	0.99	0.958	3.49349493869017e-29
CNOT6L	4	7.12591447501801e-33	1.8078489535979	0.384	0.172	1.42675059618811e-28
CITED2	4	1.39912958962384e-32	1.66463028207209	0.319	0.119	2.80133726434484e-28
ATP5L	4	1.61130257956586e-32	0.844585670451532	0.839	0.703	3.22615002480676e-28
RPL36AL	4	1.74501216274092e-32	0.760341630984535	0.917	0.822	3.49386335223987e-28
GPR183	4	1.96679890417774e-32	1.6057570330859	0.348	0.133	3.93792476594466e-28
EEF1B2	4	4.40808537656886e-32	0.735114304819725	0.937	0.848	8.82586854096616e-28
RPS28	4	5.04829661033101e-32	0.447885089741854	1	1	1.01076994732048e-27
FNBP1	4	9.00628285393072e-32	1.61938360876626	0.404	0.191	1.80323795301401e-27
GIMAP1	4	4.1496346142427e-31	1.85127899091228	0.282	0.103	8.30839842463674e-27
OPTN	4	4.2183827597117e-31	1.96203134285664	0.304	0.118	8.44604596149476e-27
ZFAND2A	4	4.88448812246774e-31	2.3334758390303	0.38	0.174	9.77972211880491e-27
SLC38A2	4	1.22339968615004e-30	1.29605764777421	0.533	0.306	2.4494908516096e-26
AAK1	4	1.65877879694673e-30	1.48324776751946	0.496	0.285	3.32120690724674e-26
HLA-F	4	2.33935448532781e-30	1.64554377833139	0.382	0.172	4.68385555052335e-26
SMCHD1	4	3.60746878702122e-30	1.4332253243698	0.582	0.408	7.22287400537389e-26
RPS18	4	3.92024473848497e-30	0.436481720119752	1	1	7.8491140153946e-26
FAM107B	4	4.03073312680548e-30	1.56820021149454	0.433	0.222	8.07033386648994e-26
PNRC1	4	8.58827091598376e-30	0.768554749939635	0.83	0.694	1.71954360279827e-25
MCL1	4	1.49633340819685e-29	1.33508673251225	0.567	0.369	2.99595874989173e-25
TNFAIP8	4	3.54478512953703e-29	1.56828741087363	0.375	0.172	7.09736878635905e-25
DNAJB4	4	4.56872007807174e-29	1.7809457455508	0.418	0.214	9.14749134031523e-25
ARHGEF1	4	1.00425804524687e-28	1.76669936214636	0.331	0.144	2.01072545819328e-24
SIAH2	4	1.08333120486743e-28	1.905273880553	0.265	0.097	2.16904573838557e-24
EVL	4	3.17075517477977e-28	1.52744261337927	0.499	0.302	6.34848601094406e-24
MTRNR2L12	4	3.19610921418273e-28	0.557361248703858	1	0.998	6.39924986863666e-24
WIPF1	4	4.63890630586407e-28	1.55702347248536	0.431	0.23	9.28801820560105e-24
CYLD	4	6.98413230359935e-28	1.68055890163275	0.328	0.142	1.39836296982666e-23
ATP5E	4	8.3407550574754e-28	0.610111296339184	0.993	0.961	1.66998597760772e-23
RCSD1	4	1.60066057028161e-27	1.38969077065653	0.331	0.138	3.20484259381784e-23
RPS19	4	2.17640933824175e-27	0.454730573083896	1	1	4.35760677702762e-23
ARL6IP5	4	2.8544221090206e-27	1.24311259767916	0.555	0.369	5.71512394668105e-23
PRMT10	4	6.11016144747304e-27	1.67110706409151	0.414	0.213	1.22337652501305e-22
FMNL1	4	1.15177014834487e-26	1.62000425624449	0.268	0.101	2.30607419101611e-22
CLIC1	4	3.34907250772764e-26	0.818678731824456	0.771	0.611	6.70551297497228e-22
RPL18A	4	4.06683772266429e-26	0.391725937248533	1	0.999	8.14262248831845e-22
ARPC2	4	4.48704967400586e-26	0.847608539841746	0.771	0.657	8.98397085729454e-22
RPL14	4	7.63654557423356e-26	0.461452203318539	0.998	0.994	1.52898915487304e-21
HINT1	4	1.08228931181613e-25	0.795991662092577	0.835	0.746	2.16695966011825e-21
RPS15	4	3.2533292809068e-25	0.385722941057045	1	0.999	6.51381588623159e-21
MYH9	4	7.25769534876869e-25	1.2919285668924	0.372	0.181	1.45313576273047e-20
ISG15	4	1.29755296920196e-24	1.08960488331262	0.489	0.287	2.59796055493617e-20
SLC2A3	4	1.96362708671918e-24	1.42019760496774	0.348	0.162	3.93157415302915e-20
RPS26	4	3.40841985808283e-24	0.506116616811404	0.995	0.978	6.82433823985345e-20
RPL21	4	6.1200619409337e-24	0.52060419132642	1	0.979	1.22535880181375e-19
CHORDC1	4	7.1702520057155e-24	1.60281564986387	0.404	0.223	1.43562785658436e-19
UBE2S	4	8.8182274858004e-24	1.47441694921888	0.453	0.27	1.76558550720696e-19
USP15	4	9.28828606631432e-24	1.30256979744458	0.455	0.265	1.85970063619745e-19
RNF213	4	2.02166523556341e-23	1.26314079345498	0.599	0.433	4.04777813464505e-19
CCNH	4	4.47931759445752e-23	1.65763956801296	0.345	0.174	8.96848968762284e-19
RGS2	4	6.34226489220145e-23	1.02726028970064	0.455	0.25	1.26984827671657e-18
JAK1	4	1.87301951964326e-22	1.15368625202195	0.577	0.431	3.75015968222973e-18
C1orf63	4	3.33152573394054e-22	0.956970550823057	0.696	0.624	6.67038082449574e-18
TRABD	4	6.1117220766851e-22	1.52168144114323	0.314	0.149	1.22368899419389e-17
RPL34	4	6.70574872412886e-22	0.34028944622681	1	0.999	1.34262500954508e-17
CD55	4	6.78760457929049e-22	1.5615555803166	0.268	0.114	1.35901418886554e-17
RPS13	4	7.22798685284776e-22	0.492496504063167	1	0.99	1.44718752767718e-17
LYST	4	1.09296621885004e-21	1.88491479291843	0.292	0.138	2.18833696338155e-17
RPL32	4	1.20654853908228e-21	0.346712079407414	1	1	2.41575148495055e-17
BTN3A2	4	1.26358653185555e-21	1.60854633979078	0.311	0.15	2.52995295408119e-17
S100A10	4	1.29334675046916e-21	0.422701367213213	0.788	0.589	2.58953886378936e-17
HSPA6	4	1.30896319720378e-21	2.22486344623765	0.273	0.121	2.62080611344141e-17
BCAS2	4	3.08043395581425e-21	1.48945738825259	0.392	0.219	6.1676448663313e-17
CACYBP	4	3.13097805307869e-21	1.36485616443412	0.526	0.389	6.26884425787416e-17
TBCC	4	5.87131002392097e-21	1.70579676912818	0.251	0.105	1.17555369298946e-16
RPL29	4	9.87826196505193e-21	0.378922711085003	1	0.996	1.9778256106427e-16
UBXN1	4	1.03358403070185e-20	1.10781302843952	0.504	0.335	2.06944194627125e-16
ELF1	4	1.60298339326257e-20	1.42784144307038	0.404	0.233	3.20949334999032e-16
FAM49B	4	2.20210203054361e-20	1.16137779247818	0.377	0.196	4.40904868555441e-16
SP100	4	2.21316899174408e-20	1.31356130974167	0.433	0.262	4.43120695527e-16
DOCK10	4	2.49943770558533e-20	1.71330437979031	0.251	0.108	5.00437417412296e-16
YWHAB	4	3.66445328524595e-20	0.872421019569164	0.754	0.665	7.33696836771943e-16
GTF3A	4	8.33808723680791e-20	1.30683158631947	0.479	0.333	1.66945182655368e-15
NFKBIA	4	1.48438998083725e-19	1.10610837635489	0.635	0.502	2.97204561963234e-15
BAZ1A	4	2.27227695523143e-19	1.44737497448022	0.307	0.15	4.54955291976438e-15
SYNE2	4	2.72952651576854e-19	1.45712806946222	0.36	0.199	5.46505798987176e-15
OAZ1	4	4.1727729451217e-19	0.548712253774271	0.949	0.875	8.35472599072267e-15
TPT1	4	5.57401935618965e-19	0.33317419211497	1	1	1.11603015549629e-14
TMSB10	4	5.8740886294559e-19	0.322670817544378	1	0.977	1.17611002538966e-14
CREM	4	2.84520749647089e-18	1.41657363323858	0.418	0.256	5.69667444943401e-14
XBP1	4	4.91803521799469e-18	1.61990151848116	0.336	0.183	9.84689011346896e-14
IRF7	4	6.12928286307536e-18	3.24830189633529	0.251	0.12	1.22720501484495e-13
CDKN1B	4	7.39045755863707e-18	1.51910643972729	0.338	0.189	1.47971741239031e-13
DDX24	4	9.84679447541047e-18	0.954733722971927	0.589	0.493	1.97152518986668e-13
SERTAD1	4	1.10575364391798e-17	1.57026595862165	0.367	0.217	2.21393994585259e-13
AMD1	4	1.18173550084232e-17	1.20250627286233	0.421	0.258	2.36607081978649e-13
RPL11	4	1.24110504424952e-17	0.306283058040312	1	1	2.48494051959638e-13
COMMD6	4	2.01606005467144e-17	0.591574239255233	0.83	0.771	4.03655544146315e-13
CALM1	4	2.19178438969174e-17	0.449799411294101	0.971	0.877	4.38839070504081e-13
LINC-PINT	4	2.77005466349511e-17	1.57176626677076	0.27	0.132	5.54620344724991e-13
PTMA	4	2.80325357806079e-17	0.407606278628756	0.998	0.998	5.61267431399331e-13
EML4	4	4.92335736461304e-17	1.36860693687263	0.382	0.232	9.85754611542823e-13
ANXA1	4	8.66275185214721e-17	1.81000780183447	0.438	0.298	1.73445617583691e-12
RPLP2	4	8.86474389524448e-17	0.367373336933519	1	0.992	1.77489902270585e-12
LBH	4	9.7880999470303e-17	1.52725122359472	0.28	0.139	1.95977337139441e-12
YPEL5	4	1.60583824447728e-16	1.52503748718245	0.418	0.277	3.21520933309241e-12
MBNL1	4	1.95266947893075e-16	0.978965831117246	0.526	0.384	3.90963483071515e-12
PPP1R10	4	2.70027175956779e-16	1.06800746031681	0.423	0.268	5.40648411700663e-12
DNTTIP2	4	2.84037499302992e-16	1.49785850371043	0.343	0.203	5.68699881104451e-12
TMEM2	4	8.90911810263836e-16	1.56519843895538	0.316	0.176	1.78378362651025e-11
PBXIP1	4	1.28847114372574e-15	1.74525022417981	0.255	0.129	2.57977692396768e-11
HCLS1	4	1.43430559180579e-15	0.835593282542769	0.292	0.142	2.87176665591355e-11
PFN1	4	3.82592787924455e-15	0.494182673478215	0.942	0.876	7.66027279982343e-11
EZR	4	4.44527901033364e-15	1.1509335107066	0.467	0.318	8.90033763449001e-11
CKS2	4	5.24979761853603e-15	0.613372748217637	0.263	0.125	1.05111447918328e-10
ANKRD12	4	9.37350727199235e-15	0.979588911658203	0.511	0.389	1.87676362599831e-10
TLE4	4	1.20422115758524e-14	1.64124416937384	0.258	0.135	2.41109160171717e-10
GPBP1	4	1.5182108479778e-14	0.825853568299166	0.625	0.554	3.03976175982116e-10
CCSER2	4	2.18349068290421e-14	1.38172311160399	0.333	0.204	4.37178504531081e-10
ARPC3	4	2.56612202714919e-14	0.442055366250307	0.847	0.755	5.1378895227581e-10
PRPF38B	4	3.58564215222032e-14	1.11682768800553	0.382	0.245	7.17917271717553e-10
RPSA	4	3.62690907761265e-14	0.475113143628962	0.993	0.937	7.26179735519606e-10
OSTF1	4	4.30307563590508e-14	1.10085079604933	0.297	0.16	8.61561803820916e-10
CFLAR	4	4.78263222374947e-14	1.19628291396384	0.363	0.221	9.57578623839119e-10
SAMD9	4	6.18670651962802e-14	1.33672669962083	0.268	0.142	1.23870237935992e-09
CCNL1	4	1.0338009461191e-13	0.791323670954802	0.526	0.391	2.06987625431966e-09
DGKZ	4	1.16644876499375e-13	1.31354683988814	0.275	0.149	2.33546371727049e-09
RPL37	4	1.67453831412354e-13	0.29698932415697	1	0.999	3.35276061253815e-09
SYNRG	4	1.6771278281554e-13	1.1420409237077	0.394	0.264	3.35794533753275e-09
OFD1	4	4.76947669526513e-13	1.38259240433577	0.28	0.159	9.54944623925984e-09
RPL3	4	6.02507861268172e-13	0.288738296777792	1	0.999	1.20634123983113e-08
SRSF5	4	2.16725059422596e-12	0.682881459216557	0.679	0.621	4.33926913975922e-08
CKLF	4	2.36178562324179e-12	1.06588288720096	0.353	0.223	4.72876717485472e-08
PSME1	4	2.64546369103181e-12	0.981152226001382	0.45	0.335	5.2967474021839e-08
PABPC1	4	2.7935632569187e-12	0.476328988514889	0.813	0.753	5.59327235300263e-08
PTBP3	4	3.9071328528165e-12	1.16963004098304	0.255	0.137	7.8228613979092e-08
C9orf142	4	5.11472377146315e-12	1.13118426036726	0.436	0.335	1.02406999352235e-07
CCDC107	4	5.77508670312835e-12	1.00064556500174	0.345	0.216	1.15628785970036e-07
IDI1	4	6.61977358861837e-12	1.38152128094885	0.297	0.177	1.32541106791317e-07
CTSC	4	7.27577969674467e-12	0.857936431688137	0.35	0.211	1.45675661088222e-07
CCND3	4	8.69764659753258e-12	1.20981649429107	0.341	0.222	1.74144280175797e-07
SRSF3	4	1.24468076306961e-11	0.575781908448948	0.803	0.732	2.49209982381797e-07
TRAPPC1	4	1.36264881472914e-11	1.05969778845513	0.348	0.227	2.72829545685069e-07
RGS10	4	1.56079695577026e-11	0.500206426128086	0.377	0.226	3.12502766484322e-07
TUBB4B	4	2.62274037603912e-11	0.95007779824993	0.443	0.318	5.25125078090552e-07
RPS23	4	2.88920530135454e-11	0.270570765403771	1	1	5.78476685437205e-07
TSC22D3	4	3.01244109820989e-11	0.93176431500314	0.754	0.725	6.03150956683584e-07
TGFB1	4	3.05427814493705e-11	1.13258450967581	0.365	0.245	6.11527570179296e-07
MAP1LC3B	4	3.32498089519467e-11	0.771742877239909	0.511	0.41	6.65727674835876e-07
IFRD1	4	3.5930167736166e-11	1.10789676969098	0.321	0.201	7.19393818413515e-07
CLEC2B	4	3.97518946671165e-11	1.20958802564848	0.409	0.298	7.95912435025006e-07
CBLB	4	4.08376827657701e-11	1.24581034047276	0.258	0.148	8.17652084336248e-07
SOD1	4	4.91068137995903e-11	0.992083854879656	0.693	0.667	9.83216625895397e-07
ODF2L	4	5.18405085321161e-11	1.23634411450522	0.316	0.204	1.03795066183003e-06
NCOA7	4	7.80728730638673e-11	1.04492587088152	0.253	0.14	1.56317506448475e-06
MT2A	4	8.39906920157005e-11	0.295249224965756	0.363	0.222	1.68166163553835e-06
EMB	4	1.8024279238573e-10	0.955599652479649	0.338	0.218	3.60882118914708e-06
MACF1	4	2.07565251955966e-10	0.953488411008033	0.45	0.349	4.15587147466234e-06
TPM3	4	2.13365009290638e-10	0.593297957154086	0.601	0.514	4.27199421601715e-06
CHMP4A	4	3.48617741331116e-10	1.00226387059506	0.365	0.252	6.9800244169316e-06
IQGAP2	4	4.56605160969608e-10	0.737025456918076	0.287	0.167	9.1421485329335e-06
CHD2	4	5.37802424737299e-10	0.796377360605948	0.521	0.431	1.07678801480902e-05
RPL9	4	5.95092720605052e-10	0.262369769442905	0.998	0.996	1.19149464519543e-05
CARD16	4	6.39683465117276e-10	0.948050977236543	0.253	0.143	1.28077423385781e-05
SRP14	4	7.11039323285227e-10	0.393882355868947	0.92	0.883	1.42364293308168e-05
BST2	4	1.0296769842997e-09	0.392935712106555	0.401	0.255	2.06161925796486e-05
MRPL18	4	1.14807577050357e-09	1.18476701794406	0.389	0.288	2.29867730770224e-05
BUB3	4	1.27217498221391e-09	0.951816466490035	0.333	0.222	2.5471487493887e-05
CDC42SE1	4	1.58958803983272e-09	1.23637256133195	0.28	0.177	3.18267317335307e-05
ANAPC16	4	1.98098545571664e-09	0.844382459759652	0.479	0.404	3.96632907943585e-05
RPS16	4	3.6014257986071e-09	0.264623613867188	0.995	0.978	7.21077473397113e-05
PTGER4	4	4.786781912853e-09	1.11786716236405	0.307	0.204	9.58409474591428e-05
UBE2D2	4	6.1825831827648e-09	0.831702736540852	0.455	0.382	0.000123787680485317
PTPN2	4	7.17489869205121e-09	1.05495737007525	0.285	0.184	0.000143655821612249
FGFR1OP2	4	7.80709067816391e-09	0.895663886379183	0.387	0.286	0.000156313569558198
NGLY1	4	9.00875954110902e-09	0.996488358121765	0.253	0.154	0.000180373383532085
GLIPR1	4	3.4087796415184e-08	0.873376923877453	0.314	0.21	0.000682505859824815
KMT2A	4	4.84157415539822e-08	0.877670864222627	0.35	0.251	0.000969379977393832
JOSD1	4	5.65138827705821e-08	1.02368472330735	0.324	0.23	0.00113152096083259
RPS10	4	6.81755633324699e-08	0.58458638686075	0.591	0.549	0.00136501112904271
HNRNPDL	4	1.09640053515335e-07	0.393137693169079	0.752	0.734	0.00219521315148404
PPP1R14B	4	1.10331906832852e-07	2.16055878678186	0.273	0.189	0.00220906543860737
SP110	4	1.16792489984591e-07	1.06052272593253	0.26	0.171	0.00233841923447149
HSP90AB1	4	1.23249280717981e-07	0.702272703751781	0.995	0.987	0.00246769709853542
MTRNR2L2	4	1.23930171019357e-07	0.50962993404118	0.749	0.719	0.00248132988414958
CAPG	4	2.65362630495195e-07	0.737258469119323	0.294	0.201	0.0053130905877748
GLS	4	2.98095401549238e-07	0.818003488451338	0.397	0.304	0.00596846612981885
PSMB8	4	3.12370286419092e-07	0.887061697015861	0.37	0.288	0.00625427787468305
HMGB2	4	4.59669678647691e-07	0.403191651906443	0.436	0.357	0.00920350630588407
NCK2	4	6.41610083473182e-07	1.07918239591381	0.275	0.194	0.0128463170913001
CORO1B	4	6.43061764210399e-07	1.76881163800373	0.255	0.178	0.0128753826430206
RN7SL1	4	6.94640884219986e-07	1.0896513425118	0.27	0.185	0.0139080997838526
CELF2	4	8.67691259371797e-07	0.927170773980074	0.307	0.22	0.0173729143951421
MPHOSPH8	4	1.16432929235532e-06	0.603406335715135	0.569	0.555	0.0233122010915382
RBM39	4	1.29551996544915e-06	0.365924180229517	0.842	0.851	0.0259389007482229
NOP58	4	1.5335849433926e-06	1.05362038760334	0.287	0.211	0.0307054377366066
CAP1	4	1.61237141044768e-06	0.707916151708103	0.394	0.315	0.0322829003799834
TRAPPC10	4	1.91127585389596e-06	0.999474169715471	0.251	0.17	0.038267565146705
ACTR3	4	2.23524836943741e-06	0.834401965254234	0.38	0.307	0.0447541428528758
KIAA0101	5	0	6.07515210566731	0.933	0.052	0
TOP2A	5	0	6.8605197300524	0.824	0.032	0
MKI67	5	0	6.61730582770737	0.738	0.02	0
TYMS	5	0	5.25334956450086	0.764	0.063	0
TK1	5	0	6.15542394585045	0.693	0.021	0
UBE2C	5	0	7.05881742491255	0.677	0.014	0
CENPF	5	0	5.73568112729585	0.706	0.045	0
BIRC5	5	0	6.37285324985225	0.668	0.014	0
UBE2T	5	0	6.26984538439453	0.671	0.02	0
TPX2	5	0	6.92938284500475	0.649	0.014	0
PRC1	5	0	6.01182905332737	0.652	0.025	0
MAD2L1	5	0	5.56428769077859	0.639	0.027	0
NUSAP1	5	0	6.62275185374253	0.626	0.016	0
CDK1	5	0	7.01385641807164	0.604	0.01	0
PTTG1	5	0	5.26226909227166	0.633	0.045	0
AURKB	5	0	6.13529906150083	0.575	0.011	0
RAD51AP1	5	0	5.6143055177363	0.572	0.019	0
ANLN	5	0	6.63464787434598	0.559	0.01	0
CENPK	5	0	5.22515359414545	0.569	0.024	0
ASPM	5	0	6.50198603241	0.546	0.01	0
CDKN3	5	0	6.00680432051625	0.543	0.02	0
FANCI	5	0	5.5050827627541	0.543	0.022	0
RRM2	5	0	7.55442479943435	0.527	0.007	0
NUF2	5	0	6.96788570573977	0.527	0.009	0
NCAPG	5	0	7.06339450692711	0.524	0.006	0
CENPU	5	0	5.68534747215317	0.534	0.017	0
DIAPH3	5	0	7.76786109743177	0.521	0.004	0
CENPM	5	0	5.77319777011079	0.521	0.014	0
CCNB2	5	0	6.53803573063994	0.518	0.012	0
KIF23	5	0	6.658829512507	0.505	0.011	0
KIF11	5	0	6.30972221637281	0.498	0.01	0
MELK	5	0	7.06982077608654	0.492	0.005	0
HIST1H1B	5	0	5.76093689650472	0.505	0.027	0
ESCO2	5	0	6.56787886213328	0.482	0.009	0
ORC6	5	0	3.91329351502683	0.495	0.027	0
SPC25	5	0	7.24405123433044	0.47	0.005	0
MXD3	5	0	6.12581818908789	0.473	0.014	0
HMMR	5	0	6.82496890421782	0.454	0.007	0
CKAP2L	5	0	6.98178721087245	0.447	0.005	0
MYBL2	5	0	6.32760492123313	0.441	0.006	0
KIFC1	5	0	6.25061591291448	0.435	0.009	0
SGOL1	5	0	6.2856432979144	0.406	0.007	0
GTSE1	5	0	6.68517511058618	0.399	0.006	0
CDCA3	5	0	7.20357216497537	0.393	0.005	0
ASF1B	5	0	6.47187056207769	0.39	0.006	0
KIF15	5	0	6.1065477105805	0.39	0.007	0
HIST1H2AJ	5	0	6.28797895895142	0.39	0.01	0
DLGAP5	5	0	6.62300143337137	0.383	0.006	0
TMSB15A	5	0	5.80260109118936	0.383	0.009	0
KIF2C	5	0	6.66718088193992	0.377	0.005	0
XRCC2	5	0	5.30572844886615	0.383	0.011	0
APOBEC3B	5	0	5.88586809372031	0.38	0.009	0
SPC24	5	0	6.60606936763653	0.371	0.005	0
E2F8	5	0	7.3199513486897	0.364	0.003	0
TROAP	5	0	6.31090620908669	0.367	0.006	0
SHCBP1	5	0	5.93923392259473	0.367	0.008	0
DEPDC1	5	0	6.56753367848745	0.361	0.006	0
CLSPN	5	0	5.71226877146846	0.358	0.009	0
PBK	5	0	5.62912753616821	0.358	0.01	0
E2F7	5	0	7.03188670566862	0.342	0.004	0
NMU	5	0	7.4417689153881	0.335	0.004	0
HIST1H3B	5	0	6.90053540890028	0.329	0.005	0
CASC5	5	0	6.68101783748402	0.316	0.004	0
MCM10	5	0	6.7736693161326	0.313	0.003	0
BUB1	5	0	6.40005583141431	0.313	0.005	0
TTK	5	0	6.81918397538497	0.31	0.003	0
HJURP	5	0	6.98488922613145	0.304	0.003	0
KIF4A	5	0	6.84977229521839	0.304	0.003	0
CDCA2	5	0	6.67722182436926	0.291	0.003	0
CDCA5	5	0	6.69776920177334	0.288	0.003	0
KIF20A	5	0	7.1976955986387	0.275	0.002	0
KIF18B	5	0	6.71226877146846	0.272	0.003	0
NEIL3	5	0	6.89284101711028	0.268	0.003	0
HIST1H3G	5	0	7.44923436563466	0.265	0.002	0
FAM64A	5	0	7.51962369352606	0.252	0.002	0
ATAD2	5	4.91502374019022e-308	4.64912247788873	0.639	0.058	9.84086053260885e-304
FOXM1	5	4.51782224302259e-307	5.8012737775272	0.31	0.006	9.04558369497982e-303
CENPA	5	3.05739919141372e-306	7.28235799570808	0.275	0.004	6.12152466104854e-302
CENPW	5	4.51608201263893e-306	4.24938985121269	0.626	0.054	9.04209940570567e-302
PKMYT1	5	1.90476468649452e-303	6.81660543128319	0.252	0.002	3.81371985529932e-299
IQGAP3	5	1.91503269067315e-303	6.62300143337137	0.262	0.003	3.83427845326578e-299
CCNA2	5	1.28655085790353e-300	5.4057707171507	0.374	0.013	2.57593212769445e-296
LINC00669	5	2.07430829470734e-291	5.85665868080363	0.291	0.006	4.15318006766304e-287
CDCA8	5	3.69350033679739e-290	6.44619391131461	0.278	0.005	7.39512637433574e-286
LMNB2	5	8.49390863419063e-290	4.2347481498694	0.562	0.043	1.70065038673765e-285
DTL	5	2.66426633778071e-283	5.70636817002877	0.297	0.007	5.33439406150454e-279
CEP55	5	1.24581844413428e-282	5.79696593604374	0.275	0.005	2.49437768884566e-278
CENPN	5	3.32553230921133e-280	4.73137759441616	0.393	0.017	6.65838078950293e-276
NDC80	5	1.10558784211419e-277	4.72773557281423	0.435	0.023	2.21360797748103e-273
LMNB1	5	8.84449430167317e-276	4.41925336849633	0.498	0.034	1.770844649081e-271
GGH	5	7.46526235119749e-273	4.09639499421961	0.61	0.059	1.49469482795676e-268
EZH2	5	2.46713484283448e-270	4.18680728249596	0.604	0.058	4.9396973823232e-266
TCF19	5	7.46748797065555e-270	5.21101697713653	0.329	0.011	1.49514044148465e-265
TACC3	5	1.92120038946337e-269	4.37071186983216	0.511	0.038	3.84662741978357e-265
DHFR	5	3.02728108975458e-269	4.44667866073091	0.482	0.033	6.06122219790661e-265
CDT1	5	2.71723844839075e-267	5.12050109284219	0.342	0.012	5.44045482136796e-263
KIF14	5	2.99612555695491e-267	6.06841258169373	0.281	0.006	5.99884259013513e-263
SPAG5	5	3.31555599851904e-264	4.97530317730225	0.329	0.011	6.63840622023482e-260
E2F1	5	1.40131355336247e-262	5.13795351494681	0.326	0.011	2.80570999654233e-258
CDC20	5	6.03055458717544e-260	5.70554290828014	0.297	0.008	1.20743763944427e-255
BRIP1	5	6.85849450937624e-251	5.33285518192033	0.3	0.009	1.37320777066731e-246
NCAPG2	5	1.43826433241685e-247	4.30846366952669	0.498	0.04	2.87969284636501e-243
RACGAP1	5	7.21668657721161e-246	4.79154590268037	0.377	0.02	1.44492498648931e-241
CKAP2	5	2.80791596399373e-243	4.33984119457345	0.54	0.05	5.62200934310824e-239
PRR11	5	6.07493018444865e-242	4.74902732147858	0.355	0.017	1.21632252153031e-237
HIST1H1A	5	8.42537544662332e-242	5.10228400427287	0.431	0.029	1.68692867192292e-237
CENPE	5	9.56942295361234e-239	5.74109742452768	0.319	0.013	1.91598986377226e-234
C1QL1	5	2.62156514323316e-237	4.47649732033081	0.45	0.033	5.24889772978144e-233
BRCA1	5	4.36557230161319e-233	4.1768264065911	0.415	0.027	8.74074886228992e-229
ECT2	5	1.49929207091439e-232	4.59793609598946	0.399	0.025	3.0018825843848e-228
SGOL2	5	8.34929457332413e-232	5.08471439402283	0.383	0.023	1.67169575947096e-227
SMC2	5	1.39710926742142e-229	3.84994372829338	0.677	0.099	2.79729217523116e-225
STMN1	5	8.10975971955217e-229	3.92978851804988	0.968	0.327	1.62373609104874e-224
MND1	5	1.80350381858378e-228	4.35310777038212	0.387	0.023	3.61097534556845e-224
CDC6	5	3.82368253915022e-228	4.39820279435406	0.399	0.026	7.65577717988657e-224
C21orf58	5	6.10052189609954e-225	4.38404527004962	0.636	0.088	1.22144649403705e-220
GINS2	5	2.86825948797489e-217	4.24169659522596	0.444	0.036	5.74282914682332e-213
CENPH	5	7.22640510042734e-214	4.07400804458725	0.406	0.029	1.44687082920756e-209
TMEM106C	5	9.94923332584547e-214	3.67096914242963	0.687	0.109	1.99203549650078e-209
KIF20B	5	1.13848299947958e-209	4.12025151321335	0.473	0.044	2.27947066155801e-205
FANCA	5	1.8029424583861e-205	4.24637490220146	0.377	0.026	3.60985139018065e-201
KIAA1524	5	1.45786333961032e-200	4.27169618008248	0.348	0.022	2.91893397856778e-196
CEP152	5	1.6606802014646e-199	4.21573615419891	0.383	0.028	3.32501389937242e-195
CDCA4	5	4.41130132009773e-199	3.8874598283243	0.463	0.045	8.83230750309968e-195
CIT	5	4.54194972673214e-198	4.63241546377924	0.297	0.014	9.09389174286309e-194
MCM4	5	5.72572566123325e-194	3.83010526176232	0.466	0.047	1.14640479189212e-189
PSMC3IP	5	2.34727255946365e-193	3.74322169979737	0.463	0.046	4.69970911855811e-189
ITGB3BP	5	1.48085502784301e-191	3.31844775809931	0.677	0.115	2.96496793674728e-187
CCDC34	5	4.09316080987666e-188	3.48318367989327	0.597	0.088	8.19532657353505e-184
CCNE2	5	5.53933663369005e-187	5.05515648499146	0.268	0.012	1.10908598079742e-182
MNS1	5	2.25051561421832e-182	3.60159254031234	0.534	0.069	4.50598236278793e-178
BARD1	5	1.51099490190067e-181	3.73656901794129	0.46	0.049	3.02531399258552e-177
DTYMK	5	2.79708787247524e-180	3.37984830276345	0.649	0.114	5.60032933826992e-176
MYBL1	5	1.67424951631321e-176	4.17324255491416	0.3	0.018	3.3521823815623e-172
HELLS	5	2.92262234048064e-176	3.67596176748213	0.553	0.079	5.85167445011034e-172
H2AFZ	5	6.74277052320665e-175	3.48838478663216	0.974	0.505	1.35003751415644e-170
FBXO5	5	1.3607155360924e-174	3.85530340119162	0.444	0.048	2.7244246463642e-170
RRM1	5	4.00543226507657e-174	3.54234377002614	0.505	0.064	8.01967648113631e-170
HIST1H2AM	5	1.45133617514274e-169	4.08388399045617	0.435	0.048	2.90586528987079e-165
PSRC1	5	1.46764518033735e-166	4.67211164499647	0.272	0.015	2.93851918007144e-162
HMGB2	5	8.69599112567982e-166	3.88325860662222	0.888	0.337	1.74111134318361e-161
HMGB3	5	2.33516666693269e-162	3.77442136330949	0.604	0.11	4.67547070053264e-158
TUBA1B	5	2.4682224123771e-162	3.2916961606599	0.994	0.693	4.94187491406142e-158
ZWILCH	5	5.44291287516274e-158	3.23337133024269	0.527	0.077	1.08978001586508e-153
GMNN	5	2.65915842335019e-155	3.23630704790867	0.486	0.065	5.32416699523176e-151
HIST1H2AL	5	1.6538435838499e-153	3.996426468868	0.332	0.028	3.31132562358427e-149
RFC3	5	1.79972109583754e-153	3.40159713192422	0.438	0.053	3.60340157808592e-149
BRCA2	5	2.74163892315795e-153	3.89757187406968	0.326	0.027	5.48930945194685e-149
CENPL	5	4.13934443769864e-148	3.97530317730225	0.291	0.021	8.28779543316022e-144
ATAD5	5	2.5130314183122e-147	3.64813843404874	0.313	0.025	5.03159150574469e-143
WDR34	5	3.81593495499753e-147	3.5344632468919	0.371	0.038	7.64026496689605e-143
RNASEH2A	5	1.40525892067105e-146	3.24105196783308	0.518	0.082	2.81360941096758e-142
HMGB1	5	1.04552178185292e-145	2.02075434521762	1	0.968	2.09334371162591e-141
CCNB1	5	3.83951634041832e-142	5.38081790246259	0.262	0.018	7.68747961678556e-138
PHF19	5	1.11457726385618e-141	3.14761036720239	0.419	0.051	2.23160659769285e-137
TUBB	5	3.65058043140729e-141	2.66449417437846	0.987	0.707	7.30919213976368e-137
APOLD1	5	6.68470197784051e-141	3.57665813455148	0.422	0.054	1.33841103000323e-136
TUBG1	5	2.35271614871095e-134	3.04348674912027	0.505	0.082	4.71060827294906e-130
WHSC1	5	1.73078548640858e-133	2.87632897293176	0.534	0.093	3.46537870088727e-129
MCM2	5	1.41074347384066e-132	3.67089284367292	0.3	0.027	2.82459058332377e-128
H2AFV	5	1.33959793346623e-130	2.55160933990139	0.898	0.456	2.68214298238609e-126
SMC4	5	3.31007913891493e-130	3.04453348615088	0.7	0.19	6.62744045193547e-126
KNTC1	5	3.84043650896638e-129	3.63134877608489	0.291	0.025	7.68932197825248e-125
CRNDE	5	5.88638061851839e-129	2.94404446013293	0.581	0.121	1.17857112743975e-124
HMGN2	5	9.63034240235618e-129	2.1228879652195	0.997	0.873	1.92818715579975e-124
MCM7	5	2.55946521290641e-128	3.13427823135501	0.546	0.107	5.12456124928121e-124
KIF22	5	7.59308744359574e-128	3.14011404704792	0.492	0.083	1.52028796795674e-123
ZWINT	5	1.39372355989036e-126	2.85875927218796	0.581	0.123	2.79051331161249e-122
NCAPD3	5	1.01270126854756e-125	3.34567162724737	0.38	0.048	2.02763047988592e-121
TMPO	5	2.56115296654731e-125	2.73116458761806	0.808	0.301	5.12794046962102e-121
PHGDH	5	1.28143917233059e-124	3.29026324746959	0.518	0.096	2.56569751084031e-120
DEK	5	8.70088480415792e-121	2.27082357987149	0.907	0.496	1.7420911554885e-116
HIST1H3D	5	1.42802294260418e-118	3.52986054592953	0.351	0.043	2.85918753568208e-114
SAE1	5	2.57389130340867e-118	2.81480758877987	0.569	0.126	5.15344516768484e-114
H2AFX	5	1.06506507277533e-117	3.22728239462705	0.492	0.093	2.13247328871077e-113
SYNE2	5	1.3416679714871e-116	2.55109403212516	0.687	0.186	2.68628761251147e-112
NCAPD2	5	2.5559987956085e-116	3.38658854171999	0.377	0.052	5.11762078856734e-112
C4orf21	5	2.65996314195239e-115	3.80979684712694	0.262	0.023	5.32577820281708e-111
TMEM97	5	8.08778254045624e-115	3.13196334893757	0.396	0.058	1.61933582025015e-110
HIST1H2AG	5	3.52544307895736e-114	3.16175376294183	0.367	0.049	7.05864213268843e-110
DNAJC9	5	3.43597831684179e-113	2.84663551333778	0.463	0.081	6.87951578598064e-109
CKS1B	5	3.95918522101e-110	2.50001072726572	0.738	0.255	7.92708064950622e-106
RPL39L	5	4.11286442294445e-109	2.61550689682445	0.562	0.129	8.23477714761937e-105
MGME1	5	1.12066336059962e-107	2.89645989890444	0.399	0.062	2.24379218059256e-103
SCARA3	5	1.16561398466914e-106	2.6625106589426	0.55	0.123	2.33379232010455e-102
NPTX2	5	3.99758633678752e-106	3.03199518305811	0.335	0.043	8.00396736351597e-102
PSIP1	5	5.23048741407942e-106	2.47194479196842	0.789	0.325	1.04724819004698e-101
SKA2	5	1.81793967500586e-105	2.3896814601927	0.741	0.251	3.63987881729673e-101
SPDL1	5	3.30075969773493e-105	3.21001953093832	0.358	0.051	6.60878106680487e-101
CENPJ	5	6.73454789364788e-105	2.70308729490034	0.438	0.076	1.34839117926618e-100
RFC4	5	1.00028207658353e-104	2.95602916513771	0.387	0.06	2.00276477373554e-100
RARRES2	5	8.94594908478651e-104	2.08855022726481	0.904	0.492	1.79115792575596e-99
RPA3	5	1.42219740819655e-103	2.4551756269774	0.703	0.234	2.84752365069114e-99
CKS2	5	1.73717800370338e-103	2.79743817210412	0.524	0.115	3.4781777990149e-99
UBE2S	5	1.39314082409319e-101	2.89194904088651	0.728	0.26	2.78934655799938e-97
MAD2L2	5	1.53503011990504e-101	2.48310290372607	0.565	0.138	3.07343730607386e-97
NUCKS1	5	1.7751214828688e-99	1.55354771693018	0.987	0.824	3.5541482329999e-95
CHAF1A	5	7.85743526441079e-99	3.16984031458586	0.294	0.035	1.57321568864033e-94
HIRIP3	5	1.24726572863598e-96	2.73625381520512	0.406	0.071	2.49727544187497e-92
HIST1H4C	5	1.7941762353723e-96	3.80342169964725	0.869	0.523	3.59229965846241e-92
ACYP1	5	1.88082619871775e-96	2.37875270230588	0.546	0.131	3.76579021507268e-92
LIG1	5	2.92323147452965e-96	3.08548609505267	0.335	0.049	5.85289405830327e-92
CCNF	5	1.83200051697112e-94	3.45240164471335	0.252	0.027	3.66803143507958e-90
KDELC2	5	1.95559872792928e-94	2.47956365750002	0.588	0.161	3.91549977306001e-90
RANBP1	5	9.26741811073392e-94	2.17790494785485	0.818	0.402	1.85552245413115e-89
USP1	5	9.56694037606518e-93	2.29220635820679	0.597	0.164	1.91549280209577e-88
MZT2B	5	5.93902132091914e-92	1.5119052657125	0.974	0.781	1.18911084887443e-87
TMEM194A	5	7.78678573861825e-92	3.39034067658109	0.259	0.03	1.55907024058615e-87
NUDT1	5	2.19786910355809e-91	2.23946784718467	0.674	0.23	4.400573519144e-87
DSN1	5	4.21594099115721e-90	3.09896164505334	0.288	0.037	8.44115705249497e-86
PXMP2	5	6.79462690562879e-90	2.40677513466674	0.569	0.153	1.360420199045e-85
WEE1	5	1.02990042188104e-89	2.80159653531751	0.339	0.052	2.06206662469022e-85
RAN	5	5.03810567862303e-89	1.67933554855964	0.914	0.611	1.0087295189739e-84
CDKN2D	5	1.21078302326195e-88	3.33787325668696	0.307	0.044	2.42422976917507e-84
MCM3	5	1.79841839120407e-88	2.80370935549932	0.473	0.111	3.60079330286879e-84
PCNA	5	1.03376340992722e-86	2.82846178897298	0.486	0.12	2.06980109935628e-82
MIS18A	5	3.99501883238135e-86	2.92350427672205	0.3	0.043	7.99882670619394e-82
CCDC18	5	4.92586400863835e-86	3.30287783533076	0.272	0.035	9.86256491809571e-82
C1orf112	5	5.10984615405049e-86	3.2784477965102	0.252	0.03	1.02309339696399e-81
SYCP2	5	6.08290376291518e-86	3.01729726596688	0.304	0.044	1.21791899141088e-81
SNRPD1	5	1.00828593256913e-85	1.77548484271579	0.812	0.38	2.0187900941899e-81
SAC3D1	5	2.97198488048988e-85	3.00803996371425	0.307	0.046	5.95050812771684e-81
MIS18BP1	5	1.65425688021707e-84	2.27139960385759	0.69	0.258	3.31215312557062e-80
HN1L	5	2.95900319469986e-84	2.67327463985259	0.367	0.066	5.92451619642807e-80
TUBB4B	5	5.01224147927234e-84	2.62439993752066	0.728	0.307	1.00355098897991e-79
PTMA	5	1.13537968662403e-83	0.962954685294318	1	0.998	2.27325720855863e-79
COMMD4	5	3.05240130224207e-82	1.94026978579061	0.802	0.402	6.11151788734908e-78
C1QTNF2	5	4.62921659020459e-81	3.01396479767136	0.278	0.039	9.26861745690763e-77
RHEB	5	2.7411838820846e-80	2.01860413122479	0.856	0.515	5.48839836870978e-76
DBF4	5	3.31513826497605e-80	2.82607716852777	0.415	0.09	6.63756983413506e-76
NRM	5	7.23133169220688e-80	2.95579501841304	0.281	0.041	1.44785723141366e-75
CBX5	5	8.58932301536824e-80	1.75276901651087	0.815	0.417	1.71975425413703e-75
HIST1H1C	5	2.9570034128548e-79	2.96242589683968	0.668	0.27	5.92051223321788e-75
PPIA	5	1.30249815011878e-78	0.931522416104022	0.99	0.986	2.60786179616782e-74
PAFAH1B3	5	1.54622362254004e-78	2.11803815987716	0.572	0.168	3.09584893704966e-74
HIST1H1D	5	2.31830989026019e-78	2.79795938902052	0.812	0.442	4.64172006227895e-74
C19orf48	5	2.36887140900147e-78	2.37067364312502	0.505	0.133	4.74295433510274e-74
DUT	5	4.03442473264487e-78	2.05231923111747	0.93	0.721	8.07772519970155e-74
CMC2	5	1.19778674021016e-77	2.33956610934797	0.569	0.179	2.39820861124877e-73
RFC2	5	2.28983332919956e-77	2.44397864018317	0.508	0.141	4.58470429172336e-73
GAS2L3	5	2.81999690875858e-74	3.24169659522596	0.262	0.038	5.64619781071643e-70
CDKN2C	5	4.13355648137483e-74	2.32643174157748	0.585	0.193	8.27620678700868e-70
LSM4	5	3.6903033490531e-73	1.96330306331823	0.681	0.276	7.38872536547412e-69
CARHSP1	5	4.61699109239054e-72	2.34272265634835	0.514	0.15	9.24413956518434e-68
TUBB6	5	7.47624313052159e-72	2.4477766816773	0.447	0.113	1.49689339959303e-67
SNRPB	5	1.11205838094797e-71	1.59387407066623	0.837	0.491	2.22656329033403e-67
EMP2	5	3.11042459699893e-71	1.86920978772917	0.671	0.255	6.22769212811125e-67
DNMT1	5	9.18104128932147e-70	2.09809714599068	0.607	0.222	1.83822808694795e-65
TMEM107	5	1.35938320747819e-69	2.18652398449979	0.46	0.119	2.72175705801283e-65
MZT1	5	2.6681456702026e-69	2.53768239265628	0.419	0.103	5.34216126087964e-65
CDK2	5	3.78224129379877e-69	2.69434686347119	0.284	0.047	7.57280351844389e-65
KPNA2	5	1.55764241263525e-68	3.47120250933123	0.406	0.1	3.1187116385783e-64
CCP110	5	5.64586661801473e-68	2.37366193543446	0.396	0.091	1.13041541425891e-63
TMEM237	5	1.05266451728342e-67	2.51725278906331	0.294	0.051	2.10764489650486e-63
ZNF714	5	4.75470531974858e-67	2.72737566385866	0.256	0.039	9.51987099120061e-63
SGCB	5	4.94371156199446e-66	2.07527556798709	0.54	0.174	9.89829928942531e-62
BTG3	5	8.03719880919184e-66	1.91537080210565	0.617	0.226	1.60920794557639e-61
VRK1	5	4.60866149446961e-65	2.72475971565165	0.294	0.054	9.22746204422706e-61
PTPLAD1	5	2.13585350374668e-64	1.69679204304384	0.754	0.365	4.27640588520159e-60
FIGNL1	5	5.08359971940788e-64	2.29007655310767	0.345	0.073	1.01783833581985e-59
TOPBP1	5	2.77424302321916e-63	2.06347465887807	0.441	0.118	5.55458938108941e-59
CALM3	5	2.90480118509334e-63	1.56704100722467	0.824	0.476	5.81599293279389e-59
HIST2H2AC	5	3.30317719648456e-63	3.02616206203043	0.358	0.085	6.61362138280139e-59
RP11-160O5.1	5	7.25606884452055e-63	2.46637656761363	0.307	0.059	1.45281010404991e-58
PRIM1	5	9.31356917727194e-63	2.76620757857926	0.272	0.048	1.86476282067339e-58
ALYREF	5	4.56451660348618e-62	2.00201779730736	0.565	0.203	9.13907514350004e-58
CDK5RAP2	5	6.60493956281816e-62	2.3268742577377	0.403	0.103	1.32244099926745e-57
VBP1	5	7.5669438414865e-62	1.66207217370835	0.69	0.294	1.51505349594243e-57
DDX11	5	1.2808591629891e-61	2.28827617671944	0.342	0.073	2.56453621613678e-57
LSM5	5	2.06911336171296e-61	1.68893626763783	0.751	0.385	4.14277877282168e-57
CBX1	5	7.88756780159533e-60	1.4697751440755	0.805	0.426	1.57924882523542e-55
BUB3	5	9.65488592528836e-60	1.93007920745161	0.578	0.212	1.93310125996123e-55
SIVA1	5	3.05813643989225e-59	1.55947691982934	0.821	0.551	6.12300077995226e-55
COCH	5	3.50622492612153e-59	1.63786208304356	0.466	0.13	7.02016354708053e-55
TEX30	5	2.19963685763774e-58	2.53679950556551	0.281	0.054	4.40411291636229e-54
PRTFDC1	5	4.24394195614473e-58	2.12095077570748	0.38	0.094	8.49722058459298e-54
TUBA1C	5	7.18868545278772e-58	2.72494260150357	0.425	0.122	1.43931860135716e-53
ANP32E	5	8.29393892183814e-58	2.04115214489764	0.559	0.21	1.66061245093043e-53
HIST1H1E	5	6.41924947186023e-57	2.44469077329322	0.572	0.239	1.28526212925586e-52
KIAA1731	5	2.08437714184453e-56	2.1855208846926	0.393	0.104	4.17333991340113e-52
HADH	5	2.41011778076251e-56	2.20486086094394	0.39	0.103	4.82553782064269e-52
IGFBP2	5	9.47402299090472e-56	1.34908060513406	0.879	0.5	1.89688888323894e-51
UBL7-AS1	5	1.3295100264708e-55	1.84922034913978	0.518	0.175	2.66194497499984e-51
SMC3	5	1.5199326263847e-55	1.70662149533059	0.693	0.342	3.04320910454745e-51
MZT2A	5	3.17213387185776e-55	1.45427004755598	0.76	0.415	6.3512464382336e-51
RAD21	5	5.07701752384476e-55	1.90099443586199	0.658	0.307	1.0165204486242e-50
COL9A1	5	6.77177901785904e-55	1.71950818674232	0.476	0.147	1.35584559495574e-50
GJC1	5	7.4704217009149e-55	2.21271101041375	0.364	0.093	1.49572783295718e-50
LGALS1	5	8.78029996142427e-55	1.27331975571092	0.987	0.94	1.75799165827637e-50
PGP	5	1.00933841169454e-54	1.74988306326823	0.569	0.214	2.02089736789481e-50
CCDC167	5	1.07998542384328e-54	1.94114616657019	0.441	0.131	2.16234681561902e-50
SSRP1	5	1.72614643148816e-54	1.73287248922703	0.613	0.253	3.45609038512559e-50
GPSM2	5	4.64851319860127e-54	2.86965138973839	0.281	0.059	9.30725312623946e-50
NCAPH2	5	6.84700503972592e-54	2.62251411871013	0.275	0.056	1.37090734905392e-49
RHNO1	5	9.4363271225261e-54	2.47607055060698	0.259	0.049	1.88934141647218e-49
ANAPC11	5	1.58072231359156e-53	1.26105765963613	0.843	0.556	3.16492221627302e-49
MMD	5	3.25307135864029e-53	2.30836337441448	0.313	0.071	6.51329947426958e-49
SNRPG	5	4.77660762463705e-53	1.4878439078505	0.764	0.441	9.56372378604829e-49
TFDP1	5	6.35337737682236e-53	2.14529951629945	0.377	0.101	1.27207321838737e-48
BCL2L12	5	1.29762076247747e-52	2.02177185657494	0.38	0.102	2.59809629063239e-48
CIB2	5	1.42824741084281e-52	2.36995917658307	0.3	0.067	2.85963696598947e-48
HNRNPAB	5	3.09437325646133e-52	1.59148669578184	0.69	0.333	6.19555413408689e-48
SUMO2	5	4.16573725086597e-52	0.858548834881276	0.978	0.93	8.34063912368385e-48
PKM	5	9.08116514880859e-52	1.22332433548067	0.885	0.647	1.81823088609446e-47
NRGN	5	1.09279261996418e-51	1.88884499837725	0.412	0.119	2.18798938369229e-47
MCM5	5	2.88716130876697e-51	2.38801562363485	0.329	0.082	5.78067437241324e-47
PTN	5	6.98851684151227e-51	0.930783497017618	0.984	0.751	1.39924084200759e-46
HMGN1	5	7.28615690205312e-51	0.929046030931502	0.978	0.84	1.45883433492908e-46
RBBP7	5	1.52711576048423e-50	1.57000790052528	0.62	0.264	3.05759117564152e-46
SUPT16H	5	1.59001623076757e-50	1.52628516704384	0.709	0.365	3.18353049724283e-46
CALM2	5	2.22791073910377e-50	1.16822089911598	0.971	0.857	4.46072288183357e-46
NPW	5	2.43495370313814e-50	1.21265909156387	0.942	0.681	4.87526430442319e-46
CCDC74A	5	6.83849960700437e-50	2.33021968414352	0.268	0.056	1.36920439131442e-45
CKAP5	5	7.22028000545848e-50	2.26366887309267	0.422	0.132	1.4456444626929e-45
RANGAP1	5	2.28761703820981e-49	2.5046443032417	0.281	0.062	4.58026683390369e-45
PSMC3	5	6.74891008033256e-49	1.6515728397809	0.597	0.254	1.35126677628419e-44
HSPB11	5	1.49120613731373e-48	1.90491384941085	0.489	0.179	2.98569292812956e-44
NASP	5	1.51176171294099e-48	1.49805686733035	0.735	0.412	3.02684930165046e-44
CBX3	5	4.1824840681901e-48	0.982808346959121	0.927	0.677	8.37416960133021e-44
EMC9	5	4.18671022291608e-48	2.61517875885394	0.265	0.058	8.38263120832258e-44
IDH2	5	6.49838486681681e-48	1.8957196294815	0.537	0.215	1.30110661803406e-43
CENPP	5	7.09515033042598e-48	2.02153388927779	0.307	0.073	1.42059099915789e-43
COL2A1	5	9.16361284642231e-47	2.00658526730576	0.351	0.096	1.83473856411068e-42
LMO7	5	1.55572552879054e-46	2.40376119234342	0.252	0.053	3.11487365374441e-42
SLC43A3	5	2.83109842828215e-46	1.94874235103112	0.409	0.129	5.66842527310652e-42
BTBD6	5	5.71444818418175e-46	2.05942379846648	0.332	0.088	1.14414681543687e-41
RPLP1	5	8.9527683923415e-46	0.520545919418415	1	1	1.79252328751461e-41
ANP32B	5	1.01012912572159e-45	1.17394517133385	0.843	0.592	2.02248053551976e-41
PTMS	5	1.11940874349421e-45	1.01195382155722	0.978	0.84	2.24128018622411e-41
KLHL23	5	1.422082337256e-45	2.18752379358141	0.278	0.064	2.84729325565397e-41
FANCL	5	2.13186894132758e-45	1.98770819819303	0.358	0.102	4.26842799432608e-41
ECI1	5	3.60659529364768e-45	1.7183948742653	0.505	0.193	7.22112509694139e-41
HN1	5	8.46272954601871e-45	2.57187229767139	0.543	0.235	1.69440770970387e-40
HDGFRP3	5	2.19137745171106e-44	1.61008351950359	0.518	0.199	4.38757593381588e-40
PPDPF	5	2.38367967717579e-44	0.897866583419437	0.955	0.839	4.77260344964137e-40
EBP	5	8.57924307511993e-44	2.04176254523175	0.316	0.083	1.71773604850051e-39
GPC1	5	1.53129860056364e-43	2.13947308663417	0.294	0.074	3.06596605804852e-39
H3F3A	5	1.58218020145359e-43	0.634067602612536	1	0.995	3.16784119935038e-39
FAM111A	5	1.77450285318618e-43	2.06450106992334	0.403	0.134	3.55290961264936e-39
IPO9	5	3.31413884794334e-43	1.63832878836727	0.45	0.154	6.63556880135215e-39
ETV4	5	4.27183201719989e-43	2.25663586305154	0.284	0.071	8.55306206483761e-39
HINT1	5	2.23679139668827e-42	0.918833902689112	0.93	0.743	4.47850373444926e-38
SEPT10	5	6.62713382488484e-42	1.82497561319473	0.447	0.16	1.32688473441844e-37
CKB	5	7.67550184914773e-42	2.32951548388505	0.332	0.097	1.53678898023636e-37
OLFM1	5	1.0334808975429e-41	2.01770561966403	0.304	0.08	2.0692354530604e-37
YBX1	5	2.03791522991751e-41	0.704303328946428	0.974	0.914	4.08031387334083e-37
FN3KRP	5	3.25382109073519e-41	1.87508714767134	0.383	0.123	6.51480058787e-37
DDX39A	5	3.37147428421049e-41	1.72931151794435	0.399	0.131	6.75036581184624e-37
PTGES3	5	8.5937862958906e-41	0.939740358593998	0.917	0.727	1.72064789216322e-36
BCL7C	5	9.31848439968508e-41	1.30814452451026	0.706	0.388	1.86574694650495e-36
SPATA33	5	1.08667256530369e-40	2.04835492935248	0.275	0.068	2.17573581025106e-36
NT5DC2	5	1.21668364203003e-40	1.93189551612985	0.329	0.095	2.43604398807253e-36
MPHOSPH9	5	1.39437699442654e-40	1.84602016035728	0.335	0.097	2.79182161824082e-36
CSE1L	5	2.71839786635356e-40	2.0433216007309	0.297	0.08	5.44277620801309e-36
HMGXB4	5	5.63977199968207e-40	1.63679634092456	0.45	0.165	1.12919514977634e-35
UQCC2	5	6.74362895369396e-40	1.45046166901867	0.588	0.272	1.3502093891086e-35
SLC25A5	5	7.90553134328172e-40	1.23920802362777	0.748	0.448	1.58284548555187e-35
HINT2	5	2.20979907729584e-39	1.59163906628292	0.486	0.192	4.42445971256174e-35
RCN2	5	2.95757092407524e-39	1.0201212174674	0.843	0.568	5.92164850418345e-35
FABP5	5	4.0149727775738e-39	1.02734081533701	0.69	0.332	8.03877849525826e-35
SETD8	5	4.92551902374214e-39	1.85224478089791	0.358	0.113	9.86187418933652e-35
SLBP	5	8.59445220830618e-39	1.94520114551283	0.444	0.174	1.72078122114706e-34
CEP78	5	1.06499328454406e-38	1.6312494203436	0.393	0.13	2.13232955431411e-34
CDC25B	5	1.30331710989829e-38	1.80101298329854	0.377	0.123	2.60950151743835e-34
MESP1	5	1.33548881019334e-38	2.13432669842507	0.268	0.069	2.67391569576911e-34
LSM3	5	1.46922934428486e-38	1.18887544319971	0.696	0.378	2.94169099312715e-34
MTHFD2	5	1.78100712593253e-38	2.20020245424927	0.281	0.075	3.56593246754212e-34
CTNNAL1	5	2.40275442079618e-38	1.65939887004266	0.355	0.11	4.81079490131811e-34
CCHCR1	5	2.46653477364229e-38	2.050303201142	0.262	0.066	4.93849592378659e-34
CD320	5	3.09024236925204e-38	1.60800977820597	0.473	0.185	6.18728327171643e-34
RPA2	5	4.49916365253405e-38	1.77642680216381	0.444	0.172	9.00822546510368e-34
ANKRD32	5	4.8451116209277e-38	1.85746668700839	0.268	0.068	9.70088248742143e-34
TPM2	5	4.8967750270624e-38	1.07264129514892	0.812	0.504	9.80432295918434e-34
FGD5-AS1	5	7.35329444092931e-38	1.42479473291022	0.601	0.297	1.47227661296287e-33
PRKDC	5	1.00098919305173e-37	1.30942068119753	0.661	0.349	2.00418056232817e-33
DCTN3	5	2.68096106887409e-37	1.39780866922092	0.681	0.386	5.36782025209971e-33
PHTF2	5	6.41249978201139e-37	1.6624202220179	0.422	0.154	1.28391070635432e-32
SMC1A	5	7.24923263101706e-37	1.53410288571582	0.511	0.222	1.45144135738224e-32
GAPDH	5	1.1339451922267e-36	0.696743925535408	0.984	0.953	2.27038506387631e-32
PMAIP1	5	1.54334927025515e-36	1.5532916539852	0.31	0.091	3.09009390890486e-32
CCDC36	5	1.69575504670549e-36	1.77680902366317	0.291	0.08	3.39524075451373e-32
HNRNPA2B1	5	2.13962821129498e-36	0.747876377933041	0.994	0.954	4.2839636046548e-32
THBS4	5	2.44288299308901e-36	0.738607266311708	0.939	0.698	4.89114032876282e-32
PFN1	5	2.74889622191995e-36	0.71886464222037	0.958	0.877	5.50384001552812e-32
POLD2	5	4.15857608701293e-36	1.45888682793276	0.53	0.239	8.32630104141729e-32
DCXR	5	5.88581772169501e-36	1.62329128961612	0.511	0.227	1.17845842423777e-31
ITGAE	5	7.0706380383202e-36	1.29562201932796	0.636	0.33	1.41568314803247e-31
ERH	5	7.21028015899301e-36	0.96765845328722	0.827	0.6	1.44364229343358e-31
NR2C2AP	5	8.45412846508475e-36	2.18223248125089	0.272	0.075	1.69268560127927e-31
RPP25	5	9.44184957634946e-36	1.86710042752528	0.39	0.142	1.89044712217669e-31
MRPL51	5	1.21319749019786e-35	1.05395978955863	0.808	0.556	2.42906401487415e-31
RBP1	5	2.14476708862674e-35	1.37029364201156	0.47	0.191	4.29425266484846e-31
SRPK1	5	3.15207767694629e-35	1.59732519379601	0.361	0.119	6.31108992478185e-31
GLO1	5	3.64177960012165e-35	1.38018081036087	0.572	0.271	7.29157111536357e-31
SUN2	5	5.20746373899629e-35	2.04261108850729	0.297	0.089	1.04263838982184e-30
MDK	5	7.05934796898993e-35	0.855654612104791	0.911	0.646	1.41342265035116e-30
PCOLCE	5	1.64889012020887e-34	0.726976547422769	0.981	0.775	3.30140779868221e-30
PGRMC1	5	2.49893382921068e-34	1.19969289654271	0.655	0.353	5.00336531284563e-30
IFI27L1	5	2.90086673407686e-34	1.80105225045715	0.304	0.092	5.80811537496869e-30
NDUFB11	5	3.1397564139965e-34	0.868169180721883	0.866	0.672	6.2864202921038e-30
RALY	5	6.45242474850686e-34	1.34610214579555	0.569	0.276	1.29190448314604e-29
C9orf142	5	6.72738807523119e-34	1.27843275974372	0.626	0.327	1.34695764042279e-29
ARL6IP6	5	7.90445368356233e-34	2.06276601855259	0.262	0.073	1.58262971652285e-29
PRADC1	5	1.66141091168687e-33	1.64729859990789	0.38	0.138	3.32647692737944e-29
MSH2	5	2.83667813807393e-33	1.93782847188359	0.284	0.084	5.67959696805163e-29
CEP135	5	4.05233639452426e-33	1.92966051174654	0.268	0.076	8.11358792911647e-29
CDK4	5	7.87786301228219e-33	1.24274276225605	0.636	0.356	1.57730573231914e-28
HMGN3	5	8.77842837717363e-33	1.11783250939644	0.767	0.529	1.7576169296777e-28
UFD1L	5	9.54627564735843e-33	1.5291773546297	0.454	0.189	1.91135531011411e-28
KPNB1	5	1.21367454641799e-32	1.16442844899901	0.681	0.391	2.4300191768381e-28
SEC11A	5	1.62921730747264e-32	0.752382466215357	0.949	0.781	3.26201889302172e-28
MCUR1	5	2.14785754972286e-32	1.45477954116264	0.444	0.181	4.30044038605512e-28
HMGN5	5	2.42700760307431e-32	1.86738783813536	0.268	0.077	4.85935462287539e-28
CKLF	5	3.75573773046201e-32	1.23100042577995	0.508	0.218	7.51973808393104e-28
CEP57L1	5	1.14938433035364e-31	1.73391581330331	0.323	0.108	2.30129730623406e-27
LINC00152	5	1.95723787432998e-31	1.55060708105728	0.419	0.17	3.9187816719835e-27
COX5A	5	2.67514611142502e-31	0.925790724542991	0.783	0.51	5.35617754429518e-27
SNRPF	5	2.9789926273781e-31	1.0404193844089	0.703	0.411	5.96453903853643e-27
MT2A	5	3.99997910567957e-31	1.22630789427484	0.505	0.218	8.00875816539163e-27
PSMD14	5	4.33057459488653e-31	1.45251106920421	0.409	0.16	8.67067645388182e-27
ILF2	5	6.42787733138517e-31	1.16178407983485	0.649	0.36	1.28698959928994e-26
UBR7	5	7.07968120970511e-31	1.83262301205082	0.268	0.08	1.41749377180716e-26
HPRT1	5	9.88819843545551e-31	1.6983009532964	0.297	0.094	1.9798150907469e-26
ACTL6A	5	1.19950342850874e-30	1.6579867913207	0.348	0.125	2.4016457645602e-26
CEP57	5	2.28473404577354e-30	1.11009647194001	0.693	0.421	4.57449450644778e-26
PDIA6	5	4.1467137000507e-30	0.80062825754327	0.875	0.635	8.3025501702415e-26
FDPS	5	4.50653448300669e-30	1.19297941760681	0.565	0.282	9.022983341876e-26
TPGS2	5	4.5703766391423e-30	1.65527461533037	0.307	0.101	9.15080810689071e-26
C12orf65	5	6.53423572581856e-30	1.46294442553793	0.403	0.159	1.30828467702339e-25
PAICS	5	1.00836973957572e-29	1.58593303857383	0.351	0.129	2.01895789257852e-25
DPYSL4	5	1.56787936909453e-29	1.75670432912425	0.272	0.083	3.13920807280107e-25
SEPT7	5	1.57645392514472e-29	0.673492214518945	0.968	0.852	3.15637604892475e-25
PPIF	5	2.36741852370955e-29	1.56632627332147	0.316	0.108	4.74004536817126e-25
GOT1	5	2.94604717623337e-29	2.25955406904574	0.262	0.082	5.89857565625446e-25
PA2G4	5	3.51454345277181e-29	1.06623930228569	0.684	0.411	7.03681890113972e-25
PARP2	5	3.74314310070551e-29	1.88948913056382	0.262	0.08	7.49452111623257e-25
KIF5B	5	3.90678606987203e-29	1.2284306682029	0.617	0.34	7.82216706909777e-25
HERC5	5	5.06870021677222e-29	1.80971711158428	0.262	0.08	1.01485515740213e-24
CHCHD2	5	5.58831798621104e-29	0.598792386700551	0.994	0.941	1.11889302719917e-24
PSME2	5	6.70817897937946e-29	1.25218525563218	0.562	0.298	1.34311159525135e-24
LTBP4	5	7.58914834822899e-29	1.01415467414942	0.658	0.354	1.51949928228241e-24
PDLIM1	5	7.87703614637141e-29	1.19707530695983	0.294	0.093	1.57714017722648e-24
ARL6IP1	5	1.16282232131595e-28	2.21441012419612	0.383	0.158	2.32820285173879e-24
TPI1	5	1.17835295440233e-28	0.761035070275677	0.914	0.751	2.35929828530435e-24
POP7	5	1.37875833898367e-28	1.3320513842858	0.46	0.204	2.76054994631311e-24
PRDX4	5	1.66245766470214e-28	0.971895426338296	0.744	0.484	3.32857273626663e-24
STRA13	5	1.69402423864621e-28	1.31894796737588	0.559	0.296	3.39177533061743e-24
SHOX2	5	2.26407700159053e-28	1.57004669881599	0.288	0.093	4.53313497258456e-24
GMPS	5	2.91648886506933e-28	1.29501571755778	0.447	0.195	5.83939400564182e-24
RNPS1	5	3.35602251862289e-28	1.02133899805681	0.69	0.415	6.71942828678675e-24
YWHAQ	5	3.49076798595636e-28	0.945278098795032	0.748	0.492	6.98921566148183e-24
HNRNPA0	5	3.51208892225833e-28	1.01861183517178	0.709	0.424	7.03190444014563e-24
TWIST1	5	4.23102310889184e-28	1.271720642699	0.444	0.191	8.47135446862325e-24
SMC6	5	5.12038981137589e-28	1.57427905917259	0.31	0.107	1.02520444803368e-23
HNRNPR	5	6.1568837118077e-28	0.9207164922986	0.805	0.567	1.23273125677814e-23
HES4	5	9.25693912713011e-28	1.37339060765116	0.441	0.198	1.85342435203399e-23
PMM1	5	1.48504234602028e-27	1.56504527412243	0.345	0.13	2.9733517852018e-23
PIN1	5	1.86929112182719e-27	1.27813117299507	0.473	0.221	3.74269468412239e-23
SET	5	2.65661663412711e-27	0.707354803116554	0.917	0.758	5.3190778248493e-23
SLC20A1	5	2.92729540345448e-27	1.15289168094177	0.371	0.143	5.86103085679656e-23
CACYBP	5	3.20689831246007e-27	0.946026994931618	0.658	0.385	6.42085180120756e-23
MRE11A	5	3.25957307279412e-27	1.71606589469215	0.278	0.091	6.52631720634838e-23
CCT5	5	3.71235730341507e-27	1.12242907260777	0.575	0.303	7.43288179289765e-23
TMEM54	5	3.7823247299758e-27	1.70833474225662	0.275	0.09	7.57297057435756e-23
DYNLL1	5	6.63585004696254e-27	0.863740400606676	0.955	0.853	1.32862989640284e-22
NIPA2	5	8.877494688965e-27	1.60668184696685	0.307	0.109	1.77745198662457e-22
IFT81	5	1.12509758958729e-26	1.67609515891497	0.265	0.085	2.25267039387168e-22
RRAS	5	1.44689440387438e-26	1.22041567513878	0.518	0.258	2.89697197543727e-22
NUCB2	5	1.55449869434573e-26	1.08513681650336	0.578	0.305	3.11241728581902e-22
CEP112	5	1.5676926124828e-26	1.54803724626512	0.329	0.123	3.13883414871307e-22
PLP2	5	2.12805265805861e-26	1.61615261845869	0.294	0.102	4.26078703196496e-22
PRDX2	5	2.44117915401258e-26	0.971276342800014	0.767	0.575	4.887728902164e-22
YEATS4	5	2.88757800250865e-26	1.76625184457012	0.259	0.083	5.78150867662282e-22
HP1BP3	5	2.88767097580019e-26	1.17436453847398	0.744	0.554	5.78169482774714e-22
TPM4	5	3.01092066951921e-26	0.793973412587689	0.85	0.65	6.02846536451137e-22
HOXA10	5	3.94999840828359e-26	1.75712300725272	0.256	0.082	7.9086868130654e-22
TCEAL7	5	4.01600617713534e-26	1.22429284769777	0.454	0.206	8.04084756786038e-22
RBMX	5	5.91961538439236e-26	0.951034162539105	0.751	0.516	1.18522539226304e-21
HDGF	5	6.01051554006036e-26	1.31116271607317	0.476	0.227	1.20342542143088e-21
ERGIC2	5	6.54307159521258e-26	1.21487141067815	0.473	0.225	1.31005379479346e-21
CEP97	5	6.67676499956569e-26	1.54938435115735	0.275	0.091	1.33682188821304e-21
CD99	5	6.79659485002654e-26	0.592981289120949	0.978	0.871	1.36081422087231e-21
CHCHD3	5	7.29054999962535e-26	1.24373084190626	0.47	0.221	1.45971392092499e-21
CCDC14	5	7.8679067174977e-26	1.30084901339482	0.454	0.207	1.57531228297739e-21
PPIH	5	9.46169469636262e-26	1.43586234194527	0.396	0.171	1.89442051210572e-21
SRSF3	5	1.10302902696505e-25	0.700779422295569	0.888	0.729	2.20848471778943e-21
FDXR	5	1.26334570722397e-25	1.65773462179363	0.268	0.089	2.52947077500384e-21
CEP192	5	1.45349555854962e-25	1.52767408122926	0.291	0.101	2.91018880732805e-21
SCML1	5	1.64850568317583e-25	1.60511602388884	0.304	0.111	3.30063807885465e-21
STX2	5	2.16894499067531e-25	1.56233524521361	0.288	0.1	4.34266166033011e-21
SLC25A11	5	2.46855701902723e-25	1.18325238531934	0.543	0.284	4.94254486349632e-21
HSPA13	5	3.5375601046615e-25	1.69963067337576	0.265	0.089	7.08290284155326e-21
ARPP19	5	4.149070685629e-25	0.965319088729629	0.668	0.41	8.30726932676639e-21
GNAS	5	5.24590648879288e-25	0.475040213933961	1	0.985	1.05033539718611e-20
PIGX	5	6.32115086992037e-25	1.62673595731652	0.284	0.1	1.26562082717546e-20
HNRNPA3	5	8.64666487964929e-25	0.674041292958947	0.933	0.771	1.73123524220338e-20
XRCC6	5	9.29852768807683e-25	0.991886728000382	0.696	0.415	1.86175121370674e-20
PHF6	5	1.11241038165436e-24	1.33489634969884	0.361	0.146	2.22726806614835e-20
FKBP3	5	1.96515546265259e-24	1.10539149431886	0.54	0.283	3.93463426732301e-20
GPN3	5	2.02314996925576e-24	1.41034636838414	0.329	0.127	4.05075086844389e-20
GADD45A	5	2.04858272943917e-24	1.21463332254478	0.425	0.191	4.1016723408831e-20
DYNLT1	5	2.53382539125249e-24	0.966731237487572	0.687	0.455	5.07322519836574e-20
FAM96A	5	3.81538725474211e-24	1.24922937264352	0.498	0.259	7.63916836144466e-20
SRSF10	5	4.55931578440389e-24	0.989509470805923	0.642	0.378	9.12866206353347e-20
SIN3A	5	5.27333748251838e-24	1.29670886754452	0.377	0.158	1.05582763074983e-19
MRPS11	5	6.04324363126143e-24	1.10721939897008	0.495	0.247	1.20997823985116e-19
PARP1	5	6.32716030022149e-24	1.22829496856837	0.457	0.219	1.26682403531035e-19
RAD51C	5	9.50104115679334e-24	1.52304321406721	0.367	0.158	1.90229846041316e-19
PGAM1	5	1.0367733819465e-23	1.18322871537338	0.466	0.23	2.07582766533327e-19
CRABP1	5	1.34558810502019e-23	0.724997455332062	0.674	0.403	2.69413650387143e-19
IKBIP	5	1.69700588016259e-23	1.27512897771181	0.447	0.219	3.39774517326153e-19
SNRPE	5	1.8143359143768e-23	0.760417738519379	0.821	0.588	3.63266336776523e-19
PSMA7	5	2.26150871575501e-23	0.649483310008725	0.917	0.815	4.52799275068467e-19
HLTF	5	2.98358314720603e-23	1.12930116927625	0.466	0.224	5.97373017733592e-19
BAZ1B	5	3.30432134154696e-23	1.03612108238253	0.575	0.32	6.61591219004531e-19
NENF	5	3.76158275683734e-23	0.74598794746542	0.824	0.612	7.53144099573972e-19
C7orf49	5	4.12039396526324e-23	1.35500760346881	0.335	0.135	8.24985279725005e-19
MGST3	5	4.87771628045733e-23	0.76655892696941	0.824	0.632	9.76616353673167e-19
ZNF680	5	5.19166704977549e-23	1.36918402498453	0.307	0.116	1.03947557670605e-18
TPR	5	5.37347754549158e-23	0.76849167115131	0.85	0.639	1.07587767415832e-18
MAGOHB	5	5.59187385611407e-23	1.17812006030194	0.444	0.212	1.11960498347116e-18
LSM2	5	5.84386505082611e-23	1.09123295330602	0.559	0.313	1.1700586604764e-18
CLN6	5	6.52874257545855e-23	1.3729934330172	0.326	0.129	1.30718483845831e-18
EXOSC8	5	6.61985639911674e-23	1.25112373809189	0.387	0.17	1.32542764823115e-18
TNMD	5	7.7335528561447e-23	1.06089912095741	0.54	0.295	1.54841195285729e-18
SRSF2	5	9.15970561445209e-23	0.807501347752908	0.767	0.547	1.8339562581256e-18
MAP1B	5	1.11908169073077e-22	1.33160685179063	0.492	0.251	2.24062536118116e-18
ACTA2	5	1.2536046914133e-22	0.987089091679961	0.361	0.155	2.50996731314771e-18
MANF	5	1.25428744562639e-22	0.996785950947001	0.498	0.247	2.51133432363316e-18
HNRNPD	5	1.33678529251074e-22	0.930909057943797	0.7	0.479	2.67651151266501e-18
NAP1L1	5	1.38989104388889e-22	0.724765455585413	0.866	0.693	2.78283984807433e-18
RASL11B	5	1.59870038848756e-22	1.20640358476606	0.332	0.132	3.20091791782979e-18
LMF2	5	1.77468678431241e-22	1.452243115507	0.323	0.13	3.55327787955032e-18
H2AFY	5	2.35398511916943e-22	0.8610570716633	0.681	0.416	4.71314900560102e-18
BCAP29	5	2.43052965658565e-22	1.00747451340505	0.581	0.333	4.86640647841579e-18
SYCE1L	5	3.45610413237026e-22	1.14430323944727	0.425	0.2	6.91981169383174e-18
FBN2	5	3.45999744691175e-22	1.42444853090136	0.367	0.16	6.92760688820671e-18
FSTL5	5	4.30528831646671e-22	0.959380154336759	0.534	0.281	8.62004826722965e-18
C4orf27	5	4.94311302226018e-22	1.08970394402369	0.425	0.195	9.89710089316933e-18
MEST	5	5.23378134473216e-22	0.705466359681189	0.818	0.554	1.04790770084227e-17
P4HB	5	5.78803355097029e-22	0.674598215828897	0.901	0.726	1.15888007757527e-17
IMMP1L	5	7.15240727292042e-22	1.31621742220319	0.367	0.163	1.43205498418413e-17
BARX1	5	7.41783021256803e-22	1.24636412717642	0.415	0.199	1.48519796516037e-17
TNC	5	8.40717028315875e-22	0.750900805679327	0.633	0.342	1.68328363409405e-17
CSTF3	5	1.05643181732582e-21	1.33375714821473	0.329	0.135	2.11518778464975e-17
SNRNP40	5	1.28851874576034e-21	1.35220554769432	0.335	0.14	2.57987223276135e-17
BRD8	5	1.63132400373493e-21	1.44077844022016	0.364	0.164	3.26623692027807e-17
HAT1	5	1.71965102089751e-21	1.44993728848018	0.335	0.143	3.443085274041e-17
C12orf57	5	1.96820774401737e-21	0.63765556094873	0.856	0.621	3.94074554507157e-17
MYEF2	5	2.35370545341256e-21	1.60076045625147	0.291	0.113	4.71258905882262e-17
MAZ	5	2.88760921824218e-21	0.999135328967927	0.585	0.35	5.78157117676448e-17
UQCRQ	5	2.93288813273899e-21	0.71331762287117	0.827	0.63	5.87222861937e-17
DCP2	5	3.02678988500087e-21	1.00957748043042	0.47	0.236	6.06023870774873e-17
RNF168	5	3.21025058176138e-21	1.24595076724592	0.342	0.145	6.42756371480264e-17
NFYB	5	3.33909915584391e-21	1.2395403302177	0.355	0.153	6.68554432983068e-17
NAP1L4	5	4.33077582157857e-21	0.898263402636038	0.594	0.344	8.67107934996462e-17
COX20	5	4.55041859804356e-21	1.25586451114307	0.435	0.217	9.11084811700282e-17
C16orf80	5	4.91585267729529e-21	1.29769138861542	0.358	0.16	9.84252023048064e-17
PSMA4	5	6.03151835339241e-21	0.852676017405898	0.725	0.538	1.20763060471623e-16
ICMT	5	1.33796703614847e-20	1.50052359433152	0.265	0.1	2.67887759977648e-16
NDUFA4	5	1.34702103137384e-20	0.520919358859065	0.965	0.904	2.6970055090167e-16
VDAC3	5	1.48163038946986e-20	1.21864223294756	0.508	0.287	2.96652036579655e-16
BANF1	5	1.58524419737493e-20	0.922545585009171	0.629	0.398	3.17397593198409e-16
TULP3	5	1.66300756594647e-20	1.40088417082256	0.284	0.111	3.32967374853801e-16
ITM2C	5	1.69046463531712e-20	0.520770358077793	0.933	0.686	3.38464829283194e-16
DPT	5	1.91159380666131e-20	1.55474137515837	0.313	0.132	3.82739311969727e-16
GPC3	5	2.71880685877146e-20	0.616591194245891	0.84	0.578	5.44359509263221e-16
MRP63	5	2.73367773064422e-20	1.02006727397478	0.61	0.399	5.47336955229586e-16
UBA2	5	3.75608267751424e-20	1.21967715705719	0.45	0.239	7.52042873691901e-16
TUSC3	5	4.20019313844518e-20	0.962697770166915	0.556	0.322	8.40962670179494e-16
METTL4	5	4.23274970011494e-20	1.30050041918019	0.297	0.119	8.47481144957014e-16
GUSB	5	4.92341606393201e-20	1.0918491369304	0.47	0.25	9.85766364320467e-16
PSMD8	5	6.21310871508261e-20	0.68518626456795	0.789	0.591	1.24398862693384e-15
MESDC2	5	6.31115196560471e-20	0.80128873587284	0.684	0.465	1.26361884655338e-15
SAMD1	5	9.25090509952377e-20	1.29435085641297	0.326	0.14	1.85221621902665e-15
LSM6	5	1.04299149580214e-19	0.969784548966016	0.508	0.28	2.08827757289504e-15
SRP9	5	1.05355200547464e-19	0.775958011295022	0.684	0.437	2.10942182536133e-15
NTAN1	5	1.07698259348299e-19	0.968876908142818	0.482	0.254	2.15633454867165e-15
ETFB	5	1.13075263656526e-19	0.892011484720836	0.62	0.389	2.26399292893097e-15
EIF4EBP1	5	1.15870355226294e-19	1.24463022249387	0.46	0.248	2.31995625234085e-15
FNBP1L	5	1.16258897604817e-19	1.05038889985841	0.415	0.2	2.32773564784365e-15
NUDT21	5	1.9283134805282e-19	1.30220976630243	0.326	0.141	3.86086925071355e-15
ITGB1BP1	5	2.05958529170996e-19	1.10971221073256	0.409	0.201	4.12370167106167e-15
CNTRL	5	2.16525151203156e-19	1.3419776550197	0.323	0.139	4.3352665773896e-15
CLIC1	5	2.51239459014092e-19	0.661783621879209	0.812	0.612	5.03031644838015e-15
CTCF	5	2.76229736906216e-19	1.12715054782191	0.438	0.227	5.53067179233625e-15
RBBP4	5	2.79976436501246e-19	1.05806239352417	0.498	0.284	5.60568821162795e-15
PCM1	5	3.26096885181996e-19	0.94430263463451	0.61	0.392	6.52911183511393e-15
U2AF1	5	3.58746087612393e-19	0.684940397538269	0.802	0.623	7.18281416617533e-15
EMILIN1	5	3.85414749567434e-19	0.606879891968619	0.866	0.615	7.71677411583916e-15
GAMT	5	4.13482920077085e-19	1.37816596263499	0.3	0.128	8.27875502578339e-15
XRCC5	5	4.8389376612638e-19	0.796660958758829	0.696	0.505	9.68852098538239e-15
RABL5	5	5.733206274543e-19	1.26459512370733	0.345	0.158	1.147902560289e-14
SERTAD4-AS1	5	6.36199980103977e-19	1.33565003504768	0.284	0.116	1.27379960016418e-14
CNIH4	5	6.55636701368156e-19	1.2375318333017	0.399	0.2	1.31271580347932e-14
RPSA	5	6.91527411210963e-19	0.505198263190115	0.978	0.939	1.38457618272659e-14
NDUFA6	5	7.52090483880232e-19	0.899042356278594	0.585	0.358	1.505835566825e-14
SNRPD3	5	7.75986208667633e-19	0.878475096114828	0.591	0.353	1.55367958699434e-14
SHMT2	5	7.92431391412744e-19	1.19784103893731	0.371	0.177	1.5866061318866e-14
APOD	5	8.45471737403208e-19	0.284162354918927	0.872	0.678	1.6928035126287e-14
PRPSAP1	5	8.65213195595655e-19	1.34020562230566	0.348	0.161	1.73232986022162e-14
KLHL42	5	9.40562510974969e-19	1.30008281661819	0.262	0.101	1.88319425947408e-14
CTNNBIP1	5	9.46680379366655e-19	1.12043479404201	0.367	0.172	1.89544345556792e-14
CLIC4	5	1.07339456725431e-18	1.03157581351336	0.422	0.208	2.14915060255657e-14
PSMC5	5	1.18340715259983e-18	0.790947307564436	0.636	0.394	2.36941780093538e-14
PLOD2	5	1.2104226619574e-18	1.24789641156089	0.281	0.113	2.4235082537711e-14
TP53I13	5	1.5218853485453e-18	1.11712786672676	0.495	0.287	3.0471188448574e-14
NME1	5	1.56232869775413e-18	0.767903470441275	0.674	0.443	3.12809451864333e-14
CLTA	5	1.6836584391835e-18	0.545262967279941	0.885	0.707	3.3710209269332e-14
MSH6	5	1.87914100663755e-18	1.33365125845426	0.316	0.139	3.76241612348971e-14
DNAJC8	5	2.21114373453463e-18	0.856696953144918	0.655	0.44	4.42715198528523e-14
PSMG2	5	3.18437586396941e-18	0.938540829771859	0.518	0.292	6.37575735483956e-14
AKR7A2	5	3.27730596556066e-18	0.926830445091301	0.553	0.338	6.56182200424556e-14
THOC3	5	3.56530095915745e-18	1.35317088399055	0.259	0.102	7.13844558042505e-14
RCC2	5	3.63626642123566e-18	1.10926871121758	0.38	0.184	7.28053262859804e-14
PARK7	5	3.73139226839154e-18	0.544881449490001	0.911	0.78	7.47099359977354e-14
UBE2E3	5	3.84819065288789e-18	0.835142106626767	0.585	0.359	7.70484732521214e-14
SCAPER	5	3.87773682734623e-18	1.24529034377781	0.323	0.144	7.76400467571263e-14
TIPIN	5	4.26725265874295e-18	1.4122128570586	0.275	0.113	8.54389327333514e-14
ALDH7A1	5	5.44481812885395e-18	1.1756773603735	0.326	0.144	1.09016148575914e-13
NDUFB1	5	7.41684475278986e-18	0.796908955091126	0.655	0.449	1.48500065640359e-13
AP2S1	5	8.8405665191996e-18	0.596337866168315	0.824	0.647	1.77005822847414e-13
LDHB	5	8.97745861002223e-18	0.691536296453337	0.843	0.67	1.79746676289865e-13
ANXA2	5	9.57248806284155e-18	0.617551256513835	0.882	0.727	1.91660355994213e-13
NUDCD2	5	1.15202726602527e-17	1.1999915331098	0.454	0.254	2.3065889920358e-13
IGFBP7	5	1.16259454294624e-17	0.355489557667701	0.962	0.795	2.32774679388697e-13
TRIM24	5	1.22360959553192e-17	1.30008281661819	0.256	0.101	2.449911132174e-13
TXNDC16	5	1.27093189453463e-17	1.25893448774316	0.268	0.109	2.54465983923723e-13
NME4	5	1.36374809751749e-17	0.857388072165887	0.687	0.489	2.73049644084952e-13
CDK16	5	1.42859751043005e-17	1.21893218396345	0.297	0.128	2.86033793538304e-13
BOLA3	5	1.63022727513346e-17	1.14178576802395	0.332	0.152	3.26404105027222e-13
COX8A	5	1.73436215285153e-17	0.730723671052991	0.693	0.466	3.47253990243934e-13
SVIP	5	1.74454903026142e-17	1.133238600957	0.323	0.146	3.49293606838942e-13
MPC2	5	1.76583418161098e-17	0.86899427515591	0.607	0.4	3.5355531984215e-13
COPS6	5	2.02700830969395e-17	0.785429335109988	0.674	0.478	4.05847603766922e-13
ANXA5	5	2.62461526572439e-17	0.547186852347652	0.917	0.778	5.25500468503338e-13
TNFRSF12A	5	2.92307939929417e-17	1.40044126655006	0.323	0.149	5.85258957326678e-13
RAB27A	5	3.7585060435066e-17	1.26772138991714	0.259	0.104	7.52528080030892e-13
RDX	5	3.98060584939649e-17	0.852698956454646	0.543	0.325	7.96996903166165e-13
XPO1	5	4.05577260725278e-17	0.754479386764718	0.613	0.378	8.12046791424151e-13
HSD17B10	5	4.07676316693112e-17	0.958494889615697	0.466	0.257	8.16249521282949e-13
DBI	5	4.3171310683372e-17	0.631752270715093	0.703	0.504	8.64375982502474e-13
H1FX	5	4.61272180337164e-17	0.710359218090791	0.859	0.667	9.23559159471069e-13
IFI27L2	5	4.70548590795385e-17	0.891952533726947	0.553	0.334	9.4213238849052e-13
RNASEH2B	5	4.81058436236051e-17	1.20711885252532	0.316	0.143	9.63175201031822e-13
MDH1	5	4.97557970077372e-17	0.847472294391196	0.581	0.359	9.96210567688915e-13
SUMO3	5	6.09721460268037e-17	0.890302273579205	0.492	0.274	1.22078430774866e-12
COL9A3	5	7.39902643660125e-17	1.01003298083782	0.438	0.234	1.4814330731363e-12
PSMB3	5	7.96280992322772e-17	0.729244036717538	0.671	0.458	1.59431380282865e-12
HSP90B1	5	8.30569660031788e-17	0.585061515350192	0.923	0.829	1.66296657331565e-12
NAA38	5	9.90327174801073e-17	0.778309932661767	0.62	0.413	1.98283306938671e-12
SOD1	5	1.01956927751278e-16	0.56202785613536	0.831	0.661	2.04138160743609e-12
KIF2A	5	1.08219768448087e-16	0.878389302967549	0.45	0.24	2.16677620386759e-12
NUP85	5	1.10396733878179e-16	1.24711846867825	0.281	0.12	2.21036340570891e-12
MCMBP	5	1.24055767440182e-16	1.22041567513878	0.265	0.11	2.48384457568732e-12
CCDC88A	5	1.24501881775821e-16	0.986181641157818	0.527	0.316	2.49277667691548e-12
RP11-620J15.3	5	1.25649985030289e-16	1.39402572338895	0.259	0.108	2.51576400027644e-12
GPX4	5	1.34563261655923e-16	0.585941088518815	0.872	0.704	2.69422562487489e-12
RUVBL2	5	1.37491433808233e-16	1.3481124411918	0.265	0.112	2.75285348770845e-12
PEG10	5	1.51614304524666e-16	0.664271356959103	0.562	0.337	3.03562160519287e-12
GLRX5	5	1.75652507647941e-16	1.03738568607311	0.505	0.302	3.51691450812707e-12
TMEM98	5	1.86311938741559e-16	0.876478684632429	0.534	0.317	3.73033763748349e-12
HNRNPA1	5	2.35397886482704e-16	0.407086852036545	0.974	0.938	4.7131364831567e-12
PDCD5	5	2.4378571202631e-16	0.847047355161012	0.572	0.361	4.88107752619078e-12
FAM92A1	5	2.6729292756902e-16	1.19114483042492	0.288	0.126	5.35173899578691e-12
RNF212	5	2.8530864603489e-16	0.762959771431452	0.594	0.365	5.71244971091056e-12
NT5C3B	5	3.02868531814131e-16	0.857275754711457	0.527	0.314	6.06403374398254e-12
MAGOH	5	3.03313094154729e-16	0.847547630103878	0.543	0.331	6.07293477116598e-12
ZNF704	5	3.1889558213283e-16	0.834255253150074	0.409	0.206	6.38492734546353e-12
FAM76B	5	3.21007858234159e-16	1.02734733328228	0.371	0.184	6.42721933756432e-12
RHOA	5	4.57880083555463e-16	0.53698936682835	0.872	0.722	9.16767503294748e-12
HNRNPM	5	4.60727679549904e-16	0.698104326112552	0.706	0.49	9.22468959994818e-12
MFI2-AS1	5	5.89239542549556e-16	1.29279173050626	0.275	0.121	1.17977541209272e-11
COX6A1	5	5.98470766122053e-16	0.709348179583287	0.617	0.393	1.19825816792957e-11
ARPC1A	5	6.51506626986979e-16	0.787816706865161	0.594	0.383	1.30444656855333e-11
ITM2A	5	6.63391231090551e-16	0.457575559395107	0.923	0.731	1.3282419228895e-11
FBLN1	5	6.91214678076555e-16	0.572164450476888	0.581	0.339	1.38395002844488e-11
GTF2A1	5	7.21407604885246e-16	1.19312398347104	0.319	0.152	1.44440230650124e-11
MRPL17	5	7.88344785466783e-16	0.95595919423579	0.419	0.223	1.57842392946159e-11
POLR2J	5	9.15954129747523e-16	0.677243344443852	0.719	0.515	1.83392335858049e-11
NGFRAP1	5	9.53259953804334e-16	0.520258743152793	0.92	0.734	1.90861707950704e-11
SLIRP	5	1.13099988238758e-15	0.926251025065752	0.518	0.323	2.26448796451642e-11
RFC1	5	1.25290866056723e-15	0.902839250001159	0.53	0.333	2.50857372018772e-11
CSRP2	5	1.30577777567495e-15	0.603655721547032	0.422	0.217	2.61442826245639e-11
SNRPA	5	1.38291404695965e-15	0.989404707253942	0.387	0.2	2.76887050482261e-11
ERLIN1	5	1.49178675656024e-15	1.17480767683544	0.319	0.152	2.98685544398491e-11
BUD31	5	1.53212520028995e-15	0.725880255545569	0.681	0.489	3.06762107602055e-11
SNRNP25	5	1.70142017694405e-15	1.12627022399478	0.351	0.177	3.40658347827738e-11
SHFM1	5	1.88410001761208e-15	0.431312457637401	0.923	0.775	3.77234505526291e-11
CNN3	5	1.90276304579535e-15	0.483222185064845	0.879	0.693	3.80971217029145e-11
CLEC11A	5	1.93851681520626e-15	0.69873059499452	0.617	0.385	3.88129836740597e-11
ITGB1	5	2.03235326113764e-15	0.477528000305452	0.904	0.78	4.06917769944979e-11
AMOTL1	5	2.04763730343408e-15	1.00714464377088	0.345	0.168	4.09977940893572e-11
IER3IP1.1	5	2.36069220124884e-15	0.919610360617555	0.447	0.249	4.72657792534043e-11
HSBP1	5	2.78571433671268e-15	0.522235464179815	0.859	0.675	5.57755724496613e-11
DHX9	5	2.82674593732783e-15	0.882743399985281	0.508	0.303	5.65971071571777e-11
RAB34	5	2.92104831132533e-15	0.768997740133439	0.585	0.371	5.84852292893557e-11
COX7A2	5	3.04377691808954e-15	0.558483268384602	0.834	0.71	6.09425014539887e-11
AURKAIP1	5	3.23591877260054e-15	0.649236362762553	0.719	0.532	6.4789565665008e-11
FARP1	5	3.24808449157043e-15	0.866778720524082	0.38	0.191	6.50331476902232e-11
ZCRB1	5	3.30524581874019e-15	0.816616839278708	0.54	0.333	6.6177631782816e-11
MFGE8	5	3.45094028823863e-15	0.655151800670096	0.601	0.369	6.90947264511138e-11
TCEB2	5	4.15009716655321e-15	0.390468490095321	0.965	0.924	8.30932454687284e-11
VDAC1	5	4.46249815758082e-15	0.67311801773095	0.665	0.452	8.93481381110831e-11
CRTAC1	5	5.10515570606149e-15	0.993517175050423	0.329	0.158	1.02215427546763e-10
NOP56	5	5.17353088622808e-15	0.925646142701467	0.45	0.259	1.03584435404059e-10
HNRNPF	5	5.18172674973124e-15	0.90241246192958	0.575	0.385	1.03748532983119e-10
C19orf43	5	6.08773915171105e-15	0.633241662917847	0.77	0.629	1.21888713295559e-10
SREK1	5	6.16707006520091e-15	0.813206165986961	0.511	0.306	1.23477076845453e-10
LDHA	5	6.57733302327992e-15	0.649885739775984	0.831	0.683	1.3169136179211e-10
RAB8A	5	6.93029276050621e-15	0.861334581833954	0.45	0.253	1.38758321650855e-10
POLR2K	5	7.12312284189051e-15	0.776385972520232	0.534	0.326	1.42619165540332e-10
UQCRH	5	7.78303512261147e-15	0.463230078923724	0.939	0.819	1.55831929224927e-10
SNRPC	5	8.55198604946046e-15	0.899572138675071	0.47	0.275	1.71227864682297e-10
TPRKB	5	8.71750756005874e-15	1.00724871901534	0.345	0.172	1.74541936367496e-10
TIMP1	5	8.85749270073258e-15	0.442783404842877	0.984	0.927	1.77344718854068e-10
SPAG16	5	1.00763564588765e-14	1.07094584843925	0.31	0.147	2.01748809019625e-10
PSMA2.1	5	1.10153746283865e-14	1.00929260528327	0.377	0.198	2.20549830809554e-10
PMF1	5	1.10602388990254e-14	0.976961638274504	0.361	0.186	2.21448103236287e-10
RPL35	5	1.12842253283024e-14	0.286604651289543	1	0.996	2.2593275952327e-10
ABHD12	5	1.24181869090485e-14	1.16115908958201	0.284	0.131	2.48636938292968e-10
STAT1	5	1.61337522231081e-14	1.01362010885335	0.374	0.198	3.2302998701107e-10
AHI1	5	1.61578848279154e-14	0.836070499949679	0.534	0.331	3.23513170024523e-10
NEDD8	5	1.72015574703244e-14	0.574392006584534	0.815	0.656	3.44409583670835e-10
OLA1	5	1.76887175249946e-14	0.976767693762283	0.39	0.21	3.54163502285441e-10
PPM1G	5	1.98964054393568e-14	0.83587814993667	0.518	0.324	3.98365829706803e-10
CTDSPL2	5	2.12023357020122e-14	1.07453868449057	0.316	0.154	4.24513165425688e-10
CAPG	5	2.43223171381727e-14	0.58298575452349	0.39	0.198	4.86981433740494e-10
SEPHS1	5	2.4862229244918e-14	1.12489306409449	0.297	0.142	4.97791553941748e-10
GNB5	5	2.57519819799116e-14	0.990968496268384	0.316	0.153	5.1560618320179e-10
RBM8A	5	2.58179469150006e-14	0.74303868222618	0.652	0.464	5.16926933132142e-10
ALG5	5	2.67664257023624e-14	0.967915431905372	0.367	0.193	5.359173754127e-10
RBX1	5	2.75442645217546e-14	0.619302124285794	0.732	0.579	5.5149126425457e-10
RPN2	5	2.83371095302452e-14	0.772798386410473	0.565	0.358	5.6736560701457e-10
TRIOBP	5	3.32365940165281e-14	1.0826732748189	0.313	0.152	6.65463085398926e-10
ARMC1	5	3.42067718802254e-14	1.08453224705701	0.3	0.144	6.84887986585873e-10
ARL3	5	3.87166481110025e-14	0.91737747422234	0.406	0.225	7.75184728478492e-10
NUBP2	5	4.18748958023906e-14	0.836096760957913	0.444	0.252	8.38419163755465e-10
TGFB1I1	5	4.47209396131505e-14	0.916866109566274	0.387	0.206	8.95402652934499e-10
DAD1	5	4.53289698561526e-14	0.459000672481324	0.898	0.736	9.07576634459887e-10
RBM17	5	4.69005553567128e-14	0.766481395372077	0.537	0.335	9.39042919352104e-10
MESDC1	5	4.81391405180062e-14	1.25315246155078	0.259	0.116	9.63841871451519e-10
MYL6B	5	4.85180744774561e-14	0.749302251453849	0.53	0.325	9.71428887187626e-10
PSMD2	5	5.16773959706051e-14	1.01732380976127	0.399	0.226	1.03468482212345e-09
WBP11	5	5.17698771989082e-14	0.846254383109789	0.438	0.249	1.03653648127654e-09
LBR	5	5.35875004370454e-14	1.11920577197618	0.383	0.212	1.07292893375052e-09
BOD1	5	5.48565012391161e-14	0.807971552508105	0.505	0.31	1.09833686780958e-09
MRPS26	5	5.56225281655423e-14	0.8672688496407	0.514	0.328	1.11367425893049e-09
GSS	5	6.21047096755339e-14	1.21191420657277	0.256	0.115	1.24346049712354e-09
HDAC2	5	7.04415599418025e-14	0.892728310962735	0.454	0.264	1.41038091315477e-09
GPATCH11	5	7.39750035386231e-14	1.16521017311533	0.262	0.119	1.48112752085031e-09
CTHRC1	5	8.45230028478355e-14	0.679796438248256	0.54	0.328	1.69231956301936e-09
ELP6	5	8.47467746459419e-14	1.06987058590159	0.284	0.134	1.69679992196105e-09
KDELR2	5	8.55839965982251e-14	0.451933644725468	0.866	0.69	1.71356277988966e-09
CCT3	5	9.06010105298733e-14	0.566336625647941	0.674	0.443	1.81401343282912e-09
SLC2A4RG	5	9.64640061347494e-14	0.924742221022296	0.422	0.242	1.93140233082995e-09
FH	5	1.06141584183555e-13	1.19423174333513	0.252	0.113	2.12516679852314e-09
AARS	5	1.06555061674334e-13	1.2035597792538	0.272	0.127	2.13344544484351e-09
RASSF1	5	1.30210338877267e-13	1.17150607465784	0.291	0.142	2.60707140500064e-09
TOMM5	5	1.30316441498582e-13	1.1249961100601	0.262	0.119	2.60919579168461e-09
ELAVL1	5	1.32781625790118e-13	0.961429583550526	0.377	0.204	2.65855371156974e-09
TCF3	5	1.32883480647206e-13	1.01889244584993	0.323	0.163	2.66059304951836e-09
PRDX3	5	1.33306515758421e-13	0.911577579691863	0.399	0.221	2.66906305851511e-09
SDC2	5	1.36302213277622e-13	1.01968654187731	0.323	0.163	2.72904291424456e-09
TIMM10	5	1.44602089541198e-13	0.871729242877149	0.415	0.235	2.89522303679387e-09
RPS27L	5	1.49727480193644e-13	0.47164242244361	0.875	0.733	2.99784360843714e-09
SMS	5	1.63601251369403e-13	0.910814450850537	0.387	0.213	3.27562425491819e-09
KIAA1586	5	1.88745948822178e-13	1.13400092332131	0.259	0.118	3.77907138731764e-09
HTATSF1	5	1.89596503140657e-13	0.968335152582231	0.361	0.191	3.79610118588223e-09
UBE2M	5	1.947081837453e-13	0.787324340192071	0.508	0.319	3.89844725494839e-09
CMSS1	5	1.97590613944329e-13	1.10292211212034	0.288	0.139	3.95615927239336e-09
RUVBL1	5	2.15000557326379e-13	1.1820693634893	0.262	0.122	4.30474115878876e-09
SF3B3	5	2.27499228156801e-13	0.865012875700331	0.38	0.205	4.55498954615546e-09
TXNDC12	5	2.37788933155145e-13	0.845543708886346	0.435	0.251	4.7610100196323e-09
ZC2HC1A	5	2.49076279100058e-13	1.01657365017411	0.316	0.159	4.98700526014136e-09
NDUFB2	5	2.85324207889861e-13	0.474936488284688	0.901	0.796	5.7127612903708e-09
P4HA2	5	3.31446236661662e-13	1.11563679058009	0.284	0.137	6.63621655043979e-09
CAMTA1	5	3.33592917762046e-13	0.779434908607656	0.524	0.34	6.67919739943168e-09
DKK3	5	3.96537199166723e-13	0.831266758987942	0.374	0.197	7.93946780171613e-09
IGF2BP1	5	4.29878958921992e-13	0.954301876373016	0.326	0.166	8.60703651553613e-09
ACADM	5	4.70664486698046e-13	0.973664681906496	0.39	0.222	9.42364435266829e-09
MRPS16	5	4.95605370248788e-13	0.921448728694731	0.383	0.214	9.92301072312123e-09
SMPD4	5	5.23569642995005e-13	1.11044283311365	0.272	0.129	1.0482911392046e-08
TIPRL	5	6.84823450996171e-13	0.878121643584362	0.406	0.23	1.37115351358453e-08
RHOC	5	6.96642731678628e-13	0.595686784947763	0.728	0.586	1.39481807736695e-08
NUP62	5	7.19028207589159e-13	0.957140599516977	0.304	0.15	1.43963827723501e-08
DHPS	5	7.69288560736442e-13	0.936961728066055	0.38	0.211	1.54026955630651e-08
PDZD11	5	8.18578244021372e-13	0.998023253802334	0.326	0.17	1.63895736017959e-08
PFN2	5	8.36758935309543e-13	1.01699427849507	0.294	0.145	1.67535874027677e-08
BZW1	5	9.53522792404644e-13	0.642544823578781	0.649	0.458	1.90914333495258e-08
MEA1	5	9.76044588515217e-13	0.98682504719747	0.31	0.156	1.95423647512517e-08
PFDN2	5	9.99924787638779e-13	0.617590139640034	0.735	0.564	2.00204940981036e-08
GINM1	5	1.0555294523633e-12	0.973764536905594	0.435	0.27	2.11338106952179e-08
THRAP3	5	1.07308407923989e-12	0.747873315255263	0.565	0.383	2.1485289434541e-08
COPE	5	1.08710211132759e-12	0.574462022501259	0.754	0.587	2.1765958473001e-08
SRRT	5	1.09930511438827e-12	0.919321083668585	0.332	0.173	2.20102870002819e-08
CNP	5	1.13575109182806e-12	0.955273606342997	0.31	0.156	2.27400083605815e-08
OSTC	5	1.1866508314644e-12	0.522671390770294	0.78	0.628	2.37591229475802e-08
SEPW1	5	1.20309880834198e-12	0.411262418766775	0.927	0.8	2.40884443406232e-08
TBCA	5	1.42659792948624e-12	0.500321800233263	0.824	0.667	2.85633437441736e-08
TALDO1	5	1.50760234480064e-12	0.699013163918908	0.565	0.382	3.01852141475983e-08
NUDC	5	1.5646958916994e-12	0.780975986587639	0.565	0.393	3.13283411436054e-08
CSRP1	5	1.5865279793757e-12	0.764550671521677	0.387	0.214	3.17654632030602e-08
UBE2N	5	1.77711007773292e-12	0.85231238346144	0.393	0.221	3.55812979763686e-08
KBTBD2	5	1.78106862409436e-12	1.08565615399563	0.272	0.131	3.56605559916172e-08
MAPRE1	5	1.82637432218244e-12	1.03278867196301	0.342	0.187	3.65676666787369e-08
FTSJ2	5	1.91596538978174e-12	1.05746228213319	0.284	0.141	3.836145903421e-08
GNAI1	5	1.93498357255498e-12	0.579126559067855	0.565	0.355	3.87422410896958e-08
PDAP1	5	1.96110120160268e-12	0.631686344494706	0.633	0.447	3.92651682584888e-08
GOLM1	5	2.17117790348288e-12	0.828837148683927	0.383	0.212	4.34713239835343e-08
CCM2	5	2.38975040716484e-12	0.931846177197851	0.361	0.2	4.78475826522544e-08
AKT1	5	2.56430457768826e-12	0.840497875946241	0.387	0.218	5.13425062544744e-08
KHDRBS3	5	2.64658259698547e-12	0.982997569092251	0.316	0.164	5.29898767568432e-08
LSMD1	5	2.78052465247551e-12	0.669357380956744	0.502	0.311	5.56716645918646e-08
KHDRBS1	5	2.78931511011621e-12	0.779969768190223	0.575	0.408	5.58476671347468e-08
NUP54	5	2.88312724201977e-12	0.969936155650673	0.304	0.154	5.77259736397198e-08
NSMCE4A	5	2.92339689992916e-12	1.09674130475223	0.281	0.14	5.85322527303817e-08
CNTLN	5	3.20510786176744e-12	1.05942379846648	0.284	0.142	6.41726696083077e-08
NDUFA2	5	3.36027830665127e-12	0.601902481498488	0.645	0.459	6.72794922557717e-08
BAX	5	3.36649851099637e-12	0.66183284532217	0.565	0.374	6.74040331871693e-08
UCHL5	5	3.37425332451086e-12	0.866251708631138	0.332	0.175	6.75593000633564e-08
UBE2I	5	3.4765308570005e-12	0.568278386579202	0.757	0.607	6.96071008188639e-08
UBL4A	5	3.66666031719925e-12	1.20051611770108	0.288	0.149	7.34138728709634e-08
GSTO1	5	3.71629570872598e-12	0.600387907497714	0.581	0.387	7.44076726801115e-08
NUTF2	5	4.1105334096045e-12	0.846926375865026	0.428	0.257	8.23010999271013e-08
CDC27	5	4.13300968962335e-12	0.941582559458249	0.358	0.2	8.27511200056387e-08
RABL6	5	4.23664764313411e-12	0.960630865330469	0.294	0.147	8.48261591108311e-08
N4BP2	5	4.63989759465999e-12	0.900668054656823	0.284	0.14	9.29000296402824e-08
PCMT1	5	4.81689226183277e-12	0.865931322531502	0.38	0.214	9.64438168664156e-08
DESI2	5	4.90789288098698e-12	0.850192023210639	0.425	0.255	9.82658312631213e-08
TECR	5	5.01799792390567e-12	0.680596551149913	0.502	0.313	1.00470354432439e-07
RCN1	5	5.309653221692e-12	0.68048692803213	0.546	0.359	1.06309876804717e-07
CALCOCO2	5	5.40789463185191e-12	0.787362032581223	0.514	0.335	1.08276866318939e-07
CDC42EP4	5	5.43253908762787e-12	0.945890449482211	0.323	0.172	1.08770297612485e-07
PTGR1	5	5.87687284051088e-12	0.855369662436497	0.319	0.166	1.17666748012709e-07
TFAM	5	6.20760844894678e-12	0.825556057797568	0.409	0.237	1.24288736364812e-07
LMCD1	5	7.33387929024004e-12	0.74960720456427	0.345	0.183	1.46838931149186e-07
DNAJC1	5	7.77547892744936e-12	0.844859504590026	0.46	0.29	1.55680639085391e-07
SCOC	5	8.01951716535664e-12	0.839958407570083	0.438	0.266	1.60566772684771e-07
FAM178A	5	8.18417897470364e-12	0.74101424144475	0.428	0.249	1.63863631431516e-07
SGTA	5	8.70130755046793e-12	0.985950421501759	0.284	0.143	1.74217579775469e-07
TMA7	5	9.80804269240615e-12	0.312700850551614	0.987	0.953	1.96376630787356e-07
RECQL	5	1.03922217744384e-11	0.94335510241671	0.319	0.17	2.08073064367806e-07
ID3	5	1.08249058118238e-11	0.57150798664935	0.661	0.499	2.16736264164336e-07
CETN2	5	1.08929494155965e-11	0.821618816867149	0.444	0.273	2.18098633199074e-07
TRIM28	5	1.15141071533364e-11	0.783010362831484	0.479	0.304	2.30535453424101e-07
TMCO3	5	1.3050043656546e-11	0.86575079383942	0.323	0.171	2.61287974091364e-07
MTMR2	5	1.33586021250145e-11	0.941033275217505	0.265	0.129	2.67465931747041e-07
NAA10	5	1.43848424365711e-11	0.734867045018501	0.447	0.273	2.88013315265027e-07
DYNLRB1	5	1.59488352355521e-11	0.589969366583201	0.668	0.487	3.19327579086224e-07
GNG5	5	1.82608328993339e-11	0.420714325624613	0.863	0.698	3.65618396310462e-07
ATP5J2	5	1.91853893776977e-11	0.476748360538941	0.853	0.739	3.84129866120264e-07
VOPP1	5	1.94386842440317e-11	1.03801110315318	0.278	0.142	3.89201335934002e-07
SUGP2	5	1.94622103076113e-11	0.760984056501485	0.425	0.254	3.89672374778992e-07
DGCR6L	5	2.35941013727262e-11	0.758441861939032	0.364	0.202	4.72401097684724e-07
EGFLAM	5	2.91651247577831e-11	0.808971440583947	0.294	0.151	5.83944127900333e-07
RAD23A	5	2.95029560839453e-11	0.745530954028176	0.505	0.34	5.90708186712752e-07
COG4	5	3.00243837132784e-11	0.789586203816346	0.313	0.163	6.0114821070726e-07
POLR3K	5	3.22808398875219e-11	1.03318409338275	0.256	0.126	6.46326976227964e-07
UBALD2	5	3.25012028424235e-11	1.22812180966568	0.284	0.151	6.50739083311003e-07
QSER1	5	3.28075061336794e-11	0.79995886962913	0.38	0.217	6.5687188780853e-07
MRPL13	5	3.34189004586664e-11	0.871929368768544	0.335	0.185	6.69113224983419e-07
CENPT	5	3.41674184099089e-11	0.978914430854629	0.272	0.137	6.84100051403196e-07
VKORC1	5	3.44934094763093e-11	0.826751826652505	0.431	0.267	6.90627044534666e-07
CPE	5	3.7409267506026e-11	0.330584764500597	0.859	0.634	7.49008354005652e-07
LOXL2	5	3.86094108968989e-11	0.478041658365286	0.572	0.369	7.7303762497771e-07
POLR2I	5	4.04581772084306e-11	0.704490398141742	0.511	0.343	8.10053624067197e-07
ISYNA1	5	4.17822794017185e-11	0.93277060019032	0.323	0.177	8.36564798181208e-07
CENPC	5	4.25105763907338e-11	0.814505061506024	0.419	0.254	8.51146760495272e-07
GNL1	5	4.6524579621929e-11	0.901026927326693	0.345	0.194	9.31515133190262e-07
GTF2A2	5	4.88135065360252e-11	0.616856847803236	0.639	0.476	9.77344027864296e-07
PSMB9	5	4.95417440542749e-11	0.82855715800563	0.374	0.216	9.91924799454693e-07
APIP	5	5.59287986059809e-11	0.984644224001134	0.265	0.133	1.11980640568895e-06
FRG1	5	5.68017578344539e-11	0.785760973847518	0.371	0.212	1.13728479536144e-06
SF3B4	5	6.42192415170105e-11	0.970189045605608	0.259	0.129	1.28579765365358e-06
SMIM20	5	6.6850386692228e-11	0.759922861131174	0.396	0.233	1.33847844235179e-06
CERS2	5	6.71854914567404e-11	0.847570611920684	0.351	0.199	1.34518790994686e-06
H3F3B	5	7.28662070021889e-11	0.406275153386059	1	0.999	1.45892719659783e-06
USP11	5	7.40449782436604e-11	0.84766051873854	0.396	0.239	1.48252855439457e-06
SH3GL1	5	7.75039010270753e-11	0.790809247493581	0.383	0.225	1.5517831063641e-06
WHSC1L1	5	7.88045186007167e-11	0.575229310889056	0.642	0.489	1.57782407142355e-06
EMD	5	8.14970691298911e-11	0.834161076488967	0.348	0.196	1.63173431811868e-06
MLEC	5	8.19202894864821e-11	0.651131388275427	0.537	0.357	1.64020803609834e-06
ARPC5	5	8.34768151842152e-11	0.551530026697072	0.792	0.672	1.67137279361836e-06
MINOS1	5	9.06720647811991e-11	0.690322984197257	0.537	0.375	1.81543608104917e-06
VKORC1L1	5	9.3278279443784e-11	0.840783511991137	0.3	0.159	1.86761771102344e-06
MKKS	5	1.02341008029328e-10	0.852500553245068	0.374	0.223	2.04907166276321e-06
CCT7	5	1.02889428907672e-10	0.628643011827192	0.521	0.339	2.06005214558941e-06
TMX4	5	1.03922345688176e-10	0.876849930992976	0.412	0.255	2.08073320536865e-06
TAF15	5	1.08083467289852e-10	0.8233960109187	0.351	0.198	2.16404718207741e-06
POLR2F	5	1.09318399847776e-10	0.66022667584362	0.537	0.363	2.18877300175218e-06
APOA1BP	5	1.09998196853043e-10	0.787837594550803	0.319	0.172	2.20238389739163e-06
MYH10	5	1.11197376906267e-10	0.776675279800933	0.339	0.188	2.22639388041728e-06
EFEMP2	5	1.18928225959072e-10	0.718989967836858	0.396	0.233	2.38118094015255e-06
RIF1	5	1.21497953305224e-10	0.790878606164823	0.428	0.267	2.4326320210772e-06
UXS1	5	1.22869167618907e-10	0.945431081861695	0.304	0.165	2.46008647406575e-06
BLOC1S1	5	1.32173593604716e-10	0.599629510643362	0.575	0.394	2.64637969115362e-06
C22orf39	5	1.33488020883774e-10	0.932208198095421	0.278	0.145	2.67269715413493e-06
CRELD2	5	1.40909537712756e-10	1.03342858993353	0.278	0.147	2.82129076408481e-06
DCTPP1	5	1.43643248147435e-10	1.04907779037829	0.304	0.168	2.87602511440795e-06
CBY1	5	1.44777942647569e-10	1.06994818060496	0.252	0.128	2.89874396768963e-06
VPS4A	5	1.49499773042052e-10	1.02296961093257	0.307	0.17	2.99328445584796e-06
ARL6IP4	5	1.49642808288821e-10	0.455793738069711	0.776	0.642	2.99614830755878e-06
HRAS	5	1.5561775239505e-10	0.855532015349347	0.281	0.146	3.11577863845368e-06
STUB1	5	1.57244296991719e-10	0.549665681323464	0.623	0.447	3.14834531436821e-06
MED30	5	1.60123840320334e-10	1.01859346028509	0.288	0.154	3.20599953089372e-06
PHC2	5	1.64530500608123e-10	0.732068411665827	0.492	0.326	3.29422968317584e-06
EEA1	5	1.66700487430589e-10	0.752571816685285	0.428	0.269	3.33767715933526e-06
FMR1	5	1.72965569014579e-10	0.73144915844509	0.409	0.246	3.46311662280989e-06
ATP5G3	5	1.75122188860073e-10	0.477226616723728	0.789	0.66	3.50629646535637e-06
NONO	5	1.76081188235852e-10	0.637177854887087	0.53	0.353	3.52549755085824e-06
COL11A1	5	1.88789909902695e-10	0.600176402529182	0.399	0.232	3.77995157607176e-06
CNTFR	5	1.89093933170591e-10	0.709368538043906	0.319	0.172	3.78603872994157e-06
PITHD1	5	1.89302408832458e-10	0.887474587529002	0.316	0.176	3.79021282964347e-06
CHID1	5	1.91906410683111e-10	0.70502765052747	0.428	0.266	3.84235015469726e-06
RSRC1	5	1.98242168772204e-10	0.81879869162226	0.371	0.219	3.96920470315706e-06
HNRNPH3	5	2.04874301696884e-10	0.663804987800956	0.572	0.4	4.101993268575e-06
FZD1	5	2.13187653855095e-10	0.679269406710115	0.383	0.222	4.26844320548672e-06
NUDT5	5	2.51595655027688e-10	0.917488542181476	0.288	0.154	5.03744820496438e-06
TPM1	5	2.59918018981815e-10	0.513124505178476	0.696	0.542	5.2040785760539e-06
MAGEF1	5	2.62319656293399e-10	0.756901102751708	0.361	0.208	5.25216415830643e-06
CHODL	5	2.64305787406389e-10	0.574962189230109	0.441	0.27	5.29193047545071e-06
PMVK	5	2.65629335043971e-10	0.936250400738476	0.313	0.174	5.31843054625038e-06
PNKD	5	3.12965912784379e-10	0.662288727232142	0.482	0.319	6.26620350576883e-06
TOMM40	5	3.16136605975531e-10	0.976430723307976	0.297	0.164	6.32968712484207e-06
SUMO1	5	3.17473851435256e-10	0.549346263216041	0.636	0.465	6.3564614534367e-06
SMARCB1	5	3.67163159541124e-10	1.04948285315888	0.265	0.141	7.35134078033239e-06
ATP1B1	5	3.82675833256105e-10	0.593533531294673	0.511	0.337	7.66193553345374e-06
ACN9	5	3.97656144042823e-10	0.846701641258425	0.323	0.181	7.96187131602539e-06
ANXA1	5	4.0487489136911e-10	0.879023744724411	0.447	0.299	8.10640507499233e-06
NAE1	5	4.14639704134317e-10	0.87781401198667	0.281	0.149	8.3019161561773e-06
SYNCRIP	5	4.21581721546156e-10	0.609307524730042	0.527	0.352	8.44090922879715e-06
PSMB2	5	4.79994094799224e-10	0.676201674108707	0.527	0.37	9.61044176607006e-06
ACP1	5	5.11054360189740e-10	0.647240296242787	0.537	0.378	1.0232330399719e-05
TBCB	5	5.12575446340625e-10	0.79107463783044	0.415	0.265	1.0262785586632e-05
PDS5B	5	5.35159689462547e-10	0.675594599709966	0.492	0.322	1.07149673024191e-05
KLHDC3	5	5.3983551511432e-10	0.784039651494236	0.374	0.226	1.08085866836189e-05
NUPL1	5	5.45037170480476e-10	0.823898263830736	0.281	0.148	1.09127342273601e-05
MLF2	5	5.75167064451008e-10	0.60539216757177	0.569	0.4	1.15159949644381e-05
NEDD4	5	6.03411303011246e-10	0.805378175859938	0.262	0.133	1.20815011088912e-05
IPO5	5	6.2966474791054e-10	0.764259188534346	0.367	0.216	1.26071475826648e-05
MED21	5	6.33685980168962e-10	0.999517500482665	0.252	0.131	1.2687660694943e-05
ID1	5	6.41064987989016e-10	0.48478652853539	0.403	0.243	1.28354031895161e-05
ZBTB8OS	5	6.42910575286537e-10	0.842387690857362	0.291	0.157	1.2872355538387e-05
CBFB	5	6.65432229543185e-10	0.99345052401251	0.288	0.158	1.33232840999137e-05
DCTN2	5	7.2160825873617e-10	0.786184610626627	0.399	0.248	1.44480405564156e-05
CCNG1	5	7.31959612645865e-10	0.899459419318744	0.275	0.146	1.46552953643955e-05
PHACTR4	5	7.58502489362185e-10	0.849366188237275	0.294	0.16	1.51867368420097e-05
CDC5L	5	7.63784295451106e-10	0.661978873406625	0.447	0.29	1.5292489163522e-05
PSMA3	5	8.07342707502359e-10	0.673148755725216	0.45	0.29	1.61646156896122e-05
MRPL14	5	8.44786170075549e-10	0.666871270796191	0.466	0.302	1.69143086972527e-05
MRPL22	5	9.50004356122264e-10	0.700655923355245	0.393	0.236	1.902098721828e-05
TP53TG1	5	9.53169505305908e-10	0.928314281990929	0.275	0.148	1.90843598352349e-05
TIMM9	5	9.941078975202e-10	0.895485092089896	0.323	0.186	1.99040283241494e-05
GPX7	5	1.03449167434699e-09	0.961161385451619	0.252	0.131	2.07125923037755e-05
TMEM14C	5	1.05365420021491e-09	0.580765369258907	0.661	0.515	2.10962643967029e-05
G3BP1	5	1.1046616527188e-09	0.538370182904193	0.399	0.235	2.21175356107358e-05
UQCRFS1	5	1.11562502164642e-09	0.659308777618057	0.476	0.308	2.23370441834045e-05
PRRC2A	5	1.13493389568203e-09	0.745805731187691	0.399	0.246	2.27236464593457e-05
SLC35B1	5	1.15957167591504e-09	0.848330321044485	0.323	0.185	2.32169440951709e-05
TCEA1	5	1.22493051994758e-09	0.688760262558564	0.645	0.496	2.45255588703904e-05
EGFR	5	1.26727853138232e-09	0.43775003696752	0.543	0.356	2.53734507553368e-05
CALU	5	1.33750405210677e-09	0.383806948106064	0.802	0.618	2.67795061312818e-05
NDUFB6	5	1.35805454092026e-09	0.928091293296317	0.262	0.139	2.71909680183054e-05
LHFP	5	1.36929896021273e-09	0.446613312792205	0.588	0.399	2.74161037813792e-05
ECI2	5	1.39339065461448e-09	0.678189518858661	0.396	0.242	2.78984676866912e-05
DNAJC21	5	1.46270590737099e-09	0.727615972852456	0.39	0.237	2.92862976773819e-05
UBE2V2	5	1.48067131054253e-09	0.690645959768662	0.393	0.24	2.96460009796826e-05
SNAP29	5	1.49724188003595e-09	0.875573606158021	0.265	0.14	2.99777769220797e-05
EIF1B	5	1.50780161506242e-09	0.630254267743307	0.565	0.404	3.01892039367798e-05
CCT2	5	1.57234043299174e-09	0.660244210985626	0.463	0.305	3.14814001493607e-05
NDUFS6	5	1.62977122421438e-09	0.547375692826143	0.668	0.516	3.26312794512203e-05
ACTB	5	1.6394213210565e-09	0.316694733710776	1	0.97	3.28244936901932e-05
NFIC	5	1.66992353551195e-09	0.633546108652967	0.53	0.366	3.34352090280203e-05
BEND5	5	1.89917786901685e-09	0.882546036382398	0.275	0.149	3.80253392934554e-05
SLC25A39	5	1.95659322113462e-09	0.77446689933225	0.406	0.258	3.91749094735575e-05
ACTN4	5	2.05029230024056e-09	0.559237151750881	0.502	0.33	4.10509524354164e-05
TCEAL3	5	2.14900579182041e-09	0.824588779825773	0.31	0.176	4.30273939638282e-05
SRSF4	5	2.2110008220808e-09	0.639293195425444	0.479	0.321	4.42686584597018e-05
METTL9	5	2.32484922347456e-09	0.619061947683314	0.46	0.302	4.65481311524076e-05
PSMB1	5	2.32851785016832e-09	0.419955269251267	0.831	0.71	4.66215843960701e-05
ABI2	5	2.57675708159845e-09	0.628323710359521	0.399	0.242	5.15918302877642e-05
EIF1AX	5	2.69380986867816e-09	0.652274208617946	0.524	0.368	5.39354611906742e-05
LSM7	5	2.75797271577023e-09	0.463309951210714	0.754	0.619	5.52201297151515e-05
KIAA0040	5	2.8500578078879e-09	0.843524147553214	0.262	0.139	5.70638574295316e-05
HEXB	5	2.98689265373263e-09	0.642269835959603	0.396	0.242	5.98035647130347e-05
SNRPA1	5	3.02829349248534e-09	0.791239325016781	0.3	0.169	6.06324923065415e-05
ANKRD36C	5	3.17514573417872e-09	0.581624507332496	0.447	0.289	6.35727678897264e-05
NDUFA12	5	3.33144111771572e-09	0.611402811939572	0.556	0.405	6.67021140589041e-05
B3GAT3	5	3.37829844859176e-09	0.805378175859938	0.313	0.18	6.76402915377042e-05
TMEM60	5	3.56420224801317e-09	0.892670253656106	0.256	0.135	7.13624574097196e-05
DEGS1	5	3.62153980757087e-09	0.806269003329359	0.335	0.2	7.2510470027184e-05
BASP1	5	3.62516408338184e-09	0.722596613719417	0.422	0.271	7.25830352774712e-05
CCDC82	5	3.75156020153788e-09	0.570533622664006	0.486	0.318	7.51137383551914e-05
LAPTM4A	5	3.89409397653447e-09	0.342029514148761	0.942	0.849	7.79675495981731e-05
NXT1	5	4.00952012321824e-09	0.83670148706011	0.275	0.15	8.02786119070756e-05
SMIM19	5	4.10374968876835e-09	0.716819311582723	0.351	0.208	8.21652762685198e-05
ATPIF1	5	4.1927567799753e-09	0.403079102545649	0.853	0.712	8.39473762486654e-05
XRN2	5	4.62522332678642e-09	0.6078132616241	0.524	0.364	9.26062214489176e-05
PHF5A	5	4.81040675873866e-09	0.870704423737882	0.275	0.151	9.63139641234655e-05
KRR1	5	4.81603004860305e-09	0.656338879413872	0.367	0.222	9.64265536331303e-05
PSMG3	5	4.9478884567652e-09	0.753210349994683	0.39	0.249	9.90666226813528e-05
NFATC2IP	5	5.33805581389429e-09	0.796452946080454	0.262	0.139	0.000106878553505791
HSD17B11	5	5.4038352209627e-09	0.797619836238944	0.383	0.242	0.000108195588794115
IL11RA	5	5.52707648330295e-09	0.51612774175022	0.498	0.324	0.000110663125348692
CLPP	5	5.55666220560301e-09	0.764983588266378	0.355	0.216	0.000111255490680584
PBRM1	5	6.06367559355107e-09	0.816266492002674	0.326	0.194	0.00012140691273408
LMNA	5	6.09524976004471e-09	0.411885103341115	0.821	0.65	0.000122039090695615
MRPS6	5	6.58617608123065e-09	0.390530118514383	0.677	0.504	0.0001318684174984
NELFE	5	6.76220479790785e-09	0.704156125681137	0.358	0.216	0.000135392864463711
CYR61	5	7.35174611340344e-09	0.57277394989943	0.313	0.177	0.000147196660682564
GNA11	5	7.69296705168638e-09	0.895575984831516	0.262	0.143	0.000154028586308865
CCDC104	5	8.16307100460562e-09	0.798835329993167	0.297	0.17	0.000163441007654214
NSMCE2	5	8.31709379291225e-09	0.875166506016801	0.256	0.138	0.000166524851921689
RAB13	5	9.18191694710086e-09	0.637025594236379	0.514	0.365	0.000183840341114853
SNX3	5	9.28033623253786e-09	0.342092173308612	0.856	0.75	0.000185810892047873
MORF4L2	5	9.34802056848467e-09	0.565863328786694	0.62	0.464	0.0001871660678222
TCEB1	5	9.50858432591932e-09	0.622646647489733	0.495	0.338	0.000190380875373557
ROCK2	5	9.75053102007e-09	0.654400087815653	0.412	0.259	0.000195225132083842
ATRAID	5	1.03916254772633e-08	0.481221549861926	0.649	0.501	0.000208061125305765
CLTB	5	1.04537002955871e-08	0.454632808551462	0.674	0.516	0.000209303987318245
MRPL27	5	1.20899012293882e-08	0.627839990307751	0.463	0.314	0.000242064002414811
TSPAN3	5	1.23016023627858e-08	0.396085352207628	0.789	0.627	0.000246302682507698
DR1	5	1.23672991982622e-08	0.773478091393651	0.319	0.189	0.000247618064547606
DIAPH1	5	1.27780304036043e-08	0.826625909563978	0.288	0.165	0.000255841724740966
MTCH1	5	1.32903677821002e-08	0.370615252522103	0.738	0.602	0.00026609974373321
COX17	5	1.37768615978194e-08	0.644821356951821	0.466	0.315	0.000275840322911539
ATP5G1	5	1.42001065724361e-08	0.415409298671854	0.796	0.655	0.000284314533793316
COL3A1	5	1.43405092772551e-08	0.264347264968235	0.987	0.832	0.000287125676749201
GGCT	5	1.56337412780407e-08	0.721383353204802	0.431	0.294	0.000313018767868931
CFL2	5	1.60178698977374e-08	0.867399902467322	0.268	0.151	0.000320709791092499
COPZ2	5	1.63283520468753e-08	0.46535962398968	0.575	0.398	0.000326926264682537
ILF3	5	1.67181180867477e-08	0.595617821179742	0.511	0.363	0.000334730160332862
ZCCHC9	5	1.69385247308603e-08	0.813155526451657	0.265	0.147	0.000339143142161285
TRIAP1	5	1.69857787625231e-08	0.847861507181452	0.297	0.174	0.000340089262383238
MATR3	5	1.71464991777243e-08	0.419835643242205	0.754	0.614	0.000343307206536396
GLRX3	5	1.75458853407241e-08	0.748377787656688	0.329	0.197	0.000351303716291978
PPIB	5	1.80490929448498e-08	0.288015635085778	0.987	0.931	0.000361378938941783
LIMA1	5	1.93737371416009e-08	0.639285850389631	0.543	0.393	0.000387900965049133
NAA50	5	2.00970739185273e-08	0.686664400625159	0.355	0.218	0.000402383613996753
POMP	5	2.01950782920186e-08	0.392083179023081	0.786	0.652	0.000404345857562796
NDUFAF3	5	2.37418742881113e-08	0.603491409958132	0.521	0.375	0.000475359806996565
CHCHD1	5	2.45366690957814e-08	0.689232579905514	0.409	0.269	0.000491273188635734
HOXB7	5	2.45765113576364e-08	0.833196119999701	0.262	0.146	0.000492070910402597
ELF2	5	2.51182871052545e-08	0.680682428410623	0.39	0.25	0.000502918344421405
TMEM230	5	2.52759498861012e-08	0.479274405001383	0.597	0.437	0.000506075068619518
AMH	5	2.6523903372537e-08	0.778309932661768	0.278	0.158	0.000531061593324937
ELP5	5	2.70889027295156e-08	0.71530283155809	0.326	0.194	0.000542374010450361
KDELR3	5	2.78703936222222e-08	0.695124064887813	0.345	0.209	0.000558021021104132
BRD3	5	2.81789909407934e-08	0.817089158386635	0.319	0.193	0.000564199756616565
BMI1	5	2.85532275565385e-08	0.806605479243941	0.272	0.153	0.000571692722137014
PAIP1	5	2.88672272518007e-08	0.680952722564274	0.361	0.224	0.000577979624035553
MLTK	5	2.96248218903341e-08	0.697709881650767	0.304	0.175	0.00059314818388827
MEAF6	5	3.1225570769394e-08	0.633475524977183	0.444	0.297	0.000625198377944806
SARS	5	3.1388105275965e-08	0.897453760758317	0.383	0.25	0.000628452643835371
RPP30	5	3.25580869389319e-08	0.750834636682654	0.272	0.152	0.000651878016691294
C7orf50	5	3.29386310970967e-08	0.53880701100195	0.505	0.351	0.000659497271826071
STX10	5	3.49251843964156e-08	0.696179404958304	0.339	0.205	0.000699272041985033
COA1	5	3.49611805497844e-08	0.594687507375655	0.415	0.272	0.000699992756967784
PDLIM4	5	3.58760532445934e-08	0.6690747312372	0.367	0.231	0.000718310338063249
COPRS	5	3.73198007930191e-08	0.702284682895835	0.383	0.249	0.000747217051477828
C11orf31	5	3.7386320980955e-08	0.327875501117298	0.875	0.776	0.00074854891868068
IFT57	5	3.76157193499394e-08	0.743502684075825	0.313	0.185	0.000753141932824486
CYB5R3	5	3.76224459250156e-08	0.559156518773319	0.46	0.302	0.000753276612310663
C7orf55-LUC7L2	5	3.8160163824275e-08	0.662764828502488	0.387	0.248	0.000764042800089634
MNAT1	5	3.81884422620649e-08	0.692545679695566	0.335	0.203	0.000764608990971063
SCXA	5	3.99275043879901e-08	0.33182619505787	0.591	0.434	0.000799428492856339
MRPL12	5	4.12073378749999e-08	0.74101893006356	0.345	0.215	0.000825053318933248
SPCS2	5	4.14073269333235e-08	0.523565950454954	0.588	0.43	0.000829057499859002
STAG1	5	4.14504058842698e-08	0.635453174417626	0.396	0.254	0.00082992002661485
TMX2	5	4.35812153720478e-08	0.853437631919767	0.294	0.174	0.000872583094179141
BSG	5	4.37071803544836e-08	0.390340676581094	0.792	0.644	0.000875105165057471
SPCS1	5	4.50350318421206e-08	0.421417450506156	0.706	0.57	0.000901691407542938
HYI	5	4.61386898107881e-08	0.826439791387768	0.291	0.171	0.000923788847391599
PHLDA3	5	4.68929848763589e-08	0.649199406443695	0.409	0.265	0.000938891343194458
PYCR1	5	5.10666927411232e-08	0.537839763263571	0.419	0.269	0.00102245732206277
CD44	5	5.24158842534158e-08	0.608149678077579	0.492	0.36	0.00104947083452189
DPM2	5	5.66287930224818e-08	0.656986335967267	0.367	0.232	0.00113382169389613
TMEM160	5	5.74207877914555e-08	0.591227937139835	0.419	0.276	0.00114967901316052
MED4	5	5.78805414462249e-08	0.623080070781977	0.425	0.282	0.00115888420083631
ODC1	5	5.9094062121894e-08	0.660170643923741	0.313	0.188	0.00118318131180456
DUSP6	5	6.10540189774663e-08	0.641258796098831	0.332	0.202	0.00122242356796683
GPX8	5	6.42524506362593e-08	0.529610280118356	0.495	0.336	0.00128646256663918
HCFC1R1	5	6.45116570953899e-08	0.812651410772116	0.288	0.171	0.0012916523983639
DGUOK	5	6.49481670768541e-08	0.46364306203466	0.594	0.44	0.00130039220121277
ATP5J	5	7.04973432399007e-08	0.355301296084118	0.847	0.733	0.00141149780634929
BBS4	5	7.13442273588915e-08	0.869887308326417	0.256	0.144	0.00142845412017973
FAM3C	5	7.4100407974656e-08	0.597044213165871	0.524	0.389	0.00148363836846856
ENO1	5	7.43673994813755e-08	0.59017229511676	0.706	0.614	0.0014889840724161
HDGFRP2	5	7.54720247022668e-08	0.761895136443913	0.323	0.199	0.00151110087858879
HNRNPUL1	5	7.5836259484263e-08	0.56937104158505	0.479	0.336	0.00151839358739391
TSPAN5	5	7.6031645171055e-08	0.581376501661833	0.396	0.253	0.00152230559961486
POLDIP2	5	7.63454793949418e-08	0.82131971972896	0.256	0.145	0.00152858918844552
C17orf85	5	7.71763215219432e-08	0.635453174417626	0.377	0.239	0.00154522430951235
NCL	5	7.83397719310303e-08	0.331157235700015	0.859	0.772	0.00156851891360309
ATXN2L	5	8.17713740454118e-08	0.76070912652621	0.281	0.163	0.00163722645113723
ARFGAP3	5	8.19343282987247e-08	0.705938493196373	0.39	0.256	0.00164048912119707
OXR1	5	8.29355788968507e-08	0.706929687771844	0.307	0.183	0.00166053616067275
ARL2	5	8.71547072793215e-08	0.626748580369535	0.38	0.245	0.00174501154914658
PSMC1	5	9.15457171245417e-08	0.633292757865392	0.409	0.275	0.00183292834826757
GCSH	5	9.22391086979974e-08	0.634028993610076	0.374	0.239	0.0018468114343513
SSBP4	5	9.33474491331138e-08	0.564162735984006	0.473	0.329	0.0018690026265432
PHPT1	5	9.51013715607183e-08	0.475952107600394	0.681	0.572	0.0019041196613887
PTBP1	5	9.83757096305495e-08	0.572627668530526	0.489	0.347	0.00196967845822286
HES1	5	1.0451144580767e-07	0.638108325761578	0.409	0.271	0.00209252816796117
YBX3	5	1.04691336184973e-07	0.49238697873226	0.716	0.575	0.00209612993309552
DHX8	5	1.07778571351717e-07	0.876461273921421	0.265	0.154	0.00215794255560409
PIGC	5	1.15590340356965e-07	0.701873600106078	0.323	0.198	0.00231434979462715
PRKD3	5	1.18459323935383e-07	0.663063373098116	0.326	0.199	0.00237179258383424
PSMD12	5	1.18856147965072e-07	0.646054395966492	0.412	0.275	0.00237973779455668
SRSF9	5	1.1940022201968e-07	0.381717688244463	0.783	0.66	0.00239063124527803
COL4A2	5	1.20064867574538e-07	0.329982493938953	0.85	0.66	0.00240393877857741
PSMD1	5	1.20542849129776e-07	0.659863281777198	0.313	0.188	0.00241350892527638
PSMB5	5	1.21746817559464e-07	0.407470687562603	0.62	0.459	0.0024376147811756
LEO1	5	1.23707697205856e-07	0.743839765550806	0.294	0.175	0.00247687551345564
RNASEH2C	5	1.23818293529815e-07	0.686002532873044	0.428	0.302	0.00247908987305396
SEPT11	5	1.30878715248083e-07	0.306043955930425	0.687	0.538	0.00262045363669712
UPF3A	5	1.30957698729313e-07	0.503451281134113	0.454	0.304	0.00262203504395831
PHB	5	1.34769529186677e-07	0.422941477656481	0.7	0.55	0.00269835551337565
RAB11A	5	1.42253332092963e-07	0.594752985049036	0.492	0.361	0.0028481962151653
MTX2	5	1.42655199506061e-07	0.639416624824968	0.313	0.189	0.00285624240451034
NDUFB3	5	1.42847308156848e-07	0.614521327956597	0.435	0.297	0.00286008880391641
RRP7A	5	1.43027959436319e-07	0.679693167923586	0.339	0.212	0.00286370580383397
EMP3	5	1.52255479449535e-07	0.520989318699601	0.575	0.437	0.00304845920953859
SP3	5	1.58027171587007e-07	0.664628992606349	0.364	0.232	0.00316402002951505
PLXNB2	5	1.67266851444435e-07	0.717300506114937	0.393	0.263	0.00334901689962048
NDUFS8	5	1.70034968569502e-07	0.669585309596147	0.412	0.282	0.00340444014069858
RBM42	5	1.78118962588701e-07	0.717714723465441	0.351	0.227	0.00356629786895097
PTOV1	5	1.82183118191322e-07	0.506221388631234	0.396	0.253	0.00364767039242665
PCDH9	5	2.03695309703234e-07	0.476832202208068	0.342	0.207	0.00407838749087816
TUBA1A	5	2.09892870815234e-07	0.627520874705066	0.623	0.496	0.00420247505946261
ASCC3	5	2.29041348721692e-07	0.729571881425263	0.371	0.248	0.00458586588410571
FAM104A	5	2.30262477802493e-07	0.807965970349094	0.259	0.151	0.00461031533056152
UAP1	5	2.31151202150593e-07	0.682927192397397	0.326	0.202	0.00462810936945918
MFAP2	5	2.36821341733948e-07	0.42562765597285	0.431	0.283	0.0047416369041971
MOCS2	5	2.37346624614774e-07	0.725740140453837	0.307	0.188	0.004752154118037
PTPN9	5	2.46004513020375e-07	0.72232243613238	0.252	0.144	0.00492550235969395
TXLNA	5	2.53711902532147e-07	0.604805287085242	0.355	0.226	0.00507981971249864
DPY30	5	2.54528775994584e-07	0.632445992420249	0.371	0.242	0.00509617515296356
NDUFA11	5	2.5668324069454e-07	0.45809729163576	0.658	0.527	0.00513931184518608
SNAPC5	5	2.57384328097602e-07	0.580534275529394	0.412	0.274	0.00515334901717018
NEO1	5	2.83740946763241e-07	0.572619038965231	0.428	0.288	0.00568106123609361
TPTEP1	5	2.84311742225033e-07	0.557121992853275	0.38	0.244	0.00569248970282962
PRDX6	5	2.87694696586959e-07	0.278007030009139	0.891	0.788	0.0057602232150641
PLEKHJ1	5	3.03194736633389e-07	0.626860563901573	0.38	0.252	0.00607056501687372
MAPK6	5	3.08799042094737e-07	0.778482948796878	0.256	0.147	0.00618277442082082
PLEKHH3	5	3.1129945359404e-07	0.599839860234372	0.316	0.193	0.00623283765985987
F8A1	5	3.17143419794097e-07	0.826171936159489	0.262	0.155	0.00634984555111741
RNF5	5	3.20001966598992e-07	0.781531433905571	0.262	0.154	0.00640707937524502
YWHAE	5	3.20675541862708e-07	0.373241051331022	0.645	0.482	0.00642056569917513
CRISPLD1	5	3.21902485908415e-07	0.523985004875395	0.364	0.231	0.00644513157285829
UBE2D2	5	3.36167641875556e-07	0.478916540475837	0.524	0.38	0.00673074852563238
TMEM14B	5	3.40528490013567e-07	0.51997595699769	0.498	0.35	0.00681806142705165
TMED2	5	3.41568062677187e-07	0.520141850752934	0.498	0.351	0.00683887575092263
CPSF6	5	3.45656493719622e-07	0.60113310123375	0.326	0.202	0.00692073431725428
BRD7	5	3.63425463315196e-07	0.58233778907766	0.393	0.262	0.00727650462649686
TEAD1	5	3.81596505752978e-07	0.505379184847311	0.351	0.218	0.00764032523818613
TARS	5	3.86907369475116e-07	0.802042463296682	0.272	0.164	0.00774665935163078
PRRG3	5	3.97056828864699e-07	0.650719931070936	0.259	0.149	0.00794987182752901
EIF2S2	5	3.98406109791595e-07	0.592456434316494	0.511	0.386	0.00797688713024731
PSMB8	5	4.17415964946395e-07	0.559357008193727	0.422	0.287	0.00835750245015672
CNIH1	5	4.22614699030686e-07	0.776257410126501	0.262	0.154	0.00846159150399239
FOXD1	5	4.25679729302746e-07	0.657934472506413	0.272	0.159	0.00852295954009958
RNF8	5	4.3667281368004e-07	0.664809977477172	0.307	0.19	0.00874306307550176
IDI1	5	4.44926093878625e-07	0.688021225221779	0.291	0.179	0.00890831025163782
PRSS35	5	4.68067338973958e-07	0.601286571266434	0.268	0.156	0.00937164426093658
DDT	5	4.73417048115285e-07	0.669200049576571	0.38	0.254	0.00947875613736424
PSMD7	5	4.88507971357329e-07	0.502815405839507	0.435	0.297	0.00978090660251645
TPM3	5	4.92700687941567e-07	0.358626575730978	0.661	0.512	0.00986485317396606
MRPL47	5	5.0377385209e-07	0.70157417067222	0.294	0.18	0.010086560066546
THOC7	5	5.10430883195969e-07	0.549447639746816	0.419	0.284	0.0102198471433497
UBL5	5	5.29038234084259e-07	0.30899929642341	0.917	0.842	0.010592403522835
COPS8	5	5.32933644373122e-07	0.742052240491109	0.3	0.188	0.0106703974276386
MRPL36	5	5.85873753969704e-07	0.601019677353752	0.364	0.239	0.0117303643019814
PPIG	5	6.35530795755591e-07	0.466708062666501	0.591	0.443	0.0127245975926184
ETFA	5	6.37490574674707e-07	0.448236342410253	0.575	0.425	0.012763836286137
CEP63	5	6.43880013332244e-07	0.729678449728086	0.272	0.162	0.0128917656269382
KNOP1	5	6.49766149389389e-07	0.58856678678679	0.31	0.191	0.0130096178430743
VCL	5	6.50853783044702e-07	0.520852815373245	0.431	0.296	0.013031394444121
ACBD6	5	6.68930557674096e-07	0.499492923468299	0.473	0.338	0.0133933276257507
GART	5	7.02585246014278e-07	0.715740963375262	0.256	0.15	0.0140671617956979
DDX50	5	7.34610766565896e-07	0.580001896084669	0.361	0.236	0.0147083767681824
PDIA4	5	7.55837687134339e-07	0.422434306290948	0.518	0.366	0.0151333821718037
CDC42BPA	5	8.45432815393898e-07	0.507697627219253	0.377	0.246	0.0169272558298166
MTF2	5	8.55025173824283e-07	0.640066849730758	0.31	0.194	0.0171193140303098
FUS	5	9.31802457657065e-07	0.297831377096874	0.895	0.817	0.0186565488072098
MSRB2	5	9.36056455987212e-07	0.499061000188861	0.489	0.355	0.018741722361776
TARDBP	5	9.38245560375056e-07	0.592254397983067	0.361	0.238	0.0187855526098294
CISD2	5	9.43959063093732e-07	0.782441364582779	0.268	0.164	0.0188999483612627
TAGLN2	5	9.57830566883031e-07	0.408764746230898	0.543	0.405	0.019177683610132
TCERG1	5	9.6970930595535e-07	0.667261912648302	0.281	0.172	0.019415519723838
AP1S1	5	9.73035073263173e-07	0.58165669405097	0.383	0.257	0.0194821082368753
BAG6	5	9.90869689557688e-07	0.614159824710747	0.345	0.223	0.019839192924324
ENAH	5	1.04605752309622e-06	0.615651943443813	0.319	0.202	0.0209441637274326
RHBDD2	5	1.05079532299812e-06	0.70989786700571	0.262	0.157	0.0210390239570684
GNB2	5	1.0744124507533e-06	0.463268223359645	0.623	0.483	0.0215118860889827
ARF6	5	1.12189161810974e-06	0.669538797517597	0.252	0.149	0.0224625139777931
PON2	5	1.13377582706604e-06	0.602908212064227	0.316	0.199	0.0227004596095163
UTP11L	5	1.13629452702679e-06	0.792908823897722	0.256	0.154	0.0227508890201304
PRR24	5	1.14802969001979e-06	0.786822356831694	0.252	0.152	0.0229858504535762
PSMD11	5	1.154276627692e-06	0.689900958440002	0.348	0.234	0.0231109266396492
PRKCSH	5	1.18514054835411e-06	0.605821843394543	0.355	0.234	0.023728884059146
C11orf73	5	1.29839276089754e-06	0.590763105115209	0.281	0.17	0.0259964198586906
C6orf48	5	1.39296800985023e-06	0.555399922851591	0.476	0.341	0.0278900054932212
WTAP	5	1.39305153276421e-06	0.513297615001127	0.367	0.242	0.0278916777890049
CNOT1	5	1.40381133038116e-06	0.644009842477805	0.31	0.194	0.0281071104568916
PSMB7	5	1.45861319784386e-06	0.476998667020663	0.511	0.383	0.0292043534472298
HMG20B	5	1.53708691314387e-06	0.825141430681368	0.323	0.216	0.0307755541749666
SS18L2	5	1.57528793957223e-06	0.684249971814666	0.272	0.166	0.0315404151261152
AP2A1	5	1.64699614982065e-06	0.660492487284039	0.326	0.211	0.032976156911709
UBTF	5	1.66702376781023e-06	0.541358659000577	0.419	0.288	0.0333771498790963
MRPL52	5	1.66879258653979e-06	0.540927677184941	0.447	0.319	0.0334125651676997
CAPRIN1	5	1.67717298069123e-06	0.628413170704996	0.374	0.254	0.0335803574193998
LARP6	5	1.70272120196128e-06	0.602822170177659	0.329	0.216	0.0340918839056687
ABCF1	5	1.71343524980966e-06	0.525683885226156	0.406	0.279	0.034306400571689
DNPH1	5	1.73209512681312e-06	0.487016695992768	0.444	0.314	0.0346800086290522
SAP30BP	5	1.77497478660505e-06	0.488840820699673	0.39	0.26	0.0355385451774063
PKDCC	5	1.80102514774822e-06	0.428548995993254	0.361	0.232	0.0360601255082148
JAM3	5	1.82667366123308e-06	0.456701782146971	0.319	0.198	0.0365736600452088
GSTM3	5	1.87519983378937e-06	0.507697627219253	0.355	0.232	0.0375452510721308
C20orf24	5	1.89340568038757e-06	0.719094488774864	0.265	0.162	0.0379097685327199
SPATS2	5	1.92838397944492e-06	0.59052730353611	0.345	0.226	0.0386101040364462
UBE2K	5	2.08065818471167e-06	0.602054166411378	0.345	0.227	0.041658938174297
ACTN1	5	2.08432218118732e-06	0.482468989441473	0.428	0.292	0.0417322987117326
SGCE	5	2.10306364154156e-06	0.437531287304428	0.482	0.345	0.0421075402309451
DDOST	5	2.35359611566223e-06	0.513003526773313	0.482	0.358	0.0471237014277892
SNF8	5	2.38664412700594e-06	0.559077019829302	0.47	0.343	0.0477853887109129
WBP5	5	2.404257784503e-06	0.336663768901338	0.626	0.479	0.048138049361319
COA3	5	2.43229850864478e-06	0.592145753808966	0.387	0.264	0.0486994807400859
