gene	cluster	p_val	avg_log2FC	pct.1	pct.2	p_val_adj
COL14A1	0	0	4.2758222442377	0.992	0.269	0
THY1	0	0	4.44829792486061	0.985	0.294	0
CCDC80	0	0	4.96534150278269	0.996	0.426	0
FBLN1	0	0	4.46285074419379	0.996	0.579	0
EFEMP1	0	1.62060906680191e-299	3.81924700518972	0.972	0.382	2.91920311203028e-295
PRRX1	0	1.50442712597623e-294	3.34365557434522	0.953	0.266	2.70992458202099e-290
COL6A3	0	2.41854849426078e-293	3.47851794490351	0.995	0.563	4.35653140271194e-289
SFRP2	0	8.87024489033087e-292	5.37985127315542	0.976	0.776	1.5977972120953e-287
NNMT	0	2.32924953452727e-285	3.21356777876794	0.989	0.553	4.19567718654398e-281
BGN	0	1.62427453306488e-283	3.26844488301981	0.985	0.472	2.92580571640976e-279
STEAP1	0	5.38397368871409e-281	5.14672928886656	0.741	0.036	9.69815180548068e-277
CXCL14	0	1.30975095591889e-278	4.59341351690554	0.957	0.499	2.3592543968967e-274
PPIC	0	7.33074630989975e-271	3.00182656122104	0.976	0.474	1.32048733280224e-266
COL1A2	0	1.05926077205874e-269	2.98704730212194	1	0.855	1.9080464287094e-265
MGP	0	1.74745943931173e-268	3.08876922395883	0.997	0.743	3.14769868803222e-264
COL3A1	0	3.6845295773237e-268	3.65323707807229	1	0.831	6.63694312763319e-264
SERPINF1	0	5.29345291376605e-266	2.47237527736964	0.999	0.774	9.53509673356678e-262
ASPN	0	8.83239599802062e-265	4.67808890509544	0.849	0.192	1.59097949112345e-260
FAP	0	2.46840956851232e-264	3.92430607196917	0.811	0.106	4.44634615576124e-260
PLA2G2A	0	6.27990596174206e-259	5.74652971235874	0.972	0.78	1.1311994608886e-254
MEDAG	0	2.2618618229557e-256	4.43432420666669	0.76	0.081	4.07429170169009e-252
GAS1	0	2.49762194950413e-256	5.97806593002428	0.676	0.027	4.49896641764179e-252
MFAP4	0	2.92809792396794e-255	4.08302446724484	0.816	0.132	5.27438279044345e-251
RP11-572C15.6	0	3.21154584245597e-252	5.11939277070164	0.742	0.08	5.78495752601594e-248
COL1A1	0	7.25392867203966e-250	3.333459626753	1	0.82	1.3066501716945e-245
ABCC9	0	7.00756247125635e-248	4.62007150187302	0.65	0.019	1.26227222794741e-243
COL6A2	0	2.21800730204871e-245	2.09010306977827	1	0.729	3.99529655318034e-241
GEM	0	2.71682896255741e-244	3.39809335998902	0.888	0.266	4.89382401025467e-240
THBS2	0	2.15386327516196e-241	3.2517622004356	0.9	0.3	3.87975391754923e-237
RARRES1	0	1.47282283711443e-240	4.10159729867552	0.865	0.245	2.65299577649423e-236
IGFBP4	0	3.82428066990361e-238	2.33054193649271	1	0.782	6.88867677069737e-234
PCOLCE	0	6.85199146937796e-237	2.18094601746992	0.999	0.649	1.23424922337905e-232
MMP2	0	1.15440040371921e-236	2.40715576310841	0.995	0.668	2.07942144721941e-232
COL5A2	0	2.15681849423063e-235	3.27094973878905	0.923	0.347	3.88507715365764e-231
HTRA1	0	5.41993703886644e-235	2.62842077426489	0.964	0.48	9.76293258811011e-231
COL6A1	0	2.97016472081221e-231	2.39579958257981	0.989	0.616	5.35015771159904e-227
IGF1	0	9.56751438994829e-219	3.71133733219481	0.911	0.436	1.72339636706139e-214
FSTL1	0	2.20186384196547e-216	2.11514995750776	0.992	0.638	3.96621733853239e-212
GPRC5A	0	1.7380924353954e-214	4.97100804383052	0.607	0.032	3.13082590387774e-210
MXRA5	0	2.45562429868903e-214	4.61183180378589	0.626	0.039	4.42331604922855e-210
S100A10	0	6.52986680447996e-213	2.03903015497376	1	0.848	1.17622490749097e-208
PRRX2	0	9.22164574007599e-212	4.32999722972643	0.626	0.043	1.66109504715989e-207
AEBP1	0	2.86390170161656e-210	2.44264581154806	0.955	0.476	5.15874613512191e-206
P4HA3	0	1.13616483070184e-208	5.22484248367435	0.576	0.023	2.04657370954322e-204
PPAP2A	0	1.64881104735997e-205	2.59004377852649	0.903	0.349	2.97000333960951e-201
SPOCK1	0	2.30226416403425e-204	4.18998248682044	0.629	0.051	4.1470684386749e-200
FMOD	0	1.54934751159029e-203	2.84397965784585	0.831	0.209	2.79083967262759e-199
PRG4	0	5.08407524005074e-203	5.61058725252963	0.586	0.034	9.1579447299034e-199
VCAN	0	4.13401798230271e-196	1.98924786881199	0.988	0.618	7.44660659152187e-192
RBP4	0	5.53031552473871e-196	4.90203103933812	0.71	0.148	9.96175735471184e-192
GPNMB	0	3.23995509632621e-195	3.00550618943055	0.848	0.29	5.8361311150124e-191
CTSK	0	4.8852324865032e-195	2.47025679722966	0.924	0.443	8.79976927793822e-191
SPARC	0	1.20996237074372e-194	2.48665784832843	1	0.741	2.17950521842066e-190
ACKR3	0	1.1214674785298e-193	4.19790636831197	0.687	0.11	2.02009936907572e-189
ANGPTL2	0	1.92569635450186e-193	3.0070385263148	0.765	0.164	3.46875684336421e-189
PRSS23	0	1.15848961074774e-192	3.62720947347704	0.795	0.224	2.0867873358399e-188
CERCAM	0	1.16340280195286e-192	3.02239189283705	0.791	0.204	2.09563746715769e-188
ELN	0	5.03299490179194e-192	3.75685845410445	0.71	0.123	9.06593371659782e-188
C1R	0	3.54997008099796e-191	1.74801610518668	1	0.708	6.39456110690162e-187
BASP1	0	5.97786410125643e-191	2.1979521119552	0.937	0.414	1.07679266055932e-186
MFAP5	0	1.17910162433813e-190	2.74079011810819	0.914	0.432	2.12391575592027e-186
PTGFR	0	2.77921173728198e-190	3.38012070915226	0.7	0.113	5.00619410236604e-186
PTGIS	0	9.51792763257913e-190	4.43300026875521	0.552	0.028	1.71446430445648e-185
FGF7	0	8.25090713064265e-189	2.86147940210828	0.906	0.432	1.48623590144266e-184
FAM134B	0	1.99493422069328e-188	4.31453236752469	0.556	0.029	3.5934750117348e-184
TIMP1	0	5.1599306520165e-188	1.73982449218595	0.999	0.966	9.29458308347731e-184
NFIX	0	1.85420762252363e-186	2.58109414685381	0.771	0.154	3.33998419045181e-182
COL12A1	0	2.93479017635128e-186	2.97956379661416	0.812	0.248	5.28643754466157e-182
LXN	0	6.69053116834255e-186	4.26969671945861	0.615	0.067	1.20516537935354e-181
CTHRC1	0	7.39538870205168e-185	3.48842245333974	0.872	0.43	1.33213136690057e-180
LOX	0	1.57508354134093e-184	3.67307069289034	0.641	0.08	2.83719798301742e-180
SLPI	0	1.07286254863717e-183	5.17973795857367	0.64	0.096	1.93254730886013e-179
PLOD2	0	4.44370108698098e-183	3.91030898732925	0.614	0.067	8.00443876797884e-179
UAP1	0	1.84399756645424e-181	2.89301413207212	0.812	0.266	3.32159281645402e-177
PTGFRN	0	3.01314042109228e-180	3.26902150363469	0.646	0.085	5.42756984051352e-176
FBN1	0	1.63700360448618e-179	2.22515104854365	0.95	0.504	2.94873459276095e-175
WISP2	0	1.26797591799589e-178	5.27693479740317	0.677	0.149	2.284005021086e-174
NBL1	0	7.35776336849973e-178	2.86398769722484	0.812	0.275	1.32535391556786e-173
LTBP2	0	1.05716504439741e-177	3.22965321461844	0.687	0.122	1.90427139447305e-173
SEMA3C	0	1.92714533091344e-176	2.92649234731424	0.725	0.15	3.47136688457439e-172
CLU	0	5.5241839390886e-176	2.04786519974304	0.987	0.818	9.9507125294803e-172
DPYSL3	0	1.21765860067394e-175	2.53811964428777	0.757	0.165	2.19336843739397e-171
LDHA	0	1.87730095328073e-175	1.36754535323349	0.997	0.872	3.38158220714458e-171
GOLM1	0	4.90139425768698e-175	3.22904390468985	0.632	0.08	8.82888147637155e-171
ADAMTS2	0	1.1709607938803e-174	3.81974384670938	0.564	0.048	2.10925167801659e-170
PPIB	0	1.76494778714716e-174	1.41175034236407	0.999	0.931	3.17920044898818e-170
TUBB2A	0	3.98388246629895e-174	3.3101203321777	0.825	0.359	7.1761674865443e-170
STEAP2	0	1.61590342457944e-170	3.24340748673181	0.64	0.095	2.91072683869494e-166
CD99	0	2.33717529947137e-170	1.40415847834906	0.992	0.9	4.20995386693779e-166
SULF2	0	4.88763420774652e-167	2.2437708800187	0.811	0.235	8.80409549841381e-163
C3	0	5.94192928029725e-167	2.63893558380753	0.892	0.474	1.07031972125994e-162
CHPF	0	1.80921000718107e-166	3.00655984584958	0.659	0.112	3.25892998593527e-162
BOC	0	3.76918537522466e-164	3.3265102409055	0.595	0.074	6.78943361639218e-160
C1S	0	1.72217047192372e-163	1.43923349286841	1	0.664	3.10214567107619e-159
ANK2	0	4.81624741783828e-163	3.18856313537527	0.672	0.13	8.6755064737521e-159
TMEM45A	0	7.04672168542725e-163	2.2138217703076	0.804	0.228	1.26932597719601e-158
EFEMP2	0	1.96164127511152e-160	2.01478792985428	0.87	0.349	3.53350442885838e-156
SFRP4	0	2.6440908248824e-160	3.12759973739292	0.949	0.73	4.76280080286067e-156
MT2A	0	7.62426746963249e-158	2.791305317655	0.889	0.487	1.3733592993049e-153
SERPINE2	0	5.73079183073321e-156	3.54592624408517	0.707	0.188	1.03228753246997e-151
CYBRD1	0	7.40085957118152e-156	1.72786161228901	0.934	0.476	1.33311683455693e-151
MRC2	0	1.56441310241069e-155	2.02691344777704	0.835	0.282	2.81797732137238e-151
ITGBL1	0	2.58720835978668e-155	3.50893701070817	0.591	0.09	4.66033841848374e-151
GJA1	0	3.6439183627263e-154	2.68735491889659	0.641	0.109	6.56379014677888e-150
GPX8	0	3.16460232342133e-152	2.12654358263029	0.827	0.291	5.70039816517885e-148
COPZ2	0	7.10739224594188e-151	2.06427994414382	0.856	0.37	1.28025456526151e-146
CGREF1	0	1.10418485459925e-150	5.02098153516783	0.433	0.015	1.98896817858963e-146
CHRDL1	0	1.31117276268222e-150	2.77583759818988	0.7	0.167	2.36181549741948e-146
NUPR1	0	6.71820086788002e-150	1.79670970210491	0.919	0.46	1.21014952233123e-145
MGST1	0	6.99411984707225e-150	2.38651848035041	0.811	0.323	1.25985080805312e-145
PRDX4	0	9.33327131219736e-150	1.83364745185622	0.923	0.552	1.68120216146611e-145
CFD	0	1.31501395856561e-149	2.5521675676769	0.941	0.647	2.36873464356423e-145
AOX1	0	5.36501052183766e-149	4.12008100089795	0.483	0.037	9.66399345298618e-145
KCNK15	0	1.03310050764708e-148	5.17114543026929	0.435	0.017	1.86092394442468e-144
TNFAIP6	0	3.26812562133417e-148	3.22438489683088	0.642	0.131	5.88687468170925e-144
DCN	0	5.40901155636606e-147	1.44340990905079	1	0.8	9.74325251648218e-143
COL5A1	0	2.9060081437069e-146	2.54165635507189	0.811	0.301	5.23459246925924e-142
IL1R1	0	6.67788158632802e-146	2.46041642781598	0.632	0.108	1.20288681014527e-141
TUBB2B	0	6.75254485355778e-146	4.94305690354342	0.456	0.029	1.21633590447136e-141
SULF1	0	8.46193643348712e-146	3.33063252633315	0.534	0.063	1.52424860976404e-141
CALU	0	9.40408438224536e-146	1.81757085976949	0.896	0.461	1.69395771977386e-141
AGT	0	8.31855663660157e-145	5.5855347953132	0.47	0.037	1.49842160695104e-140
EMP1	0	1.83792014822172e-144	1.67821824518934	0.953	0.613	3.31064556299178e-140
FKBP10	0	5.91742479859414e-143	2.0618620398316	0.784	0.245	1.06590572897076e-138
EMILIN1	0	1.69004228468554e-142	2.03608842755804	0.806	0.296	3.04427316740405e-138
GFPT2	0	2.49569931392073e-141	3.0755398578288	0.56	0.081	4.49550317416542e-137
PDGFRL	0	2.4597145296035e-139	1.74677774606021	0.911	0.473	4.43068378217479e-135
HAS1	0	3.68359767994043e-139	5.42201448985907	0.462	0.041	6.63526450087671e-135
RASD1	0	3.50536242134632e-138	3.83447682175397	0.622	0.159	6.31420932957113e-134
RCN3	0	1.60445329289821e-137	1.83516225569016	0.862	0.407	2.89010171649755e-133
COMP	0	3.0206460456723e-137	4.80853498153053	0.812	0.542	5.44108972206951e-133
CAMK2N1	0	5.17870237791693e-137	3.92046643521074	0.445	0.031	9.32839659334177e-133
TNC	0	3.70285787103896e-136	3.81917948402238	0.521	0.071	6.66995788310248e-132
ABI3BP	0	5.2925765433068e-136	2.00526048345005	0.785	0.263	9.53351812745854e-132
GGT5	0	2.51161713075139e-134	2.16320661644672	0.807	0.327	4.52417593762248e-130
FST	0	3.16353607678013e-134	4.66391367515285	0.408	0.019	5.69847753510405e-130
PDGFRA	0	5.72307433261369e-134	2.28834916870858	0.699	0.185	1.0308973795337e-129
PROCR	0	8.53105260602417e-133	3.84990841254491	0.484	0.057	1.53669850592313e-128
FNDC1	0	9.93772784753958e-132	4.08822303330803	0.513	0.076	1.7900829171773e-127
CD9	0	2.01513038481287e-131	2.48739184768416	0.852	0.57	3.62985436216342e-127
LMNA	0	3.67360003224992e-131	1.17583708335358	0.996	0.872	6.61725573809178e-127
THBS3	0	4.8839314250964e-131	2.98834150501093	0.559	0.095	8.79742567602615e-127
FBLN2	0	5.52157224296356e-131	1.64377125637526	0.912	0.507	9.94600808125026e-127
MT1E	0	1.91040214613833e-130	2.49513406944829	0.529	0.071	3.44120738583898e-126
PYCR1	0	9.36125742525622e-129	3.35364849779107	0.468	0.049	1.6862433000114e-124
FGF18	0	2.02008151460857e-128	5.35281336315653	0.381	0.015	3.63877283226442e-124
FKBP11	0	6.05734874847915e-128	2.27245715471795	0.645	0.15	1.09111023006355e-123
SVEP1	0	6.35238231805641e-127	3.13348074156914	0.495	0.064	1.1442546269515e-122
NDUFA4L2	0	6.49419134501552e-127	3.1563730082038	0.435	0.036	1.16979868697765e-122
FAM180B	0	1.03527351546473e-126	5.34359483312715	0.367	0.011	1.86483818340662e-122
FAM20C	0	3.9666226011721e-126	2.09753350589707	0.672	0.167	7.1450772914913e-122
PCOLCE2	0	6.95266841678343e-126	6.70204880403963	0.345	0.005	1.2523841619152e-121
TMEM119	0	1.35940953929397e-124	2.50529132277604	0.575	0.107	2.44870440313023e-120
SSC5D	0	2.09354980714925e-124	3.81228238622232	0.429	0.038	3.77111126761794e-120
BMP1	0	1.22690183198919e-123	2.49698446684316	0.587	0.121	2.21001826996213e-119
MXRA8	0	1.33363249579663e-123	1.37740948227185	0.942	0.528	2.40227221467848e-119
CLEC11A	0	2.21493326574377e-122	1.57702985670141	0.857	0.39	3.98975929158426e-118
VKORC1	0	2.2841358778457e-122	1.52076172592546	0.92	0.55	4.11441395676346e-118
SELM	0	9.75336804382636e-122	1.18683476570401	0.982	0.669	1.75687418573444e-117
TMED3	0	1.19870047939634e-121	1.99960558799087	0.713	0.226	2.15921917353664e-117
ADAM12	0	2.71055448616362e-121	4.98419203282112	0.368	0.016	4.88252179592652e-117
HSPB6	0	3.05851544338222e-121	2.78314819076169	0.498	0.071	5.5093038681644e-117
DPT	0	4.43856786256019e-121	5.26374152543793	0.386	0.023	7.99519229082968e-117
P4HB	0	4.83943560880743e-121	1.21516742263657	0.965	0.762	8.71727536214482e-117
HP	0	9.17120874765584e-121	6.44620989961004	0.375	0.021	1.65200983171525e-116
EDIL3	0	1.26910468088865e-120	3.02419194302957	0.495	0.072	2.28603826168473e-116
TWIST1	0	3.59819938063334e-120	2.5572733095552	0.592	0.127	6.48143654433484e-116
FHL2	0	5.01085518117816e-119	1.87618692850082	0.752	0.264	9.02605343785622e-115
CRLF1	0	9.42815859910109e-117	4.9340563142528	0.35	0.013	1.69829420845608e-112
TSHZ2	0	3.55141745382435e-116	2.03957693609755	0.655	0.168	6.3971682595738e-112
CDH11	0	1.76328676315087e-115	1.78104064336388	0.775	0.288	3.17620844646366e-111
AK1	0	4.95792247101491e-115	2.10306013643019	0.706	0.237	8.93070574703915e-111
CRISPLD2	0	2.15764281870908e-113	1.97619924206759	0.806	0.382	3.88656200934066e-109
NR4A1	0	1.09532609007382e-112	1.37528797593817	0.945	0.726	1.97301088604997e-108
CLIC6	0	1.3994129481305e-112	5.19204836099969	0.328	0.009	2.52076254346747e-108
DIO2	0	1.58525316742756e-112	3.50988858412259	0.432	0.052	2.85551653048726e-108
SERPINH1	0	8.96917032602489e-112	1.75231036073736	0.798	0.332	1.61561665082686e-107
KDELR3	0	1.20406820178686e-111	2.44961755632179	0.576	0.137	2.16888805187868e-107
ISM1	0	1.73401665860913e-111	5.64315511498606	0.317	0.006	3.12348420715262e-107
ABL2	0	1.41078764582049e-110	1.67466291624455	0.775	0.306	2.54125178641645e-106
PDPN	0	2.9896565930961e-110	2.58674180608079	0.521	0.097	5.385268421144e-106
ZFHX4	0	8.53502241556288e-110	2.96434882704214	0.44	0.056	1.53741358771534e-105
P4HA2	0	1.66338753197237e-109	2.7079113233283	0.484	0.078	2.99625996134182e-105
SERPINE1	0	2.25717779389122e-109	3.05252386417821	0.547	0.132	4.06585436013626e-105
CKAP4	0	6.73447698248952e-109	2.05450756745704	0.609	0.148	1.21308133885584e-104
VEGFB	0	3.01129453809455e-108	1.83067111173382	0.823	0.474	5.4242448514697e-104
ARF4	0	4.20431453226466e-108	1.11586615654182	0.96	0.767	7.57323176696834e-104
CD248	0	1.61182857057446e-107	1.95287102040868	0.706	0.227	2.90338680417578e-103
ALDH1L2	0	3.07189981988866e-107	3.41319253075791	0.387	0.036	5.53341314556544e-103
FKBP14	0	7.89460679444328e-107	2.37880257745628	0.525	0.105	1.42205552188307e-102
ANTXR1	0	1.163391207712e-106	2.41066210368064	0.51	0.096	2.09561658245163e-102
NFIB	0	2.21499877775471e-106	1.55167921122909	0.8	0.327	3.98987729836955e-102
CHID1	0	3.95288783973431e-106	1.53560197383125	0.808	0.38	7.12033686571342e-102
ARID5B	0	6.11932451971023e-106	1.62550234140631	0.815	0.413	1.1022739257354e-101
CFB	0	2.55976646012382e-105	3.47569836913449	0.393	0.041	4.61090732462105e-101
HTRA3	0	2.93363153847702e-105	3.29085337105518	0.462	0.075	5.28435049025866e-101
GXYLT2	0	4.18608374870903e-105	2.46814123687095	0.511	0.099	7.54039265654957e-101
UGDH	0	1.04025248407512e-104	2.41243842942499	0.56	0.138	1.87380679956452e-100
C11orf96	0	1.43991943557951e-104	2.40689480085815	0.818	0.538	2.59372687930937e-100
S100A11	0	2.09450576058379e-104	0.794794173849711	0.996	0.979	3.77283322653959e-100
RGS3	0	6.46101689969803e-104	2.89085321043745	0.534	0.127	1.16382297414261e-99
COLEC12	0	3.21233509367686e-103	1.73203993351581	0.746	0.302	5.78637920424013e-99
PXDC1	0	3.78515487369862e-103	1.98004436813139	0.667	0.216	6.81819947399333e-99
SERPING1	0	6.27862940760243e-103	1.04128863626473	0.987	0.723	1.13096951519143e-98
PAM	0	1.30400801935898e-101	1.73626451937754	0.695	0.241	2.34890964527133e-97
AP000330.8	0	1.57606795561658e-101	4.24961868491814	0.335	0.021	2.83897120845215e-97
ANGPT1	0	3.53538333483435e-101	3.11028112541336	0.417	0.057	6.36828600103711e-97
MIR4435-1HG	0	1.30578098672885e-100	1.88718734692345	0.645	0.195	2.35210329139467e-96
C1QTNF3	0	2.30526933199961e-100	5.23743824368369	0.333	0.023	4.15248164773091e-96
XG	0	4.8342619723065e-100	5.52357349923338	0.283	0.005	8.70795609071569e-96
SCRG1	0	2.06316068978911e-99	1.87180313437679	0.725	0.291	3.71637135051711e-95
CPXM2	0	2.33490041582031e-99	2.18261806756057	0.459	0.073	4.20585611901712e-95
COL11A1	0	2.57961259089006e-99	3.69196129276071	0.435	0.073	4.64665615997027e-95
PLS3	0	4.32441430643013e-99	1.40801795492958	0.718	0.24	7.78956749017259e-95
SCG2	0	1.52604309721292e-98	5.54912942282742	0.298	0.011	2.74886143100964e-94
HSD11B1	0	2.5816456033516e-98	4.04091462283307	0.341	0.027	4.65031822531724e-94
SEPT11	0	2.82823964096813e-98	1.90539704892907	0.692	0.255	5.09450806527589e-94
PIGT	0	3.72037818897296e-98	1.41585222246617	0.818	0.406	6.70151723179698e-94
SLC39A14	0	3.77650957343029e-98	3.11093407633687	0.394	0.049	6.80262669461999e-94
KCNE4	0	4.43982029310417e-98	2.74648436169542	0.453	0.078	7.99744829396854e-94
PODN	0	8.51969924621914e-98	1.59809923058299	0.758	0.316	1.53465342522145e-93
CD276	0	1.12867442885798e-97	2.40683804752804	0.494	0.101	2.03308124870189e-93
ID3	0	2.27333170644912e-97	2.13501237115011	0.83	0.541	4.0949524028268e-93
MT1X	0	3.35485125800042e-97	3.15179611182958	0.63	0.233	6.04309357103615e-93
LRP1	0	4.60417723521606e-97	0.934829793539228	0.997	0.773	8.2935044537947e-93
LIF	0	6.46246161027183e-97	4.02353854523722	0.351	0.032	1.16408320985826e-92
RNF144A	0	6.65285625757653e-97	2.7148161001135	0.441	0.073	1.19837899767726e-92
NTRK2	0	7.36004532422167e-97	1.57632360650785	0.682	0.209	1.32576496425205e-92
ADRA2A	0	8.81182012886002e-97	4.5072326270556	0.313	0.017	1.58727315981156e-92
TNFRSF12A	0	2.32933566070714e-96	2.07977947647305	0.636	0.215	4.19583232563177e-92
SFRP1	0	4.01461066734073e-96	2.60912018507606	0.645	0.257	7.23151819508086e-92
LTBP3	0	8.16958845268707e-96	0.989048146950611	0.937	0.562	1.47158796798252e-91
KCNJ8	0	1.15432715718553e-95	4.12554788206667	0.306	0.016	2.0792895082383e-91
NUCB2	0	1.420097996779e-95	1.53815279850103	0.773	0.346	2.558022521598e-91
ANGPTL1	0	1.78805762865172e-95	3.15859451122274	0.395	0.053	3.22082820649034e-91
ANXA2	0	2.04971010689217e-95	1.01321083109804	0.992	0.887	3.69214281554486e-91
RP11-417E7.1	0	2.55634876635166e-95	4.41040327608831	0.308	0.017	4.60475103282925e-91
MXRA7	0	6.89506633575897e-94	1.35808224095822	0.821	0.399	1.24200829906026e-89
MGST3	0	2.78257639308518e-93	0.965259675538234	0.954	0.749	5.01225485686433e-89
DKK2	0	3.8098797703376e-92	4.88361910924452	0.274	0.008	6.86273643030912e-88
LIMA1	0	1.39732687046597e-91	1.16543912947943	0.876	0.461	2.51700489177035e-87
FOXC1	0	1.52547453583286e-91	2.10094226172424	0.57	0.163	2.74783728139573e-87
CTSF	0	2.40468395688591e-91	1.50100896441104	0.773	0.353	4.33155721153859e-87
SUSD2	0	2.43313370965219e-91	3.35097436349275	0.347	0.035	4.3828037511965e-87
PRR24	0	1.12709850574955e-90	2.18148710613052	0.513	0.123	2.03024253840667e-86
LEPREL4	0	5.57092655385719e-90	2.55224661878785	0.412	0.065	1.0034910001463e-85
DSTN	0	6.70154668015964e-90	0.872229785605113	0.991	0.773	1.20714960349716e-85
CTTN	0	1.2164613977479e-89	1.39092224403593	0.753	0.313	2.1912119157633e-85
GALNT15	0	2.18697947750913e-89	4.08941134487562	0.304	0.021	3.9394061328372e-85
SAMD11	0	9.65823253492081e-89	4.43114471217673	0.279	0.012	1.73973742651529e-84
TPST1	0	1.3283770811261e-88	2.26182697731399	0.456	0.089	2.39280563623244e-84
BAG2	0	1.78257529185422e-88	2.26527061412468	0.484	0.11	3.21095287321701e-84
IGFBP5	0	1.19664248143086e-87	2.1529675422045	0.812	0.526	2.15551210180141e-83
SGCD	0	1.29723264900403e-87	2.70204880403963	0.356	0.041	2.33670517065096e-83
GLIS3	0	1.3868620334954e-87	3.07086644430001	0.348	0.04	2.49815458093527e-83
MYO1D	0	5.35821300067723e-87	3.12073408033361	0.351	0.042	9.6517490781199e-83
INHBA	0	3.50957568307298e-86	3.36304719579332	0.391	0.065	6.32179867791936e-82
NID2	0	2.8310370402057e-85	1.88172746337794	0.513	0.125	5.09954702052252e-81
LGALS3	0	3.53299266861597e-85	0.991767417436074	0.958	0.767	6.36397969397795e-81
COL16A1	0	3.98667061944544e-85	1.35775289612381	0.621	0.183	7.18118978680707e-81
CHI3L1	0	4.50633824502146e-85	5.97066424213672	0.351	0.049	8.11726708075715e-81
NEXN	0	4.55564945321313e-85	2.59938271295715	0.397	0.065	8.20609136007281e-81
HMCN1	0	6.70744543650225e-85	3.47182054328907	0.316	0.029	1.20821214647715e-80
RUNX1	0	2.51536347856558e-84	1.31772007396702	0.811	0.399	4.53092423394017e-80
B4GALT1	0	3.60535490604006e-84	1.49210505939817	0.788	0.438	6.49432579224997e-80
PGM1	0	1.08962546939965e-83	2.08766981534173	0.472	0.106	1.96274235802959e-79
LEPRE1	0	1.370248379111e-83	2.00519952665102	0.52	0.139	2.46822840529264e-79
SSR4	0	3.83142223815894e-83	0.758938020518354	0.985	0.904	6.90154087759571e-79
LMCD1	0	5.77943515563664e-83	2.220022311672	0.432	0.085	1.04104965458483e-78
RRBP1	0	7.25972432757816e-83	1.18651671124044	0.864	0.524	1.30769414312665e-78
IFITM3	0	9.54952327104279e-83	0.786048234221226	1	0.905	1.72015562681294e-78
OSTC	0	3.62970181448594e-82	0.945386327713495	0.955	0.823	6.53818187843352e-78
FBLN5	0	7.69842444223661e-82	1.73041443009641	0.572	0.172	1.38671719478008e-77
KDELR2	0	1.14365103041551e-81	1.01454904475777	0.938	0.729	2.06005860108746e-77
CYR61	0	4.70188696921299e-81	1.08369992296586	0.937	0.646	8.46950899764337e-77
FRMD6	0	1.59304530435446e-80	2.1592362001986	0.474	0.115	2.86955250673368e-76
HSPB8	0	2.86952375667375e-80	3.94896354451014	0.275	0.019	5.16887314289642e-76
PLAC9	0	1.47674168572182e-79	0.844385723201769	0.966	0.614	2.66005479849072e-75
IL6	0	2.61670995250742e-79	3.85388933113813	0.318	0.038	4.71347963745161e-75
MYOF	0	4.8164360048152e-79	1.6040167210791	0.555	0.162	8.67584617547362e-75
OLFML3	0	5.71983801786274e-79	1.15823979111523	0.719	0.291	1.03031442215762e-74
DIRAS3	0	2.5754771240809e-78	4.35698421035433	0.281	0.023	4.63920694360692e-74
PGM3	0	5.44358771036431e-78	2.12530681012344	0.453	0.106	9.80553454267924e-74
CISD1	0	1.06312578924233e-77	1.64689751667187	0.575	0.186	1.9150084841622e-73
NINJ2	0	1.2107229000263e-77	2.65810545645203	0.374	0.064	2.18087515981738e-73
PKM	0	1.22191018088341e-77	1.0289517462283	0.939	0.741	2.20102680882528e-73
DCLK1	0	3.27104290807591e-77	1.9083324028193	0.468	0.113	5.89212959031714e-73
SCPEP1	0	4.55042374708658e-77	1.30242942464457	0.808	0.455	8.19667829562705e-73
CD63	0	5.5716354543672e-76	0.638951280147886	0.999	0.992	1.00361869439516e-71
TPBG	0	1.64568030869673e-75	1.6077998385381	0.522	0.145	2.96436394005541e-71
TMEM100	0	3.94221944647305e-75	2.96183755036977	0.31	0.037	7.1011198889319e-71
MAN1C1	0	7.42681962840945e-74	2.5253186246922	0.359	0.062	1.33779301966539e-69
CPE	0	1.90249662026649e-73	1.83638582112439	0.533	0.174	3.42696716208602e-69
HOXC10	0	3.47064016165013e-73	3.55845795041078	0.262	0.02	6.25166412318037e-69
IL17D	0	5.69859314918988e-73	3.39881680286217	0.271	0.024	1.02648758396357e-68
DDR2	0	7.13244778004354e-73	1.37726105501302	0.615	0.214	1.28476781861924e-68
S100A13	0	8.23605223016183e-73	0.953704147742929	0.907	0.572	1.48356008821905e-68
CD320	0	1.28051326258756e-72	1.52967526053349	0.544	0.167	2.30658853989896e-68
PALLD	0	1.94905983170808e-72	1.65970296062525	0.58	0.205	3.51084147485576e-68
SLC19A2	0	2.54605664087131e-72	2.59208093039179	0.34	0.054	4.58621182720149e-68
EPHB2	0	6.64369004922022e-72	2.7383123480264	0.318	0.044	1.19672788856604e-67
CACNB4	0	7.86812290908161e-72	3.29618189065237	0.266	0.023	1.41728497961287e-67
CDO1	0	1.79223204481629e-71	1.5931325078608	0.588	0.2	3.22834758232758e-67
C1QTNF6	0	2.4302528057537e-71	2.94736448405252	0.3	0.038	4.37761437900414e-67
NFATC1	0	3.82749323131338e-71	2.14801087651337	0.464	0.13	6.8944635575648e-67
PIM1	0	5.63739784812074e-71	2.25325305363015	0.478	0.145	1.01546447438199e-66
BACE2	0	8.51442813610679e-71	1.39443851054162	0.486	0.128	1.53370394015692e-66
LUM	0	1.06300356245932e-70	0.684601384898464	0.996	0.771	1.91478831705797e-66
FAM198A	0	5.24111577307944e-70	3.53434162784713	0.258	0.022	9.44082184204799e-66
SERF2	0	2.33793194027271e-69	0.484470449238097	1	1	4.21131680401324e-65
SORCS2	0	3.46679022197641e-69	1.8617954014614	0.406	0.088	6.24472922684611e-65
ITGB1	0	6.02956590872342e-69	0.765290962461329	0.961	0.781	1.08610570713835e-64
CALD1	0	8.97976539098629e-69	0.739770147354892	0.988	0.666	1.61752513987836e-64
OSMR	0	1.54777683795068e-68	1.7114363825336	0.475	0.134	2.78801041820056e-64
GNG12	0	3.99718589866003e-68	1.43620425656028	0.571	0.196	7.2001309592563e-64
ISOC2	0	4.04179790379856e-68	1.5266856043563	0.543	0.18	7.28049056411235e-64
PRELP	0	4.68144419426198e-68	1.48067928102127	0.829	0.548	8.43268542712411e-64
DSEL	0	8.68982894337276e-68	2.11347504976609	0.394	0.089	1.56529888756974e-63
C19orf10	0	1.5962779328259e-67	0.884702256979325	0.916	0.714	2.8753754403993e-63
ECM1	0	1.75182164789837e-67	1.2187180788666	0.723	0.347	3.15555633435934e-63
CALR	0	5.15689513342765e-67	0.681000500515348	0.987	0.908	9.28911520384323e-63
CCDC85B	0	6.26512324608077e-67	0.902097293875515	0.856	0.559	1.12853665031653e-62
MPZL1	0	8.38706329494089e-67	1.25757108929378	0.669	0.278	1.5107617113177e-62
THBS4	0	1.29199508024421e-66	1.84162353302069	0.802	0.534	2.3272707380439e-62
SRPRB	0	1.73107918841235e-66	1.67968099101117	0.489	0.146	3.11819294208717e-62
SH3PXD2B	0	3.95250594238814e-66	2.90618952081985	0.283	0.036	7.11964895402376e-62
LGALS3BP	0	4.32494568060346e-66	0.914480736666712	0.916	0.634	7.79052465447101e-62
NFYB	0	5.75946032199974e-66	1.7017616719776	0.536	0.194	1.03745158780181e-61
HEXA	0	8.42017685491593e-66	1.0581926142649	0.804	0.482	1.51672645687601e-61
ADAMTSL2	0	8.95836500662453e-66	2.64315511498606	0.344	0.067	1.61367028864328e-61
AKAP12	0	1.18227154305863e-65	1.37788223695626	0.667	0.285	2.12962573051151e-61
PRUNE2	0	1.29913607731104e-65	3.00305106007244	0.267	0.03	2.34013381606038e-61
PPP1R14B	0	1.30712819617204e-65	0.660807764285033	0.834	0.552	2.3545300197647e-61
VIMP	0	1.46344340310151e-65	0.901181045280341	0.86	0.554	2.63610060200675e-61
GLIS2	0	2.29445311246882e-65	2.13881107447319	0.366	0.076	4.13299839149008e-61
MT1M	0	3.07106881381928e-65	2.15405262967242	0.252	0.023	5.53191625433266e-61
KRT10	0	7.22465446577749e-65	0.819289870904005	0.927	0.72	1.3013770089205e-60
FUNDC2	0	3.57412561685731e-64	1.24029419796583	0.698	0.323	6.43807247364507e-60
CTGF	0	4.08583395835529e-64	1.25480015078921	0.92	0.708	7.35981270918538e-60
C1GALT1	0	5.97388602539138e-64	1.75824288847303	0.453	0.131	1.07607608975375e-59
AR	0	9.80607727672353e-64	3.1201203634081	0.256	0.028	1.76636869985621e-59
CD151	0	1.06887591237098e-63	0.844969211653586	0.884	0.576	1.92536618095385e-59
FAT1	0	1.27839473967837e-63	1.55179916591785	0.495	0.152	2.30277244458264e-59
CCDC71L	0	1.83926022844125e-63	2.36126168190095	0.416	0.115	3.31305944949122e-59
FIBIN	0	2.60584023489519e-63	1.29872125379722	0.424	0.102	4.69390001511671e-59
HAS2	0	4.16000703408013e-63	1.23990353008492	0.547	0.184	7.49342067048854e-59
TIMP2	0	7.60598815661795e-63	0.570290627160333	0.993	0.859	1.37006664665159e-58
ELL2	0	9.55278676273194e-63	1.67385191220897	0.489	0.155	1.7207434795709e-58
NUCB1	0	1.18216804974972e-62	0.920290500916937	0.86	0.552	2.12943930801416e-58
BICC1	0	1.27659707438323e-62	1.02549116470266	0.69	0.284	2.29953431008651e-58
C7	0	1.53989985493032e-62	3.25155075507776	0.521	0.24	2.77382160868599e-58
REXO2	0	3.01799865531032e-62	1.04674763985934	0.788	0.444	5.43632097781048e-58
MIF	0	3.19429595454471e-62	0.783159207905951	0.957	0.797	5.75388530292139e-58
KCNK2	0	3.48161110495837e-62	1.60739535186846	0.455	0.128	6.27142608336151e-58
C3orf14	0	5.34397834910872e-62	2.24865454670991	0.331	0.064	9.62610820024954e-58
EBF1	0	5.41614300490541e-62	1.28604634827151	0.587	0.216	9.75609839473611e-58
MT-ND4	0	6.98412934535011e-62	0.381200870351508	1	1	1.25805121897792e-57
FKBP7	0	8.03596616238195e-62	1.30627667863272	0.548	0.186	1.44751858482986e-57
ARL6IP5	0	9.10376309863163e-62	0.865719705908113	0.924	0.732	1.63986084695652e-57
AHNAK2	0	1.16195979453311e-61	2.75333803273648	0.27	0.036	2.0930381778925e-57
SLIT3	0	1.3293120472797e-61	1.19475453347305	0.601	0.22	2.39448979076492e-57
FAM114A1	0	1.49805709357482e-61	1.40396745110663	0.538	0.189	2.69845024265632e-57
VASN	0	4.08745010428132e-61	2.03058038305704	0.385	0.093	7.36272387284194e-57
PDIA3	0	1.06321199910965e-60	0.697520818102606	0.953	0.808	1.91516377399622e-56
LAMB2	0	2.45794893323721e-60	1.06234127288476	0.769	0.438	4.42750341344019e-56
RPL39	0	5.14879459208683e-60	0.749342139897991	0.996	1	9.27452369872601e-56
LOXL1	0	5.45315983078587e-60	3.10409346487351	0.304	0.054	9.82277680319458e-56
FKBP9	0	6.8316610973845e-60	1.26707125005179	0.545	0.191	1.23058711347187e-55
C9orf3	0	7.58036971420985e-60	1.2841138470816	0.551	0.195	1.36545199662062e-55
PDIA6	0	1.19933934705904e-59	0.873677547583704	0.9	0.701	2.16036996585746e-55
LRRC59	0	1.55173768549626e-59	1.48917165741277	0.525	0.189	2.79514509288442e-55
RAB23	0	1.60505720164059e-59	2.35609747994575	0.302	0.053	2.89118953731519e-55
WBP5	0	1.9284534280548e-59	0.872126729951669	0.849	0.502	3.4737231599551e-55
PREB	0	3.12026048302656e-59	2.23527740728008	0.337	0.072	5.62052520807575e-55
HSP90B1	0	3.99231219278561e-59	0.659665881604972	0.988	0.901	7.19135195286472e-55
SGCE	0	1.6467014148976e-58	1.23921860894046	0.567	0.207	2.96620325865504e-54
ANXA4	0	1.80020642620367e-58	1.18233775515982	0.699	0.36	3.24271183552068e-54
TGFB3	0	2.64357116657903e-58	2.67116949115565	0.289	0.05	4.7618647423588e-54
SLC16A4	0	3.6823555518896e-58	2.46961885999137	0.364	0.09	6.63302705561873e-54
SDF4	0	3.79642207349902e-58	1.0326876181189	0.722	0.367	6.83849508099379e-54
SHOX2	0	4.65731659102587e-58	2.03656259829336	0.352	0.08	8.38922437541489e-54
ALDH18A1	0	4.71907422827261e-58	2.21994368426151	0.32	0.064	8.50046840738745e-54
ITGB5	0	1.18590954400712e-57	1.85150659784481	0.397	0.108	2.13617886162003e-53
RND3	0	2.18594218961168e-57	1.14695476281261	0.718	0.355	3.93753766614752e-53
RPLP0	0	2.31162107793246e-57	0.552697532583451	0.997	0.975	4.16392304767974e-53
MORC4	0	2.57000404689595e-57	2.34059234496563	0.309	0.06	4.62934828967368e-53
ID4	0	2.57494552502889e-57	2.15512649262754	0.354	0.084	4.63824937423455e-53
SSR2	0	2.58153683214067e-57	0.684640130953102	0.943	0.802	4.65012229573499e-53
PXDN	0	3.99282385260616e-57	2.11959315892904	0.356	0.086	7.19227360569948e-53
NME1	0	4.07845707921285e-57	1.19150924131536	0.692	0.356	7.34652473678611e-53
SMAD7	0	7.41333018327498e-57	2.28058503560135	0.32	0.067	1.33536316591332e-52
EPHX1	0	1.44390560846466e-56	1.05728895307601	0.791	0.482	2.6009071725274e-52
PRICKLE1	0	1.56839656963417e-56	1.67734380116188	0.409	0.115	2.82515274088202e-52
RARRES2	0	1.62909538353641e-56	1.41689746684758	0.783	0.529	2.93448951436414e-52
ANKRD28	0	1.71534681078638e-56	1.01887373750873	0.75	0.426	3.08985421026951e-52
MFGE8	0	3.66628447485081e-56	0.983266612241614	0.687	0.329	6.60407822454877e-52
FERMT2	0	4.65609533558148e-56	1.16956695585122	0.594	0.237	8.38702452798291e-52
ZNF281	0	5.5769169485464e-56	2.00461157406006	0.382	0.105	1.00457004994166e-51
B4GALT2	0	6.80455258926638e-56	1.9822437610316	0.341	0.078	1.22570405790455e-51
NT5DC2	0	7.43334933555675e-56	1.25535788924468	0.499	0.169	1.33896921581384e-51
CYP1B1	0	8.68331655710769e-56	0.708002608907355	0.907	0.597	1.56412581143181e-51
PDE4DIP	0	1.0705589181275e-55	1.55220890373547	0.441	0.136	1.92839777922307e-51
RNF24	0	1.1650008127154e-55	1.43240032703612	0.506	0.178	2.09851596394425e-51
RCN1	0	1.23880128202695e-55	1.10670215141448	0.741	0.391	2.23145274931515e-51
FN1	0	2.12005384244549e-55	1.02795139967012	0.972	0.732	3.81885298639706e-51
SNX7	0	3.71054858981376e-55	2.00508127780534	0.355	0.089	6.68381117483152e-51
FAM3C	0	3.95916547667483e-55	1.17187877615885	0.649	0.304	7.13164477313437e-51
GALNT1	0	6.66186833361267e-55	1.5295729392689	0.592	0.264	1.20000234293365e-50
CHRD	0	6.72198377982845e-55	2.33830053345764	0.291	0.054	1.2108309382605e-50
RECQL	0	7.61645830960038e-55	1.27242084232405	0.543	0.211	1.37195263530832e-50
TNFSF9	0	8.14293351136748e-55	1.81250954294223	0.37	0.097	1.46678661340262e-50
SMIM14	0	1.23446929296855e-54	1.19850671414922	0.714	0.404	2.22364953742425e-50
WWTR1	0	1.24914599554127e-54	0.964421054317343	0.711	0.342	2.25008668176849e-50
FHL1	0	1.55357807857145e-54	1.34786214660216	0.613	0.284	2.79846019293075e-50
NFATC4	0	1.77529663844921e-54	1.94988080322975	0.332	0.075	3.19784183483855e-50
IGFBP7	0	2.58666445948061e-54	0.6508654915825	0.999	0.9	4.65935869086243e-50
NAGLU	0	3.78465290398272e-54	1.60187883940754	0.42	0.126	6.81729527594407e-50
SPON2	0	4.82097457716883e-54	1.14470934134595	0.559	0.221	8.68402150585421e-50
LRRN4CL	0	5.42436042570013e-54	1.53248899562316	0.426	0.13	9.77090043481364e-50
CES1	0	5.55667731325735e-54	1.83258348024491	0.447	0.152	1.00092428443705e-49
MRGPRF	0	8.1739693104236e-54	1.65765468468117	0.409	0.121	1.4723770918866e-49
HDLBP	0	8.1825844850062e-54	0.982278825135941	0.767	0.449	1.47392894328417e-49
S100A16	0	1.03852928354649e-53	1.05407650579267	0.695	0.342	1.87070279845229e-49
COL8A1	0	3.95147093709418e-53	1.43168033792914	0.564	0.244	7.11778459898774e-49
ITGAV	0	5.7266700657147e-53	1.2617921490969	0.574	0.239	1.03154507893719e-48
LAPTM4A	0	9.37776285272877e-53	0.498635300192895	0.996	0.921	1.68921642266203e-48
GALNS	0	1.40658364679542e-52	2.14495392618418	0.306	0.066	2.53367912297258e-48
NCS1	0	1.73549191142671e-52	2.47756904926808	0.266	0.046	3.12614158005294e-48
PMEPA1	0	1.93587188033628e-52	1.52489223336624	0.387	0.109	3.48708601804973e-48
IGFBP2	0	2.1025984037546e-52	1.89125023749645	0.44	0.148	3.78741050468316e-48
SPSB1	0	2.33218937972963e-52	2.62378979011913	0.251	0.04	4.20097272970699e-48
ENAH	0	6.66915693598402e-52	1.57379837335434	0.484	0.176	1.2013152388788e-47
ATRAID	0	6.70712717025388e-52	0.740863036334889	0.899	0.685	1.20815481717783e-47
OST4	0	1.41073029360677e-51	0.5483522643892	0.991	0.942	2.54114847787387e-47
SEC61G	0	4.45243907105704e-51	0.569755577265481	0.981	0.898	8.02017849869505e-47
SPTSSA	0	5.68999012842414e-51	1.22462017147099	0.657	0.342	1.02493792183304e-46
CCDC3	0	5.91158344614784e-51	1.97458318161415	0.339	0.087	1.06485352615461e-46
CILP	0	1.14730301658348e-50	2.64938706869757	0.287	0.06	2.06663692377183e-46
NDFIP2	0	1.73587605074162e-50	1.77894798124985	0.345	0.09	3.12683353020088e-46
FAM127A	0	2.51956209504911e-50	1.2052123001957	0.549	0.226	4.53848720181197e-46
PLP2	0	2.83877001267799e-50	1.06013302483434	0.59	0.255	5.11347642383687e-46
NDN	0	3.02958314715757e-50	0.916898618222691	0.614	0.25	5.45718812297492e-46
TMEM43	0	3.4194716513514e-50	1.23517687581685	0.556	0.231	6.15949428557928e-46
SEPT8	0	4.27739371020409e-50	2.08899866104608	0.31	0.073	7.70486929019063e-46
CRABP2	0	5.41255615304551e-50	2.12559189955049	0.526	0.237	9.74963739848088e-46
LPAR1	0	6.90458226692493e-50	1.57166407261509	0.397	0.121	1.24372240374119e-45
IGFBP3	0	1.25020452607663e-49	2.93323434383408	0.254	0.045	2.25199341282184e-45
C1orf122	0	1.30500166679753e-49	1.02734664731214	0.726	0.436	2.3506995024024e-45
CD109	0	1.74038521635271e-49	1.37936319007952	0.459	0.163	3.13495589021614e-45
CDC42BPA	0	1.92008463464202e-49	1.46498275316097	0.426	0.141	3.45864845238068e-45
SMPD1	0	2.12555364589897e-49	1.88209384520239	0.332	0.085	3.82875978235781e-45
ANXA1	0	2.32615112459528e-49	0.63165499885044	0.995	0.953	4.19009602073347e-45
LY6E	0	2.50433039534032e-49	0.714837961566212	0.965	0.793	4.51105034112652e-45
COL8A2	0	2.52086527379819e-49	2.43783620700855	0.258	0.047	4.54083461769269e-45
PLD3	0	8.58933501118657e-49	0.643373192991293	0.895	0.616	1.54719691556504e-44
NDFIP1	0	8.88142244620046e-49	0.8695439240328	0.845	0.601	1.59981062523409e-44
PCSK5	0	8.95227101354787e-49	2.49333131960025	0.26	0.049	1.61257257767038e-44
ROBO1	0	1.42630465218662e-48	2.09213994618824	0.301	0.07	2.56920256998375e-44
ATP6V0E1	0	3.43593351507954e-48	0.563839826883828	0.972	0.88	6.18914704071277e-44
OPTN	0	3.84364705224631e-48	1.45732372263438	0.426	0.144	6.92356143521127e-44
ZEB1	0	6.76004406740577e-48	1.11937613071639	0.537	0.215	1.2176867378618e-43
RCAN1	0	7.63990841141932e-48	1.40093833443712	0.594	0.298	1.37617670214896e-43
PPP3CA	0	7.8634155810232e-48	0.991711133148275	0.715	0.404	1.41643704860971e-43
SNX9	0	1.35392755515383e-47	1.19303515655177	0.568	0.252	2.43882970509859e-43
MAGED1	0	1.71629648507107e-47	1.16528042032804	0.543	0.225	3.09156485855851e-43
PDIA4	0	1.79284022680675e-47	0.899867233428519	0.702	0.374	3.22944310054699e-43
CNPY4	0	2.36094192367553e-47	1.6298582923726	0.368	0.11	4.25276468711672e-43
NENF	0	2.53435738841594e-47	0.623862062188117	0.918	0.671	4.56513796375363e-43
SLC38A10	0	7.99221766220117e-47	1.13806697996772	0.549	0.229	1.4396381674923e-42
MEG3	0	9.28026919502466e-47	0.789989737992051	0.781	0.446	1.67165489009979e-42
CNIH4	0	9.92505822886747e-47	1.00975225920715	0.606	0.273	1.7878007387659e-42
IKBIP	0	1.2163937443237e-46	1.24105667141471	0.478	0.179	2.19109005165029e-42
YIF1A	0	1.5100704924388e-46	0.894743330836061	0.752	0.458	2.72008997803002e-42
ABL1	0	1.57252021720199e-46	1.43599720734477	0.422	0.146	2.83258066724594e-42
C12orf23	0	1.87588357677777e-46	0.978085875071058	0.584	0.251	3.37902908684979e-42
C5orf15	0	2.90184961359544e-46	1.15110207477956	0.52	0.211	5.22710170896947e-42
LAMP2	0	4.17451401522912e-46	0.786074237119844	0.815	0.529	7.51955209563222e-42
NFIL3	0	4.23144346099349e-46	1.35475664366389	0.493	0.2	7.62209910628758e-42
SCARA3	0	1.04592719789672e-45	1.27325184125223	0.479	0.183	1.88402866157136e-41
PRAF2	0	1.22939528842362e-45	1.55427383389981	0.352	0.102	2.21450973303746e-41
OAT	0	1.57316093089546e-45	1.07605400779975	0.663	0.36	2.83373478482199e-41
SAR1A	0	2.06412715832402e-45	1.0050290809479	0.625	0.305	3.71811225028906e-41
HSD3B7	0	2.2577135248754e-45	2.10881868733487	0.31	0.082	4.06681937235806e-41
PERP	0	2.9281919330812e-45	1.25050369636349	0.475	0.183	5.27455212905916e-41
SLC39A6	0	3.34917455977718e-45	1.30005632022308	0.471	0.183	6.03286813452663e-41
WBP1L	0	4.26383479484665e-45	1.41702997477328	0.41	0.139	7.68044561595727e-41
TP53I3	0	6.91515099211286e-45	1.26010772995165	0.48	0.191	1.24562614820929e-40
SNHG18	0	8.33183864918705e-45	1.79339775056667	0.323	0.088	1.50081409587806e-40
ERLEC1	0	8.45748052856249e-45	1.12221347829678	0.564	0.256	1.52344596760996e-40
SEC24D	0	1.412025927178e-44	1.09013550676766	0.53	0.228	2.54348230262573e-40
TMEM208	0	1.55982165074961e-44	1.01379849490645	0.655	0.342	2.80970673949528e-40
RABAC1	0	2.43374597511295e-44	0.691826285626405	0.924	0.75	4.38390662497096e-40
CPXM1	0	3.55890218657082e-44	0.86998887910428	0.498	0.185	6.41065050867001e-40
SERTAD4-AS1	0	3.72776955364564e-44	1.91190317201424	0.287	0.069	6.71483129698189e-40
SDC2	0	4.79198891615741e-44	0.977661275952889	0.696	0.392	8.63180963467434e-40
UGP2	0	6.91308962747505e-44	1.24278127408458	0.687	0.403	1.24525483459708e-39
ZNF704	0	8.95060193552174e-44	1.96034529086676	0.273	0.062	1.61227192664553e-39
PCDH18	0	1.18629326177585e-43	1.91967275018347	0.283	0.067	2.13687005243683e-39
GLT8D1	0	1.37510584624077e-43	1.00366250108218	0.583	0.27	2.4769781608335e-39
CREB3L1	0	1.70003954921213e-43	2.1212024117907	0.252	0.052	3.0622812399958e-39
SLC37A3	0	3.15312558908539e-43	1.88275060785502	0.281	0.067	5.67972512361951e-39
UQCRQ	0	3.30691133620565e-43	0.592016265994256	0.92	0.765	5.95673938990724e-39
SRM	0	5.9227186979473e-43	1.03839060674784	0.804	0.566	1.06685931906125e-38
GARS	0	6.60914497233308e-43	1.53094561140003	0.371	0.122	1.19050528386636e-38
C16orf89	0	7.68725595731634e-43	1.64617646696129	0.355	0.112	1.38470541559139e-38
ACTG1	0	7.80655105983159e-43	0.417710269416057	1	0.997	1.40619404240746e-38
CCDC109B	0	1.38996159670252e-42	1.15930414274135	0.491	0.2	2.50373782414025e-38
CTSL	0	2.09107915271075e-42	0.748089954774328	0.819	0.555	3.76666087777787e-38
CDR2	0	2.55058325075205e-42	2.03310163330207	0.274	0.066	4.59436560957966e-38
EEA1	0	4.2012841134801e-42	1.05529272375911	0.503	0.208	7.5677730736117e-38
PLIN3	0	4.97065283161393e-42	1.05584485940848	0.572	0.271	8.95363694558617e-38
CRTAP	0	5.63255760815809e-42	0.819939538019162	0.768	0.482	1.01459260195752e-37
KCNMA1	0	7.29881348047659e-42	2.06592826304451	0.301	0.084	1.31473527223825e-37
VEGFA	0	8.11879219114915e-42	1.4390818911319	0.44	0.175	1.4624380373917e-37
ABHD14A	0	8.92154611354009e-42	1.08793995765895	0.513	0.218	1.60703810143198e-37
PRADC1	0	1.04639201851278e-41	1.65609417069356	0.328	0.098	1.88486594294708e-37
SPHK1	0	2.7585921880298e-41	1.76121087650777	0.316	0.092	4.96905210829808e-37
RARG	0	3.04179981666588e-41	1.95905942224565	0.273	0.067	5.47919400976025e-37
KDELR1	0	3.27337258161621e-41	0.696793078588131	0.831	0.577	5.89632603126528e-37
PDE5A	0	4.08087948495189e-41	1.77579288356418	0.26	0.059	7.35088821624383e-37
PFN2	0	6.73998115071625e-41	1.35029400741275	0.401	0.144	1.21407280467852e-36
ITM2A	0	1.01247408088035e-40	1.05647307289222	0.71	0.456	1.82376956188977e-36
KDELC2	0	1.01381086776845e-40	1.37621625469635	0.397	0.142	1.82617751611131e-36
AKR1C1	0	1.01692559391564e-40	0.948088568943817	0.568	0.261	1.83178807232024e-36
LMAN1	0	1.12187631622121e-40	0.847762906917148	0.741	0.457	2.02083580840927e-36
ZDHHC14	0	2.46014320894397e-40	1.8036197871793	0.277	0.07	4.43145596227078e-36
NFIA	0	4.03669371783352e-40	0.910829977134581	0.75	0.472	7.27129639393352e-36
HIF1A	0	4.45284533096392e-40	0.843706884964032	0.795	0.539	8.02091029466531e-36
PALM	0	4.77232105332812e-40	1.68944876725999	0.314	0.093	8.59638191335995e-36
C1QTNF4	0	5.13779212157155e-40	1.72599618392371	0.36	0.122	9.25470494858684e-36
NET1	0	7.91496111663945e-40	1.53607098711398	0.31	0.091	1.42572194594026e-35
MT-CO2	0	8.77207791603029e-40	0.294127640806881	1	1	1.58011439501454e-35
KHDRBS3	0	9.75183141251131e-40	1.65696091451109	0.323	0.099	1.75659739233566e-35
MESDC2	0	1.29435207332244e-39	1.03066818562937	0.579	0.287	2.33151638967571e-35
PHLDB2	0	1.52625080328501e-39	1.74220932848215	0.389	0.146	2.74923557195729e-35
MT-CYB	0	2.22568542898799e-39	0.321427170035817	1	1	4.00912716323606e-35
ASAP3	0	2.30150636037306e-39	1.85866115073727	0.26	0.063	4.14570340693999e-35
GPX7	0	2.56165618133581e-39	2.00524373431594	0.251	0.058	4.6143112794402e-35
CPQ	0	2.61010126249045e-39	0.657764809870409	0.818	0.527	4.70157540412405e-35
CASC4	0	3.95937878027181e-39	0.968661392673333	0.595	0.299	7.13202899690361e-35
COPRS	0	4.24266558678755e-39	1.02264186165703	0.514	0.229	7.64231352148041e-35
MANF	0	4.30948335304925e-39	0.968095425675627	0.657	0.382	7.76267236384762e-35
MSRB2	0	5.69232027109971e-39	1.04586181235418	0.605	0.327	1.02535765043319e-34
PRR5	0	6.72773345567008e-39	1.54058538134551	0.325	0.101	1.21186662736985e-34
SLC39A7	0	6.93122190660388e-39	1.05510663439116	0.479	0.202	1.24852100203656e-34
GOLT1B	0	1.08135295145777e-38	1.27676332464894	0.416	0.161	1.94784107146089e-34
ACTN1	0	1.09993249810766e-38	0.781331067105606	0.707	0.417	1.98130840884133e-34
DNPH1	0	1.10872385811803e-38	1.04707352230133	0.516	0.232	1.99714428562801e-34
TGFBR1	0	1.18189483175306e-38	1.05272785378809	0.498	0.217	2.12894716043678e-34
PTPRF	0	1.2125551180568e-38	1.79290223449074	0.254	0.06	2.18417553415571e-34
CRELD2	0	1.52380076793846e-38	1.00632098006616	0.532	0.245	2.74482232328756e-34
OS9	0	1.5723126844779e-38	0.792784703578416	0.722	0.451	2.83220683855005e-34
AZI2	0	1.57764236358293e-38	0.956141342795204	0.548	0.254	2.84180718952194e-34
ANKH	0	2.02048253162595e-38	0.917845873879396	0.684	0.397	3.63949518421781e-34
PTGR1	0	2.07277028137799e-38	1.2339638736429	0.394	0.144	3.73368110784618e-34
AKR1C2	0	2.4971732253644e-38	1.37378846032855	0.355	0.118	4.49815813084889e-34
CNIH1	0	3.40816031585145e-38	0.984051151512396	0.533	0.245	6.13911917694322e-34
SNX21	0	4.51026071241503e-38	1.46515681300806	0.337	0.111	8.12433262127319e-34
CNN3	0	5.25796539454592e-38	0.416358737003859	0.964	0.634	9.47117306519557e-34
ARL1	0	6.3614082349975e-38	0.793994275297471	0.706	0.408	1.1458804653701e-33
TMEM98	0	6.99828711819783e-38	0.416271078917868	0.784	0.399	1.26060145860098e-33
SCARA5	0	7.83408077877253e-38	1.38201359598522	0.391	0.146	1.4111529706803e-33
XBP1	0	9.99718251721547e-38	0.619940401410307	0.854	0.639	1.80079248682602e-33
PPAP2B	0	1.12870366610907e-37	1.04661084180868	0.714	0.441	2.03313391376226e-33
GLG1	0	1.15075759904128e-37	0.912939590910032	0.544	0.255	2.07285966315307e-33
PHPT1	0	1.17023228877205e-37	0.506168757112908	0.945	0.785	2.10793942176509e-33
FEZ1	0	1.38611915093825e-37	0.938964148909537	0.368	0.126	2.49681642658506e-33
PAPSS2	0	2.18881055532239e-37	1.3389633843955	0.337	0.11	3.94270445330221e-33
VCAM1	0	2.38671945355577e-37	1.07387423649717	0.271	0.072	4.29919775169002e-33
SWI5	0	3.12106969747069e-37	1.29588417198423	0.426	0.177	5.62198284605396e-33
COPS8	0	4.04964705226264e-37	1.15987269000102	0.502	0.237	7.29462923524069e-33
SURF4	0	4.24349413802001e-37	0.771020310297034	0.671	0.365	7.64380599081544e-33
ADCY3	0	5.25885642154388e-37	0.819508069846856	0.484	0.203	9.47277807212699e-33
VIM	0	7.18100120843086e-37	0.369104482039323	0.999	0.999	1.29351374767465e-32
GABARAPL1	0	7.89719533248609e-37	0.984525513973949	0.533	0.259	1.42252179524072e-32
OGFOD3	0	1.00338608527346e-36	1.16812664129774	0.41	0.161	1.80739935540308e-32
RHOD	0	1.28298296871385e-36	1.77162967293487	0.267	0.072	2.31103722154426e-32
OLFML1	0	1.39863100330323e-36	1.42697452258287	0.313	0.097	2.51935402625011e-32
SCARF2	0	1.4158595525985e-36	1.25355924562878	0.395	0.152	2.55038781209568e-32
LINC00152	0	1.43477714952102e-36	1.18372349634876	0.452	0.194	2.58446407943221e-32
CCPG1	0	1.95439935035734e-36	0.830601286254134	0.68	0.396	3.52045954979867e-32
MDK	0	2.22130313728573e-36	1.09260264505073	0.592	0.314	4.00123334119279e-32
IFITM1	0	2.40753569849166e-36	0.643808361563163	0.868	0.63	4.33669405369303e-32
RAB2A	0	2.88063771451335e-36	0.631163054721823	0.825	0.605	5.18889271515291e-32
MARVELD1	0	2.93438737495298e-36	1.05185108739107	0.467	0.202	5.28571197850279e-32
TMEM237	0	3.1372521001058e-36	1.55876292769568	0.29	0.085	5.65113220792057e-32
PTS	0	3.37835486933039e-36	1.19815537769135	0.439	0.186	6.08543062612483e-32
C12orf44	0	4.21538627588019e-36	1.02387254108102	0.526	0.251	7.59317529874298e-32
TMEM64	0	4.54587706905292e-36	1.56420377359124	0.291	0.086	8.18848836448503e-32
ARSA	0	7.12861433355404e-36	1.08091269076498	0.428	0.174	1.28407729990309e-31
RECK	0	7.5712192666856e-36	1.52681115374859	0.296	0.089	1.36380372650808e-31
ANKRD37	0	8.9863367180613e-36	2.01393469457999	0.356	0.137	1.61870883302438e-31
MCFD2	0	1.07769365567476e-35	0.975136874537343	0.525	0.247	1.94124958196695e-31
LTBP1	0	1.12265366868549e-35	1.09963733256225	0.432	0.176	2.02223605340317e-31
MMP19	0	1.25526132350708e-35	1.24060855989041	0.259	0.067	2.26110222203331e-31
RTN4	0	1.43343311160657e-35	0.485298554873914	0.974	0.871	2.58204306393691e-31
MCC	0	1.89423022041709e-35	1.28646160193802	0.378	0.142	3.4120768960373e-31
MYC	0	2.04981946184937e-35	1.12468802605181	0.548	0.287	3.69233979662927e-31
VGLL3	0	2.78732674126392e-35	0.990837346463137	0.447	0.181	5.02081165903869e-31
MT-ATP6	0	4.17564146805436e-35	0.295437616850107	1	1	7.52158297640632e-31
TCTN1	0	4.78796086819407e-35	1.12171775205012	0.377	0.139	8.62455391187798e-31
LARP6	0	6.08086063051148e-35	1.07900107654481	0.413	0.163	1.09534542537403e-30
NRBF2	0	6.22817795081216e-35	1.40654883442991	0.341	0.122	1.12188169427979e-30
TAX1BP3	0	6.36849090922214e-35	0.997873144991089	0.462	0.202	1.14715626747818e-30
THBS1	0	6.73756246903191e-35	0.645559607277468	0.826	0.651	1.21363712754672e-30
ASPH	0	7.81884792769211e-35	0.826328217724722	0.615	0.331	1.40840907721518e-30
ENO1	0	8.56047085057158e-35	0.547197112309861	0.933	0.828	1.54199761431346e-30
CYSTM1	0	1.02027155450471e-34	0.923543087570119	0.552	0.275	1.83781515112934e-30
ANKRD9	0	1.27018298108351e-34	1.75980003383833	0.296	0.095	2.28798060382573e-30
CYB5R3	0	1.28888678892554e-34	0.705322683455226	0.789	0.538	2.32167177289158e-30
CDK4	0	1.38950218190268e-34	1.00138625864643	0.498	0.234	2.50291028026129e-30
COL4A1	0	1.81224064566872e-34	0.293598263505709	0.661	0.359	3.26438907504306e-30
OAF	0	2.14001146754778e-34	0.664678827671925	0.765	0.482	3.85480265649382e-30
RPN2	0	2.92122496676238e-34	0.650126200567851	0.803	0.557	5.26200253262907e-30
TMEM54	0	3.01571416544226e-34	1.5191663977106	0.287	0.088	5.43220592621114e-30
MDFI	0	3.45979827933782e-34	1.82372736062788	0.259	0.073	6.23213464057122e-30
PDLIM5	0	4.05442506485536e-34	0.816374694340803	0.588	0.304	7.30323586932396e-30
HECTD2	0	4.06526111885949e-34	1.54677057856171	0.306	0.101	7.32275485340159e-30
FAS	0	4.25075077334865e-34	1.12896568867828	0.399	0.159	7.65687736803292e-30
RHOBTB3	0	5.2188915450723e-34	0.939468693887769	0.452	0.192	9.40078934013874e-30
PBX1	0	7.13569633403744e-34	1.19667456805633	0.325	0.11	1.28535298065016e-29
EMP2	0	7.14504738876937e-34	1.0504569654853	0.474	0.218	1.28703738613903e-29
GFPT1	0	1.01117767419232e-33	1.28361272829892	0.359	0.135	1.82143434452262e-29
COPB2	0	1.13253576188073e-33	0.89276900505753	0.54	0.266	2.04003666787576e-29
TXNDC15	0	1.1552113201801e-33	0.766526919981987	0.588	0.293	2.08088215104042e-29
HEG1	0	1.17217765202849e-33	0.918917825662773	0.301	0.094	2.11144360459892e-29
PDLIM2	0	1.91734924237661e-33	0.707140804405964	0.721	0.443	3.45372119029298e-29
BSG	0	2.55476515389873e-33	0.477437451144732	0.922	0.738	4.60189847171779e-29
SGCB	0	4.64378198234736e-33	0.674049122931841	0.533	0.249	8.3648444848023e-29
SEC31A	0	4.72765718738476e-33	0.6650477208349	0.78	0.517	8.51592889163617e-29
VAT1	0	5.33961784035288e-33	1.03913427844922	0.393	0.157	9.61825361582764e-29
MT-ND3	0	5.45509198837012e-33	0.282893605006779	1	1	9.82625719865111e-29
SHMT2	0	6.2870543213936e-33	1.50565159123612	0.289	0.092	1.13248709491263e-28
S100A6	0	7.06107901942844e-33	0.38613372843728	1	0.98	1.27191216376965e-28
MYL6B	0	7.69365129627854e-33	0.859132696759077	0.547	0.273	1.38585740799865e-28
SIL1	0	7.8498793304557e-33	0.814921463252537	0.544	0.263	1.41399876379498e-28
MLEC	0	7.89202341018485e-33	0.841720736106613	0.565	0.291	1.4215901768766e-28
SELENBP1	0	8.35467754253591e-33	1.13825700319408	0.393	0.159	1.50492806573699e-28
DESI2	0	9.09297102311088e-33	1.2656810286637	0.359	0.137	1.63791687039296e-28
CAPG	0	9.52991497480522e-33	0.784503815966443	0.522	0.251	1.71662358441167e-28
ANGPTL4	0	1.02426785533029e-32	2.27258014976827	0.32	0.119	1.84501368780645e-28
SNAI1	0	1.05272588676932e-32	1.89880999045425	0.281	0.091	1.89627513983758e-28
CUTC	0	1.05929050902958e-32	1.54475141092506	0.296	0.098	1.90809999391498e-28
IGFBP6	0	1.12301340804179e-32	0.433701749357107	0.877	0.703	2.02288405190567e-28
TMEM204	0	1.23230534484566e-32	1.35486791722035	0.308	0.102	2.21975161767048e-28
LAMC1	0	1.78130560500454e-32	0.548933241331611	0.688	0.383	3.20866578629468e-28
TSC22D1	0	2.53100818820743e-32	1.42742642393062	0.661	0.48	4.55910504941804e-28
STEAP4	0	2.55993290378156e-32	1.23254186661656	0.358	0.141	4.61120713958172e-28
TSKU	0	2.62414100374211e-32	1.34120171985996	0.335	0.123	4.72686519004066e-28
H6PD	0	2.89922235366167e-32	1.40611591768521	0.345	0.132	5.22236922565077e-28
NME4	0	3.97499318881527e-32	0.858286186996571	0.545	0.273	7.16015523101295e-28
KDSR	0	4.30549908500704e-32	0.965965322429723	0.439	0.192	7.75549550182319e-28
SDF2L1	0	6.0331313966417e-32	1.00709462498226	0.484	0.232	1.08674795847707e-27
MAP1B	0	6.37615800264168e-32	0.493876658877543	0.772	0.465	1.14853734101585e-27
AKR1C3	0	6.72174571568029e-32	1.02288574552895	0.433	0.189	1.21078805576549e-27
NDUFS5	0	7.01633867761709e-32	0.440613930117307	0.95	0.799	1.26385308599917e-27
COL15A1	0	7.23823992383255e-32	0.299200713768696	0.61	0.325	1.30382415747996e-27
KIFAP3	0	8.27635501414353e-32	1.46627735290198	0.314	0.112	1.49081982869767e-27
COL4A2	0	1.08593515933738e-31	0.320883970509422	0.634	0.339	1.95609500251443e-27
ITGB1BP1	0	1.58006003804874e-31	0.77782832989319	0.607	0.337	2.8461621465372e-27
FNDC3B	0	1.6255041006009e-31	0.859932716103166	0.53	0.263	2.92802053641239e-27
ATL3	0	1.63263552910439e-31	0.868058755478555	0.551	0.281	2.94086637857573e-27
TUBA1C	0	1.77961460279485e-31	0.739921542985628	0.528	0.254	3.20561978401437e-27
PDGFD	0	1.94731938618091e-31	1.71026931084459	0.255	0.076	3.50770641032767e-27
FZD4	0	2.98153267614397e-31	1.201279570212	0.258	0.074	5.37063480953813e-27
MYO1B	0	4.13678086242891e-31	1.1878278946815	0.286	0.094	7.45158336749319e-27
ACBD3	0	5.00592991694018e-31	0.989805639284651	0.447	0.203	9.01718155938434e-27
RAB31	0	5.37192978107069e-31	0.891389654813297	0.48	0.223	9.67645711464264e-27
MAP1LC3A	0	6.1518440989276e-31	0.857714969356894	0.524	0.26	1.10813167753983e-26
ATOX1	0	7.48802390102828e-31	0.578723242391059	0.81	0.579	1.34881774529222e-26
H2AFJ	0	7.54238677931087e-31	0.658585155555663	0.738	0.489	1.35861013055727e-26
LRP3	0	7.56565744841535e-31	1.3266814501908	0.306	0.108	1.36280187618306e-26
HDGFRP3	0	1.28630556812512e-30	1.1923779616593	0.345	0.134	2.31702221986377e-26
CTSA	0	1.50296646652115e-30	0.698852513932414	0.707	0.465	2.70729349614455e-26
RP11-14N7.2	0	1.54065806556757e-30	0.879008121381896	0.524	0.253	2.77518737350686e-26
CAB39L	0	1.74726932381962e-30	1.44736805023178	0.266	0.084	3.14735623299629e-26
SKIL	0	2.17635708783554e-30	0.83287284317693	0.717	0.482	3.92027202231815e-26
MSRB3	0	2.72021710377794e-30	1.18165630149602	0.356	0.141	4.89992706903521e-26
PDIA5	0	3.84303034710844e-30	1.40149435994483	0.294	0.102	6.92245056424644e-26
PARVA	0	4.04244133339313e-30	0.806129326252111	0.467	0.213	7.28164957384104e-26
RFNG	0	4.54690610610678e-30	0.871962040336792	0.495	0.246	8.19034196893015e-26
RFX2	0	4.81569024130339e-30	1.5736506046881	0.262	0.083	8.67450283165979e-26
BACE1	0	7.18252727845255e-30	1.33523911047142	0.309	0.112	1.29378863866766e-25
LDLR	0	7.42426296663747e-30	1.2988703886291	0.336	0.129	1.33733248818041e-25
CTSO	0	7.57812807155826e-30	1.09644008362186	0.385	0.161	1.36504820952979e-25
MYH10	0	9.37349419932199e-30	1.31237610251643	0.3	0.106	1.68844751012387e-25
C1orf85	0	1.2774019168462e-29	1.16712698581807	0.333	0.127	2.30098407281506e-25
HOXA10	0	1.41617881665929e-29	1.80103477476778	0.251	0.08	2.55096290244837e-25
PKD2	0	1.61277083777175e-29	1.17593288319341	0.343	0.134	2.90508411007826e-25
ZNF593	0	2.13477287184246e-29	0.951056764169036	0.48	0.239	3.84536637404982e-25
BHLHE40	0	2.13886458423853e-29	0.901323765648035	0.561	0.325	3.85273677558886e-25
POLR2L	0	2.14958848652953e-29	0.453959305024342	0.953	0.853	3.87205374078564e-25
TMEM167A	0	2.50169356046844e-29	0.677455077749664	0.779	0.555	4.5063006104718e-25
CFI	0	3.03249363374228e-29	0.813924185597519	0.534	0.275	5.46243078245997e-25
REEP3	0	3.0803857786095e-29	0.770135941956675	0.544	0.28	5.5486989030093e-25
OMD	0	4.19166735837392e-29	0.835800192928453	0.586	0.326	7.55045041263894e-25
FAM46A	0	4.34518179726322e-29	0.887470323473262	0.545	0.289	7.82697597141023e-25
MANBAL	0	4.74783316930167e-29	1.27339849500808	0.324	0.124	8.5522718878631e-25
PSMB5	0	5.2530266203632e-29	0.635783126329705	0.664	0.391	9.46227685126023e-25
KLF9	0	9.12890409459106e-29	0.853922211202878	0.617	0.373	1.64438949455869e-24
SYVN1	0	9.15601392667374e-29	1.25849126475073	0.34	0.137	1.64927278861174e-24
COPS7A	0	9.90692575717763e-29	1.02781896522138	0.386	0.166	1.78453453664041e-24
PLEKHH2	0	1.00140783298608e-28	1.06566773482705	0.378	0.159	1.80383592955783e-24
MMP14	0	1.01881036284424e-28	0.876070522734513	0.494	0.248	1.83518310659133e-24
PTPRG	0	1.2228630295533e-28	0.980973111803006	0.328	0.124	2.20274317513436e-24
TTC3	0	1.22694640810352e-28	0.592998440013898	0.838	0.659	2.21009856491686e-24
SLC43A3	0	1.5094050136635e-28	1.12881168895842	0.348	0.141	2.71889125111207e-24
HSPA5	0	1.62849829009538e-28	0.412073855387553	0.908	0.801	2.93341396994881e-24
TFG	0	2.05606864589643e-28	0.702905922431108	0.637	0.37	3.70359645185324e-24
RAB34	0	2.53391278327432e-28	0.545352976566412	0.748	0.484	4.56433709651202e-24
GOPC	0	2.64383008908863e-28	0.983424845862929	0.41	0.185	4.76233113947534e-24
HM13	0	2.73515747151276e-28	0.650741609457865	0.711	0.461	4.92683915343593e-24
LINC00116	0	2.85316088746413e-28	0.762302380279062	0.574	0.312	5.13939870658913e-24
TMED10	0	3.79880736708347e-28	0.464137796980223	0.9	0.71	6.84279171032745e-24
SETBP1	0	4.97846692711478e-28	1.31243390164069	0.266	0.088	8.96771247581185e-24
ARMCX3	0	5.52126828878465e-28	0.753212673650431	0.538	0.287	9.94546056858779e-24
TMED2	0	8.31369381751595e-28	0.551043494050137	0.81	0.606	1.49754566734915e-23
KLF10	0	8.6014489210504e-28	0.651525519971938	0.684	0.45	1.54937899414881e-23
BTG3	0	8.81704940140937e-28	0.782131528134868	0.521	0.266	1.58821510867587e-23
C17orf89	0	9.50024905519346e-28	0.778084695072166	0.574	0.316	1.711279862312e-23
GLRX	0	1.06058393076566e-27	1.1604834952245	0.437	0.218	1.91042983448819e-23
BDH2	0	1.08707502179282e-27	0.79302719616641	0.479	0.231	1.95814823675541e-23
EXT2	0	1.11421172473686e-27	1.07173914610285	0.371	0.161	2.00702957976851e-23
AUTS2	0	1.3420440740104e-27	1.30764404782577	0.305	0.116	2.41742399051494e-23
EIF5A	0	1.56730048780887e-27	0.536564683901192	0.869	0.692	2.82317836869012e-23
PDGFRB	0	1.89031238515604e-27	0.62317954822082	0.46	0.211	3.40501969938157e-23
TAC1	0	1.90165136177646e-27	1.97585768146759	0.298	0.119	3.42544459796795e-23
HES1	0	2.20312971333734e-27	1.02095970806593	0.449	0.228	3.96849755263456e-23
CUTA	0	2.50762585813106e-27	0.509545507340614	0.81	0.577	4.51698645825148e-23
COBLL1	0	3.12167500019668e-27	0.787165417677576	0.331	0.124	5.62307317785428e-23
CNPY2	0	3.14742389608501e-27	0.599780310864175	0.737	0.491	5.66945466401792e-23
MAP1A	0	3.43101452468118e-27	1.24460573849578	0.302	0.115	6.1802864633082e-23
CRAT	0	3.45644908908162e-27	1.50628840212304	0.252	0.084	6.22610174416272e-23
MINOS1	0	3.52400874589501e-27	0.49167443329764	0.85	0.675	6.34779695398069e-23
SEC61A1	0	4.38358428401931e-27	0.718964718661708	0.572	0.317	7.89615037080398e-23
MYCBP2	0	4.40386202746405e-27	0.87096103250887	0.609	0.379	7.93267667007099e-23
SSR3	0	4.51197963341125e-27	0.545643828294899	0.848	0.662	8.12742891366369e-23
MVP	0	4.69191416194851e-27	0.770545653949494	0.509	0.259	8.45154497991786e-23
C1RL	0	4.96680905160193e-27	0.925885322160771	0.397	0.177	8.94671314465056e-23
LINC00478	0	5.32283202463711e-27	1.27000169674352	0.285	0.103	9.58801732597883e-23
HCFC1R1	0	6.35358341731519e-27	0.725883750066281	0.526	0.277	1.14447098096099e-22
JDP2	0	6.5998121049751e-27	0.952080200998946	0.503	0.27	1.18882415446916e-22
C6orf120	0	8.43052750120685e-27	1.2735302780674	0.291	0.109	1.51859091879239e-22
AP3S1	0	8.84081533005584e-27	0.65580249126926	0.679	0.431	1.59249606540296e-22
PRRC1	0	8.9102893938744e-27	1.1544079295242	0.347	0.147	1.6050104285186e-22
YIPF2	0	9.39277426161254e-27	1.27331703513731	0.282	0.102	1.69192042774427e-22
MESDC1	0	1.13278791943159e-26	1.20220291695642	0.372	0.17	2.04049087927211e-22
PGAM1	0	1.15531974210633e-26	0.672955127822858	0.709	0.467	2.08107745145612e-22
TSC22D2	0	1.20999728869515e-26	0.902764433477278	0.468	0.237	2.17956811612658e-22
NAV1	0	1.23362796639042e-26	1.40348470221777	0.26	0.089	2.22213405585907e-22
CCDC127	0	1.37362110116148e-26	1.38731621055647	0.252	0.084	2.47430368952217e-22
FZD1	0	1.52155542812925e-26	0.258491264750732	0.555	0.281	2.74077779268923e-22
CAMTA2	0	1.64807733269325e-26	1.35230533128414	0.277	0.101	2.96868169938034e-22
GORASP2	0	1.82935590709507e-26	0.92333727934984	0.402	0.185	3.29521879545034e-22
TEAD1	0	1.87147869146912e-26	0.702383626701761	0.417	0.19	3.37109456694333e-22
DDAH1	0	2.28002601740028e-26	1.31294754233413	0.283	0.104	4.10701086514312e-22
CREG1	0	2.92316221406355e-26	0.609887233607983	0.543	0.285	5.26549209619267e-22
GINM1	0	3.10410788990156e-26	0.65000878602712	0.609	0.347	5.59142954207967e-22
TSPAN4	0	3.23988190049333e-26	0.583590560986251	0.75	0.518	5.83599926735864e-22
UROD	0	3.84878180163532e-26	0.976398523101254	0.391	0.18	6.93281065928571e-22
DERL1	0	4.30974844647026e-26	0.874592675925512	0.459	0.231	7.76314987662687e-22
MT-ND4L	0	4.41303395472359e-26	0.259686142275461	1	0.999	7.94919806264361e-22
PTP4A1	0	5.28161170735873e-26	0.791884934103773	0.538	0.296	9.51376716846527e-22
GADD45G	0	5.36831918210245e-26	1.76042379230202	0.377	0.18	9.66995334272115e-22
KLF2	0	5.83189818752717e-26	0.827415986662505	0.811	0.739	1.05049982051927e-21
TULP3	0	6.40475302350177e-26	1.18192798268715	0.274	0.099	1.15368816212337e-21
C1orf123	0	6.95921673558627e-26	0.691818458738423	0.534	0.283	1.25356371058115e-21
MAP7D3	0	7.0198198716692e-26	1.22377867998288	0.293	0.112	1.26448015348377e-21
GLT8D2	0	7.41569415591399e-26	0.378312442726826	0.574	0.285	1.33578898830479e-21
XPOT	0	8.72693693616292e-26	1.27392130532034	0.29	0.111	1.57198315031103e-21
MRPL17	0	1.03955205246127e-25	0.925742318241251	0.397	0.185	1.87254511209848e-21
KIRREL	0	1.28565432807213e-25	1.34136466566977	0.252	0.087	2.31584914115632e-21
PRDX2	0	1.4283350503935e-25	0.443775203014933	0.843	0.596	2.57285992627381e-21
OXCT1	0	1.45801947152633e-25	1.38853294896846	0.254	0.088	2.62633047406038e-21
TRIM47	0	1.51442346982366e-25	1.18093567897714	0.289	0.109	2.72793099619335e-21
TMEM39A	0	1.85068122201134e-25	1.0862069904345	0.314	0.125	3.33363208520903e-21
ANXA5	0	1.98316184527335e-25	0.578523366353243	0.923	0.841	3.57226943189088e-21
CYGB	0	2.07200980013297e-25	0.715637868787581	0.518	0.268	3.73231125297952e-21
CMSS1	0	2.07344719297762e-25	1.14759169931801	0.282	0.105	3.73490042871058e-21
UBTD2	0	2.31017755585032e-25	1.28626718174489	0.26	0.092	4.16132283135318e-21
EAF1	0	2.50421272899022e-25	1.15321922165067	0.286	0.109	4.51083838873008e-21
AK3	0	3.20445559058713e-25	0.825884724063371	0.447	0.223	5.77218585532459e-21
DOK5	0	3.30323686669277e-25	1.30094274864434	0.255	0.089	5.95012056797369e-21
PPFIBP1	0	3.85966046433028e-25	1.01003657611025	0.375	0.169	6.95240639439813e-21
TMEM258	0	6.04626794854397e-25	0.327371059369895	0.969	0.879	1.08911424557123e-20
SLC35B3	0	6.94742345257351e-25	1.31095868464487	0.265	0.097	1.25143938651207e-20
RHOQ	0	7.7145229991012e-25	0.843221681008748	0.47	0.244	1.3896170278281e-20
MAN1B1	0	8.25537098083864e-25	1.08884282710509	0.363	0.168	1.48703997477846e-20
SIGMAR1	0	8.40661519967092e-25	1.30612012770849	0.258	0.092	1.51428359591672e-20
LEPR	0	8.51134663293295e-25	0.952421045002718	0.425	0.214	1.53314886899021e-20
MLTK	0	8.91305500739366e-25	1.25646224140118	0.291	0.117	1.60550859848182e-20
SEC63	0	1.31448138533671e-24	0.678684539924553	0.599	0.358	2.36777531940702e-20
ATL1	0	1.40478577654081e-24	1.1123847146285	0.27	0.099	2.53044061928295e-20
TNFRSF1A	0	1.45612483215083e-24	0.488412311685711	0.807	0.582	2.6229176601533e-20
BAG3	0	1.52211000256745e-24	0.958930982891824	0.368	0.169	2.74177674762474e-20
AXL	0	1.52744568190748e-24	0.690845394618321	0.455	0.226	2.75138790681994e-20
LMF2	0	2.38516638139592e-24	0.815537289035947	0.447	0.227	4.29640020280848e-20
TMEM230	0	2.78954683165013e-24	0.566705266458136	0.773	0.566	5.02481070785138e-20
CSF1	0	3.75776709637329e-24	1.29265786790192	0.256	0.094	6.7688658706972e-20
SLC39A13	0	4.05713351087257e-24	1.03582480123645	0.359	0.164	7.30811459313477e-20
RNF19B	0	4.14442722069986e-24	1.26268928209944	0.262	0.097	7.46535675264665e-20
ZNF521	0	4.55566930459184e-24	1.26786379449997	0.252	0.091	8.20612711836128e-20
SRI	0	4.6104947683455e-24	0.493375484410155	0.827	0.622	8.30488422622074e-20
JOSD2	0	4.94245828310341e-24	0.654177816582841	0.472	0.239	8.90285010535417e-20
NTN4	0	4.97239058391159e-24	1.18104936205043	0.278	0.107	8.95676715879995e-20
JMJD6	0	5.01370666469738e-24	1.08211845351038	0.323	0.139	9.03118981511939e-20
PHLDA1	0	5.29005961442282e-24	0.730339685420433	0.74	0.565	9.52898438345983e-20
ERGIC1	0	6.99392616462243e-24	0.860253236652992	0.395	0.187	1.25981592003344e-19
NCOA7	0	7.11045404217801e-24	0.750070318902569	0.479	0.258	1.28080608661752e-19
SAMD4A	0	8.22260576908927e-24	1.2298039923351	0.254	0.092	1.48113797718605e-19
RPS18	0	1.01951296889767e-23	0.28176673391589	1	1	1.83644871087538e-19
CHST12	0	1.07849837677428e-23	0.944535832469334	0.362	0.167	1.94269912608351e-19
GNL3	0	1.17723895389019e-23	0.770953940222587	0.444	0.231	2.1205605276424e-19
DEAF1	0	1.23277212619616e-23	1.19087509746872	0.287	0.115	2.22059243091714e-19
WEE1	0	1.2432653753258e-23	1.5837222014669	0.275	0.111	2.23949392057436e-19
ESYT2	0	1.3117683505052e-23	0.704464887004694	0.583	0.353	2.36288832976501e-19
FAM98A	0	1.54061521077952e-23	1.26312406553513	0.255	0.094	2.77511017917715e-19
NRBP1	0	1.68954649449604e-23	0.80717618436403	0.474	0.253	3.04338010053571e-19
JMJD8	0	1.87539810295505e-23	0.855803217576077	0.381	0.181	3.37815460285292e-19
SEP15	0	2.08521483674447e-23	0.392611653335461	0.911	0.771	3.75609748542782e-19
SLC30A1	0	2.29120256177692e-23	1.26944447799615	0.294	0.122	4.12714317452877e-19
PREX2	0	2.29950950010805e-23	0.915527385399187	0.274	0.103	4.14210646254464e-19
ODF3B	0	2.334319685039e-23	1.0254558278529	0.335	0.148	4.20481004866075e-19
POLR2H	0	2.38537431419129e-23	0.792428415675535	0.46	0.242	4.29677475215277e-19
MRPL27	0	2.68137951870743e-23	0.886858042567917	0.404	0.2	4.82996892704768e-19
SOX4	0	3.06517627638293e-23	0.537730467646917	0.474	0.251	5.52130202664858e-19
RUNX2	0	3.42457026365482e-23	1.02524219246361	0.301	0.124	6.16867841592143e-19
CHMP1B	0	3.49183172520999e-23	0.846003595152589	0.637	0.467	6.28983648662075e-19
SUMF1	0	4.81569727309321e-23	1.26193928280395	0.256	0.097	8.67451549802279e-19
IDUA	0	5.0182890780806e-23	0.926486935053079	0.339	0.15	9.03944411634659e-19
SSPN	0	6.32273322196617e-23	0.441979179559305	0.502	0.25	1.13891393527277e-18
TMEM47	0	7.01878918302165e-23	1.02927992234966	0.289	0.117	1.26429449553769e-18
A4GALT	0	7.12753305427448e-23	0.465888138202577	0.393	0.18	1.28388252906646e-18
C11orf24	0	8.87351015408339e-23	0.886480993348574	0.314	0.133	1.59838538405504e-18
MRPL3	0	8.8902537439628e-23	0.746348300106569	0.455	0.238	1.60140140690002e-18
SLC39A1	0	9.3165295283279e-23	0.732976948549152	0.518	0.294	1.6781864639377e-18
NDUFAF2	0	1.31140474218132e-22	0.838066799900398	0.399	0.198	2.36223336209122e-18
SEC23A	0	1.46479485463708e-22	0.788022932128285	0.443	0.231	2.63853497165778e-18
DUSP14	0	1.51722640712903e-22	1.1544079295242	0.279	0.113	2.73297992716153e-18
GALNT2	0	1.51725651582179e-22	0.741718949469647	0.436	0.224	2.73303416194979e-18
RPL12	0	1.54418640419387e-22	0.312737228170987	1	0.999	2.78154296987441e-18
DERL2	0	1.54618924763363e-22	0.796417654203706	0.426	0.218	2.78515069176245e-18
RPL22L1	0	1.57207950687473e-22	0.578518167286983	0.826	0.723	2.83178681573345e-18
NCKAP1	0	1.63040033503265e-22	0.685736960769755	0.435	0.213	2.93684012349431e-18
MLF1	0	1.86182026615023e-22	0.867111998837161	0.362	0.169	3.35369684541641e-18
SLC35F5	0	1.9768803404548e-22	0.996573496001235	0.333	0.15	3.56095455726124e-18
CMBL	0	2.0313677401494e-22	1.09004148030424	0.271	0.107	3.65910271033111e-18
HSPB1	0	2.11568077582942e-22	0.253349291520093	0.908	0.734	3.81097578150153e-18
COX7A1	0	2.33973592172013e-22	0.421905603509659	0.687	0.411	4.21456631579448e-18
DYNC2LI1	0	2.61128227835462e-22	0.89238372129482	0.364	0.172	4.70370276800018e-18
RNF19A	0	2.75666295722275e-22	0.810903320270294	0.448	0.237	4.96557698484534e-18
IFRD2	0	2.81056996688314e-22	1.01897130446718	0.306	0.13	5.0626796813466e-18
CRIP2	0	2.81436771505051e-22	0.28529716295067	0.368	0.162	5.06952056512049e-18
CYP27A1	0	2.82100706861458e-22	0.874678548074634	0.347	0.158	5.08148003269544e-18
SLC16A1	0	3.09290273841459e-22	1.16268678213601	0.27	0.107	5.5712457027062e-18
SC5D	0	3.13559814043619e-22	1.37013662057964	0.266	0.108	5.6481529303677e-18
FSTL3	0	3.15403353570791e-22	0.698606393319014	0.42	0.206	5.68136060787066e-18
EGR2	0	3.49855412719749e-22	0.355665764003674	0.532	0.298	6.30194554932084e-18
MCEE	0	3.8119943404988e-22	1.14444834761532	0.277	0.112	6.86654540554048e-18
TMEM179B	0	4.22671331753223e-22	0.592282785187508	0.601	0.356	7.61357869887081e-18
TRAM2	0	5.50244069669367e-22	1.0823387015966	0.282	0.115	9.9115464269543e-18
PRDX5	0	6.51415954270318e-22	0.352227842255441	0.915	0.792	1.17339555842712e-17
AKR7A2	0	6.80021794805389e-22	0.602049911656384	0.543	0.308	1.22492325898295e-17
TCF7L2	0	6.87098931437256e-22	0.971655863796906	0.305	0.131	1.23767130519793e-17
HEXB	0	6.97001229442167e-22	0.514025339853428	0.767	0.565	1.25550831459417e-17
ARMCX2	0	7.20046414699178e-22	1.03424691863987	0.282	0.115	1.29701960679763e-17
PHLDA2	0	8.12563915618204e-22	0.969965431253166	0.313	0.141	1.46367138120307e-17
PLXDC2	0	8.53720188947087e-22	0.41586389423677	0.603	0.346	1.53780617635039e-17
C4orf48	0	1.06722076739921e-21	0.603522078736624	0.623	0.399	1.9223847683162e-17
CAPN1	0	1.07396346980566e-21	0.763946132302461	0.467	0.259	1.93453039816094e-17
TOM1	0	1.13071550580575e-21	1.06891902085796	0.304	0.134	2.0367578406079e-17
DCUN1D5	0	1.15106248899988e-21	0.965711698247937	0.34	0.157	2.07340886143548e-17
DDOST	0	1.18551857831509e-21	0.546407825984242	0.761	0.551	2.13547461511897e-17
ANPEP	0	1.19620770433498e-21	1.0581926142649	0.259	0.101	2.1547289378186e-17
RHOC	0	1.2480867084014e-21	0.342186638734341	0.841	0.62	2.24817858784344e-17
PGRMC2	0	1.33943252937798e-21	0.929034133988913	0.364	0.177	2.41271981516855e-17
GSTA4	0	1.35495679566813e-21	0.873555114923871	0.323	0.142	2.440683676037e-17
COQ10B	0	1.38478293685581e-21	0.787253010345761	0.466	0.257	2.49440950415838e-17
GPAA1	0	1.60062579563751e-21	0.542684447856798	0.606	0.369	2.88320724568185e-17
TBC1D20	0	1.68618005591165e-21	1.18182396343328	0.25	0.095	3.03731613471365e-17
VGLL4	0	1.80043293547478e-21	0.761139188016568	0.451	0.242	3.24311984667073e-17
SNTB2	0	1.889697209757e-21	0.928909597319935	0.31	0.137	3.40391158393529e-17
QSOX1	0	2.00446391398486e-21	0.886289963382146	0.366	0.178	3.61064084826092e-17
ITGAE	0	2.09233029521909e-21	0.853182271156689	0.386	0.193	3.76891456077815e-17
DNAJB9	0	2.28046210514814e-21	0.814391299869426	0.456	0.255	4.10779639000334e-17
MAP4K4	0	2.33355209112675e-21	0.795158208431107	0.425	0.226	4.20342738174662e-17
CAMSAP2	0	2.33436390814861e-21	1.00853472795759	0.3	0.13	4.20488970774809e-17
TMEM214	0	3.36139215591322e-21	0.8979981855942	0.328	0.149	6.05487569044648e-17
MAGEH1	0	3.51354887458386e-21	0.758632332405993	0.385	0.189	6.32895558778792e-17
KLF4	0	3.53296331379376e-21	0.423490550838378	0.841	0.712	6.36392681713669e-17
ICMT	0	3.74866598599973e-21	1.07107390556163	0.274	0.113	6.75247204058132e-17
PDLIM4	0	3.931407218634e-21	0.422180575867805	0.484	0.246	7.08164382292542e-17
SEC13	0	4.75388126136719e-21	0.921871143052121	0.372	0.186	8.56316631610072e-17
ALG3	0	4.80943621971167e-21	1.04559257748527	0.283	0.12	8.66323746256663e-17
CAPN2	0	5.33925722582227e-21	0.601814319605158	0.576	0.345	9.61760404087365e-17
NBPF1	0	5.45866949460242e-21	0.881138148764483	0.345	0.164	9.83270136062734e-17
COPG1	0	5.86357352432485e-21	0.898836854532776	0.328	0.151	1.05620549893663e-16
SLC35B2	0	6.63645673664106e-21	0.937898380547189	0.306	0.134	1.19542495197115e-16
NAF1	0	6.94593571182634e-21	1.22745231938881	0.254	0.102	1.25117139977128e-16
VSTM4	0	9.99771865851513e-21	1.13469075173894	0.255	0.102	1.80088906195833e-16
RAB1A	0	1.13211649384959e-20	0.567747712328035	0.68	0.476	2.03928144037126e-16
TPGS2	0	1.41405190158729e-20	1.15045112211689	0.266	0.111	2.54713169032919e-16
NTMT1	0	1.43597355227716e-20	0.997224596973474	0.321	0.148	2.58661915971685e-16
PTPLAD1	0	1.57863824670281e-20	0.563832662324651	0.484	0.259	2.84360107378577e-16
DBN1	0	1.62123906129556e-20	1.1216716710893	0.306	0.139	2.92033792111169e-16
TMEM115	0	1.67711060583099e-20	0.875714562479504	0.332	0.154	3.02097933428336e-16
C1orf21	0	1.75407030642535e-20	0.459095829340109	0.475	0.246	3.15960684296398e-16
CRELD1	0	2.15259220649304e-20	0.926022534818007	0.331	0.155	3.87746434155591e-16
C15orf61	0	2.296250590576e-20	0.947716077903331	0.335	0.159	4.13623618880456e-16
MPG	0	2.39183965098711e-20	0.514110382795269	0.648	0.416	4.30842076332308e-16
TPM4	0	2.74104479114966e-20	0.297720947915379	0.96	0.843	4.93744398229788e-16
BHLHE41	0	2.94289951099505e-20	0.784938366113228	0.367	0.181	5.30104488915539e-16
FAM92A1	0	3.09836895564107e-20	0.885458079235764	0.282	0.119	5.58109199979626e-16
TMTC3	0	3.23382642822949e-20	1.09417191137047	0.251	0.1	5.82509154516978e-16
PIGK	0	3.23483389489013e-20	0.892414142175187	0.317	0.146	5.82690629486559e-16
POLE4	0	3.56895886775048e-20	0.681839816813952	0.47	0.26	6.42876560847894e-16
TUBB6	0	3.69741445683795e-20	0.525145583654619	0.563	0.333	6.6601526611022e-16
CSTA	0	3.72121974035912e-20	0.53201944475135	0.36	0.17	6.70303311830888e-16
ADK	0	3.74986867025354e-20	1.01942304410033	0.308	0.141	6.75463843572771e-16
ACO1	0	4.28902890147361e-20	1.20804082300628	0.256	0.106	7.72582776022441e-16
NT5E	0	4.78505520359637e-20	0.987109516203418	0.302	0.135	8.61931993823815e-16
PLSCR4	0	6.35007764955329e-20	0.45418709046565	0.494	0.261	1.14383948701403e-15
EIF4G1	0	6.98858995555888e-20	0.651731009165871	0.476	0.266	1.25885470869482e-15
B4GALT7	0	7.4277897168029e-20	1.08567335068701	0.266	0.112	1.33796776168771e-15
LMAN2	0	7.64085030192156e-20	0.487904824082135	0.775	0.596	1.37634636488513e-15
DNASE2	0	8.8902859960177e-20	0.91223626064892	0.312	0.143	1.60140721646267e-15
SNAPC1	0	8.97631474168258e-20	1.23507037634898	0.275	0.121	1.61690357441928e-15
MAN1A1	0	9.42903175258496e-20	0.513930401706192	0.622	0.398	1.69845148959313e-15
KDM5B	0	9.97409106061964e-20	1.13836296294888	0.259	0.108	1.79663302274942e-15
TMA16	0	1.0037768705724e-19	0.924568050134706	0.291	0.129	1.80810327696206e-15
LAPTM4B	0	1.10530135918369e-19	0.649832062630466	0.398	0.202	1.99097933829759e-15
ZCCHC24	0	1.24859824521008e-19	0.522139714024691	0.428	0.22	2.24910001909692e-15
DPM2	0	1.52562450622502e-19	0.804587621351038	0.362	0.18	2.74810742306312e-15
IARS	0	1.6717928665923e-19	0.902600087553209	0.323	0.153	3.01140049059272e-15
DNAJC1	0	1.70570975814905e-19	0.960012220325998	0.32	0.152	3.07249498735388e-15
HEBP1	0	1.7111956954481e-19	0.729569866803531	0.425	0.231	3.08237680621067e-15
CDC26	0	1.74085396719293e-19	0.59963756985663	0.491	0.279	3.13580025110463e-15
GALNT11	0	2.05934016707361e-19	0.778382495680281	0.347	0.168	3.70948944294969e-15
RARS2	0	2.15801814854574e-19	0.954904805852879	0.306	0.142	3.88723809097544e-15
MPV17	0	2.38087839957699e-19	0.743681990940021	0.368	0.185	4.28867626115802e-15
CHCHD5	0	2.47750654743337e-19	0.740620924421675	0.428	0.234	4.46273254389174e-15
RWDD1	0	2.50072084643057e-19	0.561927459519032	0.625	0.396	4.50454846067539e-15
SH3D19	0	2.68191151123784e-19	0.305285476229673	0.468	0.238	4.83092720519272e-15
NFATC2	0	2.72782570710464e-19	1.538382793069	0.274	0.126	4.9136324462076e-15
TCEA3	0	3.41705686319641e-19	0.923368190710848	0.277	0.12	6.15514452767569e-15
ERI3	0	3.59940309883494e-19	0.738882049652673	0.387	0.202	6.48360480193139e-15
MRPS15	0	3.83100744537429e-19	0.69433383891162	0.429	0.234	6.9007937113527e-15
UBA5	0	4.10181969996279e-19	1.09198092772118	0.256	0.108	7.38860782554298e-15
EPRS	0	4.2297760137336e-19	0.718907337307804	0.386	0.201	7.61909553353834e-15
MRTO4	0	4.27395966826116e-19	0.971777862447428	0.298	0.138	7.69868355043883e-15
LONRF1	0	4.80414091876299e-19	0.798738098706908	0.298	0.134	8.65369903696778e-15
CYB5A	0	4.8564199487686e-19	0.342075577149018	0.591	0.337	8.74786925371688e-15
GGCT	0	5.27899407936996e-19	0.862825982901027	0.368	0.192	9.50905203516911e-15
ANXA6	0	5.28332363980755e-19	0.526811153748589	0.518	0.297	9.51685087238534e-15
FAM198B	0	5.58475727437489e-19	0.415744618882985	0.607	0.378	1.00598232783315e-14
REV3L	0	5.74848043038901e-19	0.849722569160823	0.493	0.299	1.03547377992597e-14
CHIC2	0	5.86383940902552e-19	0.800256076070786	0.41	0.226	1.05625339274777e-14
TAF12	0	6.72942177412452e-19	0.730617956236397	0.414	0.225	1.21217074417305e-14
SYNE1	0	6.8227370584319e-19	0.600844310128093	0.468	0.264	1.22897962633534e-14
VPS25	0	7.1647432786214e-19	0.681244888227608	0.41	0.217	1.29058520677807e-14
RAB13	0	9.58061267986086e-19	0.486449402575719	0.621	0.412	1.72575576202334e-14
CCDC53	0	1.13670010817356e-18	0.66241701714669	0.42	0.228	2.04753790485304e-14
IMPAD1	0	1.14217522646267e-18	0.559614419443354	0.448	0.244	2.0574002354272e-14
ZC3H12A	0	1.19143018028735e-18	1.03353056003063	0.25	0.104	2.1461231837516e-14
BLOC1S2	0	1.24485686143347e-18	0.716843897197825	0.466	0.272	2.24236066450011e-14
PSMD7	0	1.31934172809015e-18	0.667171996104593	0.456	0.261	2.37653025480878e-14
TPI1	0	1.37584994211032e-18	0.374049128388198	0.911	0.827	2.47831850072332e-14
SMARCD2	0	1.59433365131861e-18	0.840165385489855	0.364	0.189	2.87187320612022e-14
STT3A	0	1.89072607783061e-18	0.824267797060828	0.32	0.154	3.40576488399628e-14
ECM2	0	1.90450317040962e-18	0.589805690393123	0.381	0.193	3.43058156085885e-14
ZNF106	0	2.13686094606247e-18	0.563657194671688	0.549	0.333	3.84912762214234e-14
GOLGA3	0	2.32483131276795e-18	0.873204233425428	0.343	0.174	4.18771864368892e-14
ZDHHC4	0	2.33590643672401e-18	1.09399333569275	0.256	0.111	4.20766826447097e-14
SMOC2	0	2.40172025076357e-18	0.737236358444864	0.274	0.12	4.32621868770042e-14
ARL2BP	0	2.6175203918395e-18	0.680453656409033	0.451	0.255	4.71493948182048e-14
CDIPT	0	2.80516566554907e-18	0.728815713602411	0.443	0.256	5.05294491335355e-14
NME1-NME2	0	3.11733937834642e-18	1.09295803242558	0.258	0.113	5.61526342221541e-14
ACOX1	0	3.61096478031049e-18	1.07136800301263	0.256	0.112	6.50443085877328e-14
ATXN7	0	3.67056669490651e-18	0.801750885741536	0.354	0.182	6.6117917875351e-14
MORF4L2	0	3.98723803582919e-18	0.34639657219225	0.864	0.692	7.18221187393913e-14
GNPDA2	0	4.07887736248373e-18	1.0444525576386	0.258	0.112	7.34728179304195e-14
MMP24-AS1	0	4.3447164824223e-18	0.638585282084063	0.444	0.25	7.82613779978729e-14
IFI27	0	4.44120457624522e-18	0.543277611072001	0.791	0.64	7.99994180319051e-14
RWDD4	0	4.6070820693421e-18	0.989479864180887	0.254	0.109	8.29873693150592e-14
TMEM9	0	4.70002707197729e-18	0.642049177759888	0.395	0.21	8.4661587647527e-14
EMC7	0	5.00101713244755e-18	0.445215737374148	0.623	0.395	9.00833216067777e-14
NHLRC3	0	5.51023144139848e-18	0.76949332503776	0.363	0.187	9.92557989539107e-14
TWF1	0	5.62732365771434e-18	0.857554745568974	0.345	0.177	1.01364981046408e-13
AP2A1	0	6.19799039218122e-18	0.686613070669833	0.391	0.207	1.1164440093436e-13
WIPI1	0	7.94158824936107e-18	0.875714562479504	0.294	0.137	1.43051829135741e-13
CCDC25	0	8.04685791765026e-18	0.644255149382386	0.374	0.192	1.44948051670634e-13
HIGD1A	0	8.76650539210052e-18	0.475869995416449	0.51	0.301	1.57911061627907e-13
SH3GL1	0	9.28189225133022e-18	0.728789398815392	0.359	0.184	1.67194725123211e-13
PDCD5	0	9.94162114435554e-18	0.458860522229806	0.628	0.413	1.79078421673276e-13
MPDZ	0	1.0454750964894e-17	0.816714351797555	0.277	0.124	1.88321429130636e-13
LRP10	0	1.05726951470461e-17	0.569023385408843	0.525	0.318	1.90445957683741e-13
METTL7A	0	1.10768729344904e-17	0.521480464165894	0.57	0.347	1.99527712168975e-13
ITSN1	0	1.23653271856587e-17	0.937633690143568	0.266	0.119	2.2273663859527e-13
NOTCH2	0	1.24328040262421e-17	0.578199673145288	0.467	0.27	2.23952098924698e-13
P4HA1	0	1.32578447681056e-17	0.776484367630323	0.382	0.205	2.38813557807885e-13
WDR45	0	1.33908187106151e-17	0.668865234091953	0.406	0.224	2.4120881743431e-13
ETFB	0	1.49197404072135e-17	0.411006699876322	0.702	0.487	2.68749283955136e-13
DEXI	0	1.59084439583571e-17	0.803875425532216	0.308	0.148	2.86558801021886e-13
STMN3	0	1.60375626237426e-17	1.0518788403327	0.26	0.117	2.88884615541476e-13
FIBP	0	1.81738088759624e-17	0.565912116053597	0.497	0.296	3.2736481928271e-13
DHRS3	0	1.85884869859917e-17	0.683029912525208	0.609	0.436	3.34834416078668e-13
STOM	0	2.0687576358998e-17	0.338572218912296	0.709	0.512	3.72645312954631e-13
LATS2	0	2.08338516324857e-17	0.862186959352494	0.308	0.15	3.75280169455966e-13
TNFSF10	0	2.13440783966756e-17	0.720390440029135	0.382	0.208	3.84470884159317e-13
CMTM8	0	2.20014030279876e-17	1.13587197808678	0.255	0.114	3.96311272743141e-13
FAM20A	0	2.36376769539616e-17	0.81681708956088	0.316	0.154	4.25785474971711e-13
DYNLT1	0	2.51488157684403e-17	0.483231505701244	0.684	0.477	4.53005618436915e-13
INSIG2	0	2.55927868116677e-17	0.973876328331426	0.263	0.119	4.6100286883857e-13
FKBP2	0	2.93192692884269e-17	0.313827569196788	0.906	0.743	5.28127997692433e-13
SLC52A2	0	3.01569853125003e-17	0.835800192928453	0.314	0.155	5.43217776434068e-13
FAM229B	0	3.05861029444509e-17	0.614300252313872	0.343	0.171	5.50947472338395e-13
SHC1	0	3.11319763203894e-17	0.423804896530902	0.397	0.204	5.60780289459174e-13
ATP5G1	0	3.16513622203031e-17	0.421255838429967	0.78	0.597	5.7013598767432e-13
NXT1	0	3.42918926852127e-17	0.746124542503906	0.364	0.194	6.17699862938737e-13
HOMER3	0	3.48358869074897e-17	0.653243932609641	0.327	0.161	6.27498830864612e-13
COPZ1	0	3.52276226790055e-17	0.536516358277721	0.506	0.298	6.34555167316927e-13
NMB	0	3.63107000756326e-17	0.866118335554833	0.277	0.128	6.5406464046237e-13
C10orf32	0	4.47594298802232e-17	0.633761980028747	0.447	0.258	8.0625161043246e-13
PRDX6	0	4.55735347929083e-17	0.340036869873453	0.896	0.765	8.20916082224657e-13
COL18A1	0	5.22595929148269e-17	0.361973362442004	0.503	0.297	9.41352047174776e-13
UFM1	0	5.48297653104733e-17	0.461484905870646	0.664	0.45	9.87648562537555e-13
EVA1B	0	5.93254648806608e-17	0.54870208220419	0.568	0.376	1.06862959889534e-12
SESTD1	0	6.83429793556339e-17	0.610211016371142	0.391	0.214	1.23106208713303e-12
NDUFS3	0	6.84492641301646e-17	0.537360450963461	0.463	0.267	1.23297659477665e-12
ARRDC3	0	7.33510803759706e-17	0.571017771887812	0.507	0.311	1.32127301081236e-12
ZBTB21	0	7.62767796167672e-17	1.06416651530953	0.252	0.115	1.37397363123683e-12
AGTRAP	0	7.81844846890594e-17	0.536077892422524	0.501	0.297	1.40833712270403e-12
GPC1	0	7.95216625520593e-17	0.61073363729368	0.323	0.156	1.43242370755024e-12
GSTM3	0	8.6189235637844e-17	0.609524337104777	0.352	0.182	1.55252670154448e-12
PSMG3	0	1.02341341823992e-16	0.785343918604152	0.341	0.178	1.84347459027556e-12
NQO2	0	1.02620706539761e-16	0.642183275918732	0.418	0.237	1.84850678690071e-12
JAM3	0	1.07030857651139e-16	0.759907361248055	0.321	0.16	1.92794683886997e-12
KIAA1430	0	1.13874290629733e-16	0.528459634264137	0.448	0.253	2.05121759711338e-12
BZW2	0	1.1434480126331e-16	0.90191667433444	0.281	0.134	2.059692905156e-12
PER2	0	1.26752362739163e-16	0.734379875032596	0.336	0.172	2.28319031002055e-12
RSL1D1	0	1.27130283361545e-16	0.528391749654357	0.586	0.385	2.28999779419151e-12
ATP2A2	0	1.40431237862043e-16	0.606185855755828	0.517	0.322	2.52958788760898e-12
VCL	0	1.45884683972387e-16	0.536918028610063	0.474	0.279	2.62782081239461e-12
GMDS	0	1.49675296520219e-16	0.94693586316316	0.275	0.13	2.6961011162187e-12
SCARB2	0	1.58487430720143e-16	0.397281260310446	0.663	0.432	2.85483408956193e-12
NFIC	0	1.60794033536436e-16	0.383287988230947	0.709	0.507	2.89638292609182e-12
LSM2	0	1.64308150648514e-16	0.563427922515323	0.428	0.24	2.95968271763169e-12
GPC6	0	1.6950637183174e-16	0.562960274199757	0.368	0.192	3.05331827580513e-12
BAD	0	1.70922404402748e-16	0.510528654966721	0.48	0.278	3.07882527050669e-12
SLC35F6	0	1.95694308765703e-16	0.941311313969282	0.278	0.134	3.52504158379661e-12
GOLIM4	0	2.06938046566539e-16	0.543818173447426	0.598	0.393	3.72757503280306e-12
CCDC6	0	2.35325730126244e-16	0.830325062862302	0.306	0.152	4.23892237676404e-12
DAP	0	2.396343184417e-16	0.625365801542529	0.44	0.256	4.31653297809034e-12
MRPL37	0	2.50335791772645e-16	0.962885654169174	0.26	0.121	4.50929861720066e-12
C11orf73	0	2.58398273782288e-16	0.587710788103798	0.451	0.262	4.65452810564034e-12
RYBP	0	2.99643158701046e-16	0.760769482886187	0.372	0.204	5.39747221768194e-12
MDFIC	0	3.00696614030571e-16	0.527263091628563	0.501	0.302	5.41644810853267e-12
RBMS3	0	3.08978265549366e-16	0.307312273520067	0.655	0.419	5.56562549734074e-12
PHLDB1	0	3.11925172984431e-16	0.547548434233578	0.44	0.251	5.61870814096856e-12
MED8	0	3.32690212966923e-16	0.871951618536388	0.305	0.154	5.99274880617318e-12
C14orf119	0	3.43975539938666e-16	0.753116437614182	0.358	0.194	6.19603140091519e-12
PLAGL1	0	3.45369476178645e-16	0.630491879720305	0.402	0.226	6.22114037440593e-12
EPDR1	0	3.51665715641905e-16	0.724851554104437	0.31	0.152	6.33455453585764e-12
JTB	0	3.92589843041323e-16	0.465545365404941	0.746	0.598	7.07172084270336e-12
RBFOX2	0	4.34078259411144e-16	0.681963134973827	0.333	0.172	7.81905168677294e-12
TGFB1I1	0	4.39732211953962e-16	0.399473663590675	0.417	0.226	7.92089633392672e-12
NUDT4	0	4.77305801832268e-16	0.540736932902022	0.371	0.201	8.59770940840465e-12
COPA	0	4.85475224400236e-16	0.496393146163062	0.564	0.358	8.74486521712144e-12
IFT43	0	5.2960364296788e-16	0.800073698845224	0.301	0.15	9.53975042078042e-12
GMPPA	0	5.43062588003455e-16	0.964651846425479	0.252	0.117	9.78218639770623e-12
LSM10	0	5.65802570198481e-16	0.640807360129634	0.371	0.202	1.01918016969852e-11
MRPL13	0	7.94712717796902e-16	0.631109773325464	0.382	0.209	1.43151601856756e-11
TJP2	0	8.09222095473064e-16	0.873223732598138	0.25	0.114	1.45765176057563e-11
EI24	0	8.10684857713018e-16	0.626215252564345	0.405	0.229	1.46028663419846e-11
TWSG1	0	8.19572492207096e-16	0.617117254084534	0.352	0.185	1.47629593021264e-11
SESN3	0	8.33288230722602e-16	0.52122947019916	0.517	0.315	1.50100209000062e-11
CD99L2	0	8.34931315139702e-16	0.790607116199921	0.255	0.117	1.50396177796115e-11
NDUFA6	0	8.36881226422072e-16	0.455528111810286	0.559	0.353	1.50747415315408e-11
RAD50	0	9.35669658919567e-16	0.796062436001221	0.302	0.152	1.68542175661182e-11
CTNNB1	0	9.406200106465e-16	0.585071754723062	0.734	0.574	1.69433882517754e-11
TCEAL8	0	9.58945389662275e-16	0.386951202321531	0.655	0.442	1.72734833039866e-11
TMEM261	0	9.70294500096673e-16	0.651091374909821	0.379	0.207	1.74779148302414e-11
RARS	0	1.07633865698726e-15	0.732088843406346	0.327	0.17	1.93880882283115e-11
SOCS5	0	1.13568207604002e-15	0.905570471232627	0.26	0.122	2.04570412357089e-11
IMPDH2	0	1.36475831781396e-15	0.558119011130258	0.444	0.261	2.45833915787829e-11
ADD3	0	1.36700653322214e-15	0.35228907638956	0.671	0.456	2.46238886829303e-11
RRAS	0	1.37246558702045e-15	0.352460605553611	0.522	0.31	2.47222226189994e-11
YIPF3	0	1.80176260558728e-15	0.451459490872526	0.563	0.355	3.24551498144437e-11
IWS1	0	1.84049041308248e-15	0.90980077437223	0.281	0.139	3.31527538108547e-11
EMC2	0	1.87761661334486e-15	0.582681255959742	0.453	0.273	3.38215080561809e-11
TMCO3	0	1.97617684572427e-15	0.761575607906726	0.316	0.164	3.55968735220313e-11
VAMP5	0	2.03905757825218e-15	0.290299001081773	0.601	0.386	3.67295441570564e-11
SRP72	0	2.06021188087316e-15	0.493065295129009	0.455	0.266	3.71105966101683e-11
GANAB	0	2.19313154277963e-15	0.502352924018783	0.457	0.272	3.95048784800894e-11
ADAMTS1	0	2.36655966747479e-15	0.652393321841395	0.355	0.198	4.26288392902234e-11
TCN2	0	2.56207939010744e-15	0.718342611380276	0.332	0.178	4.61507360540054e-11
G6PC3	0	2.59379825444236e-15	0.789489458344415	0.302	0.154	4.67220879572702e-11
TMED7	0	2.6774617738344e-15	0.438998478724446	0.505	0.305	4.82291189320791e-11
GPR124	0	2.83656272185737e-15	0.644795473367313	0.266	0.124	5.10950043088168e-11
RER1	0	3.03877635406149e-15	0.370017610883481	0.735	0.528	5.47374784657097e-11
POR	0	3.09649142582268e-15	0.735259507117538	0.324	0.169	5.57771000533439e-11
TMEM87A	0	3.26397172068695e-15	0.493287765884998	0.518	0.321	5.87939226047341e-11
ADAM9	0	3.35236326352766e-15	0.43978866498982	0.43	0.244	6.03861194659238e-11
TXNRD1	0	3.47347197525143e-15	0.838226930322993	0.289	0.145	6.2567650690204e-11
AMOTL1	0	3.54179303360143e-15	0.690460829764414	0.262	0.122	6.37983179142625e-11
NIFK	0	3.65269739764285e-15	0.653116225036259	0.37	0.204	6.57960382237406e-11
JAK1	0	3.71524947073572e-15	0.4204555738952	0.603	0.408	6.69227887163625e-11
RAB6A	0	3.87354585591402e-15	0.550320640569851	0.437	0.257	6.97741815025792e-11
SYNC	0	3.96594469023025e-15	0.868714815401188	0.273	0.134	7.14385617051175e-11
LRRFIP2	0	4.10842833832767e-15	0.8456479788848	0.291	0.148	7.40051196582963e-11
SLC30A7	0	4.23948234236031e-15	0.787611399377759	0.325	0.174	7.63657954329364e-11
TMEM59	0	4.39349341943526e-15	0.250695267108125	0.972	0.929	7.91399969642873e-11
ENPP2	0	4.55775149291461e-15	0.502376459203261	0.32	0.165	8.20987776418709e-11
CAMLG	0	5.46987092206837e-15	0.384067893668926	0.567	0.35	9.85287849192175e-11
URI1	0	5.48459513434907e-15	0.583011334217679	0.382	0.214	9.87940121550299e-11
HIST1H2BK	0	5.51374802409191e-15	0.836528642850968	0.3	0.155	9.93191431579676e-11
MAP4K5	0	6.50852864039603e-15	0.721956682693655	0.335	0.181	1.17238126399454e-10
DIMT1	0	6.53026461658368e-15	0.856264295488169	0.262	0.126	1.17629656538522e-10
DCTD	0	6.84139414646323e-15	0.622321611568892	0.331	0.175	1.23234032760242e-10
HDDC2	0	8.44859263069432e-15	0.440808635851368	0.476	0.281	1.52184499056697e-10
EIF5B	0	9.22135503513969e-15	0.410298857817288	0.491	0.296	1.66104268247971e-10
SETD7	0	9.75203318150647e-15	0.641016204229722	0.37	0.209	1.75663373698476e-10
TIMM8B	0	1.00477454699595e-14	0.421040482240222	0.667	0.478	1.8099003915038e-10
ERGIC2	0	1.10862298120986e-14	0.455989663454913	0.587	0.396	1.99696257605333e-10
SNRPD2	0	1.1717713103255e-14	0.33091901586636	0.771	0.563	2.11071166128932e-10
AP1S1	0	1.18744421453592e-14	0.784998342210885	0.333	0.184	2.13894326364356e-10
ZMPSTE24	0	1.19140364221262e-14	0.751137795859069	0.341	0.191	2.14607538071758e-10
NAE1	0	1.20182373818502e-14	0.578908191438282	0.332	0.174	2.16484509959267e-10
PDE4D	0	1.22732215621455e-14	1.01179970878045	0.283	0.147	2.21077539998926e-10
UQCC2	0	1.25413713180152e-14	0.430006537893229	0.548	0.349	2.25907721551408e-10
TMEM14A	0	1.30059600499859e-14	0.676461201603236	0.298	0.151	2.34276358380397e-10
ACTR1A	0	1.38987674643034e-14	0.882035659111074	0.271	0.137	2.50358498334497e-10
RAN	0	1.4699008810828e-14	0.336941490952669	0.865	0.734	2.64773245709444e-10
CEBPB	0	1.63831707133697e-14	0.506133296655405	0.838	0.757	2.95110054059929e-10
TMED1	0	1.71122293496796e-14	0.672009977658242	0.358	0.201	3.08242587275779e-10
GSTT1	0	1.82151777432694e-14	0.593447195731136	0.327	0.172	3.28109996689512e-10
PDAP1	0	2.00974908373933e-14	0.501799265740516	0.507	0.321	3.62016102453966e-10
TIMM13	0	2.18767515457177e-14	0.462549086135419	0.603	0.414	3.94065925593012e-10
PTPRS	0	2.21284385362426e-14	0.333931076132196	0.37	0.198	3.98599563353339e-10
APRT	0	2.48332846168001e-14	0.330821384197049	0.856	0.727	4.4732195580242e-10
ILF2	0	2.532301430912e-14	0.49565140825154	0.561	0.376	4.56143456750178e-10
TMEM55A	0	2.70695759974094e-14	0.684094746491038	0.324	0.172	4.87604272441336e-10
ROMO1	0	2.71650544295569e-14	0.386772784883143	0.69	0.487	4.89324125439609e-10
NR2F6	0	2.89600863532757e-14	0.837692252269662	0.263	0.13	5.21658035481555e-10
FOXP1	0	3.10067129814588e-14	0.380413018957921	0.533	0.338	5.58523920935017e-10
DSE	0	3.14556702815574e-14	0.385377442511915	0.528	0.331	5.66610988781694e-10
EIF3B	0	3.16116400445359e-14	0.573848078999047	0.412	0.245	5.69420472122225e-10
CMPK1	0	3.42244155561974e-14	0.404053451228316	0.652	0.454	6.16484397413783e-10
TMEM147	0	3.44794141668254e-14	0.468532307240696	0.534	0.343	6.21077687387026e-10
CRLS1	0	3.47852238709884e-14	0.928132073700528	0.252	0.124	6.26586237588113e-10
MNAT1	0	3.58828854950549e-14	0.831684084456221	0.255	0.124	6.46358416422424e-10
EHD2	0	3.79869622154444e-14	0.402775914812574	0.382	0.209	6.842591503868e-10
TMEM91	0	3.88384140428448e-14	0.825669512647755	0.263	0.131	6.99596352153763e-10
MYADM	0	3.98262024270955e-14	0.346801607009254	0.81	0.685	7.17389384319271e-10
CSNK1G3	0	4.15919002658339e-14	0.793330855380101	0.305	0.163	7.49194899488466e-10
NAA50	0	4.38904638218201e-14	0.636671081415858	0.377	0.218	7.90598924822445e-10
ALG2	0	4.98283119742139e-14	0.766813582737146	0.259	0.127	8.97557383591514e-10
DCUN1D3	0	5.46305853372851e-14	0.816714351797555	0.271	0.137	9.84060733680517e-10
USO1	0	5.87808321840398e-14	0.460221052981882	0.413	0.236	1.05881913013111e-09
HDAC7	0	6.46341396294095e-14	0.598313440159181	0.331	0.178	1.16425475714455e-09
PHYHD1	0	6.81248389856895e-14	0.694185587509518	0.267	0.132	1.22713272464923e-09
SLC20A1	0	6.94796524297884e-14	0.727189694996784	0.48	0.316	1.25153697921778e-09
HIVEP1	0	7.28482631139846e-14	0.749088559735122	0.259	0.128	1.31221576347221e-09
GOLGA2	0	7.30713533462818e-14	0.480468939773877	0.381	0.216	1.31623428782657e-09
TMEM126B	0	7.91589475277295e-14	0.588050515545603	0.404	0.238	1.42589012181699e-09
AHI1	0	8.62042408392544e-14	0.434385977513584	0.368	0.207	1.55279699023749e-09
GPI	0	9.10586999104393e-14	0.772141555706135	0.282	0.146	1.64024036148674e-09
FDXR	0	9.19931024064934e-14	0.941009074894562	0.26	0.133	1.65707175364816e-09
TRIAP1	0	9.20738874609203e-14	0.861277098944277	0.282	0.148	1.65852693483356e-09
GAS6	0	9.42928704196608e-14	0.327848860887945	0.8	0.71	1.69849747486935e-09
COPB1	0	1.06082901911147e-13	0.409279723867379	0.561	0.372	1.91087131212548e-09
MICU1	0	1.09366154959375e-13	0.6203838073274	0.278	0.14	1.97001254928321e-09
SUMF2	0	1.10250285877965e-13	0.577505435587553	0.416	0.251	1.98593839951979e-09
NDUFA8	0	1.11515852858165e-13	0.523218249375421	0.385	0.222	2.00873505753413e-09
CRISPLD1	0	1.14013413703791e-13	0.619209419361025	0.269	0.133	2.05372362104639e-09
MRPS25	0	1.24134952960195e-13	0.742990382565852	0.309	0.17	2.23604290767199e-09
PITPNB	0	1.36616474527086e-13	0.58709138307312	0.39	0.229	2.4608725556564e-09
ANAPC11	0	1.39544623988949e-13	0.353686099799047	0.742	0.547	2.51361731191294e-09
MRPL41	0	1.5100741131531e-13	0.360999826007518	0.699	0.514	2.72009650002267e-09
GCC2	0	1.63291161532246e-13	0.45091552765621	0.495	0.308	2.94136369268035e-09
MRPL12	0	1.64961447618681e-13	0.666362506147382	0.332	0.185	2.9714505559553e-09
PLAU	0	1.6515521353842e-13	1.00904496493581	0.356	0.209	2.97494086146755e-09
LRPAP1	0	1.86327961921354e-13	0.388525409387535	0.777	0.615	3.35632557808935e-09
NT5C3B	0	1.86393356160415e-13	0.796325909863442	0.25	0.124	3.35750352451756e-09
GPX4	0	1.89021402156052e-13	0.286446854300226	0.966	0.903	3.40484251703696e-09
MRPL15	0	2.17977854364524e-13	0.743557011943895	0.291	0.156	3.92643509066816e-09
CLIP1	0	2.22864586891961e-13	0.682044128379652	0.323	0.178	4.0144598036849e-09
ALKBH5	0	2.26194275743049e-13	0.78617803314381	0.35	0.207	4.07443748895955e-09
YIPF5	0	2.35033626109056e-13	0.547161730861172	0.41	0.246	4.23366070710242e-09
CREB3	0	2.35953345001336e-13	0.726678470548341	0.289	0.153	4.25022760350907e-09
EPB41L2	0	2.50407560821791e-13	0.337702304723777	0.629	0.43	4.51059139308292e-09
CNRIP1	0	2.7363935429823e-13	0.783753445158858	0.26	0.132	4.92906568897401e-09
TNKS1BP1	0	2.78724100832348e-13	0.676707674697084	0.293	0.155	5.02065722829308e-09
ACAA2	0	2.96584354151905e-13	0.763745255799646	0.259	0.131	5.34237397133827e-09
LHFPL2	0	3.26652348384007e-13	0.638338098688281	0.31	0.168	5.88398875144112e-09
MTRNR2L8	0	3.37026998005921e-13	0.38746181566827	0.945	0.909	6.07086731508065e-09
ANAPC5	0	4.60145396913043e-13	0.454974703836477	0.474	0.296	8.28859903459464e-09
TMEM161A	0	4.7456218178649e-13	0.788271822845867	0.258	0.131	8.54828858052005e-09
ITPRIPL2	0	4.77751316409646e-13	0.564443138972016	0.352	0.2	8.60573446248696e-09
RHOB	0	4.89179535927535e-13	0.591372572883511	0.785	0.73	8.8115909806627e-09
UNC50	0	5.33869879002623e-13	0.382627564762838	0.474	0.29	9.61659813047424e-09
COMMD5	0	5.37001655061269e-13	0.789444557236714	0.26	0.134	9.67301081261864e-09
HNRNPAB	0	5.4122689698512e-13	0.440717300025254	0.606	0.42	9.74912009539296e-09
ARHGAP1	0	6.26193521169189e-13	0.586806725572356	0.332	0.188	1.12796238968206e-08
DDX1	0	6.29137735969451e-13	0.651017232759028	0.351	0.206	1.13326580380177e-08
BOLA3	0	6.38541586970511e-13	0.588419051406144	0.34	0.193	1.15020496060998e-08
MGAT2	0	6.4159306262401e-13	0.790908735429749	0.267	0.14	1.15570158370463e-08
CHD3	0	6.57716675080502e-13	0.433806288688401	0.417	0.248	1.18474504682251e-08
TXLNA	0	7.30216416531514e-13	0.594859557945276	0.287	0.152	1.31533883109822e-08
PDZD11	0	8.0980354746372e-13	0.766129159819575	0.259	0.134	1.4586991300464e-08
MBTPS1	0	8.67616817780185e-13	0.389398522740274	0.43	0.257	1.56283817386745e-08
ERGIC3	0	8.75930830561326e-13	0.371692087081683	0.53	0.34	1.57781420509012e-08
C7orf73	0	9.18685276278839e-13	0.411679857361708	0.673	0.513	1.65482778816107e-08
SRGAP1	0	9.95213025865307e-13	0.753654656251608	0.254	0.13	1.79267722349118e-08
UGGT2	0	1.03038013985977e-12	0.727154100932825	0.266	0.137	1.8560237459294e-08
MRP63	0	1.03769454720594e-12	0.346623797164176	0.594	0.399	1.86919918788206e-08
TMED9	0	1.22169644667505e-12	0.336675419187359	0.75	0.599	2.20064180939577e-08
MRPS33	0	1.23595200624739e-12	0.559203336653598	0.405	0.248	2.22632034885343e-08
MVB12A	0	1.24303975880908e-12	0.521810293988807	0.364	0.211	2.23908751754279e-08
SDHA	0	1.34764287406227e-12	0.495737512953314	0.372	0.218	2.42750910904837e-08
PHGDH	0	1.40452799809223e-12	0.76080670364033	0.254	0.131	2.52997628296353e-08
TMEM176A	0	1.42874792526995e-12	1.37135049952453	0.278	0.16	2.57360363778876e-08
RCN2	0	1.47739302966212e-12	0.3399231138086	0.644	0.452	2.66122806433037e-08
ARHGAP21	0	1.54873573380628e-12	0.422911160228186	0.417	0.252	2.78973767730526e-08
PLK3	0	1.67881703909888e-12	0.431883807139267	0.476	0.304	3.02405313252881e-08
TAF13	0	1.7128052797962e-12	0.831307211904073	0.273	0.147	3.0852761504969e-08
BUD31	0	1.88113625046484e-12	0.373508417809491	0.537	0.354	3.38849072796231e-08
RNASEH2C	0	1.93348715792509e-12	0.390429808491232	0.657	0.488	3.48279041757046e-08
HNRNPLL	0	2.09376145625732e-12	0.70743586631832	0.266	0.139	3.7714925111563e-08
CXXC5	0	2.17754729899253e-12	0.785820343851771	0.25	0.13	3.92241594967525e-08
CREB3L2	0	2.33630623794655e-12	0.381541383851891	0.482	0.308	4.20838842641312e-08
PKIG	0	2.34991691683107e-12	0.636976540056933	0.27	0.143	4.2329053422878e-08
SDHD	0	2.36931886056647e-12	0.367202448899081	0.559	0.376	4.26785406353838e-08
SHFM1	0	2.66474799866117e-12	0.270751069820601	0.915	0.831	4.80001056998836e-08
STAU1	0	2.80791033342215e-12	0.517117757544745	0.402	0.246	5.05788888359332e-08
STAT2	0	2.81728513106977e-12	0.469448473001318	0.408	0.248	5.07477570659598e-08
TIMM10	0	2.93167403132119e-12	0.412643960682706	0.476	0.304	5.28082443261886e-08
DEGS1	0	2.93209157359977e-12	0.390155083741498	0.533	0.348	5.28157655152527e-08
SCYL1	0	3.14057235982021e-12	0.57747535071399	0.324	0.182	5.65711299174414e-08
LRRC41	0	3.47387285084661e-12	0.564888058188794	0.333	0.191	6.25748716622999e-08
TXNL4A	0	3.67245657623747e-12	0.379779202453808	0.526	0.351	6.61519603077656e-08
PLOD1	0	3.95230365103768e-12	0.38891382761027	0.309	0.168	7.11928456661418e-08
HSPA13	0	3.99358528993558e-12	0.679680991011172	0.254	0.132	7.19364518276097e-08
SMARCA1	0	4.06973233932568e-12	0.312765441350499	0.395	0.229	7.33080886282735e-08
EXOSC7	0	4.16120666251858e-12	0.662500464705484	0.293	0.162	7.49558156119472e-08
CBY1	0	4.33007335878653e-12	0.720023878370328	0.259	0.136	7.79976114118218e-08
NIT2	0	4.49437345250735e-12	0.517298751786122	0.331	0.187	8.09571490000148e-08
GTPBP4	0	5.1920832511765e-12	0.741002438384202	0.279	0.154	9.35249956034422e-08
CAPRIN1	0	6.02587779585478e-12	0.510704818962408	0.408	0.251	1.08544136736732e-07
SNUPN	0	6.37213699604753e-12	0.652936135778643	0.271	0.146	1.14781303709804e-07
ACP1	0	6.42573880089093e-12	0.501195122079723	0.422	0.266	1.15746833020448e-07
MRPS14	0	6.54765832624814e-12	0.759047915021826	0.26	0.139	1.17942969430708e-07
ALG5	0	6.60357316809375e-12	0.370837468317927	0.482	0.307	1.18950163476873e-07
SARS	0	6.89244719918394e-12	0.45333055610604	0.428	0.267	1.241536513989e-07
ANXA7	0	6.91293193104972e-12	0.352617439246241	0.595	0.41	1.24522642873999e-07
FAM107B	0	6.96525962492455e-12	0.332367577703895	0.41	0.246	1.25465221623766e-07
MTX1	0	7.36266179242424e-12	0.691870400019085	0.3	0.169	1.32623626866938e-07
ACOT13	0	7.38916595682302e-12	0.763745255799646	0.259	0.139	1.33101046380253e-07
POLR2E	0	7.88551851899524e-12	0.378765429540252	0.451	0.285	1.42041845082661e-07
PPAPDC1B	0	8.03248362218511e-12	0.503491328729833	0.323	0.183	1.4468912748642e-07
TRAM1	0	8.28800395854343e-12	0.312679500143534	0.819	0.671	1.49291815305243e-07
SPATS2L	0	8.34211587554206e-12	0.28554016418498	0.522	0.328	1.50266533266139e-07
FYN	0	8.35035148680636e-12	0.417321372393089	0.345	0.2	1.50414881331843e-07
ARPC1A	0	8.87905468906171e-12	0.326840626562222	0.459	0.285	1.59938412114069e-07
SIKE1	0	9.06722156384156e-12	0.575302022803615	0.3	0.167	1.63327862029478e-07
WASL	0	1.00927889812484e-11	0.400112184339729	0.375	0.22	1.81801407919228e-07
ANO6	0	1.02080784577491e-11	0.509075312490467	0.372	0.223	1.83878117259435e-07
KLHDC2	0	1.15052850304853e-11	0.572765787094659	0.328	0.191	2.07244699254132e-07
SRPR	0	1.17720363837457e-11	0.582854604718243	0.337	0.198	2.12049691380411e-07
EBNA1BP2	0	1.22026920854664e-11	0.740082858723934	0.271	0.148	2.19807092535506e-07
DPM1	0	1.27504560859361e-11	0.623685250787832	0.327	0.191	2.29673965475967e-07
EIF4E2	0	1.28757517624574e-11	0.537113477575733	0.393	0.244	2.31930916497145e-07
GTF2H5	0	1.29351168249907e-11	0.35125398265069	0.713	0.564	2.33000259368558e-07
MRPL24	0	1.44221586572331e-11	0.687444391130854	0.262	0.139	2.5978634389274e-07
TMEM242	0	1.45450182494851e-11	0.742928249658549	0.259	0.14	2.61999413727976e-07
DTWD1	0	1.45577189950375e-11	0.514831018010518	0.398	0.249	2.62228192257611e-07
MAP4	0	1.58927088037144e-11	0.360878381432846	0.42	0.256	2.86275363681308e-07
PKD1	0	1.61303158025964e-11	0.661219830748049	0.274	0.15	2.90555378552169e-07
EMC4	0	1.61985967072047e-11	0.465735576996821	0.422	0.267	2.91785322486878e-07
TNPO1	0	1.63364166384446e-11	0.446964458849939	0.413	0.257	2.94267872908302e-07
DRAM1	0	1.66320853481926e-11	0.832002625479365	0.267	0.148	2.99593753376993e-07
TRIB1	0	1.83876122262919e-11	0.455158540621727	0.372	0.227	3.31216059032196e-07
SNF8	0	1.8493697555316e-11	0.417308789579796	0.482	0.314	3.33126974063907e-07
PCNA	0	1.8629653713119e-11	0.763745255799646	0.366	0.229	3.35575952334413e-07
MAP7D1	0	2.01747025733283e-11	0.566656977512014	0.347	0.208	3.63406917453362e-07
CFDP1	0	2.08590555892464e-11	0.365491406527706	0.452	0.287	3.75734168329095e-07
MAGT1	0	2.10784166048924e-11	0.447543469880095	0.382	0.233	3.79685518303927e-07
RSRC1	0	2.12062548034759e-11	0.522139714024691	0.312	0.176	3.81988267775011e-07
MRPS16	0	2.12755001341043e-11	0.465519271880127	0.37	0.222	3.8323558391562e-07
EFR3A	0	2.24732680937752e-11	0.531150089472926	0.333	0.196	4.04810978173172e-07
LSM1	0	2.25393488416916e-11	0.607395351868458	0.312	0.181	4.06001290685391e-07
ARHGEF12	0	2.27035328225751e-11	0.40875017594763	0.333	0.191	4.08958736733045e-07
CTC-444N24.11	0	2.88548506429001e-11	0.724582714329904	0.266	0.148	5.1976242463056e-07
SIAH2	0	3.01557424271922e-11	0.752738159529963	0.265	0.146	5.43195388341013e-07
TMEM126A	0	3.10194855392346e-11	0.540161121662732	0.312	0.179	5.58753993018233e-07
KDM7A	0	3.2169069575752e-11	0.697724057525481	0.265	0.145	5.7946145026802e-07
MRPS12	0	3.27537859249824e-11	0.569954885005466	0.343	0.206	5.89993945866709e-07
TM2D2	0	3.60674011214705e-11	0.512489543990972	0.343	0.204	6.49682096401049e-07
GGCX	0	3.69897710229191e-11	0.665233280445122	0.269	0.148	6.66296745435842e-07
AK2	0	3.84440255917578e-11	0.492993368365175	0.348	0.21	6.92492232984333e-07
SGMS2	0	3.89174844929478e-11	0.439141222964464	0.278	0.15	7.01020648171468e-07
EIF2S2	0	4.20731411579626e-11	0.342842485446137	0.614	0.437	7.57863491678381e-07
SRA1	0	4.60415641215285e-11	0.399337846604384	0.459	0.296	8.29346694521092e-07
GNL1	0	5.05758925339518e-11	0.588707330963681	0.325	0.194	9.11023552214074e-07
SS18L2	0	5.1921112199657e-11	0.541301858541744	0.354	0.215	9.35254994052421e-07
UBE2J1	0	5.31588524875957e-11	0.377618201949093	0.408	0.251	9.57550409859061e-07
MRPL36	0	5.36037557858383e-11	0.427607496417948	0.382	0.233	9.65564452970306e-07
RPA3	0	5.36733438520956e-11	0.467866928776652	0.41	0.261	9.66817942807799e-07
BOD1	0	5.48659141236631e-11	0.503491328729833	0.318	0.185	9.88299711109543e-07
NBPF10	0	5.85874589147162e-11	0.489908854690376	0.363	0.223	1.05533589743078e-06
NCSTN	0	5.98589420733736e-11	0.466702070546247	0.35	0.21	1.07823912356768e-06
MED21	0	6.04071023140631e-11	0.500197161144014	0.308	0.176	1.08811313398322e-06
PSMD1	0	6.62557969369831e-11	0.49893582773622	0.34	0.203	1.19346567022588e-06
DCAF13	0	7.30535566915694e-11	0.501574739237707	0.317	0.184	1.31591371668524e-06
IFI27L2	0	7.36100229232336e-11	0.315052620365289	0.718	0.549	1.32593734291621e-06
RPF2	0	7.45860580320333e-11	0.536583450788013	0.281	0.156	1.34351866333102e-06
PLEKHA5	0	8.01901480934105e-11	0.611883653329775	0.277	0.155	1.4444651376066e-06
MAGOHB	0	8.03176317011107e-11	0.703349896904804	0.252	0.138	1.44676149983211e-06
CETN2	0	8.11755043271609e-11	0.349958738642011	0.341	0.202	1.46221435944515e-06
ACAT1	0	8.34566327340701e-11	0.554717150318473	0.306	0.179	1.50330432543881e-06
TRAPPC2L	0	8.54010806924624e-11	0.331083215843709	0.505	0.329	1.53832966651333e-06
PRKDC	0	9.08254026014115e-11	0.343131713426777	0.459	0.294	1.63603797705923e-06
SPATA20	0	9.55569881673417e-11	0.667080954231538	0.274	0.155	1.72126802785833e-06
C9orf89	0	1.03757289684583e-10	0.543035472578398	0.3	0.173	1.8689800590884e-06
EGR3	0	1.09568185566681e-10	0.359606502107909	0.638	0.506	1.97365172661263e-06
FAM162A	0	1.12100127529492e-10	0.368103744377046	0.532	0.364	2.01925959718874e-06
RBM3	0	1.13844788956596e-10	0.266185656540733	0.835	0.722	2.05068618347516e-06
MKKS	0	1.17349023735936e-10	0.452823902881908	0.406	0.258	2.11380796455542e-06
GAA	0	1.18755229342089e-10	0.284125393306598	0.472	0.303	2.13913794613906e-06
SDF2	0	1.23780089619611e-10	0.426884275740843	0.436	0.281	2.22965075431805e-06
TTC37	0	1.35280028259613e-10	0.370837468317927	0.452	0.291	2.4367991490404e-06
CLN5	0	1.38828965207071e-10	0.411479102452301	0.386	0.241	2.50072615027497e-06
ELP2	0	1.79224821267061e-10	0.572765787094659	0.275	0.156	3.22837670548356e-06
EEF1E1	0	1.83494039855954e-10	0.595343635069869	0.278	0.158	3.3052781399253e-06
TIMM9	0	1.90638917330311e-10	0.719541161786412	0.267	0.153	3.4339788178709e-06
PWP1	0	1.92285020178455e-10	0.571964067129105	0.298	0.174	3.46363006847451e-06
TMEM248	0	1.9551595088657e-10	0.34674158453399	0.518	0.352	3.52182882331979e-06
TM2D1	0	2.02411397733424e-10	0.442035491940151	0.399	0.254	3.64603650737216e-06
TOR1AIP2	0	2.08939650291735e-10	0.419328175244763	0.389	0.246	3.76362992070502e-06
KLF13	0	2.12899254451029e-10	0.521979761140123	0.339	0.207	3.83495427042638e-06
AHCYL1	0	2.22517924876013e-10	0.430761972403288	0.43	0.28	4.00821538079163e-06
WDR46	0	2.34303600904236e-10	0.608714469657028	0.281	0.161	4.220510763088e-06
DNAJC3	0	2.47726031954503e-10	0.378336299474081	0.509	0.347	4.46228901359647e-06
MRPL34	0	2.53777187010399e-10	0.365053261063322	0.437	0.283	4.57128846961833e-06
EIF3E	0	2.54617642294218e-10	0.258903094294584	0.888	0.8	4.58642759064575e-06
VCP	0	2.58649797755394e-10	0.313412498620252	0.598	0.424	4.65905880696792e-06
LSM5	0	2.60010187552652e-10	0.278118078665933	0.636	0.457	4.68356350838593e-06
RBM7	0	2.74226284227667e-10	0.447974413160642	0.351	0.214	4.93963805779296e-06
UBXN4	0	2.81964193341252e-10	0.271520953173112	0.709	0.542	5.07902101465598e-06
IFT20	0	3.06823596459689e-10	0.432588129046399	0.444	0.295	5.52681344302837e-06
USP14	0	3.40808111563781e-10	0.422394148127311	0.36	0.225	6.13897651359839e-06
MRPL40	0	3.92787049630417e-10	0.35074610701875	0.433	0.284	7.07527312499271e-06
TMCO1	0	4.09466175291846e-10	0.269943537920204	0.754	0.592	7.37571421553203e-06
TUSC1	0	4.10143417947807e-10	0.543619441435143	0.251	0.138	7.38791338749384e-06
EDEM3	0	4.42882855920528e-10	0.531646799769067	0.3	0.176	7.97764888369647e-06
SMARCA2	0	4.58319300385094e-10	0.533641630239567	0.355	0.224	8.25570555783669e-06
MRPL4	0	4.71600978848324e-10	0.421087808026397	0.375	0.237	8.49494843199485e-06
PDXDC1	0	5.45242263710467e-10	0.571005329230222	0.279	0.161	9.82144889621664e-06
SPRY1	0	5.76374446958554e-10	0.500246032099487	0.32	0.197	1.03822329130644e-05
NOTCH2NL	0	5.98705089618323e-10	0.457909314259989	0.324	0.196	1.07844747792948e-05
UTP11L	0	6.27777236593323e-10	0.638154433927691	0.265	0.152	1.13081513627555e-05
ABHD14B	0	6.75745366214677e-10	0.44311012516741	0.366	0.231	1.2172201281625e-05
TIPRL	0	6.78733101043429e-10	0.54257816023448	0.328	0.203	1.22260193490953e-05
GLB1	0	6.82637642025903e-10	0.654836920033693	0.256	0.146	1.22963518458126e-05
TRAPPC4	0	7.16973743699522e-10	0.488578077877181	0.312	0.185	1.29148480452595e-05
CARS2	0	7.45387834462283e-10	0.490303626902686	0.314	0.19	1.34266710621691e-05
SLC25A37	0	7.57056497098434e-10	0.480602102200097	0.336	0.207	1.36368586822341e-05
HIC1	0	7.5820376746645e-10	0.415993449501737	0.372	0.235	1.36575244633732e-05
CEBPZ	0	7.72306782570243e-10	0.544070354094194	0.35	0.224	1.39115620744378e-05
SMIM15	0	8.14867369455008e-10	0.505173006046499	0.318	0.194	1.46782059259931e-05
KIAA0020	0	9.78512087037469e-10	0.598760995627604	0.25	0.141	1.76259382238059e-05
PSMD2	0	1.05526036491072e-09	0.333331506761517	0.43	0.278	1.90084049531368e-05
CAND1	0	1.11573243355077e-09	0.400691565985263	0.404	0.264	2.009768832555e-05
TMEM106B	0	1.15233135401111e-09	0.25371636634009	0.463	0.299	2.07569446798022e-05
C1orf56	0	1.18748963757002e-09	0.699648195088022	0.296	0.181	2.13902508415488e-05
GSPT1	0	1.26918606791453e-09	0.329865938372568	0.437	0.288	2.28618486413444e-05
CTDSP2	0	1.30837963069525e-09	0.350031048746073	0.395	0.251	2.35678422877135e-05
GOLGA4	0	1.42158955464023e-09	0.387918076185643	0.455	0.307	2.56070926477344e-05
KXD1	0	1.44138326261794e-09	0.396361350159474	0.328	0.199	2.5963636709537e-05
PCID2	0	1.45353270367378e-09	0.57604091912752	0.293	0.176	2.61824845912758e-05
FLYWCH2	0	1.46181621347155e-09	0.468980640542387	0.387	0.252	2.63316954532631e-05
SPOP	0	1.47341364706798e-09	0.501799265740516	0.356	0.227	2.65406000246354e-05
VTI1B	0	1.60610802263445e-09	0.380633120821969	0.399	0.259	2.89308238117143e-05
COA4	0	1.61270911395006e-09	0.390767953351772	0.418	0.277	2.90497292695825e-05
PLGRKT	0	1.67567876319863e-09	0.509176809950136	0.344	0.218	3.0184001561497e-05
C19orf24	0	1.79389532126648e-09	0.321227020098695	0.471	0.316	3.23134364219732e-05
TRIP11	0	1.82489765174074e-09	0.448845954916786	0.372	0.24	3.2871881400806e-05
MACF1	0	1.98295519642534e-09	0.269004081757043	0.518	0.351	3.57189719532097e-05
CCDC124	0	2.01400605048903e-09	0.471531826071719	0.337	0.21	3.6278290987459e-05
CDK14	0	2.04914175552551e-09	0.568989096349175	0.25	0.142	3.69111904422809e-05
MAPK6	0	2.34215810717418e-09	0.473230113543745	0.273	0.159	4.21892939845284e-05
UQCRFS1	0	2.5207100169085e-09	0.297591460907039	0.486	0.33	4.54055495345728e-05
STT3B	0	2.71124807657361e-09	0.33181565508689	0.522	0.355	4.88377116033204e-05
UBE2E2	0	2.74709260614628e-09	0.32705946540085	0.404	0.261	4.94833791145129e-05
MIA3	0	2.83533718984443e-09	0.481632554539442	0.324	0.199	5.10729288006677e-05
CKS1B	0	2.85824308590615e-09	0.437897040431464	0.277	0.164	5.14855327064274e-05
PITPNA	0	2.88284480261878e-09	0.498354707699361	0.296	0.178	5.19286834295721e-05
SLC30A5	0	2.93769046103422e-09	0.541134178045549	0.279	0.166	5.29166182746094e-05
SEMA4A	0	3.06336947569686e-09	0.524855802133274	0.275	0.164	5.51804743657276e-05
FAF2	0	3.06587441659181e-09	0.521439206586365	0.265	0.153	5.52255958660683e-05
GUSB	0	3.09835899193204e-09	0.319291815192981	0.463	0.312	5.58107405216717e-05
MED10	0	3.10398622928019e-09	0.313633870776465	0.436	0.288	5.5912103948024e-05
TCTN3	0	3.1289816604751e-09	0.556998471236342	0.297	0.181	5.63623466501379e-05
STK19	0	3.14164208939044e-09	0.53523977581917	0.254	0.146	5.659039895619e-05
EIF3J	0	3.52936563896501e-09	0.293392811901969	0.483	0.327	6.35744632546768e-05
TSTA3	0	3.67155875437961e-09	0.498765205650882	0.301	0.184	6.613578784264e-05
TRIP6	0	3.6988448146224e-09	0.304832581848026	0.393	0.249	6.66272916457933e-05
TMEM141	0	3.7543684261056e-09	0.401676852518711	0.398	0.265	6.76274384594403e-05
SLC2A4RG	0	3.92454600060054e-09	0.29286846494498	0.421	0.276	7.06928471088175e-05
TPR	0	4.03107289635226e-09	0.353864227891047	0.453	0.307	7.26117160819933e-05
UBXN6	0	4.09461205946072e-09	0.476505245576606	0.335	0.212	7.37562470270659e-05
RPA2	0	4.15336824345401e-09	0.408969914740361	0.379	0.246	7.48146221693371e-05
POLD2	0	4.49285660094071e-09	0.578199673145287	0.274	0.165	8.0929825952745e-05
PPP3CB	0	4.72831384042775e-09	0.465156813008063	0.343	0.221	8.51711172076251e-05
UCHL1	0	4.82643306672011e-09	0.435615821743967	0.25	0.143	8.69385388308294e-05
TSEN34	0	4.89582588533709e-09	0.509804728442899	0.305	0.189	8.81885116725769e-05
SEPT10	0	5.07540810121317e-09	0.334710249462317	0.302	0.18	9.14233261271528e-05
ARL3	0	5.08886905309811e-09	0.413109121106174	0.332	0.207	9.16657982534562e-05
ITPA	0	5.15253305767171e-09	0.366531644404308	0.377	0.242	9.28125779678405e-05
ERCC1	0	5.31480710381239e-09	0.354040758333712	0.445	0.299	9.57356203609727e-05
KCTD20	0	5.37342823169604e-09	0.553489685459204	0.333	0.217	9.67915627375407e-05
PLOD3	0	5.78885567101966e-09	0.385199349190024	0.293	0.174	0.000104274657202077
UBE2V2	0	6.13828283431754e-09	0.287279688175357	0.425	0.281	0.000110568888694562
ALDH9A1	0	6.2926671795088e-09	0.378730606227091	0.408	0.273	0.000113349813904492
KLC1	0	6.76609031597382e-09	0.431651009792346	0.329	0.205	0.000121877584861636
ACBD6	0	6.9780111598489e-09	0.540713710259732	0.301	0.187	0.000125694915022358
IAH1	0	7.05640587186066e-09	0.252972804393489	0.509	0.349	0.000127107038969826
GTF3A	0	7.82610731223285e-09	0.256217028866071	0.505	0.342	0.00014097167101525
IER3IP1.1	0	8.28461057537556e-09	0.311828322096445	0.498	0.345	0.00014923069029424
NUDCD2	0	9.63841704124527e-09	0.348400419828921	0.402	0.267	0.000173616806163951
DDX42	0	9.70655081951075e-09	0.327250807726465	0.341	0.215	0.000174844099911847
STRAP	0	1.02782507768193e-08	0.278343084814679	0.632	0.469	0.000185142131242846
TRAF7	0	1.04217844684341e-08	0.53370397257006	0.259	0.153	0.000187727603629903
NEGR1	0	1.07064879756536e-08	0.495772682194833	0.305	0.189	0.000192855967905448
UBL3	0	1.07068470997053e-08	0.474301554395731	0.425	0.299	0.000192862436806992
FAM127B	0	1.09218379845679e-08	0.420423754369091	0.332	0.21	0.000196735067616022
BTBD6	0	1.12970008854114e-08	0.492213216911318	0.258	0.152	0.000203492876948916
PRKAA1	0	1.14671626573785e-08	0.420762693649609	0.3	0.184	0.000206558000947359
CPD	0	1.15269820213841e-08	0.567012259864362	0.359	0.238	0.000207635527151191
NARS	0	1.16790119519458e-08	0.298326617988616	0.433	0.289	0.0002103740422904
LDHB	0	1.21381643573392e-08	0.271618284811857	0.715	0.577	0.000218644754568751
JAGN1	0	1.27590098075394e-08	0.529138854694401	0.279	0.17	0.000229828043663208
UBE2Q2	0	1.28159135698854e-08	0.541056927367321	0.263	0.157	0.000230853051134345
ABCF1	0	1.30272770266198e-08	0.473230113543745	0.296	0.182	0.000234660341080502
IMP4	0	1.39702090253314e-08	0.442533316320829	0.305	0.189	0.000251645375173295
DNAJC19	0	1.39875334285751e-08	0.325195922301641	0.412	0.275	0.000251957439648923
PMM1	0	1.42765005292679e-08	0.535514391798087	0.254	0.15	0.000257162604033703
EGLN1	0	1.44081016370476e-08	0.489765481270045	0.275	0.166	0.000259533134788138
SRP19	0	1.44411499203434e-08	0.389109492379518	0.37	0.243	0.000260128433515145
ECHDC2	0	1.5861352904142e-08	0.342421242367819	0.32	0.197	0.00028571054986231
TOR1A	0	1.62895393187477e-08	0.495165084047631	0.296	0.183	0.000293423471748602
ELOF1	0	1.63160099044819e-08	0.563875477983745	0.252	0.15	0.000293900286409433
RAB18	0	1.88679259564128e-08	0.26609403300436	0.463	0.314	0.000339867950252864
LARS	0	1.88891525258562e-08	0.342698550401519	0.386	0.253	0.000340250304448247
CLINT1	0	1.97615682353743e-08	0.353237415001316	0.359	0.233	0.000355965128623797
ACSL1	0	1.98336158257983e-08	0.395227601542472	0.26	0.155	0.000357262921870105
CCT2	0	2.02461582930756e-08	0.315438867737288	0.409	0.275	0.000364694049333172
EIF2S1	0	2.05577414462381e-08	0.412688571608694	0.336	0.216	0.000370306596671087
PSMD8	0	2.08340586541723e-08	0.250577817390619	0.698	0.553	0.000375283898537605
PLBD1	0	2.08938088826265e-08	0.370902179122885	0.398	0.267	0.00037636017940275
PI16	0	2.16940970311616e-08	0.962634291673392	0.312	0.205	0.000390775769822314
TRAPPC3	0	2.17882654346915e-08	0.43555969557769	0.312	0.196	0.000392472025275098
CCSER2	0	2.20974510799914e-08	0.394917711080344	0.289	0.176	0.000398041386303885
PSMG4	0	2.21965314980798e-08	0.489908854690375	0.25	0.146	0.000399826121874912
GMFB	0	2.24080316922682e-08	0.587377658020811	0.271	0.167	0.000403635874872827
ADSS	0	2.3699544966262e-08	0.542981221986164	0.27	0.165	0.000426899903477278
PEX2	0	2.50133082158095e-08	0.436704237518631	0.335	0.216	0.000450564720891376
MAFG	0	2.51259427764743e-08	0.403151677807605	0.27	0.161	0.000452593607232631
UBE2Z	0	2.64483629565794e-08	0.379483617050548	0.332	0.212	0.000476414361936865
ACSL4	0	2.80298247573408e-08	0.567445455161396	0.263	0.161	0.000504901233353981
CHSY1	0	2.90232010952213e-08	0.271366505571971	0.371	0.242	0.000522794921328221
MAP3K2	0	3.02316633214399e-08	0.271823891431138	0.549	0.4	0.000544562951409098
APOA1BP	0	3.09633873308855e-08	0.471202432196762	0.291	0.181	0.000557743495991241
DDX27	0	3.13462467736934e-08	0.43965700540208	0.308	0.195	0.000564639943134539
COMMD1	0	3.23924071442372e-08	0.384420846585889	0.352	0.23	0.000583484429889144
RN7SL1	0	3.34610882794993e-08	0.58279003871582	0.317	0.207	0.000602734583178621
CPSF3L	0	3.58963802473319e-08	0.471202432196762	0.285	0.177	0.00064660149739519
TFDP1	0	3.61128331080614e-08	0.555692273735718	0.274	0.171	0.000650500462775511
LAGE3	0	3.63425061430591e-08	0.543619441435143	0.271	0.168	0.000654637563154923
DDRGK1	0	3.73154949194866e-08	0.316368287920927	0.452	0.309	0.000672164009984713
ELMSAN1	0	4.03644885530305e-08	0.460630076764111	0.412	0.288	0.000727085532305738
C1GALT1C1	0	4.27092426492279e-08	0.377214977976852	0.333	0.215	0.000769321587840542
SNRNP27	0	4.284878640463e-08	0.390036178017346	0.333	0.215	0.0007718351895066
TIPARP	0	4.37295392961763e-08	0.269330831797283	0.377	0.25	0.000787700191342023
KRR1	0	4.42769295069067e-08	0.3520826607064	0.343	0.222	0.000797560331207911
AAED1	0	4.58113038581375e-08	0.373806935220061	0.331	0.213	0.000825199016396631
CCT7	0	4.61012084206597e-08	0.279812921565853	0.484	0.332	0.000830421067281344
TM2D3	0	4.99938454177977e-08	0.453982228950466	0.32	0.207	0.000900539137510789
BLOC1S4	0	5.00995512003195e-08	0.433891965593244	0.255	0.152	0.000902443215771355
ZNRD1	0	5.46664949987088e-08	0.40945420311043	0.286	0.179	0.000984707574411742
DNAJC15	0	6.08042249723543e-08	0.380120709152263	0.368	0.248	0.00109526650442702
UBE2E3	0	6.35519568882183e-08	0.26908939676352	0.418	0.282	0.00114476139942748
RBMS1	0	6.52748139974806e-08	0.280227800229736	0.578	0.424	0.00117579522453662
URM1	0	6.6925798534583e-08	0.438183166444544	0.302	0.191	0.00120553440900344
F3	0	6.80086567234375e-08	0.512224245159609	0.316	0.203	0.00122503993355928
ROCK2	0	7.04485111235241e-08	0.328224746223514	0.39	0.262	0.00126898903086804
ARCN1	0	7.12176439473995e-08	0.379483617050548	0.328	0.213	0.00128284342042451
NOC3L	0	7.39115894608172e-08	0.484457368966999	0.26	0.159	0.0013313694609577
TMX2	0	7.42341425581682e-08	0.379435180490807	0.323	0.209	0.00133717960990028
NCK1	0	7.60262919851472e-08	0.373002665805091	0.316	0.203	0.00136946159752846
THOC7	0	7.89224454589293e-08	0.306960451025647	0.491	0.343	0.00142163001005169
YTHDF2	0	8.21344854512538e-08	0.279913546158978	0.405	0.273	0.00147948848643343
IFT57	0	8.22066516877307e-08	0.313894373864226	0.356	0.233	0.00148078841685109
ATP6V1D	0	8.297568001112e-08	0.425737509064902	0.302	0.192	0.0014946409240403
PON2	0	8.30287445705219e-08	0.70225562721264	0.35	0.245	0.00149559677594881
GOLPH3	0	8.32558539537037e-08	0.467401034741547	0.291	0.185	0.00149968769726806
SNX17	0	8.4666608418436e-08	0.283694963602094	0.436	0.301	0.00152509961744129
RASSF8	0	8.56479901951821e-08	0.33747637174377	0.286	0.177	0.00154277724738582
IPO5	0	8.92275336003455e-08	0.482816162372943	0.321	0.21	0.00160725556274302
UBTF	0	9.02359849286802e-08	0.385658892693693	0.305	0.194	0.00162542079652032
TADA3	0	9.69521220512068e-08	0.368735945672639	0.329	0.215	0.00174639857450839
SLC25A36	0	1.12127965400559e-07	0.279240867945286	0.447	0.315	0.00201976104076027
FAM174A	0	1.14542841639537e-07	0.500710849965852	0.252	0.156	0.00206326020645299
MRPS11	0	1.15399264306536e-07	0.400215316245524	0.298	0.191	0.00207868694795364
MCTS1	0	1.22193639872487e-07	0.324220164410679	0.428	0.297	0.00220107403502312
DHX29	0	1.31403377137451e-07	0.351188217539766	0.3	0.189	0.0023669690323769
MFSD10	0	1.31615545758493e-07	0.273688631335334	0.439	0.307	0.00237079082574773
SF3A3	0	1.33600488838033e-07	0.555311766008103	0.265	0.166	0.00240654560543949
EML4	0	1.40987390707404e-07	0.39400342239317	0.285	0.18	0.00253960586881246
COMMD4	0	1.48204970778567e-07	0.308818716330293	0.359	0.238	0.00266961613863432
PSMC2	0	1.50814527458495e-07	0.394620278847379	0.308	0.2	0.00271662208310986
EMC10	0	1.54377955194784e-07	0.359959414587409	0.347	0.232	0.00278081010692364
YWHAG	0	1.56536456413021e-07	0.325605460609269	0.408	0.283	0.00281969118936775
CCM2	0	1.61822767264074e-07	0.459329296727483	0.286	0.183	0.00291491350672777
ARFGAP3	0	1.6312150698616e-07	0.372673785517371	0.354	0.237	0.00293830770534171
WDR61	0	1.63818534826248e-07	0.353010729759428	0.318	0.206	0.0029508632678252
HGSNAT	0	1.69530035716474e-07	0.369680288125769	0.363	0.244	0.00305374453336085
CDC42EP1	0	1.70355258254983e-07	0.437047777237099	0.251	0.154	0.003068609266947
STRN3	0	1.7936734124747e-07	0.44686952700685	0.281	0.178	0.00323094391789068
SPNS1	0	1.86294526198982e-07	0.400215316245524	0.302	0.195	0.00335572330042226
GNPTAB	0	1.86649272115365e-07	0.458077888311198	0.25	0.153	0.00336211333861406
TMEM243	0	1.86969896739204e-07	0.418216011539263	0.325	0.216	0.00336788874996328
ZMAT3	0	1.89890259484529e-07	0.253621325907844	0.482	0.351	0.00342049324409482
NFE2L1	0	1.99536709312496e-07	0.272592244847818	0.354	0.233	0.003594254744846
SERTAD3	0	2.00053425095489e-07	0.292657867901924	0.32	0.206	0.00360356234624504
TRIQK	0	2.01144412127112e-07	0.447565230150398	0.302	0.198	0.00362321429564566
BRIX1	0	2.05588136097631e-07	0.473230113543745	0.266	0.168	0.00370325909552663
HSPA4	0	2.18246645110919e-07	0.397329999184487	0.305	0.198	0.00393127681838298
DYNC1LI2	0	2.21681302983871e-07	0.30111944665012	0.377	0.253	0.00399314531064847
FAM120AOS	0	2.24427827802572e-07	0.473230113543745	0.273	0.173	0.00404261846220773
HRAS	0	2.33642774328625e-07	0.394127567146143	0.26	0.161	0.00420860729398152
INTS10	0	2.66993600253566e-07	0.409099776124029	0.265	0.165	0.00480935572136748
STOML2	0	2.97193588264385e-07	0.277849030531595	0.468	0.33	0.00535334810540636
CCT5	0	3.00540521474283e-07	0.268443680694288	0.451	0.32	0.00541363641331626
STK38L	0	3.05892641733229e-07	0.394176304373683	0.348	0.238	0.00551004415554066
NSMCE1	0	3.15849590787285e-07	0.30366864871439	0.344	0.231	0.00568939867885136
TMBIM1	0	3.22579793361381e-07	0.351239589165135	0.318	0.21	0.00581062981781856
PCMT1	0	3.32705930720201e-07	0.307513852442513	0.395	0.274	0.00599303193006298
HMOX2	0	3.35004400074661e-07	0.378655300147765	0.293	0.188	0.00603443425854488
C11orf83	0	3.37912247289036e-07	0.390767953351772	0.275	0.174	0.0060868133104174
MUM1	0	3.59746641443215e-07	0.313006513293727	0.259	0.16	0.00648011625231664
MRPL14	0	3.76094166708514e-07	0.28342498738631	0.398	0.272	0.00677458422492046
SLK	0	3.80364610106328e-07	0.356977045047897	0.325	0.216	0.00685150772184529
MDM2	0	3.92567346759911e-07	0.369006424641787	0.453	0.334	0.00707131561718628
GIPC1	0	4.01978793146422e-07	0.377652453561514	0.271	0.17	0.0072408440009465
FASTK	0	4.06769103217149e-07	0.370136620579641	0.302	0.198	0.00732713185625051
ANKRD17	0	4.08449587581456e-07	0.399229532099968	0.285	0.182	0.00735740242110476
RYK	0	4.16029845080692e-07	0.413816628036746	0.269	0.17	0.00749394559943851
USE1	0	4.23375942705914e-07	0.443743349043364	0.273	0.174	0.00762627085596163
RAB22A	0	4.351289557514e-07	0.355578524889472	0.304	0.199	0.00783797787994997
MRPL11	0	4.4204351237143e-07	0.289426189884545	0.402	0.277	0.00796252978834658
SUCLG2	0	4.45920217816788e-07	0.376288847561236	0.286	0.183	0.00803236088353381
MRPS23	0	4.51609716865461e-07	0.445464585161033	0.281	0.182	0.00813484582989755
MALSU1	0	4.54773812800385e-07	0.4257211879698	0.281	0.181	0.00819184068997333
SMARCE1	0	4.57052694955397e-07	0.321227020098695	0.416	0.292	0.00823289019423157
SRSF10	0	4.71968453471135e-07	0.404470570568012	0.283	0.183	0.00850156775237556
DLD	0	4.75823859892525e-07	0.436374892684216	0.265	0.168	0.00857101518824405
WDR43	0	4.81099551846542e-07	0.522139714024692	0.251	0.16	0.00866604622741176
GMPS	0	4.93329787874076e-07	0.513274832439148	0.25	0.158	0.00888634946897573
TIMM17A	0	5.14520484086757e-07	0.469160449234698	0.275	0.18	0.00926805747985476
MRPL19	0	5.2091538635633e-07	0.414086628793787	0.277	0.178	0.00938324885443657
TMF1	0	5.30779478910397e-07	0.251375910844723	0.416	0.286	0.00956093075361298
UFL1	0	5.91222595588551e-07	0.341014918154672	0.36	0.246	0.0106496926143366
TOMM40	0	5.97168291769953e-07	0.441817160912283	0.265	0.169	0.0107567924396522
CCDC90B	0	6.02359516445159e-07	0.339322634131553	0.39	0.274	0.0108503019697266
SRPK2	0	7.00997271939617e-07	0.444251046571979	0.269	0.174	0.0126270638594483
C21orf33	0	7.10085307816778e-07	0.303462740622856	0.381	0.266	0.0127907666497036
RNF187	0	7.19048643141364e-07	0.260312640575088	0.409	0.286	0.0129522232089054
AP2B1	0	7.27856851885038e-07	0.313693347413287	0.405	0.286	0.0131108854730052
TMEM175	0	7.68201205928229e-07	0.336793277488163	0.255	0.159	0.0138376083223852
SMIM4	0	8.12265734492227e-07	0.305012832358336	0.418	0.297	0.0146313426754085
HSD17B12	0	8.47631178004948e-07	0.31312197046164	0.331	0.223	0.0152683804094031
MLF2	0	8.59972781127164e-07	0.257588734198377	0.59	0.459	0.0154906897064436
DDX50	0	8.80605684163796e-07	0.385357357518411	0.255	0.161	0.0158623501888425
CISD3	0	8.90012861753107e-07	0.367877113397516	0.271	0.173	0.0160318016787587
RNF139	0	9.43031898086447e-07	0.535771579612458	0.251	0.163	0.0169868335802312
STX5	0	9.51164862547771e-07	0.414984972507791	0.321	0.22	0.017133332669073
FAM210B	0	9.79705528769869e-07	0.325724903838289	0.296	0.193	0.0176474356897316
AGPS	0	1.02867147720313e-06	0.335199962651299	0.293	0.191	0.01852945931886
SLC39A3	0	1.08751743703859e-06	0.382464649620562	0.291	0.192	0.0195894515933761
MBD3	0	1.10382763491601e-06	0.36041028320944	0.255	0.161	0.0198832471877421
THAP7	0	1.12512917043461e-06	0.407342177887288	0.265	0.17	0.0202669517470386
TSR3	0	1.17739769924235e-06	0.344906016568205	0.316	0.211	0.0212084647564525
UBE2L6	0	1.2281333588924e-06	0.385173936878549	0.317	0.215	0.0221223661937289
PSMD12	0	1.23287308692346e-06	0.416804680080926	0.282	0.186	0.0222077429147523
PMVK	0	1.2476067655728e-06	0.291783242206213	0.34	0.23	0.0224731406682628
SCAMP1	0	1.25399217442248e-06	0.314373349057632	0.301	0.198	0.0225881610378721
PIGF	0	1.30071492752617e-06	0.378370927202304	0.256	0.163	0.023429777989529
CLPP	0	1.37119774297599e-06	0.299438331333408	0.341	0.233	0.0246993849442265
SAR1B	0	1.38432990573823e-06	0.267885173302488	0.422	0.299	0.0249359345920627
LSM12	0	1.50072580969888e-06	0.362896199399769	0.321	0.219	0.0270325740101058
NUDT5	0	1.54066665813564e-06	0.306120127708487	0.331	0.226	0.0277520285129973
IPO7	0	1.56614314372463e-06	0.37217820754545	0.339	0.235	0.0282109364479118
DDB2	0	1.59498424694778e-06	0.50485209271697	0.258	0.169	0.0287304512402703
RFC1	0	1.62778186723681e-06	0.354364582106607	0.273	0.177	0.0293212347745367
CBX1	0	1.91718752086189e-06	0.428561064210017	0.25	0.161	0.0345342988132853
MIER1	0	1.92165876579974e-06	0.325439271385609	0.37	0.261	0.0346148393483507
NDEL1	0	1.95712618252307e-06	0.367101762682402	0.291	0.194	0.0352537139257881
STK38	0	1.97129179840865e-06	0.473230113543745	0.259	0.17	0.035508879164735
MIB1	0	2.08464524607964e-06	0.276727559931835	0.297	0.196	0.0375507148176326
TEX264	0	2.15290380627588e-06	0.273090499054425	0.383	0.27	0.0387802562624475
POLR2C	0	2.25497437623532e-06	0.348378626358662	0.287	0.19	0.0406188534391269
RPL26L1	0	2.25872835731542e-06	0.292080674439178	0.359	0.248	0.0406864739003226
COMMD3	0	2.27070728624989e-06	0.315942416970427	0.37	0.262	0.0409022503472193
NCBP2	0	2.27494177120845e-06	0.304516079890767	0.356	0.249	0.0409785261247777
MED16	0	2.40259711017949e-06	0.434634868231167	0.25	0.162	0.0432779817456631
ZFAND3	0	2.43974169473627e-06	0.357227036799274	0.266	0.172	0.0439470671472844
ZFAND1	0	2.54891414659674e-06	0.356458031377897	0.305	0.206	0.0459135905226471
PSMD9	0	2.5500825728514e-06	0.314909296342216	0.36	0.255	0.0459346373847723
NUTF2	0	2.76619995838547e-06	0.292381463065196	0.364	0.253	0.0498275598503975
SPTY2D1	0	2.78123584333606e-06	0.362121025741042	0.273	0.179	0.0500984012460125
SLBP	0	2.83976622168129e-06	0.371692087081682	0.3	0.202	0.0511527089511451
RBBP7	0	3.02270024799998e-06	0.321878496759523	0.432	0.315	0.0544478995672237
CLPTM1L	0	3.06048284019442e-06	0.345290724989164	0.313	0.213	0.0551284774004221
C7orf55	0	3.14108821419436e-06	0.257315256278502	0.331	0.224	0.056580422002283
PTGES2	0	3.34656060741725e-06	0.380933266222962	0.267	0.176	0.0602815962214069
RSU1	0	3.51400584188189e-06	0.291643908595183	0.309	0.209	0.0632977872298185
MARCH5	0	3.51572983295864e-06	0.390036178017346	0.271	0.18	0.0633288414810839
UFSP2	0	3.90897882786334e-06	0.431726561364245	0.259	0.17	0.0704124356263023
PDCD2	0	4.91698797827174e-06	0.303093929338721	0.306	0.209	0.0885697044526089
PSMC4	0	5.04189860286422e-06	0.302730676481306	0.331	0.231	0.0908197195333932
NUDT21	0	5.12430774142986e-06	0.378525689596883	0.267	0.178	0.092304155346376
PRKAR2A	0	5.16345160031683e-06	0.361337233472848	0.283	0.191	0.0930092536765071
CDC27	0	5.36000392387558e-06	0.361835356124514	0.282	0.191	0.0965497506807709
SPIN1	0	5.47501987246912e-06	0.336431891710028	0.293	0.2	0.0986215329627863
PRKRA	0	5.75901678368063e-06	0.336431891710028	0.294	0.2	0.103737169324439
ST3GAL4	0	5.76766440527561e-06	0.460739169360548	0.265	0.178	0.10389293893223
CAMK2D	0	5.83762995732112e-06	0.263941279481477	0.275	0.183	0.105153228421225
CHMP2B	0	6.5606804311875e-06	0.301984049116035	0.324	0.226	0.11817753660698
H1F0	0	6.8305610447675e-06	0.331211108671317	0.297	0.203	0.123038896099397
PSMD3	0	7.07670629315061e-06	0.285157765391173	0.289	0.194	0.127472710458522
NMD3	0	7.48686558891011e-06	0.353648497791072	0.263	0.174	0.134860909853038
PHF5A	0	7.83742778956399e-06	0.355352804003321	0.287	0.196	0.141175586773416
LARP4	0	9.8140107575164e-06	0.402023163051325	0.267	0.181	0.176779775775143
MTRNR2L2	0	1.03077724884115e-05	0.27603824633244	0.667	0.618	0.185673905833756
ZNF32	0	1.13275231401343e-05	0.310379637861702	0.262	0.174	0.20404267432324
FKBP3	0	1.16012095733992e-05	0.266887185871789	0.343	0.242	0.208972588045639
ZBTB38	0	1.25011777474695e-05	0.336833800163496	0.328	0.234	0.225183714765169
C11orf48	0	1.41280029228085e-05	0.263012406153399	0.29	0.198	0.25448771664855
FAM129B	0	1.42718059267412e-05	0.267058044665627	0.263	0.176	0.25707804015839
ACOT9	0	1.51023049254955e-05	0.344349578130441	0.287	0.2	0.272037818622951
KRIT1	0	1.53275955663191e-05	0.325028590258551	0.263	0.178	0.276095978936107
MRPL42	0	1.77471437587031e-05	0.255812507622589	0.377	0.273	0.319679300525519
ZNF451	0	1.79558347566375e-05	0.26836051945489	0.317	0.225	0.323438451471312
COPS4	0	1.8240502343514e-05	0.381662873960669	0.275	0.191	0.328566168713718
GADD45A	0	1.84222027781979e-05	0.287674460387668	0.451	0.345	0.331839138643678
COQ4	0	1.85641068884689e-05	0.26786379449997	0.262	0.175	0.33439525738199
AGPAT2	0	1.98249357504446e-05	0.266536378565285	0.304	0.211	0.357106567672759
WBP4	0	2.00634765747007e-05	0.346649616978602	0.255	0.174	0.361403403540083
BABAM1	0	2.08750081455266e-05	0.357752896123809	0.266	0.182	0.376021521725371
PIH1D1	0	2.1882123621353e-05	0.355091914660741	0.294	0.206	0.394162692791431
P4HTM	0	2.27061848214633e-05	0.30571402072737	0.266	0.181	0.409006507189018
LTN1	0	2.46945538549263e-05	0.288362386193068	0.262	0.178	0.444822998588788
EIF4EBP1	0	2.68993602606749e-05	0.340194524739504	0.283	0.198	0.484538176375538
UBR4	0	2.75952030741469e-05	0.315990371732548	0.259	0.178	0.497072392974607
COA3	0	2.80090583626354e-05	0.251555986989817	0.337	0.242	0.504527168286151
MIEN1	0	3.01461379735078e-05	0.28256539972959	0.3	0.211	0.543022383316797
NDUFA9	0	3.01909145420249e-05	0.254589827068405	0.271	0.185	0.543828943645494
TSSC4	0	3.48948391514525e-05	0.295562136705348	0.286	0.2	0.628560737635113
BBIP1	0	3.54346291122149e-05	0.263012406153399	0.252	0.17	0.638283974198328
MRPS7	0	3.56520214194176e-05	0.286875515307918	0.304	0.215	0.642199861827969
TOMM5	0	3.98009584072439e-05	0.311719934354319	0.286	0.201	0.716934663789685
CRIP1	0	4.24425831469807e-05	0.333008113314144	0.432	0.349	0.764518250226564
CDC123	0	5.09363466887044e-05	0.277905935405468	0.316	0.227	0.917516412903633
TMEM176B	0	5.1998034614443e-05	0.452362365831229	0.312	0.231	0.936640597509962
DNAJC21	0	5.6031550634308e-05	0.310255902277692	0.296	0.213	1
DLGAP4	0	5.80244538710959e-05	0.3753827901456	0.263	0.183	1
DAP3	0	6.93579479730431e-05	0.365473933187862	0.277	0.199	1
BCL6	0	8.12926356844966e-05	0.303525018365236	0.26	0.183	1
AP3B1	0	8.4102591495867e-05	0.318468520136131	0.252	0.176	1
TAF11	0	8.69633764878121e-05	0.313343421022862	0.269	0.19	1
ZNF580	0	9.12892206574905e-05	0.251700290164767	0.289	0.205	1
SETD5	0	9.20041143925547e-05	0.306120127708486	0.263	0.184	1
C1orf52	0	9.22903023317084e-05	0.253322955596891	0.302	0.217	1
STAT1	0	0.00011083122173441	0.30474997455659	0.301	0.219	1
EXOC5	0	0.000112622747669732	0.279057565854755	0.282	0.202	1
APOPT1	0	0.000112982484707016	0.294892872285233	0.281	0.202	1
SNX5	0	0.000133137918310071	0.255049943494212	0.333	0.247	1
TP53TG1	0	0.000141290772302321	0.275179652579258	0.269	0.191	1
CTSH	0	0.000177888440915754	0.356850929829416	0.547	0.467	1
ARFRP1	0	0.000208769276896128	0.290258041940929	0.255	0.181	1
IMP3	0	0.000217657993106806	0.259622142165902	0.358	0.271	1
MICU2	0	0.000235064310653026	0.273530278067398	0.279	0.204	1
MRPL16	0	0.000307012863772198	0.26366173256488	0.27	0.196	1
UROS	0	0.000330750694874617	0.268039782282235	0.273	0.198	1
ANKLE2	0	0.000402496440523197	0.265425228430343	0.255	0.184	1
BIN1	0	0.000405231150921377	0.260854402119213	0.32	0.238	1
RING1	0	0.000560121175521238	0.285261522810822	0.251	0.183	1
MID1IP1	0	0.00073016330482528	0.376368574291156	0.274	0.211	1
ABHD2	0	0.00285634697417396	0.261406933917484	0.277	0.216	1
IFI6	0	0.00985236491111297	0.567592267117172	0.667	0.616	1
C1QC	1	0	8.67464212662859	0.891	0.023	0
C1QA	1	0	7.16751485103327	0.932	0.095	0
C1QB	1	0	7.956136666014	0.869	0.036	0
CSF1R	1	1.22234426749485e-306	5.02556450413512	0.869	0.061	2.20180872903847e-302
CD163	1	5.46145446985561e-299	6.73377966344736	0.742	0.024	9.83771793655091e-295
MSR1	1	6.05880532507793e-294	5.12261747751606	0.823	0.053	1.09137260320629e-289
CD14	1	4.30129893904424e-291	5.70429447333452	0.957	0.154	7.74792977890038e-287
FCGR3A	1	2.58310989252738e-290	6.26525907094831	0.702	0.016	4.65295584940957e-286
MS4A7	1	3.36374264219695e-286	4.43594888853323	0.874	0.076	6.05910962138937e-282
CYBB	1	6.22753964673075e-274	4.90334395822527	0.795	0.055	1.12176671656561e-269
AIF1	1	1.28810137662995e-271	3.78348403529924	0.985	0.17	2.32025700972354e-267
FOLR2	1	2.56391781143139e-271	8.05359807433572	0.652	0.014	4.61838515373136e-267
C5AR1	1	1.06312447368125e-270	6.49804666364713	0.664	0.017	1.91500611444204e-266
MS4A4A	1	1.42650390253552e-254	6.07494918802372	0.684	0.032	2.56956147963724e-250
TYROBP	1	2.51736854682081e-252	3.51871425439932	0.995	0.224	4.53453596338833e-248
FCGR2A	1	2.68003051248094e-252	3.82564889322375	0.869	0.1	4.82753896213192e-248
LAPTM5	1	2.01729689599205e-246	3.51492514920182	0.927	0.144	3.63375689875048e-242
VSIG4	1	5.66370821240261e-242	3.96698224412559	0.78	0.065	1.02020376030008e-237
FCGR1A	1	2.79491950782732e-231	5.48690610604193	0.616	0.024	5.03448850944935e-227
ITGB2	1	7.59697431503843e-231	3.40714388678835	0.866	0.114	1.36844298336787e-226
GPR34	1	1.48829436327016e-230	6.37922341834721	0.583	0.016	2.68086463655855e-226
CLEC7A	1	1.4752551742987e-227	3.44540717683874	0.828	0.096	2.65737714546424e-223
MS4A6A	1	3.74426204912378e-227	2.83946465017383	0.942	0.143	6.74453922908666e-223
FCER1G	1	5.29608284048472e-226	2.91169908264592	0.972	0.177	9.53983402056512e-222
F13A1	1	8.53422462871539e-224	5.7499889252733	0.657	0.041	1.5372698823705e-219
SPI1	1	1.32949113953974e-222	3.41875178253384	0.806	0.09	2.39481238965294e-218
C3AR1	1	1.58576845133045e-222	5.75047296991495	0.571	0.016	2.85644471138155e-218
LYZ	1	8.67229372399495e-213	2.97112195386383	0.947	0.188	1.56214026850321e-208
HCST	1	1.15481575088638e-210	3.0361250717328	0.896	0.153	2.08016961207164e-206
CCL3	1	3.42703198400329e-196	5.24817935624134	0.884	0.237	6.17311271278512e-192
CD53	1	5.23731155976726e-194	3.02877954905799	0.813	0.123	9.43396931260877e-190
ARRB2	1	5.93525558284486e-193	3.441918444718	0.755	0.104	1.06911758813784e-188
CTSS	1	1.44934046330164e-192	3.05192892000326	0.965	0.301	2.61069697654524e-188
SLCO2B1	1	5.32141881512945e-190	4.83227502895875	0.611	0.049	9.58547171169268e-186
MNDA	1	3.59567094042822e-183	3.05557036179241	0.725	0.085	6.47688206499335e-179
FCGR1B	1	3.98838377457003e-183	5.37844156060452	0.482	0.014	7.18427569313299e-179
LYVE1	1	1.84321372916084e-179	8.315782355016	0.444	0.008	3.32018089033742e-175
CD68	1	3.80271649618522e-179	3.24621685595744	0.879	0.251	6.84983322457844e-175
LST1	1	3.41601522523656e-178	2.93284795253536	0.747	0.101	6.15326822521862e-174
FTL	1	2.12014200915847e-177	2.00966546917402	1	1	3.81901180109716e-173
CD83	1	4.25355384620497e-176	3.19851377048342	0.826	0.171	7.66192654316902e-172
HLA-DMA	1	4.80163512562358e-175	2.36346934703265	0.952	0.248	8.64918535178576e-171
PTPRC	1	3.94553695694759e-174	2.26826782082065	0.884	0.155	7.10709572054969e-170
STAB1	1	5.61672060871894e-166	3.8375088966243	0.795	0.192	1.01173988324854e-161
CPVL	1	3.8694163729559e-165	2.04922874292077	0.808	0.13	6.96997971260545e-161
CD74	1	5.3721248045848e-164	2.49514605523781	0.997	0.489	9.6768084104986e-160
SERPINA1	1	3.90491571637333e-163	3.52995824303994	0.624	0.068	7.03392467990327e-159
LAIR1	1	2.54276404435736e-162	4.34502899790981	0.525	0.038	4.58028087310091e-158
HMOX1	1	6.07958129854682e-162	4.48191080433019	0.611	0.073	1.09511497930724e-157
HLA-DMB	1	4.50554409953186e-161	2.83736302574412	0.742	0.12	8.11583658648673e-157
TLR2	1	1.02927732164862e-160	4.58956981714666	0.47	0.022	1.85403723948566e-156
HLA-DRA	1	1.49087252228222e-160	2.24926970059814	1	0.444	2.68550867438696e-156
FPR1	1	3.79671924105595e-159	4.04866870967376	0.52	0.037	6.83903036891409e-155
ADAP2	1	4.57855790257139e-159	5.27035994264117	0.444	0.018	8.24735634990184e-155
SRGN	1	6.39056804063244e-159	2.36896145228839	0.995	0.407	1.15113302115912e-154
VAMP8	1	1.21504533316156e-157	2.6041747036193	0.788	0.147	2.18866115862392e-153
TBXAS1	1	6.78277644075655e-157	3.78966874955833	0.568	0.056	1.22178152027348e-152
HLA-DRB1	1	2.28189466996807e-155	2.06755175134825	1	0.444	4.11037686901348e-151
HLA-DQB1	1	3.16590917906381e-154	1.63593595166497	0.952	0.261	5.70275220424764e-150
TREM2	1	3.23773923737256e-154	5.72777239364182	0.437	0.019	5.8321396882792e-150
HLA-DPA1	1	3.26326975290227e-153	1.87385559921761	0.99	0.403	5.87812780590286e-149
GPX1	1	4.60833831950112e-152	2.09449167160327	1	0.885	8.30099981491736e-148
MAFB	1	1.3850633576599e-151	3.72365777229862	0.763	0.186	2.49491462615278e-147
HLA-DPB1	1	2.22694418841399e-151	1.57059049764415	0.985	0.381	4.01139456659012e-147
MARCH1	1	1.18496623899505e-147	3.45973730674966	0.571	0.064	2.13447968630179e-143
CX3CR1	1	3.98768762741967e-145	4.26385567099242	0.47	0.032	7.18302172327105e-141
NCF4	1	4.60467230726918e-145	3.97273426219041	0.513	0.046	8.29439622708398e-141
PLEK	1	5.2729240566174e-142	2.99277201542695	0.657	0.101	9.49811810318492e-138
FCGR2B	1	9.43745699549624e-141	2.59327101820556	0.641	0.088	1.69996912859874e-136
CCR1	1	2.94027687927117e-140	4.85662745931824	0.419	0.022	5.29632074263115e-136
LCP2	1	8.96049649602587e-139	4.03609121201066	0.505	0.048	1.61405423382914e-134
ALOX5AP	1	2.69916513171124e-138	2.6656694751151	0.581	0.07	4.86200615175146e-134
FYB	1	5.73726384823037e-138	3.1148044754908	0.604	0.084	1.03345333698174e-133
C1orf162	1	2.68192446268901e-137	2.26216458062868	0.692	0.111	4.83095053464172e-133
LY86	1	5.44830144150189e-136	3.19425095898528	0.556	0.066	9.81402538657735e-132
CYBA	1	3.26508593730737e-135	1.65596015300205	1	0.852	5.88139929887177e-131
CD4	1	1.6766286676316e-133	2.7877161959844	0.609	0.089	3.0201112190048e-129
MAF	1	1.69464989518314e-132	3.70218738042736	0.588	0.093	3.05257285619339e-128
MEF2C	1	4.54241285878204e-131	2.15800140989818	0.821	0.214	8.1822482825241e-127
FPR3	1	5.96541286594069e-131	4.39078995303217	0.437	0.032	1.0745498195419e-126
BCL2A1	1	1.5635571450023e-130	3.89388999050021	0.548	0.071	2.81643548529265e-126
GMFG	1	1.8668526682614e-130	2.17224270892617	0.778	0.175	3.36276171133926e-126
PILRA	1	4.26207107828981e-130	3.63693350941353	0.508	0.056	7.67726863332344e-126
IL8	1	5.11278108299665e-129	3.68627502938791	0.753	0.217	9.20965256480186e-125
CXCL3	1	4.2281266067188e-128	4.88422163712537	0.553	0.084	7.61612445668257e-124
CCL4	1	1.29733827429254e-127	4.79789967048237	0.672	0.162	2.33689543348315e-123
HLA-DQA1	1	1.62674315558226e-127	1.02077396822533	0.785	0.158	2.93025244615033e-123
CYTH4	1	2.25327229841134e-127	3.57890900772734	0.505	0.057	4.05881939112835e-123
SGK1	1	2.44544728689328e-127	2.7547560989482	0.914	0.44	4.40498419788086e-123
TMSB4X	1	4.3390849111814e-127	1.22711457411506	1	0.998	7.81599365051105e-123
EVI2B	1	1.49689769349523e-125	2.87353768000653	0.593	0.09	2.69636181529296e-121
CD37	1	4.42883879117368e-125	2.23123422387692	0.72	0.142	7.97766731454115e-121
RNASE6	1	6.53977987749128e-123	2.12478362058606	0.644	0.105	1.1780105493325e-118
ITGAM	1	2.02867818236794e-121	4.03026770229632	0.429	0.037	3.65425800989938e-117
LILRB2	1	6.82617462434447e-121	4.61941432808013	0.364	0.018	1.22959883508317e-116
CTSB	1	1.43339247296873e-120	2.18346497978466	0.955	0.681	2.58196986155857e-116
ARHGDIB	1	1.53718659125343e-119	2.06276452323281	0.783	0.202	2.7689342068248e-115
SLC7A7	1	8.46872347239774e-119	4.33064531198847	0.394	0.028	1.525471159083e-114
CCL3L3	1	4.89790775774511e-118	5.51397689464773	0.379	0.025	8.82260124402627e-114
LRRC25	1	1.29059213116767e-117	4.52961765772948	0.364	0.02	2.32474360587233e-113
FAM49B	1	1.76547531611633e-117	2.36860711276387	0.737	0.188	3.18015068692034e-113
LAT2	1	3.44912291076085e-117	3.49349012673514	0.462	0.05	6.21290509915352e-113
IL1B	1	5.43390498718372e-116	3.94452093505018	0.54	0.086	9.78809305341404e-112
NLRP3	1	1.38865190397355e-115	3.47956228510591	0.465	0.051	2.50137867462756e-111
AOAH	1	1.96623163253077e-115	3.08671486294973	0.477	0.055	3.54177303967768e-111
B2M	1	7.45119792147573e-115	1.11790936968467	1	1	1.34218428159542e-110
LY96	1	1.32740088962597e-114	2.52723449526777	0.783	0.275	2.39104722248326e-110
NPC2	1	4.63330350259284e-114	1.56446762955113	0.987	0.779	8.34596959922048e-110
SLC11A1	1	7.12041182305898e-114	5.48850289097626	0.316	0.011	1.28259978168761e-109
OLR1	1	9.80890371062043e-114	4.90536312586193	0.348	0.019	1.76687782539406e-109
S100A9	1	2.2263683277709e-113	5.52230032709949	0.407	0.037	4.01035726881372e-109
ZEB2	1	3.15672447747082e-112	2.37511017003493	0.826	0.333	5.68620780126819e-108
RBM47	1	3.46125900052684e-112	3.42433197061846	0.457	0.052	6.23476583764901e-108
MGAT4A	1	5.04233443850034e-112	3.10889651994706	0.571	0.105	9.08275702407066e-108
SIGLEC1	1	1.32877442133466e-110	6.33467475612289	0.285	0.006	2.39352136515013e-106
RASGEF1B	1	1.96324512225596e-110	2.71120974141425	0.601	0.115	3.53639343871967e-106
HLA-B	1	2.37181092687652e-110	1.36701830666096	1	0.886	4.27234302258267e-106
CTSZ	1	2.49924860027685e-110	2.01747957936305	0.919	0.551	4.50189650367869e-106
P2RY13	1	5.89582601520023e-110	4.12466626327513	0.386	0.031	1.06201514011802e-105
RB1	1	2.30020982881202e-109	2.96092049133839	0.662	0.183	4.1433679646391e-105
FTH1	1	6.26356622539419e-109	1.46984657165471	1	1	1.12825618418026e-104
RNASE1	1	2.63982114693936e-107	5.2347239782558	0.497	0.081	4.75510983198187e-103
CSF3R	1	3.88713095351748e-107	3.33272089677664	0.449	0.054	7.00188898657103e-103
CXCL2	1	4.27445237902504e-107	4.12761321343337	0.672	0.199	7.69957107033781e-103
BMP2K	1	6.60982541942883e-107	2.79791683596817	0.636	0.156	1.19062785280171e-102
CD86	1	7.91921775143477e-106	2.0512755079438	0.566	0.092	1.42648869356595e-101
LCP1	1	1.99236696928144e-105	2.10554919816495	0.662	0.139	3.58885062176666e-101
TNF	1	3.1694751299807e-105	4.10862531117835	0.452	0.059	5.70917555163424e-101
IL10RA	1	5.06850435960773e-105	2.92121037901879	0.485	0.068	9.12989690296141e-101
TMEM176B	1	5.4221930790841e-104	2.02549899540877	0.689	0.167	9.76699639335418e-100
OGFRL1	1	7.61762767710075e-104	2.56305690974336	0.674	0.187	1.37216327347616e-99
HCLS1	1	1.91433346326953e-103	2.3805554983726	0.646	0.153	3.4482888673874e-99
NPL	1	9.23825506512147e-102	4.50121394272582	0.331	0.021	1.66408688488033e-97
MRC1	1	2.34106912250296e-101	3.33914716593607	0.429	0.051	4.21696781036458e-97
GPR183	1	8.82795720013047e-100	2.07085023629988	0.604	0.117	1.5901799304595e-95
PTAFR	1	2.00304993591308e-99	3.72577420074498	0.356	0.029	3.60809384956023e-95
CD300A	1	4.58416684450244e-98	3.16735625049506	0.422	0.051	8.25745973700225e-94
KLF6	1	4.63259377076266e-98	1.70528680150453	0.997	0.908	8.34469115927479e-94
WAS	1	6.6644216483752e-97	2.60588621991201	0.492	0.077	1.20046227152182e-92
NAMPT	1	8.64799173026878e-97	2.35262985884047	0.896	0.552	1.55776275037332e-92
ALOX5	1	5.40126221320569e-96	3.74427278179437	0.346	0.029	9.72929362464741e-92
CD84	1	9.77138250474911e-96	3.79925479838752	0.343	0.028	1.76011913058046e-91
IL1RN	1	2.53948776073103e-95	3.960239454382	0.343	0.029	4.5743793034048e-91
HCK	1	2.79177958229435e-95	3.28353271615035	0.399	0.046	5.02883256158682e-91
TFEC	1	1.14708180168563e-94	3.51632083511603	0.369	0.037	2.06623844937633e-90
CXCL16	1	1.27402060574945e-94	2.05345481074657	0.712	0.225	2.29489331713648e-90
RGS18	1	2.27475484257791e-94	2.76024641800211	0.449	0.064	4.09751589793559e-90
PABPC1	1	2.78015368432762e-94	1.32789725262431	0.982	0.866	5.00789083157934e-90
NFKBIA	1	1.7458372702273e-93	2.55739832360503	0.922	0.666	3.14477667486043e-89
MPEG1	1	2.0103661625874e-93	2.69734282203261	0.457	0.069	3.62127256866868e-89
RNASET2	1	4.96930586354549e-93	1.47902229369305	0.929	0.494	8.95121065200449e-89
CLEC4E	1	7.57366814365908e-93	4.37881731136609	0.283	0.014	1.36424484271731e-88
AP1S2	1	3.99519639373886e-92	2.18433907556474	0.687	0.206	7.19654726404181e-88
HLA-C	1	4.26180954028647e-92	1.15732348553729	1	0.879	7.67679752491803e-88
DUSP1	1	4.47417501495145e-92	1.62186055156958	0.997	0.944	8.05933145443204e-88
ARHGAP4	1	1.42117289812955e-90	2.60160602306099	0.487	0.085	2.55995874140075e-86
IER3	1	1.45782264232718e-90	2.54878364781423	0.937	0.653	2.62597592562395e-86
NCKAP1L	1	1.72180565323717e-90	3.2130225590685	0.374	0.041	3.10148852317612e-86
CD33	1	2.71979602484368e-90	3.59597308433639	0.323	0.025	4.89916857955091e-86
HLA-E	1	7.08500157525155e-90	1.33935361656529	0.98	0.79	1.27622133375006e-85
TREM1	1	1.5871286741542e-89	3.31621768500869	0.389	0.048	2.85889488075395e-85
PLAUR	1	1.30675438635423e-88	2.54877577087357	0.831	0.43	2.35385667613987e-84
SAT1	1	1.87933186154487e-88	1.3685802027397	0.997	0.891	3.38524048220077e-84
LTC4S	1	7.30666402461858e-87	2.86222779293783	0.558	0.14	1.31614939075455e-82
MFSD1	1	1.11386799186209e-86	2.37847669159332	0.705	0.272	2.00641041374119e-82
CPM	1	2.72018897016092e-86	3.78221489508906	0.321	0.028	4.89987639195087e-82
SMAP2	1	2.89566086944519e-86	2.38316671182914	0.558	0.131	5.21595392413162e-82
CD93	1	1.33977742262205e-85	1.33780833783699	0.51	0.091	2.4133410713691e-81
TNFRSF1B	1	1.47849251590238e-85	2.36903629057351	0.535	0.116	2.66320856889496e-81
HAVCR2	1	1.73250757971972e-85	2.85068603324161	0.391	0.051	3.12076590334913e-81
POU2F2	1	2.01884849949491e-85	3.03251775042545	0.379	0.048	3.63655180214018e-81
PMAIP1	1	4.05782791708674e-85	2.80394280796607	0.477	0.091	7.30936542704835e-81
ARPC3	1	4.07207545549287e-85	1.1888172255592	0.982	0.866	7.33502951797932e-81
PTPRE	1	1.39594375863883e-84	2.18890720114493	0.563	0.131	2.51451349243612e-80
MYO1F	1	1.43763376557999e-84	2.86145632116471	0.414	0.062	2.58960970193923e-80
OAZ1	1	4.67940343345824e-84	1.01407088168796	0.997	0.98	8.42900940468833e-80
RP11-1143G9.4	1	5.91708243223382e-84	2.45461723509085	0.442	0.07	1.06584405851828e-79
LINC00936	1	1.18577565371449e-83	2.75078608875305	0.492	0.102	2.13593768503591e-79
NCF1	1	4.43092853844587e-83	2.58125512632689	0.444	0.074	7.98143157630254e-79
TLR1	1	7.86960942027761e-83	3.56140872464456	0.341	0.038	1.41755274487461e-78
OTUD1	1	8.00190066887935e-83	3.13511956729911	0.566	0.151	1.44138236748524e-78
PSAP	1	3.12755079012915e-82	1.43518339032996	0.982	0.931	5.63365723825964e-78
FAM26F	1	4.66167996391062e-82	2.27471298709356	0.543	0.126	8.3970841189922e-78
ATP6V0B	1	2.40933203889222e-81	1.48603826817998	0.929	0.734	4.33992980165656e-77
FXYD5	1	1.95761972306746e-80	1.70910756901031	0.76	0.282	3.52626040716142e-76
SORL1	1	2.01525930686959e-80	2.7016440017611	0.48	0.098	3.63008658946419e-76
ADAM28	1	2.16704463856382e-80	3.00259035801168	0.391	0.058	3.90349750744502e-76
ATP8B4	1	4.05767342128439e-80	3.19934762217143	0.364	0.048	7.30908713375957e-76
EVI2A	1	1.25210479529131e-79	2.24075933140607	0.505	0.106	2.25541636775823e-75
LYN	1	1.4543185633394e-79	2.45110761617266	0.485	0.099	2.61966402814326e-75
DUSP6	1	1.8051373411732e-79	2.43766213608526	0.692	0.271	3.25159389265528e-75
CORO1A	1	1.21960739012836e-78	1.71993323985541	0.598	0.148	2.19687879183822e-74
HMHA1	1	8.41962896698405e-78	2.65644982827278	0.399	0.062	1.51662776582284e-73
LPAR6	1	9.08638849593557e-78	2.3161636322543	0.631	0.214	1.63673115977287e-73
FERMT3	1	1.32486072342146e-77	2.40384610585761	0.477	0.098	2.38647162109908e-73
UNC93B1	1	1.59377596929935e-77	2.43584825640247	0.523	0.129	2.87086865349892e-73
TNFAIP3	1	2.78342380158157e-77	3.00448090284024	0.548	0.15	5.01378129378888e-73
LMO2	1	5.50760804079979e-76	2.27006214203306	0.485	0.103	9.92085436389267e-72
SYK	1	7.70666985944066e-76	2.97884726017619	0.343	0.044	1.38820244178105e-71
GNAI2	1	1.45388540927929e-75	1.26128907252478	0.947	0.725	2.61888378773478e-71
HSPA6	1	2.49264526397636e-75	2.79385481064493	0.376	0.057	4.49000191400061e-71
LYL1	1	3.00169817349471e-75	2.78966874955833	0.374	0.056	5.40695891991602e-71
DOK2	1	1.64982222162054e-74	2.71591338707934	0.364	0.051	2.97182476780507e-70
LILRB4	1	2.54128974994605e-74	2.63926789527699	0.338	0.042	4.57762522657783e-70
NCF2	1	4.59320262206522e-74	3.42321143072454	0.295	0.03	8.27373588312609e-70
CLEC10A	1	1.03876699563709e-73	1.3441677327816	0.475	0.09	1.87113098924109e-69
LGALS9	1	6.35290394076789e-73	2.44950991759388	0.47	0.102	1.14434858685052e-68
GK	1	1.33010547281406e-72	2.76722946668337	0.404	0.073	2.39591898817997e-68
IFI30	1	2.15963697761406e-72	2.26834077500452	0.391	0.064	3.89015408777621e-68
FRMD4B	1	3.55288095118379e-72	2.13407327095485	0.609	0.2	6.39980445736736e-68
HSPA1A	1	5.63322626985953e-72	2.6339361463089	0.924	0.773	1.0147130479898e-67
NAIP	1	2.41900573911063e-71	2.48928158236367	0.523	0.147	4.35735503785998e-67
GRN	1	2.00523262935183e-70	1.42055901810903	0.929	0.774	3.61202553525146e-66
ARHGAP18	1	7.3935038450924e-70	2.80440115951971	0.439	0.098	1.33179184761649e-65
TSPAN33	1	1.09975396034099e-69	2.62333647378777	0.364	0.058	1.98098680876223e-65
RGS10	1	2.96537728574449e-69	1.92678560460505	0.694	0.3	5.34153410481155e-65
IER2	1	2.69134782363809e-68	1.69869757760459	0.972	0.863	4.84792483471929e-64
FMNL1	1	3.88480174984987e-68	2.18349809912537	0.495	0.124	6.99769339200458e-64
NEAT1	1	5.97429499819418e-68	1.18722126218751	1	0.98	1.07614975802472e-63
SAMSN1	1	1.0903006515408e-67	2.28157547371366	0.366	0.059	1.96395856362045e-63
GPSM3	1	1.45678263835335e-67	1.82604479041626	0.545	0.146	2.62410256646589e-63
RBPJ	1	3.5826122571308e-67	1.72472902701677	0.813	0.49	6.45335945876971e-63
RGS19	1	5.08451399309843e-67	2.3541481093979	0.467	0.112	9.15873505576821e-63
ST3GAL6	1	1.59237446579212e-66	3.09844338405222	0.318	0.045	2.86834412523134e-62
TM6SF1	1	2.18499897999086e-66	2.96110567778892	0.336	0.051	3.93583866265753e-62
ZFP36L1	1	2.8156852656271e-66	1.19539952368688	0.977	0.871	5.07189386897409e-62
STXBP2	1	3.95243957317076e-66	3.05495771283625	0.311	0.042	7.11952940315249e-62
DUSP2	1	1.70472516661699e-65	2.10712052186427	0.5	0.13	3.07072144262719e-61
THEMIS2	1	1.85478584449566e-65	2.56388651836808	0.374	0.067	3.34102574169004e-61
NINJ1	1	2.54822711459356e-65	2.13316498376053	0.631	0.253	4.59012150151738e-61
DNAJB1	1	2.8892099132191e-65	2.36172646115235	0.785	0.507	5.20433381668156e-61
NABP1	1	3.25437749290777e-65	1.88828961250298	0.621	0.235	5.86211017797476e-61
PIK3AP1	1	4.96799122087693e-65	3.14258296487601	0.288	0.035	8.94884258616561e-61
SLA	1	7.56416975209531e-65	3.39464227852777	0.268	0.029	1.36253389744493e-60
KYNU	1	1.06318588470947e-64	2.85319927146936	0.311	0.043	1.91511673412717e-60
FCGRT	1	1.40673431499494e-64	1.10192372722488	0.992	0.925	2.53395052160039e-60
NFKBIZ	1	3.98811242010204e-64	2.31969255394084	0.79	0.533	7.1837869023298e-60
EMB	1	9.14665117041572e-64	2.70954659128759	0.394	0.081	1.64758627532698e-59
RASSF4	1	5.15481188324987e-63	2.10163101508718	0.535	0.166	9.285362645298e-59
PPT1	1	1.98006679354262e-62	1.78198071035664	0.705	0.34	3.56669431520832e-58
REL	1	3.19420736008727e-62	1.46674673144127	0.657	0.249	5.75372571772519e-58
SH2B3	1	3.49288984100629e-62	2.20251186204911	0.472	0.123	6.29174247060462e-58
MEF2A	1	5.11105872785624e-62	1.8807322613249	0.71	0.348	9.20655008648744e-58
PREX1	1	1.77969508520823e-61	2.20400552651101	0.422	0.094	3.20576475698559e-57
B3GNT5	1	2.90244251989814e-61	2.84403128259739	0.336	0.057	5.22816971109253e-57
AMICA1	1	4.99655301007945e-61	1.53023761545121	0.47	0.106	9.00029093705611e-57
CECR1	1	5.43569198729724e-61	2.35787533055943	0.429	0.102	9.79131197671852e-57
PPP1R15A	1	1.78889579336933e-60	1.7053146740557	0.929	0.786	3.22233799259617e-56
ARHGAP30	1	2.68410703968216e-60	2.66832392856108	0.311	0.047	4.83488201057948e-56
CSF2RA	1	4.00613539374462e-60	1.86536077562063	0.422	0.092	7.21625168475219e-56
RP11-386I14.4	1	4.72234731157595e-60	2.88544140785685	0.404	0.094	8.50636421234176e-56
CKLF	1	5.15720604681147e-60	1.64489737585037	0.742	0.376	9.2896752521215e-56
FAM105A	1	6.69756312493237e-59	2.28163105497619	0.412	0.096	1.20643204569407e-54
SLC8A1	1	7.4851444472671e-59	2.12001989841877	0.419	0.099	1.34829906928622e-54
GLIPR1	1	9.72326155722616e-59	1.62905177475727	0.72	0.357	1.75145110430315e-54
FOS	1	2.11559144168762e-58	1.13406388753232	1	0.993	3.81081486391192e-54
RNF130	1	2.27753446436724e-58	1.52343048658834	0.763	0.435	4.10252283066471e-54
STK17B	1	3.224717734955e-58	1.72356603884764	0.598	0.219	5.80868405597444e-54
HSPA1B	1	5.62374078577464e-58	2.40522705352288	0.831	0.604	1.01300442774159e-53
GAPT	1	1.61494511025989e-57	2.41590663010131	0.311	0.05	2.90900062711115e-53
ST8SIA4	1	2.19201965670775e-57	2.17674487440924	0.457	0.124	3.94848500762766e-53
CNPY3	1	2.25463570575299e-57	1.7043931832686	0.641	0.271	4.06127529677285e-53
KCTD12	1	2.34241591654476e-57	1.47084490692437	0.79	0.443	4.21939379047207e-53
TGFB1	1	2.64381537114165e-57	1.63121075554398	0.657	0.276	4.76230462803745e-53
HDAC9	1	3.11984063842847e-57	2.34443431734043	0.369	0.076	5.61976894200121e-53
TAGAP	1	4.72248719845134e-57	2.37845404936219	0.402	0.093	8.50661619057039e-53
PLEKHO1	1	6.91694943344327e-57	1.79301967601039	0.639	0.273	1.24595010144614e-52
IGSF6	1	7.52446276035724e-57	2.55415290864176	0.288	0.042	1.35538147702315e-52
SOD2	1	1.02670343199174e-56	2.10657468062065	0.881	0.684	1.84940089204672e-52
GPR65	1	1.23145860414247e-56	2.44422921199363	0.328	0.059	2.21822638364182e-52
ETS2	1	1.73406766034348e-56	1.72730361773633	0.51	0.156	3.12357607657671e-52
PYCARD	1	3.03514916722439e-56	1.83276686498697	0.616	0.258	5.46721419492129e-52
PLCB2	1	3.24242909340128e-56	3.06064135133984	0.263	0.034	5.84058752594372e-52
ADRBK1	1	4.61573003953631e-56	1.89157843240951	0.551	0.19	8.31431452021676e-52
GPRIN3	1	6.01680885233718e-56	2.71824915389276	0.306	0.05	1.0838077785715e-51
DMXL2	1	7.67095893120498e-56	2.92144286552979	0.333	0.066	1.38176983227795e-51
CASP1	1	7.82325487353273e-56	2.32227303947354	0.399	0.096	1.40920290036945e-51
IER5	1	8.0731548317337e-56	1.95966059267896	0.654	0.297	1.45421737984019e-51
IQGAP2	1	2.00833054553101e-55	2.68587212977192	0.308	0.052	3.61760581166501e-51
FCER1A	1	2.34879856379004e-55	0.267471373590651	0.447	0.1	4.23089085295499e-51
MCL1	1	4.58487032894884e-55	1.08283014628691	0.975	0.906	8.25872692353554e-51
ETV5	1	5.09661205149499e-55	2.60838138810479	0.364	0.081	9.18052728835793e-51
AP1B1	1	1.46357855764536e-54	2.41819335595792	0.419	0.112	2.63634405588659e-50
HSP90AA1	1	1.6262917251203e-54	1.64215436568133	0.98	0.972	2.92943928445919e-50
CMTM6	1	1.71192149208159e-54	1.27120833727949	0.806	0.504	3.08368418368657e-50
CD36	1	2.68183072753673e-54	2.01861567816735	0.316	0.056	4.83078168951191e-50
TNFSF13B	1	5.09971268446821e-54	1.98249718338667	0.52	0.177	9.18611245853258e-50
PLXDC2	1	6.20477453524398e-54	1.59214492011947	0.712	0.37	1.1176660370335e-49
RCSD1	1	8.70975195722633e-54	2.67427319489226	0.29	0.047	1.56888762005518e-49
GLUL	1	8.97904304908152e-54	1.44709968141063	0.823	0.52	1.61739502443105e-49
DOCK2	1	2.36085228645739e-53	2.49189736117681	0.295	0.049	4.2526032235957e-49
BTG1	1	5.58096736553989e-53	1.27516552934294	0.904	0.687	1.0052996515547e-48
PHACTR1	1	7.84350739065779e-53	2.14354102329889	0.364	0.079	1.41285098627919e-48
DOCK8	1	1.17267881816744e-52	2.31587096666025	0.348	0.074	2.112346355165e-48
RGS1	1	1.57629590795388e-52	1.88155561436153	0.455	0.126	2.83938181899732e-48
CEBPA	1	3.69966976914874e-52	2.86626330617298	0.306	0.057	6.66421515516763e-48
CHCHD10	1	6.85217497514835e-52	1.60120973270254	0.609	0.243	1.23428227827347e-47
DOCK4	1	1.6105011675526e-51	2.685169599999	0.303	0.056	2.90099575311249e-47
PNRC1	1	1.99530816176657e-51	1.40419946219874	0.919	0.794	3.59414859179012e-47
MARCKS	1	3.41194726819316e-51	0.999758065138943	0.97	0.858	6.14594061419634e-47
ELF1	1	1.25174707157486e-50	1.53526239876949	0.697	0.352	2.25477200002779e-46
CXorf21	1	1.71483905396584e-50	2.54819135040305	0.28	0.047	3.08893958790867e-46
KLF4	1	1.87807181739047e-50	1.39627174031328	0.919	0.719	3.38297076466546e-46
SPINT2	1	2.39438031883031e-50	1.54203473106376	0.47	0.133	4.31299726830904e-46
PTPN6	1	4.41321322297737e-50	1.9341089454109	0.366	0.083	7.94952097854914e-46
C9orf72	1	7.0719245576502e-50	2.3342064246658	0.389	0.103	1.27386577056953e-45
STX11	1	7.52885716162293e-50	1.99220029523796	0.338	0.07	1.35617304052314e-45
ID2	1	7.88949150857168e-50	1.70080623967637	0.667	0.311	1.42113410543902e-45
NFKBID	1	1.0679454385279e-49	1.6933527230526	0.455	0.132	1.92369011842031e-45
LIPA	1	1.84832450859064e-49	2.12856993900148	0.515	0.202	3.32938693732431e-45
IRS2	1	1.87476772532061e-49	2.62118995296998	0.359	0.089	3.37701910362001e-45
ZNF267	1	3.44245963873159e-49	2.53641225305549	0.419	0.127	6.20090254724721e-45
DRAM2	1	4.55027173172432e-49	1.9829840229844	0.492	0.176	8.19640447035501e-45
WDR74	1	4.7508224377106e-49	2.27093429510166	0.528	0.204	8.55765645704811e-45
TET2	1	1.42248080022905e-48	1.80488018041822	0.51	0.181	2.56231466545259e-44
SNORD3D	1	1.90288183013371e-48	2.95372614742332	0.255	0.04	3.42766104061985e-44
SLC43A2	1	7.03088754688088e-48	2.22157756955489	0.404	0.116	1.26647377381965e-43
NEU1	1	1.50903378714067e-47	2.15413096262267	0.586	0.288	2.71822256077648e-43
CKS2	1	1.71469457005141e-47	2.13129590490362	0.462	0.155	3.08867932903361e-43
MIR24-2	1	4.86062887841746e-47	2.16557028366097	0.551	0.234	8.75545079869337e-43
METRNL	1	1.93903069371838e-46	1.32860243825356	0.727	0.412	3.49277598859491e-42
EFHD2	1	2.21624826109951e-46	1.52728004710589	0.604	0.269	3.99212799271854e-42
GCA	1	3.43477553637916e-46	1.7208429756105	0.472	0.156	6.18706117367978e-42
ATP2B1	1	7.32319947205969e-46	1.49877615160539	0.687	0.361	1.31912792090211e-41
HBEGF	1	1.54549599003678e-45	2.37037110652405	0.381	0.106	2.78390192685326e-41
HNMT	1	4.91462545289273e-45	1.90155978711655	0.543	0.238	8.85271482829567e-41
CTSC	1	5.87723457301486e-45	1.32589913660177	0.763	0.411	1.05866626363717e-40
TMEM176A	1	6.89314197682626e-45	1.22982745645824	0.465	0.142	1.24166166428571e-40
VMP1	1	7.51130792676064e-45	1.2875452337555	0.896	0.757	1.35301189684739e-40
OSTF1	1	8.86759544771506e-45	1.5807375636118	0.583	0.253	1.59731996799691e-40
IVNS1ABP	1	9.10809074872584e-45	1.97672363860379	0.598	0.304	1.64064038656798e-40
RGS2	1	1.81195742426759e-44	1.30277126702793	0.652	0.298	3.26387890833321e-40
RPS29	1	3.18809127060513e-44	0.500132651635027	1	0.997	5.74270880574103e-40
CTSH	1	4.52895395051163e-44	1.10088353119533	0.78	0.433	8.1580047510566e-40
RNF166	1	5.62150018961433e-44	1.98148181382071	0.396	0.118	1.01260082915523e-39
TFRC	1	7.45021082578293e-44	3.09516903446811	0.384	0.119	1.34200647604828e-39
SLC15A3	1	7.78995768971299e-44	2.40528952272728	0.321	0.077	1.403205078648e-39
ICAM1	1	7.94018565117432e-44	2.13666557720797	0.465	0.165	1.43026564134603e-39
ARHGAP24	1	1.04885466018409e-43	2.5107826515746	0.318	0.077	1.88930189938961e-39
TPP1	1	1.20660050954384e-43	1.5496054268281	0.679	0.402	2.17344949784133e-39
PKIB	1	2.62755403427986e-43	1.89005136023796	0.308	0.067	4.73301308194831e-39
CD48	1	2.87476120422319e-43	1.61438512145027	0.391	0.105	5.17830735716723e-39
PELI1	1	3.31121545941342e-43	2.22263621644205	0.409	0.132	5.96449240704139e-39
IRF8	1	5.63325113702518e-43	0.937981276588604	0.381	0.101	1.01471752731235e-38
HLA-A	1	5.74710830640313e-43	0.662141823511207	1	0.977	1.0352266192324e-38
CD69	1	1.22582781905117e-42	1.204575014809	0.323	0.074	2.20808365045687e-38
DDX3X	1	2.05152648248328e-42	1.34792330342031	0.783	0.564	3.69541465289713e-38
NR4A2	1	5.50737345272114e-42	1.25242691478502	0.851	0.638	9.92043180038659e-38
SPRED1	1	1.0377844460225e-41	1.95538156360139	0.49	0.201	1.86936112262033e-37
RNF149	1	2.90929329461834e-41	1.76385350431843	0.52	0.226	5.24051001159602e-37
GADD45B	1	3.7456598581178e-41	1.16695125994305	0.932	0.796	6.7470571024276e-37
PAG1	1	6.08466557440682e-41	2.22042179537661	0.333	0.088	1.0960308099179e-36
SDCBP	1	6.93242325910337e-41	0.873052763177604	0.949	0.856	1.24873740166229e-36
LPCAT2	1	1.14848999099241e-40	1.84925047062926	0.455	0.166	2.06877502077463e-36
RPL27A	1	1.16543562943755e-40	0.558996612693651	1	0.99	2.09929919930586e-36
TRA2B	1	1.24908350312089e-40	1.33528441681138	0.775	0.538	2.24997411417166e-36
SLC9A9	1	1.60057299093504e-40	2.07958826473786	0.422	0.148	2.88311212857129e-36
SYNGR2	1	1.74563220717086e-40	1.78251314032374	0.427	0.142	3.14440729477687e-36
APBB1IP	1	4.64283413281649e-40	2.0442523908008	0.321	0.081	8.36313712344235e-36
ATP6V1B2	1	4.7016895074854e-40	1.92876122290883	0.513	0.225	8.46915330983346e-36
IL13RA1	1	5.01396537228589e-40	1.56626292332507	0.573	0.273	9.03165582509857e-36
SNX6	1	1.0384510178957e-39	1.56067359339763	0.646	0.397	1.87056181853552e-35
SERPINB9	1	1.47657432385953e-39	2.22740779745663	0.402	0.136	2.65975332956817e-35
ZFP36	1	2.61645216650964e-39	0.962005903701222	0.98	0.904	4.71301528753382e-35
RHOG	1	2.62519501516497e-39	1.75028401982824	0.482	0.194	4.72876378081666e-35
SLC16A3	1	5.61666448318867e-39	2.11287131011239	0.343	0.097	1.01172977335678e-34
CPEB4	1	6.45559455366067e-39	1.93467869268648	0.439	0.166	1.1628462469509e-34
CD44	1	8.65341034470587e-39	1.43671365421157	0.831	0.601	1.55873880539187e-34
TYMP	1	8.73968386796289e-39	1.3195043324718	0.79	0.559	1.57427925513616e-34
C10orf54	1	1.06007802742535e-38	1.49889838879621	0.626	0.328	1.90951855080128e-34
TNFAIP2	1	1.80137254165514e-38	2.12503945908979	0.432	0.162	3.24481235928341e-34
TNFAIP8	1	2.02047209150502e-38	1.90994502787902	0.429	0.15	3.63947637842799e-34
ZFP36L2	1	2.10008105825006e-38	1.04049600705708	0.894	0.723	3.78287601022583e-34
PLD4	1	3.42008631043821e-38	1.18629691000338	0.313	0.077	6.16060147099235e-34
RAP2B	1	1.07166264625686e-37	1.80038074441294	0.5	0.222	1.93038592470249e-33
JMJD1C	1	3.92815945974641e-37	1.00314410625257	0.854	0.678	7.0757936348412e-33
UCP2	1	4.38788427276295e-37	1.35210416550015	0.394	0.122	7.9038959405279e-33
PARVG	1	6.41551370945395e-37	1.89339048419585	0.301	0.075	1.15562648448394e-32
CLEC2B	1	7.76787232305623e-37	1.3060278913542	0.699	0.416	1.39922684155212e-32
CSTA	1	9.27691457215781e-37	1.7588806913079	0.465	0.183	1.67105062188279e-32
DDX3Y	1	2.31357101251734e-36	1.55505322960474	0.657	0.409	4.16743546484749e-32
KIAA1598	1	2.78240538492653e-36	1.89288418658023	0.283	0.068	5.01194681986816e-32
FGL2	1	3.3411041182712e-36	0.900614810963761	0.662	0.322	6.01833084824192e-32
CAB39	1	3.77155734414462e-36	1.83051328122378	0.427	0.162	6.7937062440077e-32
COTL1	1	9.05788408623284e-36	0.913968438185589	0.77	0.463	1.63159666045312e-31
H3F3A	1	1.00684819211572e-35	0.514239418924711	0.997	0.996	1.81363564845804e-31
HMGA1	1	1.03615692479669e-35	2.02244893968953	0.331	0.096	1.86642946863628e-31
GRB2	1	1.66044368594625e-35	1.46218739798255	0.545	0.255	2.99095721149499e-31
FGD4	1	7.09456639586042e-35	1.81431891320465	0.407	0.145	1.27794424488634e-30
HSPH1	1	1.08011190553958e-34	2.11660800995335	0.533	0.28	1.94560557544845e-30
IL6R	1	1.48098508105235e-34	2.39414896512208	0.275	0.071	2.6676984264996e-30
IFNGR1	1	2.6284308711743e-34	1.36124797429544	0.778	0.595	4.73459252824626e-30
EMILIN2	1	3.15386627424428e-34	1.86351568861382	0.343	0.108	5.68105931979622e-30
TSPO	1	3.88929315395398e-34	0.96577890786396	0.914	0.779	7.0057837582173e-30
SAMHD1	1	3.98373178553376e-34	0.963699054437088	0.768	0.501	7.17589606528196e-30
TAOK3	1	4.49141783715991e-34	1.556750461266	0.523	0.25	8.09039095007615e-30
IL18	1	4.72023807324523e-34	1.62471648558717	0.414	0.151	8.50256484133663e-30
ARPC1B	1	6.38971999016801e-34	0.728869218442285	0.97	0.873	1.15098026182896e-29
MXD1	1	8.12644576793243e-34	2.14801438618217	0.316	0.094	1.46381667617767e-29
DOCK10	1	8.69496166993195e-34	1.90832736573953	0.306	0.085	1.56622344560484e-29
DAZAP2	1	2.17880491499958e-33	1.25328642928223	0.646	0.376	3.92468129338874e-29
FOSB	1	2.58745659081338e-33	0.910414054685493	0.987	0.952	4.66078555703213e-29
WIPF1	1	3.02310051990358e-33	1.38861078158065	0.556	0.284	5.44551096650233e-29
CREB5	1	4.0230753213352e-33	1.46288157615457	0.52	0.236	7.24676557632109e-29
HLA-DOA	1	5.68694068534878e-33	1.9507236592618	0.263	0.064	1.02438862565188e-28
WSB1	1	5.8671435027468e-33	0.830527557657748	0.902	0.798	1.05684855914978e-28
BRI3	1	1.43601832064414e-32	0.845249319275947	0.914	0.823	2.58669980097629e-28
BTG2	1	1.48015311834865e-32	1.08968458229306	0.838	0.65	2.66619981208143e-28
DBI	1	2.04446271774657e-32	0.972806345753397	0.851	0.713	3.6826906934769e-28
APLP2	1	2.54128921436454e-32	0.866172931565827	0.793	0.558	4.57762426183485e-28
GNA13	1	3.07350622158005e-32	1.52527243596055	0.417	0.16	5.53630675693214e-28
DNAJA1	1	4.51476884660105e-32	1.24054052575753	0.836	0.727	8.13245312338247e-28
H2AFZ	1	6.97003454035102e-32	1.03193528914645	0.808	0.63	1.25551232175343e-27
CARD16	1	1.22190097331092e-31	1.53739305873463	0.485	0.213	2.20101022322496e-27
CXCR4	1	2.14660323259725e-31	0.871298896070283	0.386	0.128	3.86667640287743e-27
RILPL2	1	2.59353473801137e-31	1.40377805580968	0.477	0.209	4.67173412357988e-27
HNRNPA2B1	1	2.61597357245351e-31	0.630244128719655	0.987	0.966	4.71215319606052e-27
GIMAP4	1	2.63075787623797e-31	1.68120521985781	0.25	0.06	4.73878416246746e-27
DSE	1	4.56670304264861e-31	1.38298346758248	0.604	0.351	8.22600219072293e-27
BCAT1	1	5.86232818782376e-31	2.24435330451222	0.263	0.072	1.05598117647269e-26
NCOA4	1	6.63730842809187e-31	1.60297521737021	0.52	0.278	1.19557836715219e-26
ARPC2	1	7.59676054889443e-31	0.778897645310114	0.917	0.825	1.36840447767235e-26
KDM6B	1	9.61229949338372e-31	1.39564455554128	0.657	0.409	1.73146350774321e-26
PTPN18	1	9.74477123229549e-31	1.7043931832686	0.366	0.131	1.75532564207339e-26
LPXN	1	1.0142596703348e-30	1.80303423741933	0.285	0.081	1.82698594417407e-26
TRMT1	1	1.47835233944603e-30	1.72526772538752	0.404	0.163	2.66295606904414e-26
SH3BP2	1	1.69762621097492e-30	1.87364283653858	0.318	0.102	3.05793409382912e-26
SCAMP2	1	2.12319480392098e-30	1.49868469418732	0.518	0.256	3.82451080030285e-26
RAC2	1	2.19881985600846e-30	1.22175085584913	0.308	0.09	3.96073420662805e-26
BLVRB	1	3.22481870895167e-30	1.5128205623738	0.646	0.436	5.80886594043465e-26
TPT1	1	4.80736347176213e-30	0.396294555359545	1	1	8.65950382168513e-26
ACTR2	1	5.45281416609534e-30	1.05990846077752	0.763	0.594	9.82215415738753e-26
NUP214	1	5.87040862707174e-30	1.87531102422493	0.343	0.121	1.05743670599443e-25
SIRPA	1	1.30353925779372e-29	1.59170264695816	0.384	0.148	2.34806526506383e-25
SH3BGRL	1	1.64250767996962e-29	0.733165607929751	0.896	0.812	2.95864908392927e-25
H3F3B	1	2.48532994157854e-29	0.572102282401542	1	0.999	4.47682482376542e-25
ATG16L2	1	2.79298684471866e-29	1.96830947056776	0.298	0.094	5.03100720339172e-25
ASAH1	1	3.15761036926749e-29	1.30851076773153	0.669	0.449	5.68780355816152e-25
ADCY7	1	8.03955127331814e-29	1.70709349872565	0.331	0.114	1.4481643708628e-24
EIF1	1	3.92794485529179e-28	0.381235760885086	1	1	7.07540706783709e-24
KIAA1551	1	4.13841274166062e-28	1.60175631162209	0.366	0.139	7.45452287155328e-24
CSK	1	6.2146537771534e-28	1.654536976831	0.379	0.152	1.11944558487864e-23
ATP5E	1	8.66138782593087e-28	0.446930180907394	0.997	0.991	1.56017578908493e-23
C3orf58	1	8.82932102437273e-28	1.71466264322795	0.348	0.13	1.59042559612026e-23
CMTM7	1	1.16670050349986e-27	1.80241682414836	0.301	0.099	2.10157761695429e-23
SNX10	1	1.36494484014351e-27	1.95545014090578	0.268	0.08	2.45867514055051e-23
PTGS2	1	1.7893795459812e-27	2.39675513621021	0.386	0.165	3.22320937617593e-23
NAGA	1	2.39793200945829e-27	1.71187164423383	0.348	0.132	4.31939492863722e-23
SNX2	1	4.26461078572987e-27	1.36499681677925	0.573	0.363	7.68184340833521e-23
VMO1	1	5.22245471891905e-27	1.14181114241979	0.346	0.127	9.40720768518888e-23
CREM	1	5.42712381706164e-27	0.911624463860642	0.558	0.3	9.77587813167314e-23
PNP	1	5.5266901227634e-27	1.65638431524955	0.409	0.178	9.95522691813371e-23
ARHGAP15	1	7.46724427093502e-27	1.18791042043021	0.27	0.079	1.34507471052353e-22
MT-CO1	1	7.849778990653e-27	0.446084124916602	1	1	1.41398068958633e-22
PPP1R15B	1	8.72385440061412e-27	1.60227859368189	0.508	0.284	1.57142789318262e-22
UBA52	1	9.00532055100791e-27	0.438809688713175	0.997	0.992	1.62212839085305e-22
AGFG1	1	9.72017481044951e-27	1.63084922314241	0.424	0.197	1.75089508860627e-22
HSPA8	1	1.3770065823531e-26	0.941444800841612	0.922	0.892	2.48040195679264e-22
CCNL1	1	1.66144890299863e-26	0.860969006503471	0.869	0.748	2.99276790897144e-22
HIST2H2AA3	1	2.01804919622409e-26	2.10666151556375	0.293	0.101	3.63511201715845e-22
STK4	1	2.15674164094815e-26	0.898472793531958	0.485	0.22	3.88493871783991e-22
P2RX4	1	3.38361300348545e-26	2.03916162392938	0.288	0.098	6.09490210317833e-22
SNCA	1	3.62931082585919e-26	1.06975683028324	0.25	0.069	6.53747759062016e-22
SLC31A2	1	4.45434596726435e-26	1.95506259498614	0.25	0.074	8.02361339083328e-22
C6orf62	1	4.60616053450975e-26	1.20836284816205	0.705	0.521	8.29707697081242e-22
ST6GAL1	1	4.87041735299097e-26	1.95484668731724	0.268	0.084	8.77308277794263e-22
MYO5A	1	5.18763548302997e-26	1.94884576112371	0.278	0.091	9.34448779558188e-22
CARD8	1	7.23536251013697e-26	1.48736065566632	0.359	0.14	1.30330584895097e-21
HEXIM1	1	8.13518577278363e-26	1.70074540625345	0.46	0.236	1.46539101325151e-21
ZSWIM6	1	8.58313613096656e-26	1.79018227143418	0.336	0.129	1.54608031127101e-21
BST2	1	1.11826618698644e-25	0.544139315130504	0.828	0.505	2.01433288261868e-21
ADRBK2	1	1.13824624526493e-25	1.84628624906881	0.25	0.074	2.05032296159571e-21
ATP1B1	1	1.20035783735093e-25	1.93291884838249	0.25	0.075	2.16220457242023e-21
CYB5R4	1	1.38580540464672e-25	1.85442022067453	0.28	0.094	2.49625127539014e-21
TPST2	1	1.44185196646918e-25	1.6359024508687	0.308	0.109	2.59720794720093e-21
JUNB	1	2.9212166098115e-25	0.701769530500425	0.987	0.974	5.26198747925345e-21
TTYH3	1	4.63023716790956e-25	2.08822718301174	0.348	0.145	8.34044621055548e-21
CEBPB	1	5.50160245462468e-25	0.818808248686852	0.902	0.758	9.91003650151544e-21
DDX5	1	1.14304689576679e-24	0.513110373277984	0.995	0.987	2.05897037334472e-20
ATF3	1	1.38898732069908e-24	1.24312656306201	0.793	0.644	2.50198286077524e-20
QKI	1	1.60830892154959e-24	0.74775839605548	0.773	0.587	2.89704686038728e-20
AMD1	1	1.61464669121918e-24	0.886161338808883	0.732	0.508	2.90846308489311e-20
SAP30	1	1.91812240624033e-24	2.00414646510682	0.359	0.158	3.45511389036071e-20
SNHG12	1	2.33091127022345e-24	1.94026388761676	0.321	0.124	4.19867047105349e-20
TUBA1B	1	2.46975321228181e-24	0.705476926978542	0.949	0.899	4.44876646128322e-20
VASP	1	2.95755518527162e-24	1.31776074326806	0.429	0.198	5.32744415522977e-20
CFL1	1	4.51198716251139e-24	0.458367994299497	0.992	0.985	8.12744247583177e-20
ARL6IP1	1	9.67569101021457e-24	1.32874796785429	0.548	0.336	1.74288222166995e-19
BIRC3	1	9.8979678866013e-24	2.21623944252691	0.268	0.092	1.78292095541349e-19
BID	1	1.20965020476781e-23	1.30884440577254	0.366	0.15	2.17894291384826e-19
CLIC1	1	1.24593545950156e-23	0.601209732702539	0.962	0.903	2.24430354320015e-19
GAA	1	1.64170554749431e-23	1.29336386865757	0.535	0.32	2.95720420270151e-19
TMEM107	1	2.01488239113176e-23	1.88720400478863	0.389	0.18	3.62940765114563e-19
USF2	1	2.21539128866272e-23	1.28435787521524	0.495	0.269	3.99058432826815e-19
ACTB	1	2.40646767751639e-23	0.494662359929197	1	1	4.33477022751027e-19
ZNF385A	1	3.36626810585199e-23	1.52162486697595	0.359	0.152	6.06365873907119e-19
EPB41L3	1	3.97097015249885e-23	1.72483594965173	0.361	0.16	7.15290853569618e-19
CITED2	1	4.54495339118293e-23	1.47144185773221	0.48	0.253	8.18682454353782e-19
PABPC4	1	5.02199900481628e-23	1.10304379370162	0.631	0.43	9.04612680737556e-19
CTSD	1	7.13233184124619e-23	1.31967382661613	0.798	0.68	1.28474693456368e-18
CD302	1	7.74552421714496e-23	0.978730153553218	0.664	0.444	1.39520127723432e-18
TGFBI	1	8.80542888034468e-23	0.599907465389	0.644	0.361	1.58612190421649e-18
H2AFY	1	9.18307095110955e-23	0.916030050913781	0.641	0.434	1.65414657042336e-18
MKNK1	1	9.95207779639959e-23	1.58134062696644	0.364	0.16	1.79266777346546e-18
HERPUD1	1	1.35403266636396e-22	0.865780418785388	0.808	0.674	2.4390190419214e-18
TPM3	1	4.32583744053221e-22	0.773660555005635	0.79	0.639	7.79213098163067e-18
DNAJB6	1	5.18321154404695e-22	1.14860550105187	0.715	0.576	9.33651895429178e-18
RPS16	1	5.3075037739938e-22	0.364185836220089	1	0.994	9.56040654809503e-18
EIF5	1	5.59899385411741e-22	0.911337960513609	0.77	0.654	1.00854676294217e-17
RCBTB2	1	7.91626724347203e-22	1.81315794904056	0.285	0.109	1.42595721856662e-17
RAB11FIP1	1	8.99176097486202e-22	1.14507721232633	0.303	0.111	1.6196859044019e-17
NXF1	1	9.52528773456572e-22	1.65526777573563	0.338	0.15	1.71579007962732e-17
CTA-29F11.1	1	1.24067854620899e-21	1.66832392856108	0.298	0.116	2.23483426528625e-17
UPP1	1	1.39878944669171e-21	1.61174040019471	0.306	0.119	2.51963943032577e-17
DDX60L	1	1.44678641285257e-21	1.67117229087011	0.278	0.102	2.60609636547133e-17
LIMD2	1	1.62443214369478e-21	1.02179180083853	0.409	0.189	2.9260896204374e-17
ARHGAP26	1	1.8994679174914e-21	1.71049338280502	0.27	0.098	3.42151155977726e-17
ENTPD1	1	1.97752492305331e-21	1.01529715289477	0.313	0.118	3.56211564389592e-17
RAB5C	1	2.39967090041471e-21	0.946966826945764	0.664	0.483	4.32252719291701e-17
YWHAH	1	2.72494259447749e-21	1.19057546868624	0.598	0.41	4.90843909543231e-17
CCDC88A	1	2.95895121534729e-21	1.25539717587804	0.442	0.233	5.32995882420506e-17
MAP3K1	1	4.50773413926579e-21	1.70492108222465	0.27	0.099	8.11978150505947e-17
IQGAP1	1	5.31328641682019e-21	0.921910395973458	0.742	0.585	9.57082282261821e-17
PICALM	1	5.34534651390412e-21	1.06388847186633	0.543	0.33	9.62857267549548e-17
FAU	1	5.49017647235583e-21	0.324207567809331	1	0.998	9.88945487965455e-17
PTGER4	1	1.38058840727667e-20	1.19883864525986	0.384	0.179	2.48685389802747e-16
FLI1	1	1.39447702812704e-20	1.51245301767631	0.26	0.092	2.51187147076523e-16
S100A11	1	1.78649383910259e-20	0.563929203027606	0.995	0.983	3.2180113523755e-16
LAMTOR4	1	2.16161749009138e-20	0.703833464254697	0.833	0.781	3.89372158490161e-16
TXNIP	1	2.54311796188956e-20	0.850321762303963	0.707	0.509	4.58091838475166e-16
SRSF7	1	4.06258485866497e-20	0.78644354212043	0.886	0.802	7.31793410591321e-16
GLA	1	4.49675037052829e-20	1.51038381010817	0.343	0.154	8.09999644243261e-16
DPP7	1	6.5319299626678e-20	0.85527594156404	0.667	0.454	1.17659654417535e-15
NUFIP2	1	7.5665703086858e-20	1.34156591606952	0.523	0.344	1.36296630970357e-15
INSIG1	1	8.36000911252355e-20	1.25823564525396	0.391	0.193	1.50588844143887e-15
CEP170	1	8.46596283311188e-20	1.32531611555489	0.434	0.231	1.52497388512844e-15
C1orf63	1	9.35956553818196e-20	1.01449956969512	0.662	0.478	1.68593854039272e-15
ARPC5	1	1.22669413026223e-19	0.720062898532697	0.816	0.684	2.20964413684136e-15
PPP1R18	1	1.26970566262747e-19	1.35018741283609	0.386	0.195	2.28712081009087e-15
CFLAR	1	1.39690205871022e-19	1.23943645052121	0.566	0.378	2.51623967835472e-15
CDK6	1	1.42585502781127e-19	1.54558086384884	0.359	0.172	2.56839266159645e-15
DAB2	1	1.43283930902126e-19	1.89071634989752	0.606	0.48	2.58097344733999e-15
FAM96A	1	1.82607607235894e-19	1.32232807371188	0.371	0.177	3.28931082914015e-15
SRGAP2	1	1.84472033344362e-19	1.28532025692194	0.434	0.236	3.32289473663199e-15
ATP1B3	1	2.18472876052363e-19	0.765034039328562	0.72	0.547	3.93535191633121e-15
MYLIP	1	2.19725014210837e-19	1.38812076625618	0.394	0.198	3.9579066809798e-15
PDE4B	1	3.30039200335907e-19	1.226101599956	0.402	0.198	5.94499611565069e-15
CYB5D1	1	3.44291582160941e-19	1.98634756899252	0.278	0.116	6.20172426946504e-15
M6PR	1	8.45402318716601e-19	1.13642267159133	0.472	0.269	1.52282319670421e-14
CREBL2	1	9.89759479758743e-19	1.54812086328732	0.328	0.153	1.78285375088942e-14
RP11-343N15.5	1	1.00784842429576e-18	1.26353046077903	0.354	0.166	1.81543736668396e-14
COLGALT1	1	1.42628250743753e-18	1.36276490608072	0.391	0.204	2.56916268064723e-14
PPIF	1	1.67285495777508e-18	1.960239454382	0.318	0.149	3.01331363544025e-14
PLEKHO2	1	1.88356767179141e-18	1.63693350941353	0.283	0.117	3.39287044719786e-14
PYGL	1	1.90446390149193e-18	1.61035633028985	0.303	0.135	3.43051082575741e-14
RNF141	1	2.0036938922251e-18	1.5255393651454	0.278	0.113	3.60925380806507e-14
RAC1	1	2.12614480807886e-18	0.59870514014806	0.922	0.877	3.82982464279244e-14
TMEM66	1	2.88797616337449e-18	0.543719165568694	0.881	0.832	5.20211146308647e-14
CAPZB	1	3.41277703071619e-18	0.712823388727935	0.808	0.711	6.14743526542907e-14
ITSN2	1	3.82031640836569e-18	1.18739849362577	0.371	0.181	6.88153594638912e-14
NAGK	1	4.47622604724295e-18	1.20982847359846	0.462	0.271	8.06302597889873e-14
SATB1	1	4.87653016681215e-18	1.39078995303217	0.253	0.095	8.78409378947873e-14
FCHSD2	1	5.35273487667669e-18	1.40738646356286	0.273	0.11	9.64188133335773e-14
UBE2D3	1	9.13054496594381e-18	0.661386598555445	0.831	0.74	1.64468506471546e-13
HSD17B11	1	1.08378043239527e-17	1.08961084917913	0.54	0.364	1.9522136928736e-13
MYO9B	1	1.23828146546958e-17	1.48104536036849	0.328	0.156	2.23051640375036e-13
HLA-F	1	1.3994361040412e-17	1.18424478485258	0.341	0.159	2.52080425420941e-13
TBC1D14	1	1.45439336528843e-17	1.50355353904215	0.255	0.1	2.61979876889405e-13
CYTIP	1	1.45968456986729e-17	0.882767596782033	0.263	0.098	2.62932981570196e-13
IFNGR2	1	1.58759286461682e-17	0.96584671078016	0.596	0.422	2.85973102703428e-13
HOMER3	1	1.60986451639269e-17	1.38438541955497	0.361	0.184	2.89984895337815e-13
MOB1B	1	1.67814363441163e-17	1.38581051478706	0.311	0.14	3.02284012866568e-13
RPL38	1	1.79646348560685e-17	0.370226373626931	0.995	0.992	3.23596967662362e-13
IRAK3	1	2.07913152931645e-17	1.33435803992955	0.313	0.141	3.74513962375771e-13
MOB1A	1	2.15514709142721e-17	0.978426588051648	0.581	0.415	3.88206645578783e-13
ATP6AP1	1	2.2913997827358e-17	1.0338625173077	0.548	0.367	4.127498428642e-13
RAB31	1	2.89854276643986e-17	1.18933379649302	0.462	0.274	5.22114508518812e-13
FAM107B	1	3.05502745626317e-17	1.11510701184887	0.457	0.266	5.50302095696684e-13
MAML1	1	3.59764759915076e-17	1.6059580476007	0.275	0.118	6.48044262035026e-13
NUDT3	1	3.61181076523659e-17	0.989525041804993	0.588	0.413	6.50595473142067e-13
SERP1	1	3.74618580091502e-17	0.483990181500035	0.912	0.822	6.74800448318823e-13
KIAA1033	1	4.79145702555274e-17	1.22754886786862	0.404	0.219	8.63085154012815e-13
SKAP2	1	4.93746838958784e-17	1.01096092028055	0.54	0.353	8.89386181016459e-13
MT-ND1	1	5.33205947377422e-17	0.344956587740496	1	1	9.6046387301095e-13
TRIB1	1	6.19515895357101e-17	1.29281479346887	0.432	0.241	1.11593398230675e-12
NUMB	1	9.18069564728826e-17	1.08211933130096	0.419	0.229	1.65371870694603e-12
ARL5B	1	1.07703194585352e-16	1.66965667234259	0.361	0.192	1.94005764406594e-12
RAP1A	1	1.11153083679996e-16	0.948677810594896	0.556	0.368	2.00220049632777e-12
RGCC	1	1.11419236854276e-16	1.17494834827534	0.556	0.367	2.00699471345607e-12
TPCN1	1	1.31459393712861e-16	1.43957134244519	0.316	0.149	2.36797805894976e-12
GNG2	1	1.63526353010949e-16	1.10128333583718	0.306	0.134	2.94560019678623e-12
RP6-99M1.2	1	2.44696609986659e-16	1.64278883645394	0.283	0.128	4.40772003568969e-12
INPPL1	1	2.67322439129002e-16	1.52177526520813	0.278	0.123	4.81527909603072e-12
PFN1	1	3.65766775471306e-16	0.458265409701628	0.967	0.922	6.58855692656463e-12
EIF4A1	1	3.98856729763032e-16	0.40079305979309	0.987	0.977	7.1846062732215e-12
TLE4	1	4.12685872584255e-16	1.04365503008227	0.487	0.294	7.43371062286019e-12
MAT2A	1	4.34654735496649e-16	0.930715851622777	0.53	0.346	7.82943575050113e-12
CDC42	1	6.87058900830348e-16	0.531180433521795	0.871	0.816	1.23759919806571e-11
MGAT1	1	8.03748486000612e-16	0.923036213843098	0.596	0.439	1.4477921478329e-11
KMT2E-AS1	1	8.3182173264253e-16	1.28891033901295	0.323	0.157	1.49836048700899e-11
MANBA	1	9.80605328105077e-16	1.48935378751576	0.275	0.123	1.76636437751568e-11
LITAF	1	1.17762942378506e-15	1.05740733285739	0.556	0.393	2.12126388106403e-11
NFKB1	1	1.18208453270715e-15	1.43750944570665	0.414	0.252	2.12928886876539e-11
SEPP1	1	1.51045937863745e-15	2.53308853508679	0.684	0.711	2.72079047873964e-11
ADAM9	1	1.65927376943087e-15	1.16661201780334	0.444	0.275	2.98884984087582e-11
PLEKHB2	1	2.56879457357235e-15	1.25652480334878	0.354	0.188	4.62716966537587e-11
TRIM38	1	2.60138155168445e-15	1.14292598183973	0.389	0.212	4.6858685890492e-11
TCIRG1	1	2.64098205413419e-15	1.15313632001467	0.432	0.262	4.75720097411192e-11
LRCH4	1	2.76695203747195e-15	1.22545222108551	0.288	0.131	4.98411070509822e-11
PLIN2	1	3.37094658631757e-15	2.05014448684538	0.298	0.146	6.07208608593385e-11
MIDN	1	5.45124351503118e-15	0.991997763219208	0.639	0.491	9.81932494362567e-11
MAP2K3	1	8.0203500603535e-15	1.28436474046768	0.381	0.215	1.44470565637148e-10
BAZ1A	1	8.58816667977388e-15	1.25876155934838	0.369	0.203	1.54698646402767e-10
YBX1	1	1.1198723020898e-14	0.415884637966481	0.982	0.963	2.01722597775435e-10
EMP3	1	1.24363266257289e-14	0.837588022464738	0.795	0.733	2.24015551509255e-10
CREG1	1	1.5543458105153e-14	1.15712548251197	0.495	0.342	2.79984310848121e-10
ATP5G2	1	1.61318448231564e-14	0.443684901464292	0.937	0.897	2.90582920799517e-10
ITPR2	1	1.6365616744858e-14	1.20135863723837	0.318	0.158	2.94793854425128e-10
RAB32	1	1.67771559916971e-14	1.08914556373943	0.46	0.298	3.0220691087844e-10
S100A4	1	1.68419840478621e-14	0.739993256385274	0.924	0.797	3.0337465865414e-10
PRKACB	1	1.90355004100712e-14	1.20026804698274	0.311	0.152	3.42886468886612e-10
SHKBP1	1	2.18325640872456e-14	1.32390550397575	0.283	0.134	3.93269976903554e-10
ZNRF2	1	2.56487156107151e-14	1.25723361379889	0.303	0.147	4.6201031429581e-10
CAPZA2	1	2.70342124322259e-14	0.756226414806708	0.659	0.533	4.86967268541686e-10
ARL4C	1	2.87837202517827e-14	0.799314745410292	0.359	0.182	5.18481152895362e-10
CHST11	1	3.02877743860299e-14	1.27769809532214	0.27	0.123	5.45573680015557e-10
PFKFB3	1	3.18333506916866e-14	1.63212156302972	0.28	0.136	5.73414146009351e-10
WWP1	1	3.95551439099794e-14	1.74971225540173	0.283	0.144	7.12506807250459e-10
MTSS1	1	5.94473451749139e-14	1.1593999200829	0.376	0.214	1.07082502863572e-09
LRRFIP1	1	6.39738248027547e-14	0.742324510004852	0.601	0.437	1.15236050617202e-09
DPYD	1	6.67405245229297e-14	1.15977454335909	0.364	0.203	1.20219706823153e-09
TGOLN2	1	7.05298910485311e-14	0.862826952724054	0.568	0.417	1.27045492745719e-09
MAP3K8	1	7.29991744174095e-14	0.724177163294593	0.533	0.349	1.3149341287808e-09
MX2	1	7.51532375455112e-14	1.39041624624575	0.295	0.144	1.35373526790729e-09
STX4	1	8.17370025839125e-14	1.24549507799139	0.369	0.209	1.47232862754402e-09
SOAT1	1	8.8413741482003e-14	1.29714071887166	0.29	0.142	1.59259672531532e-09
FOXN3	1	1.02456083279713e-13	0.928776714187543	0.487	0.317	1.84554142811747e-09
TBC1D9	1	1.05697097295253e-13	1.36240815166234	0.265	0.124	1.9039218135794e-09
ARPC4	1	1.10375077740012e-13	0.906798405410803	0.545	0.389	1.98818627533084e-09
DCK	1	1.19709334084762e-13	1.13631030778888	0.263	0.118	2.15632423486882e-09
GNAS	1	1.23723446932023e-13	0.395250343174571	0.952	0.956	2.22863044958654e-09
LYSMD2	1	1.27199244634518e-13	1.27214545653355	0.265	0.123	2.29123999360157e-09
HNRNPU-AS1	1	1.27570779513532e-13	1.28499528900957	0.333	0.183	2.29793245137726e-09
BACH1	1	1.40741766346258e-13	1.16513379837453	0.371	0.212	2.53518143719515e-09
ARID5A	1	1.87139921697537e-13	1.07672278594401	0.366	0.203	3.37095140953774e-09
NAAA	1	1.95396524399316e-13	1.13434535655872	0.255	0.114	3.51967759400488e-09
IRF1	1	2.43477644174807e-13	0.832210013522047	0.376	0.21	4.38576280452079e-09
ARL8B	1	2.51601598463657e-13	1.08336142783992	0.391	0.228	4.53209959312586e-09
C19orf60	1	2.55149218991367e-13	0.735936868870897	0.669	0.576	4.59600288169149e-09
EIF4E	1	2.7982606897227e-13	1.83055080577182	0.414	0.274	5.0405069803975e-09
UBALD2	1	3.04177353180646e-13	1.09112911507915	0.381	0.22	5.47914666284297e-09
CLK1	1	3.11219581238046e-13	0.97111432224592	0.533	0.381	5.60599831684092e-09
CD55	1	3.13614213728775e-13	1.08915705416277	0.566	0.41	5.64913283189643e-09
LACTB	1	3.47862572495054e-13	1.36876364670217	0.26	0.122	6.26604851835341e-09
SCO2	1	3.9499027590339e-13	1.17394299791601	0.376	0.222	7.11495983984776e-09
BNIP2	1	4.1844836930684e-13	0.893215389221316	0.47	0.309	7.5375104763241e-09
TSC22D3	1	5.74242984013207e-13	0.661725507854993	0.74	0.612	1.03438388710299e-08
STX7	1	6.89334503943693e-13	1.06295521717808	0.434	0.273	1.24169824195377e-08
EPN1	1	7.43736305419594e-13	1.07144810629642	0.412	0.255	1.33969220695231e-08
DOCK11	1	8.11167073582889e-13	1.17198632718038	0.268	0.128	1.46115524964486e-08
CAP1	1	1.0022365945326e-12	0.711422574125058	0.598	0.459	1.80532877773157e-08
SETD5-AS1	1	1.02389758518208e-12	1.22112776150786	0.346	0.196	1.84434672018848e-08
HIF1A	1	1.74004411914434e-12	0.635836075812171	0.725	0.6	3.1343414718147e-08
IL10RB	1	1.8996884418911e-12	1.10689694230071	0.356	0.206	3.42190879037843e-08
PPP1R10	1	2.15954541637517e-12	0.910742976872578	0.485	0.331	3.88998915851659e-08
MFSD12	1	2.18148489294386e-12	1.15590162462153	0.311	0.165	3.92950873765977e-08
SH3BGRL3	1	2.90401168128236e-12	0.462491933935167	0.957	0.916	5.23099624149392e-08
ANKRD13D	1	2.91986409960007e-12	1.05512012362567	0.303	0.157	5.25955120260961e-08
ACSL1	1	3.76289528791705e-12	1.24629999896612	0.308	0.164	6.77810328212498e-08
HELZ	1	3.82741656457464e-12	1.08564236909116	0.351	0.201	6.89432545776829e-08
ATXN1	1	3.9346933768119e-12	1.13342078249867	0.331	0.184	7.08756317965127e-08
PLTP	1	4.04224266579487e-12	2.60046388403738	0.652	0.594	7.28129171389631e-08
RNF13	1	4.72453408488289e-12	0.686864059112827	0.604	0.467	8.51030324709954e-08
AKIRIN2	1	4.88416475372849e-12	1.070633122997	0.434	0.288	8.79784597089112e-08
PLSCR1	1	5.44187347914615e-12	0.669176837271042	0.629	0.476	9.80244669798597e-08
LBR	1	5.58549445541469e-12	1.20424893597368	0.301	0.16	1.00611511625385e-07
CACUL1	1	5.68860072606801e-12	1.11652829177512	0.311	0.167	1.02468764878663e-07
INTS6	1	5.7369478849946e-12	1.085191098397	0.361	0.214	1.03339642252408e-07
GNAQ	1	6.37637186472203e-12	0.741126463105283	0.49	0.325	1.14857586399238e-07
C16orf72	1	6.97002561348887e-12	1.08875065727034	0.285	0.146	1.25551071375775e-07
ABRACL	1	7.17269349335746e-12	0.936341741909125	0.379	0.223	1.29201727895848e-07
DGKZ	1	8.42046648192171e-12	1.05029940711838	0.268	0.131	1.51677862738856e-07
ANP32A	1	8.69078130660793e-12	0.926005099900663	0.424	0.271	1.56547043675929e-07
CELF2	1	8.932632574287e-12	0.583046948916839	0.654	0.495	1.60903510560632e-07
SRSF3	1	9.06721359328913e-12	0.468221504122434	0.909	0.869	1.63327718455917e-07
SIPA1	1	1.09541142883346e-11	1.0463861840987	0.336	0.186	1.97316460675771e-07
MAP1LC3B	1	1.20303921499129e-11	0.751048850804752	0.659	0.561	2.16703453796381e-07
LAP3	1	1.49372619540231e-11	0.906375977837533	0.5	0.363	2.69064899577819e-07
RNPEPL1	1	1.51187370812493e-11	1.16308862031065	0.303	0.164	2.72333811044543e-07
SERPINB1	1	1.92652254014757e-11	0.786160418854934	0.553	0.405	3.47024505156782e-07
HMGB2	1	2.68259902146724e-11	0.956351161868339	0.429	0.282	4.83216561736893e-07
ZFHX3	1	2.82419301029505e-11	1.02763662331318	0.419	0.278	5.08721886944448e-07
ADIPOR1	1	3.65094610557512e-11	1.08336142783992	0.343	0.207	6.57644921997247e-07
SLC25A5	1	3.99455546918139e-11	0.575345019854264	0.72	0.618	7.19539276663644e-07
SFPQ	1	4.22656074527308e-11	0.529522433476725	0.833	0.776	7.61330387046041e-07
HECA	1	4.3362221889737e-11	1.27875711679835	0.298	0.166	7.81083702899833e-07
NRIP1	1	4.38443200383803e-11	1.08006684992749	0.354	0.215	7.89767736851344e-07
UBE2S	1	4.47608060448371e-11	1.09984710372166	0.538	0.42	8.0627639928565e-07
ARHGEF1	1	5.12610967416994e-11	0.839164636185123	0.354	0.204	9.23366135608231e-07
PTPN2	1	6.27073597060798e-11	0.932641300278343	0.354	0.208	1.12954767038562e-06
PSEN1	1	8.31909395978236e-11	1.08847555953656	0.283	0.153	1.4985183949756e-06
PURB	1	9.50278381975075e-11	1.13129590490362	0.316	0.182	1.7117364494517e-06
EGR2	1	1.03431913711393e-10	1.34533930119084	0.482	0.351	1.86311906168333e-06
CEBPD	1	1.04934241952571e-10	0.364348152932497	0.922	0.788	1.89018050029166e-06
ADAM10	1	1.0838136547103e-10	0.914835878482207	0.331	0.189	1.95227353622966e-06
RAPH1	1	1.34147322970251e-10	0.999722157911344	0.356	0.215	2.41639572866313e-06
FAM91A1	1	1.35339740272963e-10	1.1157829055323	0.283	0.154	2.43787474153689e-06
TMEM123	1	1.38251292213992e-10	0.677601742149086	0.596	0.47	2.49032052665064e-06
YWHAB	1	1.4164196947896e-10	0.496557580294595	0.811	0.754	2.5513967962245e-06
CYTH1	1	1.42199231192281e-10	0.964167894144971	0.293	0.159	2.56143475146656e-06
KIAA0930	1	1.73840000347193e-10	1.01382049458684	0.343	0.21	3.13137992625398e-06
SLC4A7	1	1.78707966027501e-10	0.869101209601131	0.487	0.343	3.21906659205337e-06
PARP14	1	2.37810486118465e-10	1.01058502554544	0.374	0.239	4.28368028645191e-06
LYPLA1	1	3.25922212516301e-10	1.05504009527749	0.359	0.226	5.87083681405613e-06
ETV6	1	3.6804492056377e-10	0.794514027033324	0.338	0.196	6.62959315411519e-06
MBNL1	1	4.37864370822432e-10	0.505787906348135	0.803	0.764	7.88725091162446e-06
TANK	1	4.38862704591524e-10	1.11511560901675	0.452	0.327	7.90523389780712e-06
NFKB2	1	4.82127597119118e-10	1.06346187040221	0.27	0.145	8.68456440690666e-06
GBP2	1	4.96987239386179e-10	1.35058363063715	0.301	0.179	8.95223114306325e-06
LYST	1	5.00994901351701e-10	0.96160462126299	0.346	0.207	9.02442115804818e-06
FAM133B	1	5.81242480855453e-10	0.775836975586173	0.598	0.488	1.04699208076493e-05
AP2A2	1	5.82453332601766e-10	1.36792899522335	0.295	0.179	1.04917318801556e-05
ARRDC1	1	5.92091292570271e-10	1.08097088041493	0.25	0.13	1.06653404530683e-05
PRR13	1	6.67323937896081e-10	0.946726735818074	0.427	0.296	1.20205060933221e-05
SRSF5	1	7.09475263166097e-10	0.383881583689989	0.932	0.907	1.27797779154109e-05
GGA1	1	7.53354624038309e-10	0.929369781301416	0.273	0.146	1.35701768428021e-05
CD97	1	7.84709739974336e-10	1.07819972272414	0.27	0.146	1.41349765461577e-05
PFDN5	1	8.28240603708184e-10	0.27896383681102	0.992	0.991	1.49190979945955e-05
DNM2	1	8.58984753028437e-10	1.08433326690724	0.28	0.156	1.54728923563012e-05
ZCCHC6	1	9.48133631084504e-10	1.28935568398975	0.25	0.136	1.70787310967252e-05
THBD	1	1.03252478044399e-09	1.56960587761118	0.26	0.141	1.85988688701376e-05
ADPGK	1	1.04522917090145e-09	0.990891657704488	0.318	0.19	1.88277130554478e-05
RIN2	1	1.19082689320322e-09	1.04383306365328	0.283	0.16	2.14503648272695e-05
CMTM3	1	1.20424410927824e-09	1.03176023135271	0.364	0.235	2.1692049140429e-05
MARCH2	1	1.56818353639294e-09	0.882233823286252	0.328	0.195	2.82476900410459e-05
AHR	1	1.67996970210449e-09	0.786222182026418	0.705	0.656	3.02612942440083e-05
CHCHD7	1	1.80294550777291e-09	1.12001989841877	0.273	0.152	3.24764574315134e-05
KLF10	1	1.98280022911613e-09	0.779665114771746	0.616	0.507	3.57161805270688e-05
IRAK1	1	2.1411264556948e-09	0.949280242392132	0.298	0.172	3.85681108464305e-05
SELT	1	2.20503539107977e-09	0.614292350594406	0.583	0.458	3.971930249952e-05
SNAP23	1	2.39086329099765e-09	0.9254817680582	0.336	0.209	4.30666204607407e-05
EDEM1	1	2.61347232178446e-09	1.00020774215076	0.298	0.175	4.70764769323034e-05
IFRD1	1	2.61798834077607e-09	0.805530020078045	0.503	0.366	4.71578239823993e-05
AZIN1	1	3.04157164821723e-09	0.899398592997324	0.374	0.244	5.4787830099337e-05
PAPD4	1	3.0463610638441e-09	0.942946308670081	0.316	0.189	5.48741018430238e-05
DCP2	1	3.51844273056933e-09	1.06394397401268	0.275	0.157	6.33777089057454e-05
PLAU	1	3.96783497016845e-09	0.99646251535025	0.359	0.236	7.14726113176444e-05
TUBA1C	1	4.33624288997685e-09	1.03572878137435	0.439	0.323	7.81087431771529e-05
GSTK1	1	4.35554039542401e-09	0.54241503126717	0.669	0.556	7.84563491427727e-05
TKT	1	5.20141756738212e-09	0.794604457344519	0.472	0.342	9.36931346412542e-05
SIPA1L1	1	5.56291953336943e-09	1.02644467507182	0.285	0.167	0.000100204869554584
GTF2B	1	5.57566735270114e-09	0.994094089742832	0.414	0.289	0.000100434496024206
TWF2	1	5.65463572154711e-09	0.790899476649609	0.427	0.293	0.000101856953252228
FUS	1	7.00244531818509e-09	0.493273894940895	0.836	0.826	0.000126135047516468
AAK1	1	7.011464391731e-09	0.71371583137509	0.384	0.252	0.00012629750808825
GNS	1	8.526358403156e-09	0.790165051495873	0.424	0.299	0.000153585293916049
UBAC2	1	9.649580292448e-09	0.930339122031117	0.412	0.289	0.000173817889807866
CYFIP1	1	9.85493851130759e-09	0.827021674580134	0.343	0.217	0.000177517007404184
SH3KBP1	1	1.31108027365557e-08	0.698103590754419	0.434	0.3	0.000236164889693578
PIM3	1	1.54493468214653e-08	0.721083362430682	0.402	0.268	0.000278289084295054
FCHO2	1	1.73412554866991e-08	1.09061898197821	0.258	0.148	0.00031236803508191
ADAM17	1	1.85340851703748e-08	0.789683963447134	0.437	0.31	0.000333854476173962
EGR1	1	2.30494293583401e-08	0.850282327706224	0.896	0.898	0.000415189371031779
ARF6	1	2.37920877737629e-08	0.712992977894804	0.452	0.331	0.00042856687706879
SERTAD1	1	2.57803207504396e-08	0.810934690412497	0.679	0.63	0.000464380917677668
UBE2D1	1	2.62379908328812e-08	0.997933809171385	0.326	0.21	0.000472624928872689
ZFAND5	1	3.12741854334105e-08	0.664657611363306	0.659	0.583	0.000563341902212023
IFI44	1	3.87465138569812e-08	0.886611951564787	0.381	0.261	0.000697940954105802
MKNK2	1	4.11379979705922e-08	0.95762968323699	0.338	0.219	0.000741018757444278
ATF6	1	5.25067036447194e-08	0.945312505909632	0.306	0.193	0.000945803252752331
TRPS1	1	6.39303595819443e-08	0.84502746263445	0.351	0.234	0.00115157756714956
ANXA1	1	6.83392678670925e-08	0.507099456847571	0.977	0.964	0.00123099523208994
C20orf27	1	7.1839313123935e-08	0.814653813590931	0.359	0.243	0.00129404154730144
PPP1CB	1	7.2629874398437e-08	0.420248408444789	0.72	0.666	0.00130828192753905
MDM4	1	7.82305160660004e-08	0.724138224682672	0.447	0.328	0.00140916628589686
ARAP1	1	9.14069317416972e-08	1.00535891583865	0.27	0.161	0.00164651306146319
WDFY3	1	1.02659679811165e-07	1.01265843649672	0.26	0.155	0.00184920881243852
GLRX	1	1.10001453021822e-07	0.699742024939641	0.389	0.268	0.00198145617328209
NASP	1	1.12872167523431e-07	0.687809975995408	0.449	0.329	0.00203316635359957
HNRNPH1	1	1.14221368419203e-07	0.38251473340542	0.836	0.781	0.0020574695093351
GPX4	1	1.27147583090405e-07	0.272986281049521	0.944	0.919	0.00229030941420747
ACTR3	1	1.44189803858268e-07	0.507610730089715	0.672	0.635	0.00259729093689898
ARID4A	1	1.90849410600018e-07	0.943359431865064	0.278	0.173	0.00343777043313812
RUNX1	1	1.94085734910241e-07	0.498216572945369	0.626	0.513	0.00349606634293817
LDLRAD4	1	2.12831501054412e-07	0.843002459974022	0.265	0.159	0.00383373382849313
STMN1	1	2.23504210454883e-07	0.394925727601372	0.301	0.182	0.00402598134292382
RNF145	1	2.26897242751808e-07	0.774940839280849	0.381	0.269	0.00408710003368832
TNFRSF14	1	2.37952328576799e-07	0.905620772981261	0.318	0.21	0.00428623529465388
PLXND1	1	2.4114693111355e-07	0.733733818207364	0.298	0.184	0.00434377967014837
PCF11	1	2.81786090528835e-07	1.03896730848147	0.338	0.231	0.0050758128486959
BAZ2B	1	2.88241861022921e-07	0.763350535946848	0.376	0.264	0.00519210064260588
PGK1	1	3.0179595939483e-07	0.547298980883098	0.657	0.588	0.00543625061657907
CHD2	1	3.11238333213152e-07	0.667007000089085	0.472	0.364	0.00560633609616851
SRSF2	1	3.42798502143764e-07	0.419253417155861	0.798	0.755	0.00617482941911563
SSH2	1	3.58843526949176e-07	0.973793600715266	0.25	0.149	0.00646384845093552
GPATCH2L	1	3.82132850392888e-07	0.962668764638504	0.283	0.177	0.00688335903412709
TMEM219	1	4.45503570518896e-07	0.57250367050915	0.576	0.494	0.00802485581575687
ATP1A1	1	4.47175974208294e-07	0.473885568795629	0.581	0.484	0.008054980823414
SERPINB6	1	4.50649692818876e-07	0.605477362886941	0.437	0.314	0.00811755291674641
SLC38A2	1	4.50665621094177e-07	0.449566848315917	0.753	0.716	0.0081178398327694
TMUB2	1	4.8998147222126e-07	0.836010457807388	0.29	0.183	0.00882603625912156
SMS	1	5.37367060366507e-07	0.746590985358339	0.427	0.324	0.0096795928583819
BRD2	1	5.44513408385631e-07	0.601756311622086	0.626	0.535	0.00980832002525037
ATP6V0D1	1	6.1521993631989e-07	0.671259219585622	0.47	0.371	0.0110819567129302
HN1	1	6.29091959426933e-07	0.702675433351853	0.371	0.261	0.0113318334651574
ZYX	1	6.48784582443024e-07	0.660862615080415	0.538	0.451	0.0116865566835462
CDV3	1	6.52632475342176e-07	0.509169915688027	0.609	0.529	0.0117558687783386
POLD4	1	6.76260744953815e-07	0.592288037528536	0.563	0.47	0.0121814847988531
NAPRT1	1	7.31441963884303e-07	0.706891584820563	0.273	0.165	0.0131754640954479
DHRS7	1	8.17245617453501e-07	0.626698382889123	0.485	0.381	0.0147210453071899
TMBIM6	1	1.07616853754843e-06	0.308708020321594	0.947	0.955	0.0193850238668598
UBAC1	1	1.11062838675538e-06	0.817187314475558	0.29	0.188	0.0200057491306247
KLF2	1	1.24128257091606e-06	0.293663868983587	0.866	0.74	0.022359222949911
ERICH1	1	1.48086387451261e-06	1.19642409232655	0.273	0.18	0.0266748009715957
MEF2D	1	2.18071875811577e-06	0.766626002172879	0.306	0.204	0.0392812869899393
COPE	1	2.65743440618485e-06	0.359592000803917	0.755	0.714	0.0478683659586077
ABHD12	1	2.99663109412037e-06	0.743559694190653	0.295	0.196	0.0539783158983901
GRINA	1	3.01622570365445e-06	0.72594062860593	0.434	0.344	0.0543312735999277
PTPLAD2	1	3.0957717711737e-06	0.905047057279022	0.273	0.177	0.0557641369141518
HNRNPU	1	3.27518740769787e-06	0.487393649652524	0.79	0.766	0.0589959507748618
ATP6AP2	1	3.48373516679447e-06	0.356810899110149	0.843	0.835	0.0627525215594687
UBXN1	1	3.54942451792338e-06	0.434623016685448	0.614	0.532	0.0639357838413539
ZNF331	1	3.69785465194919e-06	0.476825515170411	0.366	0.256	0.0666094558455607
HNRNPC	1	4.35330009527937e-06	0.479527476496231	0.742	0.731	0.0784159946162674
EIF4A3	1	4.44090537820605e-06	1.09015059350256	0.505	0.47	0.0799940285776255
ARL4A	1	4.56081929955883e-06	0.595032811130066	0.424	0.324	0.0821540380429532
UBC	1	5.37806664530034e-06	0.271510682970432	1	0.996	0.0968751144817949
PAK2	1	5.83462918571594e-06	0.630006997009973	0.444	0.349	0.105099175522301
SEC14L1	1	6.34307260426779e-06	0.519512639605735	0.308	0.206	0.114257766820676
TPD52L2	1	6.69954440762144e-06	0.818974917838844	0.275	0.184	0.120678893414485
GPCPD1	1	7.27142501730445e-06	0.768658657818315	0.366	0.276	0.130980178836705
CELF1	1	7.82829783399919e-06	0.656698603441448	0.343	0.245	0.141011128883827
ATP6V1F	1	8.02642054754533e-06	0.5320827676935	0.667	0.633	0.144579913322934
DPYSL2	1	9.19298177555759e-06	0.447933860135775	0.679	0.639	0.165593180723119
APMAP	1	9.24355610972016e-06	0.764082911366506	0.351	0.261	0.166504176204389
MTRNR2L8	1	9.27201451772424e-06	0.350653144150473	0.939	0.917	0.167016797507767
MSN	1	9.91048179291659e-06	0.359043898651859	0.646	0.558	0.178517508535806
TMED5	1	1.05282233165567e-05	0.650862958494853	0.371	0.273	0.189644886601136
GYPC	1	1.0777814706943e-05	0.911569979403096	0.412	0.338	0.194140776316163
DRAM1	1	1.14040689657889e-05	0.694377820209035	0.263	0.171	0.205421494280755
PTBP3	1	1.17905963223961e-05	0.449711166292142	0.437	0.323	0.212384011555321
KMT2E	1	1.30177814802176e-05	0.537243608479846	0.5	0.41	0.23448929780316
ATG3	1	1.30621351890353e-05	0.730052918312782	0.323	0.23	0.235288241160093
CDC42SE2	1	1.36985288775e-05	0.618247056091934	0.265	0.172	0.246751600670408
AP2S1	1	1.41890679259936e-05	0.372238987501533	0.755	0.756	0.255587680550922
CSGALNACT2	1	1.42127795297463e-05	0.76785960211199	0.316	0.224	0.25601479766932
FNBP1	1	1.50457823854441e-05	0.478846129697363	0.361	0.259	0.271019678109005
CAPZA1	1	1.72001626403675e-05	0.441634216154593	0.588	0.507	0.309826529640939
ZNF655	1	1.95679079529944e-05	0.661055928097036	0.333	0.238	0.352476725957289
BCL7B	1	1.97243535584352e-05	0.665184221030508	0.29	0.199	0.355294780648093
MIS18BP1	1	2.13747512501789e-05	0.786006948822249	0.301	0.21	0.385023394269473
PGLS	1	2.42649378133981e-05	0.437228009105845	0.659	0.623	0.437084324832741
HIGD2A	1	2.5027019898774e-05	0.419379569133517	0.576	0.51	0.450811709436616
USP36	1	2.59775720493198e-05	1.02181328534037	0.253	0.167	0.467934005324397
PNPLA8	1	2.60726530226794e-05	0.754946283308826	0.389	0.301	0.469646698897523
SLC3A2	1	2.87252297087787e-05	0.426290823656516	0.598	0.524	0.51742756274423
CHORDC1	1	2.95509899679025e-05	0.922846834539352	0.265	0.183	0.532301982291827
BLOC1S6	1	3.29640040445384e-05	0.680892602064131	0.389	0.308	0.59378060485427
TNFSF12	1	3.47782086231983e-05	0.645097376703538	0.404	0.322	0.626459871929671
SPG11	1	3.94126619595982e-05	0.826807989466673	0.265	0.183	0.709940279878243
ALG13	1	3.99132190360315e-05	0.6310910223621	0.328	0.238	0.718956814496036
UBE2W	1	4.28213882330286e-05	0.727563131935752	0.295	0.211	0.771341666241543
GPR108	1	4.62838060703035e-05	0.682290107725078	0.308	0.224	0.833710198744377
PQLC1	1	4.73393638945721e-05	0.56212452472915	0.343	0.248	0.852723961832927
WAPAL	1	4.79553226604931e-05	0.696474968875225	0.268	0.182	0.863819227083461
PPP3R1	1	4.88094914822104e-05	0.877587077953889	0.258	0.178	0.879205370069055
PARL	1	4.89999917117918e-05	0.599907465389	0.293	0.203	0.882636850704506
TGFBR1	1	5.19803205667272e-05	0.616859285548133	0.381	0.293	0.936321514368457
CYLD	1	5.48884498804312e-05	0.75775901214302	0.288	0.205	0.988705647696208
VPS13C	1	5.66751644343111e-05	0.495536268963866	0.46	0.369	1
SFT2D1	1	5.93898062564822e-05	0.427692388939585	0.558	0.487	1
ERN1	1	6.01297235644709e-05	0.842574855406178	0.25	0.171	1
ARL5A	1	6.01596879677785e-05	0.557517142675141	0.573	0.521	1
YPEL3	1	7.32504845217327e-05	0.368688508292167	0.558	0.468	1
COMT	1	7.42617403731969e-05	0.386159286707259	0.679	0.646	1
MTRNR2L2	1	7.45873671103792e-05	0.583398096090448	0.697	0.62	1
CDKN1A	1	7.65079702966632e-05	0.604857509717683	0.644	0.61	1
CD46	1	7.73421736304956e-05	0.478146132089797	0.457	0.37	1
MAP2K1	1	7.88272661886564e-05	0.657754686850888	0.258	0.174	1
ATP13A3	1	7.92597947153298e-05	0.812173502668627	0.318	0.247	1
SEMA4A	1	0.000101140963617393	0.949317425733179	0.263	0.187	1
GNG5	1	0.000102257493976912	0.285115218769054	0.826	0.808	1
CASP4	1	0.000104632483545911	0.550637715087321	0.389	0.31	1
PIP4K2A	1	0.000113945987427191	0.589205211443473	0.25	0.168	1
EIF3K	1	0.000117309581501618	0.253982206986043	0.896	0.872	1
SMG1	1	0.000117374944981786	0.467753609673935	0.422	0.341	1
ATM	1	0.000117486853532029	0.638056488892279	0.386	0.305	1
PAN3	1	0.000120127817793585	0.644810334060189	0.263	0.181	1
TMEM70	1	0.000120214807053967	0.806107071468953	0.283	0.205	1
DEK	1	0.000124358665732725	0.536758582508343	0.523	0.452	1
ETNK1	1	0.000126433515581265	0.607027749292202	0.331	0.246	1
RP11-138A9.2	1	0.00012875361461672	0.386122111989324	0.25	0.165	1
SPG21	1	0.000142079049740452	0.604079340890586	0.326	0.244	1
CEP350	1	0.000144429783381311	0.61585650866694	0.338	0.253	1
SMCO4	1	0.000146052094192974	0.629377648320559	0.26	0.18	1
BROX	1	0.000155181312547449	0.654165865564416	0.293	0.213	1
ABTB1	1	0.000159419967957705	0.391992700113824	0.25	0.165	1
RCC2	1	0.000160436161672906	0.617884190013922	0.293	0.209	1
VAPA	1	0.00016331650479507	0.353022602456968	0.775	0.771	1
ABCA1	1	0.000180072209766136	0.985485644146835	0.323	0.251	1
TCEB1	1	0.000189663215057386	0.477443947590217	0.581	0.528	1
NECAP2	1	0.000213175573250242	0.679212244703812	0.25	0.174	1
ELMO1	1	0.000222489558739985	0.59643101007929	0.253	0.173	1
RNPEP	1	0.000226361601473994	0.6469897868822	0.313	0.234	1
CDC42SE1	1	0.000236085076438224	0.426395155738933	0.391	0.3	1
ODF3B	1	0.000237749405556602	0.702417127229483	0.27	0.195	1
TGIF1	1	0.000251879348465756	0.64989121046409	0.404	0.333	1
CAT	1	0.000255412743289285	0.422244282440761	0.384	0.295	1
TRABD	1	0.000273091282971798	0.531803167138577	0.298	0.217	1
MAPK6	1	0.000294348468026203	0.793854810644935	0.255	0.184	1
TMBIM4.1	1	0.000312916491443801	0.27559659100732	0.816	0.819	1
NANS	1	0.000325239180398627	0.697698530694589	0.328	0.258	1
AKAP13	1	0.000333269862174967	0.325161999234494	0.664	0.64	1
WDR26	1	0.000335721239226549	0.70833190072526	0.306	0.231	1
PCBP1	1	0.000340114875505677	0.275549884464723	0.768	0.751	1
PPP1CA	1	0.000382596352364145	0.601542649524343	0.326	0.248	1
USP15	1	0.00039226640093607	0.631468707701547	0.331	0.26	1
7SK.2	1	0.000393492533845719	0.732183870507993	0.396	0.332	1
KPNA4	1	0.000403153731330503	0.545988385637023	0.366	0.29	1
WTAP	1	0.000406688251521827	0.793356212042809	0.533	0.498	1
TUBB4B	1	0.000414182409163771	0.729543718349221	0.747	0.755	1
BCAS2	1	0.000477651335361445	1.08692804286011	0.379	0.322	1
PKN1	1	0.000483534273828558	0.552197871444622	0.301	0.223	1
CMIP	1	0.000493042082848268	0.253286429282232	0.28	0.194	1
MAPRE1	1	0.000539181396664124	0.477603727543171	0.412	0.336	1
YME1L1	1	0.000542330772758074	0.617065808855843	0.439	0.379	1
FAM129A	1	0.000567955490227816	0.710994544807098	0.27	0.2	1
SMEK1	1	0.000569240687381046	0.575757809825003	0.278	0.205	1
ETF1	1	0.000585558700991337	0.6096356199678	0.396	0.33	1
KLF3	1	0.000599063315991052	0.682750999196355	0.308	0.239	1
DDIT3	1	0.000754453523497843	0.796331540937147	0.409	0.329	1
ZFYVE16	1	0.000756592594491848	0.577415432362865	0.359	0.289	1
RAB7A	1	0.00075679589260295	0.436613745830584	0.583	0.56	1
H2AFX	1	0.000804877184949656	0.774192563667898	0.29	0.228	1
FLOT1	1	0.000808695920297002	0.514050661491198	0.508	0.456	1
ERBB2IP	1	0.00083337875559718	0.585268188833517	0.341	0.273	1
STAG2	1	0.000865768917871813	0.481293450116106	0.381	0.307	1
IFNAR2	1	0.000874509582050565	0.607782386626025	0.255	0.185	1
ANKRD12	1	0.00088040483139221	0.417549705854805	0.54	0.49	1
EIF4G2	1	0.000914359513216517	0.28045052184986	0.801	0.813	1
CORO1B	1	0.000918700019542033	0.459035094498808	0.386	0.315	1
EIF4EBP1	1	0.000931557024045152	0.59617414280524	0.283	0.213	1
PLBD1	1	0.000931954580627623	0.508941304750428	0.371	0.297	1
SNORA76	1	0.000940168390631954	0.537515057385149	0.26	0.19	1
CSRNP1	1	0.00111428841163091	0.550709560660946	0.52	0.474	1
DEGS1	1	0.00112859790161235	0.465040330172332	0.452	0.399	1
H2AFV	1	0.0012280530105025	0.412844715166284	0.487	0.424	1
SLC40A1	1	0.00125605867254413	1.30967761113263	0.275	0.218	1
CAPG	1	0.00129490624210869	0.631708335484791	0.394	0.327	1
BIN1	1	0.00130112317339483	0.609677933737815	0.316	0.254	1
RAP2A	1	0.00137583328228189	0.632700018830354	0.265	0.2	1
FAM53C	1	0.00150371838349373	0.621978090758174	0.288	0.227	1
TIPARP	1	0.00152168328853856	0.536129316196206	0.346	0.28	1
TXNDC12	1	0.00152478264257928	0.396481065110022	0.434	0.364	1
TMX1	1	0.00159167418528589	0.57895692585541	0.326	0.262	1
DNAJC7	1	0.00160151879267121	0.480508768222874	0.323	0.255	1
SNX13	1	0.00162000472726917	0.614216523221625	0.273	0.208	1
HPRT1	1	0.0018090545875579	0.50526564660703	0.303	0.233	1
ARID1A	1	0.00190220247453461	0.614216523221625	0.27	0.21	1
RPS6KA3	1	0.00190550099807398	0.570110918445358	0.308	0.241	1
PRPF38B	1	0.00199154946593222	0.548098396242976	0.391	0.326	1
ARIH1	1	0.00207322246199241	0.653911270823629	0.27	0.209	1
CREB1	1	0.00241536366610587	0.647174093689293	0.27	0.207	1
ATF4	1	0.00262751343976531	0.400883041517729	0.644	0.624	1
FBXO11	1	0.00270483863914706	0.477182441209067	0.295	0.229	1
EP300	1	0.00278605153328748	0.576825574075579	0.285	0.225	1
ARRDC3	1	0.0028272262037194	0.592556420943111	0.422	0.365	1
LENG8	1	0.00285446263233903	0.414245862292261	0.505	0.456	1
AKT1	1	0.00362810040283412	0.488272417464121	0.293	0.229	1
GBAS	1	0.00381152733309024	0.448796840919017	0.285	0.218	1
OAZ2	1	0.00391171810970976	0.504471117238282	0.321	0.262	1
IFI44L	1	0.00392095984578933	0.762038363383269	0.306	0.253	1
NUPL1	1	0.00415915942185834	0.515352908182107	0.26	0.201	1
SUMO3	1	0.00421728546992399	0.387638815905595	0.495	0.451	1
CNOT2	1	0.00423507719301163	0.536794305855774	0.341	0.288	1
CREBRF	1	0.00433425034443776	0.638707447794978	0.321	0.265	1
RPS20	1	0.00445891870319528	0.280732311683901	0.715	0.681	1
ATP6V0A1	1	0.00451219823451887	0.379575626779549	0.306	0.24	1
STK38L	1	0.0045976135861983	0.548293224854305	0.323	0.264	1
MAP3K2	1	0.00554131028879363	0.361992688724732	0.497	0.438	1
TRA2A	1	0.00586850830118007	0.35272808249743	0.419	0.359	1
NR4A3	1	0.0061709370253774	0.274062071759132	0.477	0.405	1
WBP2	1	0.0061989032364916	0.524358154181444	0.278	0.221	1
FABP5	1	0.00628059432826427	0.65405600281233	0.331	0.263	1
FUCA2	1	0.00629106214948662	0.490325626583081	0.295	0.239	1
SQSTM1	1	0.00697235691492619	0.340708800525671	0.811	0.835	1
VPS35	1	0.00708963040688137	0.532303133657881	0.364	0.313	1
LAMTOR1	1	0.00733309833945327	0.349313317056007	0.679	0.687	1
PHIP	1	0.00767683296798461	0.442189105538811	0.386	0.336	1
CSNK1A1	1	0.00781905301013856	0.253286429282232	0.657	0.639	1
EIF4H	1	0.00838752069784005	0.516830711439017	0.402	0.362	1
PAPOLA	1	0.00848671135019698	0.323867108727845	0.528	0.483	1
ALDH2	1	0.00881296516122627	0.366989768400623	0.384	0.322	1
LAMTOR2	1	0.0090521954606131	0.317456949275818	0.576	0.552	1
KMT2C	1	0.00908395435270513	0.492264809772462	0.341	0.289	1
PAIP2	1	0.00935585791688523	0.254019692342941	0.641	0.617	1
RASSF1	1	0.00939366474001403	0.45062320254935	0.311	0.254	1
CISD2	1	0.00941594150233553	0.539478556103278	0.285	0.232	1
KIF1B	1	0.00992375593928585	0.600817109202799	0.27	0.22	1
APH1A	1	0.00994110780731921	0.408201118147185	0.399	0.357	1
CDH19	2	4.5301547629293e-240	3.7779103690779	0.833	0.089	8.16016777446455e-236
ABCA10	2	1.18337794082501e-228	4.35963366863486	0.806	0.097	2.1316186848081e-224
ANGPTL7	2	9.70835481594779e-226	4.89486922223321	0.909	0.188	1.74876595299668e-221
GPC3	2	3.59489649003116e-218	3.48161746060791	0.93	0.199	6.47548704749313e-214
PAMR1	2	8.76314688672525e-214	5.27517124640472	0.602	0.029	1.57850564870582e-209
ABCA8	2	1.73227009807575e-206	3.46510949475705	0.984	0.342	3.12033812766384e-202
APOD	2	9.46532138005488e-192	4.14524516479433	1	0.866	1.70498834018928e-187
WFDC1	2	5.21069475357423e-185	3.82164203412588	0.672	0.071	9.38602445961326e-181
ABCA9	2	8.72712894693143e-176	3.80708666340289	0.737	0.118	1.57201773721076e-171
SOX8	2	1.1881610993752e-171	5.40610211623117	0.465	0.016	2.14023458830454e-167
PTCH1	2	2.2801459790976e-166	2.82411731530991	0.82	0.156	4.1072269521485e-162
SCN7A	2	3.22845184987063e-166	2.54738863985264	0.683	0.081	5.81541031717197e-162
LZTS1	2	1.46888311163764e-159	4.4358740155096	0.538	0.044	2.64589914899288e-155
LHFP	2	3.39265541223113e-159	2.73261554702809	0.992	0.571	6.11119019405194e-155
RP11-161M6.2	2	4.58030966953051e-159	4.76483217460806	0.492	0.03	8.25051180772532e-155
LAMA2	2	1.8634530938227e-155	3.00468333078968	0.876	0.307	3.35663805790283e-151
BAMBI	2	1.14306364624155e-144	4.16583901805603	0.519	0.048	2.05900054597491e-140
CFH	2	5.19115585441994e-141	2.23409021658057	0.997	0.69	9.35082904056664e-137
CHN1	2	1.70061667387934e-138	3.03579638806686	0.672	0.118	3.06332081465886e-134
COL28A1	2	3.53590096414183e-137	3.75930036169215	0.497	0.044	6.36921840670868e-133
OSR2	2	1.19211026508074e-132	3.38484449567065	0.664	0.13	2.14734822048993e-128
LUM	2	1.24745326554368e-131	1.87908912519761	1	0.813	2.24703756722384e-127
VIT	2	2.26548589753741e-130	2.62864685716243	0.801	0.235	4.08081974723414e-126
CNTN1	2	4.53229869403302e-130	3.60516203373699	0.495	0.049	8.16402963756167e-126
OGN	2	6.36480638119112e-129	1.94264678853506	1	0.608	1.14649257344396e-124
SRPX	2	4.54587380811055e-128	2.56508073747602	0.93	0.446	8.18848249054953e-124
SPARCL1	2	6.8286279410429e-128	1.84425274524141	0.995	0.639	1.23004075102006e-123
COL21A1	2	1.67067194160227e-127	3.13960877643981	0.656	0.127	3.00938136840816e-123
RNF157	2	6.96362873982359e-127	4.19549104420797	0.433	0.033	1.25435844490442e-122
ETV1	2	2.8903304751997e-125	3.02986443312027	0.645	0.124	5.20635228497722e-121
GSN	2	1.10727516425793e-124	1.87160028520144	1	0.932	1.99453475337781e-120
ISLR	2	1.36470076824471e-124	2.28965944505963	0.917	0.419	2.45823549383919e-120
ABCA6	2	2.90911654464248e-122	2.71809395805515	0.825	0.311	5.24019163186449e-118
BMP8B	2	2.16162016830232e-121	5.33232419009162	0.341	0.013	3.89372640916297e-117
PTGDS	2	8.09151949875051e-120	1.48834360074886	1	0.646	1.45752540730993e-115
EGFR	2	1.32579152735158e-117	2.60271609637651	0.758	0.224	2.3881482782184e-113
TFPI	2	4.96054603387317e-110	2.29280051919113	0.828	0.325	8.93543157081573e-106
SOX9	2	2.01400897106699e-108	2.79342423729819	0.594	0.113	3.62783435958297e-104
CXCL12	2	7.28632577796497e-103	1.65800794956804	0.911	0.389	1.31248586238483e-98
PRKCA	2	3.36793375787117e-102	2.84233383777914	0.616	0.147	6.06665907805333e-98
CST1	2	1.73301763712381e-101	8.53877153361625	0.288	0.011	3.12168466975113e-97
FOXS1	2	1.91371713470414e-101	2.75909547125384	0.535	0.09	3.44717867474257e-97
SRPX2	2	2.21825466466768e-99	3.24878155492234	0.538	0.106	3.99574212746589e-95
RGS22	2	3.22994175684542e-99	4.4936196723783	0.328	0.021	5.81809408660566e-95
MEST	2	1.32389291454075e-98	2.52239084601018	0.688	0.204	2.38472830696225e-94
SLC12A2	2	3.21855074867909e-96	2.70491275139049	0.621	0.16	5.79757546359564e-92
NID1	2	1.22580420339417e-93	2.37140449548308	0.78	0.331	2.20804111157391e-89
C2orf40	2	1.21178061739218e-92	1.5342630019963	0.817	0.28	2.18278042610853e-88
COX6C	2	3.94390054492949e-92	1.51868536971051	0.995	0.926	7.10414805158149e-88
FN1	2	5.08357091511069e-92	1.36488204513614	1	0.772	9.15703628938889e-88
SCUBE3	2	1.12235515117688e-91	4.78317176531099	0.296	0.018	2.02169833381492e-87
FZD2	2	2.91567156223492e-91	2.67185892398373	0.562	0.126	5.25199918505375e-87
GAS7	2	1.57376929013513e-90	2.50184097768266	0.64	0.185	2.83483062232041e-86
TENM2	2	1.98630124380844e-90	2.16467114981316	0.567	0.112	3.57792443047215e-86
PODNL1	2	1.67755198809777e-89	3.02625876233174	0.543	0.125	3.02177439616051e-85
KCNB1	2	6.74721790859031e-88	4.64711021573497	0.269	0.013	1.21537636187437e-83
CAPN6	2	4.38480264606842e-87	3.36170799687272	0.379	0.046	7.89834500636305e-83
CTD-2339F6.1	2	4.5937943745667e-87	4.73516639240016	0.293	0.02	8.27480180690699e-83
TRIO	2	9.57863510465693e-87	2.80574536787411	0.591	0.165	1.72539954140185e-82
DTX1	2	3.77068622735486e-86	4.66427076689315	0.269	0.014	6.7921371013343e-82
CP	2	5.38745867031123e-85	2.97314270895506	0.489	0.098	9.70442930283162e-81
EBF2	2	3.47918233024688e-84	2.26615978956416	0.656	0.201	6.2670511314737e-80
OLFML2B	2	7.94889517147386e-84	2.86628020029721	0.747	0.371	1.43183448723759e-79
P2RY14	2	4.88063760234197e-81	2.32762700162961	0.554	0.128	8.79149251309859e-77
MARCKSL1	2	8.79278956165831e-81	1.81270866866986	0.796	0.326	1.58384518374151e-76
FREM1	2	4.04965005030858e-80	4.34225563420654	0.301	0.027	7.29463463562085e-76
DYNC1I1	2	1.27465890122549e-79	3.7794345836792	0.312	0.03	2.29604307877748e-75
APOE	2	4.71916400031412e-78	1.3150365368032	0.82	0.317	8.50063011376582e-74
APP	2	8.71778146119971e-78	1.48218685091882	0.946	0.673	1.5703339746059e-73
MEG3	2	9.52973058169136e-77	1.49882401187982	0.917	0.484	1.71659036968006e-72
NOVA1	2	2.18578406703127e-76	2.57641115262052	0.565	0.162	3.93725283994342e-72
ALDH1A1	2	4.14293200836097e-76	2.40537846852969	0.505	0.115	7.46266342666062e-72
NR1H3	2	4.43566056697202e-76	2.95518199744939	0.409	0.07	7.98995537928671e-72
CC2D1A	2	1.56334785174759e-75	3.35443999640868	0.433	0.084	2.81605848535294e-71
GDF10	2	4.69795770635742e-75	2.72611942308159	0.46	0.096	8.46243121646162e-71
CLDN1	2	1.44443517354848e-74	1.43824955174571	0.616	0.154	2.60186107811288e-70
ENTPD2	2	2.49730803735057e-74	1.95030907465722	0.46	0.085	4.49840096767958e-70
FAM162B	2	3.01008814545592e-74	3.14508405599588	0.325	0.038	5.42207177640975e-70
SPRY2	2	6.46157776676769e-73	2.58766175065422	0.605	0.209	1.16392400312786e-68
MATN2	2	7.45101022219887e-73	1.73223480008577	0.712	0.261	1.34215047132468e-68
LTBP4	2	6.06591679971629e-72	1.31424263895589	0.82	0.339	1.0926535931329e-67
GLT8D2	2	6.31614583963661e-72	2.02266191887642	0.71	0.314	1.13772735009374e-67
MIA	2	4.55742731511883e-70	4.51395810599184	0.285	0.03	8.20929382272355e-66
GALNT16	2	5.53922325449706e-70	3.81542596431562	0.261	0.022	9.97780284832555e-66
CYP1B1	2	6.5422664920751e-70	1.46330156052103	0.957	0.647	1.17845846321749e-65
CDKN2A	2	8.52690902187327e-70	3.99913791748801	0.272	0.026	1.53595212211003e-65
DLC1	2	1.67761194380178e-69	1.90897820752192	0.723	0.324	3.02188239437014e-65
ADH1B	2	5.56252415409018e-69	1.95920485133765	0.532	0.131	1.00197747587626e-64
CD81	2	1.47739492223234e-68	0.823840272979709	1	0.961	2.66123147341712e-64
LAMB1	2	2.28522513910798e-68	2.13662238078728	0.696	0.316	4.1163760430752e-64
PI16	2	3.81795051177075e-68	2.07418993277119	0.57	0.175	6.87727425685266e-64
SNED1	2	1.05061742992443e-66	2.25394279879924	0.602	0.217	1.89247717652287e-62
C3orf55	2	1.26304124621396e-66	3.2201538526587	0.317	0.043	2.27511619680521e-62
ATP1A2	2	1.29512411255332e-64	2.88526995292973	0.301	0.038	2.33290706394229e-60
PRNP	2	1.34077886790844e-64	1.43798442945221	0.914	0.604	2.41514497476348e-60
TIAM1	2	1.84546414689696e-64	2.80916697384394	0.403	0.084	3.32423456780549e-60
SHISA3	2	2.07645894502214e-62	2.31140291502465	0.39	0.074	3.74032549766837e-58
TNFRSF19	2	1.14262790664061e-61	2.72280668904076	0.417	0.095	2.05821564823173e-57
FGFBP2	2	1.2041738194564e-61	2.55088088290831	0.374	0.07	2.16907830098681e-57
NRP2	2	4.15440456240723e-61	1.70548681298174	0.634	0.229	7.48332893826414e-57
ALDH1A3	2	2.44665913083547e-60	1.44763817565989	0.462	0.112	4.40716709237393e-56
DCN	2	2.59761288303654e-60	0.95992955932129	1	0.838	4.67908008621372e-56
TMEM98	2	1.5671980394039e-58	1.54918171636903	0.798	0.471	2.82299382837824e-54
NR2F1	2	5.84068321721228e-58	1.60510268921339	0.656	0.247	1.05208226791645e-53
TCF4	2	1.77983405758997e-57	1.15913119773428	0.868	0.528	3.20601508793682e-53
C1S	2	2.67728391067479e-57	1.07139272647273	0.995	0.73	4.8225915082985e-53
DIO3OS	2	4.0575704161878e-57	2.21137372378829	0.495	0.15	7.30890159067908e-53
NGFRAP1	2	6.03108524815719e-57	1.29852233599071	0.884	0.589	1.08637938575055e-52
SPTBN1	2	1.3892505261818e-56	1.14451508663051	0.914	0.556	2.50245697281128e-52
PSAT1	2	4.95529830596415e-56	3.11016922987675	0.25	0.029	8.92597883853323e-52
LGALS1	2	6.48644453124605e-56	0.922103482304827	1	0.904	1.16840325341335e-51
SPRED2	2	8.46950063693813e-56	2.55614635663816	0.392	0.092	1.52561114973167e-51
CPXM1	2	1.72647727337828e-55	2.12533779797982	0.581	0.23	3.10990351253629e-51
SH3D19	2	2.17576775958801e-55	1.96792961696568	0.605	0.256	3.91921046534589e-51
CD63	2	2.27807444306447e-55	0.750412426907553	1	0.993	4.10349549429203e-51
ACTN4	2	4.32139253937643e-55	1.45568414508173	0.798	0.456	7.78412438117877e-51
IGFBP7	2	2.90500801123035e-54	0.871208399082681	1	0.918	5.23279093062922e-50
TNXB	2	3.58116562010831e-54	1.39695420120137	0.761	0.362	6.4507536315011e-50
PPAP2B	2	6.91444062930412e-54	1.24425545097084	0.844	0.468	1.24549819055655e-49
USP54	2	7.7569429463914e-54	2.59200561629451	0.382	0.089	1.39725813293348e-49
KANK4	2	9.25069277175267e-54	3.32012889312132	0.253	0.033	1.66632728897581e-49
ECE1	2	2.26762344618635e-53	1.89201291279444	0.5	0.155	4.08467011361548e-49
C1R	2	6.61199539827322e-53	0.948767037469269	1	0.764	1.19101873109096e-48
RBMS3	2	3.9581370360053e-51	1.45141079982095	0.782	0.44	7.12979224295635e-47
SCG5	2	8.70789125769677e-51	3.09401221366906	0.301	0.056	1.56855245224892e-46
NR2F2	2	1.35721469832975e-50	0.983965792339791	0.933	0.583	2.44475083610139e-46
EFHD1	2	7.73694888569615e-50	2.78881832845214	0.272	0.043	1.39365660278045e-45
MARCKS	2	1.73197612745317e-49	0.883486766130809	0.984	0.857	3.11980859838139e-45
FRMD4A	2	2.98617737376329e-49	2.51371109031777	0.358	0.084	5.37900130335981e-45
CNN3	2	9.35035158028063e-49	0.977119015992653	0.954	0.7	1.68427883015595e-44
PTRF	2	2.85255475457832e-48	0.978379357321211	0.949	0.655	5.13830687942193e-44
LGALS3BP	2	5.46688242741534e-48	0.953816104281399	0.96	0.68	9.84749531650326e-44
TGFBI	2	1.33161365954729e-47	1.84461580984823	0.675	0.358	2.39863568494253e-43
FAM101A	2	2.93363742789942e-47	2.38609215549968	0.298	0.057	5.28436109887522e-43
CPED1	2	5.43375970978451e-47	1.93828271210115	0.503	0.181	9.78783136523484e-43
A2M	2	9.99730113377061e-47	0.623754593670392	0.796	0.418	1.8008138532261e-42
RUNX1T1	2	1.20712309028019e-46	1.98540289208259	0.573	0.253	2.17439082252171e-42
FBLN2	2	1.17858920748369e-45	0.941017739633663	0.944	0.579	2.12299273944037e-41
PLA2G16	2	7.50035555511409e-45	1.66032544346821	0.629	0.32	1.3510390461427e-40
CDC42EP5	2	2.30937429708206e-44	1.60616097696479	0.669	0.361	4.15987592133391e-40
SVIL	2	1.36777754440194e-43	2.04246232303867	0.457	0.16	2.46377769073122e-39
BST2	2	4.66720240565206e-43	1.15330198285333	0.841	0.506	8.40703169330105e-39
BHMT2	2	6.36733471962594e-43	2.33886802051461	0.333	0.083	1.14694800304622e-38
MAP1B	2	8.90492324115669e-43	1.33723421165872	0.812	0.517	1.60404382342956e-38
EFNB1	2	2.06617943309426e-42	1.80689065977173	0.46	0.158	3.7218090128327e-38
TPD52L1	2	2.12236600212251e-42	2.49147587184305	0.368	0.106	3.82301787962328e-38
CYP26B1	2	2.85629079019785e-42	2.00056350558908	0.274	0.053	5.14503660038339e-38
EID1	2	3.1145928249173e-42	0.857754234930598	0.957	0.826	5.61031605552353e-38
CSTB	2	3.42014892992901e-42	0.814593811579016	0.981	0.892	6.16071426748112e-38
ARHGAP10	2	1.46154881385025e-41	2.00782887775205	0.403	0.123	2.63268787838845e-37
TIMP3	2	2.12300910173173e-41	0.763090472092089	0.876	0.541	3.82417629494936e-37
MRAS	2	6.2298567398948e-41	1.40751168648584	0.543	0.214	1.12218409455725e-36
SPRY4	2	9.70622179242773e-41	2.47988942322103	0.363	0.107	1.74838173147001e-36
SERPING1	2	9.87584282489284e-41	0.869430087613851	0.992	0.772	1.77893556804795e-36
PDGFRB	2	1.67528811917603e-40	1.57101041876872	0.551	0.241	3.01769648907178e-36
CA11	2	3.85605137815931e-40	2.44469736154375	0.298	0.07	6.94590534747837e-36
PKDCC	2	4.0237551921642e-40	1.6193242147603	0.594	0.294	7.24799022764537e-36
CYGB	2	4.21932162231505e-40	1.39970918529727	0.621	0.296	7.6002640382761e-36
HAS2	2	6.45089213922588e-40	1.77026146258136	0.565	0.251	1.16199920103876e-35
SDC3	2	8.52051065434733e-40	1.94540107820631	0.392	0.123	1.53479958416759e-35
CEBPD	2	9.14105965197172e-40	0.99788051028817	0.976	0.779	1.64657907510967e-35
TRABD2B	2	1.86223565119188e-39	2.62474240270651	0.269	0.058	3.35444507849194e-35
IFI27	2	1.37568202960273e-38	0.704139355387537	0.935	0.641	2.4780160399234e-34
PDLIM7	2	2.12936651436284e-38	1.37316711224778	0.688	0.393	3.83562790232178e-34
CNTN4	2	3.54770184017974e-38	1.90469822711856	0.409	0.137	6.39047532471576e-34
SLIT3	2	8.28998484540004e-38	1.46410432520066	0.599	0.294	1.49327497020191e-33
FSCN1	2	9.47709137947652e-38	1.66421282849669	0.516	0.224	1.70710847018511e-33
APLP2	2	1.17079388403583e-37	1.36616764506342	0.806	0.559	2.10895102331373e-33
EXOSC10	2	2.66667545662339e-37	2.12426777245577	0.368	0.117	4.80348250001571e-33
RASSF2	2	3.87452899731906e-37	1.71261515873185	0.535	0.242	6.97918908287083e-33
DAAM2	2	3.97259181728569e-37	2.49255547633234	0.285	0.07	7.15582964047672e-33
NCDN	2	7.08768648318016e-37	2.34411393685798	0.298	0.076	1.27670496621524e-32
ARHGAP29	2	3.20144646712182e-36	1.37103378914481	0.495	0.195	5.76676552122653e-32
CRISPLD1	2	3.61089476367792e-36	1.98546298059093	0.392	0.135	6.50430473781304e-32
FOXD2	2	4.49654628579041e-36	2.25755076558143	0.296	0.076	8.09962882459426e-32
LAMC1	2	4.62342530035908e-36	1.42041146969015	0.71	0.438	8.32817599353681e-32
MALAT1	2	5.68218309586506e-36	0.568348680966172	1	1	1.02353164105817e-31
TBX18	2	6.60171934016054e-36	2.11527010156962	0.344	0.105	1.18916770474312e-31
BICC1	2	1.39113277389101e-35	1.41164126006242	0.648	0.37	2.50584746560988e-31
TPM2	2	1.51123811931801e-35	0.737387411698481	0.809	0.514	2.72219322432752e-31
MAGED2	2	2.77646368963814e-35	1.15859807376784	0.777	0.527	5.00124404414517e-31
PLXDC1	2	3.33508104393695e-35	2.06493337921369	0.395	0.141	6.00748148444364e-31
IFI16	2	3.73436654702081e-35	1.04877990023631	0.933	0.811	6.72671446114859e-31
RND3	2	4.32312428640576e-35	1.12300826268944	0.731	0.422	7.7872437771027e-31
NES	2	6.51250823308993e-35	1.76928969123251	0.301	0.079	1.17309810802649e-30
DCBLD2	2	1.08602133851949e-34	1.86816852391516	0.392	0.138	1.95625023707516e-30
OLFML3	2	5.32724889070201e-34	1.52272976262421	0.664	0.384	9.59597342682153e-30
DYNLL1	2	9.5062764937366e-34	0.659972113035096	0.987	0.959	1.71236558481677e-29
EFHC1	2	1.5089147181844e-33	2.11873124338018	0.419	0.169	2.71800808186556e-29
IGF2	2	5.50399419568184e-33	1.45013332234138	0.495	0.214	9.9143447446817e-29
MDK	2	5.98138113225184e-33	1.10284926701012	0.659	0.355	1.07742618335252e-28
CALD1	2	7.73846609437485e-33	0.675898816041969	0.984	0.729	1.39392989757974e-28
PTPN9	2	1.17305892415807e-32	1.83315880505683	0.376	0.132	2.11303104008593e-28
CD34	2	1.52998807085618e-32	1.58710165715483	0.411	0.151	2.75596751203324e-28
SCRG1	2	6.72465100094418e-32	0.918509405091773	0.702	0.379	1.21131138480007e-27
SMARCA1	2	1.11862138039819e-31	1.63472649127913	0.503	0.241	2.01497269251127e-27
GJB2	2	1.50834292441328e-31	3.02936906828058	0.263	0.071	2.71697810974565e-27
QPCT	2	2.27238208581393e-31	2.01095124892614	0.352	0.122	4.09324185117662e-27
LRP1	2	5.30558452681624e-31	0.694128465577722	0.984	0.819	9.55694940815409e-27
NR2F2-AS1	2	5.39527327999224e-31	1.93189514491347	0.312	0.095	9.71850575925003e-27
NEGR1	2	5.41910751970677e-31	1.48200223059043	0.446	0.184	9.7614383752478e-27
BDKRB2	2	5.77774413220534e-31	2.28370548487144	0.253	0.064	1.04074505053415e-26
SOD3	2	1.14607329697711e-30	0.652381408884782	0.817	0.47	2.06442182984487e-26
IFI6	2	3.52020665747456e-30	0.718381333637572	0.833	0.594	6.34094825210892e-26
SCARA5	2	3.6239589613868e-30	1.42435293386171	0.446	0.183	6.52783727714603e-26
RP11-60A8.1	2	4.50334930390145e-30	1.41735602642263	0.306	0.088	8.11188310111768e-26
MYO6	2	1.07013373374531e-29	1.8649726791633	0.371	0.141	1.92763189459543e-25
PEAK1	2	1.31251167152065e-29	1.57091298597684	0.489	0.228	2.36422727391015e-25
TIMP1	2	1.42384737213556e-29	0.468763684263792	1	0.972	2.56477627142778e-25
PHLDA1	2	1.83474695209547e-29	0.840018199380301	0.855	0.576	3.30492968480957e-25
PRDX2	2	2.05412662359293e-29	0.892313899302393	0.849	0.642	3.70009828707795e-25
PLA2R1	2	3.56507552948734e-29	2.27227291329077	0.28	0.083	6.42177055126555e-25
CD59	2	5.33421771519939e-29	0.543100188567237	0.952	0.769	9.60852637038867e-25
KCNK2	2	7.20298718819588e-29	1.49617991269686	0.446	0.193	1.29747408220972e-24
SPATA6	2	7.57186351446804e-29	1.8166099570295	0.315	0.101	1.36391977486113e-24
ADH5	2	1.34229149967354e-28	1.34598753875095	0.602	0.368	2.41786967836195e-24
SSPN	2	1.37419175034434e-28	1.40977643704071	0.543	0.291	2.47533159989526e-24
HMGN2	2	2.05324412895303e-28	0.753200068952025	0.906	0.816	3.69850864948309e-24
PPDPF	2	2.55871123217339e-28	0.656803611938809	0.978	0.897	4.60900654251393e-24
AMD1	2	7.01341646517382e-28	1.07138496007534	0.72	0.513	1.26332670787176e-23
SEPT9	2	8.59610389855292e-28	1.39854476505309	0.54	0.291	1.54841619524634e-23
MFAP2	2	8.98919356084218e-28	1.80201225476199	0.317	0.108	1.6192234361145e-23
RTKN	2	9.25269790015118e-28	1.96354431615827	0.261	0.074	1.66668847275423e-23
PTCH2	2	9.25455170522805e-28	1.48284443437435	0.425	0.177	1.66702239866273e-23
SYNE2	2	1.17142426419915e-27	0.995998209957442	0.47	0.196	2.11008652710193e-23
PLK2	2	1.52548233777561e-27	1.56972830070203	0.398	0.161	2.74785133503522e-23
JUN	2	1.68741090548544e-27	0.691604149021583	0.997	0.935	3.03953326405092e-23
GDF15	2	2.31469196730934e-27	2.10969040642699	0.315	0.11	4.16945464071432e-23
SEMA5A	2	6.27963639918112e-27	1.76896814555984	0.304	0.1	1.1311509045845e-22
ST5	2	9.07041899013289e-27	1.81151091431224	0.323	0.114	1.63385457269264e-22
SRM	2	1.02385860508043e-26	1.04892577627363	0.815	0.61	1.84427650533139e-22
PLAC9	2	1.80438241757954e-26	0.623883517991219	0.96	0.684	3.25023404878603e-22
NDRG1	2	2.10024135306304e-26	0.696761804161809	0.828	0.549	3.78316474927246e-22
COL9A3	2	2.36460283519876e-26	1.57988816692225	0.277	0.083	4.25935908704352e-22
HSP90B1	2	2.58791066300098e-26	0.654406678739886	0.987	0.918	4.66160347726366e-22
ATP13A2	2	3.60485595363926e-26	1.87758618565839	0.277	0.087	6.4934270292904e-22
MTCH1	2	3.72251984625056e-26	0.925477845110424	0.79	0.605	6.70537499905113e-22
BNIP3L	2	4.91726279813506e-26	0.996833292331968	0.723	0.53	8.85746547828068e-22
UACA	2	1.16737693776959e-25	1.35179252800763	0.522	0.268	2.10279607800436e-21
PRELP	2	1.1961646715441e-25	0.314475171249173	0.935	0.581	2.15465142285238e-21
FAM171A1	2	1.24543855583213e-25	1.93036868526477	0.25	0.072	2.24340847062042e-21
JAM2	2	1.24986115348895e-25	1.04597616794926	0.457	0.196	2.25137489577965e-21
TXN	2	1.34277092617579e-25	0.597299101864014	0.973	0.865	2.41873326932045e-21
HIC1	2	2.07987702653317e-25	1.38032367504006	0.489	0.238	3.74648248789421e-21
F3	2	5.55841391098315e-25	1.23215792133182	0.441	0.201	1.00123709778539e-20
N4BP2L2	2	1.43730653136119e-24	0.689211877309484	0.93	0.808	2.58902025494091e-20
OAF	2	1.47346175247135e-24	0.739422281817104	0.793	0.531	2.65414665472665e-20
SIN3B	2	1.92225791755075e-24	1.60112529784628	0.352	0.141	3.46256318688416e-20
DST	2	2.16198696603777e-24	0.845116786168956	0.801	0.596	3.89438712192384e-20
RP11-14N7.2	2	2.29693194449287e-24	1.13212724456674	0.546	0.301	4.137463511615e-20
VPS13B	2	2.5927293926166e-24	1.81534833537531	0.336	0.133	4.67028345492027e-20
COL6A2	2	4.15122628797107e-24	0.401436835518322	1	0.781	7.47760391252229e-20
PNISR	2	5.00456338979898e-24	0.786417230972403	0.847	0.691	9.0147200340449e-20
ECM1	2	5.328351890147e-24	0.856377514624775	0.699	0.424	9.59796025972178e-20
MRPS6	2	6.62201036806976e-24	1.21312681449787	0.532	0.298	1.19282272760041e-19
LIMD1	2	6.97309891966947e-24	2.05136787626057	0.253	0.079	1.25606430840006e-19
RHOJ	2	1.11937826627128e-23	1.79234235120258	0.277	0.093	2.01633607103446e-19
RPS27L	2	1.35920051306227e-23	0.605092568198262	0.973	0.86	2.44832788417907e-19
TM4SF1	2	1.62480677086519e-23	0.407035910654307	0.793	0.482	2.92676443635947e-19
LIMA1	2	3.3602874870889e-23	0.931073642542855	0.78	0.56	6.05288585049323e-19
MTUS1	2	3.42896161666759e-23	1.14340253305951	0.427	0.201	6.17658856010332e-19
APOC1	2	4.00991032494079e-23	0.782481865700705	0.349	0.132	7.22305146831584e-19
THBS1	2	6.40999641071151e-23	0.8350189359825	0.909	0.668	1.15463265346146e-18
FXYD1	2	8.31824661542183e-23	0.56152059921119	0.696	0.427	1.49836576283593e-18
CCL2	2	1.06800336762544e-22	0.614594447330428	0.796	0.521	1.9237944661037e-18
SPATS2L	2	1.13798783357964e-22	1.24576651716691	0.565	0.357	2.04985748462701e-18
NCOR2	2	1.93331999384112e-22	1.2142327076409	0.532	0.298	3.482489304906e-18
MXRA8	2	2.11693954861829e-22	0.65798313197326	0.879	0.62	3.81324320892612e-18
DDX17	2	2.29285564927681e-22	0.75082561827372	0.898	0.777	4.13012088104232e-18
COL15A1	2	2.50866543020703e-22	1.0521232634319	0.616	0.379	4.51885903943193e-18
PDZRN3	2	2.55563794042876e-22	1.63610226487106	0.296	0.109	4.60347062209432e-18
PRKCDBP	2	3.30723496898124e-22	0.544340254822028	0.833	0.561	5.95732234962591e-18
GPR133	2	3.52032289621924e-22	1.72427807625743	0.333	0.139	6.34115763295972e-18
FGFR1	2	1.5838670777334e-21	0.930228466675611	0.651	0.437	2.85301976712117e-17
PCOLCE	2	1.67469564834276e-21	0.337074983855114	0.995	0.717	3.01662927135981e-17
PHGDH	2	1.78218404238797e-21	1.51128435292323	0.336	0.139	3.21024811555346e-17
FOXD1	2	3.25876824699017e-21	0.949669241223709	0.433	0.199	5.8700192433034e-17
CLEC11A	2	4.79399209242234e-21	0.843656022207982	0.747	0.502	8.63541795608036e-17
MCTP1	2	4.98467080220151e-21	1.04698567171821	0.39	0.172	8.97888751600559e-17
SLC22A17	2	7.13430861047214e-21	1.44895919064363	0.366	0.166	1.28510301000435e-16
UBB	2	7.17227367151308e-21	0.414746215999181	0.989	0.976	1.29194165644965e-16
GNG2	2	1.27913996934528e-20	1.25372531599971	0.328	0.132	2.30411482678166e-16
TCEAL7	2	1.63636120536926e-20	1.46124367042363	0.309	0.123	2.94757743923165e-16
USP11	2	1.65507165939251e-20	1.42444375222068	0.395	0.192	2.98128058006373e-16
RASSF8-AS1	2	2.03010724315683e-20	1.66397756598961	0.304	0.123	3.6568321770984e-16
SCCPDH	2	2.25237670901935e-20	1.2470125161508	0.446	0.237	4.05720616595656e-16
ARHGAP21	2	2.90826861617487e-20	1.33415227435216	0.478	0.272	5.2386642583158e-16
CBLB	2	4.22599180743593e-20	1.53479522842431	0.419	0.217	7.61227904273434e-16
SCARA3	2	5.05587541408136e-20	1.23432869039649	0.454	0.245	9.10714838338475e-16
PDGFRL	2	6.28502538041354e-20	0.506693101992104	0.852	0.569	1.13212162177389e-15
GTF2I	2	6.57512159768219e-20	0.932256664372892	0.694	0.527	1.18437665339049e-15
ANKRD35	2	7.4084660417753e-20	1.62908787298248	0.269	0.1	1.33448698810498e-15
FBXO32	2	1.00749227208296e-19	1.86999490685504	0.296	0.126	1.81479582970304e-15
WBP5	2	1.52231728417458e-19	0.749219164702637	0.788	0.581	2.74215012398367e-15
UCHL1	2	2.15441041298561e-19	1.28054514397812	0.339	0.146	3.88073947691098e-15
GLI1	2	2.16128513587903e-19	1.71620395421651	0.253	0.093	3.89312291525889e-15
GBP1	2	2.27547634016617e-19	1.26972967449988	0.427	0.221	4.09881553154132e-15
ECM2	2	2.84426663152849e-19	1.24057155937108	0.427	0.22	5.12337748337227e-15
PTMS	2	2.89875422976359e-19	0.513042902282538	0.96	0.863	5.22152599407316e-15
LARP6	2	3.76795416657944e-19	1.35129138092738	0.409	0.212	6.78721584025955e-15
PTPN13	2	3.91225771244651e-19	1.40202545206021	0.384	0.19	7.04714981742989e-15
ITM2A	2	3.92051366150487e-19	0.611483446149803	0.755	0.496	7.06202125846872e-15
RHOU	2	4.82667529814508e-19	1.57276287427488	0.296	0.121	8.69429021454874e-15
MAML2	2	4.93127162129476e-19	1.3442734035367	0.454	0.257	8.88269957143826e-15
LTBP3	2	7.64705211130054e-19	0.728463157719812	0.836	0.654	1.37746349680857e-14
SMARCD3	2	9.82625841768858e-19	1.58567283802792	0.285	0.115	1.77000392877824e-14
RGMA	2	1.02694830287463e-18	1.71993914053309	0.277	0.112	1.84984197796808e-14
C16orf89	2	1.05784727240187e-18	1.30973800657386	0.352	0.16	1.90550029177749e-14
PTPRA	2	1.61994921942121e-18	1.22849477378693	0.524	0.341	2.91801452894342e-14
BCL2L1	2	3.34107185542065e-18	1.35053868915461	0.341	0.157	6.01827273316922e-14
ZBTB20	2	3.61948520695865e-18	1.18897346184358	0.489	0.293	6.51977870329462e-14
RAMP2	2	6.65338069831295e-18	0.365067008962632	0.511	0.279	1.19847346518711e-13
TUSC3	2	8.65645894366582e-18	1.50567377125235	0.306	0.135	1.55928794952252e-13
LIFR	2	8.8698290015955e-18	0.804066102151073	0.32	0.14	1.5977222980574e-13
CPQ	2	2.73598093735352e-17	0.802391002818561	0.761	0.594	4.92832246245489e-13
DOCK7	2	4.06047561122281e-17	1.5389778489282	0.293	0.129	7.31413471849564e-13
PID1	2	5.05372722412089e-17	1.45150466722336	0.296	0.13	9.10327884880895e-13
MRFAP1	2	6.57575687084002e-17	0.620746991552252	0.774	0.599	1.18449108514441e-12
CALM2	2	7.77181012162071e-17	0.320367201491818	0.997	0.973	1.39993615720754e-12
PDS5B	2	1.0314969873411e-16	1.25086222818443	0.43	0.248	1.85803552329753e-12
SLC44A1	2	1.12168793430706e-16	1.05227084616855	0.57	0.389	2.02049647606731e-12
PLOD1	2	1.22670572740065e-16	1.58541255567196	0.358	0.186	2.20966502676679e-12
MYL12B	2	1.31441814749313e-16	0.386197666983501	0.984	0.948	2.36766140907938e-12
LY6E	2	1.40996700379699e-16	0.465278340735534	0.944	0.831	2.53977356393952e-12
GGT5	2	1.8402798971523e-16	0.382221779869115	0.71	0.438	3.31489617874045e-12
CD248	2	1.86349081297828e-16	0.668369335106769	0.567	0.347	3.35670600141778e-12
CYR61	2	2.41267510394818e-16	0.479485796889697	0.917	0.706	4.34595166474186e-12
EPS8	2	2.66701251738298e-16	1.0841292734323	0.511	0.323	4.80408964756197e-12
FZD7	2	2.80936399454239e-16	1.50068441002153	0.261	0.107	5.0605073633692e-12
PDLIM4	2	4.00813135497183e-16	1.12342670303291	0.476	0.294	7.21984700971075e-12
COX7A1	2	4.42742475890764e-16	0.729605408494779	0.677	0.466	7.97512021822032e-12
ANKH	2	4.47994504099695e-16	0.911781028210757	0.624	0.464	8.06972500234781e-12
NFE2L2	2	7.02733118766143e-16	0.517120168616138	0.882	0.756	1.26583316683345e-11
SPON2	2	7.56628676850132e-16	1.13086589084054	0.489	0.3	1.36291523561014e-11
COL8A1	2	8.35465768212406e-16	0.798993329551613	0.53	0.313	1.50492448828101e-11
MAN2A1	2	1.15553343534244e-15	1.27938032235233	0.425	0.245	2.08146237708234e-11
ADD3	2	1.37415395550636e-15	0.75783272262878	0.68	0.496	2.47526352005361e-11
POLR2I	2	2.2411339094099e-15	0.949564570863053	0.602	0.464	4.03695451102005e-11
BHLHE41	2	2.35934841199493e-15	1.06030529931675	0.398	0.211	4.24989429452647e-11
TAC1	2	3.13369023403537e-15	0.921867106593301	0.32	0.15	5.64471621856792e-11
NT5E	2	3.17589774923123e-15	1.26465331282556	0.328	0.163	5.72074461569022e-11
WLS	2	3.33312605294021e-15	1.21731808753754	0.433	0.262	6.0039599591612e-11
GPSM2	2	3.96421816719312e-15	1.5934382827885	0.266	0.119	7.14074618456497e-11
GLUL	2	4.87995933677184e-15	0.36588636033019	0.788	0.531	8.79027075332712e-11
CRISPLD2	2	5.0477425371713e-15	0.357825723527416	0.734	0.478	9.09249863220666e-11
CREB3L2	2	5.11391073562945e-15	1.06569271239309	0.508	0.336	9.21168740808933e-11
KLF12	2	5.85222027244936e-15	1.56702690485022	0.25	0.107	1.0541604376763e-10
DAD1	2	5.85342850014615e-15	0.556707313149818	0.911	0.848	1.05437807573133e-10
TTC3	2	8.03449268207268e-15	0.634469770271838	0.815	0.698	1.44725316682175e-10
NUCKS1	2	8.46189454635191e-15	0.563720515544861	0.876	0.744	1.52424106463437e-10
TSHZ3	2	9.13719650073483e-15	1.49820999677758	0.253	0.108	1.64588320567737e-10
IFIT1	2	9.36786751013289e-15	1.32010709240594	0.296	0.142	1.68743397460024e-10
RARRES3	2	9.49510140359871e-15	1.2400473897223	0.532	0.391	1.71035261583023e-10
FMO1	2	1.00687711036249e-14	1.49921152062265	0.258	0.113	1.81368773889595e-10
MIR4458HG	2	1.39993379922722e-14	1.21388718213727	0.333	0.167	2.521700752548e-10
SERF2	2	1.57325594646758e-14	0.322382940847362	1	1	2.83390593637205e-10
ZMAT3	2	1.68130876216431e-14	0.805997375262051	0.559	0.361	3.02854147328657e-10
TMEM59	2	1.82205519634729e-14	0.436670054553939	0.973	0.937	3.28206802518037e-10
MFGE8	2	1.89809686570449e-14	0.769337546417292	0.599	0.415	3.41904188419351e-10
EBF1	2	2.12591527803152e-14	0.98862004557401	0.492	0.306	3.82941119031818e-10
CHD9	2	2.75479907862045e-14	0.795903117321492	0.728	0.582	4.96221958031902e-10
DDIT3	2	2.76033423230695e-14	0.867390860591561	0.489	0.315	4.9721900526545e-10
PTPRS	2	2.86338945854126e-14	1.00622734227433	0.401	0.225	5.15782343167037e-10
FBLN5	2	2.9134061521276e-14	0.720161967785194	0.47	0.269	5.24791850182744e-10
SEPT7	2	3.07419981936055e-14	0.515907674630889	0.938	0.855	5.53755613461416e-10
LAMA4	2	3.44203227932047e-14	0.683462367268222	0.626	0.421	6.20013274473996e-10
PLD3	2	3.5105706929659e-14	0.587547390367616	0.828	0.683	6.32359098923948e-10
MAGED1	2	3.70867057529779e-14	1.03244207584283	0.465	0.301	6.6804283072839e-10
SELM	2	6.354738917897e-14	0.384661288976174	0.962	0.733	1.14467912128079e-09
TGFBR3	2	6.38664178746625e-14	0.793352241138739	0.384	0.202	1.1504257851763e-09
MMP14	2	1.04900455672281e-13	1.09358022285047	0.468	0.301	1.88957190802479e-09
LTBP1	2	1.07454459095437e-13	1.05696042829104	0.401	0.232	1.93557717168611e-09
RDX	2	1.24971952813949e-13	0.79205274893941	0.519	0.351	2.25111978603766e-09
ERH	2	1.31817780663279e-13	0.494015288976847	0.855	0.762	2.37443368308765e-09
THYN1	2	1.36382089718572e-13	1.2347958843905	0.398	0.243	2.45665058210064e-09
SKP1	2	1.38234116593679e-13	0.403779453908007	0.981	0.955	2.49001114220194e-09
OMD	2	1.49399989664418e-13	0.539564271951249	0.597	0.374	2.69114201382515e-09
LSP1	2	1.52008956885412e-13	0.581737876202131	0.696	0.492	2.73813734037693e-09
CES1	2	2.36169877045982e-13	0.730537066729108	0.403	0.218	4.25412799522927e-09
NDUFC1	2	3.47465956327343e-13	0.686547687179983	0.707	0.588	6.25890427132442e-09
EZR	2	3.97055516341219e-13	0.724626258964772	0.535	0.348	7.15216101585437e-09
SLC4A7	2	4.37632517782175e-13	0.928260698134102	0.5	0.343	7.88307454281033e-09
LINC00910	2	5.64728565979463e-13	0.942878918431499	0.288	0.141	1.01724556589881e-08
FAM46A	2	6.28991605655705e-13	0.942024132737509	0.503	0.347	1.13300257926762e-08
SON	2	7.19185022854375e-13	0.522847884889891	0.86	0.788	1.29546798166759e-08
KCTD9	2	9.45376019073376e-13	1.182158576542	0.304	0.155	1.70290582315687e-08
SYTL2	2	9.65576319937464e-13	1.34588302971103	0.25	0.116	1.73929262510335e-08
MAP9	2	9.74286833880902e-13	1.41385927892382	0.288	0.145	1.75498287386967e-08
RABGAP1L	2	1.2856644448202e-12	1.18132105661178	0.366	0.21	2.31586736445462e-08
YAP1	2	1.40376969416859e-12	1.04300140322916	0.409	0.253	2.52861035010589e-08
ABI2	2	1.42594976800165e-12	1.01498744053407	0.441	0.28	2.56856331710138e-08
FAM229B	2	1.43151092838017e-12	1.22360572024393	0.352	0.202	2.57858063529121e-08
AKR1C1	2	1.47709098364859e-12	0.73750177141359	0.513	0.331	2.6606839888462e-08
FAM178A	2	2.68115288050651e-12	1.35667240697542	0.258	0.123	4.82956068365637e-08
EGR1	2	2.71949121878541e-12	0.351800445876223	0.976	0.882	4.89861953239816e-08
SPG20	2	2.96117744814286e-12	1.03810332417797	0.465	0.313	5.33396893733973e-08
PPME1	2	3.27638133427711e-12	1.37212461281806	0.263	0.128	5.90174569743336e-08
BZW1	2	4.48243334118465e-12	0.609951019635925	0.812	0.718	8.07420717747591e-08
CDK14	2	5.08548496192528e-12	1.31603613848743	0.293	0.154	9.16048406191601e-08
SLC7A2	2	5.31992847422804e-12	0.990643123322553	0.333	0.183	9.58278716062697e-08
TRIB2	2	6.56684985312593e-12	1.12769649226944	0.28	0.139	1.18288666404357e-07
DUSP6	2	6.88274720183739e-12	0.528863752763686	0.495	0.314	1.23978925346697e-07
ITM2C	2	8.18655883110014e-12	0.369210328084548	0.371	0.208	1.47464484224607e-07
ST6GALNAC6	2	8.58719881799793e-12	1.17320156968868	0.371	0.224	1.54681212308597e-07
STAT3	2	8.69177850811362e-12	0.59013336577637	0.755	0.645	1.56565006266651e-07
DDX24	2	8.9824685175276e-12	0.686547687179983	0.688	0.544	1.61801205406225e-07
FADS3	2	9.55976841975392e-12	1.06065398403562	0.304	0.161	1.72200108545027e-07
RCN3	2	1.00410327372186e-11	0.400182144687353	0.737	0.519	1.80869122695519e-07
SEC31A	2	1.09898444989453e-11	0.650665747771986	0.699	0.584	1.97960068959502e-07
SMAD9	2	1.1360689765429e-11	1.34696141150353	0.266	0.134	2.04640104744672e-07
EHBP1	2	1.22153520283431e-11	1.14380296652858	0.32	0.176	2.20035136086544e-07
BSG	2	1.31540434170926e-11	0.571395950876123	0.858	0.786	2.36943784072089e-07
SQSTM1	2	1.43259605154372e-11	0.417790950798999	0.909	0.815	2.58053526764571e-07
SF1	2	1.48715661727919e-11	0.600998942782533	0.769	0.685	2.678815214705e-07
EGR3	2	1.74925590668669e-11	0.753840660089096	0.68	0.524	3.15093466471474e-07
GPX3	2	1.75947721225506e-11	1.83852169373825	0.253	0.131	3.16934630243504e-07
CHD6	2	1.82151136890766e-11	1.14293589121497	0.309	0.167	3.28108842881336e-07
COX11	2	1.84395465534892e-11	1.1680268721778	0.382	0.237	3.32151552068001e-07
PAK3	2	2.00682067997865e-11	1.3012964801769	0.258	0.129	3.61488609084554e-07
TMED10	2	2.02570534233436e-11	0.455293616829139	0.855	0.755	3.64890303314689e-07
LINC00657	2	2.45925859298624e-11	0.55034001230849	0.78	0.663	4.42986250354611e-07
CETN2	2	2.58562270186229e-11	1.21746551945642	0.366	0.224	4.65748217286455e-07
DPF2	2	4.24916719581813e-11	1.06625211334655	0.309	0.168	7.6540248698272e-07
SOD1	2	4.78448137358698e-11	0.463985716537794	0.841	0.782	8.61828629824222e-07
NPDC1	2	4.78846142506826e-11	0.273957508319882	0.734	0.539	8.62545556497546e-07
STIM2	2	4.91214705941613e-11	1.16117500950001	0.298	0.162	8.84825049812627e-07
ATP5G3	2	5.14706708767234e-11	0.452635513565999	0.89	0.821	9.27141194502419e-07
SEC62	2	5.554214095722e-11	0.454609684750862	0.898	0.817	1.0004805850624e-06
LAPTM4A	2	5.6728451548122e-11	0.292858589116829	0.995	0.936	1.02184959773632e-06
MEOX2	2	5.99015222557911e-11	0.58911849297579	0.532	0.358	1.07900612039356e-06
B3GNT1	2	6.83209207221628e-11	1.20097216688507	0.263	0.135	1.23066474496832e-06
PREPL	2	8.66610337290146e-11	1.06042421190138	0.328	0.191	1.56102520056074e-06
PHLDB1	2	1.30563196427143e-10	0.869854900543042	0.438	0.288	2.35183485724212e-06
H1FX	2	1.4731309971825e-10	0.550264186747235	0.718	0.582	2.65355086522484e-06
NME3	2	1.76490828994108e-10	0.535737396647766	0.737	0.655	3.17912930267087e-06
EMILIN1	2	2.0393215291228e-10	0.507168244450995	0.624	0.429	3.6734298704089e-06
GPATCH8	2	2.26594685707703e-10	1.08304735588952	0.317	0.182	4.08165007365286e-06
TENC1	2	3.9867178159521e-10	0.843114305767276	0.363	0.217	7.18127480187452e-06
RBFOX2	2	4.15265720779541e-10	1.13624274148665	0.336	0.203	7.48018142840187e-06
MMP28	2	4.30260584324241e-10	1.18238429742816	0.266	0.143	7.75028390543256e-06
NTRK2	2	4.43197432595574e-10	0.762061450394448	0.487	0.338	7.98331535334407e-06
AFAP1	2	4.45689571908918e-10	1.04198417291208	0.258	0.133	8.02820625879534e-06
LUC7L3	2	4.85640264539191e-10	0.719495279887328	0.61	0.487	8.74783808514444e-06
OCIAD1	2	5.03325963945724e-10	0.477044552756844	0.78	0.703	9.06641058855434e-06
HEXB	2	5.55504661116452e-10	0.620484568703354	0.712	0.615	1.00063054606907e-05
PCGF2	2	6.01266046497762e-10	1.0769785199396	0.309	0.177	1.08306052955642e-05
REXO2	2	8.33543146539509e-10	0.586445882944413	0.664	0.535	1.50146126986162e-05
CIRBP	2	8.3957347487982e-10	0.457119370614925	0.922	0.867	1.51232370030102e-05
SRSF3	2	8.9414516598666e-10	0.298616541215247	0.925	0.866	1.61062368749177e-05
KRTCAP2	2	8.9523612362641e-10	0.478190902978878	0.863	0.811	1.61258882948825e-05
KCNQ1OT1	2	9.83816108504359e-10	0.873725464798719	0.53	0.395	1.7721479562489e-05
WIPI1	2	1.17782837521719e-09	1.01666784204559	0.296	0.167	2.12162225227872e-05
PDK4	2	1.26941361806141e-09	0.839842331476603	0.258	0.134	2.28659475021402e-05
TMEM45A	2	1.43278463401242e-09	0.663202964606767	0.556	0.388	2.58087496124657e-05
RUFY3	2	1.59146151140869e-09	1.02951156653153	0.363	0.234	2.86669962050047e-05
AES	2	2.24918271236445e-09	0.368033635122132	0.793	0.671	4.05145281978209e-05
INMT	2	2.67208228877812e-09	0.833869895117747	0.323	0.188	4.81322182677602e-05
TLE2	2	2.78975775712183e-09	0.555649879433565	0.304	0.165	5.02519064790355e-05
ZRANB2	2	2.92914683880669e-09	0.880269271871364	0.513	0.399	5.2762722007425e-05
C19orf66	2	2.95772183934648e-09	1.01636323755419	0.352	0.224	5.32774434921482e-05
CCS	2	3.14976852442891e-09	0.798653747161262	0.519	0.408	5.6736780430538e-05
FILIP1L	2	3.26400081313905e-09	0.854648877700266	0.522	0.395	5.87944466470737e-05
IP6K2	2	3.46811859581025e-09	1.01964534487365	0.32	0.192	6.24712202663301e-05
COL18A1	2	3.59327104443695e-09	0.477033805881863	0.495	0.339	6.47255913234428e-05
CCBL2	2	4.2612179939689e-09	1.0791945830987	0.274	0.154	7.67573197253617e-05
HILPDA	2	5.22925366487301e-09	0.98991938745863	0.263	0.144	9.41945462653575e-05
KDELR2	2	5.43653553027118e-09	0.387243088979855	0.863	0.784	9.79283145067748e-05
ADI1	2	5.50919067602374e-09	0.654957015753519	0.535	0.413	9.92370516472156e-05
HNRNPDL	2	5.5634225120723e-09	0.361707996872717	0.909	0.887	0.000100213929709958
PROS1	2	6.0506655407986e-09	0.430058965238106	0.511	0.372	0.000108990638386405
TSKU	2	6.14903377414227e-09	1.03284385477498	0.296	0.172	0.000110762545373625
DYNC2H1	2	6.19408829438232e-09	1.07756456444483	0.269	0.15	0.000111574112446709
ZFYVE16	2	6.82499496348626e-09	0.936402162140046	0.406	0.28	0.000122938634277278
ABCA1	2	7.35467775470566e-09	0.719112353303909	0.376	0.241	0.000132479810395513
TCTN1	2	7.81241762573338e-09	1.19505812746327	0.315	0.197	0.000140725078692335
FKBP7	2	7.8758252203849e-09	0.937308394390182	0.406	0.283	0.000141867239694793
RRAGA	2	8.10985173542702e-09	0.734310229831164	0.497	0.379	0.000146082759310247
PLEKHA4	2	9.29601577202809e-09	0.503936924632513	0.371	0.229	0.000167449132101542
MLF1	2	9.76609374055071e-09	0.916183576062494	0.339	0.211	0.00017591664654854
ACLY	2	1.11323519153249e-08	0.978043885853385	0.352	0.23	0.000200527055050748
PIK3CA	2	1.13732685267683e-08	1.05504665863867	0.29	0.172	0.000204866685972678
DCLK1	2	1.29791727170186e-08	0.924499116595253	0.336	0.207	0.000233793838151656
LRRN4CL	2	1.3619740929731e-08	1.00482006363155	0.331	0.206	0.000245332393367244
PGRMC1	2	1.36454080625232e-08	0.497737125971191	0.637	0.514	0.00024579473543023
TSPAN3	2	1.46865771540521e-08	0.737878160632107	0.505	0.388	0.00026454931427594
SGCE	2	1.56647771973073e-08	0.742798164228223	0.435	0.302	0.000282169631655097
ARL1	2	1.57511600763966e-08	0.563519540786713	0.605	0.485	0.000283725646456132
CLIC4	2	1.766492499707e-08	0.452561427323831	0.597	0.453	0.000318198293972221
DKK3	2	1.82353125494904e-08	0.300638296786879	0.446	0.272	0.00032847268495397
C1orf21	2	1.92257236718299e-08	0.802451210344036	0.43	0.299	0.000346312960500672
BCAP29	2	2.02207366645512e-08	0.75636399615354	0.484	0.361	0.000364236129538562
XPC	2	2.22732721828513e-08	0.90227637823542	0.317	0.196	0.0004012084518297
SASH1	2	2.67411144198929e-08	0.94910954304529	0.274	0.16	0.00048168769404553
NFIC	2	2.72662782883611e-08	0.5429700321719	0.685	0.55	0.000491147470808248
CCDC104	2	2.75529825793328e-08	1.05315893178655	0.25	0.139	0.000496311875201522
LRPAP1	2	2.79921761574221e-08	0.486605423385087	0.753	0.651	0.000504223069123643
ATPIF1	2	3.29295469970267e-08	0.42562696244726	0.809	0.726	0.000593159930057442
GOLGB1	2	3.48568818089064e-08	0.741556067689261	0.5	0.376	0.000627877012023831
RNASEH2C	2	4.16844604989882e-08	0.556619681787058	0.629	0.526	0.000750862186968275
RAB34	2	4.32343435689577e-08	0.639326535869362	0.659	0.552	0.000778780230707635
SLC1A5	2	4.73005929473582e-08	0.976553099988373	0.376	0.258	0.000852025580760763
SREBF2	2	5.12307532102957e-08	0.867257789057003	0.269	0.155	0.000922819557577056
MAGEH1	2	5.85256018551038e-08	0.950176441095409	0.349	0.234	0.00105422166621598
LEPROT	2	6.37208051248901e-08	0.522212031576119	0.696	0.596	0.00114780286271464
ECHDC2	2	7.19291303749311e-08	0.814415914117616	0.341	0.217	0.00129565942544363
NDN	2	7.21755935696691e-08	0.717305779825636	0.47	0.348	0.00130009896697045
AHI1	2	7.23022411911444e-08	0.963366786466187	0.355	0.241	0.00130238027057608
CBX6	2	7.95817191496367e-08	0.84643915817355	0.433	0.32	0.00143350550704241
SMAD5	2	9.35033677556034e-08	0.825178356514421	0.441	0.334	0.00168427616338168
SPCS1	2	1.01089549066594e-07	0.323602386345028	0.858	0.807	0.00182092604733655
METRN	2	1.01871598370715e-07	0.665177267105749	0.293	0.181	0.0018350131014517
PLEKHH2	2	1.07282617185681e-07	0.806492839545613	0.331	0.211	0.00193248178336568
RCN1	2	1.18354176443396e-07	0.441497560165991	0.608	0.484	0.00213191378027489
TRIM22	2	1.43836877000907e-07	0.764254551968364	0.481	0.361	0.00259093366541734
FKBP2	2	1.45332284888903e-07	0.373537161556129	0.847	0.786	0.00261787044770382
TLE4	2	1.53134279528913e-07	0.719163944560783	0.43	0.308	0.00275840777715431
SSBP2	2	1.65394063539653e-07	0.860048142846123	0.425	0.32	0.00297924326653977
C11orf58	2	1.72424467353679e-07	0.468533706354109	0.75	0.684	0.00310588193044182
VGLL3	2	1.79056292257721e-07	0.967377978965116	0.358	0.249	0.00322534099243832
JAM3	2	1.80242608026533e-07	0.828113887241965	0.309	0.194	0.00324671009838195
MDM2	2	1.85774348259563e-07	0.681255557421447	0.476	0.353	0.00334635333519952
IFITM1	2	1.86003583221659e-07	0.291387994323871	0.844	0.68	0.00335048254457175
ADCY3	2	1.91094147240154e-07	0.809785757915569	0.398	0.275	0.00344217887423689
GCSH	2	1.93357450896646e-07	0.830914471584628	0.349	0.23	0.00348294776300129
EFEMP2	2	2.04891551187195e-07	0.297577659453002	0.672	0.488	0.00369071151153494
SAT2	2	2.10856171978322e-07	0.483549119807515	0.677	0.584	0.00379815222584551
SIL1	2	2.37336156119022e-07	0.775110714060615	0.441	0.337	0.00427513618017195
PHYHD1	2	2.53344709354433e-07	0.973782343211115	0.263	0.158	0.0045634982496014
PPAPDC1B	2	2.61603860139254e-07	0.959398802436795	0.317	0.211	0.00471227033268837
GAK	2	2.71989111905331e-07	1.04999974430323	0.29	0.184	0.00489933987275072
ZCCHC11	2	2.73422799444665e-07	0.7248177041077	0.352	0.232	0.00492516488639676
SPTAN1	2	3.08863930779217e-07	0.475997437113658	0.575	0.465	0.00556356598512604
RGS16	2	3.1037871622973e-07	0.673652003187457	0.28	0.169	0.00559085181544613
GLRX5	2	3.21222241085093e-07	0.735522833425048	0.425	0.311	0.00578617622866577
SUMO2	2	3.41709207616439e-07	0.253964124573712	0.987	0.952	0.00615520795679491
PJA2	2	3.42139799016007e-07	0.704344988592189	0.538	0.44	0.00616296419967533
PODN	2	3.72758329423099e-07	0.418052589325837	0.591	0.434	0.00671449578789828
TCEAL8	2	3.87285070471982e-07	0.572155440612292	0.594	0.495	0.00697616597441181
HEBP2	2	3.89068842770095e-07	0.876939784204162	0.441	0.342	0.00700829706481772
CLSTN1	2	4.00612499622079e-07	0.921135405486736	0.344	0.238	0.0072162329556925
GADD45GIP1	2	4.90805755048282e-07	0.491798061232834	0.653	0.558	0.0088408840656847
CBX5	2	5.04309014854589e-07	0.875835136296267	0.368	0.263	0.0090841182845757
ACSL3	2	5.19702168440122e-07	0.867842881171546	0.339	0.231	0.00936139516011191
AMOTL2	2	5.29697960913853e-07	0.659734856046016	0.325	0.21	0.00954144936994124
TACC1	2	5.74866076684685e-07	0.453403687245255	0.694	0.586	0.0103550626393212
DNAJB4	2	5.93599763918289e-07	0.688602344653429	0.409	0.286	0.0106925125474601
PLEKHA5	2	5.96382734116069e-07	0.825000664758782	0.285	0.177	0.0107426421896328
GOLIM4	2	6.69177636993431e-07	0.611589738857121	0.54	0.444	0.0120538967751627
TNKS1BP1	2	7.40418675176372e-07	0.995802204924753	0.285	0.183	0.013337161595952
LPCAT2	2	7.70118041119857e-07	0.709631300293024	0.312	0.198	0.013872136274692
GOLGA2	2	7.70646585369101e-07	0.881466486655161	0.358	0.253	0.0138816569422536
PTOV1	2	7.71107580489164e-07	0.956985553203176	0.315	0.213	0.0138899608473513
FAT1	2	8.13556624172291e-07	0.776745496151561	0.355	0.245	0.0146545954712155
ZSCAN18	2	8.39040663852976e-07	0.879407270689195	0.301	0.197	0.0151136394779837
EPDR1	2	8.43950722187175e-07	0.926537078096832	0.288	0.187	0.0152020843587576
SCARB2	2	8.9403685370332e-07	0.62146727067365	0.57	0.495	0.0161042858457579
YWHAE	2	9.2419049738226e-07	0.349694099396836	0.863	0.804	0.0166474434293467
GPC6	2	9.31125761040293e-07	0.613637156251226	0.344	0.231	0.0167723683336188
FAM213A	2	9.57589143099215e-07	0.834809471072559	0.263	0.159	0.0172490532346462
FOXO1	2	1.03317403232463e-06	0.881879044959405	0.29	0.185	0.0186105638442636
MKLN1	2	1.1403716586411e-06	0.693006614601143	0.403	0.291	0.0205415146871021
ABLIM1	2	1.16370547455302e-06	0.688458963733606	0.328	0.215	0.0209618267131235
PLEKHA2	2	1.17681738267971e-06	0.73975128866936	0.293	0.184	0.0211980115142096
SSBP3	2	1.21257922239798e-06	0.984853691481761	0.312	0.217	0.0218421895330549
SYNGR1	2	1.23293583844764e-06	0.774838430386902	0.392	0.287	0.0222088732579573
MBTPS1	2	1.32493442203407e-06	0.818346400618334	0.395	0.298	0.0238660437440998
IFT57	2	1.32761098732827e-06	0.785890978700613	0.36	0.256	0.0239142567147442
CTDSPL	2	1.55879564349248e-06	0.869376474061825	0.25	0.153	0.02807858592623
SIPA1	2	1.57647527037575e-06	0.65459838686577	0.304	0.195	0.0283970490452784
C6orf89	2	1.63400604850138e-06	0.787412421203417	0.333	0.231	0.0294333509516553
NAB1	2	1.65148238554717e-06	0.977793015089654	0.282	0.184	0.0297481522108612
ZNF428	2	1.76986012018937e-06	0.652609196139455	0.508	0.417	0.0318804903449711
YIF1A	2	1.78922573005854e-06	0.442793145372015	0.645	0.536	0.0322293230755445
DDHD1	2	1.89390887408716e-06	0.858091451227204	0.269	0.167	0.034114980548932
NENF	2	1.90072880128083e-06	0.387978620867938	0.841	0.734	0.0342378278974715
ODF2L	2	1.98690249928432e-06	0.786695156559166	0.323	0.215	0.0357900747196084
PCYOX1	2	2.02494775145507e-06	0.873992993107205	0.341	0.241	0.0364753838469602
DTWD1	2	2.08676760985277e-06	0.75440916617346	0.387	0.28	0.0375889449562779
FSTL3	2	2.13924807077299e-06	0.857440730169346	0.36	0.259	0.0385342754988339
CD164	2	2.2576894688059e-06	0.418622266882186	0.79	0.731	0.0406677604016007
SH3KBP1	2	2.39450710857976e-06	0.646161386341417	0.417	0.305	0.0431322565468472
CDKN1C	2	2.41407582290524e-06	0.369545707485402	0.422	0.301	0.0434847477979922
UXS1	2	2.55232512731863e-06	0.962841788265019	0.274	0.18	0.0459750325183904
RIMKLB	2	2.79436617551768e-06	0.812020970899092	0.261	0.164	0.0503349179196
SNRPD3	2	2.82422897183167e-06	0.547097258812314	0.591	0.522	0.0508728364696039
CALCOCO2	2	3.21828072729736e-06	0.763864204854829	0.374	0.272	0.0579708907408073
CHMP5	2	3.31985750500546e-06	0.428196520856949	0.677	0.603	0.0598005932376634
RNMT	2	3.64178845218031e-06	0.569074580521878	0.543	0.456	0.065599535389124
NSUN5	2	3.73537837353343e-06	0.817103233767702	0.272	0.174	0.0672853706424577
MORF4L2	2	4.00469652259219e-06	0.318882808918089	0.823	0.733	0.0721365984614531
SEPT2	2	4.05352360503985e-06	0.388587661369333	0.766	0.694	0.0730161206975828
TSPAN31	2	4.51717674054072e-06	0.830638504146763	0.341	0.244	0.08136790462736
RBM25	2	4.57877935070248e-06	0.427685227552314	0.64	0.546	0.0824775524442038
ADD1	2	4.74223694742128e-06	0.668786248015641	0.446	0.346	0.0854219141338994
APPL2	2	5.6539191628652e-06	0.839142033289428	0.25	0.158	0.101844045880691
SNRNP70	2	6.12573882477647e-06	0.566583363600525	0.586	0.506	0.110342933450699
TUBA1A	2	6.13882325283519e-06	0.256177930046399	0.871	0.786	0.11057862325332
MRPS21	2	6.96479286981878e-06	0.387533984240622	0.774	0.707	0.125456813964046
HP1BP3	2	7.01848059442077e-06	0.484979371774451	0.583	0.507	0.126423890947301
TNFRSF1A	2	7.23727004427338e-06	0.393888402621867	0.728	0.641	0.130364945307496
TCEAL3	2	7.80247172767725e-06	0.79075235414544	0.333	0.237	0.14054592323065
CELF2	2	8.02061604965205e-06	0.456462435696584	0.597	0.508	0.144475356902382
SCARF2	2	8.72913412501227e-06	0.867443806443298	0.309	0.216	0.157237892993846
GALNT2	2	8.92912738669477e-06	0.840698128940777	0.371	0.278	0.160840371616533
FKBP8	2	9.72085250147304e-06	0.429083432214248	0.683	0.624	0.175101716109034
SREBF1	2	1.30608800757191e-05	0.876891059815506	0.277	0.186	0.235265632803928
HMGN3	2	1.44277369688854e-05	0.357903084669287	0.718	0.653	0.259886826020532
C16orf52	2	1.49551960873222e-05	0.801528597081449	0.261	0.172	0.269387947120936
UBR2	2	1.5279132361605e-05	0.701783438470339	0.25	0.158	0.275223011229592
CHSY1	2	1.55296153359881e-05	0.971900046010193	0.358	0.27	0.279734961047153
SRRM2	2	1.58574261901461e-05	0.283248139792043	0.831	0.774	0.285639817963102
RPN1	2	1.59411046287489e-05	0.668260865873164	0.476	0.394	0.287147117677653
RASSF8	2	1.65978073517421e-05	0.851334812572245	0.288	0.198	0.29897630382693
C11orf24	2	1.9131006586936e-05	0.972001787550495	0.263	0.178	0.344606821650478
ATF2	2	1.92122793195379e-05	0.742356770606641	0.29	0.199	0.346070787382836
SRSF11	2	2.21905539966583e-05	0.423223639469898	0.704	0.624	0.399718449141806
CIR1	2	2.35873020279707e-05	0.698460739203503	0.414	0.336	0.424878071429835
SCFD1	2	2.36669480031531e-05	0.659287914603384	0.382	0.291	0.426312734380797
HSBP1	2	2.50026075476585e-05	0.428644225045728	0.718	0.676	0.450371969755972
USP47	2	2.50195192209132e-05	0.80711914519508	0.336	0.252	0.45067659972631
ARHGAP5	2	2.51937670964243e-05	0.669830292235049	0.409	0.323	0.45381532670789
P4HTM	2	2.63956049715556e-05	0.802451210344036	0.282	0.194	0.475464032352631
WHSC1L1	2	2.66317727558304e-05	0.619342414963921	0.395	0.302	0.479718122650774
IDS	2	2.6801673315978e-05	0.51158007805307	0.583	0.501	0.482778541440711
DYNC2LI1	2	2.79413795400997e-05	0.782551117832767	0.309	0.22	0.503308069655817
SGMS1	2	2.85729540452739e-05	0.698212093604872	0.269	0.178	0.514684621217518
SSBP4	2	3.03656424988656e-05	0.785711932974421	0.392	0.314	0.546976318332067
GPBP1	2	3.06601313715219e-05	0.45215390046768	0.621	0.555	0.552280946395224
PDE4D	2	3.11402770597096e-05	0.64377163088214	0.266	0.177	0.560929810676548
PPP1CC	2	3.28049792410965e-05	0.689972774522556	0.457	0.382	0.590916091069871
ATN1	2	3.42081566354334e-05	0.813217052816707	0.344	0.26	0.616191525474061
NRP1	2	3.89391961705744e-05	0.547433660875323	0.492	0.404	0.701411740620556
XRN1	2	3.97575459929436e-05	0.638331467454466	0.344	0.247	0.716152675970894
SCOC	2	4.08508613985249e-05	0.59342845412784	0.435	0.345	0.73584656637163
BDH2	2	4.12804195578009e-05	0.720008481425041	0.379	0.298	0.743584197494668
VAMP2	2	4.35357601214926e-05	0.350458855739758	0.677	0.589	0.784209647068446
YBX3	2	4.53764893495308e-05	0.269958320760305	0.925	0.891	0.817366702653099
BEX4	2	4.6477035294661e-05	0.556329821012779	0.449	0.361	0.837190836762729
PXN	2	4.71780534547276e-05	0.717039250027293	0.263	0.175	0.849818276880008
MBNL2	2	5.11888134281846e-05	0.564544605124025	0.476	0.405	0.922064096281889
TTC14	2	6.35767925647015e-05	0.688307531483977	0.371	0.286	1
CAMK1	2	6.41020901021845e-05	0.667446853660749	0.277	0.19	1
SF3B1	2	6.50183807374723e-05	0.335461224224523	0.782	0.719	1
TRIP6	2	7.24697931220914e-05	0.693689756424003	0.36	0.283	1
IRF3	2	7.30757327819572e-05	0.70997648393886	0.331	0.245	1
MIF	2	7.54234862370454e-05	0.267252240686156	0.909	0.837	1
MPRIP	2	7.55250228881611e-05	0.539706298850712	0.336	0.245	1
TOB1	2	7.63527694629076e-05	0.512951577248955	0.508	0.439	1
PRDX6	2	7.99096732793719e-05	0.283608389266811	0.831	0.803	1
AKAP9	2	8.93377405090774e-05	0.420063696665798	0.559	0.481	1
APBB2	2	9.20152373637681e-05	0.560010709677039	0.269	0.184	1
RGL1	2	0.000100114591233385	0.420026956084224	0.315	0.22	1
ACADVL	2	0.000100949034999737	0.400681059403872	0.642	0.578	1
C12orf23	2	0.000102791170494995	0.624742402706511	0.425	0.346	1
PDIA4	2	0.000104836643325681	0.560761776804689	0.543	0.468	1
GDI1	2	0.000106626278887598	0.730649081562107	0.285	0.202	1
TXNDC15	2	0.000106840688771214	0.627519487377085	0.446	0.378	1
PSMB5	2	0.000114327385324771	0.456683587477704	0.543	0.468	1
ZMYM2	2	0.000118877092165415	0.663428972621932	0.392	0.31	1
SF3B2	2	0.000128830662333158	0.602943024421162	0.433	0.355	1
CALR	2	0.000132707251899643	0.282784891665059	0.96	0.928	1
SOCS3	2	0.00013668359936163	0.357424881284764	0.879	0.845	1
BLOC1S1	2	0.000136911912749334	0.293984772841739	0.745	0.682	1
SGCB	2	0.000140346641222228	0.406955556042378	0.419	0.326	1
COPB1	2	0.000140382285918258	0.545635857714004	0.489	0.423	1
PTBP3	2	0.000143061702660547	0.605294640478288	0.403	0.331	1
ZKSCAN1	2	0.000143330087915382	0.704408554004351	0.317	0.236	1
ACN9	2	0.000150706203333387	0.721061363573883	0.277	0.198	1
PHC2	2	0.000163621531906501	0.590100156710989	0.392	0.312	1
DPM3	2	0.000192987947532382	0.507391594345737	0.543	0.476	1
PDGFRA	2	0.000201159412783111	0.276626495982949	0.446	0.334	1
NDUFA5	2	0.000202785366005878	0.391578526454855	0.57	0.508	1
DBN1	2	0.000204075009687586	0.605633579758806	0.261	0.18	1
TRIM13	2	0.000218496311665463	0.738364404423705	0.255	0.178	1
USMG5	2	0.000220134852455837	0.286567181054889	0.876	0.881	1
CBR1	2	0.000220256926178731	0.507712349696324	0.358	0.27	1
WDR13	2	0.000224003006305895	0.7564731011253	0.336	0.263	1
ABHD2	2	0.000228764226334337	0.750982400086479	0.298	0.224	1
FAM208B	2	0.000231209391105809	0.862475370177445	0.263	0.193	1
ZNF638	2	0.000246583759669644	0.58295369289572	0.401	0.321	1
PRKAR1A	2	0.000257137186997166	0.335816463740693	0.672	0.623	1
C1QTNF4	2	0.000265393158236579	0.505617408271431	0.266	0.186	1
CPD	2	0.000269863284533341	0.375647187830591	0.355	0.263	1
GS1-251I9.4	2	0.000281767925196062	0.647600344851583	0.417	0.356	1
METAP2	2	0.000288853513350145	0.594640370917092	0.465	0.404	1
TOP2B	2	0.000289514280128971	0.58911849297579	0.331	0.251	1
ST13	2	0.000295791869875553	0.351034495358265	0.78	0.733	1
UPF3A	2	0.000302421547438067	0.658171700936477	0.312	0.234	1
NCKAP1	2	0.000310245940642805	0.63416741549578	0.349	0.272	1
QTRT1	2	0.000359197553415285	0.604732441975017	0.336	0.254	1
PFDN4	2	0.000363136490276469	0.593033542979173	0.371	0.296	1
BCLAF1	2	0.000403319696237039	0.48587900041222	0.602	0.56	1
SSB	2	0.000419043841751418	0.408762517966153	0.53	0.464	1
DRAP1	2	0.000433255274867135	0.36911082958747	0.758	0.723	1
NDRG2	2	0.000481199414494847	0.301868588322229	0.32	0.233	1
EPB41L2	2	0.000497519567533403	0.390536649931936	0.556	0.483	1
HNRNPK	2	0.000500042243011932	0.263532572269463	0.903	0.881	1
BOD1	2	0.000520407392687966	0.678011542566201	0.29	0.217	1
PBDC1	2	0.000520762745206443	0.687108283666885	0.25	0.18	1
ISCU	2	0.000533290152121511	0.336512682214368	0.726	0.679	1
SIGIRR	2	0.000567799926101315	0.442844759598123	0.387	0.302	1
POGZ	2	0.000570091841783767	0.754802943270884	0.28	0.21	1
SLC39A7	2	0.000581351171025256	0.70381397369771	0.349	0.281	1
NDUFB1	2	0.000585702190778208	0.256931870625923	0.898	0.874	1
TNRC6B	2	0.000586116717512336	0.464185583798394	0.546	0.496	1
SYNE1	2	0.000586153366995938	0.631529111632871	0.387	0.319	1
GADD45A	2	0.000624060479140078	0.555903526378513	0.43	0.37	1
PSENEN	2	0.000642926870481418	0.666055105378603	0.349	0.283	1
ATAD1	2	0.000661804058585287	0.629068328109301	0.304	0.231	1
LYRM2	2	0.000702679168605276	0.703597823417751	0.261	0.192	1
SEC24D	2	0.000759963000758633	0.608545175178709	0.387	0.314	1
DDR2	2	0.00077033394913393	0.398500028242353	0.417	0.33	1
BBX	2	0.000846680202629234	0.514296243455332	0.409	0.34	1
HYI	2	0.000873137059295923	0.532878956627975	0.331	0.256	1
GUSB	2	0.00089090586922101	0.581421318013284	0.414	0.35	1
TMED4	2	0.000919117321632467	0.496745140428839	0.43	0.362	1
ZCCHC24	2	0.000950744057089292	0.68092970873776	0.341	0.277	1
ZFPM1	2	0.000965353133050112	0.70328333421054	0.253	0.187	1
PPP2CB	2	0.000967125697698032	0.592320925014134	0.363	0.295	1
PDIA3	2	0.00100116864788311	0.316567462886479	0.895	0.847	1
POLK	2	0.00101715309310239	0.658425528962799	0.312	0.245	1
SEPT10	2	0.00101803082943474	0.529830755681044	0.28	0.208	1
TMCO1	2	0.00106550036682237	0.327794623899112	0.68	0.638	1
ZNF106	2	0.00109684926337212	0.473433079431546	0.457	0.393	1
EAPP	2	0.00110465000309386	0.677501305587978	0.352	0.291	1
PCM1	2	0.00113528456686983	0.580442303683774	0.406	0.348	1
PHF14	2	0.00117389367313836	0.563341858042368	0.325	0.254	1
ZNF280D	2	0.00120525497167901	0.628812067015558	0.344	0.277	1
HDDC2	2	0.00123372440278239	0.487787745252292	0.403	0.333	1
CREBZF	2	0.00127699574497826	0.672747775617343	0.288	0.219	1
CFDP1	2	0.00128604024770564	0.543278302077615	0.398	0.329	1
IFI27L2	2	0.00130769836000749	0.351026969464391	0.637	0.597	1
SREK1	2	0.00133745533222628	0.526844759465983	0.422	0.364	1
SEC23A	2	0.00135786793783163	0.586860501394406	0.355	0.289	1
MATR3	2	0.00136726409227228	0.29954712257091	0.659	0.612	1
EIF4G3	2	0.00141606437684568	0.602888677875717	0.32	0.255	1
COPB2	2	0.00142883794073429	0.537958636564444	0.406	0.345	1
NSD1	2	0.00145721901854877	0.602716096376512	0.277	0.211	1
EXT2	2	0.00147243893793552	0.656836032416364	0.282	0.219	1
RDH14	2	0.0014857139904865	0.751840154388741	0.25	0.188	1
CFI	2	0.00156974944546571	0.5993706129982	0.409	0.35	1
MON2	2	0.00159586163303424	0.692783185007233	0.304	0.242	1
VCL	2	0.00168818585046867	0.502961849226075	0.398	0.331	1
TMED7	2	0.00176755479932199	0.554353074815113	0.411	0.361	1
PPIG	2	0.00178222447010312	0.385481965488983	0.581	0.535	1
BRD2	2	0.00186588768744822	0.25407734784316	0.61	0.54	1
PAPSS1	2	0.00188037116436633	0.519323856796164	0.328	0.258	1
RBM26	2	0.00193498718914071	0.483754948162096	0.341	0.268	1
PDXK	2	0.00196494297293607	0.481006925245062	0.449	0.39	1
GRHPR	2	0.00198925131614598	0.508984259369829	0.392	0.327	1
RANBP1	2	0.00202868967013407	0.341420982727732	0.637	0.6	1
NPEPPS	2	0.00216405929056029	0.621801127394389	0.269	0.205	1
TMEM18	2	0.00220163800796304	0.747890633479376	0.277	0.215	1
UBA1	2	0.00227344554543734	0.695445394049713	0.328	0.272	1
GSTA4	2	0.00231392912474	0.726472289670337	0.25	0.191	1
CHCHD10	2	0.00231865529446728	0.253526345143301	0.376	0.292	1
CNBP	2	0.00240464678712831	0.309418084827577	0.691	0.642	1
GSTT1	2	0.00244340038021665	0.688915323252926	0.272	0.212	1
ACTR10	2	0.00244719106291048	0.519337633684114	0.462	0.421	1
LPP	2	0.00246150404962895	0.318507667438308	0.538	0.491	1
MYL6B	2	0.00246223129041818	0.435406094817977	0.417	0.351	1
CYP27A1	2	0.00248106084503341	0.597827401320677	0.274	0.209	1
SF3B14	2	0.00300724146249475	0.273821601758919	0.758	0.725	1
TPBG	2	0.00304467587151693	0.573212102066429	0.32	0.257	1
LMO4	2	0.00306099301228065	0.375866059869377	0.532	0.47	1
TROVE2	2	0.00306672660584041	0.576107627455634	0.341	0.285	1
PLSCR4	2	0.00309215633819112	0.399853968565993	0.398	0.325	1
NUMA1	2	0.00310695928875596	0.530179401173531	0.331	0.266	1
POLR2K	2	0.00312883596607007	0.434543862127651	0.546	0.527	1
TCN2	2	0.00313704259015756	0.576009830882869	0.28	0.218	1
ATXN3	2	0.00316389486266632	0.547825031817615	0.253	0.19	1
TAF7	2	0.00321782491152205	0.479064947510876	0.457	0.428	1
FAM20A	2	0.00327012289622786	0.54871754014568	0.258	0.197	1
SKIV2L2	2	0.00331262800685538	0.540473485808907	0.263	0.2	1
PRMT1	2	0.00336315982361896	0.364716746745055	0.548	0.499	1
FHL1	2	0.0034805885563404	0.275490038813684	0.452	0.379	1
NFAT5	2	0.00369025691870768	0.452049450494276	0.382	0.319	1
SMARCA5	2	0.00369352646456401	0.484065628569242	0.422	0.378	1
MSL1	2	0.00402891907846727	0.552849484224725	0.272	0.209	1
SFPQ	2	0.00405064076698612	0.266029330224727	0.804	0.783	1
PUM1	2	0.00409398788455369	0.516398031439328	0.355	0.294	1
PHIP	2	0.00425246569559535	0.461440343457934	0.392	0.336	1
CHMP2A	2	0.00448713934846793	0.331840483969547	0.669	0.642	1
COPG1	2	0.00448981212623522	0.682329894259455	0.255	0.199	1
UBE2I	2	0.00454573943857538	0.410544007359468	0.516	0.474	1
MED31	2	0.00455530873296661	0.605558846145338	0.253	0.196	1
PLOD3	2	0.00459065997603512	0.710472276732395	0.258	0.204	1
DCXR	2	0.00460358345702198	0.47972090967256	0.392	0.338	1
ERGIC3	2	0.00470215937235781	0.517296112812756	0.433	0.395	1
TMEM30A	2	0.0049844056882808	0.309488313742458	0.473	0.419	1
AKAP11	2	0.00499048490809643	0.585086202354721	0.301	0.247	1
MEAF6	2	0.00500934867279778	0.472739309261461	0.406	0.353	1
USP22	2	0.00517991604958841	0.582423840401782	0.341	0.29	1
AP3S1	2	0.0052989985332451	0.335414480630463	0.551	0.504	1
WDR6	2	0.00550156964652888	0.671775936550018	0.269	0.214	1
FDX1	2	0.00557747077658223	0.499566907997497	0.347	0.292	1
DYNC1I2	2	0.00567043192655802	0.277860934559883	0.583	0.538	1
PHF3	2	0.00567086733687791	0.536749256344195	0.384	0.329	1
SURF4	2	0.00588519196724477	0.407931013633363	0.497	0.458	1
CNPY2	2	0.00597721231552244	0.337132861577768	0.599	0.565	1
SMARCB1	2	0.00600930030243367	0.576212508778852	0.333	0.281	1
C9orf16	2	0.00616007981339411	0.366356500450783	0.656	0.637	1
DICER1	2	0.00636136183744816	0.526378937256558	0.323	0.265	1
NPHP3	2	0.00644827537475589	0.565848713652942	0.255	0.201	1
FAM114A1	2	0.00668757565907943	0.545830401281448	0.344	0.294	1
MYADM	2	0.0067464095020526	0.340244348448071	0.761	0.719	1
GCC2	2	0.00678048629937785	0.507659839367072	0.409	0.361	1
POR	2	0.00704195801785572	0.598484336371821	0.263	0.211	1
MED13	2	0.00708478299144777	0.46412356348588	0.341	0.285	1
PIGP	2	0.00725640906777576	0.507997439123374	0.355	0.303	1
MRPS26	2	0.00781413646585359	0.511344075773851	0.344	0.294	1
FAM200B	2	0.0080511768113913	0.583746859809922	0.293	0.241	1
H1F0	2	0.00835187824484547	0.419562382338343	0.285	0.223	1
ASXL1	2	0.00874266791028964	0.594415473818468	0.301	0.252	1
EVA1B	2	0.00896616327887358	0.350303233600468	0.484	0.429	1
SEC13	2	0.00937491856723316	0.465252853930509	0.293	0.237	1
ATRX	2	0.0094242882885912	0.269449489020729	0.589	0.539	1
PTPLAD1	2	0.00945967937037882	0.590100156710989	0.366	0.326	1
STX8	2	0.00958348336471052	0.663088714355994	0.301	0.252	1
NUDC	2	0.00966506238617094	0.375443022278138	0.513	0.487	1
PPP2R1A	2	0.00975195365908803	0.531015538412222	0.352	0.304	1
PTTG1IP	2	0.0097603954918722	0.327714955799565	0.532	0.503	1
SLC22A3	3	3.47764814383449e-239	5.74191994849469	0.764	0.05	6.26428760148906e-235
SLC2A1	3	2.67111689581243e-185	5.14122354201308	0.772	0.094	4.81148286442693e-181
KLF5	3	1.53163219283557e-180	4.34004262455607	0.736	0.079	2.75892906895471e-176
TNNC1	3	2.48383181369897e-179	6.32838135328926	0.644	0.052	4.47412624601595e-175
WNT6	3	7.63397746235666e-178	5.21546116654742	0.524	0.021	1.3751083602943e-173
PCDH8	3	9.26852174174475e-171	4.89325592344273	0.532	0.026	1.66953882134048e-166
CLDN1	3	1.64197871722726e-166	3.40805530951216	0.876	0.149	2.95769626334146e-162
ADH1B	3	4.81506052128618e-158	3.02001954176179	0.82	0.119	8.67336851699279e-154
EMILIN3	3	1.60847671296506e-154	5.18755002806372	0.46	0.019	2.89734910306396e-150
ITGB4	3	4.76586313874797e-152	3.40125257344875	0.764	0.109	8.58474927182672e-148
CYP4B1	3	2.54315202319166e-149	6.3138262963904	0.38	0.007	4.58097973937514e-145
TENM2	3	1.49551220193063e-147	3.07350722882294	0.776	0.114	2.69386612933764e-143
BMP3	3	8.23576560801832e-143	6.65159298477453	0.352	0.005	1.48350845897234e-138
FOXD1	3	5.47165165154682e-139	3.18682720907524	0.82	0.166	9.85608611993128e-135
RP11-60A8.1	3	4.00214977332603e-136	3.69199997846146	0.604	0.064	7.20907238669217e-132
ALLC	3	2.7181580463077e-135	6.3565161095366	0.34	0.006	4.89621808881407e-131
SBSPON	3	5.52676894696582e-134	3.7990755173754	0.56	0.053	9.95536890416953e-130
NGFR	3	4.24411867690169e-131	3.06725579434601	0.876	0.222	7.64493097270301e-127
ITGA6	3	7.02149309802651e-129	3.2366067939285	0.764	0.138	1.26478155174751e-124
TNNT2	3	7.94159262312611e-129	6.40069555810515	0.336	0.007	1.43051907920371e-124
CSRP1	3	1.80359579299307e-128	3.55926980549756	0.916	0.339	3.24881710191841e-124
LTBP4	3	8.86853364729885e-122	2.78493654142626	0.956	0.352	1.59748896588794e-117
KRT19	3	2.20668404114014e-118	6.61288441659677	0.428	0.03	3.97489996330574e-114
SCUBE1	3	1.01586326231612e-117	7.272247192639	0.272	0.002	1.82987449441003e-113
ADIRF	3	1.25427729001963e-117	3.16691704942126	0.96	0.478	2.25932968251236e-113
C2orf40	3	2.22344706145062e-116	2.84384751298486	0.92	0.299	4.00509519179099e-112
NOS1	3	4.39023599037866e-114	7.01300436596758	0.276	0.003	7.90813208946908e-110
PTCH1	3	1.71204829067787e-113	2.22913947108391	0.86	0.191	3.08391258599804e-109
DMKN	3	6.53412747928412e-112	5.29517358948851	0.316	0.01	1.17699238284345e-107
SORBS1	3	1.42145760636209e-109	3.67581593117227	0.548	0.072	2.56047158634002e-105
NR2F1	3	6.52423084164122e-108	2.45746525268133	0.856	0.247	1.17520970150483e-103
NR2F2	3	6.58089970097638e-106	2.10579438310349	1	0.595	1.18541746313688e-101
DKK3	3	1.31864110986549e-103	2.32140018996222	0.836	0.235	2.3752682312007e-99
LMO7	3	2.14878920111651e-102	4.26532777869921	0.472	0.054	3.87061398797116e-98
MRAS	3	1.35717589023447e-101	2.6690054158135	0.78	0.205	2.44468093107936e-97
LINC01088	3	5.06082469694236e-101	3.45132982014033	0.516	0.066	9.11606352660227e-97
FLRT2	3	3.69332905823738e-100	2.68412937791532	0.812	0.251	6.65279363260298e-96
GAB1	3	6.88360980117701e-100	3.2018578647476	0.652	0.132	1.23994463348601e-95
PTGDS	3	8.94025585433659e-98	3.40244792983316	0.972	0.671	1.61040828704165e-93
TAGLN	3	1.66055708594575e-97	2.67319651598518	0.988	0.647	2.99116147891408e-93
IGFBP6	3	1.17897202251387e-95	2.55133681599413	0.992	0.731	2.12368230415423e-91
SH3PXD2A	3	2.49273556025939e-95	3.00220897758966	0.708	0.176	4.49016456469524e-91
MATN2	3	3.53484438442936e-94	2.57320051049721	0.832	0.273	6.36731518967261e-90
ENTPD2	3	6.93565156236925e-91	3.15229649863976	0.56	0.095	1.24931891592957e-86
NRP2	3	4.96599750920576e-90	2.43122929759086	0.788	0.235	8.94525131333234e-86
PHLDA3	3	9.1006589300834e-89	2.32581054961532	0.912	0.495	1.63930169307592e-84
S100A6	3	8.29278060919996e-88	1.26563304046387	1	0.985	1.49377857113519e-83
EFNB1	3	1.49654175258311e-87	2.50551985771491	0.676	0.149	2.69572065892796e-83
CAV2	3	3.51823372168345e-86	2.51675556488502	0.772	0.235	6.3373944028684e-82
PPP1R12B	3	6.6202797354389e-86	2.98555010903084	0.684	0.182	1.19251098874461e-81
TLE2	3	1.61045086762804e-82	2.92339077034463	0.604	0.136	2.9009051478584e-78
FXYD1	3	2.29929889548962e-81	1.76101018611874	0.908	0.417	4.14172710044545e-77
TNS1	3	1.39745532995172e-80	2.46766757449763	0.736	0.224	2.51723628584203e-76
LAPTM4A	3	6.0008650549073e-77	1.16043313371566	1	0.939	1.08093582234045e-72
SOD3	3	3.91184490392002e-76	1.86984442597698	0.928	0.477	7.04640622543114e-72
PLEKHA4	3	7.0963995235572e-75	2.38208237312251	0.684	0.199	1.27827444617836e-70
ALDH1A3	3	8.49345958153041e-75	3.28361168334339	0.568	0.12	1.52992687442107e-70
CAV1	3	1.08045573585915e-74	2.16946326514748	0.848	0.356	1.94622491700308e-70
FOXS1	3	1.09857409062363e-74	2.40190876482362	0.564	0.114	1.97886150944034e-70
ENPP6	3	2.41912982445347e-74	3.25059553501909	0.436	0.067	4.35757855278804e-70
TCEB2	3	8.24418342361342e-74	1.44696168593265	0.992	0.949	1.48502476009549e-69
BNC2	3	4.82755003966945e-73	2.72309057697589	0.744	0.265	8.69586588645658e-69
C19orf33	3	6.51275527158918e-73	5.19834907897046	0.252	0.015	1.17314260707136e-68
FRZB	3	7.0327491165651e-73	2.84653255998013	0.42	0.059	1.26680909836687e-68
GFRA1	3	1.26164998962801e-72	3.29313643762321	0.412	0.059	2.27261012631694e-68
PEAR1	3	4.73941729418026e-71	2.73424045034739	0.524	0.107	8.5371123720069e-67
SDPR	3	3.03939459813335e-70	2.48289007302897	0.544	0.118	5.4748614896176e-66
RBP1	3	1.67990470057599e-69	3.02431967919541	0.432	0.07	3.02601233714753e-65
MAP2	3	5.51747052667512e-68	3.77351157569488	0.268	0.02	9.93861965969989e-64
TPM1	3	5.77161486814926e-68	2.18848187207444	0.876	0.474	1.03964098619973e-63
MYL12B	3	1.22962277612721e-67	1.09758857808724	0.996	0.949	2.21491950663794e-63
ARL4D	3	3.86760915026529e-66	3.05323237111065	0.468	0.093	6.96672436237287e-62
PRKAA2	3	6.25497948749575e-66	3.77013619094388	0.288	0.027	1.12670945508261e-61
TJP1	3	6.65097928701622e-66	2.600020610059	0.644	0.199	1.19804089897023e-61
SDCBP	3	2.92082680685182e-65	1.40757961734731	0.972	0.86	5.26128532718218e-61
GPC3	3	3.55300533896268e-65	1.4490397318716	0.812	0.257	6.40002851707347e-61
CYB5A	3	5.02088672732615e-65	1.96755058326292	0.808	0.372	9.04412326193259e-61
A4GALT	3	9.30736744892114e-65	2.54140844994395	0.644	0.201	1.67653609857416e-60
PDZRN4	3	1.18276023175377e-64	2.92097992950273	0.448	0.084	2.13050600545806e-60
SHISA3	3	1.57178164246881e-63	2.71678780538455	0.452	0.086	2.83125027257906e-59
PDE1A	3	3.15596430239053e-63	3.05729700164169	0.412	0.071	5.68483849789607e-59
MEOX2	3	5.96406998437849e-63	1.8751532379199	0.8	0.335	1.0743079262861e-58
COL9A3	3	7.49624784295501e-63	2.93121027480393	0.428	0.076	1.35029912395149e-58
USP53	3	2.06856607998175e-62	2.62653586124838	0.712	0.27	3.72610807987112e-58
FZD2	3	7.41455273461913e-62	2.09832026063919	0.588	0.148	1.33558338408694e-57
VIT	3	3.62686668747225e-61	1.60164804716564	0.784	0.271	6.53307496414377e-57
DOCK9	3	7.66717357714815e-61	2.20766519640005	0.528	0.121	1.3810879764517e-56
AMOTL2	3	1.26839083607106e-60	2.31977556272158	0.612	0.182	2.28475241301481e-56
SREBF2	3	1.30001304243859e-59	2.34292741579116	0.532	0.129	2.34171349334463e-55
SPTBN1	3	1.7449113919797e-59	1.47995971867034	0.94	0.574	3.14310889037303e-55
ETV1	3	2.76147655500117e-58	1.7148363506747	0.612	0.159	4.9742477185236e-54
OMD	3	3.0072000162169e-58	1.6661750481915	0.824	0.359	5.4168693892115e-54
RARRES2	3	6.86691777348598e-58	1.19553853714271	0.972	0.567	1.23693789853803e-53
HILPDA	3	8.2555263299454e-58	2.51993469432129	0.504	0.121	1.48706795781307e-53
CBS	3	2.93209854444542e-57	3.47498108820498	0.304	0.039	5.28158910810953e-53
FMO2	3	3.03658711175933e-57	2.62110761531336	0.396	0.069	5.46980436441208e-53
TPD52L1	3	1.16477679064008e-56	2.01214496524931	0.488	0.107	2.09811243297998e-52
SYNPO2	3	1.82354412355533e-56	2.60789563964561	0.484	0.116	3.28475002976022e-52
FOXD2	3	4.20336653900334e-56	2.45174090293009	0.408	0.075	7.57152414670671e-52
PAK3	3	5.44679411294086e-56	2.31517776725353	0.48	0.109	9.81131023564037e-52
ENDOD1	3	1.2456013807046e-55	2.02102960926123	0.556	0.147	2.2437017670632e-51
AFAP1L1	3	1.9456316202321e-55	3.41859861830746	0.276	0.031	3.50466623752408e-51
PAPLN	3	3.32562905453027e-55	2.82447909984881	0.416	0.084	5.99045561592537e-51
RAI14	3	5.6385337864844e-55	2.41202519650306	0.524	0.139	1.01566909095944e-50
EBF2	3	6.21970831900479e-55	1.82459751668122	0.668	0.227	1.12035605950233e-50
AES	3	1.54352562099741e-54	1.52026827297562	0.912	0.663	2.78035270110263e-50
DMD	3	3.55184799682857e-54	2.60928217991657	0.424	0.086	6.39794379668731e-50
PLAC9	3	4.00341023440407e-54	1.34260394559467	0.976	0.698	7.21134285523204e-50
CALM2	3	4.02522477845995e-54	0.935393753384157	0.996	0.974	7.2506373934399e-50
DLEU7	3	1.519660405719e-53	2.77496021025869	0.328	0.049	2.73736428882164e-49
EGFR	3	1.6089591497442e-53	1.57484153458754	0.724	0.261	2.89821811643423e-49
DACT1	3	2.30773122422368e-53	3.18628715885881	0.304	0.042	4.15691625419412e-49
PLSCR4	3	3.36484357535716e-53	1.80570518483851	0.724	0.289	6.06109273229085e-49
CYP4X1	3	1.03925674562989e-52	3.12928923879696	0.32	0.048	1.87201317590312e-48
INMT	3	3.68495867539993e-52	2.4094556927604	0.556	0.167	6.63771606199789e-48
JAM2	3	5.83457882777696e-52	1.70135776481495	0.624	0.191	1.05098268424746e-47
SHISA6	3	2.21898090478942e-51	3.22833357121701	0.268	0.032	3.99705030379719e-47
RGL1	3	3.04925587004232e-51	2.08737184973071	0.596	0.191	5.49262459870724e-47
FAM101A	3	3.26511137758748e-51	2.65658789469493	0.36	0.064	5.88144512444832e-47
ISYNA1	3	4.10798761854372e-51	2.75833798931128	0.384	0.076	7.39971809728281e-47
VIM	3	5.13594332267746e-51	0.791308935399156	1	0.999	9.2513747071389e-47
GPC6	3	6.77209202694166e-51	1.97894817143411	0.62	0.204	1.219856936813e-46
NGFRAP1	3	3.10693559816257e-50	1.27948584169587	0.928	0.601	5.59652309297024e-46
MLLT4	3	3.26786538858137e-50	2.30690688245061	0.488	0.127	5.88640592445162e-46
OGN	3	3.40343374073721e-50	1.15391479493708	0.98	0.634	6.13060519718993e-46
ARHGAP42	3	1.38737278486995e-49	2.70443941295691	0.364	0.069	2.49907459738625e-45
PRKCDBP	3	1.77410846292579e-49	1.3358772370132	0.916	0.567	3.19570157426823e-45
PLCB4	3	4.20072929892851e-49	2.64349789525448	0.296	0.043	7.56677368615993e-45
PTCH2	3	1.07066982647565e-48	1.93905057471755	0.568	0.175	1.92859755843059e-44
CYS1	3	3.02039355196448e-48	3.09557836236523	0.264	0.034	5.44063490515362e-44
PTRF	3	7.10956221759357e-48	1.13969069505905	0.964	0.671	1.28064544225513e-43
GSN	3	1.33513848073145e-47	1.0373248307318	1	0.936	2.40498494534156e-43
GPC1	3	2.01920825942246e-47	2.14746790996828	0.54	0.17	3.63719983769767e-43
CLDN11	3	3.2231626882781e-46	1.96203540094107	0.516	0.148	5.80588295039534e-42
FKBP5	3	5.07399110435074e-46	1.83860509516163	0.64	0.247	9.13978017626699e-42
EBPL	3	1.45446195970987e-45	1.93490475836167	0.68	0.298	2.61992232802538e-41
BPI	3	1.98382906902512e-45	2.55194900485062	0.336	0.062	3.57347130203495e-41
FGFR1	3	2.81593610392972e-45	1.61330212368813	0.796	0.432	5.07234570400861e-41
LAMA4	3	3.48501484306311e-45	1.59072538269483	0.788	0.413	6.27755723680957e-41
SFRP5	3	3.86216995843597e-45	2.39436972370095	0.308	0.051	6.95692674613072e-41
ZBTB7C	3	6.37774748867542e-45	2.78728048189456	0.324	0.06	1.1488236551351e-40
TXN	3	1.05411325016271e-44	1.03877888192846	0.968	0.872	1.89877419751809e-40
TIMP3	3	1.20628354537903e-44	1.23241275666372	0.9	0.558	2.17287855029125e-40
AHNAK	3	1.08784732944143e-43	1.0396238092701	0.98	0.866	1.95953939452285e-39
NDRG2	3	1.19584903439155e-43	1.65508586952969	0.592	0.205	2.15408286564951e-39
TNXB	3	1.31581566272558e-43	1.25474941959728	0.808	0.38	2.37017875326759e-39
STXBP6	3	1.84250595020785e-43	3.14789436431395	0.3	0.054	3.3189059681094e-39
GAS6	3	3.24092906505385e-43	1.40530756039817	0.912	0.718	5.83788552488149e-39
LGALS1	3	7.70426272246709e-43	0.814361520286807	1	0.91	1.387768844198e-38
ACTN4	3	1.42514311569573e-42	1.21114351840909	0.848	0.47	2.56711029430271e-38
SLC7A2	3	2.15621901598374e-42	2.01242600061416	0.524	0.168	3.88399731349152e-38
FZD1	3	2.41632966641883e-42	2.21313382055972	0.664	0.333	4.35253462812024e-38
APBB2	3	4.20186808918169e-42	2.13849069911472	0.504	0.16	7.56882498904298e-38
CTGF	3	8.72717886760677e-42	1.15004578577016	0.972	0.753	1.57202672942201e-37
NOTCH3	3	1.83505826635776e-41	2.13786797544437	0.416	0.109	3.30549045519023e-37
TGFB1I1	3	5.23252973125762e-41	1.5508176089628	0.636	0.245	9.42535580491436e-37
TM4SF1	3	6.43961883810946e-41	1.18033970295702	0.864	0.492	1.15996854130866e-36
PROS1	3	8.46221708914071e-41	2.17991603736447	0.7	0.357	1.52429916426692e-36
ACADL	3	9.09236600758644e-41	2.56794138453567	0.28	0.047	1.63780788894655e-36
CNTN4	3	9.59191517184348e-41	1.89789631638969	0.48	0.145	1.72779167990417e-36
CALD1	3	1.43832426735308e-40	1.0370909549036	0.988	0.744	2.59085350278311e-36
ITGA7	3	1.45219906618708e-40	2.46200591741946	0.3	0.055	2.61584617792279e-36
PRNP	3	1.59040317212942e-40	1.09556176067663	0.908	0.623	2.86479323395673e-36
PKDCC	3	2.15667524880878e-40	1.48994701794657	0.696	0.299	3.88481912567926e-36
MYL9	3	8.79258128326497e-40	1.17690089127809	0.872	0.525	1.58380766655452e-35
SYNE2	3	1.01326238522275e-39	1.35838003646887	0.588	0.198	1.82518953450174e-35
CD81	3	5.00230118782085e-39	0.662490454038827	1	0.963	9.0106451296217e-35
PRELP	3	6.67382677490741e-39	0.82488182359823	0.964	0.599	1.20215641696407e-34
CHCHD6	3	6.92679772776799e-39	2.56602898196269	0.328	0.071	1.24772407470285e-34
EHBP1L1	3	1.48060985103077e-38	2.10715328507453	0.616	0.281	2.66702252466173e-34
NUAK1	3	2.37364509015967e-38	1.78294415449139	0.364	0.083	4.27564690090461e-34
SCN7A	3	4.66741220253788e-38	1.34743468903322	0.484	0.142	8.40740960043148e-34
CARHSP1	3	6.5664889432309e-38	1.49663198382601	0.656	0.288	1.18282165334418e-33
ARHGEF25	3	1.21985091986503e-37	2.34624777408278	0.356	0.088	2.19731746195289e-33
OAF	3	1.59347398951251e-37	1.20997155371684	0.884	0.535	2.87032469730889e-33
SKP1	3	3.22888118377708e-37	0.676025207222057	0.996	0.955	5.81618367633766e-33
MYO1C	3	3.81797489635598e-37	1.50456430856813	0.62	0.256	6.87731818080603e-33
FIBIN	3	5.89878322097103e-37	2.35552558767079	0.484	0.172	1.06254782159351e-32
STARD13	3	7.05123221080292e-37	2.16943638705522	0.448	0.14	1.27013845813193e-32
EPHA3	3	9.15115569035115e-37	2.08041424126634	0.34	0.078	1.64839767450295e-32
ITGA1	3	1.11548571471283e-36	2.30589003646663	0.316	0.069	2.00932441791222e-32
GLUL	3	1.3267018521766e-36	1.17480234563541	0.852	0.538	2.38978804632572e-32
APOE	3	2.3766023893171e-36	1.34064378767053	0.724	0.359	4.2809738838769e-32
RUNX1T1	3	3.63283447905948e-36	1.38337750641509	0.64	0.264	6.54382474712985e-32
MYL12A	3	3.75738565598776e-36	0.704312190370564	0.996	0.965	6.76817878213076e-32
DSTN	3	4.03870674595931e-36	0.835364082871942	0.988	0.826	7.27492246149651e-32
NEURL1B	3	4.11012865986094e-36	2.50830453219175	0.256	0.045	7.40357475500752e-32
AQP1	3	1.19624797269214e-35	1.1437570831286	0.52	0.177	2.15480147321035e-31
TENC1	3	1.38917540611962e-35	1.62990379053265	0.548	0.203	2.50232165904327e-31
UACA	3	1.68837491308265e-35	1.36352576551461	0.636	0.269	3.04126973093578e-31
RRAS	3	2.09515925364897e-35	1.61135174710677	0.672	0.343	3.77401036359788e-31
PEBP1	3	3.57383600670329e-35	0.779501795830847	0.952	0.813	6.43755079887463e-31
TCEAL4	3	3.64662292221216e-35	1.46987539821093	0.812	0.546	6.56866186978076e-31
CRIM1	3	4.39502420095966e-35	1.605818324613	0.552	0.203	7.91675709318864e-31
PNKD	3	2.08666158435909e-34	1.53572557294649	0.656	0.328	3.75870351190603e-30
TEF	3	2.55837489023458e-34	2.22362848741882	0.304	0.067	4.60840068977954e-30
CYP26B1	3	2.60786055800966e-33	2.9232335540811	0.288	0.064	4.69753922314279e-29
BCAM	3	2.81748155665761e-33	1.0433277939625	0.364	0.09	5.07512952800736e-29
CLIC3	3	2.89757108677559e-33	2.42104228109417	0.296	0.067	5.21939479860887e-29
SYNPO	3	5.22015243431196e-33	2.13656094376509	0.372	0.105	9.40306057992613e-29
TRIB2	3	7.45548558138609e-33	1.84166637291018	0.42	0.13	1.34295661777508e-28
ERBB2	3	9.02300728810003e-33	2.11895655333349	0.364	0.101	1.62531430280546e-28
CYR61	3	2.01419147776873e-32	1.1239133960382	0.948	0.715	3.62816310890482e-28
PHACTR2	3	2.21423298993569e-32	1.60229574960046	0.6	0.268	3.98849788477117e-28
PGRMC1	3	2.48206563683585e-32	1.31367536318517	0.764	0.505	4.47094483163242e-28
CCDC23	3	4.77000094409711e-32	1.74897837791001	0.516	0.201	8.59220270060212e-28
KANK2	3	5.31710902216303e-32	1.66828372998779	0.512	0.196	9.57770848162226e-28
LGALSL	3	6.39589423498906e-32	2.32482879044787	0.316	0.079	1.15209242854858e-27
SLC9A3R2	3	4.17731349906217e-31	0.743496787637724	0.452	0.147	7.52459480586069e-27
MXI1	3	5.03290435599697e-31	1.9796198717246	0.396	0.124	9.06577061645735e-27
IGF2	3	1.18971607265163e-30	1.18138965223248	0.56	0.223	2.14303556166739e-26
PTMS	3	1.27369952443541e-30	0.804693068200866	0.984	0.866	2.2943149533655e-26
KIAA1671	3	1.2755575242779e-30	2.09557836236523	0.26	0.054	2.29766176848179e-26
ARHGAP10	3	1.38775870981769e-30	1.65932286241616	0.424	0.138	2.4997697639946e-26
ENPP4	3	1.39987322735459e-30	2.42024835552655	0.28	0.064	2.52159164443382e-26
PTPN9	3	2.02986602023519e-30	1.73153792996757	0.428	0.141	3.65639766224964e-26
RPL24	3	2.51010647328612e-30	0.500082778077721	1	0.999	4.52145479033029e-26
ZFYVE21	3	2.80659964696849e-30	1.51778382543107	0.576	0.264	5.05552794408434e-26
CTDSPL	3	3.38550363555653e-30	1.75728334280412	0.42	0.138	6.09830769872799e-26
P2RY14	3	3.92266416692768e-30	1.83021630229039	0.456	0.166	7.06589496388683e-26
LEPR	3	4.04291692907472e-30	1.35288883172984	0.588	0.245	7.28250626434229e-26
SOX9	3	5.8622962159202e-30	1.51250003394694	0.46	0.158	1.05597541737371e-25
TPM4	3	1.12265208561941e-29	0.807152282118949	0.956	0.871	2.02223320182624e-25
MATN3	3	1.13942709314846e-29	1.97792677371096	0.28	0.065	2.05245002288833e-25
SSPN	3	1.56975138979252e-29	1.29724483455085	0.64	0.294	2.82759317843327e-25
TMEM106C	3	1.72884735587025e-29	1.83302102696053	0.392	0.125	3.11417274212909e-25
NUMBL	3	1.92263132414679e-29	1.85300144245323	0.364	0.108	3.46323580418561e-25
RP11-983P16.4	3	3.04916007085636e-29	2.08486122113046	0.264	0.058	5.49245203563356e-25
ARHGEF28	3	3.50477066920129e-29	2.25980775814354	0.256	0.056	6.31314340643228e-25
CRABP2	3	4.08953900730997e-29	0.802864377113019	0.644	0.292	7.36648661386744e-25
TIMP2	3	8.29741074835937e-29	0.779713834583014	0.984	0.893	1.49461259810197e-24
PIK3R1	3	1.26398060265176e-28	1.76724929607955	0.616	0.334	2.27680825955662e-24
APOD	3	1.26863666595943e-28	0.678552595443971	0.972	0.877	2.28519522639273e-24
MTSS1	3	1.55967232056902e-28	1.59396912442207	0.508	0.209	2.80943775104098e-24
CNN3	3	2.07348991760351e-28	0.884123722239347	0.944	0.716	3.7349773885792e-24
AKR1C1	3	2.11242875843084e-28	1.3247230671702	0.66	0.324	3.80511792256147e-24
PAWR	3	2.41509883819192e-28	2.21696475713781	0.356	0.114	4.3503175372351e-24
RASSF8	3	2.42002293371956e-28	1.53652583748125	0.476	0.18	4.35918731050904e-24
TFPI	3	2.59596548497121e-28	0.990510708741529	0.72	0.368	4.67611262807864e-24
GCLM	3	5.51250545935842e-28	1.85678919289348	0.384	0.125	9.92967608394232e-24
CITED2	3	8.54077606891193e-28	1.34015550076715	0.576	0.257	1.53844999329311e-23
PEAK1	3	9.13247828290305e-28	1.26518270403059	0.56	0.235	1.64503331309933e-23
CDC42EP2	3	1.34957959143178e-27	1.96542599014184	0.388	0.129	2.43099771804606e-23
CFH	3	2.01345718881871e-27	0.773843753440085	0.976	0.711	3.62684043421915e-23
CHN1	3	2.54268029660704e-27	1.22221410813563	0.48	0.175	4.58013001827826e-23
WFDC1	3	2.55294297839107e-27	1.27134176704058	0.424	0.137	4.59861618697584e-23
PPDPF	3	4.66651368164543e-27	0.753047163662794	0.968	0.903	8.40579109474791e-23
TCEAL1	3	5.99859825770529e-27	1.73986628972671	0.42	0.152	1.08052750416045e-22
CDO1	3	6.19364188266542e-27	1.15822096626515	0.62	0.29	1.11566071232452e-22
SEC62	3	7.73344423087279e-27	0.794481073376102	0.936	0.817	1.39302530930712e-22
GNA11	3	8.34168786087204e-27	1.82268581802576	0.424	0.157	1.50258823437888e-22
NT5DC2	3	8.58018849305921e-27	1.73569355945888	0.528	0.245	1.54554935325476e-22
APOC1	3	1.11743660021929e-26	1.53538406624803	0.404	0.139	2.01283854797502e-22
PALMD	3	1.54768000779026e-26	1.59831106209557	0.424	0.156	2.7878359980326e-22
SORCS2	3	2.08332288019529e-26	1.71907032545468	0.428	0.162	3.75268950409578e-22
EIF4A2	3	2.29140968311611e-26	0.771380627787025	0.92	0.876	4.12751626219705e-22
JAG1	3	2.41572071591344e-26	1.50830453219175	0.508	0.214	4.35143772557487e-22
MAGED2	3	3.46693673601921e-26	0.92058346126629	0.828	0.535	6.24499314259141e-22
PPP1R14A	3	5.28601378758417e-26	1.80917699693835	0.272	0.069	9.52169663557537e-22
NLGN1	3	8.14306488282055e-26	2.10375414668982	0.252	0.06	1.46681027734247e-21
JUN	3	8.3562699715825e-26	0.675683405639079	0.984	0.941	1.50521490998116e-21
HINT1	3	1.0565569634624e-25	0.666301687802965	0.98	0.916	1.90317605828482e-21
GSTP1	3	1.48087926310286e-25	0.607707807479166	0.98	0.967	2.66750781662718e-21
ABTB1	3	1.64339807483411e-25	1.86562193317635	0.408	0.152	2.96025295219869e-21
HNRNPA1	3	2.13894832661106e-25	0.676301594446218	0.98	0.936	3.85288762072449e-21
MPRIP	3	2.18161101407692e-25	1.39355348886113	0.524	0.228	3.92973591965676e-21
GULP1	3	2.7795828425087e-25	1.7084575850074	0.38	0.132	5.00686257421093e-21
PARD3B	3	3.90360129193199e-25	1.96542599014184	0.316	0.095	7.03155700715709e-21
TMTC1	3	4.47440849697907e-25	1.69475152210592	0.448	0.181	8.0597520256084e-21
H3F3B	3	6.37998964439563e-25	0.463648371000641	1	1	1.14922753464499e-20
FGFBP2	3	7.95664287887779e-25	1.51010365330173	0.32	0.094	1.43323008177226e-20
B3GNT2	3	9.56791146828694e-25	1.91110906874742	0.296	0.085	1.72346789278253e-20
COL16A1	3	1.118629656676e-24	1.63200225641665	0.568	0.295	2.01498760057047e-20
NACA	3	1.28140931622549e-24	0.471446631575118	1	0.996	2.30820260131698e-20
C1orf21	3	1.40164037220521e-24	1.34084143783319	0.58	0.289	2.52477480245324e-20
COL21A1	3	1.43156940199139e-24	1.01132233866654	0.476	0.181	2.57868596380709e-20
PERP	3	1.76765808409722e-24	1.27326832872567	0.544	0.245	3.18408250688432e-20
CBR1	3	2.71650019121494e-24	1.33102455668618	0.54	0.253	4.89323179443547e-20
TCF4	3	3.12508603061049e-24	0.817961048605533	0.84	0.552	5.62921746693868e-20
ABCA8	3	3.27530870641505e-24	0.5134578046489	0.752	0.409	5.89981357286544e-20
EPN2	3	3.77050451520728e-24	1.67517011557303	0.372	0.13	6.79180978324287e-20
YAP1	3	4.19595935086346e-24	1.24444549355992	0.544	0.246	7.55818157871036e-20
HLF	3	6.14694438806934e-24	1.96741728796094	0.264	0.07	1.10724909262293e-19
RGS16	3	9.03573468580901e-24	1.78520017145352	0.416	0.159	1.62760688895478e-19
STEAP4	3	1.1462026577848e-23	1.46714435857395	0.452	0.181	2.06465484746777e-19
ZBTB20	3	1.38460747141683e-23	1.21446369605337	0.584	0.293	2.49409343826314e-19
TOMM7	3	2.79794957899748e-23	0.48732965970115	0.992	0.976	5.03994657664816e-19
BCO2	3	2.98778815188312e-23	1.69011325452961	0.312	0.097	5.38190279798706e-19
ISLR	3	3.2771405703812e-23	0.787630829170597	0.784	0.466	5.90311330942766e-19
MAP3K6	3	3.42708405082205e-23	1.84471212435576	0.356	0.126	6.17320650074576e-19
KANSL1L	3	4.24297398569565e-23	1.94312359634743	0.284	0.082	7.64286904043358e-19
VAMP2	3	4.58659289199072e-23	0.915968031310172	0.82	0.577	8.26182977634288e-19
NEO1	3	5.43718843694762e-23	1.80192725785896	0.312	0.098	9.79400753147374e-19
PDXK	3	5.52333783911341e-23	1.21255957801781	0.644	0.37	9.94918844959498e-19
LINC00657	3	6.31893371530074e-23	0.864175698545686	0.836	0.663	1.13822953013712e-18
ZBTB4	3	7.5094264404906e-23	1.58893353452477	0.388	0.146	1.35267298472557e-18
ADI1	3	9.21102610861865e-23	1.13568078814312	0.672	0.403	1.65918213294548e-18
SUMO2	3	9.7815852030934e-23	0.546625854165387	0.988	0.954	1.76195694263321e-18
CLTB	3	1.00016489475144e-22	1.27287458775256	0.74	0.565	1.80159702491577e-18
THBS4	3	1.12161139951298e-22	0.459030597528677	0.872	0.59	2.02035861394272e-18
COX11	3	1.12894682865544e-22	1.34359819566883	0.508	0.231	2.03357192245705e-18
PLEC	3	1.40635477230122e-22	1.27638972774439	0.708	0.462	2.53326685134619e-18
CDKN1C	3	2.94086039072494e-22	1.01533089596816	0.584	0.288	5.29737182181284e-18
IGFBP7	3	3.20974642640384e-22	0.628668770461284	1	0.923	5.78171623788124e-18
COX6C	3	3.32520401944528e-22	0.467926330671028	0.98	0.932	5.98969000022678e-18
EID1	3	3.35274453676074e-22	0.653906212321197	0.956	0.834	6.03929873406713e-18
TACC1	3	4.08961730298331e-22	0.890920553778215	0.808	0.578	7.36662764786384e-18
MFAP5	3	4.50658832245884e-22	0.628795553516331	0.824	0.559	8.11771754524512e-18
PTPN13	3	4.68995948828118e-22	1.35585061415309	0.46	0.192	8.4480240262409e-18
COX7A1	3	4.72501576300329e-22	1.03291415110574	0.72	0.473	8.51117089389782e-18
PARVA	3	6.98340903974988e-22	1.22369062032612	0.544	0.265	1.25792147033015e-17
ITM2B	3	7.67237400383449e-22	0.42568224157718	1	0.994	1.38202472931071e-17
MEIS2	3	1.06110447606447e-21	1.77013619094388	0.32	0.108	1.91136749273492e-17
DDAH2	3	1.20103209889714e-21	0.997847467834222	0.78	0.587	2.16341911974342e-17
ARHGAP29	3	1.50158783061544e-21	0.889869479423032	0.508	0.211	2.70481015928759e-17
UQCRB	3	1.64075036942849e-21	0.561725410316287	0.988	0.965	2.95548364045154e-17
BEX4	3	2.01354162858109e-21	1.18913054894108	0.612	0.346	3.62699253556312e-17
MEST	3	2.48324173689624e-21	0.82792246639191	0.556	0.25	4.47306334067119e-17
GSTM3	3	2.52380521741358e-21	1.41882024747156	0.468	0.209	4.54613033812709e-17
B3GNT1	3	2.91621786927659e-21	1.51894544321212	0.36	0.131	5.25298324792792e-17
GAB2	3	4.15963154388381e-21	2.00724616583647	0.252	0.071	7.4927442999979e-17
GBP1	3	4.25926004526376e-21	1.23362210109142	0.492	0.225	7.67220511953362e-17
RBMS3	3	6.17023734905927e-21	0.854756572911373	0.756	0.464	1.11144485368605e-16
FLNB	3	6.53100295249331e-21	1.58893353452477	0.416	0.174	1.17642956183262e-16
BCL2L1	3	6.63691585400693e-21	1.54963923348917	0.4	0.161	1.19550765278227e-16
AKR1C2	3	7.27947406595356e-21	1.57686070222419	0.404	0.169	1.31125166350021e-16
HDDC2	3	7.40133223040138e-21	1.21113567833561	0.58	0.316	1.3332019746622e-16
C10orf54	3	7.43410844645389e-21	1.00858675293082	0.64	0.348	1.33910595445974e-16
NDN	3	8.11198406593451e-21	1.10833129184101	0.608	0.338	1.46121168979678e-16
ADH5	3	8.93160981547582e-21	1.03972437219374	0.644	0.377	1.60885087606166e-16
ECM2	3	8.98830089990255e-21	1.308112645196	0.492	0.225	1.61906264109945e-16
EPB41L4A-AS1	3	9.30164225316418e-21	1.19928827244214	0.532	0.259	1.67550481906246e-16
SEPW1	3	1.0273794547804e-20	0.536065225392362	0.924	0.796	1.85061861189593e-16
GLI1	3	1.14593406513551e-20	1.80766362740811	0.296	0.097	2.0641710315286e-16
DUT	3	2.07249817521025e-20	0.836392599050979	0.804	0.604	3.73319096300622e-16
PDLIM2	3	2.47535517268924e-20	0.944522610714645	0.736	0.508	4.45885727256512e-16
FBXL3	3	2.61407302610665e-20	1.53368456102241	0.412	0.176	4.70872974192591e-16
ESD	3	7.42085292420215e-20	0.86009504907282	0.824	0.622	1.33671823723653e-15
SOD1	3	8.79882708193379e-20	0.733657371148547	0.892	0.78	1.58493272226873e-15
TSPAN14	3	1.16929396548757e-19	1.45495403352528	0.388	0.156	2.10624922003275e-15
AHDC1	3	1.21559828106874e-19	1.62257900253003	0.32	0.114	2.18965718368912e-15
CSTB	3	1.54270686538422e-19	0.799844611676777	0.956	0.9	2.7788778766166e-15
RP11-553L6.5	3	1.83104202584735e-19	1.43935717847426	0.364	0.141	3.29825600115882e-15
TSHZ3	3	2.2071168613239e-19	1.64974178718835	0.312	0.11	3.97567960230274e-15
VGLL3	3	2.42064084011261e-19	1.01783564562521	0.508	0.237	4.36030034529485e-15
CDH19	3	2.43864468433531e-19	0.567888987362215	0.464	0.179	4.39273066989319e-15
SPG20	3	2.53068719924263e-19	1.00930710834039	0.58	0.308	4.55852685199575e-15
CHMP5	3	2.60768252796028e-19	0.838416179132072	0.784	0.594	4.69721853761486e-15
CPNE3	3	2.79781128647687e-19	1.04202168092887	0.576	0.315	5.03969747033079e-15
COBLL1	3	3.31900105017674e-19	1.6686607269955	0.388	0.167	5.97851659168336e-15
AP006222.2	3	3.39143379442435e-19	1.41194172089386	0.404	0.172	6.10898969389659e-15
TCEA3	3	4.26476277123828e-19	1.59251396653568	0.364	0.147	7.68211717983151e-15
DHRS3	3	4.43102157808153e-19	1.14583158027871	0.688	0.468	7.98159916859827e-15
YWHAE	3	4.75702266059642e-19	0.611636319749595	0.916	0.801	8.56882491853234e-15
F3	3	7.51004040698789e-19	1.32771182264535	0.46	0.213	1.35278357851073e-14
AFF3	3	7.52840530942591e-19	1.73619429239879	0.268	0.086	1.35609164838689e-14
DDIT4	3	8.08694618767854e-19	1.15642321520276	0.536	0.272	1.45670161678653e-14
ECHDC2	3	9.34784052568775e-19	1.36509383497878	0.44	0.212	1.68382651389213e-14
ADAMTS1	3	9.74488802126307e-19	0.509007610041749	0.496	0.219	1.75534667927012e-14
SDC2	3	1.12883118911026e-18	0.893340957993617	0.728	0.462	2.03336362094432e-14
PLEKHH3	3	1.35676400840745e-18	1.66817586897014	0.3	0.106	2.44393900834434e-14
ADD3	3	1.41606746541692e-18	0.855521343207385	0.756	0.498	2.55076232545551e-14
IL18	3	1.42990677633848e-18	1.41527155994994	0.4	0.172	2.57569107621851e-14
BMPR1B	3	1.4388013299229e-18	1.68369549059815	0.288	0.099	2.59171283559012e-14
TMOD3	3	1.97145273771978e-18	1.27609590731296	0.508	0.265	3.55117781645463e-14
NR2F2-AS1	3	2.51707765572568e-18	1.50136684074968	0.304	0.109	4.53401198125867e-14
TWSG1	3	2.98539412497052e-18	1.35156157397924	0.444	0.214	5.37759043730941e-14
PRMT2	3	3.64071929937968e-18	0.994455038753377	0.592	0.326	6.55802767397261e-14
N4BP2L2	3	3.97174754845337e-18	0.59673395069531	0.932	0.815	7.15430885902905e-14
FGL2	3	5.61110459559003e-18	1.61785807409638	0.568	0.357	1.01072827080363e-13
TUSC1	3	6.14072678755672e-18	1.44689085115966	0.364	0.151	1.10612911624259e-13
LAPTM4B	3	7.07126141885292e-18	1.24520253144897	0.48	0.239	1.27374631937798e-13
KIF22	3	7.13404347994482e-18	1.36629371628453	0.412	0.185	1.28505525204246e-13
SIN3B	3	7.39622944489847e-18	1.56488806055812	0.364	0.152	1.33228280990956e-13
EPHX1	3	8.38193016439532e-18	0.743744692052484	0.8	0.556	1.50983708051253e-13
CNTN1	3	8.77740030735585e-18	1.36273589687134	0.292	0.1	1.58107311736401e-13
RPL7A	3	8.94770824295359e-18	0.40559548806262	1	1	1.61175068580323e-13
FAXDC2	3	9.29245146955151e-18	1.60681392432582	0.256	0.082	1.67384928321031e-13
RAB3IL1	3	1.13956352792757e-17	1.64580805594168	0.328	0.129	2.05269578285593e-13
NUCKS1	3	1.17269048285375e-17	0.654873380385649	0.88	0.752	2.11236736676446e-13
CAPN6	3	1.37383594859288e-17	1.36209205214755	0.256	0.081	2.47469069420035e-13
PRDX1	3	1.56551694215362e-17	0.514112899972379	0.972	0.915	2.81996566790131e-13
NPM1	3	1.59805078774157e-17	0.547540400638683	0.964	0.942	2.87856888395888e-13
LY6E	3	1.59988214474187e-17	0.610537243102193	0.952	0.836	2.88186770732353e-13
CHD3	3	1.66330114698526e-17	1.21989805880753	0.512	0.277	2.99610435606455e-13
RSL24D1	3	1.78484568726002e-17	0.693691889357665	0.828	0.693	3.21504253646147e-13
ILK	3	1.80091385243461e-17	1.01915797407963	0.62	0.371	3.24398612239046e-13
PCSK7	3	2.54894351190431e-17	1.52657959058632	0.452	0.229	4.59141194799324e-13
LRRC32	3	2.66855283958014e-17	1.79789174462381	0.296	0.111	4.80686422993571e-13
MICU3	3	2.73962394180852e-17	1.63562257209535	0.256	0.084	4.93488460637969e-13
SGMS2	3	3.09510494578106e-17	1.68216655624402	0.372	0.17	5.57521253883542e-13
TMEM106B	3	3.1052729061836e-17	0.992036397301876	0.576	0.324	5.59352808590852e-13
CD63	3	3.23732924463425e-17	0.420496048385053	1	0.993	5.83140116835967e-13
CLIC4	3	3.82882767773239e-17	0.799331703861914	0.696	0.449	6.89686729589936e-13
NFIA	3	4.0071657888248e-17	0.737684914302716	0.768	0.537	7.21810773541011e-13
SELENBP1	3	6.20920441531565e-17	1.18118852781228	0.444	0.209	1.11846399133081e-12
AFAP1	3	6.81567817696985e-17	1.36273589687134	0.332	0.131	1.22770811001758e-12
SREBF1	3	6.89991924719031e-17	1.39709949101255	0.392	0.177	1.24288245399639e-12
DTX3	3	6.97276922128794e-17	1.59200418848473	0.264	0.09	1.2560049198306e-12
HES1	3	7.95888371304938e-17	1.36815022798184	0.52	0.273	1.43363372323158e-12
METTL7A	3	8.49501512936918e-17	0.965067601109846	0.632	0.393	1.53020707525327e-12
RHOA	3	1.03448429353213e-16	0.50852163431736	0.948	0.897	1.86341655793942e-12
SRRM2	3	1.03861279740292e-16	0.631121758958203	0.876	0.771	1.87085323196188e-12
SORBS3	3	1.20553585568603e-16	1.18748487892776	0.456	0.224	2.17153173684725e-12
PRICKLE1	3	1.43575585156888e-16	1.41469512423999	0.404	0.187	2.58622701543102e-12
ARL2	3	1.55484523402499e-16	0.806583620290187	0.744	0.545	2.80074272004921e-12
SRP14	3	1.58608477917654e-16	0.331742078827291	0.98	0.974	2.8570145127307e-12
DAAM1	3	1.99668133522362e-16	1.18986261308263	0.476	0.243	3.5966220891383e-12
TCEAL3	3	2.12593263532166e-16	1.30025231224861	0.448	0.229	3.8294424560049e-12
HYI	3	2.56763463220207e-16	1.22595354036506	0.468	0.244	4.62508026298558e-12
POLR2I	3	3.28343246487704e-16	0.921442498555111	0.684	0.462	5.914446898983e-12
SCD5	3	4.05509812834217e-16	1.64794380028567	0.284	0.106	7.30444825858274e-12
CTD-2536I1.1	3	4.19078918094184e-16	1.72053893101831	0.268	0.098	7.54886855163054e-12
RGMA	3	4.22001530546368e-16	1.37990332826401	0.308	0.118	7.60151356973174e-12
LHFP	3	5.58172888553243e-16	0.698400034009079	0.824	0.617	1.00543682415096e-11
LPP	3	5.59063152799659e-16	0.918000643949108	0.684	0.476	1.00704045713803e-11
LMBRD1	3	6.15407287818583e-16	1.04592613538479	0.5	0.266	1.10853314754761e-11
PLEKHH2	3	7.10590314455676e-16	1.20009093857341	0.428	0.206	1.27998633342901e-11
BCAP29	3	7.99862041777205e-16	0.967898090668801	0.592	0.355	1.44079149585328e-11
PLA2R1	3	8.11322708162005e-16	1.40117398458637	0.268	0.096	1.46143559421222e-11
CCND1	3	9.42001920403046e-16	1.55935695458489	0.268	0.099	1.69682805922201e-11
RPS8	3	9.53891559551554e-16	0.381697753339065	1	0.999	1.71824486622021e-11
ABCA9	3	1.02488059420728e-15	0.634327309362896	0.432	0.193	1.84611741434558e-11
TBX18	3	1.22014883340633e-15	1.30690688245061	0.312	0.123	2.19785409361483e-11
ATAD1	3	1.35724194648068e-15	1.16506365522578	0.44	0.219	2.44479991819565e-11
SBDS	3	1.45158550318878e-15	0.76100040910146	0.78	0.582	2.61474096689395e-11
SYF2	3	1.70235791585568e-15	0.899948986189672	0.652	0.443	3.06645731383083e-11
ADAMTSL2	3	1.70674630566082e-15	1.05052474954281	0.336	0.135	3.07436212038684e-11
RPL8	3	1.77604194463834e-15	0.352846363863753	1	1	3.19918435487704e-11
ANXA2	3	1.85109746443958e-15	0.397464498254492	0.984	0.913	3.33438186269502e-11
NDUFC1	3	2.00928686803452e-15	0.724705340531475	0.78	0.586	3.61932843539059e-11
FSTL3	3	2.13993738620792e-15	1.10457925111087	0.476	0.251	3.85466921377633e-11
KIAA0247	3	2.46046050473637e-15	1.17538565338641	0.456	0.231	4.43202750718162e-11
MKLN1	3	2.84354128266309e-15	1.17597128158235	0.508	0.285	5.12207091246102e-11
EZR	3	3.42795530176655e-15	0.796160314640079	0.608	0.351	6.17477588507209e-11
PCGF2	3	4.22466645116193e-15	1.20220140446607	0.384	0.176	7.60989167847798e-11
AKAP12	3	5.21346931582333e-15	0.844383478751357	0.624	0.382	9.39102227859257e-11
DDR2	3	6.65520526242415e-15	0.927022477840498	0.564	0.317	1.19880212392046e-10
WTIP	3	7.45925142826371e-15	1.31944771473906	0.316	0.13	1.34363495977314e-10
SNHG7	3	7.98513844608563e-15	0.981216177225154	0.608	0.4	1.43836298829341e-10
VDAC3	3	8.81798199941512e-15	0.85381188839317	0.64	0.429	1.58838309755465e-10
CALCOCO2	3	9.00432892792145e-15	0.967417287960936	0.5	0.263	1.62194976978649e-10
INSR	3	1.06598443425655e-14	1.48569589314113	0.32	0.137	1.92015776142632e-10
NMB	3	1.14428956114317e-14	1.83123695676585	0.344	0.156	2.06120878648719e-10
DOK5	3	1.33326638659929e-14	1.57900916880277	0.296	0.124	2.4016127421813e-10
FER	3	1.35290367403006e-14	1.47875061677434	0.292	0.118	2.43698538803034e-10
C12orf57	3	1.46507049331329e-14	0.437749718652371	0.94	0.817	2.63903147960523e-10
WLS	3	1.88162412205362e-14	0.904843700440458	0.496	0.264	3.38936953105519e-10
ST3GAL4	3	1.9309182919346e-14	1.1960207427122	0.384	0.184	3.4781631192618e-10
ANAPC16	3	2.00134602452481e-14	0.721482345459073	0.764	0.609	3.60502459397654e-10
RPL5	3	2.00195022925074e-14	0.402890742328882	1	0.994	3.60611294794936e-10
TNFSF12	3	2.13520171903413e-14	0.920311988722175	0.548	0.31	3.84613885649617e-10
TECR	3	2.38333840070971e-14	0.90763669903008	0.596	0.379	4.29310746119839e-10
CHPT1	3	2.79887276935483e-14	0.960328122502166	0.556	0.331	5.04160951943885e-10
PIK3CA	3	2.94247715690335e-14	1.23097917426726	0.368	0.17	5.30028410273001e-10
SMARCA1	3	3.27666501725612e-14	0.939970409459175	0.484	0.259	5.90225669558346e-10
SMIM4	3	3.30180830450545e-14	0.986067310453156	0.536	0.312	5.94754729890566e-10
ARHGEF10	3	3.56865035494673e-14	1.3301281087195	0.284	0.113	6.42820988436555e-10
ISCU	3	3.80728061279648e-14	0.640793152661787	0.816	0.671	6.8580545678303e-10
TPM2	3	4.39736383677344e-14	0.943399683811845	0.748	0.539	7.92097147917999e-10
EPB41L2	3	4.66055211154884e-14	0.757373915282373	0.684	0.471	8.39505251853293e-10
ACTA2	3	5.01439141442203e-14	2.1265431877872	0.408	0.212	9.0324232547984e-10
S100A13	3	5.39114655731762e-14	0.781717173266433	0.824	0.663	9.71107229369622e-10
FBLIM1	3	5.50244429771776e-14	1.53776088253525	0.26	0.1	9.911552913479e-10
CFL2	3	5.6746591859548e-14	1.14083368792184	0.4	0.196	1.02217635916604e-09
YBX3	3	5.80673201452768e-14	0.48103744660108	0.952	0.89	1.04596663777687e-09
FAM63B	3	6.03356365240955e-14	1.30360343667428	0.34	0.156	1.08682582070853e-09
SPAG16	3	6.36169856430253e-14	1.46222128682599	0.304	0.13	1.14593276238781e-09
NISCH	3	6.36899037013605e-14	1.22416025854201	0.46	0.26	1.14724623537261e-09
TRIM22	3	6.42740204314011e-14	0.885285985557409	0.572	0.357	1.15776793003083e-09
HIC1	3	6.55007074924472e-14	0.888342009676438	0.48	0.255	1.17986424406145e-09
KIAA1217	3	7.13663181636891e-14	1.59689845546074	0.252	0.095	1.28552148908253e-09
LPAR1	3	8.18116487628817e-14	1.13246848305104	0.388	0.188	1.47367322916579e-09
PLEKHA2	3	8.59833241737233e-14	1.24925429509431	0.376	0.18	1.54881761834128e-09
ZFAS1	3	1.00077814493416e-13	0.494607039039719	0.92	0.865	1.80270167246989e-09
EPDR1	3	1.11694558826693e-13	1.12034656696919	0.38	0.182	2.01195408814522e-09
FAM89B	3	1.19587416605717e-13	1.09270665417566	0.54	0.341	2.15412813531877e-09
RRAGA	3	1.29276613185167e-13	0.803631564071214	0.6	0.374	2.32865963330441e-09
BCR	3	1.35604047778412e-13	1.56188765384569	0.312	0.139	2.44263571263254e-09
USP54	3	1.51067715546945e-13	1.03625929250694	0.292	0.118	2.72118276014712e-09
HSP90AB1	3	1.58223045636767e-13	0.36602839915712	0.972	0.946	2.85007172105508e-09
HCFC1R1	3	1.60119528300172e-13	1.09958633798318	0.536	0.336	2.884233063271e-09
PHLDB1	3	1.71695955781141e-13	0.898093220683785	0.512	0.288	3.09275925148569e-09
ABLIM1	3	1.911013249746e-13	0.786990987554094	0.428	0.209	3.44230816676748e-09
IFITM1	3	1.98839111095613e-13	0.550278365673765	0.876	0.686	3.58168890816528e-09
ZCCHC24	3	2.05177619328633e-13	1.05176556159708	0.472	0.265	3.69586445696667e-09
TMEM98	3	2.17589803248233e-13	0.671974270821167	0.732	0.499	3.91944512591043e-09
BTF3	3	2.29543259913909e-13	0.385671442270308	0.992	0.98	4.13476274082924e-09
EIF4B	3	2.35470855122616e-13	0.763312954708602	0.752	0.598	4.24153651332369e-09
FAM127B	3	2.56579597485269e-13	1.06573960657539	0.432	0.227	4.62176828950215e-09
SERPING1	3	2.67024786311915e-13	0.417343700262188	0.976	0.788	4.80991747583653e-09
PDLIM4	3	2.85449888108721e-13	0.896059004355982	0.52	0.299	5.1418088345024e-09
ZEB1	3	2.96856628341639e-13	1.0051261139621	0.5	0.297	5.34727844631794e-09
OSBPL1A	3	3.03949847185174e-13	0.993292783574788	0.468	0.26	5.47504859734655e-09
NDUFA5	3	3.52044102571611e-13	0.69661309177283	0.692	0.497	6.34137041962242e-09
NSMF	3	4.37757587167909e-13	1.4529037103122	0.3	0.131	7.88532741765555e-09
NUPR1	3	4.54180547260537e-13	0.400814502216863	0.844	0.58	8.18115419780406e-09
SMC3	3	4.70194325720787e-13	1.01375043748523	0.456	0.246	8.46961038920854e-09
KIAA1109	3	4.95984241100351e-13	1.00967290323101	0.48	0.272	8.93416413494062e-09
TP53I3	3	5.45080433859378e-13	1.02619941241364	0.468	0.263	9.81853385510897e-09
RPL35A	3	5.58053524839862e-13	0.277006486060992	1	1	1.00522181429404e-08
DENND6A	3	6.95089492532596e-13	1.29467742583507	0.264	0.105	1.25206470289897e-08
MORF4L1	3	9.02578767727334e-13	0.482425900366143	0.94	0.912	1.62581513430725e-08
DPF2	3	9.29649295760629e-13	1.07131715873258	0.36	0.171	1.67457727645362e-08
IFITM3	3	9.70264889509516e-13	0.377482693356063	0.996	0.929	1.74773814547349e-08
RABGAP1	3	9.70281946893951e-13	1.19344695043167	0.336	0.154	1.74776887094007e-08
MGLL	3	9.95552122312476e-13	1.32193431673935	0.276	0.114	1.79328803792146e-08
WBP5	3	1.04259315748488e-12	0.632666817228482	0.8	0.591	1.87802305457751e-08
C5orf42	3	1.05213983684003e-12	1.29079316899598	0.332	0.159	1.89521948809994e-08
ARMCX1	3	1.19010991980353e-12	1.09339007201928	0.368	0.18	2.1437449985421e-08
BHMT2	3	1.19229213829723e-12	1.3621893179518	0.264	0.107	2.1476758287148e-08
KRTCAP2	3	1.30752564702743e-12	0.519313208839347	0.9	0.81	2.35524594799051e-08
SH3GLB2	3	1.36650389093804e-12	1.23505957758699	0.384	0.203	2.4614834587467e-08
KLF9	3	1.37281369191711e-12	0.72053893101831	0.628	0.43	2.47284930325028e-08
TNS3	3	1.40231552507532e-12	1.41490413474972	0.312	0.143	2.52599095531817e-08
RAMP2	3	1.55298185728368e-12	0.311429441141301	0.52	0.292	2.79738621952509e-08
UBE2E2	3	1.64992661860269e-12	1.1144575170556	0.476	0.286	2.97201281808903e-08
MYC	3	1.85116187945813e-12	0.973929398402	0.56	0.349	3.33449789346794e-08
PVRL2	3	2.06989726008498e-12	0.786670591781533	0.536	0.321	3.72850593459107e-08
RPS4X	3	2.15984917456792e-12	0.322491338850661	1	1	3.8905363181492e-08
RABL5	3	2.21180792119957e-12	1.17389603524592	0.32	0.146	3.98412960845679e-08
GLO1	3	2.28285227282775e-12	0.932149835267546	0.536	0.328	4.11210179904463e-08
CAMLG	3	2.65926136797056e-12	0.833260464663757	0.592	0.399	4.79012750212536e-08
RNF38	3	2.66214019532604e-12	1.41766210737494	0.264	0.11	4.79531313384079e-08
CPE	3	3.06281383554669e-12	0.575188981248161	0.496	0.265	5.51704656197025e-08
ZSCAN18	3	3.38609867048008e-12	1.06431774712733	0.384	0.193	6.09937953513576e-08
C7orf55	3	3.46306013624838e-12	1.03118422049323	0.428	0.238	6.2380102234242e-08
LRP1	3	3.58618874900843e-12	0.424115236190539	0.984	0.829	6.45980179358889e-08
GALK1	3	3.64799195232347e-12	1.30518108200108	0.392	0.214	6.57112790372027e-08
RBPMS	3	4.08079179083438e-12	1.15758621005888	0.312	0.141	7.35073025282997e-08
PCBP2	3	4.74791042689559e-12	0.447703371409639	0.936	0.893	8.55241105196703e-08
STK38	3	4.92266509749576e-12	1.10148753971787	0.36	0.179	8.86719664011911e-08
CEBPD	3	5.97459574508806e-12	0.423606414819649	0.924	0.797	1.07620393156271e-07
NAP1L1	3	6.18049381024644e-12	0.526089504219146	0.844	0.777	1.11329235003969e-07
SLC29A1	3	6.26204079502155e-12	1.20516832967396	0.252	0.101	1.12798140840723e-07
CBR3	3	6.29574284097883e-12	1.27550436715146	0.272	0.116	1.13405215794552e-07
SEPT9	3	6.88121880801803e-12	0.709777411228756	0.532	0.307	1.23951394388829e-07
ACTG1	3	6.9875707488353e-12	0.381988958149168	1	0.998	1.2586711189877e-07
RHOB	3	7.79520316747485e-12	0.498985410605571	0.864	0.734	1.40414994655725e-07
SEPT7	3	8.11170079877534e-12	0.41198815907717	0.952	0.858	1.4611606648834e-07
IMMP2L	3	8.16439644758343e-12	1.20669642168398	0.276	0.118	1.4706527321032e-07
PPP1R12A	3	8.76232671437113e-12	0.971139641336238	0.532	0.343	1.57835791105967e-07
TNRC6C	3	9.33922482520456e-12	1.08335514949236	0.32	0.148	1.6822745677641e-07
FAM200B	3	9.35903722864871e-12	0.968591531819748	0.42	0.229	1.68584337599649e-07
LAMB2	3	9.46754021505074e-12	0.736963594760693	0.716	0.525	1.70538801893709e-07
MAP1B	3	9.49432257820623e-12	0.466694263094902	0.768	0.54	1.71021232601229e-07
IL6ST	3	9.98683788791249e-12	0.595438072481634	0.776	0.632	1.79892910874968e-07
TUBB	3	1.00711476663411e-11	0.50853559137718	0.868	0.743	1.81411582913803e-07
PTGES3	3	1.01151278384542e-11	0.48340275060954	0.892	0.808	1.82203797754075e-07
C6orf48	3	1.02230307390642e-11	0.886016656926326	0.556	0.354	1.84147452702764e-07
C9orf3	3	1.02286970935603e-11	0.945446657881004	0.484	0.289	1.84249520746301e-07
TSPAN11	3	1.02838592227285e-11	1.60762866106406	0.264	0.118	1.85243156179009e-07
EHBP1	3	1.06610747832251e-11	1.00360370215531	0.36	0.179	1.92037940070234e-07
PBXIP1	3	1.07100547173228e-11	1.22064980394567	0.316	0.15	1.92920215623136e-07
ROCK2	3	1.29932084068127e-11	0.970846265926098	0.472	0.283	2.34046663031918e-07
ESF1	3	1.32559990288511e-11	0.765127339656013	0.52	0.304	2.38780310506694e-07
IFIT1	3	1.47943894802849e-11	1.30577402409567	0.32	0.148	2.66491337708371e-07
VSTM4	3	1.49600554465755e-11	1.2918695661517	0.292	0.134	2.69475478759164e-07
SLMAP	3	1.54593420860233e-11	1.33678744483371	0.284	0.127	2.78469128995537e-07
MRPS36	3	1.57357348832166e-11	0.710820206378631	0.576	0.358	2.8344779245138e-07
FGD5-AS1	3	1.61703917948358e-11	1.11695065710568	0.456	0.275	2.91277267400378e-07
RP11-14N7.2	3	1.79308970967184e-11	0.855008982655245	0.512	0.32	3.22989249403189e-07
MZT2A	3	1.893879734396e-11	0.784699453815861	0.564	0.362	3.41144556556752e-07
FOXO3	3	2.14450440514291e-11	1.0507226782924	0.452	0.267	3.86289578498392e-07
SYNGR1	3	2.25558964490719e-11	0.962765008678777	0.476	0.283	4.06299362737133e-07
SESN3	3	2.27637464046304e-11	0.815759531038535	0.556	0.359	4.10043363986608e-07
CNBP	3	2.37876092659281e-11	0.53368456102241	0.78	0.634	4.28486205707163e-07
NTHL1	3	2.39146191453369e-11	1.25349063316292	0.264	0.115	4.30774034664954e-07
COPS2	3	2.51072947102091e-11	0.858510786225333	0.52	0.318	4.52257699614996e-07
TEAD1	3	2.52287193030509e-11	1.00268376524796	0.428	0.243	4.54444920805855e-07
NFIC	3	2.558908929934e-11	0.623462886743575	0.72	0.554	4.60936265549012e-07
COL4A2	3	2.72518957695922e-11	0.458030685884658	0.628	0.411	4.90888398497664e-07
LTBP3	3	2.89168372681754e-11	0.667068455364594	0.828	0.666	5.20878989711644e-07
DTWD1	3	2.91932700701856e-11	0.824531877191136	0.476	0.275	5.25858373774253e-07
CDC42EP4	3	2.96631571691505e-11	1.20669642168398	0.26	0.111	5.34322450087908e-07
DEXI	3	3.22578451057627e-11	1.18104518288287	0.352	0.181	5.81060563890103e-07
ADAMTSL4	3	3.44779166231595e-11	1.4439011036192	0.272	0.123	6.21050712132972e-07
MDFIC	3	3.54498778794576e-11	1.0063290043047	0.52	0.348	6.3855865024267e-07
NPDC1	3	3.54701806180815e-11	0.429554003443898	0.752	0.549	6.38924363473502e-07
MORF4L2	3	3.57860206851892e-11	0.552189674638629	0.832	0.737	6.44613590602314e-07
MRFAP1	3	3.6386773222402e-11	0.628289169161358	0.744	0.613	6.55434946055127e-07
ID1	3	3.78769491034189e-11	0.445282012431362	0.388	0.198	6.82277484199885e-07
NUDT2	3	4.06693349246648e-11	1.03563499242325	0.328	0.158	7.32576729997986e-07
TOB1	3	4.09284261409963e-11	0.818702970609792	0.608	0.431	7.37243740077766e-07
TSPAN6	3	4.28111456170666e-11	1.24004837025085	0.296	0.14	7.7115716600022e-07
ACTR10	3	4.36121549859792e-11	0.794209034247816	0.592	0.407	7.85585747762443e-07
SUCLA2	3	4.66250999770283e-11	1.05010836063032	0.384	0.205	8.3985792588621e-07
UBB	3	4.66888094679168e-11	0.252762836540442	0.996	0.976	8.41005524945585e-07
CEP290	3	4.87287992236385e-11	1.18903382439002	0.288	0.132	8.777518604154e-07
RASSF2	3	5.03516527353510e-11	0.926582877499616	0.46	0.269	9.06984320721878e-07
SGCB	3	5.13700396143407e-11	0.642151032333594	0.528	0.318	9.25328523573118e-07
CD27-AS1	3	5.19952133400893e-11	1.22135652625497	0.292	0.135	9.36589777895029e-07
ATP2B4	3	5.4364589364721e-11	0.845471598731484	0.504	0.302	9.79269348226719e-07
CCND2	3	5.8729735380142e-11	0.803232273814878	0.532	0.338	1.0578987234025e-06
RAB8A	3	6.01482972460894e-11	0.907024320336498	0.468	0.285	1.08345127829381e-06
ECI2	3	6.22429946717298e-11	1.16768385436659	0.324	0.161	1.12118306302187e-06
JAM3	3	6.26330354668942e-11	1.02146002505617	0.368	0.193	1.12820886786517e-06
AAMDC	3	6.72652337525244e-11	1.08090320756178	0.356	0.185	1.21164865558422e-06
CAMK1	3	6.77134384568376e-11	1.08273636542073	0.356	0.185	1.21972216692302e-06
GSTT1	3	6.81679498479071e-11	1.06589878294681	0.376	0.203	1.22790928061035e-06
SSBP2	3	6.85341301573482e-11	0.81146328345552	0.508	0.316	1.23450528652431e-06
SPATS2L	3	7.17713836651732e-11	0.74092618572704	0.56	0.37	1.29281793396076e-06
EPS8	3	9.35238523033242e-11	0.805309897253617	0.528	0.332	1.68464515153978e-06
TSPAN4	3	1.11531547655302e-10	0.627071493360097	0.74	0.575	2.00901776791495e-06
SSBP3	3	1.16702399628842e-10	0.991672445295566	0.392	0.212	2.10216032451434e-06
DST	3	1.31515150466013e-10	0.57303123386673	0.772	0.612	2.3689824053443e-06
CDH11	3	1.3190540508814e-10	0.673659865764734	0.632	0.423	2.37601206185266e-06
CREBRF	3	1.3848943873901e-10	0.687185171685961	0.456	0.252	2.49461026000579e-06
TSPAN3	3	1.46947856354892e-10	0.732138927702103	0.584	0.385	2.64697173652067e-06
RPS27L	3	1.49067878371279e-10	0.405915729920332	0.968	0.868	2.68515969310185e-06
SCOC	3	1.50376885992943e-10	0.717881870212818	0.536	0.338	2.70873884739088e-06
RPS27A	3	1.50631081422134e-10	0.263601255599598	1	1	2.7133176696569e-06
DLG1	3	1.53595915372035e-10	1.10713256141194	0.34	0.176	2.76672322359646e-06
CBY1	3	1.65807651509049e-10	1.04303193945758	0.32	0.158	2.9866932266325e-06
XPA	3	1.77832732143856e-10	1.07111389067435	0.304	0.147	3.20330100410727e-06
MXRA8	3	1.79105833699671e-10	0.388850067996268	0.88	0.635	3.22623338243217e-06
THBS1	3	1.83521625120115e-10	0.466033961105212	0.872	0.687	3.30577503328863e-06
CCNI	3	1.85974100336002e-10	0.428616252076639	0.9	0.862	3.3499514693524e-06
STX7	3	1.97499037112986e-10	0.765707069946212	0.476	0.28	3.55755015551622e-06
SMOC2	3	2.07291410795405e-10	1.02971293796563	0.312	0.152	3.73394018265763e-06
C11orf58	3	2.08206381425314e-10	0.531667124622577	0.82	0.679	3.75042154861418e-06
SYPL1	3	2.23321320112677e-10	0.75482612263865	0.64	0.495	4.02268693918965e-06
WASH4P	3	2.41737426406266e-10	0.764220564386166	0.516	0.321	4.35441626185606e-06
CCNG1	3	2.50173168480007e-10	0.832699606653782	0.464	0.278	4.50636928383037e-06
ST13	3	2.78003689520328e-10	0.555276465773825	0.816	0.731	5.00768045932966e-06
PTCHD3P1	3	2.79859111573776e-10	1.09386061244849	0.28	0.13	5.04110217677842e-06
FIS1	3	2.96705740253104e-10	0.408615094893765	0.88	0.752	5.34456049917916e-06
LYRM1	3	2.97873607286828e-10	1.07054269595606	0.336	0.174	5.36559728805763e-06
TUBB6	3	3.06027641127838e-10	0.729916012943577	0.576	0.387	5.51247589963575e-06
BLOC1S1	3	3.13746879896457e-10	0.489529439709033	0.8	0.679	5.65152254757488e-06
EHD2	3	3.30082477006104e-10	0.753215843385733	0.436	0.244	5.94577565831096e-06
MALSU1	3	3.59030281270772e-10	0.933039172206124	0.368	0.195	6.46721245653042e-06
MYL6	3	4.01396660528334e-10	0.304118269261605	1	0.995	7.23035804609689e-06
NOTCH2	3	4.07298574189608e-10	0.77719166427098	0.504	0.313	7.33666921687741e-06
MED21	3	4.20234859892562e-10	1.01561998424503	0.368	0.2	7.56969053124472e-06
NR3C1	3	4.3891904196466e-10	0.54197005555418	0.696	0.527	7.90624870290942e-06
IFT57	3	4.46018995193669e-10	0.869041453717502	0.436	0.253	8.03414016042356e-06
MPC1	3	4.52959869666769e-10	0.819299208393435	0.492	0.313	8.15916613230752e-06
PDLIM1	3	4.72268874926764e-10	0.391262890273212	0.468	0.276	8.50697924405579e-06
GPSM2	3	4.87193695634904e-10	1.02861981662904	0.276	0.127	8.77582003947152e-06
CCDC104	3	5.01552730409378e-10	1.19015192600384	0.288	0.141	9.03446933286413e-06
DYNLL1	3	5.35116714526099e-10	0.291075654641197	0.988	0.961	9.63905737875861e-06
PMM1	3	5.83985271502988e-10	1.0962125976772	0.324	0.166	1.05193266955833e-05
TMEM245	3	6.22135871381424e-10	1.10566563427106	0.324	0.167	1.12065334511936e-05
ZHX1	3	6.38569866031537e-10	1.02760226318471	0.336	0.172	1.15025589968261e-05
LINC00493	3	6.6937896864039e-10	0.607424233695987	0.68	0.504	1.20575233621193e-05
GCSH	3	6.8846236403605e-10	0.870286050522992	0.404	0.231	1.24012725633814e-05
CDC42EP5	3	7.33763409937377e-10	0.664291794373158	0.584	0.39	1.3217280303202e-05
ST6GALNAC6	3	7.71002837731738e-10	0.877799282088044	0.404	0.229	1.38880741160618e-05
LIFR	3	7.77153490442525e-10	0.26168920163586	0.316	0.151	1.39988658233412e-05
H1FX	3	8.05058501119907e-10	0.591259837164079	0.736	0.588	1.45015187806729e-05
HIST1H4C	3	8.30644833585789e-10	0.845176147723722	0.328	0.164	1.49624053873808e-05
SPRY2	3	8.44463367484107e-10	0.660571408613424	0.444	0.253	1.52113186384912e-05
KRAS	3	8.59465199205161e-10	0.971928481466974	0.42	0.255	1.54815466332826e-05
RPL10A	3	9.21715383347429e-10	0.31889194429459	1	0.996	1.66028592002372e-05
ZNF428	3	9.56889766695045e-10	0.705914650871748	0.592	0.412	1.72364553674778e-05
FILIP1L	3	9.63094037291985e-10	0.666143176317428	0.588	0.395	1.73482128937405e-05
MYO9A	3	1.02000793453125e-09	0.987368543022521	0.324	0.166	1.83734029247114e-05
FZD7	3	1.0536555719085e-09	1.00683225246657	0.256	0.117	1.89794978167879e-05
RIMKLB	3	1.0728196818392e-09	1.08348175166356	0.316	0.163	1.93247009289696e-05
ATF7	3	1.14439404012938e-09	0.991898201503036	0.356	0.194	2.06139698448505e-05
CPED1	3	1.22897228237614e-09	0.925733459473363	0.38	0.216	2.21374777224413e-05
PCBD1	3	1.24391718690501e-09	0.950518378785296	0.448	0.292	2.24066802877199e-05
TCEAL7	3	1.2628243523173e-09	1.2674545275915	0.28	0.138	2.27472550582915e-05
SRSF3	3	1.31259560609601e-09	0.372892028361238	0.968	0.864	2.36437846526075e-05
ECI1	3	1.33552316869511e-09	0.909737711596876	0.388	0.217	2.40567788377051e-05
DPM3	3	1.35549342862611e-09	0.625401845279846	0.636	0.469	2.4416503129842e-05
GS1-251I9.4	3	1.45836708987365e-09	0.723924745857692	0.528	0.346	2.6269566389894e-05
MRPS18B	3	1.46970402315607e-09	1.03572444246766	0.364	0.204	2.64737785691103e-05
ABCA10	3	1.48366840282195e-09	0.289580221321499	0.376	0.193	2.67253189400319e-05
CYTH3	3	1.48694502459239e-09	1.18781841147829	0.272	0.13	2.67843407279828e-05
CAST	3	1.53541027242478e-09	0.712375672880673	0.676	0.555	2.76573452371875e-05
PRKCI	3	1.60874767006072e-09	1.14409703404897	0.28	0.138	2.89783717808037e-05
PDLIM5	3	1.6325606377963e-09	0.673245238648534	0.556	0.377	2.94073147686247e-05
CRBN	3	1.65325118155334e-09	0.798087236851146	0.396	0.221	2.97800135333203e-05
PDZRN3	3	1.66555668526194e-09	1.35276949347817	0.26	0.125	3.00016725716233e-05
RPS4Y1	3	1.74976436230962e-09	0.392284175211993	0.944	0.922	3.15185054582832e-05
NCOR2	3	1.79816224971862e-09	0.799946893730724	0.488	0.318	3.23902966041816e-05
PAPSS1	3	1.82459233218988e-09	0.985959205496653	0.412	0.252	3.28663816797363e-05
FERMT2	3	1.87344808187712e-09	0.710391762151876	0.524	0.331	3.37464202988526e-05
ERCC6L2	3	1.88049469156396e-09	1.2597496236346	0.256	0.121	3.38733508791415e-05
MXRA7	3	1.92912478670944e-09	0.533596506442583	0.696	0.516	3.47493247829971e-05
RPL7	3	1.93549305742888e-09	0.346978067715626	0.992	0.979	3.48640364434664e-05
TOMM20	3	2.08496248385304e-09	0.504031503903662	0.776	0.671	3.75564292216449e-05
ZNF32	3	2.18406419353154e-09	1.0621217119078	0.34	0.186	3.93415483180837e-05
PLEKHO2	3	2.23620003747904e-09	0.991571096855701	0.272	0.13	4.02806712751099e-05
GSTA4	3	2.26815392865361e-09	0.996122787364761	0.34	0.183	4.08562567168374e-05
SELT	3	2.30110613308453e-09	0.60895786946429	0.644	0.459	4.14498247752517e-05
FHL1	3	2.38950779704409e-09	0.538512645133818	0.576	0.368	4.30422039481552e-05
NDRG1	3	2.43757181868276e-09	0.408033406177161	0.756	0.575	4.39079811699325e-05
ABCA6	3	2.45070875867287e-09	0.345330654196628	0.588	0.371	4.41446168699745e-05
WASL	3	2.49942114647673e-09	1.04985477130255	0.408	0.254	4.50220731114853e-05
KLF7	3	2.55501923365058e-09	1.03681062337861	0.32	0.169	4.60235614557478e-05
PTPN14	3	2.55868365800554e-09	0.95468549135836	0.284	0.139	4.60895687316538e-05
DCXR	3	2.5832430921681e-09	0.617205254488572	0.52	0.326	4.6531957819224e-05
CDC42EP3	3	2.72470925907556e-09	1.06084555522053	0.324	0.172	4.9080187883728e-05
PODN	3	2.9762929311399e-09	0.516253285307239	0.64	0.437	5.3611964568623e-05
NPTN	3	3.34087676582019e-09	0.767364441693831	0.536	0.358	6.0179213182719e-05
PCYOX1	3	3.40372270955167e-09	0.766167494741365	0.412	0.238	6.13112571671543e-05
FLNA	3	3.44275942574718e-09	0.584464640594441	0.852	0.72	6.2014425535984e-05
RAB34	3	3.44336769352918e-09	0.594588294773536	0.7	0.554	6.20253822635411e-05
DYNLRB1	3	3.60011323083219e-09	0.499689794650338	0.76	0.637	6.48488396269802e-05
FAM162A	3	3.67433668703734e-09	0.786925094519718	0.552	0.402	6.61858267436036e-05
RPS3	3	3.871689761393e-09	0.302759410701798	1	1	6.97407476719721e-05
SNRK	3	4.62198612323646e-09	1.13060447233463	0.252	0.12	8.32558360378584e-05
FBXO21	3	4.62254364078332e-09	1.17054042004646	0.264	0.129	8.326587860143e-05
SLC12A2	3	4.63918292709231e-09	0.599670585132278	0.392	0.215	8.35656020657138e-05
ERH	3	4.66403620436031e-09	0.47358752197293	0.864	0.766	8.40132841491423e-05
SNHG8	3	4.80403321005880e-09	0.577289046777472	0.728	0.582	8.65350502127891e-05
NTN4	3	4.89011058228469e-09	1.0812007011273	0.288	0.147	8.80855619186942e-05
RPL36AL	3	4.93467091808898e-09	0.330575158686469	0.952	0.945	8.88882272475368e-05
CMBL	3	5.15718671205609e-09	1.16735430891858	0.284	0.145	9.28964042442663e-05
CCND3	3	5.21541607150057e-09	0.831330487944078	0.372	0.208	9.39452896959397e-05
SULT1A1	3	6.0612076819903e-09	1.08572022385956	0.292	0.15	0.000109180533975691
TMEM160	3	6.06614730352222e-09	1.11085642966341	0.452	0.301	0.000109269511378346
FAM115A	3	6.50540195922236e-09	1.01332068024616	0.304	0.159	0.000117181805491472
WDR6	3	6.56211210990508e-09	0.851769208346277	0.368	0.205	0.00011820332543572
COL8A1	3	6.60815045891294e-09	0.56617867794631	0.524	0.326	0.000119032614216399
LIX1L	3	6.71058971587561e-09	1.07322927967636	0.284	0.144	0.000120877852552067
HAGH	3	7.06171284864351e-09	0.782561932992034	0.428	0.26	0.000127202633542616
CEBPZ-AS1	3	7.87103243658476e-09	0.909592498205622	0.408	0.245	0.000141780907280201
MMP24-AS1	3	7.9361878687541e-09	0.741511600051291	0.476	0.293	0.000142954552079868
DNAJB4	3	8.11664215049819e-09	0.726401747577493	0.46	0.287	0.000146205075056924
STXBP3	3	8.76170917777690e-09	0.912707688577502	0.344	0.191	0.000157824667419295
CLN5	3	9.10289685028367e-09	0.821088591135922	0.436	0.27	0.00016397048096416
GTF2I	3	9.1325088987192e-09	0.566779127863732	0.696	0.537	0.000164503882792629
PXN	3	9.25698695421608e-09	0.910861629412129	0.324	0.173	0.000166746106006294
ADD1	3	9.58839274160778e-09	0.769062623953338	0.508	0.344	0.000172715718454581
CWF19L2	3	9.60687316223485e-09	1.14849909041614	0.276	0.142	0.000173048606271336
PCMTD1	3	1.01705497114777e-08	0.619860032084084	0.584	0.397	0.000183202111952848
BCL7C	3	1.07710722926032e-08	0.729312883623339	0.548	0.398	0.000194019325206661
EMP2	3	1.12729837862117e-08	0.612341979665627	0.468	0.281	0.000203060256941032
SERINC1	3	1.14685881706176e-08	0.549732869383465	0.74	0.604	0.000206583678717335
KLHL42	3	1.21445758479261e-08	1.03786621103336	0.304	0.162	0.000218760244748693
MPLKIP	3	1.24764296477328e-08	0.860172398894919	0.404	0.245	0.00022473792724461
EAPP	3	1.31247143639417e-08	0.662811576333364	0.46	0.282	0.000236415479837682
ATXN7L3B	3	1.34450702081059e-08	0.941668499017465	0.328	0.179	0.000242186049658612
FAHD2A	3	1.371325288357e-08	1.09358234163253	0.268	0.135	0.000247016824191746
PHYHD1	3	1.37168776110851e-08	1.05942348015133	0.3	0.16	0.000247082116408475
GPR133	3	1.39723403498015e-08	0.84799690655495	0.3	0.154	0.000251683766720975
SCP2	3	1.40725694876892e-08	0.536324739776564	0.788	0.706	0.000253489194181746
AMOTL1	3	1.45914388036775e-08	1.25953614088944	0.288	0.153	0.000262835587170643
AAMP	3	1.48306806662239e-08	0.851373325777864	0.432	0.272	0.000267145050840691
IMP3	3	1.56304204948129e-08	0.76416778189474	0.448	0.281	0.000281550764373065
NBN	3	1.81165796764664e-08	0.995290630583881	0.348	0.2	0.000326333949712189
HSPB11	3	1.87941889385698e-08	0.807870397224996	0.408	0.244	0.000338539725350457
C11orf1	3	1.90551088419856e-08	1.1078430347577	0.252	0.124	0.000343239675570686
WDR13	3	1.97155671155545e-08	0.72849533824395	0.424	0.256	0.000355136510452484
SLIRP	3	2.01724666920276e-08	0.546272382390769	0.688	0.545	0.000363366642523493
ALDH9A1	3	2.14387256500558e-08	0.86395762054045	0.456	0.3	0.000386175765134454
TERF1	3	2.3492386988312e-08	0.934121870223835	0.356	0.205	0.000423168366820463
CCDC3	3	2.35199923844575e-08	1.0073798167737	0.292	0.153	0.000423665622821232
MAP9	3	2.46426430276884e-08	0.873902836642314	0.296	0.153	0.000443887928857751
BNIP3L	3	2.59635656983382e-08	0.550083996340788	0.704	0.544	0.000467681708924166
PDHB	3	2.8528882895258e-08	0.86640719545508	0.392	0.24	0.000513890767592283
UTRN	3	2.89051758808352e-08	0.666620453286229	0.496	0.335	0.000520668933141484
CBX5	3	2.93244660861549e-08	0.733713195330638	0.428	0.262	0.000528221607609908
B4GALT4	3	2.95129608114527e-08	1.18721741374376	0.264	0.137	0.000531616963096698
HEBP1	3	3.01788677798529e-08	0.879503126343632	0.432	0.277	0.00054361194531849
CSNK1E	3	3.05304344414994e-08	0.702391584308051	0.436	0.267	0.000549944715594728
TSPYL1	3	3.07683652840933e-08	0.803802105479402	0.448	0.288	0.000554230563862373
AASDHPPT	3	3.09586732933031e-08	0.888182991209384	0.312	0.169	0.000557658582032268
MARCH6	3	3.2807230093356e-08	0.806922167779358	0.456	0.309	0.000590956635671621
DCTN3	3	3.39368056869426e-08	0.623440242913229	0.616	0.464	0.000611303680838897
KMT2A	3	3.45473139084116e-08	0.685517765743655	0.432	0.263	0.000622300765432218
C1RL	3	3.49005600760469e-08	0.868608536972802	0.388	0.231	0.000628663788649833
DDAH1	3	3.5014210626095e-08	1.07322927967636	0.28	0.148	0.00063071097600785
NDUFS4	3	3.59146937140311e-08	0.723660201061702	0.512	0.357	0.000646931377870842
SLC2A4RG	3	3.8344842731657e-08	0.811032844311875	0.464	0.306	0.000690705652125337
CYB5R3	3	3.84575956159726e-08	0.488751026686825	0.744	0.604	0.000692736669830514
UNC50	3	4.09808666715316e-08	0.775224464319493	0.48	0.333	0.000738188351354298
FAM229B	3	4.22996637191033e-08	0.7048598398988	0.368	0.209	0.000761943842572207
MYH9	3	4.31052779606771e-08	0.421219751318457	0.616	0.452	0.000776455371905677
QDPR	3	4.3458534952449e-08	0.917697259661619	0.292	0.155	0.000782818590098463
COX7C	3	4.47545830195352e-08	0.312876967514339	0.972	0.954	0.000806164303930887
ZFHX3	3	4.66301590865174e-08	0.75267609677802	0.44	0.286	0.000839949055625438
BAD	3	4.71737265277573e-08	0.664532040482032	0.492	0.325	0.000849740335944492
PHB	3	5.02173119450464e-08	0.608196221987319	0.576	0.439	0.000904564440066121
DOCK5	3	5.22232489878862e-08	0.991152815260214	0.272	0.139	0.000940697384018795
SMAD5	3	5.72050643534653e-08	0.602254913022601	0.512	0.332	0.00103043482419897
RPS21	3	6.29890749739032e-08	0.254973161527078	1	0.996	0.00113462220750492
ZCCHC11	3	6.36982723294903e-08	0.756839368330427	0.392	0.235	0.00114739697947111
PDHA1	3	6.54266682921155e-08	0.911257014708777	0.308	0.169	0.00117853057594588
MMAB	3	6.72143743072414e-08	1.02877932738611	0.268	0.14	0.00121073252439634
RNF13	3	6.8661595387957e-08	0.529004805461764	0.624	0.474	0.00123680131772327
SSB	3	6.9460772055223e-08	0.584644193263287	0.62	0.457	0.00125119688703073
ARGLU1	3	7.36617275655585e-08	0.496638778062827	0.748	0.642	0.00132686869863841
MTCH1	3	7.4198492543156e-08	0.407480162672262	0.768	0.619	0.00133653744617987
KTN1	3	7.63580802207329e-08	0.573858214062668	0.752	0.687	0.00137543809901606
ABI3BP	3	7.76092445806094e-08	0.776762609980564	0.568	0.416	0.00139797532263052
AFF1	3	7.9916096222031e-08	0.916985635084091	0.344	0.203	0.00143952864124744
PJA2	3	8.06860816074342e-08	0.577038166403134	0.592	0.439	0.00145339838799471
ARPC5	3	8.08248726635431e-08	0.474896933448749	0.784	0.698	0.0014558984312884
NRP1	3	8.22316733722435e-08	0.504584801249876	0.58	0.398	0.00148123913245422
BBX	3	8.49584147135329e-08	0.743225301816628	0.492	0.334	0.00153035592423487
NENF	3	8.54319321321221e-08	0.39035527800026	0.836	0.741	0.00153888539349592
TRIQK	3	8.7791230560027e-08	0.772401305555793	0.368	0.215	0.00158138343607777
DCN	3	9.26790673388387e-08	0.280234596385205	0.992	0.849	0.0016694280399745
TM2D1	3	9.35249256857856e-08	0.763165006579842	0.436	0.285	0.00168466448637806
SELM	3	9.36831894028105e-08	0.291684110517514	0.936	0.75	0.00168751529071283
ALKBH7	3	9.49205445090779e-08	0.606279691755046	0.62	0.468	0.00170980376824202
NOVA1	3	9.75120036035958e-08	0.60127574078439	0.368	0.21	0.00175648372091157
MRPL2	3	9.86639722502476e-08	0.973180830203612	0.308	0.172	0.00177723413214371
VCL	3	1.0768694599217e-07	0.68940074578829	0.488	0.324	0.00193976495815695
MRPL32	3	1.08349099235169e-07	0.805343539447956	0.404	0.257	0.0019516923245231
MPHOSPH8	3	1.09020411508776e-07	0.762071269044852	0.424	0.27	0.00196378467250759
TBCA	3	1.21108879830356e-07	0.356820113942251	0.864	0.806	0.0021815342523842
MRPS26	3	1.29243548668589e-07	0.75904680116562	0.448	0.285	0.00232806404216729
MZT2B	3	1.32625254228413e-07	0.335975736795882	0.908	0.882	0.00238897870441641
CHD9	3	1.36573316422404e-07	0.485404545993693	0.72	0.592	0.00246009514871676
EXOSC7	3	1.38860298821906e-07	0.876136456907167	0.328	0.189	0.00250129056267898
PSD3	3	1.68095907292989e-07	1.10015109215506	0.252	0.131	0.00302791157806861
SAP18	3	1.68697375570221e-07	0.332441974557745	0.904	0.838	0.00303874582614639
DNAJA2	3	1.71350870099247e-07	0.734217030163449	0.456	0.302	0.00308654322309773
MRPS18C	3	1.71775329834027e-07	0.689822910804995	0.456	0.301	0.00309418901630034
TCEA2	3	1.72465340857155e-07	0.796747018753285	0.392	0.247	0.00310661818485993
CHURC1	3	1.78479750245565e-07	0.523081815264745	0.66	0.502	0.00321495574117336
ZHX3	3	1.87446377639101e-07	1.01085741938885	0.26	0.136	0.00337647160041314
ZNHIT3	3	1.9129738128271e-07	0.80954044196884	0.32	0.18	0.00344583972904545
DCTN2	3	1.96492901560348e-07	0.700865730077091	0.484	0.339	0.00353942663580654
MORN2	3	1.97405245414798e-07	0.900937263690131	0.28	0.151	0.00355586068565675
FAM103A1	3	1.99544988018306e-07	0.805485077272154	0.304	0.167	0.00359440386917374
PCNP	3	2.06403628763728e-07	0.621495989892625	0.548	0.39	0.00371794856492103
PDS5B	3	2.0640633022051e-07	0.683282761360346	0.416	0.261	0.00371799722626205
EDF1	3	2.15289676576945e-07	0.272657320497697	0.984	0.955	0.00387801294418051
PSIP1	3	2.29183058344297e-07	0.761285273361619	0.42	0.267	0.00412827442995583
RALBP1	3	2.33274924329061e-07	0.862374836611657	0.376	0.235	0.00420198121193937
HNRNPDL	3	2.42538509830553e-07	0.302383310867169	0.936	0.884	0.00436884617757776
CETN3	3	2.43705963439887e-07	0.871924602310677	0.3	0.167	0.00438987551944268
SLC7A6	3	2.61058311399312e-07	1.00350120768786	0.268	0.145	0.00470244336323581
CCDC107	3	2.62067907774297e-07	0.692759821983993	0.5	0.352	0.00472062922273842
COA3	3	2.62218780817676e-07	0.760843338899322	0.404	0.257	0.0047233468988688
MRPS21	3	2.6900868443926e-07	0.467796363999088	0.784	0.71	0.00484565343280439
PURA	3	2.86237097415592e-07	0.738917460333165	0.372	0.226	0.00515598883574706
SNED1	3	2.95223072217179e-07	0.558784993704318	0.424	0.262	0.00531785319984804
RPRD2	3	3.03872458505469e-07	0.9617782131267	0.252	0.132	0.00547365459505902
PRDX5	3	3.38680098760573e-07	0.363489853011258	0.9	0.824	0.0061006446189742
CIRBP	3	3.40666135644169e-07	0.337507924518616	0.924	0.87	0.00613641910135841
PKD1	3	3.44193509414225e-07	0.871549398792168	0.308	0.176	0.00619995768507843
TRIP6	3	3.46675156146911e-07	0.728023896337789	0.432	0.279	0.00624465958767431
THYN1	3	3.47216437436985e-07	0.658191780397516	0.408	0.251	0.00625440968755241
LETMD1	3	3.77960900421897e-07	0.963329049306265	0.316	0.185	0.00680820969929963
CCL2	3	3.79136218926245e-07	0.313614595670234	0.704	0.549	0.00682938071151845
SNUPN	3	3.83173899140634e-07	0.949772725830359	0.3	0.173	0.00690211144522024
SPTAN1	3	3.99509387965883e-07	0.341118627528993	0.636	0.465	0.00719636260542945
ZNF302	3	4.14317821184185e-07	1.01221307633876	0.26	0.14	0.00746310691299072
CETN2	3	4.16416794211594e-07	0.636589525912304	0.38	0.231	0.00750091571413344
FNBP1	3	4.25297440987005e-07	0.639655828960088	0.412	0.26	0.00766088280449891
AIP	3	4.28626655546285e-07	0.716197383833081	0.508	0.358	0.00772085194635522
PNISR	3	4.73444123818416e-07	0.390738473254078	0.78	0.708	0.00852814900234113
SRP9	3	4.78392832470597e-07	0.494080364815097	0.736	0.666	0.00861729009129286
FMNL2	3	4.89742725356849e-07	0.824382108686661	0.324	0.191	0.00882173571185293
SMIM11	3	4.95420804156988e-07	0.865330155434256	0.316	0.182	0.00892401494527983
NID1	3	5.29978803740428e-07	0.343362703602801	0.568	0.384	0.00954650819177634
RP11-252A24.7	3	5.85002216952621e-07	0.980376331607816	0.28	0.158	0.0105376449339676
PITHD1	3	6.48597179774745e-07	0.587749018366928	0.404	0.256	0.0116831809992825
SRSF5	3	6.92435976855012e-07	0.251945538275029	0.94	0.908	0.0124728492510893
OCIAD1	3	6.97675292365506e-07	0.448290303244265	0.796	0.706	0.0125672250413799
C16orf52	3	7.12991977812814e-07	0.883541023412617	0.3	0.173	0.0128431244963422
USP25	3	7.19345951861171e-07	1.04904210860664	0.28	0.159	0.0129575786308753
GLT8D1	3	7.32492432601974e-07	0.535033656569537	0.52	0.353	0.0131943861884594
TAF7	3	7.58059924159166e-07	0.611456551150906	0.56	0.417	0.0136549334138791
HMGN2	3	7.74508998160972e-07	0.26625416413428	0.9	0.822	0.0139512305838736
DCBLD2	3	7.88090447921099e-07	0.730588476138703	0.296	0.165	0.0141958732384028
XIAP	3	8.1477419477106e-07	0.69439879355452	0.348	0.206	0.0146765275704111
EVA1B	3	8.57954474913726e-07	0.627934886818461	0.564	0.423	0.0154543339566209
MSRB3	3	8.58120382522062e-07	0.861633503983233	0.324	0.197	0.0154573224503699
VEZT	3	8.87062359675457e-07	0.945291433030142	0.308	0.183	0.015978654284834
BRD3	3	8.92973925299331e-07	0.880273309578707	0.3	0.174	0.0160851393164168
NCKAP5L	3	9.28482314141176e-07	1.05363524601997	0.256	0.143	0.016724751924625
COX7A2L	3	9.38267820329111e-07	0.565550607086816	0.712	0.646	0.0169010182475883
TMX4	3	9.40237151768577e-07	0.634854372747644	0.508	0.372	0.0169364918148074
IFITM2	3	9.41171529493433e-07	0.28107238407054	0.916	0.816	0.0169533227607652
CHD6	3	1.06225602155945e-06	0.705432038628102	0.308	0.176	0.0191344177163503
LARP1	3	1.08112018926343e-06	0.780394096309324	0.376	0.239	0.0194742179692021
ZBTB38	3	1.10097522810756e-06	0.620170496059305	0.396	0.248	0.0198318667839014
METTL5	3	1.16801485800845e-06	0.760467650760597	0.416	0.271	0.0210394516373062
MRPL33	3	1.21742586753669e-06	0.469268153386634	0.736	0.651	0.0219294921519385
SP1	3	1.22298336243446e-06	0.852634219888663	0.288	0.164	0.022029599307532
FDFT1	3	1.23575144984014e-06	0.842712872705465	0.268	0.147	0.0222595908659704
PQLC1	3	1.25301717747769e-06	0.929162446155073	0.376	0.251	0.0225705984179057
TLE4	3	1.25408258551956e-06	0.469294462628361	0.468	0.311	0.0225897896129639
ANP32B	3	1.32713688905223e-06	0.590931153819508	0.556	0.417	0.0239057167824979
NELFE	3	1.36521054059337e-06	0.681927481748335	0.388	0.246	0.0245915374677084
MYO6	3	1.37973081875488e-06	0.880584201733964	0.288	0.165	0.0248530912382317
ROCK1	3	1.38812437223119e-06	0.620548739446854	0.532	0.379	0.0250042843170005
ARL16	3	1.49743320041924e-06	0.669725395387729	0.396	0.259	0.0269732642391518
SURF1	3	1.50082465412952e-06	0.711851913557117	0.428	0.289	0.0270343544948351
FAM210B	3	1.51836527352119e-06	0.791658922405138	0.34	0.212	0.0273503136719372
FAS	3	1.54303520215796e-06	0.926514893723615	0.348	0.224	0.0277946930964714
GIPC1	3	1.63711197872127e-06	0.809087049431831	0.316	0.189	0.0294892980727062
GAMT	3	1.64035223165551e-06	0.702391584308051	0.3	0.174	0.0295476647488108
PTEN	3	1.66570977220817e-06	0.579312644154777	0.56	0.431	0.0300044301267857
CCDC66	3	1.68321730771295e-06	0.8432541201479	0.352	0.222	0.0303197933638334
ZFAND1	3	1.68727666046033e-06	0.829440750420819	0.352	0.224	0.0303929144848719
MARCH7	3	1.73071876127977e-06	0.693674367206942	0.436	0.298	0.0311754370469325
U2AF1	3	1.90949530812092e-06	0.396817633509732	0.752	0.658	0.0343957389851822
LSM6	3	1.91122304160677e-06	0.573155676541716	0.488	0.343	0.0344268606484627
MRPL51	3	2.03962424638352e-06	0.486168547838406	0.668	0.554	0.0367397515501064
DUSP5	3	2.13650137009624e-06	0.60780476551107	0.38	0.243	0.0384847991795436
ZMYND11	3	2.1661844610454e-06	0.842321845452526	0.336	0.211	0.0390194806968107
KLF13	3	2.19359043055288e-06	0.795788120761558	0.368	0.235	0.039513144425549
QTRT1	3	2.24067272348666e-06	0.706803499186433	0.388	0.252	0.0403612377681652
BDH2	3	2.30893529289335e-06	0.510965513654816	0.448	0.294	0.0415908514308879
DNAJB12	3	2.36645888390079e-06	0.972063442063989	0.324	0.206	0.042627023875705
KIAA1715	3	2.46993033954111e-06	0.876420984083099	0.28	0.162	0.044490855206154
RBBP7	3	2.48051190804541e-06	0.4521433334301	0.5	0.335	0.044681460999622
TCEAL8	3	2.52797168565336e-06	0.515034337725417	0.608	0.499	0.0455363539736739
NEGR1	3	2.55451631286902e-06	0.774341426187065	0.344	0.212	0.0460145023437097
PLK2	3	2.59333081064207e-06	0.677614011273654	0.312	0.185	0.0467136678920956
SNRPD3	3	2.67054175153159e-06	0.492139315553142	0.652	0.519	0.0481044685703386
PFN2	3	2.72808685952587e-06	0.666128040321279	0.348	0.212	0.0491410286006394
MOCS2	3	2.79240272967987e-06	0.690418942641975	0.404	0.273	0.0502995503697236
NUDC	3	2.79391384183318e-06	0.493031429079441	0.616	0.476	0.0503267700329411
PHC3	3	2.84794271428734e-06	0.666077884919967	0.316	0.187	0.0512999921124578
C8orf59	3	2.95996387252288e-06	0.354418619262607	0.804	0.714	0.0533178292357547
NIT2	3	2.96920442689523e-06	0.712551450528272	0.348	0.219	0.0534842793416638
LRP10	3	3.09816192004699e-06	0.603225879996473	0.508	0.37	0.0558071906658065
FXR1	3	3.13104639574433e-06	0.588787475801191	0.46	0.321	0.0563995387265427
ZNF358	3	3.14257695809627e-06	0.873605281718936	0.272	0.157	0.0566072387461882
SIVA1	3	3.14297721663682e-06	0.451989664899994	0.704	0.6	0.056614448603279
SKA2	3	3.1613914789403e-06	0.812815574001701	0.3	0.179	0.0569461447101517
CBX6	3	3.18378788576516e-06	0.586795680281912	0.468	0.323	0.0573495711862879
AIG1	3	3.27418615965806e-06	0.773257915027695	0.356	0.226	0.0589779152939207
CERS2	3	3.43536340057219e-06	0.588933534524767	0.4	0.257	0.0618812009345068
COL4A3BP	3	3.5043667199874e-06	0.789216206109411	0.324	0.199	0.0631241577271331
VAMP3	3	3.51782508485637e-06	0.716770723681222	0.356	0.226	0.0633665832535178
GLT8D2	3	3.56513933592575e-06	0.375617709396376	0.528	0.36	0.0642188548580305
FAM213A	3	3.624326190147e-06	0.566187200709739	0.288	0.162	0.065284987663118
ASXL1	3	3.634364651064e-06	0.718624611164404	0.376	0.246	0.0654658104596158
MECP2	3	3.6611706238949e-06	0.707332325578321	0.34	0.212	0.0659486664482188
TMEM256	3	3.77610071347702e-06	0.654208050798085	0.552	0.447	0.0680189021518615
NDUFB4	3	3.78400729992827e-06	0.354280503321308	0.792	0.738	0.0681613234936079
AIMP1	3	4.09602227377827e-06	0.662314144932716	0.516	0.388	0.0737816492175679
THOC2	3	4.24837853419788e-06	0.52730487774996	0.452	0.304	0.0765260425365064
PRDX2	3	4.25782609921086e-06	0.328647546187381	0.784	0.663	0.0766962215250852
ACN9	3	4.29448941242871e-06	0.905846209315557	0.316	0.198	0.0773566377860783
SRI	3	4.47228243682287e-06	0.331118249229516	0.752	0.68	0.0805592235344903
KIAA0232	3	4.80664629537873e-06	0.745247063269848	0.268	0.152	0.0865821197186571
DYNC2H1	3	4.88662735346427e-06	0.779847724388046	0.272	0.157	0.0880228185179518
PHLDB2	3	4.89844606455198e-06	0.519210486163472	0.34	0.21	0.0882357089607748
DDX17	3	4.98568617342713e-06	0.287713009036753	0.868	0.788	0.0898071650419429
DNAJC10	3	5.07981036115322e-06	0.76257859038314	0.44	0.312	0.091502624035453
ARL2BP	3	5.09421979119909e-06	0.690128164642222	0.436	0.304	0.0917621810988693
BZW1	3	5.1154739121775e-06	0.34653929633633	0.812	0.724	0.0921450315800532
GRHPR	3	5.18502004051665e-06	0.652721441181467	0.448	0.324	0.0933977659898264
RBM42	3	5.20604355864147e-06	0.609960297457086	0.4	0.26	0.0937764626218088
MPST	3	5.29529348179372e-06	0.728009118487321	0.368	0.241	0.0953841214875503
PHF3	3	5.33272551806972e-06	0.51743646428503	0.468	0.322	0.0960583847569898
NFE2L1	3	5.36818451640442e-06	0.762097830432318	0.384	0.258	0.0966971076939928
RBMX	3	5.65652578929872e-06	0.471102762483206	0.628	0.514	0.101890999042638
PSMC5	3	5.73266606263567e-06	0.577607116851977	0.624	0.524	0.103262513786256
ARL3	3	5.79349192899822e-06	0.738015494038772	0.36	0.234	0.104358170117045
DERA	3	5.88593228585518e-06	0.65753734852379	0.32	0.193	0.106023298265109
EMC2	3	6.49817814459978e-06	0.542786768129663	0.46	0.316	0.117051682918676
HMGB2	3	6.58852319428846e-06	0.279361294275676	0.44	0.291	0.118679068298718
SPSB3	3	6.77216961771374e-06	0.628862548886085	0.42	0.289	0.121987091323878
EPS15	3	6.880311168241e-06	0.613874316549874	0.448	0.31	0.123935045073525
OGFR	3	6.97840747171046e-06	0.923715738257007	0.268	0.159	0.12570205378792
ABHD14B	3	7.01519844408184e-06	0.632002256416653	0.392	0.26	0.126364769573246
TATDN1	3	7.09857061155958e-06	0.587076385535136	0.416	0.278	0.127866552426023
SNX7	3	7.42942961200507e-06	0.680911856897599	0.28	0.162	0.133826315601047
FOXC1	3	7.63409426902286e-06	0.538892852025171	0.424	0.279	0.137512940067909
TMEM18	3	7.65856658272677e-06	0.783548728544111	0.332	0.212	0.137953759854657
SUMO1	3	8.23361683123507e-06	0.373715537931317	0.78	0.704	0.148312139981037
PSMD4	3	8.23974153382223e-06	0.53192329721033	0.5	0.354	0.14842246424874
PIN4	3	8.27943461259699e-06	0.571807474497907	0.484	0.344	0.14913745567671
C9orf142	3	8.51510748642156e-06	0.424667792971896	0.544	0.398	0.153382631152912
MED4	3	8.78369852522622e-06	0.571147051029798	0.46	0.329	0.1582207615349
C11orf74	3	8.81470197746958e-06	0.864323794996833	0.268	0.159	0.15877922672016
TCEA1	3	9.21393885572567e-06	0.503337804376079	0.54	0.41	0.165970680608186
ECHS1	3	9.96974042132441e-06	0.499970583876777	0.576	0.463	0.179584934209317
FUOM	3	1.0283682791012e-05	0.728596654655445	0.308	0.187	0.185239978114498
PALLD	3	1.03553487174192e-05	0.646554728109246	0.444	0.312	0.186530896446871
FRA10AC1	3	1.11833113907898e-05	0.810644474960074	0.272	0.161	0.201444988082298
RAB11B	3	1.18654631273039e-05	0.625770302705138	0.46	0.332	0.213732587312126
IP6K2	3	1.23529227463131e-05	0.749525559899146	0.316	0.2	0.222513197429337
MGEA5	3	1.24830409738014e-05	0.56221392625979	0.46	0.333	0.224857017061084
NFATC3	3	1.25830438960843e-05	1.00442012175771	0.256	0.153	0.226658369700167
CALCOCO1	3	1.26584341873777e-05	0.919657317823613	0.284	0.176	0.228016375017234
C4orf3	3	1.293187109306e-05	0.33356251445166	0.824	0.765	0.23294179399929
PUM1	3	1.3207867638217e-05	0.602728526090514	0.424	0.289	0.237913319767202
SNAPC5	3	1.32105145663627e-05	0.868668808735219	0.252	0.147	0.237960998883892
PIAS1	3	1.32272697408101e-05	0.803872902173935	0.304	0.191	0.238262809841212
NUDCD3	3	1.34504644972849e-05	0.950913737469152	0.264	0.161	0.242283216989593
TMEM30A	3	1.40004541344918e-05	0.515468506513841	0.544	0.414	0.252190180324601
RDH14	3	1.4276802321132e-05	0.654028562746652	0.304	0.185	0.257168040210551
MRGPRF	3	1.43866670720659e-05	0.695427636558286	0.32	0.201	0.259147033969124
RAB14	3	1.4642921648809e-05	0.618481116763034	0.468	0.341	0.263762947659997
NR2F6	3	1.49376512816697e-05	0.858127396629431	0.268	0.161	0.269071912536716
KAT8	3	1.50069434689903e-05	0.785248516712335	0.272	0.164	0.270320072706923
MIIP	3	1.50441207720724e-05	0.668620847652807	0.264	0.152	0.27098974746734
KDM5A	3	1.50985905061346e-05	0.636171898165608	0.376	0.252	0.271970910787003
STT3B	3	1.58126013632574e-05	0.546607192102387	0.516	0.396	0.284832388356355
GLTSCR2	3	1.59932044432402e-05	0.367105106565669	0.836	0.754	0.288085591636086
SNHG18	3	1.63643511010657e-05	0.776392165751828	0.26	0.152	0.294771056383496
CIR1	3	1.64926421360483e-05	0.479496569327471	0.472	0.333	0.297081962796638
SMARCB1	3	1.66170290947597e-05	0.577962416703763	0.404	0.276	0.299322545083906
ATN1	3	1.66235859553092e-05	0.661196948955109	0.384	0.261	0.299440653812985
EIF4EBP2	3	1.79989257394633e-05	0.697382221494306	0.34	0.224	0.324214649344952
NBEAL1	3	1.87336482041102e-05	0.336697096466905	0.836	0.8	0.337449205100637
POLR2F	3	1.93320437151677e-05	0.50479162442289	0.552	0.429	0.348228103441315
ATP5G3	3	2.09787357355967e-05	0.293755195803077	0.896	0.824	0.377889966805304
PDCL	3	2.13098061635375e-05	0.710428903373469	0.256	0.149	0.383853538423801
SMARCE1	3	2.14176937954067e-05	0.517528792631369	0.448	0.318	0.38579691833666
PQLC3	3	2.14225753128387e-05	0.574676454962316	0.388	0.259	0.385884849110163
DNAJC19	3	2.15477837780534e-05	0.540997440350094	0.436	0.305	0.388140229194075
THAP7	3	2.19952015359021e-05	0.764452552440302	0.3	0.189	0.396199565266204
MDH1	3	2.23730501172045e-05	0.454067961849698	0.584	0.462	0.403005751761205
PYURF	3	2.29641160985506e-05	0.478670102499083	0.6	0.488	0.413652623283192
C8orf33	3	2.36642943552254e-05	0.615149186948565	0.28	0.167	0.426264934220676
CCDC82	3	2.3952625984887e-05	0.723924745857692	0.268	0.161	0.43145865186577
PHF1	3	2.40398631288617e-05	0.71409708496033	0.304	0.191	0.433030054540186
SENP7	3	2.41345748497338e-05	0.737310000511279	0.284	0.175	0.434736096768255
ACADM	3	2.41459290618506e-05	0.700008932997057	0.36	0.242	0.434940620191116
KRR1	3	2.42683477770334e-05	0.695644751867466	0.368	0.248	0.437145748507703
UCHL1	3	2.5632986905652e-05	0.605035208816383	0.276	0.166	0.46172699313151
MBNL2	3	2.56452831666394e-05	0.532053853627939	0.54	0.402	0.461948485680675
LMO4	3	2.58620807722184e-05	0.535140717164064	0.58	0.468	0.46585366094997
JAGN1	3	2.61262756554468e-05	0.667928174739829	0.308	0.193	0.470612603381563
SPPL3	3	2.6589674104891e-05	0.708677847155482	0.3	0.189	0.478959799651402
RBM5	3	2.67903976104864e-05	0.487015796833994	0.436	0.303	0.482575432157692
SAP30BP	3	2.74856898163348e-05	0.662940433589327	0.32	0.204	0.495099730661639
WWTR1	3	2.77516287587454e-05	0.448733663739729	0.58	0.447	0.499890088831282
PTPRG	3	2.83493757652948e-05	0.842569242356311	0.284	0.178	0.510657305660255
UFSP2	3	2.87107883937237e-05	0.758124932468291	0.296	0.187	0.517167431336144
KCTD9	3	2.89829863268542e-05	0.844613656960516	0.272	0.168	0.522070532705625
TBCB	3	2.91552419581564e-05	0.451068161000954	0.616	0.496	0.525173373392272
GABARAPL2	3	2.9580331912058e-05	0.268772659287481	0.876	0.811	0.532830518731901
NUDT3	3	2.96006667340704e-05	0.397010887764662	0.564	0.428	0.533196809880811
SERTAD3	3	2.96895826233568e-05	0.835658115171515	0.344	0.231	0.534798451794525
GOLIM4	3	3.02236146203088e-05	0.406632872608999	0.58	0.444	0.544417970155622
ZRANB2	3	3.06509854065059e-05	0.467040737159971	0.528	0.404	0.552116200127391
NPHP3	3	3.07915918240308e-05	0.868043739264952	0.304	0.198	0.554648943526266
STUB1	3	3.11188236830396e-05	0.503114543362517	0.632	0.534	0.560543371002592
MED30	3	3.1649402565108e-05	0.692123248854223	0.34	0.226	0.570100688405289
GTF2F1	3	3.18318390574791e-05	0.727545061536389	0.264	0.159	0.573386916942371
STOML2	3	3.19059257118109e-05	0.550547037491095	0.488	0.361	0.57472143984685
YIPF6	3	3.23101237498463e-05	0.600638085507317	0.332	0.214	0.582002259105982
EIF3G	3	3.35210276584608e-05	0.339531399344064	0.768	0.737	0.603814271211854
APP	3	3.39765853310437e-05	0.250841229776217	0.82	0.705	0.61202023156809
CCDC59	3	3.4122631761778e-05	0.626155998480965	0.38	0.261	0.614650965924907
RCN2	3	3.4434088791659e-05	0.444811608566365	0.616	0.502	0.620261241404153
GATAD1	3	3.57784613051173e-05	0.663788745084303	0.344	0.228	0.644477423489078
CLPP	3	3.625408268693e-05	0.64812192177993	0.376	0.255	0.653044791439671
CAPNS1	3	3.80363309297169e-05	0.44515280479711	0.628	0.528	0.685148429036991
RAB6A	3	3.81341747652652e-05	0.545047995454096	0.424	0.302	0.686910890046722
RXRA	3	3.8519709158559e-05	0.799688785662966	0.268	0.166	0.693855521073124
REEP3	3	3.86055822301348e-05	0.596458139558986	0.468	0.353	0.695402352711419
EGLN2	3	3.92241172558874e-05	0.66255131977626	0.32	0.206	0.7065440241303
USMG5	3	3.98201001624038e-05	0.27667531650318	0.888	0.879	0.71727946422538
HDGFRP2	3	4.0169310607658e-05	0.690741224569125	0.26	0.155	0.723569791975744
SGMS1	3	4.30691500760181e-05	0.57060171175251	0.292	0.181	0.775804600319314
NDUFAF3	3	4.37234770666565e-05	0.440261406044371	0.616	0.513	0.787590992401684
PPIG	3	4.42155227018756e-05	0.438531129186937	0.64	0.53	0.796454210428885
UHMK1	3	4.47639914554661e-05	0.553013960269824	0.316	0.2	0.806333778087311
FEM1B	3	4.52493276902558e-05	0.800795288369045	0.268	0.165	0.815076139684578
TRIP10	3	4.59636808595909e-05	0.760543337093846	0.256	0.155	0.827943783323811
RDX	3	4.66243315661439e-05	0.277400610999783	0.496	0.364	0.839844084500951
CYP27A1	3	4.7248008763788e-05	0.720218581279925	0.316	0.207	0.851078381862113
DYNLT3	3	4.74345633135745e-05	0.559651412191969	0.316	0.199	0.854438788967417
KIAA1430	3	4.76525997637998e-05	0.49831592558925	0.432	0.302	0.858366279545325
TMEM109	3	4.82686309595149e-05	0.450852817312086	0.472	0.34	0.869462849473742
CKS1B	3	4.85359442234449e-05	0.696745021166908	0.296	0.189	0.874277963296913
CCT4	3	4.94170775904454e-05	0.459014137842267	0.58	0.46	0.890149818636693
ELP2	3	4.9617140895267e-05	0.721542684652962	0.288	0.183	0.893753558946445
CCT7	3	4.97933808357486e-05	0.483993706476629	0.492	0.368	0.89692816899434
EIF2S3	3	5.01892479680751e-05	0.473000022301893	0.496	0.368	0.904058923648937
RUFY3	3	5.06599846465177e-05	0.603476558235364	0.356	0.242	0.912538303437723
POLR2K	3	5.11817305845074e-05	0.405920218906428	0.644	0.516	0.921936513018731
AKR1C3	3	5.18161884612732e-05	0.536243273611222	0.376	0.255	0.933365002752913
HNRNPF	3	5.18963504564955e-05	0.37692313171544	0.732	0.695	0.934808960772854
FKBP8	3	5.198293693806e-05	0.40654441247155	0.708	0.625	0.936368643065276
TNRC6A	3	5.3980338742874e-05	0.654003983434082	0.356	0.241	0.97234784177539
DCTN6	3	5.4166330374189e-05	0.552086778335026	0.428	0.306	0.975698109030267
MIR4458HG	3	5.43250914044567e-05	0.738917460333165	0.288	0.183	0.978557871468479
DNAJC8	3	5.47349217436348e-05	0.502334611524584	0.508	0.389	0.985940145368093
TRIM28	3	5.47692157966408e-05	0.547023688248597	0.496	0.376	0.98655788414489
CAMTA1	3	5.57854510247137e-05	0.442812737110476	0.548	0.424	1
SLC22A17	3	5.64029568063874e-05	0.519975638682541	0.3	0.186	1
LUC7L3	3	5.70553778395262e-05	0.360328932308986	0.596	0.497	1
PRKRA	3	5.82346014397216e-05	0.678544842353683	0.328	0.219	1
PHPT1	3	5.9697989335047e-05	0.302790773978375	0.912	0.827	1
ATXN2	3	6.01078963868353e-05	0.714592037913578	0.288	0.182	1
PLA2G16	3	6.22926551612521e-05	0.34264553740258	0.488	0.356	1
HIBCH	3	6.40477516481157e-05	0.722330431361381	0.3	0.196	1
CALM3	3	6.50729093767957e-05	0.374273668269871	0.648	0.548	1
SMAD4	3	7.1571462590357e-05	0.754037189858751	0.28	0.179	1
LINC00116	3	7.46794519789408e-05	0.501066750673241	0.5	0.384	1
RPL7L1	3	7.89686524652319e-05	0.619250349007805	0.352	0.239	1
KAT6B	3	8.012711108939e-05	0.79431407374909	0.252	0.155	1
OSBPL9	3	8.2545636444001e-05	0.588463708409015	0.372	0.257	1
DHRS7	3	8.61885444759337e-05	0.413531191106352	0.508	0.385	1
GADD45GIP1	3	8.68222016937569e-05	0.430711200295755	0.652	0.563	1
CLDND1	3	8.72307649378059e-05	0.584325360931299	0.46	0.357	1
LYRM5	3	8.73830492025214e-05	0.651166260952878	0.272	0.171	1
SLC38A2	3	8.73849306917052e-05	0.259853765530551	0.82	0.71	1
HERC1	3	8.92239456082376e-05	0.648222608874983	0.336	0.228	1
TROVE2	3	8.92293527473525e-05	0.580347279196889	0.396	0.282	1
DSEL	3	9.00303625146098e-05	0.603476558235363	0.28	0.176	1
VGLL4	3	9.16968928594759e-05	0.516931603756597	0.412	0.297	1
GPATCH8	3	9.17626860077644e-05	0.693761279164611	0.296	0.193	1
RFC1	3	9.32183608430813e-05	0.696632315019366	0.3	0.197	1
FAM92A1	3	9.37439606286984e-05	0.769178675519253	0.256	0.161	1
NCKAP1	3	9.40275143078438e-05	0.533382870632893	0.388	0.272	1
TRMT112	3	9.84503343531873e-05	0.277262850671114	0.86	0.816	1
TYW3	3	0.000110761019090991	0.571807474497907	0.264	0.163	1
PHGDH	3	0.000111780380894712	0.655085869529694	0.26	0.16	1
RAB18	3	0.000113374656533204	0.565629234497299	0.464	0.35	1
PABPN1	3	0.000114069212464775	0.394347443556691	0.636	0.528	1
ZKSCAN1	3	0.000114201197567324	0.490431363068526	0.356	0.236	1
ZNF83	3	0.000117128687277416	0.50901805644314	0.328	0.214	1
PREPL	3	0.00012375212627334	0.674910847885944	0.304	0.202	1
FAM96B	3	0.000124349856776379	0.329174260723834	0.736	0.673	1
PHF14	3	0.000124842329260023	0.685517765743655	0.356	0.255	1
RWDD1	3	0.000126125322317375	0.51077737103323	0.556	0.46	1
BRIX1	3	0.000126305830107747	0.738536148043146	0.288	0.189	1
AKAP11	3	0.000127286189148443	0.650474916488131	0.352	0.244	1
RNF11	3	0.0001279139438723	0.612506080790856	0.34	0.23	1
ANTXR1	3	0.000128407545483592	0.52773506214065	0.332	0.218	1
GID8	3	0.00012846745397328	0.699000995107276	0.268	0.169	1
CWC22	3	0.00012968498683324	0.688716647410974	0.272	0.175	1
CISD3	3	0.00013253595502047	0.74118406730511	0.292	0.194	1
NAP1L4	3	0.00013306895830257	0.563822160959656	0.368	0.255	1
BLOC1S4	3	0.00013381051918804	0.745165607998342	0.272	0.175	1
SGCE	3	0.000135294611458609	0.38953049317423	0.44	0.309	1
B3GAT3	3	0.000135455565536829	0.517582345779759	0.376	0.26	1
MAML2	3	0.000142805623364167	0.507554885492164	0.396	0.276	1
OLFML1	3	0.000148551113778069	0.665397376825849	0.252	0.156	1
ASH1L	3	0.000149483548604922	0.384524342059953	0.496	0.359	1
SEC63	3	0.000151935284365475	0.434972083788535	0.544	0.423	1
KATNBL1	3	0.000152372255527129	0.476510176891723	0.376	0.26	1
PAIP1	3	0.000152622000098713	0.545779237610411	0.412	0.304	1
CENPC	3	0.000154667087804554	0.736586504191648	0.304	0.206	1
EXOSC8	3	0.000155284666502795	0.744649271769758	0.292	0.196	1
SKI	3	0.000157818642484329	0.71921620694941	0.36	0.256	1
ZC3H7A	3	0.000159693753986716	0.848469843795995	0.296	0.201	1
CBLB	3	0.000160658851892386	0.473845554859547	0.348	0.238	1
HIGD1A	3	0.000164645807700886	0.480823795769641	0.464	0.357	1
KPNA3	3	0.000169035045410596	0.83390822151787	0.28	0.188	1
U2SURP	3	0.000172241528336013	0.456635169906092	0.516	0.402	1
C11orf54	3	0.000173271131128451	0.648452777197247	0.268	0.171	1
TRIM13	3	0.000177744180529262	0.748685236581986	0.276	0.18	1
MRPS23	3	0.000180423073261799	0.549717625916763	0.308	0.203	1
KCNQ1OT1	3	0.000181251042589896	0.538100380134392	0.512	0.406	1
SEPT10	3	0.000183763915518165	0.640772466044385	0.308	0.208	1
PSMB1	3	0.00018592626679504	0.310640338080904	0.828	0.817	1
STX8	3	0.000188919720628758	0.542828073549203	0.356	0.248	1
ACSL3	3	0.000188978187482366	0.380993015960268	0.352	0.236	1
OARD1	3	0.000189479829731037	0.689335431482604	0.264	0.169	1
CLOCK	3	0.000192514357538299	0.760586462478066	0.256	0.164	1
VBP1	3	0.000192619350717986	0.558656106846601	0.34	0.232	1
CSDE1	3	0.000193061271251146	0.383238146355985	0.76	0.737	1
TRAF4	3	0.000195294436962023	0.620963984964205	0.268	0.173	1
TAOK1	3	0.0002024808445896	0.382401293662181	0.428	0.302	1
TKT	3	0.000204315478624063	0.523543503844122	0.46	0.353	1
SUV420H1	3	0.000204583869654723	0.604911697807474	0.316	0.212	1
PPP2CB	3	0.000209905755127868	0.527643710892212	0.404	0.294	1
SLC25A36	3	0.000214478871032465	0.45455085212353	0.464	0.345	1
CDC42EP1	3	0.000214658880442006	0.606065467233027	0.272	0.175	1
C12orf10	3	0.000215363441300504	0.601628607373134	0.3	0.2	1
ANXA11	3	0.000217458040043732	0.388663970522549	0.596	0.5	1
C1orf123	3	0.000218763369732246	0.575920704491284	0.46	0.353	1
WASF2	3	0.000225690497648597	0.379270028681825	0.628	0.528	1
NMT1	3	0.000233009898162115	0.416326209818916	0.428	0.312	1
YPEL3	3	0.000236923536920294	0.368166130617304	0.588	0.471	1
PMPCB	3	0.000239040567516299	0.625009052995687	0.304	0.204	1
P4HTM	3	0.000239162508860553	0.67902759124254	0.296	0.198	1
MAGEF1	3	0.000242746677628567	0.629328122118327	0.252	0.159	1
SCARF2	3	0.000248169659972878	0.415510436519889	0.332	0.219	1
DYNC1I2	3	0.000250418387283607	0.418746898798971	0.628	0.535	1
IMPAD1	3	0.000250733669884156	0.543946079751457	0.404	0.299	1
EFHC1	3	0.000257002514802133	0.367381599690907	0.304	0.199	1
ATP5A1	3	0.000264287215901017	0.345327981229886	0.604	0.491	1
ATP5J	3	0.000274861523941392	0.254965945562365	0.872	0.846	1
ETHE1	3	0.000276904285929738	0.710428903373469	0.308	0.209	1
DYNC2LI1	3	0.000278072513669076	0.550674201338415	0.328	0.223	1
CCSER2	3	0.000281575430446794	0.710580982121397	0.296	0.203	1
FBXL5	3	0.00028270831970017	0.452777694236578	0.352	0.243	1
MTFR1L	3	0.000290029794123896	0.578255284295945	0.252	0.159	1
MAP3K8	3	0.000293920560114223	0.346791059738184	0.484	0.368	1
KIF5B	3	0.000294890417166299	0.368521817176651	0.652	0.548	1
RBFOX2	3	0.000295631215425411	0.510828933607295	0.316	0.213	1
HNRNPH3	3	0.000307267628846456	0.466763335814909	0.56	0.462	1
SWAP70	3	0.000309857800282125	0.294967269139082	0.304	0.196	1
CD164	3	0.000310768267358244	0.294372924099099	0.764	0.738	1
KDELC2	3	0.000310813850909782	0.526068811667588	0.316	0.213	1
PCID2	3	0.000326416384592559	0.6383905843792	0.3	0.203	1
DIO3OS	3	0.000329296072713527	0.620205828952806	0.292	0.195	1
VPS29	3	0.000331515220912485	0.335545480123379	0.64	0.547	1
TMEM47	3	0.000340386763452881	0.719669575739886	0.252	0.163	1
KLHDC2	3	0.000345045863834674	0.686301881769745	0.32	0.225	1
RAP1B	3	0.000346059738784644	0.317122594879012	0.768	0.732	1
IPO5	3	0.000350808028449981	0.554660167883488	0.336	0.235	1
FNTA	3	0.000356585959722289	0.487540711984222	0.384	0.275	1
SCAMP1	3	0.000357329010447777	0.68174443346529	0.316	0.221	1
CYP20A1	3	0.000358162622675521	0.610382214312899	0.268	0.176	1
LEPROT	3	0.000360769482515112	0.383343290258913	0.668	0.605	1
MRPL11	3	0.000365246048077116	0.505802918376951	0.412	0.306	1
NAA20	3	0.000374149413391835	0.428676151065931	0.464	0.352	1
C1D	3	0.000374387541399349	0.386889758580121	0.46	0.343	1
TMBIM4.1	3	0.000380886957201221	0.281617715480062	0.844	0.815	1
TIMMDC1	3	0.000388552492883962	0.493089162412046	0.432	0.327	1
YIPF4	3	0.000398928312931922	0.52232759833007	0.448	0.347	1
RB1CC1	3	0.000403585589783232	0.474934848720322	0.38	0.273	1
MKNK2	3	0.000405802359793527	0.330209563991004	0.336	0.228	1
SF3B14	3	0.000406696898552121	0.25626640724511	0.784	0.724	1
NTAN1	3	0.000419397185000786	0.594034406217633	0.3	0.203	1
MRPL18	3	0.000421986314178207	0.437676694835339	0.428	0.317	1
LINC00969	3	0.000423055557591001	0.555973335750368	0.288	0.193	1
USP47	3	0.000423230393865597	0.467926330671028	0.36	0.254	1
SARS	3	0.000429768335949588	0.554292945318917	0.408	0.308	1
OXR1	3	0.000437157409136105	0.458722503341188	0.3	0.203	1
C4orf27	3	0.000442147969534378	0.59608268216171	0.308	0.212	1
BRWD1	3	0.000454532696563305	0.526696844054008	0.344	0.242	1
WAC	3	0.000474815456373693	0.427884394030308	0.448	0.343	1
WDR83OS	3	0.000481115765720816	0.282136375758188	0.772	0.73	1
SCCPDH	3	0.000489143281408026	0.325730756742262	0.372	0.259	1
NCBP2-AS2	3	0.000493150438682401	0.70971492511391	0.252	0.165	1
KIDINS220	3	0.000507851832935286	0.504452206696142	0.384	0.282	1
ATL3	3	0.000516385665341168	0.440724014238163	0.456	0.357	1
TRAPPC12	3	0.00052588007063972	0.639655828960088	0.28	0.187	1
ARPP19	3	0.000528249030715768	0.434390925580907	0.412	0.308	1
DHX30	3	0.000529199592251847	0.635128357403372	0.276	0.185	1
CDK2AP2	3	0.000530944984575382	0.469227708056395	0.34	0.236	1
CFI	3	0.000538709276066932	0.254932607336829	0.472	0.346	1
CWC15	3	0.00054049805553304	0.509235003066239	0.4	0.298	1
UBE2M	3	0.000540628029001516	0.42235910212236	0.568	0.473	1
SDHC	3	0.000543918694890581	0.473095584638625	0.404	0.3	1
ANAPC13	3	0.000549409165609923	0.478426743152849	0.376	0.272	1
UBLCP1	3	0.000564712747046201	0.594635403952168	0.308	0.212	1
SEMA3C	3	0.000573335726656111	0.319126431083686	0.444	0.323	1
MEAF6	3	0.00057576249091805	0.497421153395255	0.448	0.351	1
TMBIM1	3	0.000577087464065805	0.623590016600453	0.328	0.235	1
MOB2	3	0.000580203275097213	0.518287647695976	0.252	0.162	1
PTPLAD1	3	0.000589059046326853	0.499228634451656	0.424	0.321	1
USP11	3	0.000603836730978751	0.509392947966412	0.312	0.215	1
ANP32E	3	0.000607676541009596	0.481498846101331	0.332	0.23	1
COPS6	3	0.000618602923524814	0.488504827803345	0.504	0.41	1
C1QTNF4	3	0.000619825235322248	0.3181708319542	0.284	0.189	1
GTF2A2	3	0.000623430854535946	0.341559128289146	0.6	0.516	1
CBX1	3	0.000625589442353829	0.643895934997906	0.268	0.18	1
NOC3L	3	0.000633805991869356	0.718511249671327	0.268	0.182	1
NDUFB7	3	0.000638810124354854	0.309088377383735	0.764	0.736	1
NCOA1	3	0.000650313033675006	0.645377978418484	0.34	0.245	1
PDZD11	3	0.000663371546556979	0.585352163117831	0.252	0.165	1
POLK	3	0.000674634385796024	0.514991616311108	0.344	0.245	1
CTDSP1	3	0.000679729733198061	0.509483264864899	0.384	0.28	1
PEX2	3	0.000695489472740825	0.554292945318917	0.34	0.244	1
ZNF292	3	0.000713523157520864	0.400077190812446	0.424	0.317	1
DCAF7	3	0.000715618749186738	0.642547726778096	0.256	0.171	1
XRN1	3	0.000717191959113839	0.590532088750244	0.348	0.253	1
SYNC	3	0.000740227845346135	0.819804748589221	0.252	0.17	1
NAE1	3	0.000765592743107851	0.597722774142846	0.308	0.215	1
SAV1	3	0.000769121223952826	0.452068230223811	0.36	0.262	1
GMDS	3	0.000808128974124141	0.677669154896819	0.252	0.168	1
NDUFB6	3	0.000826512866594124	0.461539798260272	0.42	0.315	1
NDUFB10	3	0.000843217312876278	0.319118063098483	0.732	0.652	1
TTC1	3	0.000855843616300133	0.519975638682541	0.308	0.214	1
MRPL42	3	0.000859139838560975	0.450412366983253	0.396	0.296	1
PTK2	3	0.000868660221012638	0.383709148924342	0.296	0.2	1
ANKRD36	3	0.000886009566757919	0.482125464079991	0.296	0.203	1
MRPL22	3	0.000897839794850552	0.539797079595286	0.344	0.249	1
SF3A2	3	0.000900556299664151	0.534705055061738	0.284	0.193	1
IER3IP1.1	3	0.00090552872482047	0.453006239986108	0.488	0.383	1
ARHGAP5	3	0.000916990859522767	0.40144476217818	0.432	0.325	1
ARPC1A	3	0.000945575743147383	0.486414002535031	0.424	0.331	1
TSKU	3	0.000947406273830504	0.413204890618288	0.272	0.182	1
HP1BP3	3	0.000950235209885843	0.284436601646913	0.612	0.508	1
TSG101	3	0.000950343508869042	0.514954797368416	0.344	0.249	1
PDLIM7	3	0.000958116866800671	0.411499853128433	0.524	0.431	1
PSMC6	3	0.000960613887157379	0.419457621036552	0.46	0.353	1
ETFB	3	0.000961427234165844	0.369971115603046	0.636	0.547	1
TSPAN31	3	0.000993141635643648	0.526177937271126	0.34	0.25	1
PRMT1	3	0.00103333032315975	0.305732614344061	0.6	0.496	1
TNKS1BP1	3	0.00104700118819855	0.518993294587466	0.28	0.19	1
DTD1	3	0.00104726856460084	0.574286758560365	0.272	0.184	1
SNRNP40	3	0.00105151299697793	0.50182126542091	0.352	0.256	1
POLR2C	3	0.00106076684046207	0.479546268589955	0.304	0.211	1
ADCY3	3	0.0010662858380525	0.46344279699857	0.38	0.284	1
BUB3	3	0.00112580667195259	0.50369182022638	0.32	0.228	1
HBP1	3	0.00115172426327108	0.320520948964406	0.472	0.356	1
CMC1	3	0.00115273580590205	0.335248775133518	0.328	0.229	1
PRKD3	3	0.00115476074143564	0.491991066382295	0.32	0.226	1
ACTL6A	3	0.00118235135533958	0.619929424116078	0.268	0.184	1
PRPF6	3	0.00118504999577328	0.529299303787055	0.296	0.208	1
TUG1	3	0.00121396489435073	0.495540013867381	0.384	0.289	1
C19orf53	3	0.00121432446190508	0.28604313987686	0.832	0.788	1
DIS3	3	0.00123534441346179	0.568343619194335	0.252	0.169	1
COMMD1	3	0.00124282059202539	0.454740211173642	0.356	0.259	1
MANBAL	3	0.00127876829246282	0.576860702224192	0.264	0.18	1
CD151	3	0.00129555703988064	0.412399292965779	0.72	0.671	1
CLNS1A	3	0.00129651486915396	0.3920514636959	0.452	0.347	1
NDUFS8	3	0.00134340484801312	0.33936520855174	0.624	0.565	1
ASNSD1	3	0.00135147516411897	0.5007577231384	0.32	0.233	1
IMPDH2	3	0.00136693292353343	0.464103840809942	0.408	0.309	1
RPS19BP1	3	0.00137400579246204	0.268990648324324	0.616	0.517	1
MRPL50	3	0.00140497587793111	0.591905611196596	0.304	0.217	1
ZSCAN16-AS1	3	0.00140837558883801	0.555165631124873	0.348	0.258	1
BST2	3	0.00141705935949551	0.570328251350059	0.592	0.557	1
PPP1CC	3	0.00146526770523108	0.33234863550677	0.492	0.382	1
LNPEP	3	0.00147058407473914	0.48874520543642	0.312	0.221	1
PPP2R1A	3	0.00148167632995682	0.502454013799299	0.392	0.302	1
ZCRB1	3	0.00148836412961753	0.485015895465957	0.328	0.237	1
CD2BP2	3	0.00148900382920269	0.491139720576803	0.328	0.238	1
SDHD	3	0.00149652947022724	0.376621423126294	0.524	0.424	1
TMEM14A	3	0.00152157135640838	0.596898455460737	0.272	0.19	1
HINT2	3	0.00154596792170783	0.500256003418202	0.364	0.275	1
POGZ	3	0.00157536428071127	0.606847250999515	0.292	0.213	1
SBF2	3	0.00160696720929747	0.525087052500141	0.252	0.17	1
ATXN3	3	0.00161487967322962	0.593162514553292	0.272	0.192	1
NR1D2	3	0.00165891205706122	0.494074348183325	0.292	0.204	1
CPSF6	3	0.00169377609436875	0.636249227516839	0.256	0.175	1
RAD21	3	0.00169420226615739	0.346936247033512	0.392	0.287	1
RP11-220I1.1	3	0.00170773341714178	0.488703231852463	0.34	0.251	1
FEZ2	3	0.00170795162830656	0.444750437244475	0.364	0.274	1
ANXA6	3	0.0017340435934815	0.402728256483534	0.448	0.359	1
ATXN10	3	0.00178347318909401	0.402058637051282	0.412	0.316	1
PKD2	3	0.00179363827736114	0.630600901240041	0.272	0.193	1
MRPL34	3	0.00190153984156589	0.361913093048909	0.424	0.322	1
ESYT2	3	0.00191547940888293	0.387362540835996	0.508	0.418	1
AK3	3	0.00193094899570683	0.437577172028971	0.38	0.285	1
PDCD10	3	0.00193438135824779	0.390819180861305	0.424	0.335	1
CHMP2B	3	0.00197870889657801	0.60702972818519	0.332	0.248	1
CCS	3	0.00198554556279832	0.371439566077226	0.5	0.417	1
TAF15	3	0.00201916109993059	0.603987880247056	0.292	0.211	1
ZBTB7A	3	0.00202910874415584	0.467926330671028	0.308	0.219	1
ELAVL1	3	0.00203980788346936	0.541041318603748	0.344	0.262	1
RNF115	3	0.00208636148825492	0.392921605483972	0.348	0.253	1
NUDT16	3	0.0021039396300239	0.463604724720934	0.272	0.187	1
CHMP3	3	0.00217301132478983	0.41584358397337	0.412	0.317	1
C19orf66	3	0.00217647970086639	0.552815228257541	0.32	0.236	1
ATP5C1	3	0.00219703328516017	0.310441150561046	0.684	0.646	1
NFU1	3	0.00219717448791803	0.504062867862072	0.256	0.175	1
SMU1	3	0.00221141071637178	0.495940706840624	0.292	0.206	1
RNF5	3	0.00221846407609344	0.558656106846601	0.268	0.186	1
IGF2R	3	0.00225710846434463	0.49020631997001	0.256	0.175	1
FAM168B	3	0.00227149898377147	0.534934838456488	0.256	0.176	1
DNAJB14	3	0.00228408282826021	0.356732121534989	0.436	0.337	1
PA2G4	3	0.0023196679687063	0.327147674888232	0.524	0.436	1
SPAG7	3	0.00233431349620545	0.424509414066943	0.412	0.322	1
ENSA	3	0.0023399767765833	0.363589670856292	0.46	0.357	1
TLK1	3	0.00236389200262511	0.479999162971603	0.276	0.192	1
HNRNPR	3	0.00236567758963745	0.363050558334999	0.54	0.462	1
SUN1	3	0.00237266136102611	0.308426308647808	0.328	0.233	1
PANK2	3	0.002374785627329	0.436154746435913	0.26	0.178	1
SMIM7	3	0.00241107547142169	0.41879585599194	0.512	0.427	1
MFSD10	3	0.0024151294456811	0.433165344759989	0.432	0.34	1
SEPT6	3	0.00247784539756753	0.493512948521162	0.264	0.184	1
MRPL19	3	0.00248747820929141	0.637073245964075	0.28	0.202	1
THRAP3	3	0.00251319518284655	0.439357178474257	0.452	0.367	1
EIF3H	3	0.00251765853012766	0.279011525795238	0.692	0.628	1
NDUFA8	3	0.0025418492892477	0.424406837008285	0.356	0.265	1
CHST12	3	0.00259555797271196	0.388354275040154	0.308	0.22	1
MARCKSL1	3	0.00260713232545506	0.291077171071924	0.488	0.392	1
MED13L	3	0.00266911170010386	0.414951865805979	0.372	0.279	1
KHSRP	3	0.00270098669566544	0.475620722461028	0.3	0.216	1
ACTR6	3	0.00273170941293061	0.564888060558116	0.276	0.198	1
LASP1	3	0.00281287452410962	0.435545564524238	0.368	0.275	1
POP5	3	0.00287650726947133	0.578212173087321	0.276	0.198	1
ERGIC2	3	0.00287864109612731	0.300988210762623	0.548	0.447	1
JKAMP	3	0.00288647166536811	0.502485157039721	0.328	0.245	1
C19orf43	3	0.00288907467300147	0.269678433760525	0.772	0.751	1
VDAC2	3	0.0028895329492392	0.347614609846681	0.556	0.493	1
PSMC1	3	0.00289715662751847	0.359275854815194	0.424	0.329	1
ZNF148	3	0.0028989821893101	0.485160868087382	0.336	0.251	1
BTBD6	3	0.00290229560882477	0.478885542660894	0.256	0.177	1
CCDC115	3	0.00295816995109668	0.470384074094881	0.308	0.225	1
TSR3	3	0.00301855582769273	0.568640195419223	0.316	0.236	1
METAP2	3	0.00306309209202549	0.375018810046122	0.492	0.405	1
RTFDC1	3	0.00308354427266312	0.317611906121888	0.468	0.362	1
ADNP	3	0.0030992539534542	0.405748785831437	0.32	0.232	1
WDR45	3	0.00312287334877807	0.391262890273212	0.364	0.273	1
NSA2	3	0.00322398778372501	0.411561621228028	0.612	0.569	1
GNB2	3	0.00323285647183377	0.33519258557378	0.648	0.618	1
SRSF4	3	0.00334470352121837	0.416734269513586	0.356	0.272	1
LYPLAL1	3	0.00347019856857932	0.45190243179337	0.268	0.188	1
PFDN4	3	0.00350279761566685	0.4516955130375	0.384	0.299	1
ABHD12	3	0.00351291289725372	0.455298722343278	0.284	0.205	1
RAD23A	3	0.0035235299709759	0.422623162714456	0.488	0.421	1
MAP1LC3A	3	0.00352656701327875	0.380789559043704	0.424	0.336	1
CCDC47	3	0.0035289588659483	0.331944236053277	0.412	0.31	1
VAT1	3	0.00355739911658496	0.468057490727565	0.312	0.224	1
MRPL40	3	0.00359950546684208	0.363495163958948	0.416	0.322	1
PSMC3	3	0.00360358092337405	0.358791697170588	0.428	0.339	1
TMEM87A	3	0.00361591292918607	0.376798865478266	0.456	0.377	1
ZMAT3	3	0.00366424038859348	0.402267859739037	0.48	0.383	1
MED28	3	0.00366607759543398	0.41986100284846	0.324	0.237	1
SEC11C	3	0.00381383686034808	0.341055104862453	0.324	0.236	1
TTC37	3	0.00385635517838389	0.36535659703048	0.424	0.333	1
UQCRC2	3	0.00388179173890256	0.398878109119187	0.44	0.359	1
UROD	3	0.00393328569624099	0.409609835080205	0.324	0.239	1
DYNC1LI2	3	0.00395827701843258	0.394963059115804	0.372	0.283	1
ZNF280D	3	0.00397100987057707	0.340080075591817	0.368	0.278	1
TMEM50B	3	0.00403211514170724	0.412712406256346	0.412	0.328	1
NMD3	3	0.00421079634872759	0.497773864699579	0.272	0.195	1
PDCD5	3	0.00424462298696915	0.313916557912678	0.56	0.473	1
LSM14A	3	0.00426221997121161	0.425163296891502	0.352	0.271	1
SMCHD1	3	0.00432909745327847	0.315710237575232	0.396	0.304	1
SUGT1	3	0.00436724119025604	0.451430010774832	0.348	0.269	1
ITGB1BP1	3	0.00445710109072752	0.302760012562135	0.5	0.415	1
CTNND1	3	0.00448581251410521	0.377429429331055	0.404	0.312	1
THOC7	3	0.00460621264189185	0.401337571470951	0.452	0.383	1
RIF1	3	0.00461221260186768	0.379517769923769	0.344	0.259	1
COMMD2	3	0.00461264986026765	0.637988551482384	0.268	0.198	1
WBP2	3	0.00463843327446439	0.424857608779142	0.304	0.222	1
SLC44A1	3	0.00465502853878297	0.353057332080037	0.492	0.41	1
GINM1	3	0.00466804380207777	0.303431972500904	0.52	0.421	1
CRK	3	0.00468086335536578	0.465785303751902	0.304	0.225	1
C6orf89	3	0.0046962135045034	0.3920514636959	0.32	0.238	1
HUWE1	3	0.00476402001251934	0.504452206696142	0.304	0.227	1
FAM134A	3	0.00476438093055569	0.429771129645059	0.26	0.182	1
THUMPD1	3	0.00481114091802343	0.474122596634934	0.3	0.222	1
SMIM19	3	0.00481190706337201	0.403645081754854	0.38	0.293	1
PANK3	3	0.00494315396809578	0.552148948727438	0.256	0.183	1
CYSTM1	3	0.0050562157365941	0.304065812133302	0.452	0.354	1
STRN3	3	0.00513485889530166	0.5007577231384	0.28	0.203	1
ATRX	3	0.00519332773870144	0.269432177031944	0.62	0.538	1
EMC4	3	0.00520363324787068	0.444593826840404	0.392	0.308	1
YTHDC2	3	0.00522074382974337	0.412344226836537	0.292	0.212	1
FHL2	3	0.00523518492352429	0.435407832890282	0.496	0.413	1
TMEM55A	3	0.00525681745682928	0.514690503699545	0.288	0.213	1
LARS	3	0.00526806121500274	0.441166200706131	0.364	0.288	1
EIF2S2	3	0.00527910948887378	0.279396563250287	0.58	0.484	1
PSMB2	3	0.0053111960032544	0.293462894611853	0.56	0.471	1
GLRX5	3	0.0053174096610614	0.408189160380577	0.408	0.32	1
NAA38	3	0.00533090418524004	0.314989651943407	0.56	0.482	1
NEK7	3	0.00536773813329251	0.433902748382149	0.276	0.2	1
ZC3H13	3	0.00541855664280994	0.489912282459384	0.34	0.26	1
SKIV2L2	3	0.00562882744886483	0.532114319394109	0.276	0.203	1
SNTB2	3	0.0057413168713608	0.47532267576213	0.26	0.185	1
USP22	3	0.00576543553800464	0.412689228012177	0.372	0.289	1
RAB10	3	0.00584374259819173	0.355120641306225	0.44	0.352	1
MGAT4B	3	0.00601445500720366	0.397046373616293	0.284	0.206	1
IDH3G	3	0.00601708627598988	0.341509855076112	0.36	0.275	1
MCC	3	0.00603979234794503	0.511869678258625	0.284	0.21	1
EVI5	3	0.00604862396257891	0.475426433181779	0.316	0.235	1
ARL8A	3	0.00614507195030464	0.507494054634276	0.312	0.239	1
GOSR1	3	0.00619474016172577	0.517214499005485	0.272	0.201	1
MAF1	3	0.00628215607825354	0.326657045724895	0.428	0.351	1
ANTXR2	3	0.00630244227055839	0.5031722760717	0.288	0.216	1
ZNF580	3	0.00631240975981898	0.459748967305435	0.3	0.224	1
TERF2IP	3	0.00640918976062733	0.318416141320072	0.532	0.466	1
IGBP1	3	0.00641508607373141	0.320520948964407	0.336	0.25	1
MIB1	3	0.00656746834203374	0.391556457672554	0.3	0.22	1
YTHDC1	3	0.00660524808332078	0.41895096781242	0.336	0.257	1
NBR1	3	0.00665604013212015	0.326589248312307	0.284	0.204	1
DDRGK1	3	0.00678229504825206	0.413389494147719	0.428	0.347	1
C10orf32	3	0.00681312309005149	0.355699249427347	0.392	0.31	1
EIF3M	3	0.00687817703039193	0.328979630701159	0.536	0.458	1
TXNDC15	3	0.0070270268836935	0.314610095958454	0.468	0.379	1
ABI2	3	0.00704532016676761	0.327009452608759	0.38	0.297	1
MBTPS1	3	0.00711780907615907	0.436021465911	0.38	0.305	1
EEF1E1	3	0.00725106950885697	0.499983537425758	0.26	0.189	1
PFKL	3	0.0072519788100305	0.368604405552372	0.368	0.281	1
ZNF24	3	0.0072647960045032	0.411665444605209	0.272	0.2	1
NDUFB9	3	0.00728057557452181	0.335476034647378	0.536	0.471	1
EIF3D	3	0.0073113059986726	0.359213034166602	0.56	0.514	1
EIF3I	3	0.00731266476179568	0.265327778699208	0.592	0.514	1
CRIPT	3	0.00740528581535269	0.408925282260296	0.28	0.206	1
IAH1	3	0.00741565506456581	0.276907297594091	0.48	0.391	1
LDHB	3	0.00752638301534879	0.280927815869774	0.672	0.616	1
FAM32A	3	0.00755930601707053	0.445698705348084	0.34	0.261	1
NUMA1	3	0.0077034469937512	0.437371362550413	0.344	0.268	1
C5orf24	3	0.0077353448848153	0.361354666472984	0.352	0.27	1
CSNK2A1	3	0.00777505057033622	0.59077959369014	0.272	0.205	1
UFL1	3	0.00778783947436015	0.383400772500242	0.352	0.274	1
PMVK	3	0.00782190226144189	0.508821998137357	0.328	0.258	1
SMAD2	3	0.00782724445938644	0.379800333793802	0.284	0.208	1
SIKE1	3	0.00788996061115846	0.40745709400797	0.276	0.202	1
PPM1K	3	0.00792559275164985	0.279180153583507	0.276	0.198	1
UBE2R2	3	0.00794721951320487	0.382701961616688	0.368	0.286	1
PSMB5	3	0.00797080658257777	0.276671003262077	0.556	0.471	1
MED31	3	0.00799697480617459	0.408855090076913	0.272	0.197	1
PPP3CB	3	0.00800332048858496	0.351614283832591	0.332	0.252	1
ATP5F1	3	0.00807860804241385	0.334275132416699	0.436	0.356	1
PAFAH1B2	3	0.00827828615566217	0.619786306707014	0.296	0.226	1
COA5	3	0.00829475861296378	0.37316689877979	0.256	0.182	1
TOR1AIP2	3	0.00840160838689388	0.411665444605209	0.36	0.284	1
ZDHHC17	3	0.00840773271506511	0.371514532693205	0.276	0.204	1
CDK4	3	0.00841345002193509	0.342632407012536	0.396	0.31	1
E2F4	3	0.00841479122896586	0.535676139341629	0.252	0.184	1
ZFPM1	3	0.00849715385305656	0.510615861644079	0.26	0.19	1
NOL7	3	0.00851404273286038	0.277858173655343	0.456	0.372	1
IREB2	3	0.00857862260259107	0.500019960380881	0.256	0.186	1
FOXO1	3	0.00858661528944518	0.551290457157393	0.26	0.195	1
PPP2R5E	3	0.00865097233698268	0.39391420771309	0.348	0.27	1
NT5C	3	0.00879190073899367	0.386280126185295	0.436	0.36	1
NOSIP	3	0.00896902000197738	0.351894337223917	0.312	0.234	1
DHX9	3	0.00898377931752978	0.375063501678099	0.376	0.291	1
RNF146	3	0.00914188356044464	0.463302874099289	0.264	0.196	1
PRPF31	3	0.00928947700871193	0.436854671271087	0.304	0.232	1
PPM1A	3	0.0094199125322916	0.470814609995854	0.272	0.201	1
FAM127A	3	0.00942188687349244	0.372460141499382	0.4	0.322	1
MRPL28	3	0.00954583645028598	0.425936662711935	0.328	0.256	1
APOA1BP	3	0.00959077789211376	0.384692202875875	0.284	0.209	1
TMEM128	3	0.00970137376944487	0.388952225037014	0.26	0.187	1
KHDRBS1	3	0.00976168185843277	0.307666795578995	0.532	0.454	1
CD1C	4	0	7.45669665091606	0.824	0.019	0
LGALS2	4	2.04104676611065e-263	5.51124093950658	0.841	0.038	3.67653753979511e-259
CD1E	4	4.00021184902199e-212	7.21449574849943	0.511	0.006	7.2055816036433e-208
IL1R2	4	2.96073920195716e-203	5.94240309724424	0.631	0.025	5.33317952448542e-199
FCER1A	4	2.48443851159692e-194	5.45137427442665	0.881	0.1	4.47521909093953e-190
CFP	4	7.12142150548301e-190	4.67588664021416	0.676	0.037	1.28278165578265e-185
AGPAT9	4	4.08782822731187e-188	4.88253281618749	0.653	0.033	7.36340498585687e-184
CLEC10A	4	4.40793056575696e-174	4.42011036179067	0.852	0.098	7.94000532809801e-170
DAPP1	4	1.32834304587444e-169	4.47596884560936	0.71	0.055	2.39274432853363e-165
HLA-DQA1	4	1.33459318251968e-167	4.56758392019878	0.994	0.206	2.4040026996727e-163
CST7	4	2.42076041545106e-164	3.67584058377141	0.608	0.033	4.36051573635199e-160
CYTIP	4	1.3455143341364e-156	3.86320410954407	0.756	0.074	2.4236749700799e-152
CD86	4	1.15198861961189e-153	3.654848205165	0.869	0.116	2.07507710050689e-149
C1orf162	4	1.18647895263149e-148	3.28823631461568	0.943	0.151	2.13720453737511e-144
CPVL	4	1.9341085255663e-147	3.52851381152554	0.966	0.188	3.48390968710258e-143
CSF2RA	4	2.72830819425848e-147	3.56893071038646	0.795	0.095	4.9145015503178e-143
AMICA1	4	2.2402255983663e-139	3.41367326329102	0.824	0.115	4.03531837033722e-135
ITGAX	4	2.03471031673995e-137	3.5530811873404	0.608	0.046	3.66512369354367e-133
AREG	4	5.91841679020585e-137	4.93208656063507	0.545	0.036	1.06608441641978e-132
FCGR2B	4	4.24932205529373e-134	3.16719003372107	0.852	0.128	7.6543038182006e-130
HLA-DQB1	4	1.09044451781983e-132	3.69715873298822	1	0.329	1.96421770994886e-128
ADAM8	4	2.06628822527055e-130	4.41428289568585	0.517	0.033	3.72200498017984e-126
STX11	4	6.52251134690349e-128	3.64068726354792	0.665	0.071	1.17489996891772e-123
HLA-DPB1	4	1.24324241106185e-120	3.89551830593439	1	0.443	2.2394525550457e-116
PKIB	4	3.88747940141054e-117	3.74473506287975	0.619	0.066	7.0025166457608e-113
HLA-DPA1	4	3.91187071528533e-117	3.58154243838907	1	0.463	7.04645271944347e-113
CD48	4	3.96933398327052e-115	3.04413163731674	0.744	0.106	7.14996130406518e-111
DUSP2	4	1.3463592246555e-113	3.08924226776063	0.818	0.142	2.42519687137195e-109
HLA-DMA	4	1.36238841516876e-112	2.73343989195497	1	0.317	2.4540702522435e-108
MNDA	4	1.43109672016064e-112	2.68346282784407	0.841	0.142	2.57783452202536e-108
LYZ	4	5.52068022558854e-112	2.70896533063504	0.989	0.264	9.94440129035263e-108
CLEC7A	4	7.32306885603479e-111	2.27679265544211	0.92	0.165	1.31910439303755e-106
HLA-DRB1	4	1.06024692859774e-110	3.32405157370458	1	0.502	1.9098227924831e-106
RNASE6	4	2.94478151023632e-110	3.03811841615239	0.818	0.147	5.30443493438868e-106
RAB11FIP1	4	1.47411978715533e-108	3.17522735278649	0.699	0.098	2.65533197260289e-104
HLA-DRA	4	1.89244304404243e-108	3.17101513841399	1	0.502	3.40885765523362e-104
LST1	4	6.72860469491392e-107	2.58360218297613	0.858	0.159	1.21202356369484e-102
IFI30	4	1.58815061038305e-104	3.42651639077731	0.625	0.078	2.86073569448299e-100
FLT3	4	1.67937382638344e-104	4.70933945090326	0.341	0.013	3.02505607346449e-100
PHACTR1	4	1.82057136166697e-104	3.17414279436284	0.648	0.085	3.2793951937707e-100
RP11-1143G9.4	4	1.80486050353115e-102	3.17758617792153	0.653	0.091	3.25109522501066e-98
TMEM156	4	2.94143011804404e-102	5.14782470885414	0.318	0.011	5.29839807163274e-98
CD83	4	4.39470354800657e-102	2.24538534979615	0.966	0.228	7.91617950102424e-98
LCP1	4	3.64125721831111e-100	2.50911356777198	0.864	0.177	6.55899662734381e-96
MS4A6A	4	1.80732207762711e-99	2.55677013002969	0.915	0.229	3.25552925842972e-95
RGS1	4	7.60455627703866e-98	2.56026410152735	0.773	0.133	1.36980872218297e-93
PTPRC	4	1.91321715725433e-97	2.17496245489544	0.96	0.225	3.44627806536222e-93
GPR183	4	5.80083674036507e-95	2.46168187107646	0.784	0.153	1.04490472204196e-90
CD52	4	6.11158991518904e-95	2.49116305459346	0.585	0.07	1.100880691423e-90
SPINT2	4	1.51195936369404e-94	2.75245212847111	0.761	0.144	2.72349240182208e-90
HLA-DMB	4	1.17837772822615e-93	2.38958245505752	0.841	0.176	2.12261180185376e-89
NFKBID	4	2.08231376535302e-93	2.99248789201689	0.739	0.142	3.75087178553039e-89
CD37	4	1.44685398545371e-92	2.3057098978025	0.881	0.189	2.60621808399776e-88
CD74	4	2.71219725492573e-91	2.52783528027883	1	0.542	4.88548091529772e-87
LY86	4	5.27312809331003e-90	2.52592009209796	0.682	0.107	9.49848563447935e-86
SPI1	4	3.94363840135324e-89	2.2436791761921	0.818	0.163	7.1036758523576e-85
NRARP	4	5.94469382375626e-88	3.8607630323739	0.5	0.058	1.07081769847322e-83
ITGB2	4	4.87099669828623e-86	1.92146968173656	0.886	0.191	8.77412635262298e-82
CYP2S1	4	1.37497420682493e-84	5.072553159583	0.267	0.009	2.47674103875375e-80
FCER1G	4	2.86247520375852e-84	2.1062115786791	0.938	0.263	5.15617658453022e-80
MIR181A1HG	4	2.99104739425801e-84	3.29398256436884	0.455	0.046	5.38777367127696e-80
CLEC4A	4	3.3608236722958e-84	3.24342561954816	0.5	0.06	6.05385168090643e-80
SRGN	4	5.05227143500845e-84	2.48798995279423	0.994	0.468	9.10065653588073e-80
AIF1	4	2.15214965062317e-83	1.78997317837196	0.977	0.256	3.87666716566752e-79
REL	4	2.60949510700398e-83	2.80186067851127	0.892	0.272	4.70048353624627e-79
STK4	4	3.45668920189022e-82	2.69177037990621	0.807	0.221	6.22653425936486e-78
HLA-DRB5	4	2.66200695318733e-81	3.93689241429928	0.364	0.028	4.79507312477634e-77
ARL4C	4	2.89573613528159e-81	2.71958047013723	0.75	0.167	5.21608950048272e-77
CORO1A	4	1.30922406351113e-78	1.85524602740633	0.818	0.176	2.35830530560259e-74
PLEK	4	1.53396176699094e-78	2.18403354388449	0.744	0.152	2.76312533088078e-74
CXCL16	4	4.73238819292552e-78	2.51888570743167	0.852	0.264	8.52445085191674e-74
PARVG	4	6.13596366751517e-78	2.87327631500331	0.545	0.078	1.10527113542951e-73
C15orf48	4	6.25011388335157e-78	4.15403181184179	0.398	0.038	1.12583301380812e-73
VAMP8	4	1.19497545819539e-77	1.93921491884846	0.864	0.207	2.15250929284736e-73
RASGEF1B	4	3.48268754291087e-77	2.31126621139449	0.739	0.155	6.27336507104534e-73
RPS29	4	6.32305933663187e-77	1.29498421685378	1	0.998	1.1389726783075e-72
LAPTM5	4	1.29888592713789e-76	1.59005309677172	0.938	0.225	2.33968322055347e-72
LIMD2	4	1.22613776522069e-75	2.45344122635109	0.761	0.183	2.20864195649203e-71
RILPL2	4	4.55587724695616e-75	2.77487261094231	0.773	0.213	8.20650168494213e-71
RGS18	4	4.580510345454e-75	2.63747739356538	0.58	0.093	8.25087328526628e-71
H3F3A	4	9.24313488301425e-75	1.43259653044495	1	0.996	1.66496588647736e-70
FAM26F	4	1.12351807051928e-74	2.50656326306785	0.71	0.156	2.02379310042639e-70
PTPRE	4	3.11834874925785e-74	2.43044987826786	0.733	0.162	5.61708160203816e-70
RPS24	4	5.97204195555338e-74	0.924181925954995	1	1	1.07574391745383e-69
FXYD5	4	1.07679534606974e-73	2.10463700208191	0.92	0.319	1.93963145687543e-69
GPSM3	4	1.33283821165321e-73	2.23827313178256	0.756	0.17	2.40084147065093e-69
TMSB10	4	2.36152033423715e-73	1.12239187591055	1	1	4.25380657806137e-69
MEF2C	4	5.70306310650844e-73	2.02194026837104	0.915	0.269	1.02729275737536e-68
ADAM28	4	1.03280972819784e-72	2.57231206413483	0.54	0.081	1.86040016340276e-68
GMFG	4	1.11144176740124e-72	2.03123815263223	0.858	0.231	2.00204005561986e-68
MIR142	4	2.05182165109026e-72	3.10016493986305	0.483	0.065	3.69594634010889e-68
TMSB4X	4	6.35615331528622e-72	1.46296737406116	1	0.998	1.14493389668251e-67
FCGR2A	4	6.41655834788505e-72	1.76470558478531	0.812	0.185	1.15581465520453e-67
COTL1	4	1.90716970862764e-71	2.21363489264429	0.96	0.48	3.43538479615096e-67
PTPN6	4	2.47740015721202e-71	2.85828861912995	0.562	0.096	4.46254090318601e-67
EVI2B	4	2.93249656792463e-71	2.31781189676776	0.67	0.136	5.28230606780263e-67
CKLF	4	1.07606729482046e-70	2.16746371199959	0.926	0.399	1.9383200181601e-66
SMAP2	4	3.06274159496627e-70	2.26262824417253	0.722	0.162	5.51691643501274e-66
IL1B	4	1.06411592163582e-69	1.8351539350324	0.642	0.125	1.91679200964259e-65
CACNA2D3	4	3.41964552776616e-69	3.40607057784609	0.358	0.034	6.15980748916519e-65
STK17B	4	5.76984361056354e-69	2.20663930495295	0.812	0.241	1.03932192957081e-64
CD72	4	1.64955992594474e-68	3.7457262652828	0.335	0.029	2.97135229460426e-64
HDAC9	4	2.30728115169856e-68	2.72571912658945	0.545	0.092	4.15610553855462e-64
SERPINA1	4	4.12641058630747e-68	2.13650082964993	0.636	0.125	7.43290338911564e-64
BATF3	4	4.33358352284586e-68	3.82323563250371	0.352	0.034	7.80608399970224e-64
RPS16	4	6.2687555116795e-68	1.07364096317904	1	0.995	1.12919093031883e-63
CTSS	4	6.27666511842586e-68	1.652657295736	0.966	0.37	1.13061568778205e-63
BCL2A1	4	1.21614241397421e-67	1.77577816283368	0.619	0.115	2.19063733029174e-63
CIITA	4	1.97375742146118e-67	3.08670011586071	0.443	0.058	3.55532924327803e-63
IGSF6	4	2.12195942349585e-67	3.18629885666878	0.432	0.056	3.82228550954308e-63
MRC1	4	2.31030693785183e-67	2.41544908687447	0.523	0.083	4.1615558871525e-63
FGR	4	3.38544128702115e-67	3.09928596921927	0.381	0.041	6.09819539031119e-63
WAS	4	8.8232934477735e-67	2.47884979315461	0.591	0.112	1.58933984874744e-62
CXorf21	4	1.93929548221703e-66	3.01394377342539	0.438	0.058	3.49325295211754e-62
FAU	4	2.21968359019798e-66	0.923459285420404	1	0.999	3.99831605102362e-62
CD300LB	4	2.44727115618723e-66	3.8982550264476	0.278	0.019	4.40826953364005e-62
RPL26	4	4.65736886024215e-66	0.956915646780103	1	1	8.38931852795419e-62
ATP1B1	4	2.03112791027536e-65	2.88948593909039	0.483	0.074	3.658670704779e-61
RPS14	4	4.85359762562295e-65	0.907938130588697	1	1	8.74278540303462e-61
CD53	4	8.10537253051328e-65	1.72081456790922	0.812	0.195	1.46002075392136e-60
ARHGDIB	4	1.7606812832009e-64	1.86950948508039	0.858	0.256	3.17151519542978e-60
HLA-DOA	4	1.84264498650389e-64	2.97929848574931	0.46	0.068	3.31915641418947e-60
ATP2B1	4	3.42871936767807e-64	2.18969203221592	0.886	0.378	6.1761521969985e-60
CYBA	4	4.38545441226412e-64	1.53239195612292	0.994	0.868	7.89951903281137e-60
ICAM3	4	5.48858377074178e-64	2.90415562788728	0.534	0.099	9.88658594623717e-60
RPS7	4	8.92594755450685e-64	0.921557006968381	1	0.998	1.60783093299332e-59
RPS9	4	1.31622984311944e-63	0.860512784031951	1	1	2.37092481641105e-59
CXCR4	4	1.75002520261544e-63	2.22104000766533	0.631	0.135	3.15232039747118e-59
CSF3R	4	1.92628478121409e-63	2.36676782582535	0.528	0.089	3.46981677640094e-59
SCIMP	4	8.20559932034434e-63	3.81669278663694	0.278	0.02	1.47807460557363e-58
RPS27	4	8.73359295562358e-63	0.864241554226604	1	1	1.57318209909648e-58
GRASP	4	7.20192376949403e-62	2.89612725413135	0.699	0.21	1.29728252859896e-57
GNA15	4	1.14848661941752e-61	2.99269230248894	0.409	0.054	2.06876894755677e-57
IL8	4	1.21016871704544e-61	2.00246768862343	0.801	0.269	2.17987691001395e-57
RPL28	4	4.36803796508005e-61	0.831274431033674	1	1	7.8681467864987e-57
LINC00936	4	4.6610225451137e-61	2.3253595135164	0.614	0.132	8.39589991051331e-57
PLD4	4	4.71832846228643e-61	1.53975939185946	0.517	0.084	8.49912505911654e-57
BID	4	5.12263089812303e-61	2.65723196120173	0.625	0.151	9.22739503678902e-57
RPL18A	4	5.57439148805873e-61	0.85457241142275	1	1	1.00411513874402e-56
CHN2	4	6.41039218787475e-61	3.0394344865227	0.392	0.05	1.15470394480188e-56
RPL37	4	1.54165698469736e-60	0.818436396019565	1	1	2.77698672653536e-56
GK	4	5.44297238155462e-60	2.4477422008129	0.528	0.097	9.80442615089434e-56
MCOLN2	4	3.39176530388489e-59	4.09372787178005	0.256	0.018	6.10958684188786e-55
HAVCR2	4	5.34793096523777e-59	2.59897079683449	0.477	0.079	9.63322804768279e-55
RNASET2	4	1.09140814791022e-58	1.59845500808841	0.977	0.535	1.96595349683068e-54
AP1S2	4	3.10160428070305e-58	1.88339706772048	0.807	0.246	5.5869197908304e-54
GCA	4	3.65034012358967e-58	2.47049595604199	0.653	0.174	6.57535766462206e-54
RGS10	4	3.69518475844727e-58	1.84526193883371	0.869	0.327	6.65613630539106e-54
SGK1	4	4.60492783796811e-58	1.83573643101539	0.938	0.488	8.29485651453196e-54
TET2	4	8.43214835122562e-58	2.27289947489219	0.705	0.199	1.51888288250627e-53
IL2RG	4	1.07343398054116e-57	2.99119051786908	0.33	0.035	1.9335766291488e-53
OTUD1	4	2.02011088139498e-57	1.88645362615382	0.688	0.185	3.63882573065678e-53
TSPAN33	4	2.33345683288436e-57	2.75023533144794	0.472	0.081	4.2032557930746e-53
TYROBP	4	3.66920690346889e-57	1.65589705656771	0.898	0.313	6.60934239521852e-53
FTH1	4	3.77566352224747e-57	1.34653114619974	1	1	6.80110270262437e-53
METRNL	4	4.0504806843266e-57	2.15804102431049	0.869	0.433	7.2961308566775e-53
DBI	4	5.48293502016536e-57	2.29663943575812	0.96	0.719	9.87641085182387e-53
HCLS1	4	5.91596757347339e-57	2.05488173232362	0.716	0.199	1.06564323900976e-52
GPR157	4	5.40343358642656e-56	3.12971532830241	0.375	0.051	9.73320491923016e-52
RPL27A	4	8.70560747958981e-56	1.0358592652956	1	0.991	1.56814107529851e-51
UBA52	4	2.21933548577369e-55	0.918733110326632	1	0.992	3.99768901052415e-51
LYN	4	3.10570235995902e-55	2.18583103143389	0.585	0.131	5.59430166099418e-51
RASSF5	4	3.27465169324509e-55	2.81829489123344	0.5	0.099	5.89863009504237e-51
CTSZ	4	3.62246180518573e-55	1.55076219487755	0.955	0.587	6.52514044968105e-51
CD1D	4	1.12747801933218e-54	3.42860434388671	0.33	0.039	2.03092615622306e-50
ARPC3	4	1.55092820471191e-54	1.27036186803031	1	0.877	2.79368697514757e-50
RPL11	4	1.60270531578903e-54	0.726952349200014	1	1	2.88695308533078e-50
B3GNT5	4	1.92517459767152e-54	2.49285172566922	0.449	0.076	3.46781700278571e-50
HCST	4	2.45097493856857e-54	1.30071370655846	0.835	0.235	4.41494115684356e-50
EVI2A	4	3.27537658538131e-54	2.386579966896	0.591	0.14	5.89993584324736e-50
RPL21	4	7.70473209913157e-54	0.791079044402966	1	1	1.38785339301657e-49
RPS2	4	1.05667511725235e-53	0.789766530622347	1	1	1.90338888870665e-49
ITGB2-AS1	4	1.12321834415881e-53	3.36266115574223	0.318	0.037	2.02325320333327e-49
MS4A7	4	1.47699164232312e-53	1.30243552090108	0.716	0.172	2.66050504531663e-49
FAM49B	4	1.70413077496118e-53	1.79613508136254	0.778	0.242	3.06965076493757e-49
RPS13	4	2.46523556204361e-53	0.770753211647348	1	0.999	4.44062881790916e-49
RPS23	4	7.23440402681707e-53	0.788874074544327	1	1	1.30313319735056e-48
C19orf38	4	2.41576274662222e-52	3.29843456699933	0.312	0.036	4.35151343549061e-48
RPS15	4	2.80561194932667e-52	0.683577799825555	1	1	5.05374880432213e-48
HMGA1	4	1.03959108224508e-51	2.31919312716612	0.511	0.106	1.87261541644806e-47
VSIG4	4	1.61481125323576e-51	1.79698951321199	0.625	0.152	2.90875951045357e-47
RPS15A	4	1.9616394769566e-51	0.727609374682084	1	1	3.53350118984193e-47
SPNS3	4	3.03819229342912e-51	3.31919312716612	0.29	0.031	5.47269577815387e-47
RPL32	4	5.57722727268088e-51	0.687810856841434	1	1	1.00462594862801e-46
MARCH1	4	6.04968532651311e-51	2.01213830876029	0.551	0.118	1.08972981786481e-46
RPS11	4	6.68411257136458e-51	0.863975810573908	1	0.991	1.2040091974799e-46
GPX1	4	7.35925310473743e-51	1.11529074470575	1	0.897	1.32562226175635e-46
RPL19	4	9.83535867217312e-51	0.692599867811059	1	1	1.77164315761854e-46
RPL27	4	1.55086388012161e-50	0.874781025753766	1	0.992	2.79357110726305e-46
PMAIP1	4	1.6870973621662e-50	2.25494620361835	0.551	0.125	3.03896847846997e-46
PABPC1	4	2.49530874196757e-50	1.30049093615329	1	0.877	4.49479963690619e-46
RPS3A	4	4.35471747195785e-50	0.764595777274544	1	0.997	7.84415258223768e-46
INSIG1	4	6.3802895295987e-50	2.95864373825145	0.636	0.193	1.14928155296661e-45
MAP3K8	4	2.29023641434748e-49	2.03255573536819	0.801	0.345	4.12540285316412e-45
PIM3	4	2.69259185089804e-49	2.53904159982788	0.716	0.256	4.85016570102263e-45
MBP	4	3.08429780534688e-49	0.859374675159867	0.705	0.21	5.55574563677134e-45
UCP2	4	3.61217656843741e-49	2.21582928939829	0.574	0.136	6.50661365272631e-45
SLC8A1	4	5.52985067908946e-49	2.23886805758104	0.534	0.122	9.96092002824384e-45
CREM	4	7.99915671569395e-49	2.27651445990145	0.773	0.309	1.44088809919795e-44
LAT2	4	8.93134774591635e-49	2.06285337390634	0.477	0.092	1.60880366947191e-44
CLECL1	4	2.55371067257257e-48	3.37973466910117	0.301	0.037	4.59999903450497e-44
ETV6	4	4.11383666510251e-48	2.1036170134511	0.642	0.185	7.41025398484914e-44
RPL30	4	7.07030672043653e-48	0.738312977669558	1	1	1.27357434955223e-43
CD55	4	1.07946067491385e-47	1.82455005696194	0.852	0.403	1.94443251372231e-43
MIR29A	4	1.16906578078006e-47	2.44602314940161	0.494	0.11	2.10583819091912e-43
RPS21	4	1.23456304788467e-47	0.832544295838976	1	0.996	2.22381841815466e-43
ATP5E	4	3.45442371774888e-47	0.87625212009361	1	0.991	6.22245344278106e-43
LMO2	4	6.04458776369644e-47	1.99726503227876	0.568	0.136	1.08881159387464e-42
AOAH	4	1.21506742990589e-46	2.2948796698227	0.477	0.099	2.18870096148948e-42
NLRP3	4	1.27999704494471e-46	2.19693737711513	0.466	0.094	2.30565867705891e-42
RGCC	4	2.06633264437414e-46	2.46968192630455	0.795	0.366	3.72208499231114e-42
RPL10	4	2.87049446946072e-46	0.6312330246481	1	0.999	5.1706216878396e-42
SAMHD1	4	3.32465831693873e-46	1.61615979926423	0.898	0.518	5.98870702630174e-42
OGFRL1	4	3.76840237299669e-46	1.62271219837155	0.733	0.233	6.78802319447894e-42
ETV3	4	5.61381288646237e-46	2.7162448809716	0.5	0.124	1.01121611523847e-41
LSP1	4	6.75868146618426e-46	1.60305661301426	0.903	0.493	1.21744129250377e-41
PYCARD	4	7.18216371202705e-46	1.73156143966898	0.778	0.282	1.29372314944743e-41
CST3	4	3.05007966996256e-45	1.12518906671141	1	1	5.49410850950357e-41
PLAUR	4	8.18302586422804e-45	2.32470486277515	0.824	0.472	1.4740084489234e-40
PRMT10	4	8.50280103808237e-45	2.46628605329411	0.5	0.124	1.53160955098978e-40
TNFAIP8	4	1.15379862726834e-44	2.25717784647084	0.591	0.166	2.07833746729846e-40
GNA13	4	1.77539341790545e-44	2.4048815914404	0.585	0.173	3.19801616367309e-40
THEMIS2	4	5.26317120766892e-44	2.03065120077331	0.455	0.093	9.48055029637402e-40
RPL22	4	7.88899011136966e-44	0.758329124371091	1	0.993	1.42104378876102e-39
CMTM6	4	9.53298569817361e-44	1.65196242901759	0.903	0.527	1.71717671381201e-39
RPS12	4	1.23003015922603e-43	0.614636737992834	1	1	2.21565332581384e-39
MT-CO1	4	1.88623331466501e-43	0.797865596814864	1	1	3.39767206970608e-39
HLA-B	4	2.73892207627729e-43	1.10274357231278	1	0.898	4.93362033599829e-39
OSCAR	4	6.18730614779529e-43	2.77149788416166	0.295	0.04	1.11451945640237e-38
RPS6	4	3.56497963631123e-42	0.680967937309663	1	0.998	6.42159781888743e-38
OAZ1	4	4.03525418654303e-42	0.8463150510864	0.994	0.982	7.26870336621995e-38
IER5	4	4.0922421435913e-42	1.70928426931474	0.795	0.322	7.37135577325101e-38
PSTPIP2	4	8.34053804916232e-42	2.81488828979019	0.352	0.061	1.50238111879561e-37
EMR2	4	9.55363627185888e-42	2.77724351540506	0.318	0.049	1.72089650164994e-37
HLA-C	4	1.3442307777758e-41	0.995580266924626	1	0.892	2.42136290000755e-37
EDEM1	4	2.47063405468241e-41	2.25885022147549	0.568	0.165	4.45035312269943e-37
EFHD2	4	2.58281135110158e-41	1.6864774949966	0.744	0.292	4.65241808673928e-37
RTN1	4	3.87977247949244e-41	2.55016632376762	0.369	0.067	6.98863416730972e-37
DOCK8	4	4.59731227030523e-41	2.09302401508419	0.443	0.094	8.2811385925008e-37
FMNL1	4	7.84174541925828e-41	1.88848868636143	0.568	0.157	1.41253360237099e-36
EREG	4	9.07363708915261e-41	2.2132792641646	0.33	0.053	1.63443424886906e-36
PTPN22	4	1.70449771737338e-40	2.33149048596951	0.386	0.074	3.07031173830467e-36
FGL2	4	3.21517997108583e-40	1.31878145786931	0.818	0.344	5.7915036819169e-36
SAMSN1	4	4.89256374665336e-40	2.41995610410104	0.415	0.087	8.8129750768467e-36
CARD16	4	5.27917439951692e-40	1.7678436321617	0.659	0.227	9.50937684584983e-36
CD69	4	7.18921231856527e-40	1.28648896209342	0.432	0.091	1.29499281494316e-35
RGS2	4	1.13811497907147e-39	1.79006221262693	0.75	0.327	2.05008651180145e-35
RPL23A	4	1.2510205394937e-39	0.683847460401264	1	0.998	2.25346329779e-35
PLEKHO1	4	1.47293010816019e-39	1.77735787433191	0.75	0.302	2.65318900382894e-35
EEF1B2	4	2.34469333921805e-39	0.896039845518872	1	0.977	4.22349611193348e-35
CECR1	4	2.38253263372868e-39	2.01117063430398	0.506	0.13	4.29165603313547e-35
RP11-138A9.2	4	2.79061472183768e-39	2.31484765689016	0.523	0.151	5.02673429844622e-35
UVRAG	4	3.34714716396979e-39	2.19456647265238	0.506	0.135	6.02921618645879e-35
RPL18	4	3.37770588908014e-39	0.614809220598327	1	1	6.08426161800006e-35
H2AFY	4	4.44996470604337e-39	1.56806020107332	0.841	0.439	8.01572142499593e-35
BIRC3	4	6.68024490830544e-39	2.091769018742	0.432	0.096	1.20331251533306e-34
PAK1	4	1.38433443276212e-38	2.58222753299992	0.409	0.091	2.49360161373441e-34
BTK	4	2.55662315958276e-38	2.55838079104555	0.295	0.045	4.60524529735643e-34
PPT1	4	2.83520670677403e-38	1.50032727935483	0.812	0.369	5.10705784091206e-34
RPL35	4	6.24866333608129e-38	0.633619220375571	1	1	1.12557172672832e-33
TRAF1	4	8.32697012239172e-38	2.92022399651493	0.278	0.041	1.49993712814642e-33
HCK	4	1.01925556161717e-37	2.14871737364959	0.398	0.083	1.835985043141e-33
PTGER4	4	1.48940432328878e-37	2.24599887456175	0.574	0.185	2.68286400754008e-33
NR4A3	4	1.66353114072788e-37	1.98898646816716	0.767	0.388	2.99651864379312e-33
TPT1	4	2.06159332433732e-37	0.577478140060288	1	1	3.71354805512881e-33
CKS2	4	2.16980802563638e-37	2.27374775441329	0.568	0.178	3.90847519657881e-33
RPL38	4	3.2089097989169e-37	0.711179086407323	1	0.991	5.78020922078902e-33
CTSH	4	3.87078018692552e-37	1.40379461702189	0.864	0.462	6.97243635070894e-33
LOH12CR1	4	7.02603397189309e-37	2.58222753299992	0.392	0.086	1.2655994993571e-32
RPLP2	4	7.86643852879692e-37	0.597512089271423	1	0.998	1.41698157219219e-32
NR4A2	4	8.53536572115324e-37	1.46753370778043	0.909	0.656	1.53747542735133e-32
ARPC1B	4	8.75054804365307e-37	1.00530235134418	0.983	0.882	1.57623621910323e-32
NAMPT	4	1.10278752595173e-36	1.44090516705655	0.886	0.589	1.98645117049685e-32
TNFRSF1B	4	1.67809606995172e-36	1.80963802910299	0.545	0.159	3.02275445080403e-32
SH2B3	4	2.06083515332288e-36	1.81669278663694	0.534	0.154	3.71218236168051e-32
MPEG1	4	4.21730022560328e-36	1.6930556632123	0.46	0.109	7.59662289637919e-32
RPLP1	4	4.90276947985671e-36	0.537914066550517	1	1	8.8313586640659e-32
RPS10	4	5.26792595810105e-36	0.826295850987868	0.989	0.958	9.48911502832743e-32
ARRB2	4	8.27370020110169e-36	1.48785356456478	0.608	0.184	1.49034161722445e-31
SLC25A5	4	1.13710899424784e-35	1.32842468051201	0.903	0.613	2.04827443133864e-31
DOK2	4	1.14754993943554e-35	2.02670881017124	0.386	0.082	2.06708170590523e-31
IL10RA	4	1.6367949031193e-35	1.87667489146517	0.46	0.114	2.94835865898879e-31
TNFAIP3	4	2.08660508334274e-35	1.43371905985274	0.591	0.188	3.75860173662528e-31
LGALS9	4	2.571505994605e-35	1.77487261094231	0.506	0.138	4.63205374808199e-31
MYO1F	4	2.62439511284126e-35	1.81429296067595	0.426	0.098	4.72732291676095e-31
SATB1	4	2.78337682606487e-35	2.2753016014518	0.415	0.098	5.01369667679065e-31
B2M	4	2.79098239273105e-35	0.696639493274347	1	1	5.02739658402645e-31
EIF3K	4	2.93094407167644e-35	0.957251375143368	0.989	0.867	5.27950955631077e-31
RPS18	4	5.97223410054672e-35	0.553038647815463	1	1	1.07577852853148e-30
RPL9	4	6.08425358187323e-35	0.565667969096117	1	1	1.09595659770282e-30
IL18	4	1.02582566873073e-34	1.60014944099718	0.557	0.167	1.84781977708466e-30
SLC25A19	4	1.12071223621518e-34	2.69145660275468	0.347	0.072	2.01873895109441e-30
KDM6B	4	1.46874287836383e-34	1.63289697778486	0.79	0.424	2.64564654679677e-30
PFN1	4	1.55128465499555e-34	0.93522877756174	0.983	0.925	2.79432904904348e-30
RPS28	4	1.92037492553292e-34	0.536033596102317	1	1	3.45917135336246e-30
RPL34	4	1.93283485885177e-34	0.574753772321982	1	1	3.48161543124969e-30
JARID2	4	2.2502127195784e-34	2.16318810316358	0.477	0.134	4.05330817177656e-30
KYNU	4	2.49316931983078e-34	2.45253645636028	0.341	0.068	4.49094589581118e-30
YPEL5	4	3.57074396138909e-34	1.77662027322858	0.773	0.423	6.43198109765016e-30
ZNF331	4	4.31297464694512e-34	2.24382239257045	0.619	0.246	7.76896123154225e-30
SLC38A1	4	4.98143858858261e-34	2.26029943811255	0.324	0.061	8.97306532961385e-30
TYMP	4	6.54128392334892e-34	1.28154432730499	0.903	0.574	1.17828147311284e-29
RPL29	4	8.1231309677227e-34	0.546137111951053	1	1	1.46321958121589e-29
CDC42SE2	4	1.28950502289698e-33	1.80461995433637	0.528	0.159	2.32278539774433e-29
RPL35A	4	1.5881848053595e-33	0.576786816152403	1	1	2.86079728989407e-29
PPIF	4	2.11120457627519e-33	2.02568071444285	0.5	0.151	3.8029128032445e-29
RPL6	4	2.33918985546691e-33	0.590748458712925	1	0.999	4.21358268665254e-29
TBXAS1	4	2.50324113764594e-33	1.56994920322148	0.466	0.118	4.50908826124163e-29
RPL39	4	2.7012036328097e-33	0.505888305597007	1	0.999	4.86567810378011e-29
GLIPR1	4	2.91563194505744e-33	1.36345542734217	0.801	0.388	5.25192782263197e-29
LPXN	4	9.36176972694694e-33	2.13124333731468	0.392	0.093	1.68633558091495e-28
PRKCB	4	2.24837571560632e-32	1.88955121497851	0.347	0.072	4.04999917652166e-28
H2AFZ	4	2.47987223759416e-32	1.18915059715234	0.909	0.64	4.46699386157836e-28
CLEC12A	4	3.31772291326647e-32	2.30760515289091	0.273	0.046	5.97621428366689e-28
CD4	4	3.89212771967109e-32	1.33768947078351	0.528	0.15	7.01088966144354e-28
RPL14	4	4.40183595607162e-32	0.596097872204852	1	0.999	7.92902710767181e-28
ARHGAP30	4	5.53180936386588e-32	2.28266725114101	0.341	0.072	9.96444820713162e-28
LY96	4	5.96766658349433e-32	1.27580753286859	0.756	0.331	1.07495578168483e-27
GLIPR2	4	1.84827397204555e-31	1.79522125633412	0.585	0.211	3.32929590584565e-27
PLCB2	4	2.35255493633684e-31	2.30351150493385	0.295	0.056	4.23765720682355e-27
PTPLAD2	4	2.37422244165675e-31	1.85390085710758	0.517	0.167	4.2766868841563e-27
DENND4A	4	2.63423066543352e-31	2.0382534437296	0.455	0.13	4.74503969764539e-27
RBPJ	4	3.70347151939419e-31	1.22115286192831	0.858	0.52	6.67106324788476e-27
SYNGR2	4	4.30700354822756e-31	1.56515401964098	0.528	0.164	7.7582054914223e-27
RPL37A	4	7.57679919826989e-31	0.526568212444612	1	1	1.36480883958435e-26
MKNK2	4	2.14938054190659e-30	1.68030319028475	0.585	0.211	3.87167917013634e-26
FERMT3	4	2.22280483784263e-30	1.5449019973111	0.483	0.137	4.00393835440592e-26
RPS25	4	2.46806851765737e-30	0.574438233739665	1	1	4.44573182085623e-26
TMEM66	4	2.66451670919539e-30	0.947886665563216	0.966	0.83	4.79959394827366e-26
TM6SF1	4	2.7133490173568e-30	1.97281198855422	0.352	0.08	4.8875555849648e-26
AIM1	4	3.31553209655484e-30	2.69770475041985	0.267	0.048	5.97226796552423e-26
RNF144B	4	3.39537552841641e-30	2.30424278570015	0.312	0.064	6.11608993933648e-26
EAF2	4	3.92637674215648e-30	2.51183820510852	0.312	0.066	7.07258242564648e-26
NCF2	4	4.33432477922548e-30	2.2725430338673	0.295	0.057	7.80741922481886e-26
SERPINB9	4	6.12090740986759e-30	1.88284512164187	0.489	0.157	1.10255905173945e-25
RPL15	4	8.03173135603709e-30	0.523717017160882	1	1	1.44675576916296e-25
SNX10	4	8.45819207902959e-30	2.11576179491407	0.369	0.091	1.5235741391956e-25
KIAA1598	4	9.83393486866498e-30	2.5112080696799	0.352	0.085	1.77138668789262e-25
RP11-386I14.4	4	1.35572041322313e-29	1.90776688143966	0.432	0.124	2.44205918033882e-25
PDE4B	4	1.48186846080907e-29	1.96612652046986	0.551	0.206	2.66928965845538e-25
CRIP1	4	1.55953774382791e-29	1.19822074293327	0.75	0.344	2.80919533795722e-25
SEPT6	4	1.79802443950229e-29	1.85011133849511	0.506	0.167	3.23878142287547e-25
CASP1	4	1.87178289595101e-29	1.92744358278119	0.438	0.124	3.37164253047656e-25
WDR74	4	4.85162679751413e-29	1.41365021501935	0.608	0.231	8.7392353503622e-25
ADAP1	4	5.21516903728544e-29	2.4123025315576	0.261	0.047	9.39408398686227e-25
PPP1R15A	4	6.69735100052093e-29	1.03927003854707	0.943	0.8	1.20639383572384e-24
NFKBIA	4	8.61062396663717e-29	1.25418842205447	0.909	0.694	1.55103169511035e-24
SLC12A9	4	9.60382376383521e-29	2.06000078762672	0.392	0.105	1.72993677457964e-24
TMEM107	4	9.77296074839361e-29	2.02174400836433	0.528	0.19	1.76040341960814e-24
PLSCR1	4	1.28870922503581e-28	1.45912603247126	0.795	0.478	2.321351927057e-24
FYB	4	1.304537553639e-28	1.37593913033878	0.494	0.147	2.34986349536992e-24
WDFY4	4	1.34200714180804e-28	3.49769402278825	0.25	0.045	2.41735746453882e-24
ANKRD44	4	1.41316622040835e-28	2.12109361913162	0.324	0.072	2.54553631282156e-24
IL13RA1	4	1.42411750366761e-28	1.71067589846607	0.653	0.298	2.56526285935647e-24
CAT	4	2.59093178596151e-28	1.59577406483787	0.642	0.283	4.66704542605247e-24
CCDC88A	4	2.63405244559528e-28	1.54677869699563	0.614	0.24	4.74471867025077e-24
EIF1	4	3.02633790022379e-28	0.557402317772997	1	1	5.45134245967312e-24
PDE4A	4	3.74512499309897e-28	2.54980605530754	0.318	0.074	6.74609365006917e-24
GRB2	4	3.84192308419159e-28	1.47629408825085	0.648	0.277	6.9204560515543e-24
RBM47	4	5.9424581493256e-28	1.80461995433637	0.386	0.101	1.07041498643802e-23
DCK	4	6.08865509640684e-28	1.82384863231786	0.42	0.12	1.09674944251576e-23
TNFSF13B	4	6.14706276336869e-28	1.59843776018118	0.568	0.209	1.1072704155656e-23
RPL41	4	7.43144948332726e-28	0.426734506343737	1	1	1.33862699543174e-23
RAC2	4	1.18947314228403e-27	1.30076602961949	0.403	0.105	2.14259797119622e-23
PPP1CB	4	1.26285580352645e-27	1.299330718601	0.875	0.658	2.27478215889219e-23
TGFB1	4	1.32868957332347e-27	1.14509626287046	0.722	0.31	2.39336852842756e-23
VASP	4	2.14159316581071e-27	1.72314144778316	0.557	0.212	3.85765176957482e-23
FPR1	4	2.29345770976013e-27	1.74035672924181	0.381	0.099	4.13120537259092e-23
JMJD1C	4	2.87534685229056e-27	1.1412331626193	0.903	0.692	5.17936228503099e-23
ARF6	4	3.43291741925017e-27	1.6692714367554	0.653	0.327	6.18371414729534e-23
TUBA1A	4	4.63486363030547e-27	0.962628459937399	0.955	0.787	8.34877985726925e-23
P2RY13	4	5.45654292388009e-27	1.66724811741422	0.324	0.074	9.8288707687852e-23
ITGA4	4	5.94368786673129e-27	2.30081459785127	0.273	0.055	1.07063649543431e-22
POU2F2	4	1.05963304192153e-26	2.08215392986527	0.347	0.085	1.90871699841326e-22
CSK	4	1.11552977029453e-26	1.60864588130445	0.494	0.166	2.00940377523154e-22
TRMT6	4	1.26829065879454e-26	2.55889502916929	0.324	0.081	2.2845719636866e-22
PTPN2	4	1.29519451672392e-26	1.68980742019973	0.545	0.207	2.33303388297479e-22
RPL13	4	2.02047991593634e-26	0.430829073784694	1	1	3.63949047257613e-22
RELT	4	2.29467389143123e-26	2.12279591436262	0.33	0.081	4.13339608063507e-22
CTD-2020K17.1	4	3.22579273003376e-26	1.97977760554992	0.335	0.083	5.8106204446098e-22
COX4I1	4	4.0685610330627e-26	0.66375526999354	0.989	0.956	7.32869898885584e-22
C20orf27	4	4.57125926453655e-26	1.64953151969486	0.574	0.237	8.23420931320968e-22
RAPGEF1	4	4.77930700793881e-26	1.97784757845152	0.443	0.147	8.60896571340018e-22
CHST11	4	5.23297994591425e-26	1.89986826948418	0.415	0.126	9.42616677657534e-22
RPSA	4	7.23772874242414e-26	0.637804880894798	0.994	0.986	1.30373207837286e-21
MALT1	4	7.51465134904355e-26	2.17903627656918	0.364	0.101	1.35361414750322e-21
YBX1	4	1.16108997065911e-25	0.648376456091745	0.983	0.965	2.09147136414825e-21
SIK1	4	1.42108788532636e-25	1.56004316393393	0.591	0.25	2.55980560783838e-21
HBEGF	4	1.9963084570878e-25	1.93643983958272	0.42	0.132	3.59595042375225e-21
RPS8	4	2.09595575423508e-25	0.459029199145775	1	0.999	3.77544510010365e-21
PTMA	4	2.12029448399342e-25	0.490907363418985	1	1	3.81928645401735e-21
ATP5G2	4	2.19731388895774e-25	0.746181326281488	0.989	0.897	3.95802150817959e-21
TPM3	4	2.36975196435566e-25	0.987758770806498	0.898	0.646	4.26863421339384e-21
RPS19	4	2.62935631821955e-25	0.467350361946624	1	1	4.73625953600887e-21
ELF1	4	2.96151350598764e-25	1.37577665553249	0.705	0.387	5.33457427833554e-21
TNF	4	3.03077944612367e-25	1.26869832155823	0.386	0.106	5.45934301630257e-21
RPS27A	4	3.24206886273109e-25	0.43401642323323	1	1	5.83993864243751e-21
DEF6	4	3.25435425452269e-25	2.32588777974013	0.261	0.054	5.86206831867172e-21
HCAR2	4	3.25941947815786e-25	1.52887810840698	0.25	0.047	5.87119230600576e-21
ID2	4	3.93513216509083e-25	1.6165710203462	0.693	0.346	7.08835356897811e-21
GNG7	4	4.56706794388538e-25	2.0688182933038	0.284	0.063	8.22665948732073e-21
GAPT	4	4.75321223380617e-25	1.86529969207026	0.318	0.076	8.56196119675506e-21
DOCK10	4	5.20420690939134e-25	1.84209465975503	0.369	0.103	9.37433790588662e-21
IRF8	4	5.88828487587505e-25	1.81014808568984	0.415	0.127	1.06065675469137e-20
ST8SIA4	4	6.05230055058193e-25	1.41916925104587	0.477	0.157	1.09020089817632e-20
S100A4	4	7.71036075074858e-25	0.946786265153709	0.909	0.811	1.38886728203234e-20
FBP1	4	8.8105175913766e-25	2.30211961380718	0.267	0.057	1.58703853373467e-20
IMPA2	4	8.90402561769417e-25	2.34518833569907	0.261	0.055	1.60388213451525e-20
TRABD	4	9.53730365115177e-25	1.4613280996477	0.54	0.205	1.71795450668197e-20
HMHA1	4	1.18120041718575e-24	1.64505437045536	0.369	0.1	2.1276963114767e-20
PILRA	4	1.81441393997748e-24	1.56562556566279	0.392	0.113	3.26830383008144e-20
TBC1D9	4	1.91093512985406e-24	1.66045270030542	0.415	0.127	3.44216744940612e-20
ARHGAP15	4	2.2832770682314e-24	1.30796587174287	0.352	0.092	4.11286698300523e-20
DUSP10	4	2.69123182803097e-24	2.21485646735139	0.25	0.051	4.84771589183219e-20
RCC2	4	4.04881471215401e-24	1.81515990704429	0.506	0.2	7.29312994100302e-20
ENTPD1	4	4.45755828254022e-24	1.43783762366474	0.42	0.129	8.0293997343397e-20
RASSF3	4	4.6751535944864e-24	2.3328680640632	0.25	0.052	8.42135416974836e-20
RPS3	4	4.72893530875825e-24	0.449316177624886	1	1	8.51823117166623e-20
FAM105A	4	5.06302741239717e-24	1.85384578505441	0.409	0.129	9.12003127795102e-20
SCO2	4	5.35217252374621e-24	1.68051717649708	0.54	0.225	9.64086836702406e-20
RPL36A	4	5.83935443147919e-24	0.906240858583364	0.926	0.734	1.05184291374235e-19
MAP2K3	4	6.55428437596653e-24	1.5882179708423	0.54	0.219	1.18062324464285e-19
ATP5L	4	6.93475842877597e-24	0.715755076978706	0.977	0.932	1.24915803577542e-19
PSTPIP1	4	7.96270563505906e-24	2.27456013123772	0.267	0.059	1.43432216604319e-19
LRRFIP1	4	9.3634447235989e-24	1.26881093796807	0.79	0.438	1.68663729806187e-19
ITGAM	4	1.31003096908716e-23	1.4513800535403	0.335	0.085	2.3597587846167e-19
ARPC2	4	1.44089680361359e-23	0.821801239803422	0.96	0.831	2.59548741234917e-19
CSF1R	4	1.76867180019014e-23	0.560088555730669	0.534	0.174	3.18590851368249e-19
ADRBK2	4	1.89955863333583e-23	2.03379090830388	0.324	0.086	3.42167496622783e-19
NFKB1	4	1.92684484294964e-23	1.98725124365074	0.557	0.257	3.47082561560519e-19
CTA-29F11.1	4	3.04515933340229e-23	1.90762781979409	0.398	0.127	5.48524550725754e-19
IL1RN	4	3.52867643160979e-23	1.82868319734338	0.284	0.066	6.35620485625871e-19
MT-CO2	4	3.84825461534797e-23	0.421640696542604	1	1	6.9318610386263e-19
RGS19	4	4.19406333285343e-23	1.59420017466599	0.443	0.151	7.55476628146888e-19
SH3BGRL3	4	9.244203939458e-23	0.746624536871413	0.994	0.917	1.66515845561457e-18
DENND1B	4	9.91023962188844e-23	1.8849026668228	0.398	0.125	1.78513146309076e-18
ATP6V0B	4	1.06296980199674e-22	0.750058109750156	0.943	0.753	1.91472750433673e-18
SYK	4	1.90105676611917e-22	1.75276190933656	0.307	0.078	3.42437355281046e-18
MSR1	4	2.55190296858547e-22	0.560268280423777	0.5	0.16	4.59674281731301e-18
AFF3	4	3.2825587857633e-22	1.85861149249273	0.324	0.088	5.91287314079543e-18
SERP1	4	3.92578568224947e-22	0.806743126229335	0.938	0.829	7.07151774943598e-18
RPS5	4	4.53609737857364e-22	0.493399893495392	1	0.992	8.1708722080247e-18
AKNA	4	4.63385622860447e-22	1.92384396280939	0.318	0.087	8.34696522458522e-18
SMG1	4	4.83492002974572e-22	1.34061379348853	0.659	0.329	8.70914144958097e-18
DOCK2	4	5.03574152878752e-22	1.87399365737703	0.295	0.074	9.07088121580496e-18
GPR65	4	6.76483589920178e-22	1.3790457156293	0.33	0.087	1.21854989052322e-17
CFL1	4	8.66102874490243e-22	0.634155325043778	1	0.985	1.56011110781927e-17
ZNF385A	4	9.02904863185837e-22	1.59772386932309	0.455	0.166	1.62640253005665e-17
RNF166	4	9.92722933517456e-22	1.55551019462414	0.426	0.144	1.78819182014499e-17
C9orf72	4	1.08458463572592e-21	1.80760381277519	0.398	0.132	1.95366230433309e-17
VMO1	4	1.31231971286391e-21	1.30386147341013	0.42	0.144	2.36388149878176e-17
GPRIN3	4	1.50503732206438e-21	1.67127872081705	0.301	0.077	2.71102372823457e-17
SAT1	4	1.55300359121729e-21	0.989329009187599	0.994	0.902	2.79742536885971e-17
NEDD9	4	1.87954821743199e-21	1.49305702332267	0.489	0.186	3.38563020406024e-17
FAM129A	4	1.98264306026819e-21	1.55436073956697	0.489	0.189	3.57133494446109e-17
ATG16L2	4	2.13898540085462e-21	1.64676778519463	0.364	0.11	3.85295440255943e-17
CLEC2B	4	4.12797872841615e-21	1.08170789645907	0.761	0.44	7.43572808349602e-17
TSTD1	4	5.04257874053022e-21	1.63566679196138	0.409	0.139	9.08319708531709e-17
TCOF1	4	5.71981298295126e-21	1.87615594677949	0.375	0.123	1.03030991261901e-16
RPL36	4	6.56614813568008e-21	0.412223801167076	1	1	1.18276026368005e-16
ALOX5	4	8.78801119522703e-21	1.90012387386823	0.273	0.068	1.58298445659624e-16
EMP3	4	1.13974380547245e-20	1.01668428866253	0.926	0.729	2.05302051679752e-16
UBE2F	4	1.52746912900829e-20	1.70775841508378	0.426	0.158	2.75143014208264e-16
HMGN1	4	1.55989883859329e-20	0.827151233474289	0.915	0.79	2.80984577795809e-16
GADD45B	4	1.57816061773685e-20	1.06177569332858	0.966	0.807	2.84274072072939e-16
PTPN18	4	2.15680476706206e-20	1.43538614467065	0.426	0.15	3.88505242690888e-16
BHLHE40	4	2.20822987694686e-20	1.21559001003448	0.705	0.377	3.97768447734438e-16
CFLAR	4	2.67931466564052e-20	1.38918116766699	0.682	0.388	4.82624950721827e-16
MAP2K1	4	2.90437503221865e-20	1.42195270159132	0.449	0.167	5.23165074553546e-16
NAAA	4	4.14805627933113e-20	1.87131237120026	0.364	0.12	7.47189377595916e-16
CD300A	4	4.74752039724433e-20	1.38721155059477	0.335	0.097	8.55170849155621e-16
PFDN5	4	4.89881600601311e-20	0.501397249088623	1	0.991	8.82423727163142e-16
ACTB	4	5.36924555302145e-20	0.655301308441653	1	1	9.67162201465754e-16
SLC16A3	4	5.89247987228463e-20	1.64619059173188	0.369	0.12	1.06141239939463e-15
RNU12	4	7.15011902159223e-20	1.88662096859477	0.278	0.073	1.28795093935941e-15
G0S2	4	1.1931584862677e-19	2.64472345873368	0.273	0.076	2.149236381314e-15
CYTH4	4	1.33041951241046e-19	1.25713215903387	0.369	0.115	2.39648466770495e-15
CD33	4	2.62402175143517e-19	2.05966156941663	0.25	0.063	4.72665038086017e-15
SNX30	4	3.66033351652993e-19	2.13395370424714	0.261	0.069	6.59335876332537e-15
ALDH2	4	4.14847125206146e-19	1.29627873521812	0.608	0.31	7.4726412663383e-15
LDLRAD4	4	4.97143749115769e-19	1.75141363811832	0.415	0.158	8.95505035282235e-15
SYAP1	4	7.08675220321503e-19	1.61424920605044	0.545	0.275	1.27653667436512e-14
SLC2A3	4	8.55571565122052e-19	1.13964569902521	0.79	0.62	1.54114106025435e-14
ADRBK1	4	9.98558237756757e-19	1.18991011022116	0.534	0.229	1.79870295367125e-14
ZNF267	4	1.09728073829992e-18	1.36153941787572	0.42	0.157	1.97653179389965e-14
RPL4	4	1.09883394069855e-18	0.5842552143469	0.983	0.949	1.97932957738029e-14
HSPA6	4	1.32764293973872e-18	1.51448292636408	0.318	0.095	2.39148322735136e-14
MTRNR2L12	4	1.47063274444012e-18	0.806001970946694	1	0.997	2.64905076255999e-14
CACUL1	4	1.61792545438533e-18	1.4403169077272	0.438	0.171	2.9143691209843e-14
MIDN	4	1.69722083901425e-18	1.21477620392035	0.744	0.498	3.05720389731636e-14
FOXN2	4	1.85426290763151e-18	1.61373850574513	0.352	0.118	3.34008377551663e-14
RIN3	4	2.19932797855129e-18	1.89277086440766	0.29	0.085	3.96164948776444e-14
MXD1	4	2.87646014815261e-18	1.88811741779551	0.341	0.115	5.1813676648673e-14
TIPARP	4	2.90794259726995e-18	1.63423637213975	0.545	0.27	5.23807700046237e-14
RPL8	4	3.36563276930317e-18	0.393471462078675	1	1	6.06251430734581e-14
PIP4K2A	4	5.0354573525784e-18	1.46152504713378	0.42	0.163	9.07036932919947e-14
CNPY3	4	5.18962519966219e-18	1.10929165001287	0.625	0.311	9.34807187215151e-14
TFEC	4	5.40648950080616e-18	1.71973105674985	0.278	0.079	9.73870953780213e-14
MYD88	4	5.47171165233635e-18	1.72163058966533	0.33	0.108	9.85619419935346e-14
GNAI2	4	5.66506953992849e-18	0.660654179956734	0.932	0.75	1.02044897622732e-13
CDC42	4	7.83383332808291e-18	0.722586308999691	0.915	0.818	1.41110839738757e-13
RALA	4	1.02269799686794e-17	1.68491319697448	0.438	0.184	1.84218590175822e-13
NACA	4	1.04234266445977e-17	0.412836199504939	1	0.996	1.87757184149139e-13
TPMT	4	1.76895177658067e-17	1.75333944939267	0.33	0.111	3.18641283515475e-13
RASSF4	4	1.78621110708282e-17	1.18794859388787	0.494	0.208	3.21750206718828e-13
OSTF1	4	1.81008636655618e-17	1.09680070582968	0.58	0.287	3.26050857207764e-13
FPR3	4	1.86495796186251e-17	1.22608372277464	0.295	0.086	3.35934877670294e-13
KLF4	4	2.60374626122131e-17	0.589220736420883	0.955	0.737	4.69012814033795e-13
PTPN1	4	2.77439825489371e-17	1.83551396228215	0.386	0.153	4.99752357654005e-13
SIPA1L1	4	2.77806323116256e-17	1.58805661180212	0.42	0.168	5.00412529829312e-13
JOSD1	4	2.86124762390163e-17	1.482691859449	0.483	0.222	5.15396534493401e-13
CD44	4	4.0443629630062e-17	0.923625826816329	0.835	0.624	7.28511100526306e-13
RP11-138A9.1	4	4.18427172425192e-17	1.85242173040658	0.335	0.117	7.53712865689499e-13
TOR3A	4	4.30956086448989e-17	1.58918029364168	0.403	0.159	7.76281198520564e-13
CHD2	4	4.32027067395488e-17	1.15464478040196	0.642	0.361	7.78210356499493e-13
BLOC1S6	4	4.56095918922569e-17	1.30676448272894	0.58	0.301	8.21565578755224e-13
NCF1	4	5.42466829196651e-17	1.18657901882926	0.358	0.12	9.77145499431928e-13
UBC	4	5.5316107411768e-17	0.595774064837865	0.994	0.997	9.96409042808177e-13
ATP1B3	4	5.68619824058032e-17	1.26842731899596	0.75	0.563	1.02425488907573e-12
CCDC57	4	5.72186538246059e-17	1.56303396776661	0.284	0.084	1.03067961134263e-12
CLIC1	4	5.8517397073578e-17	0.730342882839202	0.966	0.909	1.05407387348636e-12
ACAP1	4	6.04615622219029e-17	1.5274035082554	0.295	0.091	1.08909412030314e-12
OXSR1	4	7.31654525467857e-17	1.79081415481133	0.341	0.122	1.31792929672525e-12
EIF3H	4	1.07737926112819e-16	0.867855190575163	0.847	0.617	1.94068326307021e-12
EIF3L	4	1.23729284455948e-16	0.915581234685053	0.773	0.574	2.22873560090499e-12
DNAJA1	4	1.2942156413641e-16	0.964920883937615	0.881	0.735	2.33127063478916e-12
GDI2	4	1.54434146761142e-16	0.878570450028227	0.852	0.674	2.78182228560846e-12
TRMT1	4	1.68614906806649e-16	1.29715861552321	0.443	0.185	3.03726031630817e-12
TREM1	4	1.87174135376573e-16	1.82974893946239	0.29	0.092	3.37156770053822e-12
CAPG	4	1.93454160220952e-16	0.967261687634656	0.631	0.315	3.48468978806e-12
MAP3K1	4	2.19504457165329e-16	1.5135147829159	0.33	0.112	3.95393378691907e-12
SERPINB1	4	2.48183721438198e-16	1.09382300602978	0.676	0.41	4.47053337426627e-12
SELK	4	2.49815446014357e-16	1.848704178795	0.801	0.731	4.49992562905662e-12
TNFRSF10B	4	3.26171894304549e-16	1.36354670373092	0.483	0.224	5.87533433210784e-12
TAOK3	4	3.66114193270749e-16	1.10135419211651	0.557	0.276	6.594814963386e-12
MFNG	4	3.70039189741189e-16	1.67376108246586	0.267	0.079	6.66551592480805e-12
TYK2	4	4.88007577946548e-16	1.52045133541323	0.358	0.133	8.79048050155116e-12
NABP1	4	7.52640381018113e-16	1.13030996801993	0.568	0.279	1.35573111832793e-11
TRAPPC6A	4	7.78936079313611e-16	1.25112001133816	0.438	0.183	1.40309755966761e-11
ARHGAP4	4	9.69756288778588e-16	1.12423788853653	0.375	0.136	1.74682200297687e-11
POLD4	4	1.03897099530759e-15	1.05818683293954	0.722	0.467	1.87149845384756e-11
PICALM	4	1.17067247662369e-15	0.976239528815636	0.631	0.345	2.10873233214226e-11
RIPK2	4	1.29168663342569e-15	1.56712064060971	0.364	0.141	2.32671513278969e-11
GTF2B	4	1.38546621803954e-15	1.29529189145206	0.562	0.29	2.49564029855462e-11
ACAA1	4	1.39458997995223e-15	1.22172731773051	0.551	0.285	2.51207493088796e-11
GRN	4	1.51558763630246e-15	0.623322171404981	0.915	0.791	2.73002800927162e-11
ARL5B	4	1.6095749507353e-15	1.39069607536823	0.455	0.202	2.8993273587595e-11
TPP1	4	1.75550000999235e-15	0.769362629550035	0.739	0.426	3.16218216799923e-11
APBB1IP	4	2.15038635575437e-15	1.26461243098364	0.318	0.106	3.87349094262034e-11
CHMP1B	4	2.17278296808944e-15	1.02780890747821	0.75	0.503	3.91383396041951e-11
ARID5A	4	2.61408096831532e-15	1.35442161547711	0.46	0.213	4.70874404822638e-11
MCL1	4	2.86189781668328e-15	0.515383406050581	0.96	0.914	5.15513653719158e-11
MIF4GD	4	2.86255243184557e-15	1.42978995828645	0.364	0.139	5.15631569548343e-11
IRF7	4	3.0273879391427e-15	0.350074231382264	0.42	0.173	5.45323389477774e-11
GLA	4	3.21275041976806e-15	1.87085365273645	0.392	0.17	5.7871273311282e-11
PTRHD1	4	3.30546073541658e-15	1.27654878975763	0.489	0.231	5.95412642270589e-11
DNAJC4	4	4.08440804867031e-15	1.23059920389713	0.5	0.241	7.35724421806983e-11
MTMR14	4	4.54391602358014e-15	1.58222753299992	0.318	0.113	8.1849559332749e-11
BAZ1A	4	4.59784862130751e-15	1.35465487255779	0.46	0.213	8.28210472156122e-11
CCNH	4	5.45091131153942e-15	1.25193596517793	0.528	0.27	9.81872654547595e-11
ETS2	4	5.50772916978199e-15	0.819310844693447	0.472	0.196	9.92107255352829e-11
KMT2E-AS1	4	5.95268793534698e-15	1.2631590922518	0.409	0.167	1.07225767779405e-10
COMMD6	4	6.27263510028802e-15	0.496312839616292	0.972	0.918	1.12988976061488e-10
ACTR3	4	9.21283426476841e-15	0.801954712416535	0.824	0.626	1.65950783611273e-10
RAB4B	4	1.01859457782588e-14	1.52489435793397	0.33	0.122	1.83479441303776e-10
STK38L	4	1.21231520544645e-14	1.22097630830152	0.511	0.254	2.18374337957068e-10
CYCS	4	1.39984596507775e-14	1.35829787652507	0.801	0.647	2.52154253689456e-10
TRPS1	4	1.45538934522899e-14	1.3511622367437	0.483	0.235	2.62159282756098e-10
FOSL2	4	1.71471822311308e-14	1.19953709803797	0.67	0.463	3.08872193529358e-10
ADCY7	4	2.14898277562795e-14	1.39595453747012	0.352	0.135	3.87096267373862e-10
STX4	4	2.48259350689353e-14	1.51868171650422	0.449	0.219	4.47189568396732e-10
NCF4	4	2.64727908842982e-14	1.06376044406567	0.318	0.111	4.76854382198864e-10
EMILIN2	4	2.90472696120558e-14	1.27757742954439	0.347	0.132	5.23228467521961e-10
KIAA0930	4	2.96799833910231e-14	1.12748760968734	0.466	0.213	5.34625540822499e-10
RNASEK	4	3.0732966886384e-14	1.60167989566609	0.261	0.083	5.53592932524436e-10
DOCK5	4	3.83070045291293e-14	1.3303091593603	0.352	0.137	6.90024072583206e-10
HERPUD1	4	4.03159458377539e-14	0.969450427714718	0.824	0.687	7.26211132375461e-10
SELL	4	6.18546784476484e-14	0.971985623830403	0.29	0.097	1.11418832287749e-09
OPN3	4	6.68391874726604e-14	1.6835108688371	0.25	0.08	1.20397428394503e-09
CYB5R4	4	7.27944552009467e-14	1.46023700862131	0.307	0.111	1.31124652153465e-09
SLC31A2	4	7.42086204375874e-14	1.72195229666653	0.267	0.091	1.33671987994226e-09
ST3GAL6	4	7.99582421442049e-14	1.6049476095	0.25	0.079	1.44028781574356e-09
ATF5	4	8.35757530344448e-14	1.40389029174141	0.307	0.111	1.50545003940945e-09
APAF1	4	8.88763687308556e-14	1.64160608007885	0.273	0.092	1.6009300299489e-09
IQGAP2	4	9.35591591865736e-14	1.26029943811255	0.261	0.083	1.68528113442775e-09
PPA1	4	9.37562203860323e-14	0.901340612280226	0.807	0.643	1.6888307978136e-09
NDEL1	4	9.68653876865587e-14	1.41872880071704	0.438	0.208	1.74483622839798e-09
NDRG2	4	1.05116146949033e-13	0.919262520277488	0.489	0.227	1.89345715499293e-09
H3F3B	4	1.4908880493979e-13	0.363704658125121	1	1	2.68553664338044e-09
FRMD4B	4	1.55546091496614e-13	0.887010921306636	0.523	0.25	2.8018517461285e-09
ROGDI	4	1.68283302482109e-13	1.55343026869248	0.29	0.103	3.03128712761024e-09
CHCHD10	4	2.18740950882698e-13	0.874065967481089	0.562	0.285	3.94018074825005e-09
SCNM1	4	2.25096848875103e-13	1.50627867976662	0.324	0.126	4.05466953878723e-09
UNC93B1	4	2.4689653544323e-13	0.897729358727847	0.42	0.178	4.44734729293891e-09
MT-CO3	4	2.50433646980278e-13	0.295006385040669	1	1	4.51106128305574e-09
NFKB2	4	2.88211603205412e-13	1.4406733887859	0.358	0.15	5.19155560853908e-09
ZFP36	4	2.88399793258002e-13	0.490612796944053	0.989	0.911	5.1949454759564e-09
FOXN3	4	3.74142900869904e-13	1.02997415727363	0.574	0.328	6.73943607336958e-09
PPM1M	4	3.88345805657979e-13	1.61644324833783	0.284	0.103	6.99527299731717e-09
PGLS	4	4.32673673336807e-13	0.828520425418834	0.795	0.615	7.7937508778159e-09
CX3CR1	4	4.6793820164789e-13	1.03625916389462	0.278	0.094	8.42897082628345e-09
RHOG	4	4.75069812200496e-13	1.07209570295193	0.472	0.225	8.55743252716753e-09
MRPL23	4	5.37766490076986e-13	1.14266323172432	0.466	0.227	9.68678778575674e-09
RPL12	4	6.6245984067097e-13	0.29577027584898	1	1	1.19328891100062e-08
RPL23	4	9.0136710480866e-13	0.471968024851001	0.977	0.943	1.62363256589184e-08
SNX8	4	9.4272446156702e-13	1.59564804876224	0.256	0.088	1.69812957262067e-08
FES	4	1.07711646789406e-12	1.50160907279163	0.335	0.139	1.94020989361757e-08
GNAQ	4	1.08656880627146e-12	0.878173545642707	0.597	0.333	1.95723639073679e-08
PREX1	4	1.09337116294076e-12	0.990867261080611	0.347	0.135	1.9694894758052e-08
BTF3	4	1.13207969932428e-12	0.404812484569522	0.994	0.981	2.03921516239283e-08
PDE7A	4	1.13573053716263e-12	1.46328646027641	0.278	0.101	2.04579141659105e-08
PFKFB3	4	1.21848427363256e-12	1.1982384699803	0.352	0.145	2.19485572209433e-08
RPS6KA3	4	1.32434938346942e-12	1.21965745361521	0.46	0.235	2.38555054444346e-08
EIF4A1	4	1.35175790880218e-12	0.433818069606222	0.983	0.979	2.43492152112537e-08
THAP9-AS1	4	1.48901680287664e-12	1.61666103006379	0.347	0.15	2.68216596702168e-08
EEF1A1	4	1.53390649471191e-12	0.271232078495731	1	1	2.76302576892456e-08
ARHGAP26	4	1.54780719399644e-12	1.25158222101145	0.301	0.113	2.78806509854578e-08
NUDT1	4	1.58422528320482e-12	1.22525249101335	0.455	0.231	2.85366500263685e-08
SH3BGRL	4	1.67180338837349e-12	0.539712097803552	0.909	0.82	3.01141944347716e-08
CD97	4	1.84732463337971e-12	1.11857132850089	0.358	0.151	3.32758586210686e-08
BMP2K	4	1.97749743080653e-12	0.739248701211592	0.472	0.22	3.5620661221118e-08
TMEM123	4	2.04099599166491e-12	1.06050561904992	0.682	0.476	3.67644607978601e-08
ALCAM	4	2.21099407263967e-12	1.36112380763204	0.324	0.13	3.98266362304583e-08
RAB32	4	2.8993618275215e-12	1.21544520232829	0.534	0.309	5.22262045991447e-08
PNRC1	4	3.11579860153864e-12	0.548018107326947	0.898	0.809	5.61248802095155e-08
HIGD2A	4	3.65167934827231e-12	0.832907808425837	0.716	0.505	6.57777001004292e-08
TAGLN2	4	3.76900997414306e-12	0.549283434385002	0.932	0.82	6.78911766642389e-08
EZR	4	3.88396482962985e-12	1.13025653882798	0.591	0.361	6.99618584761226e-08
NCKAP1L	4	3.91473001740458e-12	1.43144758082431	0.25	0.086	7.05160318035086e-08
UPF2	4	4.19265114051214e-12	1.42427517322368	0.403	0.197	7.55222249940452e-08
IL6R	4	4.38853370009291e-12	1.50965890704927	0.261	0.093	7.90506575397736e-08
SUPT4H1	4	4.52341004452761e-12	0.897729358727847	0.585	0.332	8.14801851320759e-08
LINC-PINT	4	5.13693247675052e-12	1.28722073742784	0.415	0.198	9.25315647037072e-08
NSUN6	4	5.13851613973798e-12	1.67614539638756	0.324	0.136	9.25600912251002e-08
RNF130	4	6.00680989229181e-12	0.743323775067492	0.705	0.474	1.08200666589852e-07
MOB1B	4	6.74378224305428e-12	1.23075516249854	0.358	0.154	1.21475749544137e-07
CSNK1D	4	6.8210885109991e-12	1.18454360047134	0.449	0.232	1.22868267348627e-07
RPL10A	4	7.0990133610533e-12	0.339277765525944	1	0.996	1.27874527672653e-07
TPRKB	4	8.02435218202593e-12	1.1022345918803	0.466	0.242	1.44542655854833e-07
COX17	4	8.0570822419761e-12	0.923207742238806	0.653	0.412	1.45132222424715e-07
IVNS1ABP	4	8.11339590597335e-12	0.827340030836449	0.591	0.335	1.46146600454298e-07
RBM39	4	9.41801566786544e-12	0.584432927122461	0.926	0.815	1.6964671622526e-07
MSL3	4	1.11523170956672e-11	1.23557700870132	0.352	0.155	2.00886687844252e-07
PRCP	4	1.14858510175546e-11	0.596014484729993	0.58	0.339	2.06894634379211e-07
CNN2	4	1.15736696861102e-11	1.06697400409017	0.523	0.296	2.08476512055903e-07
TLE3	4	1.34367335752891e-11	1.56743053107184	0.33	0.147	2.42035881891682e-07
FAM107B	4	1.46701778275418e-11	1.12210940707349	0.511	0.281	2.64253913207511e-07
STK10	4	1.66115816609528e-11	1.27083010560472	0.261	0.095	2.99224420458743e-07
PSMB9	4	1.67193999683121e-11	1.28865025298771	0.506	0.281	3.01166551629206e-07
JAK2	4	1.75899844347673e-11	1.49259032051524	0.307	0.127	3.16848389623463e-07
UPP1	4	1.75975236927426e-11	1.36074734377789	0.324	0.137	3.16984194277373e-07
PTGS2	4	1.79082464973836e-11	1.24258385046472	0.392	0.187	3.22581244157371e-07
COX5A	4	1.86585874980521e-11	0.857017437248114	0.648	0.414	3.36097136602413e-07
ENSA	4	2.16174399455118e-11	0.931301769900402	0.585	0.35	3.89394945738504e-07
SORL1	4	2.56108135330641e-11	0.845261938833711	0.352	0.148	4.61327584171084e-07
SMDT1	4	2.73840989301086e-11	0.874953623770516	0.682	0.493	4.93269774028047e-07
JUNB	4	3.07239153002892e-11	0.579860777330131	1	0.974	5.53429886304109e-07
ZNRF2	4	3.50632037961832e-11	0.947511997081662	0.364	0.158	6.31593489980648e-07
PLBD1	4	3.65041839146206e-11	0.847976323530747	0.534	0.291	6.57549864854061e-07
FGD4	4	3.9000198125648e-11	1.25252208752084	0.369	0.176	7.02510568837298e-07
ATG3	4	4.59265467800146e-11	1.24150184265843	0.432	0.231	8.27274887148402e-07
FAM102B	4	4.87510744946404e-11	1.22160414806911	0.398	0.194	8.78153104871958e-07
FAM96A	4	5.21548465044441e-11	1.0924222653191	0.403	0.194	9.39465250084552e-07
RPL7A	4	5.57577548306074e-11	0.275541123674833	1	1	1.00436443776373e-06
IER2	4	5.69546967184123e-11	0.383168709346896	0.955	0.876	1.02592495198876e-06
HPRT1	4	6.79716627567917e-11	0.994788301986549	0.449	0.228	1.22437356123809e-06
RPL5	4	7.65379824618553e-11	0.317989033483541	1	0.994	1.3786786780854e-06
ELMO1	4	8.76597490707842e-11	1.03245446074106	0.375	0.171	1.57901506001204e-06
SLCO3A1	4	9.26144683660452e-11	1.54221185415204	0.301	0.13	1.66826441867757e-06
SLC43A2	4	1.18310101334223e-10	1.14299552870828	0.341	0.151	2.13111985533337e-06
BACH1	4	1.25603318258011e-10	1.01469962561478	0.438	0.223	2.26249257178155e-06
CSRNP1	4	1.30832641382114e-10	0.980251921902553	0.653	0.467	2.35668836921602e-06
MAT2A	4	1.71167458063593e-10	1.10263327589169	0.568	0.362	3.0832394220995e-06
RARA	4	2.08994877414898e-10	1.18831332528683	0.369	0.179	3.76462472687455e-06
RPL31	4	2.33634710371347e-10	0.604379100457921	0.898	0.777	4.20846203791907e-06
SP110	4	2.46346429668782e-10	1.18012908942857	0.352	0.165	4.43743823762377e-06
NAIP	4	2.67051985488962e-10	0.889881496905162	0.409	0.196	4.81040741461267e-06
HLA-E	4	2.94739967725071e-10	0.255156134836595	0.96	0.811	5.30915103863171e-06
RRAD	4	3.2184119850089e-10	1.74263532668024	0.267	0.109	5.79732550859653e-06
HNRNPA2B1	4	3.83336203537246e-10	0.432312492289099	0.983	0.968	6.90503503431641e-06
CNPPD1	4	3.86601645142612e-10	1.35983511166347	0.318	0.145	6.96385543395388e-06
SNHG15	4	3.98354715514739e-10	1.2798396245082	0.517	0.329	7.175563490567e-06
C10orf54	4	4.48043514672374e-10	0.593483988343041	0.625	0.359	8.07060782979347e-06
CDKN2D	4	5.08021384733376e-10	1.32531922996296	0.256	0.101	9.1509892032023e-06
AVPI1	4	6.17974817510284e-10	1.51771477144519	0.278	0.119	1.11315803878128e-05
TBC1D22A	4	6.53593953732743e-10	1.4035853144565	0.25	0.099	1.17731878885879e-05
ARRDC1	4	7.30966404589398e-10	1.14612841819324	0.312	0.138	1.31668978458688e-05
ABRACL	4	7.37027263135003e-10	0.927494753974587	0.443	0.234	1.32760720908508e-05
DDX3X	4	7.63578667113559e-10	0.521845378463901	0.756	0.589	1.37543425307165e-05
FUOM	4	8.55383421233536e-10	1.10541383613438	0.375	0.186	1.54080215666797e-05
IER3	4	8.74968552601885e-10	0.784488392019881	0.773	0.696	1.57608085380178e-05
CSTA	4	9.32057883122513e-10	1.2473271409668	0.409	0.217	1.67891586486858e-05
RAP1A	4	9.50463537171478e-10	0.786179056279001	0.597	0.384	1.71206996950698e-05
LAMTOR4	4	1.15681162888804e-09	0.469635706623557	0.852	0.785	2.08376478711603e-05
ARHGEF1	4	1.17750539893512e-09	0.94531295264404	0.415	0.215	2.12104047510183e-05
EMB	4	1.24960479713712e-09	0.737574069519338	0.295	0.122	2.2509131210831e-05
ARL4A	4	1.29190777254455e-09	1.38333430739234	0.506	0.328	2.3271134706845e-05
GPCPD1	4	1.44275132100436e-09	0.960870795018362	0.472	0.277	2.59882795452515e-05
MX2	4	1.48133535516278e-09	1.16928849960507	0.33	0.157	2.66832937525471e-05
TSC22D3	4	2.05258598831287e-09	0.535159279343138	0.801	0.62	3.69732314074798e-05
CHD1	4	2.05602192815061e-09	1.04306872189189	0.54	0.34	3.7035122991777e-05
PTP4A2	4	2.23429952123525e-09	0.636888749235256	0.812	0.722	4.02464372760105e-05
TUBA1B	4	2.49675774940397e-09	0.473748828859218	0.915	0.907	4.49740973400138e-05
PNP	4	3.00113969927065e-09	0.769411298272147	0.403	0.203	5.40595294029622e-05
HPS5	4	3.13611084670556e-09	1.20291195595503	0.301	0.134	5.64907646817073e-05
CSNK1G2	4	3.2462308189568e-09	0.911932978478999	0.409	0.211	5.84743557418688e-05
HSD17B11	4	3.24690091454112e-09	0.727721517571413	0.591	0.379	5.84864261736291e-05
PURB	4	3.53133048913412e-09	1.29212488396795	0.364	0.192	6.36098561007729e-05
ATF3	4	3.60273479215398e-09	0.801745472478186	0.773	0.661	6.48960618110696e-05
RCOR1	4	3.88485517125163e-09	1.2793451938031	0.273	0.118	6.99778961997557e-05
MIS18BP1	4	4.03585413731713e-09	1.08047840052774	0.403	0.211	7.26978405754935e-05
HLA-F	4	4.04743329539908e-09	0.816169027313384	0.364	0.176	7.29064159500236e-05
H2AFV	4	4.08760690909975e-09	0.750104705793371	0.631	0.418	7.36300632536137e-05
KMT2E	4	4.22613359693811e-09	0.785920103456468	0.625	0.409	7.61253444816462e-05
RPS6KA4	4	4.75374081459788e-09	1.13691702260727	0.278	0.121	8.56291332933516e-05
LYSMD2	4	5.10038754668727e-09	1.2753668862015	0.295	0.136	9.18732808784779e-05
LACTB	4	5.57226146597258e-09	1.16016276682711	0.295	0.134	0.000100373145786564
HINT1	4	6.70624981622361e-09	0.435758005238275	0.955	0.921	0.000120799677939636
GSTP1	4	7.16070073307697e-09	0.489393805747419	0.994	0.966	0.000128985702304915
MICAL1	4	7.4583044303867e-09	1.2862946466455	0.25	0.105	0.000134346437704556
NPIPB5	4	7.87675499709085e-09	1.13691702260727	0.267	0.113	0.000141883987762598
RAB31	4	9.09673504288003e-09	0.708759938928849	0.5	0.29	0.000163859488327398
DDX21	4	9.11435816738638e-09	0.706701108300734	0.688	0.504	0.000164176933669131
MOB3A	4	9.56825370741618e-09	1.21054640291546	0.267	0.116	0.000172352954031688
LAMTOR1	4	9.68988773950466e-09	0.556117318285646	0.818	0.675	0.000174543947851697
CTNNBIP1	4	1.03433435786731e-08	1.18899440403942	0.318	0.155	0.000186314647882639
RAB8A	4	1.05212506453342e-08	0.865534333859972	0.489	0.29	0.000189519287874404
TGIF1	4	1.23334115643945e-08	0.931905299777502	0.528	0.33	0.000222161742509437
ATP6V0D1	4	1.36622791218776e-08	0.836800360085515	0.557	0.374	0.000246098633822381
RPS4X	4	1.41181698123982e-08	0.25186275611361	1	1	0.000254310592830729
SLC38A2	4	1.41794600571067e-08	0.610472851228738	0.818	0.714	0.000255414614008664
SLC25A33	4	1.79044337792667e-08	1.25196013719983	0.29	0.137	0.000322512565665931
NGLY1	4	1.98000764195215e-08	1.46554455283458	0.307	0.154	0.00035665877654484
SH3KBP1	4	2.26329515173315e-08	0.768108908723012	0.517	0.307	0.000407687355681693
USP3	4	2.68477970199692e-08	1.30424278570015	0.301	0.148	0.000483609367720705
HNRNPUL1	4	2.83775126660258e-08	0.983370590620381	0.506	0.323	0.000511164135653123
AP1B1	4	3.07000302534526e-08	0.849331603142758	0.318	0.152	0.000552999644955442
TSPO	4	3.24725377841844e-08	0.456190175558605	0.881	0.796	0.000584927823106514
EIF2AK4	4	3.39221976573384e-08	0.994438988199998	0.369	0.196	0.000611040546401636
ZSWIM6	4	3.52232623264398e-08	1.04949499105132	0.312	0.153	0.000634476624286159
SHKBP1	4	4.19678667391941e-08	1.06977753206313	0.307	0.148	0.000755967183573102
DNTTIP2	4	4.79468969751606e-08	1.14612841819324	0.369	0.204	0.000863667455213568
PNPLA8	4	4.89471962856833e-08	1.07869263162261	0.477	0.303	0.000881685846694014
N4BP2	4	5.05178852381995e-08	1.2046258404234	0.267	0.123	0.000909978666795688
RPL17	4	5.09518331840284e-08	0.592805385167432	0.795	0.647	0.000917795371143903
UQCRH	4	5.14551000057861e-08	0.504313728536465	0.892	0.812	0.000926860716404225
TAGAP	4	5.54521180925432e-08	0.876970798561049	0.29	0.134	0.00099885900320098
PGK1	4	6.37027874998907e-08	0.569028035245058	0.739	0.588	0.00114747831123553
UBE2S	4	6.56927964024357e-08	0.665885462046827	0.614	0.426	0.00118332434159707
ACTR2	4	8.17173360194317e-08	0.53811918071002	0.773	0.611	0.00147197437371802
METTL15	4	8.33293831219474e-08	1.38519068594036	0.284	0.14	0.00150101217817564
AFTPH	4	8.34862615519555e-08	1.14716046276182	0.301	0.147	0.00150383802933537
CLK1	4	9.3629088847679e-08	0.658349583370826	0.585	0.393	0.00168654077741324
CIB1	4	9.51454713704408e-08	0.646387896852662	0.773	0.614	0.00171385537579575
RELB	4	9.82446171776616e-08	1.27999523945347	0.25	0.115	0.00176968028922122
AKIRIN1	4	1.0274361283995e-07	0.82439789863362	0.483	0.3	0.00185072069808601
PLEKHB2	4	1.04718537093605e-07	0.804266395937123	0.381	0.203	0.00188629500866711
BCL3	4	1.1140498371151e-07	1.02083350341717	0.312	0.157	0.00200673797159542
MAP3K11	4	1.12444007154774e-07	0.961958163542808	0.307	0.151	0.00202545390087895
LCP2	4	1.14095390899271e-07	0.400897768285355	0.267	0.116	0.00205520027626857
CEBPD	4	1.15899852458325e-07	0.580044167238559	0.875	0.806	0.0020877040423318
DUSP5	4	1.24394189762462e-07	1.16571261931557	0.403	0.246	0.00224071254019123
MBNL1	4	1.30266164442832e-07	0.465423455336642	0.858	0.763	0.00234648442010873
PARL	4	1.34845623386673e-07	0.912133685310804	0.375	0.205	0.00242897421406414
CREB5	4	1.34982169689268e-07	0.630219255810307	0.466	0.27	0.00243143382261279
DBNL	4	1.35837810744522e-07	0.912517305497282	0.494	0.315	0.00244684648494107
THAP2	4	1.44631351588759e-07	1.47499430967489	0.267	0.13	0.00260524453616832
NFE2L2	4	1.69226679416687e-07	0.695401487095949	0.807	0.774	0.00304828017633279
LYST	4	1.75578340429313e-07	0.869731797283755	0.386	0.218	0.00316269264615322
MFSD12	4	1.84964661627672e-07	1.05338511861066	0.335	0.178	0.00333176844989926
DDIT4	4	1.92647807308556e-07	0.917265710213541	0.466	0.287	0.00347016495304901
TCIRG1	4	2.10898464677813e-07	0.635877586816241	0.466	0.277	0.00379891404424145
IDH2	4	2.19255799602497e-07	1.02260788039322	0.29	0.144	0.00394945471823978
BASP1	4	2.21738362641834e-07	0.520964237543021	0.761	0.569	0.00399417312626736
SMEK1	4	2.39335005469381e-07	1.05440893938237	0.369	0.205	0.00431114145351995
STK17A	4	2.39467924160441e-07	0.96469716982233	0.301	0.151	0.00431353571790202
ACER3	4	2.45700754732436e-07	0.944458673104108	0.324	0.169	0.00442580769499537
EEF1D	4	2.52540352799497e-07	0.26520865608953	0.983	0.971	0.00454900937497734
CELF2	4	2.58881595531046e-07	0.557213325846587	0.71	0.507	0.00466323418030073
UBE2D3	4	2.60408663101548e-07	0.456615639318155	0.852	0.748	0.00469074124844819
PABPC4	4	2.92085102499984e-07	0.738848391197832	0.608	0.453	0.00526132895133221
PSMB10	4	2.97065801017864e-07	1.00981028559788	0.324	0.172	0.00535104627373479
DDX3Y	4	3.14681886220919e-07	0.522245428171685	0.642	0.436	0.00566836481649742
NR1H2	4	3.32912687471964e-07	0.803727473614498	0.438	0.261	0.00599675623943248
SUB1	4	3.35074765573294e-07	0.460179158508386	0.949	0.927	0.00603570175227174
ASAP1	4	3.37265485550577e-07	0.955270943614134	0.341	0.182	0.00607516319122255
RALY	4	3.46811293147658e-07	0.694073499972985	0.506	0.312	0.00624711182346876
CCDC50	4	3.53181552507005e-07	0.512278655437353	0.523	0.334	0.00636185930530868
TRIM38	4	3.5421031675561e-07	0.854032148461443	0.398	0.23	0.00638039043571881
ERP29	4	3.81664375670601e-07	0.419288961873712	0.807	0.723	0.00687492039895454
LRCH4	4	4.03938526273297e-07	1.07488592940123	0.29	0.147	0.0072761446737609
IFITM2	4	4.20329649878837e-07	0.57659499862276	0.852	0.825	0.0075713979832675
ARL8B	4	4.84794565581072e-07	0.997265032278761	0.409	0.244	0.00873260450981185
TMEM243	4	5.51473530234099e-07	0.95735066272771	0.398	0.239	0.00993369270010682
ITSN2	4	5.69631148188767e-07	0.987069265172873	0.358	0.202	0.0102607658723243
LITAF	4	6.1977348007918e-07	0.693093408195556	0.574	0.408	0.0111639796966663
COX8A	4	6.40488975074033e-07	0.419695995015167	0.869	0.819	0.0115371279080085
YIF1B	4	6.6071281924865e-07	0.910756039024086	0.375	0.219	0.0119014200131259
CPEB4	4	6.87087219627689e-07	0.971269823745817	0.358	0.201	0.0123765020871536
RNPEPL1	4	7.41768020929944e-07	0.711510549944883	0.335	0.176	0.0133614673610111
ALG13	4	8.30889800063401e-07	1.09598308322865	0.403	0.241	0.0149668179685421
ARL5A	4	9.13801068413035e-07	0.630652655374484	0.659	0.519	0.016460298645324
RBM8A	4	9.25794325633677e-07	0.560450590604666	0.722	0.592	0.0166763331876394
RNF145	4	9.27801123892414e-07	0.726867238031481	0.449	0.275	0.0167124816446741
MCTP1	4	1.05453155087693e-06	0.293982564368844	0.369	0.194	0.0189952768259462
FCHSD2	4	1.08587780099798e-06	0.908827067611177	0.261	0.128	0.0195599168293767
TUBB4B	4	1.15569856650104e-06	0.412600516695686	0.824	0.748	0.0208175982783832
PPP1R18	4	1.22498476195259e-06	0.698741541726343	0.386	0.215	0.022065650517052
DUSP23	4	1.30816008805698e-06	0.42785353509212	0.472	0.285	0.0235638876661703
NAF1	4	1.36949198017234e-06	1.4481795678862	0.273	0.141	0.0246686590388444
PER1	4	1.38318200043842e-06	0.689442704698129	0.591	0.405	0.0249152573738972
MYO9B	4	1.45279863783287e-06	0.837156889196656	0.324	0.174	0.0261692618632835
MANBA	4	1.59299500360895e-06	0.846550634802284	0.278	0.139	0.0286946190000081
CCNL1	4	1.67396870922689e-06	0.342339973390038	0.875	0.76	0.0301531983593041
POLR1D	4	1.73419222542171e-06	0.621876609652917	0.597	0.41	0.0312380045565212
BCAS2	4	1.78747097440995e-06	1.14666398234365	0.466	0.321	0.0321977146620465
ARPC5	4	1.81181145316277e-06	0.404333115453355	0.79	0.7	0.032636159705821
CCNI	4	1.85628687808128e-06	0.392094211135118	0.892	0.864	0.0334372955348781
PAN3	4	1.87447124632825e-06	0.800508537929163	0.335	0.183	0.0337648505601108
CORO7	4	1.9015753924254e-06	0.939384116198261	0.25	0.121	0.0342530775437588
VPS29	4	2.05995045544548e-06	0.501006756829085	0.699	0.546	0.0371058875539395
USP15	4	2.06188123916486e-06	0.795076181665495	0.42	0.259	0.0371406667610766
ATP13A3	4	2.11415775604448e-06	0.637369087192378	0.409	0.247	0.0380823236596292
MOB1A	4	2.11777688506422e-06	0.602622753750988	0.614	0.429	0.0381475150306619
MGAT4A	4	2.13120791619662e-06	0.514182145576819	0.33	0.174	0.0383894481944497
ZSWIM7	4	2.21795700491549e-06	0.770087548376937	0.381	0.225	0.0399520595295427
FNBP1	4	2.27005699504484e-06	0.826518216493014	0.42	0.265	0.0408905366517428
AKAP13	4	2.47423513175894e-06	0.684005157337502	0.716	0.638	0.0445683974283739
CASC7	4	2.61268759382723e-06	1.12450022057487	0.29	0.157	0.0470623416276099
CD58	4	2.61298268611908e-06	0.922429799356171	0.312	0.17	0.047067657125063
PRR13	4	2.63848044210121e-06	0.64310977514694	0.477	0.305	0.047526948203569
M6PR	4	2.69404985465322e-06	0.698574405153289	0.449	0.292	0.0485279200318684
EIF4A3	4	3.00669862279972e-06	0.811793987224101	0.602	0.465	0.0541596622924914
LSM4	4	3.03925586203427e-06	0.6533106310614	0.506	0.333	0.0547461158428234
TKT	4	3.22281504951474e-06	0.692704069361487	0.517	0.352	0.0580525674869091
ARHGEF6	4	3.38784491455579e-06	1.03506706499115	0.256	0.13	0.0610252504458935
WDR33	4	3.39356126146064e-06	0.77095224157097	0.432	0.266	0.0611282190026905
APRT	4	3.58643325547851e-06	0.409691318101067	0.841	0.762	0.0646024222309344
IFT20	4	3.71286011154983e-06	0.640571519230722	0.494	0.331	0.0668797491893471
CXCL3	4	3.7949609405397e-06	0.491209135132758	0.295	0.155	0.0683586314219417
LPGAT1	4	3.82448269548813e-06	0.738530763878593	0.375	0.218	0.0688904067938276
COX6B1	4	4.06230160527508e-06	0.356449296824088	0.932	0.911	0.07317423881582
C19orf60	4	4.1394060257568e-06	0.509736682463232	0.727	0.581	0.0745631207419572
TNFSF9	4	4.16562538520712e-06	1.04572652123541	0.312	0.175	0.0750354100637358
UBAC2	4	4.31453574443525e-06	0.867457684947907	0.443	0.299	0.0777177323645121
GLS	4	4.52991916540465e-06	0.635099806282676	0.585	0.424	0.0815974339264339
N4BP2L1	4	4.64901191524206e-06	0.898816544190667	0.256	0.129	0.0837426516292551
DYNC1LI1	4	4.67342760107718e-06	0.897323594404854	0.341	0.196	0.0841824513782032
ADPGK	4	4.76542183661578e-06	0.735772791253373	0.352	0.201	0.0858395435429601
HECA	4	5.28400445167666e-06	0.816134576128568	0.318	0.178	0.0951807721880517
VOPP1	4	5.31645043274979e-06	0.779360001934627	0.386	0.234	0.0957652216451219
ETF1	4	5.3308281989589e-06	0.810113616725852	0.477	0.33	0.0960242083478466
MFSD1	4	5.39799689874517e-06	0.350431701320014	0.528	0.332	0.0972341181370968
GNAS	4	5.60874848521488e-06	0.292678608652809	0.989	0.953	0.101030386464176
BCL7B	4	5.66738639224896e-06	0.887211486813847	0.347	0.204	0.10208663108358
UXT	4	5.72394846375094e-06	0.521284768774611	0.648	0.498	0.103105483677546
HN1	4	5.82694916922322e-06	0.995584548639843	0.415	0.269	0.104960835385218
CYTH1	4	6.11913782950514e-06	0.802996211856701	0.312	0.171	0.110224029722876
CLNS1A	4	6.15400076421302e-06	0.696462362160527	0.506	0.346	0.110852015765769
ANP32B	4	6.15420798739057e-06	0.670715379651021	0.58	0.42	0.110855748476866
PDCL3	4	6.20667814721305e-06	1.01802359244556	0.284	0.155	0.111800893465749
MEPCE	4	6.21611209299387e-06	0.92044943522793	0.267	0.141	0.111970827131099
SFT2D2	4	6.28042372707625e-06	0.886306124348685	0.426	0.272	0.113129272595824
PPP1R2	4	7.07303429317291e-06	0.587066089936298	0.472	0.303	0.127406566722924
LAP3	4	7.30969077983896e-06	0.561107186578274	0.54	0.374	0.131669460017239
MDM4	4	7.37209241644291e-06	0.578368337544283	0.506	0.336	0.132793500697386
FBRSL1	4	8.47533937655276e-06	0.885903923331057	0.261	0.137	0.152666288189845
MBOAT7	4	8.90209110332926e-06	0.975238725948762	0.278	0.153	0.16035336704427
EIF3F	4	9.14290788643563e-06	0.444325419651954	0.795	0.734	0.164691199758365
DIAPH1	4	9.3258516932014e-06	0.839723755292281	0.301	0.166	0.167986566549637
GPBP1	4	9.775554789298e-06	0.488973635139349	0.699	0.555	0.176087068419625
ILF3-AS1	4	9.86677995339331e-06	0.815324654679607	0.25	0.131	0.177730307300474
TMEM14C	4	9.87483588597532e-06	0.408456624472632	0.83	0.765	0.177875418814074
MAP3K13	4	1.00556718906124e-05	0.782898751481231	0.415	0.269	0.181132817765601
VEGFA	4	1.05239964183795e-05	1.01994047024666	0.386	0.25	0.189568747484269
PSEN1	4	1.06236474411054e-05	0.980663064941631	0.295	0.165	0.191363761356632
HGSNAT	4	1.06800859469178e-05	0.883736086648347	0.403	0.273	0.19238038816183
PRELID1	4	1.12270154127897e-05	0.524270963200402	0.773	0.683	0.202232228630581
YWHAZ	4	1.14264687011295e-05	0.442264769573472	0.841	0.737	0.205824980713446
PSME1	4	1.16750275064161e-05	0.541149193177088	0.693	0.574	0.210302270473074
ICAM1	4	1.21319877148753e-05	0.408333629354659	0.352	0.206	0.218533494708048
MPC2	4	1.24998687241337e-05	0.709531857274995	0.528	0.373	0.225160135327821
HOTAIRM1	4	1.26093209520119e-05	1.05676604402742	0.261	0.14	0.22713169830859
HNRNPU	4	1.26102416460075e-05	0.618441272493981	0.807	0.767	0.227148282769532
SNHG8	4	1.3510369843923e-05	0.623368806320689	0.71	0.588	0.243362291998584
CYLD	4	1.35597464509841e-05	0.860236782801248	0.347	0.209	0.244251712821576
TRIB1	4	1.52790721631981e-05	0.567277191533946	0.415	0.262	0.275221926875688
HIVEP1	4	1.61562442171468e-05	0.768344567944816	0.29	0.161	0.291022427083465
ODF3B	4	1.79584123630837e-05	0.750670262616688	0.335	0.198	0.323484881896227
HADHA	4	1.81848387947652e-05	0.574983860673293	0.557	0.4	0.327563501210106
DEK	4	1.98799686769247e-05	0.509139055507564	0.608	0.452	0.358097875777444
EIF3G	4	2.01555697927451e-05	0.41034898347185	0.801	0.736	0.363062278676717
PPP1R15B	4	2.13602203268986e-05	0.55632566955716	0.472	0.311	0.384761648748425
SMCO4	4	2.20132322329298e-05	0.972497127129819	0.307	0.184	0.396524352211764
LEPROTL1	4	2.22741446709737e-05	0.542172349365801	0.455	0.294	0.40122416795825
AKIRIN2	4	2.26810079063311e-05	0.576127333463499	0.449	0.302	0.408552995416743
RP11-345J4.5	4	2.50064634767215e-05	0.846425871967347	0.29	0.166	0.450441426606184
SURF1	4	2.57989761949777e-05	0.638261567914245	0.443	0.292	0.464716958200133
UBE2W	4	2.63572561980737e-05	0.844442458527163	0.347	0.215	0.474773255895901
ANKRD12	4	2.65616870356026e-05	0.420029893582216	0.642	0.487	0.478455668572309
ZNF800	4	2.7200833383407e-05	0.880268388661624	0.301	0.177	0.489968611735311
EIF4E	4	3.09412512476871e-05	0.622267893201268	0.432	0.287	0.557344758724587
HSPA8	4	3.1709081531671e-05	0.318385620825297	0.938	0.894	0.571175685629991
NAP1L1	4	3.27058659502754e-05	0.564740106271076	0.812	0.782	0.589130763362311
NUFIP2	4	3.36684442237044e-05	0.49757751198335	0.534	0.361	0.606469685801588
DDX27	4	3.52865990826381e-05	0.901218344807726	0.352	0.222	0.635617509275559
SEC11A	4	3.57337345150219e-05	0.340414582685352	0.909	0.861	0.64367175981909
PRKACB	4	3.735543957494e-05	0.559507456499834	0.301	0.169	0.672883533063393
A1BG	4	4.03685193724711e-05	0.623140726265971	0.33	0.194	0.727158139456323
RNPEP	4	4.12847583825851e-05	0.671946348190625	0.375	0.237	0.743662352745505
SPTLC2	4	4.26378579439945e-05	0.670535951127578	0.335	0.202	0.768035735145174
LPIN2	4	4.46563598733425e-05	1.12469795160699	0.261	0.148	0.804395010398518
ZFAS1	4	4.57370495958229e-05	0.267056804287864	0.915	0.867	0.823861474369558
C7orf50	4	4.59570147870463e-05	0.539158811108031	0.58	0.42	0.827823707359066
ZBTB10	4	4.59837338769775e-05	0.734230626444968	0.375	0.238	0.828304998325997
C17orf62	4	4.80157793379839e-05	0.703474693893578	0.42	0.283	0.864908233215104
APIP	4	4.88926746994265e-05	0.788913549420009	0.29	0.167	0.88070374936077
SEMA4A	4	5.00608689577591e-05	0.587044549297693	0.324	0.19	0.901746432536114
CDC37	4	5.123521326906e-05	0.503856469447045	0.625	0.5	0.922899896615578
MAP1LC3B	4	5.25463346716302e-05	0.515485982123664	0.693	0.568	0.946517126440075
CEP170	4	5.33750379954601e-05	0.703474693893578	0.392	0.256	0.961444559412223
CMC2	4	5.38486763987424e-05	0.847751490859409	0.347	0.222	0.969976207970547
PPA2	4	5.42984964515947e-05	0.71872953290478	0.33	0.2	0.978078816582575
TUBGCP2	4	5.75111787573139e-05	0.738629090342484	0.324	0.196	1
HSPH1	4	6.10934908616738e-05	0.647207564207602	0.449	0.314	1
RNF149	4	6.22535248585754e-05	0.555755321638726	0.409	0.266	1
SFT2D1	4	6.34622912170302e-05	0.46013105664822	0.648	0.487	1
EIF3E	4	6.6558403225014e-05	0.330570517158275	0.83	0.828	1
TAF10	4	7.10402034214727e-05	0.505574685685949	0.631	0.514	1
TAZ	4	7.31118763690115e-05	0.790814154811335	0.256	0.141	1
RAP2B	4	7.86094428265337e-05	0.532984013980068	0.403	0.259	1
EIF3M	4	8.02866123978061e-05	0.5266352070366	0.591	0.456	1
NUDT3	4	8.18153276504574e-05	0.415150893866635	0.585	0.431	1
STX7	4	8.51375905548259e-05	0.668939166193248	0.426	0.291	1
ZMIZ1	4	9.1227284629547e-05	0.707758415083776	0.29	0.169	1
BTG1	4	9.2199386076846e-05	0.585292059680787	0.773	0.721	1
RNF168	4	9.75888214149379e-05	0.965556172551423	0.256	0.149	1
YWHAB	4	0.000102651062058396	0.395394104311325	0.795	0.761	1
ARL6IP4	4	0.000113390768662217	0.343740194266003	0.83	0.773	1
EHBP1L1	4	0.000115634599531011	0.260299438112555	0.466	0.305	1
ARF3	4	0.000132769725560107	0.5107062356186	0.42	0.278	1
NAGK	4	0.000134733369892551	0.593542846227751	0.432	0.293	1
DECR1	4	0.000135480285699211	0.560808549365012	0.477	0.334	1
DNAJB6	4	0.000144477909494204	0.490090098624914	0.665	0.594	1
BLOC1S1	4	0.000144674967749649	0.359669446503858	0.761	0.686	1
GTF3A	4	0.000146606611899884	0.591687862248983	0.511	0.385	1
GABARAPL2	4	0.000153499138939936	0.350728308031768	0.858	0.815	1
NFKBIZ	4	0.000153767125239897	0.267511979322595	0.659	0.571	1
HSPA1B	4	0.00015569016679138	0.277305863418245	0.71	0.638	1
ZEB2	4	0.000169060426944183	0.29633651350928	0.562	0.407	1
MTRNR2L8	4	0.000195594894379029	0.449984419148913	0.96	0.917	1
TAF15	4	0.000195926383735009	0.559547143859117	0.335	0.21	1
MGST2	4	0.000196214023510823	0.484749799725707	0.511	0.375	1
KCMF1	4	0.000206750478851173	0.654578377224602	0.33	0.207	1
NANS	4	0.000213320931881485	0.745448850602413	0.381	0.261	1
SMCHD1	4	0.000218583338645148	0.393649824655713	0.449	0.303	1
AC010642.1	4	0.000222646972407801	0.867538859120546	0.261	0.157	1
RAB8B	4	0.000230126058136268	0.572889668420581	0.347	0.22	1
TUBA1C	4	0.000230261432628086	0.354954160870762	0.483	0.331	1
RASSF1	4	0.00023452063138872	0.511020582507497	0.392	0.253	1
EPC1	4	0.000241217208630062	0.576602983806039	0.466	0.333	1
MIR24-2	4	0.000245815089381185	0.555017225840539	0.415	0.278	1
SNAP23	4	0.000251969742706941	0.593985503876089	0.347	0.222	1
RANBP2	4	0.000253406195129854	0.755008791643032	0.562	0.448	1
CD302	4	0.000268033641123015	0.467828160262831	0.602	0.472	1
USP36	4	0.000274943249271256	0.885903923331057	0.278	0.174	1
CARD8	4	0.000279685745354043	0.554321536430033	0.284	0.169	1
TEN1	4	0.000284686632352371	0.794083214908148	0.256	0.152	1
CTD-2336O2.1	4	0.00029207047200538	0.666348154164144	0.307	0.192	1
FYN	4	0.000297094775112736	0.555042703673687	0.364	0.238	1
C3orf58	4	0.000302278170163152	0.949370342174449	0.261	0.16	1
MAFF	4	0.000306758890077945	0.488166989515154	0.455	0.319	1
NCOA3	4	0.000323211315571923	0.498569603953008	0.33	0.206	1
TNFRSF14	4	0.000331854285991794	0.481068116969339	0.347	0.219	1
R3HDM4	4	0.000377276114876919	0.720036744862213	0.278	0.171	1
HSPA1A	4	0.000395650048140133	0.299330202159696	0.824	0.797	1
STARD7	4	0.000412118092005309	0.831456139308681	0.307	0.202	1
TRA2B	4	0.000436735230661207	0.393387671374496	0.693	0.57	1
C16orf72	4	0.000458092239782373	0.736950127798559	0.267	0.162	1
ATXN2L	4	0.000475318056930102	0.789460147165359	0.29	0.184	1
SIRT1	4	0.00048253529604146	0.787811666649811	0.256	0.156	1
CAMTA1	4	0.000482550323374792	0.390208760706988	0.568	0.427	1
UBE2D1	4	0.000484091888909737	0.80564495973713	0.33	0.222	1
ANKRD13D	4	0.000486539100130155	0.747038402745587	0.278	0.175	1
EP300	4	0.000519671192786509	0.511838205108519	0.352	0.225	1
SIPA1	4	0.000533128535702489	0.461439310220407	0.324	0.203	1
SLC39A10	4	0.000582472151497774	0.726374093251123	0.403	0.286	1
DAZAP2	4	0.000584945523546698	0.416101599035068	0.545	0.413	1
FUS	4	0.000606832489635906	0.308240245020965	0.858	0.825	1
FAM133B	4	0.000610790757310991	0.443961686885673	0.608	0.499	1
ERICH1	4	0.000616077663814405	0.555559582537837	0.295	0.187	1
LSM6	4	0.000635575846545434	0.673169100708689	0.466	0.35	1
TWF2	4	0.000644858434651158	0.537833413641464	0.426	0.307	1
LYPLA1	4	0.000678199456910862	0.540886737619018	0.358	0.24	1
PPP1R10	4	0.000706899175876422	0.451251542998298	0.466	0.348	1
HMGN3	4	0.000707333327188144	0.280260179843442	0.773	0.655	1
UTP6	4	0.000717053826051582	0.82217832572067	0.261	0.166	1
SKAP2	4	0.000721986975719458	0.381496484776431	0.511	0.375	1
PAK2	4	0.000753060018496654	0.43171671910395	0.489	0.355	1
MZT1	4	0.000754962983017082	0.599341553863765	0.261	0.16	1
C9orf142	4	0.000770342106327853	0.330830213628056	0.545	0.403	1
WBSCR22	4	0.000797515968148713	0.503276191605096	0.42	0.3	1
C9orf89	4	0.000839337078283541	0.638183938973933	0.312	0.206	1
BNIP2	4	0.000860309028890847	0.487709934215627	0.455	0.327	1
INTS6	4	0.000869037336293529	0.651251318867086	0.341	0.231	1
HEXIM1	4	0.000874858471140867	0.537833413641464	0.381	0.266	1
WARS	4	0.000901409352326088	0.522403373071858	0.256	0.157	1
TBRG1	4	0.000925941001661436	0.595648048762239	0.261	0.16	1
PTGES2	4	0.000927256039999379	0.725668612941543	0.301	0.198	1
PGP	4	0.000984595917946174	0.628877626298739	0.267	0.167	1
ARPC4	4	0.000990046724456214	0.497402642824444	0.523	0.407	1
UCHL3	4	0.00100452456550619	0.585451433874204	0.278	0.176	1
MARCH2	4	0.00103784668617647	0.790220575275749	0.312	0.211	1
NUMB	4	0.0011147139790478	0.507214178583072	0.369	0.253	1
KPNA4	4	0.00114975680117796	0.518858632786292	0.42	0.293	1
SNX9	4	0.00114984003047642	0.510277691120902	0.46	0.346	1
NBPF10	4	0.00120882402510098	0.628466227905314	0.369	0.26	1
PAPSS2	4	0.00125302622930288	0.754408508382598	0.273	0.176	1
MTPN	4	0.00131195752827913	0.446150302041278	0.449	0.329	1
PSME2	4	0.00142568091013713	0.565712446216901	0.585	0.505	1
SRA1	4	0.00143740700358512	0.592123569142417	0.449	0.34	1
COX7C	4	0.00148103251881988	0.26447857005876	0.943	0.957	1
AMZ2	4	0.0014940021122788	0.600374879710177	0.307	0.206	1
DRAM2	4	0.00160467832772683	0.624111614036226	0.324	0.223	1
CDK2AP2	4	0.00160790536992881	0.595719769328031	0.341	0.24	1
TMEM14B	4	0.00167879772183088	0.396747717362763	0.5	0.377	1
GSTK1	4	0.0017136249669698	0.351116470753433	0.659	0.569	1
C1orf63	4	0.00171469272320899	0.406639344537304	0.597	0.502	1
TANK	4	0.00196723608587773	0.310052473309655	0.46	0.34	1
RNF126	4	0.00201227377232409	0.45226893887525	0.312	0.206	1
FNIP2	4	0.00208778840615402	0.686924911666611	0.29	0.195	1
PHLDA2	4	0.00215452989435423	0.36621744479504	0.29	0.189	1
WDR45B	4	0.00230074631286428	0.902486807526661	0.341	0.249	1
COMMD8	4	0.00241299148643824	0.614407938749067	0.29	0.193	1
CSGALNACT2	4	0.00245433522790315	0.557333353849073	0.335	0.231	1
CCDC6	4	0.00246929650609874	0.646482074719214	0.29	0.195	1
HNRNPC	4	0.00248681457903131	0.264427323735232	0.79	0.729	1
CDKN1A	4	0.00249580839284076	0.281493660381678	0.682	0.61	1
CCND3	4	0.00252237139876135	0.498074892148388	0.318	0.218	1
ANP32A	4	0.00256298258066196	0.504984534067457	0.398	0.289	1
KPNA2	4	0.00262077912438794	0.848150218158537	0.256	0.169	1
KLF10	4	0.00265682672818436	0.51527728907529	0.597	0.52	1
CUX1	4	0.00270808075228625	0.454400068599023	0.352	0.25	1
SNRNP25	4	0.0027346814294888	0.764604275488486	0.25	0.165	1
DUSP22	4	0.00292965275808459	0.656228114443694	0.25	0.163	1
NAGA	4	0.00297698134439592	0.661215829146746	0.25	0.163	1
ETHE1	4	0.00299954381861319	0.473391040957011	0.312	0.213	1
AIG1	4	0.00304694906386665	0.530275453365196	0.335	0.232	1
DNAJC15	4	0.0030727604175951	0.549283434385002	0.381	0.279	1
MEF2A	4	0.00312565124338883	0.404265212492187	0.494	0.404	1
SBNO2	4	0.00312802135501583	0.497694022788249	0.273	0.177	1
PCF11	4	0.00319040513331535	0.412302531557605	0.347	0.241	1
PPP1CA	4	0.00323909524304684	0.552149410046721	0.352	0.254	1
MAF1	4	0.0032656165823343	0.360723744300674	0.466	0.35	1
NDUFB5	4	0.00328119245368126	0.374770475061004	0.665	0.59	1
TIMM17B	4	0.00337281536672067	0.598715655788486	0.267	0.177	1
PQBP1	4	0.00361231839758967	0.64362807766406	0.273	0.184	1
ALYREF	4	0.00364727630275625	0.563258296433328	0.352	0.258	1
DCP2	4	0.00366193956326751	0.615119414557292	0.261	0.171	1
SNRPB	4	0.00378647148954451	0.380876248472222	0.648	0.574	1
HNRNPU-AS1	4	0.00399261466892519	1.22077107392592	0.284	0.203	1
SKIL	4	0.00418232389470639	0.30650156721276	0.659	0.55	1
USF2	4	0.00418291814948718	0.299497325825204	0.415	0.299	1
ARIH1	4	0.00443947348334882	0.574935040433561	0.307	0.213	1
RPS6KB2	4	0.00447554697690242	0.572424357969559	0.261	0.175	1
AHR	4	0.00449927274501205	0.254777560171253	0.756	0.657	1
RAP2A	4	0.00476605620111229	0.382555188163553	0.301	0.204	1
DDX39A	4	0.00477811719638636	0.40737865291832	0.312	0.214	1
ARL6IP1	4	0.00481679203827827	0.350625635002781	0.466	0.365	1
HNRNPM	4	0.00482305625915889	0.356159453520071	0.625	0.565	1
CHCHD7	4	0.0048882208611813	0.552480189605865	0.25	0.167	1
TMX1	4	0.00495741307012979	0.394380623560343	0.369	0.265	1
SSR1	4	0.00503910867633443	0.379624010065822	0.602	0.524	1
BROX	4	0.00517803097552438	0.546128192373185	0.312	0.22	1
DHPS	4	0.00525737418128664	0.502742749173102	0.301	0.21	1
KLF3	4	0.00529766712234278	0.494764691749578	0.335	0.244	1
ARF5	4	0.00531938768811993	0.32685482887419	0.767	0.721	1
DAP3	4	0.00548486787615773	0.459203506526633	0.312	0.217	1
SLC25A6	4	0.00557987212358732	0.282381936190828	0.824	0.821	1
KDM2A	4	0.00569543953986832	0.469395036835545	0.295	0.204	1
SPAG9	4	0.00588769729581509	0.419203033463615	0.534	0.436	1
MBD2	4	0.00590574025557872	0.474213132808602	0.341	0.248	1
DNM2	4	0.00603089955718942	0.482691859449003	0.256	0.171	1
TOP1	4	0.00613831118795963	0.341456582348615	0.466	0.356	1
PQLC1	4	0.00626915972331252	0.388455789603237	0.358	0.257	1
NIN	4	0.00673290069575145	0.414733357812367	0.301	0.208	1
WIPF1	4	0.00683586708334704	0.313141876215428	0.426	0.323	1
TECR	4	0.00704316774559306	0.296555323486392	0.506	0.394	1
FIBP	4	0.0070544804987482	0.392957181838178	0.455	0.353	1
IRAK1	4	0.00716663456573689	0.490455992556231	0.273	0.187	1
ELOVL5	4	0.00749984656988896	0.530855431278892	0.375	0.283	1
ENPP2	4	0.00766723735678458	0.452944516054951	0.295	0.209	1
PRMT2	4	0.00768637219521505	0.442204017271467	0.443	0.348	1
GLUD1	4	0.00771508790849609	0.316058804765056	0.551	0.455	1
TRA2A	4	0.00775651923309345	0.340436545358284	0.466	0.361	1
ZNF511	4	0.00782017786012229	0.553882907305956	0.278	0.195	1
TOMM22	4	0.00797684285372331	0.433448340429154	0.375	0.278	1
SNORA76	4	0.00801225441221903	0.367584611268404	0.284	0.195	1
ZFAND2A	4	0.00817701786025407	0.508978550969279	0.25	0.168	1
PSMB8	4	0.00865046017496922	0.406924351831038	0.426	0.338	1
TSC22D2	4	0.00881603746925785	0.257748252583223	0.398	0.305	1
NINJ1	4	0.00897340257071255	0.614545253272646	0.392	0.312	1
DDX46	4	0.00920230478461655	0.39502454012577	0.369	0.273	1
ARPC5L	4	0.00962397930434823	0.375630047632269	0.352	0.259	1
PTBP3	4	0.00997744521272948	0.26804893771749	0.443	0.334	1
EMCN	5	0	8.43191912867103	0.982	0.016	0
ELTD1	5	0	7.56340265886798	0.982	0.031	0
ECSCR	5	0	10.0162524100578	0.937	0.003	0
MMRN2	5	0	7.26304221666158	0.928	0.018	0
PLVAP	5	0	8.78663277520357	0.901	0.015	0
PTPRB	5	0	8.91749572952849	0.874	0.004	0
CLDN5	5	0	8.99764853795386	0.874	0.006	0
ESAM	5	0	7.29555798506612	0.865	0.011	0
CYYR1	5	0	7.37851943408152	0.865	0.012	0
AC011526.1	5	0	9.27811753712368	0.829	0.003	0
CXorf36	5	0	8.70609409211002	0.82	0.005	0
SOX18	5	0	9.85676453647239	0.775	0.004	0
MYCT1	5	0	9.42856011658111	0.757	0.002	0
TIE1	5	0	8.36144592072258	0.73	0.004	0
SLCO2A1	5	7.80533261078227e-303	8.64420341832926	0.73	0.007	1.40597456318021e-298
ROBO4	5	2.84042714378407e-288	7.50256069802489	0.721	0.008	5.11646141409825e-284
CCL14	5	8.15811583322922e-284	9.76137652761121	0.622	0.002	1.46952140503958e-279
ERG	5	1.68094003501665e-277	6.90996642547567	0.712	0.009	3.02787728507549e-273
TEK	5	1.28606085586473e-276	8.28100292816725	0.631	0.004	2.31658141966913e-272
VWF	5	9.19904736185058e-268	9.01406003397486	0.982	0.046	1.65702440129015e-263
CDH5	5	1.80171226935486e-267	6.38018248330416	0.919	0.034	3.2454243107889e-263
SPNS2	5	2.96647649560561e-265	6.52809579013203	0.757	0.015	5.34351411153438e-261
PCDH1	5	3.33723734725148e-264	9.33545071218963	0.559	0.001	6.01136563360409e-260
RAMP3	5	4.46492632636123e-262	7.14269207644948	0.811	0.022	8.04267179167448e-258
MMRN1	5	3.35208359777049e-261	9.56407508723759	0.577	0.002	6.03810818466399e-257
SELP	5	1.12519568897451e-258	8.60696090009077	0.595	0.004	2.02681499454978e-254
TSPAN7	5	1.15358905918515e-253	6.69843239040195	0.802	0.023	2.07795997231021e-249
JAG2	5	5.64897381598063e-253	7.47096568284611	0.631	0.007	1.01754965347259e-248
POSTN	5	2.26029282458657e-250	7.39509365861703	0.703	0.013	4.07146546492779e-246
TINAGL1	5	1.29489937920459e-247	4.53968055574081	0.82	0.024	2.33250225176123e-243
SHANK3	5	6.29490760432475e-245	6.76614147577996	0.667	0.011	1.13390170676702e-240
PCDH17	5	2.79056054571249e-243	7.7783224196652	0.586	0.005	5.0266367109919e-239
PODXL	5	6.7705208263109e-239	7.3222753234419	0.703	0.016	1.21957391644338e-234
CPLX1	5	6.05703547077971e-236	6.90844057124471	0.631	0.01	1.09105379935155e-231
GPR116	5	9.18705104974489e-235	6.9408702379023	0.577	0.006	1.65486350559055e-230
GPR56	5	3.18072907686194e-234	7.12977568579812	0.568	0.005	5.72944728615142e-230
FLT1	5	2.66198033700791e-224	6.51344901416762	0.604	0.009	4.79502518105236e-220
KDR	5	1.88990592218587e-216	6.82503516483353	0.586	0.009	3.4042875376334e-212
CLEC14A	5	3.60600403542018e-216	5.71296081159829	0.883	0.048	6.49549506900237e-212
DARC	5	6.09859562451681e-216	9.29748286199061	0.73	0.025	1.09854002984421e-211
MPZL2	5	2.74339813011253e-215	6.62403987622753	0.595	0.01	4.9416830517717e-211
ADAMTS9	5	1.62573547645294e-212	6.19126582334805	0.811	0.037	2.92843731373469e-208
NOS3	5	1.70932435981896e-212	8.03829052245121	0.486	0.003	3.07900596934189e-208
FAM167B	5	1.37552645751762e-211	6.82710949307139	0.586	0.01	2.47773580792648e-207
NOSTRIN	5	4.75029454949455e-211	6.82710949307139	0.595	0.011	8.55670557200453e-207
FAM110D	5	1.56011654670922e-210	9.59483734100828	0.441	0	2.81023793558732e-206
ARHGEF15	5	5.58329400230321e-208	7.76910388963582	0.477	0.003	1.00571874863488e-203
MEOX1	5	5.7562103992505e-208	6.38165914161208	0.595	0.012	1.03686617921699e-203
SEMA3F	5	3.97032956847897e-206	6.88931591616579	0.541	0.007	7.15175465170116e-202
KANK3	5	1.84546634097204e-199	6.57116451202391	0.55	0.009	3.32423851999293e-195
S1PR1	5	1.85685790656544e-194	6.1371439093775	0.622	0.017	3.34475814709632e-190
IL33	5	1.87275997499237e-193	5.49708556795874	0.811	0.044	3.37340254295375e-189
LHX6	5	8.14483582921244e-193	9.61298468771854	0.405	0	1.46712927791604e-188
MCAM	5	5.26148751795987e-192	4.52627305452521	0.685	0.023	9.47751746610112e-188
MECOM	5	8.62418876215911e-189	7.50828730905185	0.459	0.004	1.55347512172772e-184
SELE	5	3.69806087737726e-188	10.0310246751589	0.45	0.004	6.66131705841966e-184
APLNR	5	1.21187567670446e-187	7.23295363826761	0.577	0.014	2.18295165644775e-183
RAPGEF5	5	4.56315631928051e-187	6.30302923449725	0.559	0.012	8.21961347791998e-183
ABCB1	5	1.50748247082234e-181	7.8587411021205	0.423	0.003	2.71542817469227e-177
BCL6B	5	1.04387805594526e-180	7.59222612755174	0.414	0.002	1.8803375421742e-176
RAPGEF3	5	8.29490165780707e-179	5.2789837605306	0.658	0.025	1.49416063562079e-174
BCAM	5	2.20767884263731e-178	5.01744698569524	0.928	0.079	3.97669189924258e-174
EGFL7	5	5.32646480309758e-176	5.96758633313541	0.901	0.076	9.59456104981967e-172
ADCY4	5	1.57535889054498e-175	5.80978539515225	0.622	0.022	2.83769396953867e-171
C2CD4B	5	6.28983003772881e-175	8.81461854888819	0.423	0.004	1.13298708469609e-170
C1orf115	5	1.09487274016484e-174	6.2130540808299	0.486	0.008	1.97219426685892e-170
APOLD1	5	1.12906185811457e-173	6.02595972054049	0.631	0.024	2.03377912502178e-169
PDE2A	5	1.34396189039651e-173	7.42033960977614	0.414	0.003	2.42087855317123e-169
LAMA5	5	5.92944465446458e-173	5.32697616708612	0.739	0.04	1.06807086560871e-168
ADM5	5	1.15907579185033e-172	6.64020615645356	0.486	0.009	2.08784322385999e-168
SOX17	5	7.89939172344055e-171	9.02802218699738	0.369	0.001	1.42291743114335e-166
TM4SF18	5	8.12208236594096e-171	5.36582436123315	0.703	0.035	1.46303069657694e-166
DYSF	5	1.1157006686953e-170	6.41816851073452	0.477	0.008	2.00971161452084e-166
FABP4	5	2.96616346618949e-168	7.35356865185251	0.649	0.029	5.34295025164713e-164
ATP8B1	5	5.09955699980005e-168	5.7962919010816	0.532	0.014	9.18583202373982e-164
MYO5C	5	3.41417106792157e-163	7.29105659283118	0.378	0.002	6.14994634464712e-159
CNTNAP3B	5	2.56361928024708e-162	5.35518693025089	0.586	0.021	4.61784740950907e-158
IL3RA	5	3.52580512771285e-161	3.60083925785645	0.766	0.046	6.35103277654916e-157
CD93	5	4.64829543059861e-161	4.86359537810425	1	0.121	8.37297455913728e-157
PKN3	5	2.26484318936838e-160	6.58873714147186	0.414	0.005	4.07966203700927e-156
HOXB7	5	4.21189732497338e-158	6.72401600010728	0.396	0.004	7.58689065147455e-154
RASIP1	5	8.50039111526866e-157	4.91666107804968	0.703	0.041	1.53117545159334e-152
NPR1	5	1.45440376938988e-154	5.12999416009866	0.631	0.03	2.61981750980198e-150
ELOVL7	5	4.36902464195241e-154	5.72917770522306	0.468	0.011	7.86992408754888e-150
RAB3C	5	4.01615143872564e-153	8.84564544450881	0.324	0	7.23429358657649e-149
TGM2	5	1.08785132673672e-149	5.48809343989073	0.595	0.027	1.95954659485086e-145
TSPAN13	5	4.3298612994754e-149	2.86042223850131	0.667	0.034	7.79937915874505e-145
GIMAP6	5	1.80595282471923e-148	4.6926735763477	0.631	0.032	3.25306282316674e-144
MET	5	2.10048639315635e-148	5.51344901416762	0.541	0.02	3.78360613999253e-144
ZNF385D	5	8.65103586177916e-147	5.45795390157592	0.667	0.04	1.55831108978228e-142
USHBP1	5	9.55983833619534e-146	7.0636460967281	0.342	0.002	1.72201367949887e-141
SHROOM4	5	6.20525746230442e-144	5.50050995846013	0.477	0.014	1.11775302668489e-139
RALGAPA2	5	1.52659458307378e-143	4.85123599262245	0.73	0.053	2.74985482249079e-139
LCN6.1	5	1.99917066844843e-142	7.84125367539166	0.342	0.003	3.60110612507616e-138
GIMAP4	5	2.60198919619869e-142	4.14395229879897	0.766	0.058	4.6869631391127e-138
CD79B	5	6.15860221209918e-142	5.10602469899866	0.55	0.023	1.10934901646543e-137
SOX7	5	9.78438349054133e-141	6.63501099404854	0.378	0.006	1.76246099815121e-136
ICAM2	5	1.10869766571878e-140	4.94710219161382	0.712	0.052	1.99709710525924e-136
CALCRL	5	2.34559796590369e-140	5.08883295375283	0.928	0.123	4.22512561598232e-136
SNCG	5	2.74950029645658e-140	4.48269665851357	0.829	0.08	4.95267488400723e-136
EPAS1	5	1.93333407243346e-139	5.02941879411602	0.946	0.129	3.48251466467439e-135
RBP7	5	3.42645333976492e-139	6.48219808018318	0.595	0.031	6.17207040091855e-135
FAM84B	5	1.07573535137661e-136	6.11048434718936	0.387	0.007	1.93772208843468e-132
NOVA2	5	1.89868883426175e-136	7.2170560113874	0.315	0.002	3.42010819715568e-132
LDB2	5	1.53974133172616e-135	4.35785996351542	0.811	0.079	2.77353606083832e-131
C4orf32	5	1.37920888819264e-133	4.4179687053134	0.766	0.068	2.4843689703014e-129
MKL2	5	1.66161574100179e-131	4.53898410627476	0.775	0.072	2.99306843426653e-127
NR5A2	5	2.24548493044462e-131	9.64860859744926	0.27	0	4.04479200520989e-127
TSPAN18	5	2.52652892589209e-131	4.92629230003356	0.505	0.02	4.55103655420942e-127
VWA1	5	9.19058022626677e-128	4.37204543386582	0.82	0.087	1.65549921615743e-123
SORBS2	5	1.21864456971949e-127	4.44305968627623	0.559	0.029	2.19514446343571e-123
GIPC2	5	2.94172649257072e-127	7.42033960977614	0.288	0.001	5.29893193106763e-123
DSP	5	5.98741519062892e-127	7.87601909355233	0.279	0.001	1.07851309828799e-122
MYRIP	5	7.62358192841463e-127	8.42033960977614	0.27	0	1.37323581276533e-122
TMEM88	5	6.1084144282339e-126	4.71989989163505	0.676	0.052	1.10030869095777e-121
GIMAP7	5	2.30906527060207e-124	4.23093560039361	0.631	0.042	4.1593192719355e-120
LIMS2	5	8.02691145252524e-124	4.1495841668783	0.694	0.056	1.44588755994337e-119
SH2D3C	5	4.05000311942459e-123	4.89372109528579	0.495	0.022	7.29527061901951e-119
KIF26A	5	6.44300050624618e-123	7.33545071218963	0.279	0.001	1.16057768119012e-118
TACR1	5	1.33306664254031e-122	7.95402160555361	0.27	0.001	2.40125294320785e-118
PKP4	5	1.77918317543581e-122	4.13617099085301	0.73	0.066	3.20484265391253e-118
RNASE1	5	2.72001930175757e-122	1.10910050434042	0.964	0.111	4.89957076825591e-118
TLL1	5	1.69601708607844e-121	5.86042223850131	0.414	0.013	3.05503557715309e-117
CARD10	5	7.43102109266164e-121	5.62547563190174	0.378	0.009	1.33854982942114e-116
THSD7A	5	5.94706652735797e-120	5.25390359441371	0.505	0.025	1.07124509357299e-115
AQP1	5	1.41072850085499e-119	4.50225480250376	0.982	0.176	2.54114524859009e-115
ITGA2	5	9.87357625872525e-117	4.98137209369856	0.459	0.019	1.77852729148418e-112
RUNDC3B	5	1.17861527164522e-116	7.03829052245121	0.288	0.003	2.12303968881454e-112
EXOC3L2	5	1.29014036978961e-116	6.97555476710325	0.288	0.003	2.32392984810203e-112
ITGA3	5	2.76150151372308e-115	4.81043075192476	0.495	0.025	4.97429267666939e-111
FZD6	5	7.26337931163984e-115	4.4697624798157	0.586	0.04	1.30835251540568e-110
SEMA6A	5	2.03598010735186e-114	4.90516543921185	0.459	0.02	3.66741096737291e-110
NRN1	5	6.1525666883517e-114	4.00850273627796	0.784	0.09	1.10826183757279e-109
EPHA4	5	9.23994521070364e-113	5.29105659283118	0.378	0.011	1.66439133080405e-108
ADAM15	5	1.51024382850579e-112	4.32422345676638	0.919	0.155	2.72040220828749e-108
TSPAN12	5	2.04213811858522e-112	4.90516543921185	0.468	0.022	3.67850339300755e-108
ARAP3	5	1.18069100773449e-110	5.87601909355233	0.324	0.006	2.12677871223215e-106
TMEM255B	5	1.01255770784331e-109	4.50518139818402	0.532	0.033	1.82392019913815e-105
PGM5	5	1.23411729567744e-109	4.44486192891021	0.532	0.033	2.22301548470377e-105
PALMD	5	2.13624772444833e-109	3.91254496957745	0.901	0.149	3.84802302604877e-105
EPHB4	5	2.44548129336973e-109	4.27937478778354	0.604	0.047	4.40504545374689e-105
SCARF1	5	4.05274840811814e-108	4.37351875302315	0.55	0.037	7.3002157075432e-104
FAM69B	5	1.17652462752089e-107	4.4450902215036	0.514	0.031	2.11927381155338e-103
HOXB3	5	3.21347115346699e-107	5.70609409211002	0.306	0.006	5.78842558874008e-103
MALL	5	5.38282185743247e-107	4.40492455738946	0.73	0.083	9.69607701179312e-103
DACH1	5	6.7558938789542e-107	5.07693178747833	0.369	0.012	1.21693916441602e-102
PTPRM	5	7.01318712449846e-104	3.62177780617655	0.766	0.092	1.26328539673591e-99
SEMA6B	5	9.72763917074472e-104	3.99082356904313	0.658	0.063	1.75223964382625e-99
CD34	5	7.95532071245209e-103	3.50503677435142	0.91	0.157	1.432991919934e-98
PIK3R3	5	1.76376179942974e-102	5.15355306908124	0.523	0.036	3.17706412931279e-98
MCF2L	5	2.27580996093515e-100	6.1141788307471	0.279	0.005	4.09941648263249e-96
BTNL9	5	6.65597974937815e-100	8.78748241895068	0.252	0.003	1.19894163225549e-95
HYAL2	5	7.14356006012501e-100	4.2557235197189	0.946	0.209	1.28676947363032e-95
CNKSR3	5	9.00434667365396e-100	4.62624078442081	0.586	0.05	1.62195296632529e-95
CCL23	5	1.71337725613668e-99	5.9849534651055	0.288	0.006	3.086306451479e-95
F11R	5	3.92371780154709e-99	4.18671993301644	0.523	0.037	7.06779287592678e-95
GIMAP1	5	3.74681818667804e-98	3.67314367030873	0.586	0.048	6.74914359966314e-94
GFOD1	5	5.76794633565155e-98	4.60038465093891	0.414	0.02	1.03898017344091e-93
ANKRD29	5	1.04864840673303e-96	4.07806286949698	0.541	0.041	1.88893037504821e-92
CRIP2	5	4.50543919423112e-96	3.65087847949805	0.928	0.193	8.11564762056851e-92
ACVRL1	5	6.92929200501701e-96	3.53741225751834	0.775	0.11	1.24817336886371e-91
C10orf128	5	8.47682270202987e-96	4.15779006196771	0.532	0.04	1.52693007331664e-91
NUAK1	5	1.8971176180206e-95	3.93713838369938	0.703	0.084	3.41727796534051e-91
GALNT18	5	1.25948871810244e-94	4.5178274546782	0.405	0.02	2.26871702791793e-90
MANSC1	5	2.09001731368674e-94	4.01975457101378	0.541	0.043	3.76474818714393e-90
PREX2	5	1.39787190242065e-93	3.47887175316938	0.811	0.125	2.51798665783032e-89
OLFM1	5	1.81303098539539e-93	4.40582678007725	0.613	0.063	3.26581271399272e-89
PDLIM1	5	2.82844997908211e-93	3.89481346683862	0.973	0.262	5.0948869473206e-89
GPR4	5	1.57311080216017e-92	4.86042223850131	0.342	0.012	2.83364448793111e-88
SHE	5	1.75743242436274e-91	4.43045964949659	0.468	0.031	3.16566302600461e-87
RPS6KA2	5	8.79765663866812e-91	3.59856562780558	0.64	0.069	1.58472189032329e-86
SYT15	5	1.04039703981179e-90	4.68472044131745	0.405	0.022	1.87406718781298e-86
AIF1L	5	3.22566090968195e-90	5.37851943408152	0.378	0.018	5.8103829966101e-86
ELK3	5	7.18906395892976e-87	3.50535842684133	0.901	0.204	1.29496609092202e-82
RAMP2	5	1.80508097641017e-86	3.98061931776659	0.964	0.284	3.25149236280764e-82
GRB10	5	1.19601429857365e-85	3.86042223850131	0.55	0.052	2.15438055602071e-81
VEGFC	5	1.13729124976662e-84	5.72715570763785	0.27	0.007	2.04860272820461e-80
MAPK12	5	1.63839528905886e-84	3.98439525459713	0.495	0.04	2.95124143418173e-80
ARHGAP29	5	2.68520968959832e-84	3.12337843040536	0.919	0.209	4.83686821387346e-80
CLEC1A	5	1.21001223247114e-83	4.37197658821474	0.387	0.022	2.17959503435026e-79
PLEKHG1	5	1.21729491334754e-83	4.0028116242001	0.541	0.052	2.19271332741293e-79
MCTP1	5	2.1929361762083e-83	3.53836664637195	0.847	0.175	3.95013593420401e-79
ENTPD1	5	6.29177553555293e-83	3.50658028281474	0.757	0.121	1.13333752721915e-78
GIMAP8	5	1.70124210664464e-82	4.29105659283118	0.36	0.018	3.06444740669899e-78
ETS2	5	1.90988947361571e-82	3.33084453258499	0.874	0.184	3.44028390882397e-78
ECE1	5	4.7639376974107e-82	3.028470855961	0.874	0.178	8.58128097434589e-78
ARHGEF3	5	6.56207342868675e-81	3.74356879752868	0.523	0.049	1.18202628670934e-76
CDH24	5	1.87236022726506e-80	4.62120519452351	0.333	0.015	3.37268247737254e-76
FAM13C	5	5.77181469132377e-80	4.07646254205514	0.486	0.042	1.03967698034815e-75
SYNE2	5	1.1201585363966e-79	3.02481975495904	0.91	0.206	2.01774157161119e-75
EXOC6	5	1.14468626990228e-79	3.98620201130276	0.532	0.053	2.06192337797497e-75
HIP1R	5	2.11569619547494e-78	4.66956821608491	0.306	0.012	3.81100355690901e-74
RASGRP3	5	6.50898396461853e-78	4.17175766445883	0.378	0.023	1.17246328154674e-73
FGD5	5	9.65382420234297e-77	3.44129922841179	0.586	0.069	1.73894335356804e-72
PIK3C2B	5	4.50767694961569e-76	4.12599734656068	0.423	0.032	8.11967848934274e-72
FZD4	5	7.77194457837882e-76	3.42077041504712	0.685	0.105	1.39996037690338e-71
MMP15	5	1.19871587607051e-74	4.50256069802489	0.324	0.016	2.1592469075658e-70
PRKCH	5	2.61843969869241e-74	3.47476854600357	0.532	0.057	4.71659542925464e-70
GPR126	5	1.32379895005358e-73	4.6512321570755	0.396	0.029	2.38455904873151e-69
ENG	5	5.52593847471713e-73	3.69056916860445	0.991	0.522	9.95387297450797e-69
AOC3	5	7.35900780253376e-73	4.29105659283118	0.369	0.024	1.32557807547041e-68
MFNG	5	1.00836574205388e-72	3.29851239775022	0.577	0.069	1.81636921116166e-68
ETS1	5	2.29258133151921e-72	3.36144592072258	0.748	0.137	4.12962675246555e-68
OCIAD2	5	3.94617445420128e-72	3.59634868612668	0.514	0.054	7.10824404435276e-68
LIFR	5	6.71145401210354e-72	4.13571005631176	0.739	0.14	1.20893421120021e-67
KLHL3	5	1.19301315117776e-71	4.07473868590441	0.423	0.035	2.14897458921649e-67
HSPA12B	5	4.00349664524743e-71	3.95731919565418	0.45	0.041	7.2114985070842e-67
HSPG2	5	7.78023448318912e-71	3.76193223423357	0.982	0.512	1.40145363745686e-66
JAM2	5	1.17181368631614e-70	2.88750396604943	0.865	0.206	2.11078799316126e-66
MAST4	5	1.25300403136671e-70	3.46929122784941	0.712	0.123	2.25703616170086e-66
A2M	5	2.66806092098686e-70	3.70514438827684	0.982	0.454	4.80597813697363e-66
TMEM2	5	5.44800204743425e-70	3.4364304038896	0.667	0.104	9.81348608804332e-66
PITPNC1	5	1.2705332863724e-69	3.54762150333541	0.523	0.059	2.28861160874261e-65
ITGA5	5	1.84149288756681e-69	3.11098958096825	0.829	0.192	3.31708113837409e-65
EVA1C	5	3.60630114429507e-69	3.77648342000142	0.523	0.062	6.49603025121871e-65
CRIM1	5	1.34270034777862e-68	3.03372454636157	0.856	0.209	2.41860613645363e-64
CLDN15	5	1.95673358281965e-68	4.30735840516028	0.423	0.037	3.52466420273304e-64
MAPK11	5	2.38809373787015e-68	3.98293429746885	0.414	0.035	4.3016732500255e-64
NPDC1	5	6.28929180150309e-68	2.74433792725016	1	0.549	1.13289013220475e-63
IPO11	5	9.89939292068965e-68	3.60101204605246	0.486	0.052	1.78317764680383e-63
TMCC3	5	1.14771500827338e-67	3.91045259061621	0.387	0.03	2.06737904440284e-63
LPHN2	5	1.19521631259297e-67	3.2518859955505	0.595	0.083	2.15294314387371e-63
MTUS1	5	3.12702115138229e-67	3.22615681803808	0.838	0.207	5.63270319998493e-63
SLC9A3R2	5	5.47033219125964e-67	4.52115710930289	0.739	0.152	9.85370937611599e-63
PIK3C2A	5	2.29408713761701e-66	3.06064360856658	0.784	0.177	4.13233916098953e-62
PLCB4	5	2.52935117686029e-66	3.47343333531975	0.477	0.05	4.55612027487845e-62
FKBP1A	5	2.87605341844537e-66	2.79151968033654	1	0.838	5.18063502264564e-62
RAPGEF4	5	3.24589819305256e-66	4.70609409211002	0.27	0.012	5.84683641514557e-62
GNG11	5	3.32739974902064e-66	3.68773682251239	0.919	0.365	5.99364516791087e-62
RSPO3	5	4.74104170497302e-66	3.61298468771854	0.324	0.019	8.5400384231679e-62
CAV1	5	4.82172355851228e-66	2.90004454538255	0.982	0.381	8.68537064594816e-62
THBD	5	7.76641269080821e-66	2.92381608191247	0.721	0.133	1.39896391799528e-61
RP11-536O18.1	5	8.21134506263736e-66	3.35410876336648	0.568	0.079	1.47910958613287e-61
EPB41L4A	5	1.22053629539663e-65	3.7222137574733	0.423	0.039	2.19855202889795e-61
BMPR2	5	2.16847172575906e-65	3.18477179969196	0.865	0.243	3.90606811960979e-61
MAGI1	5	2.30207562056641e-65	3.76380958996631	0.432	0.041	4.14672881532628e-61
HHEX	5	2.41038778555563e-65	3.3044771085935	0.523	0.064	4.34183151812136e-61
ATP8A1	5	2.93939170342054e-65	4.12959317013706	0.405	0.035	5.29472627537141e-61
FLI1	5	3.19329990466257e-65	3.13028328975839	0.622	0.096	5.75209111826868e-61
DCHS1	5	4.57041144594618e-65	3.46194115203476	0.541	0.07	8.23268213758285e-61
PCDH12	5	4.97372525147329e-65	4.18608703322963	0.324	0.02	8.95917129547885e-61
SYNPO	5	7.9026733507801e-65	2.87879617822291	0.658	0.108	1.42350855067602e-60
SWAP70	5	1.06572765914549e-64	3.08285007773804	0.793	0.178	1.91969523241877e-60
ARHGAP31	5	1.64362806304034e-64	3.30097206169626	0.486	0.054	2.96066722995457e-60
ARHGAP23	5	1.65282324116787e-64	3.60941807269835	0.523	0.067	2.97723050431569e-60
FLNB	5	3.96907784195801e-64	2.81043075192476	0.784	0.17	7.14949991671896e-60
HECW2	5	8.08749263377912e-64	4.39233992866836	0.342	0.024	1.45680004812263e-59
F2R	5	2.69395748578552e-63	3.35245713749532	0.423	0.04	4.85262561914546e-59
TNFRSF10D	5	3.38929087740228e-63	3.56089617657008	0.477	0.054	6.10512965746472e-59
PPP2R5A	5	1.45689398856742e-62	3.02280447772636	0.64	0.105	2.6243031416065e-58
DOCK9	5	1.52440080611922e-62	2.97213724781615	0.712	0.138	2.74590317206255e-58
CASKIN2	5	1.1376651355038e-61	3.68960596932145	0.45	0.049	2.04927620858299e-57
CMIP	5	1.78576052204881e-61	2.92848651344647	0.775	0.18	3.21669042836652e-57
SNRK	5	2.06679530388772e-61	2.97642099051017	0.64	0.109	3.72291838089294e-57
ICA1	5	2.73154438181081e-61	3.70609409211002	0.369	0.03	4.92033089495581e-57
ANGPT2	5	2.81666705864801e-61	5.08460571536375	0.36	0.029	5.07366237274266e-57
MAP3K11	5	4.09459113076525e-61	2.85847089234149	0.703	0.135	7.37558700384744e-57
PLXND1	5	4.88940172191367e-61	2.88328709401637	0.766	0.175	8.8072793216831e-57
ITGA6	5	1.06980612392669e-59	2.04948892189572	0.811	0.176	1.92704177102915e-55
LRRC8C	5	1.49203033365203e-59	3.05560801866928	0.577	0.087	2.6875942400074e-55
SPRY1	5	3.101953196285e-59	3.08310369019852	0.811	0.208	5.58754829246817e-55
INHBB	5	4.22002656009408e-59	4.53498217571727	0.261	0.013	7.60153384269747e-55
TM4SF1	5	9.51054184583027e-59	2.69275255487086	0.991	0.509	1.71313390268941e-54
ID1	5	1.87120993092323e-58	3.94698561490648	0.757	0.191	3.37061044857201e-54
SMAD1	5	1.93194404868303e-58	3.7007008333398	0.459	0.056	3.48001081489274e-54
CD59	5	2.2054913183611e-58	2.25537969057383	1	0.788	3.97275151176385e-54
PRCP	5	4.44036832468135e-58	3.59239075299163	0.874	0.331	7.99843546324851e-54
TNFAIP1	5	4.81736997522099e-58	3.26408954523091	0.568	0.09	8.67752853636556e-54
SDPR	5	7.84292109967347e-58	3.16279591799175	0.685	0.138	1.41274537768418e-53
PLXNA2	5	5.27256390810293e-57	3.59531366139148	0.423	0.046	9.4974693676658e-53
NOTCH4	5	1.05586357995251e-56	4.46508599260623	0.36	0.033	1.90192706656845e-52
TANC1	5	1.59447525544492e-56	3.23591503863872	0.486	0.064	2.87212827763294e-52
SEPW1	5	3.36743268925849e-56	1.9711825744194	1	0.801	6.06575650316133e-52
KIAA0355	5	3.56603966038657e-56	2.9819525383014	0.613	0.109	6.42350724025433e-52
PPM1F	5	3.79953438402087e-56	3.16350654311067	0.586	0.098	6.8441012859368e-52
ABLIM1	5	4.91449657515084e-56	2.66342762730728	0.793	0.205	8.8524826808192e-52
EHD4	5	7.2755949724888e-56	3.11951331299048	0.532	0.079	1.31055292239441e-51
STARD9	5	8.94256467205204e-56	3.61967934029255	0.369	0.035	1.61082417437673e-51
PPP1R16B	5	1.12958993403431e-55	4.17858186357276	0.27	0.016	2.034730348176e-51
PPP1R13B	5	1.69129944035801e-55	3.69544684791051	0.342	0.029	3.04653768191688e-51
GFOD2	5	2.31576556724103e-55	3.69823197433705	0.396	0.041	4.17138851627127e-51
NRGN	5	4.7352337154355e-55	3.21576846552694	0.387	0.039	8.52957649161396e-51
SPARCL1	5	6.74257524519179e-55	2.77827595911075	0.991	0.682	1.2145400789164e-50
CEP68	5	1.39745954643537e-54	2.71926948085775	0.649	0.125	2.51724388099403e-50
CCDC69	5	1.40010903919432e-54	3.02600301936073	0.586	0.104	2.52201641230073e-50
CCM2L	5	1.73268075933282e-54	3.31705180136412	0.36	0.033	3.12107785178621e-50
MYH9	5	4.43175808298481e-54	2.73821478901513	0.937	0.446	7.98292583488054e-50
PPARG	5	5.13217834521461e-54	4.2085944326392	0.297	0.022	9.24459285323507e-50
EFNB2	5	7.1148838520302e-54	4.46573512424412	0.369	0.037	1.2816040282662e-49
FRY	5	1.4675978162938e-53	3.33517914606348	0.459	0.06	2.64358394649002e-49
RHOJ	5	3.2858233163765e-53	2.70109341105165	0.586	0.099	5.91875353978899e-49
SOCS2	5	3.55190747389576e-53	2.88820850256025	0.586	0.102	6.39805093272843e-49
TESC	5	3.61684338191549e-53	3.52287226805425	0.387	0.041	6.51501998384437e-49
RAB11A	5	4.43616932977101e-53	2.46174593603489	0.901	0.401	7.99087181371652e-49
BCAR1	5	6.3595501735349e-53	3.23609013361325	0.532	0.088	1.14554577275884e-48
BACE2	5	1.53408745482951e-52	2.71945247496504	0.793	0.216	2.76335173238439e-48
FAM107A	5	1.70689824691188e-52	3.30083761362376	0.396	0.043	3.07463581216237e-48
TMTC1	5	4.04590113111941e-52	2.84337185965249	0.739	0.184	7.2878817074854e-48
PRKD2	5	7.54409210302787e-52	3.30312942513175	0.405	0.046	1.35891731051841e-47
TGFBR2	5	7.98520094535876e-52	2.28157850591484	0.946	0.545	1.43837424628747e-47
SH3BGRL2	5	9.76728505029575e-52	3.56859056836009	0.387	0.043	1.75938105610977e-47
MFAP3	5	1.37661219115739e-51	3.15199255509363	0.505	0.077	2.4796915399318e-47
STOM	5	1.40672734368958e-51	2.50760921026017	0.946	0.557	2.53393796418803e-47
IGFBP2	5	1.56968693154888e-51	1.80465792659361	0.829	0.213	2.827477069799e-47
HEG1	5	2.50256398005756e-51	3.46178689434513	0.631	0.137	4.50786849727767e-47
MGLL	5	2.77153464870446e-51	2.96078919703108	0.586	0.109	4.99236536271134e-47
MGST2	5	3.57500807528707e-51	2.35475126814857	0.91	0.358	6.4396620460146e-47
NUDT14	5	4.14403272045205e-51	2.7385155698024	0.604	0.113	7.46464613935027e-47
PARVB	5	4.52216882772737e-51	2.68121942347099	0.649	0.134	8.14578270938531e-47
HOXD8	5	1.0223015205421e-50	3.97694800240311	0.279	0.02	1.84147172895249e-46
TAOK2	5	3.71253550110013e-50	3.05401739553033	0.505	0.079	6.68739019813167e-46
ABCD4	5	4.15802338198992e-50	2.86765562061771	0.64	0.138	7.48984751797844e-46
LSR	5	4.99687215125674e-50	3.79225073585974	0.324	0.029	9.00086580605877e-46
RGS12	5	7.59985267944561e-50	3.25079272261745	0.396	0.046	1.36896146314854e-45
LMO2	5	1.11413573311767e-49	2.41124415384073	0.676	0.144	2.00689269606485e-45
CSGALNACT1	5	1.35548743355651e-49	3.08834165627119	0.568	0.106	2.44163951406534e-45
MLKL	5	3.1894898169395e-49	3.65362667221589	0.288	0.023	5.74522800725313e-45
FRYL	5	4.42691874248834e-49	2.83011824294372	0.676	0.164	7.97420873084425e-45
SEPN1	5	6.16124073615765e-49	2.51977092548109	0.757	0.208	1.10982429380408e-44
NEDD4	5	7.49261833976512e-49	2.99643584393955	0.459	0.065	1.34964534154189e-44
SLC29A1	5	1.10610350051909e-48	2.99466359005095	0.541	0.096	1.99242423548504e-44
GIMAP5	5	1.15068205729114e-48	3.66656572792338	0.315	0.029	2.07272358979854e-44
NXN	5	6.57704722764411e-48	2.93457127590745	0.459	0.066	1.18472351711553e-43
SHC1	5	2.40006417271247e-47	2.70609409211002	0.757	0.242	4.32323559430697e-43
PVRL2	5	2.73268023679842e-47	2.37895636283524	0.865	0.318	4.922376910545e-43
LPCAT4	5	3.066830998477e-47	3.19419505357859	0.441	0.063	5.52428267755662e-43
CAV2	5	4.12437188085701e-47	1.94240039884856	0.856	0.265	7.42923106898773e-43
CSRP2	5	5.75304647491963e-47	3.01183294889805	0.459	0.069	1.03629626152727e-42
CDA	5	7.94089690475622e-47	3.62985850628294	0.306	0.028	1.43039375945374e-42
PLCG2	5	1.46341052148875e-46	3.50786798190433	0.324	0.032	2.63604137235768e-42
LRRC1	5	4.87621912526278e-46	3.61298468771854	0.315	0.031	8.78353351033584e-42
ABI3	5	8.91165658978445e-46	3.43991997874566	0.333	0.035	1.60525670151787e-41
SLFN5	5	1.42695019277845e-45	2.60300059914592	0.694	0.179	2.57036538225182e-41
TSPAN9	5	1.85026354915135e-45	2.75920542856958	0.523	0.094	3.33287973108633e-41
ITGB4	5	2.69057929571768e-45	2.02550470778791	0.685	0.155	4.84654048537626e-41
IFI27	5	2.7088621572498e-45	2.00597239337744	1	0.673	4.87947340385406e-41
DUSP23	5	3.07873388246854e-45	2.94669110882406	0.784	0.274	5.54572334249058e-41
SEC14L1	5	4.56302122587138e-45	2.82407816514053	0.712	0.199	8.21937013416212e-41
ADARB1	5	6.39372277264559e-45	3.05100550499822	0.405	0.054	1.15170128303665e-40
RPH3AL	5	7.79970983783996e-45	3.94313328941087	0.252	0.019	1.40496173309011e-40
YES1	5	1.3438531512369e-44	2.72812039844002	0.586	0.125	2.42068268132303e-40
NOTCH1	5	2.73589444767732e-44	3.20261862816359	0.432	0.065	4.92816666860116e-40
PTPRK	5	4.56421316090637e-44	2.75563355291134	0.505	0.089	8.22151716674064e-40
MSN	5	4.61570045429415e-44	2.0457618954493	0.955	0.554	8.31426122832006e-40
CACHD1	5	6.7920305384023e-44	3.34619814702364	0.315	0.032	1.22344846088241e-39
GBP4	5	7.07203540369278e-44	3.42507394080286	0.369	0.046	1.27388573726718e-39
FAM65A	5	7.98322385211107e-44	2.69028357726256	0.613	0.139	1.43801811248077e-39
SLC44A2	5	8.18236107471345e-44	2.35033240214678	0.667	0.161	1.47388870038813e-39
COL4A2	5	1.02828914776265e-43	2.82460027356698	0.856	0.413	1.85225724186486e-39
NRARP	5	1.23321145703269e-43	2.18299684697372	0.468	0.073	2.22138379755299e-39
VAMP5	5	1.59526663526642e-43	2.21563032265894	0.883	0.434	2.8735537901054e-39
ASRGL1	5	2.04520367613623e-43	4.01421638747235	0.288	0.027	3.6840253818242e-39
CASP10	5	2.94867827464119e-43	3.53206469233497	0.297	0.029	5.31145417611117e-39
ZDHHC13	5	2.97057386475214e-43	3.27437785168455	0.333	0.037	5.35089470257803e-39
CYTL1	5	3.71593909383269e-43	3.37521704049518	0.441	0.069	6.69352108972083e-39
CPXM2	5	4.3337069069861e-43	2.45241958077007	0.685	0.173	7.80630625155406e-39
C8orf4	5	4.413030545637e-43	3.27475478050208	0.324	0.035	7.94919192185593e-39
CDC25B	5	6.2983212658134e-43	3.35576228221899	0.468	0.081	1.13451660961097e-38
FAM171A1	5	6.36924196095446e-43	2.81571858328452	0.477	0.082	1.14729155442673e-38
LMCD1	5	7.43312800540917e-43	2.4744105793642	0.676	0.173	1.33892934761435e-38
C21orf91	5	8.61417642940397e-43	3.04414185236066	0.45	0.073	1.55167160022854e-38
TNFSF10	5	1.33845519244506e-42	2.42462799356671	0.766	0.239	2.41095933815128e-38
ABCC4	5	1.37350911703572e-42	3.40522761275049	0.333	0.038	2.47410197251644e-38
TCF4	5	1.74481958765858e-42	1.9216920628246	0.991	0.563	3.1429435232494e-38
GJA4	5	1.83245861915521e-42	4.70168891299002	0.252	0.021	3.30080771068427e-38
FABP5	5	4.18746168949319e-42	2.90001457462131	0.748	0.251	7.54287474128409e-38
RASA4	5	8.98574874103963e-42	3.45332802173005	0.324	0.037	1.61860292072347e-37
UPP1	5	1.28591588977627e-41	2.26271196713722	0.604	0.128	2.316320292254e-37
COL15A1	5	1.49545048705815e-41	2.76933652610184	0.856	0.395	2.69375496233785e-37
CX3CL1	5	3.16415458029674e-41	3.71787125988637	0.27	0.025	5.69959164548852e-37
TGFBR3	5	3.5302530861573e-41	2.86023609631141	0.685	0.209	6.35904488409515e-37
SSFA2	5	1.00303765742224e-40	2.30033440641919	0.748	0.237	1.80677173231468e-36
RALGDS	5	1.30693610334752e-40	2.56191050312427	0.595	0.135	2.35418400295989e-36
CSF2RB	5	4.75277897195089e-40	3.31286096314953	0.396	0.059	8.56118076217514e-36
FNBP1L	5	5.83536229751939e-40	2.79315082637924	0.468	0.085	1.05112381065217e-35
EHD2	5	6.63622743293965e-40	2.10751198209974	0.748	0.241	1.19538364749542e-35
DOCK4	5	1.78925491213167e-39	2.53616909066771	0.459	0.08	3.22298487322277e-35
CDC37	5	1.98574907517304e-39	1.89122396516367	0.901	0.489	3.57692980910919e-35
MEF2C	5	3.76487395546655e-39	1.52831789698196	0.919	0.289	6.7816674559819e-35
TAGLN2	5	7.43744376768829e-39	1.45137495448823	0.982	0.821	1.33970674587369e-34
KIAA1671	5	7.59606883997084e-39	3.06010215799131	0.396	0.06	1.36827988014395e-34
PDGFB	5	7.8573747906309e-39	3.20616769524466	0.342	0.045	1.41534892103634e-34
CRYBG3.1	5	1.07401279604531e-38	2.69327005175244	0.55	0.121	1.93461924951642e-34
CCDC85B	5	1.46467628276274e-38	1.77033687740865	0.964	0.639	2.63832138814052e-34
SUN1	5	1.53760792390237e-38	2.26229759984975	0.721	0.219	2.76969315332534e-34
HAPLN3	5	1.65962283204919e-38	3.18965456062296	0.45	0.085	2.9894786073702e-34
CRYBG3	5	1.70773529299891e-38	2.86903266323623	0.495	0.099	3.07614358327894e-34
FAT4	5	2.09814556285735e-38	3.44651111146516	0.405	0.067	3.77938960237495e-34
NFIB	5	3.52522755822791e-38	1.86809857771257	0.91	0.458	6.34999240063594e-34
TPM3	5	3.56037414741322e-38	1.4856565424018	0.964	0.65	6.41330195173543e-34
FAM213A	5	5.13061125056321e-38	2.40911235435289	0.604	0.154	9.24177004563952e-34
PNP	5	5.71454610324555e-38	2.21633070054609	0.685	0.194	1.02936118957762e-33
RNF125	5	6.09569617414227e-38	2.77118912033191	0.423	0.071	1.09801775184825e-33
ABLIM3	5	6.23839576992495e-38	3.18608703322963	0.351	0.049	1.12372223003658e-33
FAM101B	5	1.4030732494465e-37	3.0546163970091	0.387	0.06	2.52735584422798e-33
NES	5	3.31165493125847e-37	3.27313468483391	0.477	0.097	5.96528402767587e-33
CPNE2	5	4.76071007267128e-37	2.67807971594042	0.441	0.08	8.57546705390278e-33
GNAI2	5	5.42007026506913e-37	1.51631203481468	0.982	0.752	9.76317256846903e-33
CPD	5	6.13446164040241e-37	2.01888153314091	0.766	0.253	1.10500057528569e-32
PDK4	5	8.6935958003707e-37	2.71614775677394	0.559	0.133	1.56597741152078e-32
CDC42EP3	5	9.67651263413155e-37	2.24862132651078	0.631	0.166	1.74303022078612e-32
PPAP2C	5	1.00093286235188e-36	3.21162212533677	0.333	0.046	1.80298036495444e-32
FILIP1	5	1.30289872846589e-36	3.15945971004796	0.387	0.063	2.34691147958561e-32
ORAI1	5	1.36430634635959e-36	2.66152853967658	0.477	0.096	2.45752502169753e-32
CDK17	5	1.88793661619625e-36	2.45727354549593	0.541	0.124	3.40074022675431e-32
COL4A1	5	2.38242800742646e-36	2.89520611347238	0.829	0.438	4.29146756977729e-32
HIP1	5	2.90567995619071e-36	2.58762062223016	0.477	0.095	5.23400130508632e-32
HLA-E	5	7.5351677032969e-36	1.37234352835345	0.991	0.814	1.35730975839487e-31
UHRF2	5	8.76255039863998e-36	2.42711814240721	0.495	0.104	1.57839820330702e-31
RAB13	5	9.6743150854651e-36	2.01963440150466	0.856	0.461	1.74263437634483e-31
TJP1	5	9.84422245562527e-36	1.7427888920907	0.739	0.223	1.77323979093178e-31
PLCB1	5	2.13783625502623e-35	2.70609409211002	0.378	0.06	3.85088444617874e-31
RFX3	5	2.62981516209005e-35	2.60214312807111	0.414	0.072	4.73708605147281e-31
COL18A1	5	2.94534387686239e-35	1.81600825647562	0.838	0.34	5.30544792539223e-31
C20orf112	5	3.34352716288331e-35	3.24043051976121	0.306	0.04	6.0226954785017e-31
RPGR	5	3.39557658160206e-35	2.66774778046054	0.486	0.103	6.1164520964398e-31
INPP1	5	4.00924535104383e-35	2.17231904624765	0.604	0.156	7.22185365083526e-31
DOCK6	5	4.10544951851939e-35	3.37351875302315	0.333	0.048	7.39514621770899e-31
EGLN3	5	4.44156949057411e-35	2.59061687469009	0.27	0.029	8.00059912337114e-31
ARHGEF12	5	4.60688283044492e-35	2.08759248080915	0.685	0.214	8.29837804248043e-31
DGKH	5	4.94901877530208e-35	2.95402160555361	0.414	0.075	8.91466751995163e-31
TNFRSF10B	5	5.20639281895013e-35	1.90201430208528	0.712	0.22	9.37827538477486e-31
FAM198B	5	7.39195587868218e-35	2.03325883536353	0.838	0.433	1.33151301242702e-30
EPHA2	5	9.08870875768786e-35	3.28120880687483	0.36	0.057	1.63714910852231e-30
WARS	5	1.56946968994668e-34	2.62863795203002	0.559	0.145	2.82708575250096e-30
TRIM47	5	2.09974459702273e-34	2.40183702354971	0.568	0.147	3.78226994261704e-30
GUK1	5	2.15309425318375e-34	1.30264240292694	0.991	0.888	3.87836867825989e-30
CARD8	5	3.77334842883887e-34	2.24130355763408	0.595	0.156	6.79693252486746e-30
FAM129B	5	3.85530049053463e-34	2.05560801866928	0.64	0.182	6.94455277360003e-30
ADAMTS6	5	4.42377494239331e-34	3.22266961785093	0.396	0.069	7.96854580373306e-30
SEMA6C	5	4.70588828002e-34	3.29105659283118	0.27	0.031	8.47671655880002e-30
UTRN	5	4.77230428230692e-33	2.03894994744139	0.802	0.329	8.59635170371946e-29
RBPMS	5	4.84217799930945e-33	2.33254872174964	0.55	0.14	8.72221523015611e-29
TMEM44	5	6.16592501784082e-33	3.05289685563641	0.297	0.04	1.11066807346367e-28
SRP14	5	6.70349641267333e-33	1.41837704931141	1	0.974	1.20750080881485e-28
DAB2IP	5	9.90385082793387e-33	3.17287516648286	0.288	0.038	1.78398064963573e-28
TMEM173	5	1.32030838405237e-32	2.10160496791753	0.757	0.308	2.37827149219353e-28
CLIC2	5	1.6716307296478e-32	2.4778251044369	0.459	0.098	3.01110843331458e-28
SNTB2	5	2.28225230519205e-32	2.26701111886453	0.604	0.172	4.11102107734243e-28
ZBTB18	5	2.30890728059945e-32	2.90278600311512	0.279	0.035	4.15903468454378e-28
SPTLC2	5	3.09604547616094e-32	2.17731442678199	0.631	0.191	5.57690671620871e-28
ATP1A1	5	3.91059889444319e-32	1.84307499493742	0.883	0.481	7.04416178856052e-28
PRRG1	5	4.10335114309704e-32	2.55409099866497	0.387	0.069	7.3913664140607e-28
LRRC8A	5	4.61012362434774e-32	2.42711814240721	0.468	0.102	8.30421568453759e-28
GRASP	5	1.10207742312334e-31	1.45985492881921	0.712	0.224	1.98517206227207e-27
CTNND1	5	1.41050107736644e-31	1.79265191166273	0.784	0.299	2.54073559066018e-27
FXYD5	5	1.56399732636073e-31	1.2811984543255	0.901	0.338	2.81722838397358e-27
TBC1D1	5	3.3945189721637e-31	2.35425041931837	0.459	0.1	6.11454702455847e-27
S100A16	5	8.79843170853214e-31	1.79151342196679	0.838	0.437	1.58486150365789e-26
CCND1	5	1.52869260818829e-30	2.5959111743596	0.45	0.1	2.75363399512956e-26
GNAQ	5	1.80904089214598e-30	1.8573552492873	0.784	0.332	3.25862535902256e-26
CPT1A	5	2.1912925762417e-30	2.26968294203861	0.468	0.104	3.94717531758417e-26
LAP3	5	3.13054104086561e-30	1.91402824286463	0.802	0.365	5.63904357691123e-26
MIER2	5	5.66283543072027e-30	2.96389184957767	0.342	0.059	1.02004654613564e-25
MAPK3	5	6.40056206561952e-30	2.11030456090451	0.622	0.2	1.15293324488004e-25
ATG4A	5	7.08224342670384e-30	2.63897989625148	0.333	0.055	1.27572450845216e-25
SHISA5	5	7.43776980624117e-30	1.76114513561887	0.748	0.282	1.33976547519822e-25
PRKAR1B	5	9.61161524957232e-30	3.19419505357859	0.261	0.034	1.73134025490546e-25
PBX1	5	1.12018523698503e-29	2.40678429988468	0.559	0.16	2.01778966738113e-25
LPAR6	5	1.29717619840715e-29	1.73122878779268	0.739	0.263	2.3366034861908e-25
CCDC50	5	1.90320066666863e-29	1.53475620734953	0.793	0.326	3.42823536087021e-25
PTP4A3	5	2.34997369495146e-29	2.96912849794381	0.297	0.045	4.23300761671607e-25
NDST1	5	2.50827655808825e-29	2.70609409211002	0.432	0.097	4.51815856408437e-25
GPRC5B	5	2.78595586202448e-29	2.88339862391793	0.324	0.053	5.0183422942647e-25
FAM219A	5	3.49509414518998e-29	2.92648416053532	0.297	0.045	6.29571308373071e-25
FBXO31	5	4.51714604226001e-29	2.9326026219187	0.297	0.045	8.13673516592295e-25
NUDCD1	5	5.68831269856984e-29	2.73780295183736	0.333	0.057	1.02463576639339e-24
TPST2	5	5.94044640004506e-29	2.40558498085756	0.495	0.126	1.07005261004012e-24
MYOF	5	6.99943279693939e-29	1.77000585593021	0.73	0.267	1.26080782971269e-24
RPS28	5	1.171498242921e-28	0.735889841904219	1	1	2.11021978497361e-24
GSE1	5	3.1828193902224e-28	2.66709996049416	0.414	0.092	5.7332125676076e-24
HSPB1	5	3.41408694573445e-28	1.30352594479339	0.964	0.782	6.14979481535146e-24
LYL1	5	5.58162645214292e-28	2.113971799816	0.432	0.094	1.0054183728245e-23
TMSB10	5	5.65707642966001e-28	0.834954764492551	1	1	1.01900917727466e-23
LGALS9	5	6.99050962036087e-28	1.88744470035011	0.541	0.147	1.2592004979156e-23
RGL2	5	1.0652603569869e-27	1.71682049870308	0.613	0.185	1.9188534810405e-23
LAPTM4B	5	1.0803571854976e-27	1.88506423315534	0.676	0.245	1.94604739823682e-23
PGM2	5	1.09745773706655e-27	2.35152123409507	0.441	0.103	1.97685062177797e-23
SMAGP	5	1.57851405817155e-27	2.82042676758902	0.27	0.039	2.84337737298442e-23
FLOT2	5	1.63668472069971e-27	2.09513638285592	0.432	0.096	2.94816018739639e-23
LUZP1	5	1.66479088671987e-27	2.18583728077668	0.495	0.128	2.99878782424851e-23
BCR	5	2.07757523245674e-27	2.01094867363844	0.523	0.139	3.74233626622433e-23
CNOT6L	5	2.54328176151448e-27	2.09227672871668	0.559	0.167	4.58121343701604e-23
IL6ST	5	2.71105901107538e-27	1.78443449919588	0.892	0.635	4.88343059665007e-23
WWP1	5	3.23270455813903e-27	1.86703031032508	0.541	0.149	5.82307072057583e-23
SYNGR2	5	3.76079999696602e-27	1.81431934836708	0.586	0.172	6.77432903453489e-23
UGCG	5	3.76830660033715e-27	1.99415076441825	0.712	0.276	6.78785067918731e-23
HDAC7	5	3.81080244579303e-27	1.90858695600876	0.622	0.208	6.86439844560699e-23
MARCKSL1	5	4.62316700359152e-27	1.68213419316584	0.793	0.383	8.32771072356941e-23
HDAC1	5	4.81194634701737e-27	2.20359375158084	0.432	0.099	8.66775895488238e-23
CFI	5	5.39192211789895e-27	1.59163536752511	0.784	0.338	9.71246931097138e-23
GNS	5	6.12551560425166e-27	1.84039518382161	0.73	0.3	1.10338912579385e-22
MACF1	5	6.62734889197986e-27	1.59617640003199	0.802	0.385	1.19378435591233e-22
RHOC	5	8.87244320268534e-27	1.4092826742918	0.919	0.68	1.59819319409971e-22
KBTBD2	5	9.3806135477293e-27	1.87949128545914	0.541	0.153	1.68972991835248e-22
TEAD2	5	9.39150240686914e-27	2.63738134202601	0.315	0.055	1.69169132854934e-22
AGRN	5	1.06793166958482e-26	2.46563009785155	0.414	0.093	1.92366531642314e-22
GRAMD1A	5	1.35736535443164e-26	2.05584013113715	0.559	0.17	2.44502221293771e-22
KIAA1462	5	1.66458228332949e-26	2.54958960643003	0.387	0.084	2.99841206696141e-22
PTRF	5	1.92392246826355e-26	1.19736048442328	0.982	0.688	3.46556154208313e-22
CD320	5	1.95882830517554e-26	1.85201363054154	0.703	0.268	3.52843742611269e-22
NEURL1B	5	1.97451765994685e-26	2.37851943408152	0.315	0.055	3.55669866086227e-22
LRRC32	5	2.37517923349352e-26	2.58692239113234	0.45	0.115	4.27841035329187e-22
STAB1	5	2.74555988879445e-26	1.00059792608138	0.757	0.273	4.94557702768544e-22
PFKP	5	2.8121507228722e-26	2.19913410339014	0.405	0.09	5.0655270971097e-22
TCF7L1	5	3.34559896571832e-26	2.60175743229528	0.306	0.052	6.0264274169484e-22
IFITM2	5	3.602600628817e-26	1.12138405355433	0.946	0.821	6.48936451268806e-22
PXN	5	4.9217766155649e-26	1.8847715675613	0.568	0.17	8.86559621761706e-22
PTMA	5	5.09353729217924e-26	0.791312554081215	1	1	9.17498872440247e-22
ZNF436	5	5.19670325807475e-26	2.81300929602653	0.288	0.047	9.36082157877004e-22
KCTD12	5	5.20445246527786e-26	1.68654839039287	0.883	0.484	9.37478022570502e-22
CYTH1	5	6.88397961185321e-26	1.96912849794381	0.55	0.163	1.24001124748312e-21
ABCG1	5	8.62012068014427e-26	2.59838027480977	0.315	0.057	1.55274233811439e-21
PIEZO1	5	9.01679282630286e-26	2.15604548843002	0.495	0.136	1.62419489180193e-21
TES	5	9.39202081337545e-26	2.16052502968895	0.441	0.108	1.69178470911332e-21
FOXP1	5	9.78184684744293e-26	1.81936479106636	0.793	0.381	1.76200407262989e-21
MYO10	5	1.08238452019448e-25	2.74004142403336	0.297	0.051	1.94969923622632e-21
EOGT	5	1.36748557326073e-25	2.23216290377761	0.441	0.11	2.46325176311455e-21
ASL	5	1.64670084782371e-25	2.00154997563619	0.441	0.105	2.96620223718485e-21
PKIG	5	1.67149362198693e-25	2.15485220923287	0.541	0.166	3.01086146128506e-21
ZNF608	5	1.85746923021131e-25	2.69315503640252	0.288	0.048	3.34585932437963e-21
IFITM3	5	1.88214240149097e-25	0.983908907209476	1	0.933	3.39030310780568e-21
TNK2	5	1.95379086108387e-25	2.4951973096114	0.306	0.054	3.51936347807037e-21
CD200	5	2.47525330938536e-25	2.73780295183736	0.297	0.052	4.45867378619585e-21
ATP11C	5	2.63799867546667e-25	2.40543461397631	0.459	0.123	4.75182701411811e-21
NRP1	5	2.83379861636902e-25	1.62660930828321	0.793	0.399	5.10452144766551e-21
TENC1	5	3.58885528990615e-25	1.75215211315455	0.64	0.22	6.46460503370795e-21
LINC01116	5	4.30032414875508e-25	2.59838027480977	0.315	0.058	7.74617388915253e-21
ATP1B3	5	4.44523069188802e-25	1.63628130762968	0.874	0.562	8.00719404529788e-21
ACTN1	5	4.92574362149491e-25	1.69613952793734	0.82	0.496	8.87274198539879e-21
IL15	5	5.12732889509186e-25	2.63501099404854	0.27	0.043	9.23585753872897e-21
CTNNA1	5	5.30285561294802e-25	1.55791777820548	0.748	0.33	9.55203381560328e-21
TSHZ2	5	6.94649725278885e-25	1.46465591508303	0.757	0.304	1.25127255014486e-20
HLA-B	5	7.68299682743275e-25	1.01039112991939	1	0.901	1.38393821852546e-20
VAT1	5	9.834344888618e-25	1.93919121378971	0.613	0.214	1.77146054478676e-20
CD109	5	1.27275749394025e-24	1.95900428067011	0.64	0.239	2.29261807383457e-20
PARP14	5	1.48540592676219e-24	1.7194084453909	0.649	0.243	2.67566169587673e-20
PLS3	5	1.53046275495775e-24	2.07306315122087	0.748	0.377	2.75682256050539e-20
FCHO2	5	1.89551287871387e-24	1.95528959047875	0.514	0.15	3.41438734842729e-20
RAI14	5	1.96064667309385e-24	1.83300620459224	0.541	0.162	3.53171285224395e-20
C1QTNF1	5	2.08850196881578e-24	2.4695574884533	0.342	0.071	3.76201859642787e-20
HIPK3	5	2.09759797378217e-24	1.74751401949	0.757	0.369	3.77840323017382e-20
MAOA	5	2.97790083748969e-24	3.29105659283118	0.252	0.04	5.36409277857018e-20
PTPN12	5	3.38434729460099e-24	1.69288855331075	0.703	0.3	6.09622478176477e-20
CLIC4	5	4.03109808037098e-24	1.64451401174361	0.811	0.459	7.26121697217225e-20
C9orf40	5	5.05575777023446e-24	2.75500369259097	0.252	0.039	9.10693647152333e-20
SYPL1	5	5.13941045285126e-24	1.36505717427495	0.838	0.494	9.25762004872097e-20
FEZ2	5	5.15006685275776e-24	1.74884373956936	0.667	0.264	9.27681542187255e-20
CD2AP	5	5.18674102181297e-24	2.04400211726046	0.486	0.141	9.34287660259171e-20
CD151	5	6.81219833417992e-24	1.17278435669868	0.946	0.662	1.22708128593583e-19
ADAMTS1	5	7.22683299340793e-24	2.77223644890123	0.595	0.231	1.30176942710257e-19
ACTN4	5	7.91863520890296e-24	1.39013636653918	0.874	0.493	1.42638376017969e-19
TSPAN15	5	9.27839127516119e-24	2.52350267883155	0.27	0.045	1.67131662039479e-19
MGAT4A	5	9.58116450565183e-24	1.39797179674769	0.568	0.166	1.72585516240306e-19
STK25	5	1.03267028617873e-23	1.92010016201645	0.523	0.163	1.86014898649375e-19
RPS6	5	1.16894591771421e-23	0.826678409687737	1	0.998	2.10562228157861e-19
SERPINB6	5	1.28419335961406e-23	1.56132256789605	0.712	0.316	2.31321749867281e-19
AGPAT5	5	1.46656500852032e-23	2.37544878012155	0.333	0.068	2.64172354984765e-19
RDX	5	1.66480078824707e-23	2.20685006679314	0.739	0.36	2.99880565986946e-19
VCAM1	5	1.80386993353058e-23	3.19890674620097	0.441	0.121	3.24931091126863e-19
RELL1	5	2.27588679106072e-23	2.50256069802489	0.315	0.062	4.09955487673767e-19
FAM43A	5	2.63184892002709e-23	2.0351116117837	0.441	0.118	4.7407494596448e-19
CAPNS1	5	3.40563329944048e-23	1.30142139868975	0.847	0.523	6.13456726228214e-19
APP	5	3.74157490320981e-23	1.13143922930243	0.937	0.706	6.73969887315183e-19
GAPDH	5	4.80294359664819e-23	0.74663782045798	1	0.995	8.65154230064238e-19
HLA-C	5	6.10283273363694e-23	0.902041683158184	1	0.895	1.09930326031002e-18
XAF1	5	6.25664778903406e-23	2.07440054104387	0.514	0.166	1.1270099662387e-18
C10orf10	5	7.87677952839198e-23	2.46508599260623	0.252	0.041	1.41884429644925e-18
ST6GAL1	5	1.00786138411778e-22	2.05888315070214	0.405	0.101	1.81546071121136e-18
VWCE	5	1.04376676175349e-22	2.61518559591181	0.279	0.051	1.88013706794656e-18
CTTNBP2NL	5	1.26197527591907e-22	2.13006471615887	0.441	0.123	2.27319606451303e-18
YPEL2	5	1.43365407033542e-22	2.14266475293851	0.477	0.142	2.58244107689519e-18
NEDD9	5	1.59020953558017e-22	1.93570549640636	0.55	0.192	2.86444443644056e-18
PTK2	5	1.81289389598307e-22	1.47343333531975	0.586	0.191	3.2655657748343e-18
RALB	5	1.89385372728727e-22	1.97763999779933	0.459	0.13	3.41139871896256e-18
ASPH	5	2.23266262276158e-22	1.39766183970688	0.802	0.404	4.02169518238044e-18
NCOA7	5	2.82888271185398e-22	2.29105659283118	0.685	0.312	5.09566642886257e-18
ADAM10	5	3.08975021608896e-22	1.73584143550407	0.568	0.195	5.56556706424104e-18
MFSD6	5	4.19472993126566e-22	2.56170418277485	0.288	0.055	7.55596702518883e-18
SVIP	5	4.2074691820927e-22	1.41585084225114	0.523	0.164	7.57891423770359e-18
ELK4	5	4.83979937505574e-22	1.85172254355093	0.541	0.185	8.71793061428791e-18
RRM2B	5	4.85190419756198e-22	1.89807233618758	0.55	0.19	8.73973503106839e-18
PTTG1IP	5	4.99440092066904e-22	1.38416599722266	0.856	0.49	8.99641437840114e-18
SIGIRR	5	5.13578452903234e-22	1.58126892595321	0.694	0.297	9.25108867214595e-18
CDC42BPB	5	5.18587580909117e-22	2.02516253285814	0.495	0.157	9.34131809491593e-18
RP11-295G20.2	5	6.37495032174704e-22	2.84853835713023	0.252	0.043	1.1483198014563e-17
GIMAP2	5	6.55892201051206e-22	2.61589628313844	0.252	0.043	1.18145862175354e-17
YBX3	5	7.75087495831617e-22	0.935796730740433	1	0.891	1.39616510624149e-17
LSG1	5	8.45736686502635e-22	2.20806722816015	0.315	0.065	1.5234254933972e-17
LRCH1	5	8.87571114854875e-22	2.4012395105816	0.333	0.074	1.59878184918809e-17
RASSF3	5	9.19475631965825e-22	2.49404361499503	0.288	0.056	1.65625145586004e-17
TMEM30A	5	1.14782650144352e-21	1.5895800833836	0.784	0.41	2.06757987705021e-17
MYL6	5	1.14916482678373e-21	0.742372178550641	1	0.995	2.06999060248554e-17
BNIP2	5	1.72550908454937e-21	1.52783293233028	0.721	0.317	3.10815951399878e-17
TRIAP1	5	1.94257340538456e-21	1.7581163044583	0.532	0.174	3.49915747511921e-17
NCKAP1	5	2.45302794951741e-21	1.51370374976304	0.658	0.266	4.41863924546571e-17
ASAP1	5	2.51649900400441e-21	1.97826915180028	0.523	0.178	4.53296965591314e-17
CADPS2	5	2.5483640895453e-21	2.39220331628808	0.324	0.072	4.59036823449794e-17
PLCXD3	5	2.70068476247788e-21	2.51947280179539	0.324	0.072	4.86474346265141e-17
PLEKHA1	5	2.71352515461218e-21	1.81975087390559	0.495	0.154	4.88787286100293e-17
KCTD10	5	2.95539718807484e-21	2.04916799586893	0.423	0.118	5.32355695487921e-17
SPTBN1	5	3.87686315432876e-21	1.10025400188815	0.937	0.598	6.9833935998924e-17
CRBN	5	4.14572602343249e-21	1.75633684688964	0.586	0.222	7.46769628600895e-17
FAM89A	5	4.4669105798573e-21	2.78682536422288	0.288	0.059	8.04624602749696e-17
CDKN3	5	4.90277067258035e-21	2.27800044000573	0.252	0.044	8.83136081251898e-17
GIT1	5	5.08039541595599e-21	1.93938115454976	0.378	0.093	9.15131626276153e-17
ZNRF1	5	5.16145165118507e-21	1.93854017811039	0.423	0.116	9.29732285927966e-17
RANBP6	5	5.63720805509565e-21	2.164792820185	0.324	0.071	1.01543028696438e-16
NRAS	5	6.53670119406866e-21	1.90332643954807	0.441	0.125	1.17745598608759e-16
TAP1	5	1.01176980235911e-20	2.02002939624385	0.432	0.125	1.82250094498947e-16
PEA15	5	1.02341648827735e-20	1.41050014503612	0.694	0.301	1.84348012033399e-16
RAB12	5	1.11687046241391e-20	2.19152091928026	0.351	0.084	2.01181876394618e-16
PDLIM5	5	1.14531487804809e-20	1.55409099866497	0.748	0.378	2.06305568982803e-16
PLEC	5	1.15413983175752e-20	1.32604195078051	0.829	0.471	2.07895207894483e-16
ASCC3	5	1.23838287789659e-20	1.63897989625148	0.604	0.226	2.23069907795513e-16
TSPAN14	5	1.38800808649353e-20	1.63080596480578	0.514	0.164	2.50021896620079e-16
HLA-A	5	1.64136622906873e-20	0.769786537082839	1	0.98	2.9565929884215e-16
POLE4	5	1.66298803114578e-20	1.55668811015101	0.685	0.31	2.9955403405029e-16
MOB2	5	1.81152283049591e-20	1.89963165077428	0.486	0.156	3.26309607457229e-16
GSDMD	5	1.98636711829966e-20	1.59249906026806	0.649	0.269	3.57804309019317e-16
GAS2L1	5	2.72925170558501e-20	1.8363166695186	0.423	0.118	4.91620109727029e-16
NMRK1	5	2.82602482894039e-20	2.0589751153263	0.36	0.089	5.09051852437033e-16
SEPT10	5	2.842709494721e-20	1.67634674871597	0.559	0.202	5.12057261284093e-16
MCM3	5	3.08565756375292e-20	2.31907096900077	0.342	0.083	5.55819496958813e-16
CYB5B	5	3.57605072644992e-20	1.87373815230109	0.486	0.158	6.44154017355424e-16
GMDS	5	4.06549477695046e-20	1.74330517120709	0.495	0.161	7.32317574172087e-16
SLC30A1	5	4.18812006784576e-20	1.84525683978165	0.495	0.162	7.54406067821056e-16
HERC2	5	4.41633131161299e-20	1.75662682612901	0.541	0.191	7.95513759160847e-16
PON2	5	4.47085841837203e-20	1.37096045842339	0.649	0.26	8.05335726901354e-16
CYSLTR1	5	4.60075096222254e-20	2.40604911512111	0.333	0.08	8.28733270825146e-16
ATP11A	5	4.61135103854964e-20	1.87736551925985	0.45	0.137	8.30642662573946e-16
CDC27	5	4.88853786223762e-20	1.63674604541929	0.568	0.203	8.80572325124862e-16
SYT11	5	5.49098739749438e-20	2.31907096900077	0.324	0.075	9.89091559910663e-16
NLK	5	5.77886839045609e-20	2.48960227221326	0.27	0.053	1.04094756317285e-15
HLA-F	5	5.78478133926399e-20	1.48370167077357	0.532	0.173	1.04201266264162e-15
ARL15	5	5.78773108306002e-20	2.71555442135909	0.288	0.061	1.0425439999916e-15
CANT1	5	6.32764667125664e-20	2.0414427027597	0.351	0.086	1.13979899489346e-15
SPTAN1	5	8.56039520606383e-20	1.20718403557616	0.838	0.465	1.54198398846828e-15
ITGA9	5	9.98281029697871e-20	2.82157130952996	0.252	0.048	1.79820361879478e-15
RPL3	5	1.14970030509546e-19	0.668813963973435	1	1	2.07095515956845e-15
EI24	5	1.29329992565352e-19	1.50021075793901	0.649	0.268	2.32962115607969e-15
LRRFIP1	5	1.3317778600193e-19	1.24394399699306	0.838	0.446	2.39893145925276e-15
SASH1	5	1.36161604320105e-19	1.71847781656585	0.495	0.162	2.45267897861805e-15
VPS51	5	1.51471906566837e-19	1.62159781802325	0.595	0.241	2.72846345298843e-15
FOXO1	5	1.53784311843288e-19	1.76412621348144	0.523	0.185	2.77011680923315e-15
STMN1	5	1.56394758442882e-19	1.1962619522715	0.55	0.185	2.81713878383163e-15
RPS19	5	1.57656233307018e-19	0.742580740481244	1	1	2.83986173055931e-15
RASAL2	5	1.66312841949287e-19	1.8558412116147	0.459	0.141	2.99579322203251e-15
VAMP3	5	1.8411226973307e-19	1.64196375469031	0.577	0.223	3.31641431470178e-15
BAZ2A	5	1.93478344910023e-19	1.69180986610377	0.477	0.15	3.48512542686424e-15
WNK1	5	2.03586766747694e-19	1.5293844861006	0.712	0.338	3.66720842942622e-15
ITM2A	5	2.10065880932836e-19	1.19323453753719	0.901	0.52	3.78391671324318e-15
TRIOBP	5	2.38012563105785e-19	1.6197632203496	0.577	0.22	4.28732029922451e-15
BAG5	5	3.16429601104074e-19	1.68591621017239	0.495	0.165	5.69984640468769e-15
TP53	5	3.30200146548438e-19	1.9849534651055	0.387	0.106	5.94789523977701e-15
VGLL4	5	3.30859309486799e-19	1.50414346838758	0.676	0.291	5.95976874178571e-15
ADAMTS4	5	3.30882047002477e-19	2.58457627253279	0.342	0.087	5.96017831265561e-15
EFTUD2	5	3.48012460110066e-19	2.25710926090784	0.306	0.069	6.26874844396261e-15
NFAT5	5	3.67518712259734e-19	1.41989370169718	0.703	0.31	6.62011456393458e-15
DAAM1	5	3.85269174387437e-19	1.47087763041599	0.631	0.25	6.9398536382409e-15
MLLT4	5	4.06271019313669e-19	1.87913170541967	0.468	0.151	7.31815987089712e-15
ACSL5	5	4.13605183107652e-19	2.45611583910167	0.27	0.056	7.45027016331814e-15
AFAP1L1	5	4.79467454750214e-19	2.32422345676638	0.252	0.048	8.6366472624156e-15
ITPR3	5	5.17816075769324e-19	2.12903678947421	0.369	0.1	9.32742097283284e-15
SH3TC1	5	5.58348494025259e-19	2.40522761275049	0.288	0.063	1.0057531422877e-14
NEAT1	5	7.18514449784341e-19	0.812793299463507	1	0.983	1.29426007839653e-14
TBC1D15	5	7.28961330171135e-19	1.58033023545305	0.559	0.209	1.31307804403726e-14
PHACTR2	5	7.9483353589241e-19	1.41129317524552	0.667	0.286	1.431733648203e-14
NFE2L1	5	8.10390049693778e-19	1.4951973096114	0.631	0.254	1.4597555965134e-14
PICALM	5	9.07208624844671e-19	1.56859056836009	0.703	0.35	1.63415489593271e-14
YWHAB	5	9.71791780094217e-19	0.944380396568967	0.928	0.756	1.75048853348371e-14
KITLG	5	1.01560750271268e-18	2.62692387867641	0.324	0.082	1.82941379463636e-14
RORA	5	1.08186907649191e-18	1.89512791650004	0.423	0.128	1.94877076748487e-14
SLC25A25	5	1.12639759846221e-18	2.22331198619534	0.333	0.084	2.02897999410998e-14
KTN1	5	1.15978028280308e-18	1.05221365071413	0.91	0.683	2.08911222341319e-14
GNB4	5	1.20305896761179e-18	1.85985015665882	0.423	0.128	2.16707011835911e-14
POGLUT1	5	1.26410856609692e-18	1.75351943830276	0.459	0.148	2.27703876011039e-14
NT5DC1	5	1.28862129642346e-18	2.24666247347272	0.324	0.08	2.32119354124759e-14
RAB11FIP5	5	1.35143383575286e-18	2.30875859456464	0.297	0.068	2.43433776834163e-14
PTPN14	5	1.38518726770225e-18	1.92848651344647	0.441	0.14	2.49513782531207e-14
B3GNT2	5	1.74173187019172e-18	1.8778604403765	0.36	0.095	3.13738161777634e-14
KLF11	5	1.8124845569271e-18	1.92587529998993	0.351	0.091	3.26482843239278e-14
TECPR1	5	2.17139162516361e-18	2.37803989442582	0.297	0.069	3.91132773440721e-14
TRAK2	5	2.78388852934601e-18	2.01925197736965	0.333	0.084	5.01461840791096e-14
PTPRG	5	2.99914979646357e-18	2.18939461817187	0.477	0.175	5.40236852836983e-14
TMOD3	5	3.41936178096727e-18	1.46619302091883	0.64	0.274	6.15929637605635e-14
NARF	5	3.54246305054012e-18	1.75080574091641	0.459	0.153	6.38103869293793e-14
KIAA0141	5	4.02906956857487e-18	1.84727015507072	0.405	0.12	7.25756301387391e-14
VEZT	5	4.25118746699446e-18	1.74916281400191	0.505	0.181	7.65766398429712e-14
PXDN	5	7.86611487409741e-18	1.78456815013311	0.459	0.159	1.41692327227117e-13
AKT3	5	8.97723300576192e-18	2.07955248763747	0.369	0.105	1.6170689813279e-13
SBNO2	5	9.6354151359201e-18	1.62809158010875	0.486	0.169	1.73562732843329e-13
LYPLA1	5	1.01760741596413e-17	1.54501521962614	0.577	0.232	1.83301623837618e-13
MLXIP	5	1.08745957149841e-17	1.91254496957745	0.432	0.138	1.95884092614008e-13
AP1G2	5	1.09646782153976e-17	2.35076283895544	0.27	0.059	1.97506748693957e-13
SH3BP4	5	1.10175040918633e-17	2.39122075475661	0.279	0.064	1.98458301206734e-13
NTAN1	5	1.12350615643641e-17	1.52707508010923	0.532	0.197	2.02377163958891e-13
ICAM1	5	1.25043828415405e-17	1.71302014977569	0.532	0.201	2.25241448124668e-13
FNIP2	5	1.74897086767536e-17	1.64124294776005	0.505	0.187	3.15042122394362e-13
HPCAL1	5	1.87826260159098e-17	1.97350693845439	0.396	0.121	3.38331442424584e-13
NAPRT1	5	1.95900911135785e-17	1.68747841394267	0.477	0.168	3.52876311228889e-13
RNF11	5	2.03497105637541e-17	1.60116893747134	0.559	0.225	3.66559336384902e-13
PPP2R2A	5	2.04895783400562e-17	1.52677039266546	0.595	0.243	3.69078774639432e-13
ADIRF	5	2.10913026234786e-17	1.2019275927431	0.811	0.516	3.79917634156719e-13
MYL12A	5	2.20395806653526e-17	0.730920510885636	0.982	0.967	3.96998966524997e-13
ITGB1	5	2.24869954860666e-17	0.979659165435984	0.964	0.833	4.05058249690518e-13
LOXL2	5	2.27379804037047e-17	1.66427391641539	0.333	0.087	4.09579241011933e-13
APOL1	5	2.34624927401942e-17	1.88506423315534	0.396	0.118	4.22629881729119e-13
SNCA	5	2.62189021852753e-17	1.85971728122323	0.333	0.088	4.72281085063365e-13
EIF4G2	5	2.68655438943389e-17	0.892117597116977	0.964	0.803	4.83929042168727e-13
KIFC3	5	2.77447779915126e-17	2.2085944326392	0.324	0.085	4.99766685961116e-13
ESYT1	5	2.88983124324587e-17	1.84437346693587	0.423	0.136	5.20545301845879e-13
TPD52L1	5	3.00929888993619e-17	1.1612090307642	0.441	0.133	5.42065009044206e-13
CPNE8	5	3.01238553541088e-17	1.83808963792001	0.414	0.132	5.42621006493561e-13
SNHG7	5	3.05405587166802e-17	1.22871147858868	0.748	0.406	5.5012708416356e-13
B2M	5	4.20559211719709e-17	0.535419904036933	1	1	7.57553308070711e-13
BAX	5	4.2178187125488e-17	1.27615377018212	0.829	0.605	7.59755684691415e-13
KIF1C	5	4.58181222805074e-17	1.88705736500478	0.333	0.087	8.2532183663878e-13
ASS1	5	4.6939845599234e-17	2.7222137574733	0.288	0.071	8.45527438779003e-13
ITGA1	5	4.71415135901751e-17	2.0997579405963	0.324	0.085	8.49160084299824e-13
EGLN1	5	4.97946343536665e-17	1.91786748242647	0.486	0.187	8.96950748612595e-13
MT-CYB	5	5.75937226338411e-17	0.47652511882952	1	1	1.03743572580338e-12
ARRB1	5	6.92190194741903e-17	1.9765459695063	0.306	0.076	1.24684219778859e-12
SHKBP1	5	7.25609729840576e-17	1.64995101407249	0.441	0.145	1.30704080636183e-12
TNFRSF1B	5	7.44428340713895e-17	1.21685565098976	0.514	0.172	1.34093877012794e-12
ELOVL1	5	8.36155751387842e-17	1.54715495145459	0.523	0.201	1.50616735497492e-12
RPLP0	5	8.4394782792416e-17	0.599496977719853	0.991	0.982	1.52020322243979e-12
LMBR1	5	1.01672520205145e-16	2.2130540808299	0.306	0.079	1.83142710645527e-12
MESDC1	5	1.10701511255004e-16	1.40868227682969	0.559	0.219	1.99406632223639e-12
SSH1	5	1.37270361323833e-16	1.89017715654899	0.405	0.132	2.4726510185262e-12
CD40	5	1.80319332443381e-16	1.90354015631624	0.45	0.162	3.24809213530263e-12
MON1B	5	1.99408296871848e-16	1.82327763148036	0.36	0.104	3.5919416515526e-12
MAP4	5	2.01333582663846e-16	1.42986960740451	0.631	0.293	3.62662182452386e-12
WDFY1	5	2.11201173378259e-16	1.95092390256622	0.396	0.127	3.80436673606257e-12
HDGFRP3	5	2.13484757776831e-16	1.66512231105371	0.495	0.187	3.84550094183406e-12
CAMK2D	5	2.22415158680699e-16	1.64008555095438	0.514	0.198	4.00636425331542e-12
DOCK1	5	2.24036178090751e-16	1.48759558687806	0.432	0.139	4.0355636759487e-12
MYL12B	5	2.74426938903319e-16	0.682560638982267	0.982	0.953	4.94325245046549e-12
GABPA	5	2.82796955687614e-16	1.68042920871667	0.441	0.152	5.09402156280099e-12
SNAP23	5	3.60510384325286e-16	1.48370167077357	0.541	0.215	6.49387355285137e-12
FLOT1	5	3.92686797865757e-16	1.20359375158084	0.757	0.45	7.07346728995588e-12
BCAP31	5	4.11865526353898e-16	1.09119908531203	0.847	0.565	7.41893372621277e-12
TRIM25	5	5.54342920409296e-16	1.98071647221903	0.333	0.093	9.98537902533265e-12
ATP2B4	5	5.59175806446212e-16	1.3698481958333	0.649	0.308	1.00724338015156e-11
TTC19	5	5.69284897907614e-16	1.48618693416317	0.514	0.199	1.02545288660099e-11
MBNL2	5	5.96345723888456e-16	1.26672012581398	0.712	0.402	1.07419755244028e-11
SET	5	6.75172193741908e-16	0.932401563449852	0.91	0.694	1.2161876725873e-11
RIMKLB	5	6.79709190235458e-16	1.73996895774804	0.459	0.165	1.22436016437113e-11
TCN2	5	6.93984059823327e-16	1.41658747491504	0.541	0.212	1.25007348695976e-11
SLC41A3	5	7.21543377695994e-16	1.80030943372767	0.396	0.128	1.29971608624379e-11
UFD1L	5	7.58376347934352e-16	1.42837030077387	0.595	0.257	1.36606331553415e-11
TMEM184B	5	8.39241496824377e-16	1.81232441823494	0.378	0.118	1.51172570822975e-11
COMMD7	5	9.75757900919873e-16	1.35658975287023	0.532	0.207	1.75763270692697e-11
VASH1	5	1.01722110837974e-15	1.85461661682011	0.315	0.085	1.83232038252443e-11
ZMAT3	5	1.32984731197383e-15	1.17967378938432	0.748	0.376	2.39545396305846e-11
GJA1	5	1.43351156140415e-15	1.51036962123565	0.604	0.265	2.58218437555729e-11
NECAP2	5	1.4547937046005e-15	1.75947518843804	0.459	0.173	2.62051990009687e-11
PIM3	5	1.5054968728384e-15	1.31145181358225	0.613	0.275	2.71185151704381e-11
CALM1	5	1.56291537301369e-15	0.888316452355717	0.982	0.851	2.81527946140957e-11
GMFG	5	1.76063512044302e-15	0.932369947933697	0.658	0.26	3.17143204245401e-11
UACA	5	2.06762720155283e-15	1.39225531560474	0.64	0.292	3.72441687815711e-11
MDM2	5	2.40833682295779e-15	1.42791104984178	0.676	0.358	4.33813711919386e-11
MYO1C	5	2.62877486557538e-15	1.50138394833413	0.613	0.28	4.73521216536093e-11
UHMK1	5	2.68011289034505e-15	1.37911276949637	0.514	0.197	4.82768734937853e-11
EFNA1	5	2.84668317041598e-15	2.06626965635435	0.279	0.071	5.12773039487031e-11
GNB1	5	2.98140524771644e-15	1.12113159138886	0.775	0.48	5.37040527271162e-11
WWTR1	5	3.14018908061845e-15	1.26199412722871	0.766	0.446	5.65642259091802e-11
ASAP2	5	3.69440882705506e-15	1.91141300008753	0.342	0.103	6.65473862017428e-11
SERBP1	5	3.78107486268053e-15	0.919800785580246	0.91	0.762	6.81085015014645e-11
CARHSP1	5	3.79314715898562e-15	1.49257982212003	0.649	0.312	6.83259597748079e-11
IL32	5	3.88980801236488e-15	1.60516518325924	0.369	0.117	7.00671117267285e-11
YWHAE	5	4.29547645914952e-15	0.771442803300889	0.91	0.809	7.73744174586603e-11
DBN1	5	4.70315084922708e-15	1.44139086591561	0.477	0.179	8.47178562471274e-11
TP53INP1	5	4.76593454256385e-15	1.70609409211002	0.378	0.122	8.58487789152027e-11
NQO1	5	4.86026118207011e-15	1.93286495395704	0.324	0.092	8.7547884672629e-11
ITPKB	5	4.87951376377353e-15	1.99407485507405	0.261	0.063	8.78946814268525e-11
NASP	5	4.89464886821677e-15	1.21990974586704	0.676	0.334	8.81673100631887e-11
FDPS	5	4.90397544139368e-15	1.53863734625846	0.613	0.295	8.83353096258244e-11
HOXB2	5	5.06518184997044e-15	2.16636084538186	0.252	0.06	9.12391206635175e-11
PARP12	5	5.09186007236925e-15	2.11680566598607	0.27	0.067	9.17196754835874e-11
CD46	5	6.58993119246218e-15	1.36482427492165	0.685	0.37	1.18704430569821e-10
ODF2L	5	6.81227403719027e-15	1.23773585147381	0.541	0.217	1.22709492231908e-10
ZFYVE21	5	6.85327668332825e-15	1.15720084609639	0.631	0.281	1.23448072896792e-10
CDC42EP5	5	7.09599395891304e-15	0.995351818587423	0.748	0.394	1.27820139181901e-10
FGD4	5	7.55926967579956e-15	1.21680203813775	0.486	0.175	1.36165124670177e-10
APBB2	5	7.86001758187039e-15	1.4455665418868	0.486	0.183	1.41582496702231e-10
PSMB8	5	8.12851098786807e-15	1.27055371283752	0.658	0.329	1.46418868424468e-10
OSBPL9	5	8.3271325808349e-15	1.327976056375	0.577	0.254	1.49996639178579e-10
PLSCR1	5	8.75130401661914e-15	1.10327180597932	0.793	0.488	1.57637239251361e-10
SLK	5	8.94942169286144e-15	1.52066799712752	0.541	0.237	1.61205932953513e-10
TAF1C	5	1.05781727308108e-14	2.02979127985044	0.279	0.073	1.90544625400095e-10
CDS2	5	1.13282537864893e-14	1.66736169762131	0.369	0.117	2.04055835456031e-10
CTBP2	5	1.13629433348989e-14	1.75978196300401	0.432	0.16	2.04680698291533e-10
APOL3	5	1.18670830484393e-14	2.12811802170497	0.297	0.082	2.13761766951538e-10
OPTN	5	1.3966517541825e-14	1.17490284782985	0.55	0.22	2.51578880480894e-10
PLEKHO2	5	1.61000648800576e-14	1.69933672593471	0.396	0.133	2.90010468684478e-10
PPP2R1A	5	1.62998589807466e-14	1.10823590739634	0.64	0.295	2.93609359820189e-10
MSRB3	5	1.66433569982405e-14	1.39489240381572	0.505	0.196	2.99796789609305e-10
KMT2E	5	1.68676860586707e-14	1.10440735657924	0.757	0.409	3.03837628974836e-10
EBF3	5	1.76508942586027e-14	1.8488342642261	0.324	0.096	3.1794555828021e-10
ARHGDIB	5	1.94568706043485e-14	0.775699559595887	0.685	0.283	3.5047661019613e-10
PRKAG2	5	2.20191955839994e-14	2.14579364562313	0.324	0.099	3.96631770054582e-10
SH3BP2	5	2.24159069849748e-14	1.72096736859155	0.378	0.127	4.03777732520351e-10
FAM114A2	5	2.35734298538719e-14	1.96325193160715	0.324	0.098	4.24628191957794e-10
KLHL5	5	2.46894755941393e-14	1.86882359214813	0.342	0.108	4.44731523877231e-10
PPM1D	5	2.53426110851555e-14	2.11114750281624	0.252	0.062	4.56496453476907e-10
PKN1	5	2.71240972219135e-14	1.39314080091453	0.532	0.221	4.88586363258328e-10
ATOX1	5	3.02600786242726e-14	0.949903930678916	0.847	0.644	5.45074796259022e-10
SEL1L3	5	3.02928251341429e-14	1.32655527405256	0.27	0.067	5.45664659141317e-10
TAPBP	5	3.12261004352967e-14	1.16693528100199	0.739	0.465	5.62475747140999e-10
ARGLU1	5	3.55748423116558e-14	0.967532301903182	0.883	0.642	6.40809634559856e-10
CCT6A	5	3.82691886638878e-14	1.21576846552694	0.694	0.368	6.89342895402611e-10
PPIA	5	3.95992865439685e-14	0.552677284646027	1	0.984	7.13301948516504e-10
ZNF121	5	4.8048820375465e-14	1.94816887930817	0.306	0.089	8.6550340142325e-10
MLLT6	5	5.35776336067688e-14	1.42755859273604	0.468	0.182	9.65093914158726e-10
AFAP1	5	5.49025808034262e-14	1.77118912033191	0.396	0.141	9.88960188012117e-10
PPFIBP1	5	5.50053872839224e-14	1.31794631108022	0.532	0.221	9.90812041145294e-10
FKBP9	5	5.58640506407636e-14	1.2067403068977	0.622	0.29	1.00627914419207e-09
TTYH3	5	5.67899095943962e-14	1.3368602824443	0.441	0.167	1.02295664152386e-09
ARL2	5	5.98832574901115e-14	0.929990104036856	0.865	0.552	1.07867711716938e-09
CAMSAP2	5	6.49676877293935e-14	1.73485308509144	0.441	0.172	1.17026295906956e-09
SERPINH1	5	6.73663925890912e-14	0.975498022819542	0.784	0.468	1.2134708297073e-09
CFL1	5	7.36023635039268e-14	0.538322367247872	1	0.986	1.32579937379623e-09
DNAJB4	5	7.50224728796609e-14	1.12244611999087	0.613	0.29	1.35137980398133e-09
G3BP1	5	7.75155416058152e-14	1.33139552196749	0.658	0.338	1.39628745094555e-09
ZNF521	5	7.79670010478672e-14	1.79148558334067	0.378	0.131	1.40441958987523e-09
XRCC5	5	8.12366418056661e-14	1.06200044121372	0.775	0.466	1.46331562884546e-09
SYNCRIP	5	8.54548599420646e-14	1.01470518810074	0.793	0.468	1.53929839213641e-09
MEX3C	5	8.97588549208441e-14	1.81975087390559	0.315	0.094	1.61682625368916e-09
DGKZ	5	8.98652029864243e-14	1.52984345241829	0.405	0.142	1.61874190139446e-09
RFX7	5	8.99573427732678e-14	1.80406925167332	0.279	0.075	1.62040161537487e-09
EEF1A1	5	1.18819884734565e-13	0.394870910293443	1	1	2.14030258372372e-09
CSNK1A1	5	1.21527294891854e-13	1.06866417149473	0.847	0.632	2.18907116288696e-09
LRP5	5	1.24082703652503e-13	2.07990892866235	0.297	0.088	2.23510174089253e-09
ZNF280D	5	1.2539060727183e-13	1.15390192533754	0.595	0.272	2.25866100878746e-09
RNF138	5	1.63707195771526e-13	1.70609409211002	0.324	0.099	2.94885771743251e-09
TBCD	5	1.80861868034271e-13	1.81812070984413	0.369	0.13	3.25786482890132e-09
RELA	5	1.85387556757557e-13	1.3708691746092	0.495	0.206	3.33938605987388e-09
DPYSL2	5	2.03616597293719e-13	0.921063170121247	0.874	0.635	3.66774576705177e-09
LPCAT2	5	2.11111834123027e-13	1.23024059164658	0.505	0.202	3.80275746805808e-09
IGFBP7	5	2.12893540567316e-13	0.754548888440527	0.991	0.929	3.83485134623907e-09
CD36	5	2.24971516251149e-13	2.54014388083305	0.297	0.091	4.05241192223194e-09
DGAT1	5	2.27262778621872e-13	1.7494866876234	0.333	0.105	4.09368443131577e-09
PKN2	5	2.31887344004003e-13	1.30290283567929	0.577	0.277	4.1769867275441e-09
CCNY	5	2.39415023437282e-13	1.33328482822047	0.559	0.258	4.31258281717576e-09
CARD6	5	2.39796977874538e-13	2.08777299444243	0.261	0.07	4.31946296245405e-09
C1orf54	5	2.47230977199305e-13	1.33032523591983	0.595	0.314	4.45337159229108e-09
PTBP3	5	2.57110608989271e-13	1.24005368939707	0.649	0.327	4.63133339972373e-09
DDB2	5	2.67077268789678e-13	1.46459284782587	0.459	0.184	4.81086284270847e-09
RIN2	5	2.81907643221842e-13	1.57484955883177	0.432	0.168	5.07800237735504e-09
MSL3	5	2.87497652854902e-13	1.46690642823059	0.423	0.157	5.17869522087536e-09
RAC1	5	2.9699797740189e-13	0.817060999907745	0.955	0.881	5.34982456694025e-09
CNDP2	5	3.33662638223765e-13	1.46216850922393	0.405	0.144	6.01026510232469e-09
PDCD6IP	5	3.58599872948412e-13	1.06282092721326	0.694	0.381	6.45945951141974e-09
MTMR12	5	4.09330527808066e-13	1.85313520287899	0.306	0.094	7.37327079740669e-09
HECTD1	5	4.30156430501693e-13	1.16872104990712	0.631	0.313	7.74840778262699e-09
SCN1B	5	4.38564189001119e-13	1.90858695600876	0.324	0.104	7.89985673647716e-09
PDLIM3	5	4.55973405093948e-13	1.54186469633171	0.279	0.078	8.21344894595729e-09
SLC6A6	5	4.79963489602706e-13	3.46404139402255	0.306	0.105	8.64558233821354e-09
HK1	5	5.01668389609264e-13	1.73306113971029	0.36	0.124	9.03655270203167e-09
PDCD4	5	5.96885191073953e-13	1.30616348522139	0.658	0.345	1.07516929468151e-08
AKR1C3	5	6.00005681409238e-13	1.35668526080055	0.541	0.254	1.08079023392246e-08
MT-CO3	5	6.39832409968767e-13	0.392728561087466	1	1	1.15253012007674e-08
TUSC3	5	6.57941109362816e-13	1.58896145851202	0.405	0.151	1.18514932029524e-08
CYB5R3	5	6.62636849207457e-13	0.872815824986942	0.865	0.607	1.19360775647739e-08
FIS1	5	7.06930965805558e-13	0.837758518376983	0.883	0.76	1.27339474870555e-08
DCTPP1	5	7.41306538684674e-13	1.61918602688686	0.369	0.13	1.3353154681327e-08
TXNDC17	5	7.80004373405828e-13	0.985530104883305	0.694	0.37	1.40502187781592e-08
KIAA1551	5	8.24061918225532e-13	1.20489994908146	0.441	0.165	1.48438273329965e-08
CASP4	5	9.48875416317861e-13	1.06317198785895	0.622	0.308	1.70920928741336e-08
DGKA	5	9.51531907483955e-13	1.7408595102707	0.279	0.079	1.71399442495085e-08
ITPR1	5	1.02021367014631e-12	1.6311320344288	0.351	0.119	1.83771088403455e-08
LPCAT1	5	1.06426606057593e-12	1.63897989625148	0.342	0.115	1.91706245491543e-08
ANO10	5	1.07697573042056e-12	1.7800946735538	0.306	0.095	1.93995638320655e-08
TPM4	5	1.09724615946238e-12	0.742733098504994	0.946	0.877	1.97646950703958e-08
TMEM87B	5	1.22070168274728e-12	1.5778683819481	0.378	0.134	2.19884994113268e-08
EFHD2	5	1.24797765252917e-12	0.934310638168443	0.658	0.31	2.24798214550079e-08
ADSS	5	1.27902885275354e-12	1.34352401272531	0.459	0.186	2.30391467246494e-08
PAFAH1B3	5	1.54441177520088e-12	1.74673607660737	0.279	0.081	2.78194893066934e-08
TNFRSF14	5	1.55908977222372e-12	1.23292241684642	0.505	0.215	2.80838840670659e-08
HADHB	5	1.59148423779319e-12	1.18390063880299	0.604	0.314	2.86674055753687e-08
SMC3	5	1.6695626201328e-12	1.18558944187262	0.559	0.254	3.00738314764522e-08
RPS7	5	1.70018515848427e-12	0.477140226645314	1	0.998	3.06254352597772e-08
CLIC1	5	1.82374481935443e-12	0.691252317829328	0.955	0.911	3.28511154310313e-08
CDC42BPA	5	1.90905002031376e-12	1.28422455934875	0.514	0.219	3.43877180159118e-08
TMEM204	5	1.94812612543661e-12	1.61435152348245	0.405	0.157	3.50915958974897e-08
GON4L	5	1.94865931094882e-12	1.43045964949659	0.414	0.157	3.51012001681211e-08
CDC42	5	2.02622306099783e-12	0.759466635307364	0.946	0.82	3.64983559977538e-08
BCL10	5	2.04140300439029e-12	1.43861378124504	0.459	0.193	3.67717923180823e-08
EFCAB14	5	2.10107897535309e-12	1.52885370716595	0.523	0.235	3.78467355830352e-08
PAPOLA	5	2.12399557087316e-12	1.03696182401956	0.757	0.477	3.82595322181383e-08
NOP10	5	2.13818431370428e-12	1.00582970301343	0.784	0.59	3.85151140427552e-08
IFITM1	5	2.39381942052531e-12	0.862801596869891	0.892	0.698	4.31198692219223e-08
ZNF444	5	2.6670459722914e-12	1.86281959579747	0.261	0.074	4.80414990988849e-08
ZC3H11A	5	2.72825181841325e-12	1.13566768454674	0.658	0.38	4.91440000050778e-08
SERINC3	5	2.72962656924436e-12	1.03052904260796	0.748	0.453	4.91687633917986e-08
RAB5C	5	2.77478237766776e-12	1.00437934512687	0.757	0.502	4.99821549689294e-08
ITPRIP	5	2.78708292786200e-12	1.5556265975762	0.351	0.121	5.02037247795783e-08
RPS18	5	3.03507179408988e-12	0.488940439831627	1	1	5.4670748226941e-08
TNIP1	5	3.23368539346436e-12	1.6558208856288	0.333	0.113	5.82483749924735e-08
KLF7	5	3.30164617582183e-12	1.36562393721325	0.432	0.173	5.94725525650786e-08
PARP9	5	3.83070353313261e-12	1.53432774384354	0.396	0.152	6.90024627423178e-08
PDCD10	5	3.84436143882155e-12	0.954481721979413	0.658	0.329	6.92484825974926e-08
XRN2	5	3.87052756154273e-12	1.10894659462297	0.667	0.377	6.97198129660692e-08
NDUFA8	5	3.89215955168078e-12	1.29310733239594	0.55	0.261	7.01094700044259e-08
FGF2	5	4.30986686301085e-12	1.84317583686532	0.333	0.117	7.76336318034144e-08
ABCE1	5	4.42745644329293e-12	1.339036621733	0.568	0.287	7.97517729130356e-08
VPS37B	5	4.83265235108114e-12	1.48370167077357	0.351	0.121	8.70505668000246e-08
RHOU	5	4.92879857196175e-12	1.73509396383257	0.369	0.138	8.8782448676747e-08
NAA10	5	5.22527618972388e-12	1.10885326161043	0.622	0.321	9.41229000054962e-08
LGALS8	5	5.22826497768543e-12	1.45152126502442	0.396	0.15	9.41767370430477e-08
AK2	5	5.25944642857195e-12	1.22994507852779	0.532	0.241	9.47384085178665e-08
SH3BP5	5	5.26601453078782e-12	1.1901276839804	0.631	0.357	9.4856719743081e-08
DPP8	5	5.4531734984391e-12	1.70609409211002	0.36	0.134	9.82280142273834e-08
SEPT2	5	5.45328287780839e-12	0.725337063092681	0.865	0.698	9.82299844779625e-08
EMP1	5	5.58445876779901e-12	0.680458165123171	0.928	0.713	1.00592855784364e-07
PLAT	5	5.76871526721494e-12	2.24604685791361	0.288	0.092	1.03911868108343e-07
RCN1	5	5.90755406442367e-12	0.920144533655687	0.766	0.491	1.06412771362464e-07
RABGAP1	5	5.9184789728522e-12	1.36822445335364	0.414	0.162	1.06609561737987e-07
TMEM245	5	5.9867828456495e-12	1.30293069311947	0.432	0.172	1.07839919398684e-07
CFLAR	5	6.07055799271978e-12	0.836645959682601	0.73	0.394	1.09348961122861e-07
DCTN1	5	6.1884493182745e-12	1.36273461669115	0.396	0.147	1.11472537570079e-07
UBR5	5	6.3280463726209e-12	1.15199255509362	0.559	0.26	1.1398709931002e-07
CCNL2	5	6.42812115174288e-12	1.03933750022522	0.559	0.251	1.15789746306345e-07
PIK3CB	5	6.83295724957799e-12	1.76749463677416	0.279	0.084	1.23082058936648e-07
MARCH2	5	6.9277705750905e-12	1.26046827299775	0.477	0.205	1.24789931369105e-07
SMAD2	5	7.08729125350438e-12	1.42264014503729	0.468	0.204	1.27663377349374e-07
HSF1	5	7.40867283729602e-12	1.51645776403996	0.432	0.18	1.33452423818213e-07
HNRNPH1	5	8.15021604867027e-12	0.697601862232009	0.928	0.784	1.46809841684698e-07
WDR1	5	8.3149994520111e-12	1.04843636326703	0.676	0.379	1.49778085129076e-07
NACC2	5	9.53161701557153e-12	1.90201430208528	0.279	0.087	1.7169301730149e-07
OSTF1	5	1.00921688559619e-11	0.969128497943815	0.613	0.295	1.81790237602442e-07
RASA1	5	1.08255677509852e-11	1.57484955883177	0.351	0.126	1.95000951898496e-07
G3BP2	5	1.19527954550942e-11	0.999290468454067	0.595	0.283	2.15305704532612e-07
LDLR	5	1.20112040647933e-11	1.41733286115786	0.441	0.184	2.16357818819122e-07
RAPGEF1	5	1.20495714999645e-11	1.39891258259184	0.405	0.157	2.1704893142886e-07
MSRA	5	1.21382368685635e-11	1.64029203371427	0.342	0.121	2.18646060713434e-07
SLC12A7	5	1.2675315167233e-11	1.67634674871597	0.288	0.09	2.28320452107368e-07
MINK1	5	1.28789605121157e-11	1.63570476421862	0.306	0.1	2.31988715704741e-07
EYA3	5	1.2971531185227e-11	1.77648342000142	0.27	0.081	2.33656191239495e-07
RPS27L	5	1.30554902687889e-11	0.672774018909994	0.991	0.873	2.35168546211695e-07
ABHD17A	5	1.3123843008236e-11	1.1849940735803	0.64	0.358	2.36399784107355e-07
ARHGAP17	5	1.33975681487181e-11	1.67071976200814	0.324	0.112	2.41330395062859e-07
C7	5	1.35708548618399e-11	0.54735864174015	0.604	0.317	2.44451808626322e-07
MTF2	5	1.37073859297795e-11	1.33499994041877	0.387	0.143	2.46911142753118e-07
SRSF4	5	1.42677529928839e-11	1.13471456366179	0.559	0.267	2.57005034660817e-07
IQGAP1	5	1.49302174876594e-11	0.947648770533363	0.802	0.603	2.68938007605208e-07
RSU1	5	1.56319846357515e-11	1.4294400769871	0.495	0.229	2.81578939243792e-07
MYO15B	5	1.76969122453228e-11	1.55723070619554	0.324	0.11	3.18774480274999e-07
NKTR	5	1.77284540135297e-11	0.94238019911821	0.757	0.457	3.19342642145711e-07
TYMS	5	1.86443938655954e-11	1.30591455155829	0.378	0.142	3.3584146670097e-07
LYPLA2	5	1.88737353994058e-11	1.75500369259097	0.306	0.103	3.39972595749497e-07
ADAR	5	1.98435312122243e-11	0.982576814244554	0.613	0.303	3.57441527725796e-07
FBXW7	5	2.09118072235638e-11	1.44305968627623	0.468	0.21	3.76684383518054e-07
UBE2Z	5	2.13348615994043e-11	1.31515684263167	0.514	0.237	3.8430486199007e-07
RERE	5	2.14385762094785e-11	1.30202771065218	0.45	0.191	3.86173073261336e-07
FAM127C	5	2.25960416971363e-11	1.7323256336832	0.288	0.092	4.07022499090517e-07
MYO5A	5	2.30690925192764e-11	1.6740836972074	0.324	0.113	4.15543563549725e-07
OTUD4	5	2.5082742394471e-11	1.48370167077357	0.351	0.126	4.51815438751606e-07
ARHGEF7	5	2.5850482760102e-11	1.52287226805425	0.351	0.129	4.65644745957718e-07
DYNC1H1	5	2.63236795596906e-11	1.13810466999258	0.685	0.414	4.74168439908706e-07
ADD1	5	2.63663629707791e-11	1.07841071640424	0.64	0.348	4.74937296192644e-07
CNST	5	2.81532004689746e-11	1.66573635449388	0.324	0.113	5.07123600047639e-07
IP6K1	5	2.85846297616896e-11	1.61549154332911	0.279	0.087	5.14894935897315e-07
ENPP2	5	2.90706800611072e-11	1.786264440794	0.45	0.203	5.23650159940723e-07
FOSL2	5	2.97590918810577e-11	0.927266475284213	0.766	0.464	5.36050522053493e-07
FNDC4	5	3.05164015983077e-11	1.74879854306426	0.288	0.093	5.49691941990316e-07
PPP1R3B	5	3.30318059474728e-11	1.60923255285743	0.279	0.087	5.95001920531827e-07
FES	5	3.56711279540769e-11	1.36792535621545	0.378	0.143	6.42544027836786e-07
EML3	5	3.60876990819981e-11	1.60779201849822	0.351	0.132	6.50047723564032e-07
ANXA2	5	3.66692281284671e-11	0.491073079936883	0.982	0.918	6.60522806278078e-07
RNF213	5	3.88371605103877e-11	0.993138661213257	0.586	0.296	6.99573772273613e-07
RPL4	5	4.14813004969772e-11	0.526190502172442	0.982	0.95	7.47202665852051e-07
CHMP3	5	4.28674370623404e-11	1.00959508945074	0.613	0.313	7.72171143803938e-07
CLEC2B	5	4.3044748139283e-11	0.987101931684074	0.694	0.453	7.75365048232905e-07
GOLGA8A	5	4.32442996694695e-11	1.41443900833646	0.387	0.152	7.78959569946154e-07
WDR36	5	4.32758928179065e-11	1.56024322564657	0.333	0.119	7.79528657328951e-07
TRIB2	5	4.83615908574688e-11	1.36566965360527	0.387	0.15	8.71137336115585e-07
TRAPPC1	5	4.88019157782023e-11	0.944633936023066	0.712	0.457	8.79068908912758e-07
IKBKB	5	4.99343425425783e-11	1.59679544961921	0.279	0.088	8.99467312219463e-07
EPN1	5	5.35168952784007e-11	1.21734690664817	0.532	0.27	9.63999834649831e-07
PRKAA1	5	5.38659580092594e-11	1.32353421634835	0.468	0.209	9.70287501620789e-07
PAK2	5	5.48849198196962e-11	1.10397104023068	0.64	0.351	9.88642060712187e-07
SLC39A10	5	5.50095562606152e-11	1.04643422411126	0.568	0.281	9.90887136922461e-07
PEF1	5	6.39835954992282e-11	1.38875326671831	0.432	0.185	1.1525365057276e-06
HNRNPA3	5	6.98989846378251e-11	0.709214397755922	0.928	0.721	1.25909041028114e-06
SMARCD1	5	6.99000468026774e-11	1.39122075475661	0.333	0.118	1.25910954305663e-06
IPO7	5	7.00358024003231e-11	1.20261862816359	0.523	0.255	1.26155490863702e-06
RALBP1	5	7.06675110142359e-11	1.23773585147381	0.505	0.238	1.27293387589943e-06
FBXO7	5	7.24129598055243e-11	1.21175447256178	0.495	0.227	1.30437464497691e-06
PINK1	5	7.52085811483392e-11	1.52403376480879	0.378	0.154	1.35473217222503e-06
FBL	5	7.77027036813376e-11	1.28422455934875	0.486	0.229	1.39965880141194e-06
IL4R	5	8.04816355558056e-11	1.55409099866497	0.342	0.127	1.44971570126673e-06
TNFRSF1A	5	8.50264252165079e-11	0.724709770277367	0.883	0.643	1.53158099742496e-06
XPR1	5	9.33847761412451e-11	1.93596163400862	0.27	0.088	1.68213997263225e-06
PGS1	5	9.63858075577306e-11	1.70609409211002	0.261	0.081	1.7361975515374e-06
SOS1	5	9.92504903591381e-11	1.74673607660737	0.378	0.155	1.78779908283915e-06
PCBP2	5	1.05342015480675e-10	0.54958960643003	0.964	0.894	1.8975257248534e-06
CAMKK2	5	1.06238551180065e-10	1.63811729829401	0.288	0.096	1.91367502240651e-06
LNPEP	5	1.09283099500975e-10	1.19444826903179	0.486	0.218	1.96851647131107e-06
RPL36	5	1.10447247618994e-10	0.421751343006489	1	1	1.98948627136094e-06
TRAF7	5	1.13961448416348e-10	1.40551531741609	0.414	0.176	2.05278757032368e-06
CTNNAL1	5	1.14805615661614e-10	1.51124069437185	0.36	0.143	2.06799355491265e-06
NCOA4	5	1.1560111396323e-10	0.919980848614727	0.604	0.306	2.08232286581966e-06
RNF145	5	1.17540711024226e-10	1.07093077846667	0.559	0.275	2.11726082767939e-06
KAT6A	5	1.31862101317047e-10	1.22804679530538	0.414	0.169	2.37523203102397e-06
SUZ12	5	1.33071181931184e-10	1.19419505357859	0.45	0.194	2.39701120012643e-06
NONO	5	1.33903416295865e-10	1.14928263170301	0.604	0.34	2.41200223773741e-06
CS	5	1.45505555574095e-10	1.50969687930652	0.315	0.111	2.62099157255617e-06
DDX60L	5	1.48968533309032e-10	1.55278005351262	0.333	0.122	2.6833701904956e-06
SETX	5	1.57366227515945e-10	1.20868006522809	0.577	0.315	2.83463785624472e-06
PPM1G	5	1.58947857924948e-10	1.14585867729124	0.532	0.263	2.86312776480209e-06
PRR14	5	1.63355249828605e-10	1.66356947546346	0.288	0.097	2.94251811516266e-06
MRPL33	5	1.6360299047772e-10	0.938126762902563	0.829	0.652	2.94698066747517e-06
PRMT1	5	1.68221687638713e-10	1.02305104484711	0.721	0.497	3.03017725943613e-06
CARD16	5	1.68627567966136e-10	0.812159151605415	0.55	0.246	3.037488381774e-06
STRN	5	1.69996829574047e-10	1.55965052400687	0.297	0.101	3.06215289111732e-06
COX7A1	5	2.10076786664982e-10	0.86410728530917	0.766	0.487	3.78411315819633e-06
KLHL2	5	2.16277453094261e-10	1.70609409211002	0.261	0.083	3.89580576258692e-06
ATRX	5	2.17009087507577e-10	0.873424953834206	0.784	0.535	3.90898469327399e-06
FYN	5	2.19301671224299e-10	1.01929809417375	0.505	0.234	3.95028100376329e-06
MYO9A	5	2.24043503927182e-10	1.17657057781429	0.414	0.172	4.03569563624033e-06
LTBR	5	2.31886841559362e-10	1.14779954185094	0.541	0.276	4.17697767700879e-06
TAF15	5	2.32902178084172e-10	1.33560303178444	0.45	0.208	4.19526693383018e-06
KMT2A	5	2.38884102979837e-10	1.17731442678199	0.541	0.268	4.3030193469758e-06
FLII	5	2.49469828970002e-10	1.19861034406658	0.477	0.218	4.49370002923665e-06
TRAK1	5	2.54066866257263e-10	1.88980604528241	0.279	0.096	4.57650646189208e-06
RAD21	5	2.60629444229218e-10	1.08942273166153	0.559	0.285	4.6947181789009e-06
GNAS	5	2.61133684126109e-10	0.575858195223261	0.991	0.954	4.70380105216361e-06
CAAP1	5	2.67427787533326e-10	1.5397357056879	0.261	0.082	4.8171767368378e-06
FURIN	5	2.69420745099832e-10	1.41509785677455	0.342	0.129	4.85307588148328e-06
DIAPH2	5	2.71262881832305e-10	1.46508599260623	0.369	0.151	4.8862582904453e-06
QARS	5	2.72267149054347e-10	1.32582201099185	0.423	0.185	4.90434815591596e-06
CAST	5	2.89162759077354e-10	0.853184086529871	0.802	0.556	5.20868877926038e-06
DPY19L1	5	3.00025925747033e-10	1.67116030200063	0.261	0.084	5.4043670004813e-06
IFI16	5	3.03184566380443e-10	0.601396713443328	0.937	0.825	5.46126359421092e-06
PML	5	3.21253639872745e-10	1.54766472950554	0.36	0.145	5.78674181502776e-06
GNG5	5	3.22613314883588e-10	0.604753357277789	0.928	0.805	5.81123364099807e-06
HSPA2	5	3.22761119525146e-10	1.36126559511258	0.315	0.114	5.81389604600646e-06
DLC1	5	3.28701868290872e-10	0.872823110883963	0.676	0.374	5.92090675352348e-06
NOMO1	5	3.5435427271203e-10	1.53498217571727	0.333	0.127	6.38298351436179e-06
CCND3	5	3.62547055741291e-10	1.16452418690225	0.468	0.214	6.53056011506787e-06
FAM160B1	5	3.81954082342842e-10	1.50405031616538	0.351	0.138	6.88013888524161e-06
NBR1	5	3.89633573679133e-10	1.37883255291962	0.432	0.202	7.01846956268222e-06
TOMM5	5	3.93314648948785e-10	1.31346300587946	0.459	0.217	7.08477677151446e-06
ARRDC1	5	3.97118862798274e-10	1.37476729922041	0.36	0.14	7.1533020755853e-06
PRKD3	5	4.08001218373307e-10	1.21576846552694	0.468	0.224	7.34932594655837e-06
ZNHIT1	5	4.33097701736786e-10	0.730608903092714	0.829	0.609	7.80138890138472e-06
ARAF	5	4.84125541917721e-10	1.54591706721927	0.324	0.122	8.72055338656392e-06
TMEM47	5	4.8634955691673e-10	1.62697537499242	0.378	0.162	8.76061456874107e-06
EIF4G1	5	4.88405167483808e-10	1.16660922190669	0.577	0.322	8.79764228188583e-06
APLP2	5	4.9292668412848e-10	0.650409959532342	0.829	0.587	8.8790883612063e-06
RAPGEF2	5	4.93856973145284e-10	1.42779292962292	0.333	0.127	8.895845657266e-06
GFM1	5	5.11890532540837e-10	1.61403353912125	0.306	0.112	9.2206841626581e-06
APC	5	5.22003674271636e-10	1.30473152972825	0.378	0.154	9.40285218465498e-06
UBE2G2	5	5.29262055538999e-10	1.29614546950398	0.441	0.203	9.53359740642399e-06
KIF9	5	5.53055423626075e-10	1.58369746075029	0.252	0.08	9.9621873457765e-06
TBC1D9	5	5.55637263013357e-10	1.42544227280118	0.351	0.139	1.00086940186596e-05
ARPP19	5	5.61471886121894e-10	0.92492869403328	0.595	0.306	1.01137930847137e-05
FGD6	5	5.83057575729779e-10	1.46159096916782	0.279	0.094	1.05026161116205e-05
RNPEPL1	5	5.92778353243123e-10	1.00154997563619	0.423	0.176	1.06777164769684e-05
DDX17	5	6.16050848624747e-10	0.659125652620375	0.946	0.789	1.10969239362776e-05
NDRG1	5	6.16992348720431e-10	0.977552295084532	0.793	0.584	1.11138831775011e-05
VOPP1	5	6.31470889669835e-10	1.13418774421431	0.495	0.233	1.13746851356227e-05
KLC1	5	6.35650762117964e-10	1.06498851335133	0.495	0.233	1.14499771780309e-05
TMEM181	5	6.46203892809701e-10	1.71133074047617	0.297	0.109	1.16400707211811e-05
CELF1	5	6.5771610143725e-10	0.961454570058393	0.532	0.249	1.18474401351892e-05
MGMT	5	6.64838467868497e-10	1.23216290377761	0.505	0.253	1.19757353217152e-05
NIPBL	5	6.66141435878146e-10	1.00411385589315	0.577	0.296	1.1999205684473e-05
SIRT6	5	7.07384397139659e-10	1.48370167077357	0.27	0.089	1.27421151456767e-05
STAU2	5	7.15894151042758e-10	1.78658400997039	0.27	0.093	1.28954013427332e-05
UBA6	5	7.17480453009413e-10	1.34307880517946	0.396	0.169	1.29239754000586e-05
CANX	5	7.25652194158475e-10	0.695549570378602	0.883	0.771	1.30711729733766e-05
CSDE1	5	7.74053425351624e-10	0.630906595715802	0.892	0.732	1.39430243508588e-05
PSMD10	5	7.76951427582092e-10	1.57761953416121	0.27	0.091	1.39952260650362e-05
C5orf24	5	8.1488388148248e-10	1.02913580730809	0.532	0.266	1.46785033571439e-05
IMMT	5	8.30962637105183e-10	1.17850277061801	0.414	0.179	1.49681299821757e-05
VPS13C	5	8.77798207968079e-10	1.02756338748934	0.622	0.372	1.5811779120129e-05
ATP5F1	5	9.4894295255934e-10	0.974797248030507	0.622	0.352	1.70933094044514e-05
ATG9A	5	9.76400577925263e-10	1.57898217420668	0.288	0.101	1.75879036101678e-05
TMEM123	5	9.80865614904683e-10	0.761803524696308	0.766	0.478	1.76683323212781e-05
UBN1	5	9.95154218704467e-10	1.77209165088426	0.279	0.099	1.79257129415236e-05
AFF1	5	9.99193602209397e-10	1.13823401907958	0.45	0.206	1.79984743565979e-05
MPDZ	5	1.01478215010417e-09	1.28474281889897	0.387	0.163	1.82792708698263e-05
TRIP12	5	1.03629905904237e-09	1.02878330283719	0.514	0.254	1.86668549505303e-05
FLYWCH2	5	1.03766263849294e-09	1.04594409499465	0.55	0.283	1.86914171071733e-05
PUM2	5	1.07344220164799e-09	1.15402834335366	0.468	0.221	1.93359143782853e-05
DIP2A	5	1.07899722704602e-09	1.36792535621545	0.351	0.138	1.94359770507799e-05
MT-ND1	5	1.08573135722699e-09	0.343833817189653	1	1	1.95572789377299e-05
DHX15	5	1.14351553055451e-09	1.14362622917595	0.486	0.24	2.05981452518784e-05
ATP2C1	5	1.18281039512829e-09	1.28795068196336	0.405	0.178	2.13059636474459e-05
GLTSCR2	5	1.18419729972077e-09	0.74299367492155	0.865	0.757	2.13309459598703e-05
RPL13A	5	1.19339300840948e-09	0.488857077547476	1	0.984	2.149658826048e-05
PLK2	5	1.21203369580446e-09	1.17627314558133	0.423	0.188	2.18323629625258e-05
IL1R1	5	1.21304383785826e-09	1.54528510128963	0.486	0.267	2.18505586513409e-05
LAMC1	5	1.22517210327176e-09	0.870081128693006	0.73	0.469	2.20690250962343e-05
DDX3X	5	1.2385136339955e-09	0.756085578686579	0.82	0.59	2.23093460891609e-05
SREK1	5	1.24484002081852e-09	0.898739170052417	0.649	0.359	2.24233032950041e-05
MRPL52	5	1.26502094533938e-09	0.825241357403026	0.703	0.434	2.27868222883982e-05
OBFC1	5	1.29752600070911e-09	1.79828779031977	0.252	0.084	2.33723358507733e-05
FBXW5	5	1.3011390527228e-09	1.21780761080054	0.532	0.286	2.34374177566957e-05
BTBD3	5	1.33525530699988e-09	1.41453964626618	0.261	0.086	2.40519538449888e-05
ROCK2	5	1.33915117515406e-09	0.970732383646404	0.568	0.29	2.41221301180502e-05
TMEM109	5	1.35263563283791e-09	0.905490212043497	0.622	0.341	2.43650256543093e-05
ZBTB38	5	1.38469503742186e-09	1.164652250019	0.505	0.252	2.494251170908e-05
ANP32A	5	1.39333158348072e-09	0.990848694567405	0.559	0.284	2.50980818132382e-05
RPS2	5	1.44680211248877e-09	0.440326819743374	1	1	2.60612464522603e-05
TAOK1	5	1.5374585609687e-09	1.12261660957545	0.55	0.304	2.76942410587291e-05
MARCH6	5	1.57139770875207e-09	0.943270330022789	0.586	0.312	2.83055869277511e-05
PSMB9	5	1.57734476335119e-09	0.964763305382413	0.55	0.285	2.8412711222245e-05
RMND5A	5	1.65275814057308e-09	1.43690745929463	0.306	0.113	2.97711323861428e-05
MED31	5	1.65870321775272e-09	1.13262723022669	0.432	0.193	2.98782210613798e-05
CSNK1G3	5	1.69343960366829e-09	1.23123243290312	0.432	0.198	3.0503927580877e-05
LTA4H	5	1.69717489775172e-09	1.23327309624554	0.378	0.157	3.05712114332018e-05
EXOC4	5	1.72955176280509e-09	1.41978990695338	0.306	0.113	3.11544159034081e-05
UBP1	5	1.78836641698471e-09	1.61863125085968	0.288	0.105	3.22138442691456e-05
RPS4Y1	5	1.89763682416968e-09	0.55638737008636	0.982	0.921	3.41821321137684e-05
ELMO1	5	1.95897860015262e-09	1.206425342364	0.405	0.175	3.52870815245491e-05
FAM208A	5	1.98154933859014e-09	1.02723145250738	0.505	0.25	3.56936482360241e-05
EIF4B	5	1.98209425733573e-09	0.750377715160766	0.811	0.605	3.57034638573885e-05
PCMTD2	5	2.00796044056207e-09	1.25113040841842	0.369	0.152	3.61693914158446e-05
TMEM127	5	2.02148277266889e-09	1.38416599722266	0.351	0.142	3.64129691840848e-05
LAMB1	5	2.02256414615079e-09	0.645918577080622	0.667	0.364	3.64324479646142e-05
PPP4R1	5	2.0540182788762e-09	1.68176476274828	0.315	0.123	3.6999031257397e-05
ARHGEF2	5	2.06887156989044e-09	1.2167092513711	0.387	0.165	3.72665835884366e-05
FAM60A	5	2.09111033377755e-09	1.49587638471967	0.261	0.087	3.76671704423351e-05
CSNK1E	5	2.0941971741402e-09	1.0404516365389	0.532	0.273	3.77227736977875e-05
SCAMP3	5	2.17844131460478e-09	1.38875326671831	0.324	0.125	3.92402633999758e-05
DNAJC10	5	2.23761824064409e-09	0.834542457576174	0.595	0.312	4.03062173687219e-05
THOC1	5	2.23857573642465e-09	1.30340498525882	0.342	0.135	4.03234647402172e-05
NCOR1	5	2.24382260675182e-09	1.06010215799131	0.541	0.286	4.04179766154206e-05
PRPF38A	5	2.25986237577447e-09	1.15720084609639	0.369	0.15	4.07069009748255e-05
TXNIP	5	2.2719425176061e-09	1.31563461555184	0.739	0.533	4.09245005696386e-05
INO80E	5	2.30267406117343e-09	1.38228135287772	0.36	0.149	4.1478067863917e-05
MPRIP	5	2.31865670483296e-09	1.04939583778995	0.505	0.248	4.1765963224156e-05
TSPAN4	5	2.38046208138196e-09	0.689718263156176	0.811	0.582	4.28792634719332e-05
PIK3C3	5	2.3828297098382e-09	1.52823283074394	0.324	0.129	4.29219115633155e-05
GPBP1L1	5	2.48930957563629e-09	1.11339594260926	0.441	0.202	4.48399333859364e-05
KIAA0586	5	2.53827833010122e-09	1.53898410627476	0.279	0.1	4.57220075601134e-05
RBM5	5	2.66415227065486e-09	0.979365606570206	0.577	0.304	4.79893748513061e-05
RYK	5	3.05452363671948e-09	1.43379676494726	0.414	0.191	5.5021134268228e-05
SMG7	5	3.11994365471184e-09	1.47032264097237	0.324	0.127	5.61995450523244e-05
TMC6	5	3.15061771437358e-09	1.21815604578373	0.306	0.111	5.67520768890112e-05
MT-ND2	5	3.26131880592494e-09	0.322021551994578	1	1	5.87461356511259e-05
EXOC1	5	3.29180676709032e-09	1.18414138891467	0.432	0.202	5.9295315295598e-05
FAR1	5	3.3330848196863e-09	1.09624041584715	0.495	0.252	6.00388568570093e-05
TIA1	5	3.48864714082480e-09	1.0804221423709	0.45	0.209	6.2841000947677e-05
HNRNPD	5	3.5242002498958e-09	0.777618854047871	0.739	0.485	6.3481419101373e-05
JAK1	5	3.68557333290751e-09	0.918436534848904	0.703	0.459	6.6388232445663e-05
YTHDF2	5	3.79263308205481e-09	0.926158458978257	0.568	0.303	6.83166997070533e-05
TUBB6	5	3.81435769376118e-09	0.929541500726307	0.649	0.395	6.87080251377201e-05
RIF1	5	3.81710363254929e-09	1.01863759772318	0.514	0.255	6.87574877331103e-05
VASP	5	3.87664420494985e-09	0.953821245155966	0.477	0.226	6.98299920637616e-05
CISD1	5	3.91236680548944e-09	1.01142021966025	0.559	0.3	7.04734632672813e-05
PPP5C	5	4.25120743817188e-09	1.65501990751575	0.261	0.092	7.65769995837901e-05
RPS20	5	4.30700307861252e-09	0.64162655823186	0.883	0.677	7.75820464550473e-05
TLR4	5	4.99286554642714e-09	1.18762700317577	0.288	0.104	8.9936487087792e-05
DDB1	5	5.01035773948865e-09	1.03744544088401	0.505	0.255	9.0251573961409e-05
XIAP	5	5.03064757735177e-09	1.26089462232092	0.432	0.211	9.06170548108374e-05
SF3B3	5	5.150169971015e-09	1.39006659866234	0.351	0.147	9.27700116878932e-05
NEDD8	5	5.29122945402825e-09	0.563323879180584	0.919	0.838	9.5310916155411e-05
URM1	5	5.41794360970254e-09	1.17471263159371	0.45	0.215	9.75934182415718e-05
KIAA1191	5	5.45852394992693e-09	1.54050802639205	0.279	0.102	9.83243919100338e-05
REV3L	5	5.5564443169019e-09	0.791274472683865	0.64	0.348	0.000100088231480354
MGEA5	5	5.58101970138573e-09	0.982756461408109	0.604	0.334	0.000100530907881061
TAP2.1	5	5.62376836492988e-09	1.4330755977036	0.333	0.135	0.000101300939557482
MX1	5	5.73167668375079e-09	1.43026241181211	0.306	0.119	0.000103244692104403
INF2	5	5.74831586087573e-09	1.22189456832378	0.36	0.152	0.000103544413601955
BCL2L1	5	5.91971451492398e-09	1.19665436811556	0.396	0.177	0.000106631817557326
MAP3K13	5	6.04068642419339e-09	1.02062473298748	0.514	0.269	0.000108810884558995
STON1	5	6.09882471732039e-09	1.44622696535491	0.279	0.102	0.000109858129633092
NCK1	5	6.13965172758962e-09	1.21799313064145	0.459	0.229	0.000110593546569072
RAB27A	5	6.22004362293447e-09	1.43655057740267	0.306	0.12	0.000112041645779919
MTHFD1L	5	6.23992008448442e-09	1.44975433885024	0.315	0.125	0.000112399680481818
PPP1R9B	5	6.38017417069866e-09	1.39381616725638	0.306	0.118	0.000114926077336795
ANKS1A	5	6.40420482697575e-09	1.42507394080286	0.261	0.09	0.000115358941548314
TIMMDC1	5	6.46872776657242e-09	0.909231543870059	0.586	0.326	0.000116521193259269
TP53TG1	5	6.56495765955078e-09	1.16310386186418	0.432	0.205	0.000118254582321488
PTPRN2	5	6.68442413834913e-09	1.54562941991677	0.261	0.092	0.000120406532004083
S100A13	5	6.86901720606536e-09	0.662252395713253	0.856	0.671	0.000123731606932855
FSCN1	5	6.88700828775046e-09	1.21025064899444	0.505	0.26	0.000124055680287249
C9orf142	5	6.94140516527316e-09	0.769927922965583	0.685	0.4	0.000125035531242066
FAM210B	5	7.3009352822303e-09	1.08801910413953	0.45	0.215	0.000131511747238814
WDFY3	5	7.41543159534198e-09	1.33353992415269	0.369	0.163	0.000133574169326895
FBXO3	5	7.5082438500671e-09	1.40068108400568	0.306	0.118	0.000135245996471259
NUDT16	5	7.52547240743435e-09	1.22825580581511	0.405	0.186	0.000135556334475115
MTX2	5	7.64418749526467e-09	1.10885326161043	0.459	0.225	0.000137694749352203
PFN1	5	7.72196285229104e-09	0.462441617609203	0.991	0.926	0.000139095716858318
AP1S1	5	7.7801856624069e-09	1.13391019611017	0.45	0.221	0.000140144484336936
RPN1	5	8.12803919659178e-09	0.799468478601777	0.667	0.394	0.000146410370048208
KARS	5	8.37827129469235e-09	1.58498500661075	0.342	0.145	0.000150917800831293
TUFM	5	9.17777420572847e-09	0.772327790510108	0.748	0.546	0.000165319246767787
PRKCSH	5	9.66286036594009e-09	0.908952982914416	0.613	0.36	0.000174057103771679
CTNNB1	5	9.67786614862321e-09	0.785295923138407	0.802	0.617	0.00017432740293515
RP11-345J4.5	5	9.8090897912698e-09	1.20359375158084	0.378	0.165	0.000176691134410143
PHACTR4	5	9.9269702030838e-09	1.46743661641079	0.369	0.163	0.000178814514268149
GSPT1	5	1.02556788007988e-08	0.900956995302235	0.586	0.324	0.000184735542238789
KLHL24	5	1.03456975218546e-08	1.18175795034037	0.387	0.172	0.000186357049461166
DYNC1LI2	5	1.06815104090386e-08	1.10362294153412	0.514	0.282	0.000192406046998012
GATAD2A	5	1.08310926789911e-08	1.29946883264738	0.333	0.137	0.000195100472426666
NKIRAS2	5	1.14042295659635e-08	1.34960877518629	0.333	0.138	0.0002054243871717
BRI3	5	1.14506236548775e-08	0.569171012962922	0.955	0.832	0.000206260083895309
RPL32	5	1.17374756718447e-08	0.382714739640377	1	1	0.000211427149276939
TFPT	5	1.17915294915564e-08	1.3220834884518	0.342	0.144	0.000212400820731405
USP4	5	1.19858432550621e-08	1.28078825737735	0.288	0.107	0.000215900994553434
POMP	5	1.20471797461967e-08	0.697746105382359	0.901	0.854	0.000217005848768241
LINC00998	5	1.22937566940367e-08	1.17647462523264	0.423	0.202	0.000221447439329684
LRPPRC	5	1.28641200605767e-08	1.23825023365652	0.396	0.184	0.000231721394651168
HNRNPK	5	1.31119933334245e-08	0.541230376499692	0.973	0.88	0.000236186335914975
LGALS3	5	1.32542217529595e-08	0.518240089478052	0.955	0.822	0.00023874829643606
DHX32	5	1.3525510173855e-08	1.56235861464857	0.261	0.095	0.00024363501476165
BST2	5	1.36153322524484e-08	0.845110003988225	0.802	0.549	0.000245252979863353
EIF2A	5	1.3697243251732e-08	0.979063476001535	0.586	0.348	0.000246728442693448
ARL2BP	5	1.39058217204711e-08	1.03668126958955	0.55	0.307	0.000250485566650846
XPC	5	1.3941749113141e-08	1.10866223942665	0.432	0.204	0.000251132726775008
STAT6	5	1.41084490455513e-08	1.20020316238006	0.45	0.226	0.000254135492657515
ACTR1B	5	1.43566680116055e-08	1.56616383096555	0.261	0.094	0.00025860666089305
RPL15	5	1.45445994553523e-08	0.338839584773375	1	1	0.000261991869989261
GNG12	5	1.47653462590828e-08	0.884754940616715	0.568	0.305	0.000265968182164858
UBTD1	5	1.47801312033557e-08	1.43479207029263	0.252	0.088	0.000266234503366047
SMC6	5	1.4785236071717e-08	1.17408047133782	0.315	0.123	0.000266326457359839
PPP3CA	5	1.4849719895773e-08	0.759264751131358	0.721	0.494	0.00026748800448256
TMEM205	5	1.49238144886426e-08	0.985871761778391	0.505	0.26	0.00026882267038392
UNC45A	5	1.50765066129988e-08	1.33545071218963	0.279	0.103	0.000271573113619948
IRF3	5	1.52086747003317e-08	0.911741015786295	0.495	0.247	0.000273953857377075
HBEGF	5	1.52418897742138e-08	0.959909967914436	0.351	0.144	0.000274552160502913
ENY2	5	1.5495123083249e-08	0.750488211468474	0.766	0.638	0.000279113652098565
LYST	5	1.55855888207559e-08	1.42118518665346	0.432	0.22	0.000280743211428277
PSME3	5	1.59314205480642e-08	1.63209351066624	0.27	0.102	0.00028697267833228
RBL2	5	1.62316956945617e-08	1.11821999596896	0.396	0.18	0.00029238153454614
MYO6	5	1.66792666647218e-08	1.17934620533416	0.378	0.168	0.000300443630431634
TMEM101	5	1.78877831060675e-08	1.25031025048787	0.369	0.164	0.000322212637089593
TSTA3	5	1.8214954564758e-08	1.11850612198204	0.441	0.211	0.000328105976574986
CCDC84	5	1.82623962955827e-08	1.38125440180276	0.261	0.093	0.000328960544472331
FAM214B	5	1.87321920203293e-08	1.38708348060495	0.27	0.099	0.000337422974862191
PURB	5	1.8788901094931e-08	1.02457723728401	0.423	0.194	0.000338444475422992
RNF7	5	1.9230761648305e-08	0.78276968284885	0.748	0.548	0.000346403709570918
FAM179B	5	1.92388639967074e-08	1.32379337924318	0.297	0.116	0.00034654965717269
DNAJC16	5	1.97332605808094e-08	1.43147171200102	0.252	0.089	0.000355455222842119
FLYWCH1	5	2.05041169210427e-08	1.59379112248523	0.252	0.091	0.000369340658098743
SNX14	5	2.05217090535483e-08	1.14027664065557	0.414	0.196	0.000369657545181565
PPP4C	5	2.11194077300304e-08	0.794254280529769	0.622	0.366	0.000380423891441038
ENSA	5	2.13291646199599e-08	0.70985601090622	0.64	0.354	0.000384202242299337
PWP1	5	2.16856472746307e-08	1.15459435028191	0.423	0.204	0.000390623564357923
DYRK1A	5	2.23342715330861e-08	1.22189456832378	0.387	0.176	0.00040230723312548
ATP7A	5	2.2609715877347e-08	1.46614329938927	0.261	0.095	0.000407268812098651
FAM214A	5	2.28948628561636e-08	1.18299684697372	0.342	0.144	0.000412405164628074
ATF6	5	2.40368900715419e-08	1.12113159138886	0.423	0.202	0.000432976500858684
HSD3B7	5	2.5048575752155e-08	1.21039892948595	0.342	0.147	0.000451199995023568
PCGF2	5	2.51806921361058e-08	1.07241630635584	0.405	0.188	0.000453579807447673
EIF2S2	5	2.51820311040855e-08	0.819832996862257	0.694	0.485	0.000453603926277891
ARPC1A	5	2.59982732421388e-08	0.893685942326131	0.586	0.329	0.000468306895910647
FAM120A	5	2.62958617176789e-08	0.948856102917554	0.595	0.346	0.000473667357120549
ACTG1	5	2.64389527613077e-08	0.548056112781415	1	0.998	0.000476244856089436
HERC1	5	2.67710628162529e-08	1.0476025559669	0.459	0.228	0.000482227154509164
PAICS	5	2.72657557219018e-08	1.26130924943712	0.324	0.134	0.000491138057818618
PRPSAP1	5	2.7399105171978e-08	1.23995225188317	0.369	0.166	0.00049354008146284
VPS13A	5	2.82491890261013e-08	1.6702488931633	0.297	0.123	0.000508852641927163
H3F3A	5	2.98213005742813e-08	0.344241414550582	1	0.996	0.000537171087244529
DUSP3	5	2.9837649850041e-08	1.25934773310384	0.324	0.134	0.000537465586748788
EPN2	5	2.99058243850025e-08	1.26914181640274	0.342	0.147	0.000538693614647051
LBR	5	2.99381528863918e-08	1.07327195261027	0.387	0.174	0.000539275947942576
RPS6KA3	5	3.11460058066532e-08	0.96329155792153	0.477	0.241	0.000561033002595243
BAZ2B	5	3.12953281623227e-08	0.933918620370014	0.514	0.272	0.000563722746187919
ARPC5L	5	3.18999783509319e-08	1.26965411609895	0.468	0.256	0.000574614310035337
ATL3	5	3.19380827305388e-08	0.970417193912387	0.595	0.357	0.000575300684225196
SNRPB	5	3.2526514703499e-08	0.740266581277809	0.766	0.57	0.000585900109354128
TMEM170A	5	3.58177936148087e-08	1.36792535621545	0.351	0.157	0.000645185916383549
GNA11	5	3.59775774880491e-08	1.08294839750098	0.387	0.176	0.000648064103292229
ZNF524	5	3.61245065727556e-08	1.49612093002764	0.315	0.134	0.000650710736895047
PBX2	5	3.6574316091135e-08	1.43491929768729	0.342	0.152	0.000658813155749615
CTTN	5	3.77162586899869e-08	0.755676120960581	0.694	0.444	0.000679382967782734
RP11-145M9.4	5	3.86569014032926e-08	1.41191098770556	0.297	0.119	0.000696326764977509
DTX3L	5	3.88838414684347e-08	1.47814214543167	0.27	0.103	0.000700414636370913
MAP3K3	5	3.91297592442206e-08	1.51171604694317	0.324	0.141	0.000704844353266146
SAMD9	5	3.93141039758449e-08	1.11375206102327	0.405	0.192	0.000708164954916894
SLC48A1	5	3.95782714235807e-08	1.45455532511406	0.261	0.097	0.000712923403152958
RPS3	5	4.00860567664529e-08	0.385994031283444	1	1	0.000722070140534116
COL4A3BP	5	4.0181423667669e-08	1.03196937151405	0.423	0.202	0.000723787984525721
DAZAP1	5	4.02341433383146e-08	1.17150511390398	0.432	0.214	0.000724737623953061
TULP4	5	4.06641827711989e-08	1.38416599722266	0.252	0.091	0.000732483924257606
TTC28	5	4.14361545394392e-08	1.47087763041599	0.315	0.135	0.000746389451718919
POLDIP2	5	4.15367490489398e-08	1.38416599722266	0.315	0.131	0.000748201460618552
RAB1B	5	4.15408859403868e-08	1.13617099085301	0.459	0.244	0.000748275978444187
CLCN3	5	4.28663537887818e-08	0.960789197031085	0.477	0.242	0.000772151630797327
PPP2CB	5	4.42928650816535e-08	0.873305729877038	0.541	0.294	0.000797847378715825
ORMDL2	5	4.49003204897376e-08	1.15355306908124	0.387	0.179	0.000808789472981643
TMEM219	5	4.52751676243276e-08	0.816836894340641	0.712	0.497	0.000815541594417013
GOLPH3L	5	4.5526174121377e-08	1.29593881421092	0.297	0.119	0.000820062974448363
FLNA	5	4.57997511153297e-08	0.760029646394764	0.856	0.728	0.000824990916840433
TNIP2	5	4.72979364418431e-08	1.29446319427443	0.369	0.171	0.000851977729126919
TCP1	5	4.77637828707218e-08	0.849920265179779	0.613	0.36	0.000860369020850312
C9orf3	5	4.77708357943189e-08	0.929677347225091	0.55	0.298	0.000860496065163065
HSD17B12	5	4.80983744764149e-08	1.18332635299621	0.468	0.247	0.000866396019443661
SAMD1	5	4.8145916056085e-08	1.07746111973189	0.36	0.157	0.000867252385918258
AP2M1	5	4.84865452656525e-08	0.630130201483328	0.856	0.667	0.000873388139870199
SDCBP	5	4.89775608972192e-08	0.34346490646966	0.955	0.868	0.00088223280444161
PIP5K1C	5	4.94470717149758e-08	1.69978031817782	0.252	0.095	0.000890690102801858
METTL9	5	5.05017458614338e-08	0.837277067773395	0.604	0.348	0.000909687948202007
UBE2Q1	5	5.05522777967119e-08	1.26698245785232	0.36	0.162	0.000910598179952171
E2F4	5	5.17576745327028e-08	1.18367305745758	0.387	0.182	0.000932310991357576
MT-ND6	5	5.18972725821558e-08	1.00186528435581	0.658	0.438	0.000934825571022372
HN1	5	5.253675917362e-08	0.859669605373824	0.505	0.268	0.000946344642994416
TMX3	5	5.70301580379839e-08	1.06712693635633	0.45	0.231	0.0010272842367382
PLOD3	5	5.71196639283816e-08	1.1555416221747	0.414	0.202	0.00102889650634194
PARP1	5	5.80884397947103e-08	1.16472085993655	0.378	0.175	0.00104634706602212
MCFD2	5	5.92775659340694e-08	0.803084082152071	0.577	0.325	0.00106776679517039
AKTIP	5	5.94337668012115e-08	1.30237190605901	0.27	0.102	0.00107058044139022
HSP90AB1	5	5.94871092383902e-08	0.422184095483456	0.991	0.947	0.00107154129871112
BLCAP	5	5.97665402069864e-08	1.36405842377408	0.288	0.115	0.00107657468874845
EXOC5	5	6.02813814950227e-08	1.09341083383041	0.432	0.217	0.00108584852486984
DHX9	5	6.1839734314362e-08	0.957155856277739	0.532	0.289	0.0011139191342046
GALNT7	5	6.38407253814493e-08	1.51261436268881	0.252	0.094	0.00114996298629605
SLC25A39	5	6.53300934431709e-08	1.05336503511185	0.45	0.234	0.00117679097319184
BLMH	5	6.56018660671325e-08	1.49552710617036	0.261	0.099	0.00118168641346726
TMEM8A	5	6.64205746979945e-08	1.22216151162011	0.342	0.15	0.00119643381203498
CMTR2	5	6.82289675417808e-08	1.27169126796425	0.288	0.114	0.0012290083923301
GTF3C3	5	6.98584159157928e-08	1.38691660823869	0.27	0.104	0.00125835964589118
FAM160A2	5	7.04973169937335e-08	1.43655057740267	0.297	0.122	0.00126986817100812
KDM3A	5	7.43125547271717e-08	1.39654972167849	0.279	0.111	0.00133859204830054
CMTM8	5	7.48326338697919e-08	1.17668956787918	0.342	0.15	0.00134796023389656
SERTAD4-AS1	5	7.66531502197523e-08	1.18917697881196	0.315	0.131	0.0013807531949084
TM6SF1	5	7.71672917159937e-08	1.33169857732852	0.252	0.093	0.00139001442568019
LIMS1	5	7.7463842469865e-08	0.864791838129079	0.721	0.525	0.00139535619440968
RIT1	5	7.79405208112824e-08	1.57144456541524	0.288	0.119	0.00140394260137363
INTS3	5	7.83808161461291e-08	1.17684102397515	0.333	0.144	0.00141187364124022
CSNK2A1	5	8.28883438527044e-08	1.04041979212961	0.414	0.202	0.00149306773781877
CNRIP1	5	8.37023794852463e-08	1.17557937541124	0.36	0.164	0.00150773096166774
CPEB4	5	8.52890357502187e-08	0.967097962716444	0.423	0.202	0.00153631140096869
SMIM12	5	8.63685151493395e-08	1.31243024362374	0.342	0.154	0.00155575606338505
MT-ND5	5	8.70908516494045e-08	0.363897507853057	1	0.999	0.00156876751076072
SLC35A4	5	8.97194481375277e-08	1.41658747491504	0.27	0.106	0.00161611641930129
ABI1	5	9.0029624168578e-08	1.04312907938759	0.396	0.189	0.00162170362014859
RBM8A	5	9.20598501885303e-08	0.709998546565937	0.784	0.592	0.001658274081446
PRRC2C	5	9.20723929392689e-08	0.71574426214374	0.766	0.565	0.00165850001401505
SP100	5	9.22509298713774e-08	0.954280733536501	0.523	0.294	0.00166171599977312
B3GALT6	5	9.35930777566813e-08	1.37594549041769	0.27	0.105	0.0016858921096311
DUSP6	5	9.46525364051671e-08	0.481862671109792	0.613	0.33	0.00170497613826627
MEF2A	5	9.77461542926809e-08	0.779222163674837	0.64	0.399	0.00176070147727406
PPP2R5E	5	1.00902997359699e-07	0.993670682206606	0.505	0.267	0.00181756569144025
SH2B3	5	1.01738584908723e-07	0.836234227446469	0.387	0.173	0.00183261712996083
PERP	5	1.03378057830378e-07	1.11140708149704	0.486	0.267	0.00186214895569861
HEATR1	5	1.06397885458976e-07	1.34915954739475	0.279	0.112	0.00191654511077253
ZDHHC3	5	1.09468426009042e-07	1.21193787571357	0.36	0.166	0.00197185475770088
RCAN1	5	1.1548748252589e-07	1.18089673624718	0.577	0.385	0.00208027602273886
SPCS3	5	1.15511655482779e-07	0.812324418234943	0.64	0.44	0.00208071145021129
GSKIP	5	1.16409623143679e-07	1.42432312369464	0.261	0.101	0.00209688654168709
UBE2H	5	1.22482780537532e-07	0.8640781626058	0.559	0.327	0.00220628232582256
SMC4	5	1.24089734224373e-07	0.988493822810746	0.333	0.143	0.00223522838258364
RPL18A	5	1.24263943892258e-07	0.317763492041247	1	1	0.00223836642133124
RBMS1	5	1.25462676645978e-07	0.765777142475027	0.694	0.463	0.00225995919442401
SPG7	5	1.27744714056475e-07	1.04467953095099	0.378	0.174	0.00230106553429929
SH3GLB1	5	1.32835842980498e-07	0.844800362941613	0.694	0.507	0.0023927720396077
TPR	5	1.32864021853992e-07	0.939766438312471	0.568	0.343	0.00239327962565596
TSPAN6	5	1.38294137660761e-07	1.22725994225021	0.333	0.148	0.00249109230168328
C9orf16	5	1.38683732143247e-07	0.592334028284063	0.793	0.632	0.0024981100670963
TEX264	5	1.41248691659608e-07	0.907352300357125	0.523	0.295	0.00254431268286452
SMARCE1	5	1.42684516311168e-07	0.795480410458785	0.568	0.32	0.00257017619231306
RFK	5	1.42866773678304e-07	1.2439883391744	0.342	0.156	0.00257345919426729
MGAT4B	5	1.46080710511351e-07	1.16576811939124	0.405	0.204	0.00263135183844096
ATN1	5	1.50155873137028e-07	0.868327857156323	0.495	0.263	0.00270475774281728
BRMS1	5	1.50457415367604e-07	1.22692625541146	0.333	0.148	0.00271018942301665
CCDC3	5	1.51039892297284e-07	0.961685514758252	0.36	0.159	0.00272068157995098
ANAPC1	5	1.57134833182619e-07	1.41273514941943	0.252	0.097	0.00283046975011852
PPP1R35	5	1.59513816989653e-07	1.00301449209622	0.405	0.198	0.00287332238543463
SHOC2	5	1.63392061823139e-07	0.914551965089003	0.523	0.294	0.0029431812096202
PFDN1	5	1.64003228377999e-07	0.856317179109785	0.514	0.28	0.0029541901527729
CYFIP1	5	1.66587969166489e-07	1.03296523667021	0.441	0.228	0.00300074908859597
MAT2B	5	1.67315724652694e-07	1.64298404825538	0.252	0.099	0.00301385814816897
ATL2	5	1.81444092581827e-07	1.58008620719792	0.27	0.11	0.00326835243967645
SECISBP2	5	1.82427861255148e-07	1.09841151488878	0.414	0.208	0.00328607306478898
BAP1	5	1.86287323175656e-07	1.38416599722266	0.261	0.103	0.00335559355236309
HEBP2	5	1.89168410371752e-07	0.715270738484997	0.595	0.346	0.00340749057602636
USP25	5	1.90943352210766e-07	0.962869507472132	0.36	0.162	0.00343946260337252
ATP5E	5	1.91869824852214e-07	0.300202655166194	1	0.992	0.00345615115506293
ZNF24	5	1.93595263432258e-07	1.03529542190956	0.405	0.198	0.00348723148020527
TXNDC9	5	2.07010006884734e-07	1.08896826794982	0.432	0.228	0.00372887125401471
TSHZ1	5	2.08279133245788e-07	1.46614329938927	0.252	0.098	0.00375173202715639
GNB2L1	5	2.1963074840441e-07	0.368166382025479	0.982	0.988	0.00395620867100864
KIAA1109	5	2.21582040015329e-07	0.936707020251437	0.514	0.283	0.00399135728679612
UQCRC2	5	2.2630826731173e-07	0.782761393427475	0.595	0.357	0.00407649081908619
TUBGCP3	5	2.34539996017713e-07	1.38416599722266	0.252	0.098	0.00422476894826706
CEPT1	5	2.35554052507446e-07	1.37049106032558	0.261	0.104	0.00424303514781662
RPL28	5	2.40871395866952e-07	0.30017181307267	1	1	0.00433881645375141
MRPL50	5	2.45545631839758e-07	0.912544969577447	0.432	0.216	0.00442301346632955
DDX46	5	2.45850295200162e-07	0.855841211614703	0.505	0.269	0.00442850136744051
ZSCAN18	5	2.46967317500237e-07	0.943593405836677	0.414	0.204	0.00444862229013176
ZMIZ1	5	2.47898502332439e-07	1.27475478050208	0.351	0.169	0.00446539572251423
PSMB4	5	2.52984159942589e-07	0.724531340366697	0.649	0.408	0.00455700367304586
WWC2	5	2.57243363068396e-07	1.58289502731235	0.261	0.105	0.00463372469895101
TSPO	5	2.57981019017259e-07	0.468460214239791	0.91	0.797	0.00464701209555788
PILRB	5	2.71304030802245e-07	1.08077385377272	0.342	0.154	0.00488699950684084
GBP2	5	2.76819111514242e-07	1.2386798885054	0.387	0.191	0.00498634265570605
LARP4B	5	2.82253119865197e-07	1.17305938343273	0.333	0.15	0.00508422544813179
SSBP4	5	2.88925266202057e-07	0.862213294027302	0.55	0.315	0.00520441082009766
MRPS33	5	2.94541086410764e-07	0.853051532005206	0.523	0.288	0.00530556858951709
NMI	5	2.98277818002677e-07	1.15150524043238	0.351	0.162	0.00537287833568221
BIRC6	5	3.13822589173017e-07	0.963985194667855	0.495	0.281	0.00565288629877355
FAM91A1	5	3.13861427597687e-07	1.2067403068977	0.351	0.168	0.00565358589531713
PARP4	5	3.15137196836853e-07	1.14686186648228	0.333	0.15	0.00567656632662223
TARDBP	5	3.18343312989652e-07	1.06668380736649	0.369	0.176	0.0057343180968826
POLR2L	5	3.22083436873145e-07	0.5255218464682	0.919	0.884	0.00580168894839595
CHCHD1	5	3.31936108491299e-07	1.01940170442504	0.468	0.254	0.00597916512225376
DYNC1I2	5	3.32317261781477e-07	0.690152548240999	0.739	0.535	0.00598603083646975
HINT3	5	3.35315254405624e-07	1.50147637250155	0.252	0.1	0.0060400336776085
EPRS	5	3.45402910950242e-07	1.04616953370764	0.459	0.251	0.00622174263494671
ZBED6	5	3.46120436358593e-07	1.37397023011677	0.315	0.143	0.00623466742012734
PPP1R12A	5	3.47095288667e-07	0.718046894871786	0.604	0.351	0.00625222743475867
LRP10	5	3.68366343750289e-07	0.756188657783571	0.613	0.374	0.00663538294997395
ZNF704	5	3.8695810210827e-07	1.4552265021631	0.288	0.122	0.00697027629327626
PPP1CA	5	3.87873480428574e-07	0.831624974193879	0.477	0.251	0.00698676500295991
DICER1	5	3.91889393845785e-07	0.852483579091544	0.486	0.263	0.00705910365134413
FEM1C	5	3.92006012258243e-07	1.35076283895544	0.27	0.112	0.00706120429880772
C19orf24	5	3.94572800393914e-07	0.645211849962998	0.613	0.354	0.00710743985349558
AGAP3	5	3.97043316110439e-07	1.36294951131296	0.27	0.111	0.00715194125309734
AGGF1	5	4.13758658755444e-07	1.20020316238006	0.342	0.161	0.00745303472016181
RAP1A	5	4.16498907421339e-07	0.665850460164117	0.64	0.388	0.00750239481938058
SNX16	5	4.2395485680744e-07	1.27982933740792	0.261	0.104	0.00763669883567242
HMBOX1	5	4.26981510595416e-07	1.35817078868971	0.297	0.128	0.00769121795035523
SRD5A3	5	4.28342638700718e-07	1.423580678336	0.297	0.132	0.00771573595091603
SNRNP200	5	4.35880941099132e-07	0.958674140306648	0.414	0.204	0.00785152339201867
BDP1	5	4.3764737539647e-07	1.00923871131797	0.423	0.219	0.00788334217301662
ELF1	5	4.39863519591528e-07	0.65656582128013	0.658	0.399	0.00792326157840219
TMEM165	5	4.5942079063342e-07	0.83162497419388	0.658	0.44	0.00827554670167979
PCYT1A	5	4.63158796924738e-07	1.23075608256336	0.306	0.135	0.0083428794090053
CCT2	5	4.64499240414484e-07	0.889806045282409	0.532	0.308	0.00836702481758609
PRKDC	5	4.65272560853185e-07	0.824810152637568	0.559	0.336	0.00838095463864842
ABCF2	5	4.68984857030321e-07	1.2854320436373	0.261	0.105	0.00844782422968717
ANAPC16	5	4.73285379673807e-07	0.602863935001364	0.802	0.617	0.00852528954406429
ATF2	5	4.74577636432869e-07	0.989520286774992	0.405	0.204	0.00854856696506526
NUCB1	5	4.95084949337245e-07	0.587240831712135	0.811	0.643	0.00891796519241179
PSMG4	5	4.95492134791997e-07	1.04312907938759	0.36	0.17	0.00892529982400823
KIDINS220	5	5.01440006818914e-07	0.845316133086255	0.514	0.282	0.0090324388428291
RNF19A	5	5.25340936384468e-07	0.836154632674394	0.523	0.294	0.00946296628709342
SLC39A1	5	5.31303538352339e-07	0.803506593767965	0.586	0.355	0.00957037063634069
SMAD5	5	5.40745811432493e-07	0.804342219800475	0.568	0.341	0.00974045430133349
FOXN2	5	5.69825436048756e-07	1.12916891045428	0.297	0.127	0.0102642655795462
MRPS27	5	5.74306941670913e-07	1.25641045002429	0.288	0.123	0.0103449909403182
ZNF22	5	5.74415262382902e-07	1.17676046024257	0.324	0.148	0.0103469421213032
CRK	5	5.76475604654539e-07	1.13032076284353	0.423	0.224	0.0103840550666422
BTBD1	5	5.78236852865722e-07	1.22877231457683	0.351	0.171	0.0104157804306702
CDK9	5	5.95747338201083e-07	1.09570899450896	0.36	0.174	0.0107311968030161
SULF2	5	6.02324727002943e-07	0.66569950451646	0.649	0.41	0.010849675307504
RB1CC1	5	6.15326020891074e-07	0.909347269618398	0.486	0.274	0.0110838676143109
RHOA	5	6.20056035871957e-07	0.397341385970392	0.973	0.899	0.0111690693741616
ZCCHC17	5	6.27805222326022e-07	1.20359375158084	0.324	0.149	0.0113086554697586
LMBR1L	5	6.45071937521418e-07	1.46905489480917	0.27	0.116	0.0116196808105733
PMS1	5	6.48519489123541e-07	1.44188149507895	0.252	0.102	0.0116817815575823
RAB7L1	5	6.55787568714329e-07	1.23216290377761	0.27	0.112	0.0118127014752512
KLF16	5	6.5856382150006e-07	1.33058495701781	0.279	0.118	0.0118627101166806
PTMS	5	6.80852361464809e-07	0.393150781855008	0.973	0.874	0.0122641935870656
SSNA1	5	7.11906146136713e-07	0.870904961855691	0.55	0.324	0.0128235654103606
CUL5	5	7.1563533372087e-07	0.993752284912637	0.432	0.23	0.012890739266314
NARG2	5	7.1921967966709e-07	1.22755365052502	0.333	0.158	0.0129553040898433
LYRM4	5	7.23964161834915e-07	1.29581012280181	0.288	0.124	0.0130407664471323
DAG1	5	7.32772779236818e-07	1.00874035384267	0.333	0.154	0.0131994360723928
BHLHE40	5	7.35168049385595e-07	0.924629037776955	0.613	0.391	0.0132425820735827
SCML1	5	7.38137999287778e-07	1.24923641713655	0.333	0.158	0.0132960797811707
SLC39A9	5	7.56049860078452e-07	1.31498243207666	0.279	0.121	0.0136187261295932
HEATR5B	5	7.57918150334941e-07	1.36505717427495	0.252	0.102	0.0136523796419833
PLIN2	5	7.66139258275381e-07	0.856585718637471	0.342	0.163	0.0138004664593144
RP11-488L18.10	5	7.70817007357321e-07	1.29105659283118	0.252	0.102	0.0138847267535274
MARCH7	5	7.76280689971711e-07	0.87072479388282	0.523	0.303	0.0139831440684604
ASH1L	5	7.82467174148938e-07	0.722369631822851	0.595	0.363	0.0140945812079448
CIC	5	7.86488562286591e-07	1.13905349938613	0.333	0.156	0.0141670184724684
MVP	5	7.93102678398509e-07	0.807061721154067	0.55	0.329	0.0142861585459924
DHRS7B	5	8.01668439718248e-07	1.22157149250989	0.297	0.131	0.0144404536046448
CDIP1	5	8.01862210481515e-07	1.21255461915246	0.288	0.125	0.0144439439974035
LARS	5	8.03066211400086e-07	0.841749191467587	0.505	0.286	0.0144656316659498
GOLGA7	5	8.16042461991705e-07	0.87134260634286	0.514	0.29	0.0146993728678566
AP2B1	5	8.18577041872395e-07	0.809929903094561	0.541	0.313	0.0147450282552474
ZC3HAV1	5	8.19358319612783e-07	0.418435899307405	0.486	0.255	0.0147591014111851
PACS1	5	8.21643368099301e-07	1.20728823513858	0.324	0.15	0.0148002619895727
LIX1L	5	8.22733889248145e-07	1.19990870477298	0.324	0.151	0.0148199055470268
BCKDK	5	8.22819741512653e-07	1.07860697474231	0.369	0.183	0.0148214520038674
CLPTM1	5	8.24374855469958e-07	0.729940834064389	0.486	0.258	0.0148494642715804
INSR	5	8.32220451506935e-07	1.49458998691631	0.315	0.149	0.0149907869929944
ATP6V1E1	5	8.58749027782223e-07	0.747741789468512	0.559	0.323	0.0154686462374412
CAPRIN1	5	8.78082676255442e-07	0.940559345747044	0.505	0.291	0.0158169032473893
RBFOX2	5	8.89908136334234e-07	0.861851761625739	0.423	0.214	0.0160299152597886
ATXN2	5	9.03651298311748e-07	1.13242476092022	0.369	0.185	0.0162774708364895
PTPN11	5	9.27845725661734e-07	1.22006476125974	0.36	0.182	0.0167132850563448
SMAD4	5	9.55431523664625e-07	1.18063260313753	0.36	0.181	0.0172101880357709
ARFGEF2	5	9.57588730154414e-07	1.31181515299797	0.252	0.104	0.0172490457962715
GATAD2B	5	9.70318356622809e-07	1.36405842377408	0.261	0.11	0.0174783445578467
WASF2	5	9.99797302219116e-07	0.668541346227168	0.712	0.53	0.0180093488048729
OXR1	5	9.99815408991451e-07	1.02110277305759	0.396	0.204	0.018009674962163
ZDHHC21	5	1.01890640909953e-06	1.13810466999258	0.297	0.131	0.0183535611471099
ZNF644	5	1.0512829554631e-06	0.778243877865856	0.532	0.308	0.0189367598767568
ZFR	5	1.06422818866399e-06	0.925407120514497	0.45	0.241	0.0191699423624044
DFFA	5	1.08919662740568e-06	1.48370167077357	0.252	0.105	0.0196196988494585
PSMD1	5	1.09081436975905e-06	1.08427637052934	0.423	0.238	0.0196488392424698
CBX3	5	1.11167764680513e-06	0.579279330755804	0.757	0.584	0.0200246494519008
FBXL15	5	1.11411581873197e-06	0.946673647116119	0.387	0.195	0.0200685682428189
IGBP1	5	1.12276525115738e-06	0.9061566416149	0.459	0.249	0.020224370469098
MDFI	5	1.13262569448599e-06	1.17131734855708	0.288	0.126	0.0204019866347761
SETD2	5	1.17504886126246e-06	1.0417491701089	0.378	0.187	0.0211661551379207
RBM10	5	1.17963177702322e-06	1.23386119124963	0.27	0.115	0.0212487071995193
EGLN2	5	1.20136591553915e-06	1.18776878441915	0.396	0.21	0.0216402042366067
FHOD1	5	1.21437744084825e-06	1.16843730616722	0.261	0.107	0.0218745808419996
BRWD1	5	1.2331986423604e-06	0.996313327270045	0.441	0.243	0.0222136071448379
EIF3J	5	1.24510853481003e-06	0.707346975420103	0.604	0.366	0.0224281400375331
RALGAPB	5	1.27740439883565e-06	1.52823283074394	0.279	0.126	0.0230098854362266
VPS13D	5	1.28835739604646e-06	1.16552571074732	0.315	0.146	0.0232071817749848
SVIL	5	1.30977346069245e-06	0.993011128280898	0.396	0.199	0.0235929493474531
RPL26	5	1.31191140717669e-06	0.328634360194866	1	1	0.0236314601774737
ETV6	5	1.31364500192342e-06	0.949878019044218	0.405	0.211	0.0236626874196465
PCGF3	5	1.34420046635033e-06	1.28631867382451	0.279	0.123	0.0242130830003685
LRP6	5	1.34811446578126e-06	1.42755859273604	0.306	0.147	0.0242835858721178
CLTC	5	1.35991117547172e-06	0.675706830745446	0.757	0.583	0.024496080003772
CCNG2	5	1.37351928397711e-06	1.27670129985411	0.324	0.156	0.0247412028622796
RAB5A	5	1.39644977357482e-06	0.920033948415645	0.468	0.264	0.0251542497714032
DDX56	5	1.40203114229319e-06	1.26689028170042	0.279	0.122	0.0252547869661273
DIAPH1	5	1.43247658907303e-06	1.18414138891467	0.342	0.168	0.0258032007989724
RPL22	5	1.43358405985368e-06	0.314327049674284	1	0.993	0.0258231496701444
BRD7	5	1.46928799599816e-06	0.941807891944302	0.432	0.239	0.0264662846719148
PPP1R14B	5	1.46996816089341e-06	0.363176482199149	0.793	0.636	0.0264785364821729
VPS26A	5	1.48654889766154e-06	1.08110974505584	0.45	0.257	0.0267772052935774
C14orf119	5	1.53562321157834e-06	0.891885499011354	0.441	0.237	0.0276611809101607
ORAI2	5	1.54796666610867e-06	1.10123203395116	0.261	0.108	0.0278835235566155
DNPEP	5	1.54818254618178e-06	0.995258229768468	0.324	0.149	0.0278874122043724
SHPRH	5	1.64698709671007e-06	1.1979471884397	0.297	0.136	0.0296671785730385
KIAA2026	5	1.69396255649781e-06	1.17662670398057	0.351	0.173	0.030513347530195
C9orf89	5	1.71219085919939e-06	0.982303886691547	0.396	0.205	0.0308416939467587
CCDC12	5	1.71226808433915e-06	0.846911952095074	0.477	0.261	0.0308430850032012
KPNA6	5	1.72780240169764e-06	1.08069672698963	0.324	0.15	0.0311229046617796
NUTF2	5	1.73978188456937e-06	0.874749674164767	0.486	0.279	0.0313386910867481
STX12	5	1.75543640530114e-06	0.849219034208618	0.568	0.352	0.0316206759686895
SOCS3	5	1.76036531593814e-06	0.730032146766776	0.91	0.847	0.0317094604359938
HUWE1	5	1.76354638058577e-06	0.957540523668603	0.423	0.226	0.0317667609534915
VCP	5	1.76684609278261e-06	0.825035164833528	0.658	0.471	0.0318261986692931
ZNF33A	5	1.7682229503601e-06	1.04312907938759	0.306	0.139	0.0318510000048365
SERTAD2	5	1.81380496800134e-06	1.16767417732589	0.324	0.156	0.0326720688886081
IARS2	5	1.83442056962299e-06	1.06037756030977	0.396	0.209	0.0330434177206188
VCL	5	1.84924277207291e-06	0.874269311602373	0.55	0.331	0.0333104100533493
GXYLT1	5	1.85672554851615e-06	1.13032076284353	0.279	0.121	0.0334451973054215
FAM188A	5	1.9129079452218e-06	1.19484127757187	0.252	0.104	0.0344572108172804
CHSY1	5	1.91916222892238e-06	0.760366291024058	0.495	0.273	0.0345698692295788
IFI44	5	1.92768857704083e-06	0.823551673658198	0.486	0.272	0.0347234543382365
EIF3B	5	1.98036521807276e-06	0.948168879308169	0.486	0.289	0.0356723186731447
DHX40	5	2.08529600531708e-06	1.25983786222046	0.288	0.131	0.0375624369437765
MLLT10	5	2.11259973108952e-06	1.19935675869437	0.288	0.13	0.0380542589561155
NUDT21	5	2.12301562411021e-06	1.04312907938759	0.378	0.198	0.0382418804370973
EPC1	5	2.13136446769506e-06	0.68979227978092	0.568	0.332	0.038392268156591
ZNF451	5	2.16072926579628e-06	0.865808894950114	0.441	0.245	0.0389212162647883
CCT3	5	2.19402925192098e-06	0.740067212463487	0.613	0.401	0.0395210489148525
EBPL	5	2.20109796897057e-06	0.688108346636658	0.541	0.33	0.0396483777150669
PDCL	5	2.20461490520319e-06	1.26444486258386	0.315	0.153	0.0397117282874251
NUP50	5	2.22830019633718e-06	1.11024327524613	0.315	0.147	0.0401383714366216
USP34	5	2.2320916819215e-06	0.831624974193879	0.514	0.297	0.040206667466452
BAD	5	2.26917822799822e-06	0.694268656713231	0.568	0.332	0.0408747074209319
RSF1	5	2.27955176562274e-06	0.811839132087866	0.505	0.29	0.0410615659541623
TLN1	5	2.32194807261002e-06	0.664753296729121	0.559	0.333	0.0418252506319243
PNKP	5	2.32474062663768e-06	1.17004119186981	0.297	0.136	0.0418755529076245
IFNAR2	5	2.32633039209996e-06	0.890518663247448	0.378	0.188	0.0419041893528966
ZNF787	5	2.32775724111924e-06	1.06866417149473	0.333	0.16	0.0419298911842808
COTL1	5	2.33151045915713e-06	1.15330594057276	0.658	0.509	0.0419974979007975
BAZ1B	5	2.33329405349406e-06	1.12113159138886	0.342	0.172	0.0420296257855884
ERC1	5	2.34705802780998e-06	1.33805407236835	0.27	0.121	0.0422775562549412
MRPL32	5	2.36317810427483e-06	0.736925957781463	0.477	0.262	0.0425679271923025
PRPF8	5	2.38086687069683e-06	0.75678150555887	0.486	0.272	0.042886554941862
CFDP1	5	2.42959378040535e-06	0.707526047603152	0.55	0.33	0.0437642727664416
UPF3A	5	2.44287433402869e-06	0.892507216340902	0.432	0.237	0.0440034953788587
MRPL1	5	2.4542743231983e-06	0.958674140306648	0.378	0.193	0.0442088433837711
ZC3H13	5	2.45865922644663e-06	0.888134614821587	0.459	0.259	0.0442878286459831
TNPO1	5	2.46004919234876e-06	0.786925166723066	0.505	0.298	0.0443128661017782
BZW2	5	2.47132375101988e-06	1.21807714747407	0.342	0.173	0.0445159547271211
TROVE2	5	2.49376862321876e-06	0.752317108870666	0.495	0.284	0.0449202542100395
RBM17	5	2.51148249146336e-06	0.873720710015577	0.523	0.331	0.0452393341187296
CDIPT	5	2.5176410894738e-06	0.852829466180443	0.514	0.306	0.0453502689446916
ST3GAL1	5	2.51876351369553e-06	1.27852949495501	0.288	0.132	0.0453704871721976
CTCF	5	2.53155762534253e-06	1.4455665418868	0.288	0.136	0.0456009475052949
JAG1	5	2.58103111696363e-06	1.31777393120696	0.423	0.237	0.0464921135098659
CDK12	5	2.59639256527868e-06	1.15935091361935	0.342	0.172	0.0467688192783649
KIAA0947	5	2.66294286142874e-06	1.34204052154998	0.261	0.113	0.0479675897629159
ACTR2	5	2.66997378919958e-06	0.478230693261986	0.784	0.615	0.0480942378648521
LPGAT1	5	2.70736073023517e-06	1.26248744063441	0.396	0.222	0.0487676888337261
INTS1	5	2.71731809448448e-06	1.02035382129899	0.333	0.16	0.0489470508359489
PRRC2A	5	2.73009109420786e-06	0.71318351689634	0.505	0.281	0.0491771308799662
SESN1	5	2.76213575687533e-06	0.934286748731514	0.333	0.16	0.0497543513885952
CNOT7	5	2.77645868197736e-06	1.00702510570234	0.378	0.191	0.0500123502384583
AP2A2	5	2.81735816925769e-06	0.662333706581608	0.387	0.19	0.0507490727028388
DMWD	5	2.81859826355603e-06	1.27650828426202	0.27	0.12	0.0507714105214348
CAPZA2	5	2.8205571016989e-06	0.865168865451462	0.694	0.548	0.0508066950729023
TDG	5	2.83909463628905e-06	0.991746800605833	0.351	0.172	0.0511406116834747
ZNF667-AS1	5	2.84616638212611e-06	1.15019405699133	0.297	0.137	0.0512679950412376
TMPO	5	2.86145297632367e-06	1.11749301432552	0.306	0.144	0.0515433524625183
LPP	5	2.88480121240759e-06	0.775831747156992	0.685	0.489	0.051963924239098
LYRM1	5	2.90396502501585e-06	1.0268439958001	0.36	0.183	0.0523091219956104
RFWD2	5	2.99741923371091e-06	1.32655527405256	0.261	0.115	0.0539925126568346
MTMR2	5	2.99878098805385e-06	1.13534545060857	0.279	0.124	0.054017041937814
FAM127B	5	3.04911602899514e-06	0.788556252301994	0.441	0.24	0.0549237270302895
HMOX2	5	3.05501246640926e-06	0.936594533795422	0.405	0.213	0.05502993955743
TRNT1	5	3.07812078397107e-06	1.35615162105306	0.252	0.109	0.0554461896816709
SMARCA4	5	3.08681929897242e-06	1.21890680707534	0.288	0.131	0.0556028760323901
N4BP1	5	3.0874404038937e-06	0.94958831154817	0.342	0.165	0.0556140639953372
MED23	5	3.10216293990837e-06	1.11680566598607	0.288	0.13	0.0558792610365695
HCFC1	5	3.10794737366255e-06	1.23697992007538	0.27	0.12	0.0559834560417835
ARL6IP1	5	3.10906295317555e-06	0.460981594273489	0.622	0.36	0.0560035509755511
PSMC3	5	3.2304590703778e-06	0.617557417508363	0.577	0.337	0.0581902592347153
PUM1	5	3.36649119539072e-06	0.791823966135905	0.505	0.294	0.060640605902573
CCDC90B	5	3.57875715306011e-06	0.773360962188594	0.514	0.301	0.0644641525980718
POLR3GL	5	3.61338112190741e-06	0.964763305382413	0.423	0.238	0.0650878341489182
PRR14L	5	3.62450051459483e-06	1.25439812225233	0.252	0.108	0.0652881277693967
EIF5B	5	3.63060568427177e-06	0.772028362294797	0.559	0.349	0.0653981001907874
TRIM33	5	3.6823728243348e-06	1.01984825555168	0.369	0.192	0.0663305816847427
EEF2	5	3.79551820009906e-06	0.391934155287783	0.955	0.947	0.0683686693383844
RNF10	5	3.8250810192819e-06	0.977279339064679	0.441	0.254	0.0689011844003249
ZNF326	5	3.95558819202049e-06	1.13328067405498	0.342	0.177	0.0712520101028651
RNF38	5	3.99401286114148e-06	1.18309734469526	0.27	0.12	0.0719441536677415
ANKRD36	5	4.21901058867861e-06	0.964327511679994	0.387	0.204	0.0759970377338678
HAUS1	5	4.32232283689693e-06	1.30170383703069	0.252	0.11	0.0778580012610244
CHP1	5	4.34303459789922e-06	0.731061007626596	0.495	0.277	0.0782310822119587
PGRMC2	5	4.45381068482644e-06	1.18253213605301	0.405	0.229	0.0802264918657787
NELFB	5	4.47003835272206e-06	0.959325322913456	0.342	0.169	0.0805188008475825
RPL8	5	4.56542450673963e-06	0.275701203120843	1	1	0.0822369916399009
RELB	5	4.58933919894435e-06	1.41658747491504	0.261	0.119	0.0826677669905845
ACIN1	5	4.66563403802548e-06	0.892725426284733	0.405	0.214	0.084042065926953
RPIA	5	4.82939168447499e-06	1.33805407236835	0.27	0.123	0.086991832412448
TMCO3	5	4.83851511233994e-06	0.971707042045591	0.387	0.204	0.0871561727185794
SH3BGRL3	5	4.84873850230346e-06	0.310531009827606	0.973	0.92	0.0873403266419922
ZMYND11	5	5.0213441278401e-06	0.834011567030758	0.405	0.215	0.0904494717747837
TNKS1BP1	5	5.05579292720997e-06	0.920944964433849	0.369	0.191	0.0910699979978331
SSSCA1	5	5.06409940571865e-06	1.0900378222873	0.351	0.182	0.09121962259521
IFI44L	5	5.14486822019005e-06	1.08910596910874	0.432	0.254	0.0926745112502834
HIAT1	5	5.18355204766609e-06	1.17835646008181	0.288	0.135	0.0933713230346093
RUVBL1	5	5.33994721612122e-06	1.10594518757419	0.306	0.147	0.0961884692039915
PELI1	5	5.3577570878394e-06	0.917816407247564	0.342	0.172	0.096509278423251
LAGE3	5	5.48882222124586e-06	0.954481721979413	0.369	0.193	0.0988701546713017
PCNX	5	5.55712835700769e-06	1.10123203395116	0.36	0.188	0.100100553094779
SAMM50	5	5.627143845502e-06	1.09091697834186	0.315	0.153	0.101361742089027
AKAP11	5	5.70193275660515e-06	0.843244057460713	0.441	0.247	0.102708914744729
SRSF1	5	5.85374779412145e-06	0.677983385353076	0.505	0.288	0.10544355901551
LRIG3	5	5.85802548005624e-06	1.35245713749532	0.288	0.137	0.105520612972253
ACAP2	5	5.86253752016495e-06	0.660402001417152	0.595	0.377	0.105601888350731
LEPROTL1	5	5.86882011603215e-06	1.08316374118984	0.495	0.297	0.105715056750087
IMPDH1	5	5.87176365941313e-06	1.14736313296204	0.279	0.127	0.105768078797009
ATF7IP	5	5.95733275662709e-06	1.02802218699738	0.306	0.145	0.107309434945124
PTPLAD1	5	5.98045101008965e-06	0.808747269172373	0.523	0.323	0.107725864044745
CBX5	5	6.03598719559693e-06	0.849458267281198	0.459	0.271	0.108726237354287
LEPR	5	6.05870579114234e-06	1.1931013777632	0.459	0.273	0.109135467415847
KPNA3	5	6.08170579719558e-06	1.05725940822248	0.36	0.19	0.109549766524884
SPHK1	5	6.09580371395996e-06	0.926484160535321	0.324	0.156	0.109803712299561
TMEM70	5	6.12338127669671e-06	1.09341083383041	0.378	0.21	0.110300466937138
ZNF791	5	6.41408855672437e-06	0.927308322249187	0.279	0.124	0.115536977172276
CCNG1	5	6.48699273395104e-06	0.913190326349957	0.477	0.289	0.11685020011666
BAG6	5	6.56184319604229e-06	0.898739170052417	0.45	0.265	0.11819848149031
SUGT1	5	6.57559145813128e-06	0.750488211468474	0.468	0.268	0.118446128935319
FAM89B	5	6.62115227662862e-06	0.767494636774164	0.55	0.353	0.119266815958911
RGS16	5	6.70258586823597e-06	1.20359375158084	0.342	0.179	0.120733679244535
SENP7	5	6.74008244167027e-06	1.05780565602004	0.351	0.179	0.121409105021807
KPNA2	5	6.81714151192054e-06	1.02357628196619	0.333	0.168	0.122797170054225
QSOX1	5	6.84641088536169e-06	0.764077276216429	0.423	0.23	0.12332439927802
NOSIP	5	6.88830033801616e-06	0.804741680042932	0.423	0.233	0.124078953988685
YWHAH	5	6.95997890772503e-06	0.694611524062728	0.64	0.433	0.125370100064851
TPT1	5	6.99206832545967e-06	0.264477694111843	1	1	0.125948126746505
PHKB	5	7.26315258695413e-06	1.00841762905787	0.405	0.229	0.130831167548805
LBH	5	7.40107705703171e-06	0.976183255477765	0.252	0.111	0.133315601028312
WDR26	5	7.41065573621765e-06	0.839845480998848	0.423	0.235	0.133488141776489
PHF14	5	7.55093629449656e-06	0.721200984500229	0.459	0.256	0.136015015472766
RNPS1	5	7.72046284581941e-06	0.745840270902777	0.541	0.355	0.139068697241745
SP110	5	7.83037935885793e-06	1.09667854766433	0.333	0.171	0.141048623391108
NSUN2	5	7.85824212761947e-06	1.17379054066143	0.252	0.111	0.14155051544481
TM9SF2	5	7.87456048057426e-06	0.765256164578164	0.586	0.396	0.141844457936584
MTERFD2	5	7.89082956335579e-06	1.00453383407501	0.279	0.127	0.142137512924728
PGK1	5	7.97365085125692e-06	0.5159558697782	0.748	0.592	0.143629372783691
C11orf31	5	8.03157780244592e-06	0.541034845839524	0.811	0.687	0.144672810955458
MAZ	5	8.05048677179442e-06	0.643728211149647	0.559	0.334	0.145013418220333
MFSD10	5	8.05405466363109e-06	0.801005739135488	0.532	0.341	0.145077686655987
ACAT1	5	8.15302181009717e-06	1.06697582134196	0.387	0.212	0.14686038186528
TMEM57	5	8.16370718787473e-06	1.22804679530538	0.288	0.14	0.147052857575187
CD2BP2	5	8.35804821214345e-06	0.78187193899678	0.432	0.239	0.15055352244534
MAP1LC3A	5	8.47239192436767e-06	0.646593080361359	0.55	0.335	0.152613195733635
FNDC3B	5	8.50911244236568e-06	0.684513561524508	0.559	0.339	0.153274642424333
SMNDC1	5	8.53153051612972e-06	0.985616620732384	0.324	0.16	0.153678459187045
AUP1	5	8.63250499454386e-06	0.74147337952649	0.532	0.338	0.155497312466719
IPO8	5	8.6672420666554e-06	1.15663027261025	0.252	0.111	0.156123031346664
RPL13	5	8.71743032222421e-06	0.259773981671816	1	1	0.157027072394225
CGGBP1	5	8.71942994167694e-06	0.701023102562599	0.486	0.283	0.157063091539427
PDS5A	5	8.81309707618012e-06	1.04876461405702	0.36	0.193	0.158750317633233
PRKX	5	8.86773847262555e-06	1.19672921028302	0.261	0.119	0.159734573107404
SOS2	5	9.00868132517101e-06	1.05532953299312	0.333	0.17	0.162273376710305
NUMA1	5	9.01479426197413e-06	0.771189120331905	0.459	0.267	0.16238348904094
PSME2	5	9.07885782027843e-06	0.610732235987161	0.685	0.502	0.163537465916675
GSK3B	5	9.31645317369131e-06	0.972832466707234	0.306	0.148	0.167817271017702
RAF1	5	9.39025573311377e-06	1.03118946607607	0.297	0.141	0.169146676520578
SEC11C	5	9.5001289156484e-06	0.87192633891845	0.423	0.237	0.171125822157575
DESI1	5	9.53412539876644e-06	1.14946031444736	0.297	0.145	0.17173820080798
YTHDC1	5	9.7274425465183e-06	0.852383534360677	0.441	0.256	0.175220422590434
SP1	5	9.76730369010469e-06	1.0190969572179	0.333	0.169	0.175938441369856
CASD1	5	9.82743050717498e-06	1.09401974577162	0.297	0.143	0.177021505725743
RPL29	5	1.0274020425828e-05	0.259073943931478	1	1	0.185065929930439
SLC35A3	5	1.0297012151553e-05	1.23896808168272	0.252	0.114	0.185480079885924
GTF2I	5	1.03622927051734e-05	0.571893821184724	0.73	0.545	0.186655978498288
PRPF18	5	1.05362977182601e-05	1.164792820185	0.297	0.145	0.18979033079902
CASP7	5	1.07175430138417e-05	1.21255461915246	0.27	0.126	0.193055102308331
SNRPE	5	1.08904711529514e-05	0.62493123921542	0.739	0.53	0.196170056878113
TUG1	5	1.09357861586029e-05	0.865196124257797	0.486	0.289	0.196986316074914
CLPTM1L	5	1.09920342482188e-05	0.871517701317392	0.423	0.237	0.197999512913165
MVB12A	5	1.10600895985267e-05	0.962683088678632	0.423	0.252	0.199225393938261
PAFAH1B2	5	1.12445436497496e-05	0.838309287499093	0.405	0.225	0.202547964762939
MRPS18A	5	1.13398996335227e-05	1.17731442678199	0.252	0.113	0.204265612098644
CLIP1	5	1.14690623353189e-05	0.83162497419388	0.396	0.216	0.2065922198461
PRPF6	5	1.150477838293e-05	1.00037943192825	0.378	0.21	0.207235573011718
YLPM1	5	1.15076835143075e-05	1.09111902232242	0.279	0.132	0.207287903143222
TPRKB	5	1.1773596279637e-05	0.988070061597275	0.423	0.251	0.212077789785101
UBN2	5	1.20585001600083e-05	1.1606599555755	0.261	0.119	0.217209763382229
IK	5	1.2100860567508e-05	0.723149256289751	0.514	0.31	0.217972801402521
MTMR9	5	1.22438846473467e-05	0.981547757197883	0.279	0.129	0.220549094152656
GPATCH2L	5	1.23187502258027e-05	1.06779113362186	0.351	0.187	0.221897647817384
ERBB2IP	5	1.24889587430301e-05	0.824914752604327	0.468	0.276	0.224963613838202
SLTM	5	1.25901668344997e-05	0.881461178620581	0.486	0.302	0.226786675189843
ERO1L	5	1.2818101783402e-05	0.99643584393955	0.342	0.179	0.230892467424419
MRPL17	5	1.3044243600119e-05	0.791982269207429	0.432	0.244	0.234965959968943
WASL	5	1.31421163517628e-05	0.826015005851296	0.45	0.261	0.236728941844303
ATRN	5	1.31977972603279e-05	1.24043051976121	0.252	0.115	0.237731922050287
TAF1	5	1.33487856817494e-05	1.10342958965541	0.306	0.155	0.240451676485352
RBM6	5	1.34761343304941e-05	0.801805291689782	0.459	0.272	0.24274560769519
SLC25A24	5	1.35836486262458e-05	0.965126567386318	0.297	0.142	0.244682262704565
CHMP1A	5	1.36510093741173e-05	0.818568821368433	0.405	0.225	0.245895631855974
CLTA	5	1.37907720321205e-05	0.464288967537123	0.865	0.755	0.248413176614586
YTHDF1	5	1.38193810049472e-05	1.05659133919415	0.279	0.131	0.248928510042114
ARL4A	5	1.38471467685583e-05	0.812531028148495	0.523	0.332	0.24942865474204
COX5A	5	1.39723876235544e-05	0.763175187317288	0.604	0.423	0.251684618263085
TFPI	5	1.42167485589942e-05	0.729961598391145	0.586	0.398	0.256086291793163
HMGB2	5	1.43809952232784e-05	0.552847831814339	0.495	0.298	0.259044866956915
MAML1	5	1.44473393832452e-05	1.02052765045046	0.288	0.138	0.260239924310397
BCL3	5	1.44505551851884e-05	1.13078176142258	0.315	0.162	0.260297850550798
MTCH2	5	1.46320551245478e-05	0.893464228011742	0.387	0.211	0.263567208958479
CDKN1A	5	1.4683011610792e-05	0.607677220508072	0.757	0.608	0.264485088145196
EIF3F	5	1.49558745809155e-05	0.519267030757289	0.856	0.733	0.269400168826031
HINT1	5	1.53732638163512e-05	0.32812169332188	0.955	0.922	0.276918601123934
ZNF532	5	1.54905378666833e-05	1.32080393622523	0.297	0.149	0.279031058592567
SF3B1	5	1.56415010177741e-05	0.473195404249546	0.829	0.724	0.281750357833165
DCAF5	5	1.64210254148446e-05	1.12504664139225	0.288	0.142	0.295791930797596
BCLAF1	5	1.6442839935107e-05	0.462276823728347	0.739	0.558	0.296184875751083
SKI	5	1.65194536155617e-05	0.823930582403879	0.441	0.258	0.297564917977113
RBM15B	5	1.65813424522296e-05	1.04898180563303	0.297	0.146	0.298679721592012
MED16	5	1.66452267355769e-05	0.858097185555071	0.351	0.182	0.299830469187948
CCT4	5	1.67198467442329e-05	0.724338066196552	0.631	0.465	0.301174599403866
NAP1L1	5	1.6794220697377e-05	0.457884333719651	0.874	0.78	0.302514297421852
PPP6R3	5	1.6810863373065e-05	0.787755866683191	0.396	0.217	0.30281408193902
KDM5A	5	1.73165230659561e-05	0.698480908000145	0.45	0.256	0.311922529987067
GSTO1	5	1.74274188761831e-05	0.619321370481016	0.721	0.58	0.313920096216686
EIF2S1	5	1.76464055033066e-05	0.755440145488227	0.432	0.246	0.317864702331063
RPL7	5	1.76647439376239e-05	0.308028034806784	0.982	0.98	0.318195032548419
RPL34	5	1.76968995903239e-05	0.30809543497204	1	1	0.318774252320504
CHIC2	5	1.785185026767e-05	0.758021884153882	0.468	0.276	0.32156537887154
NSMCE4A	5	1.78775926108545e-05	0.966062194896031	0.333	0.174	0.322029075699322
RUVBL2	5	1.82247291896186e-05	1.028961747461	0.27	0.126	0.3282820468926
TM7SF3	5	1.82646884092057e-05	0.989887058110612	0.342	0.18	0.329001832315022
IPO9	5	1.87042050025273e-05	1.20577140488621	0.27	0.131	0.336918844710524
CNIH1	5	1.88513343131989e-05	0.72825574203418	0.523	0.329	0.339569084983651
SLC25A46	5	1.90234997358218e-05	1.09841151488878	0.297	0.149	0.342670300741358
TMUB2	5	1.9080253564688e-05	0.917354848219764	0.36	0.193	0.343692607460726
SKAP2	5	1.93690527609465e-05	0.524647220772489	0.586	0.376	0.348894747382929
RABL6	5	1.99348129503894e-05	0.819475891527763	0.351	0.182	0.359085785675364
WDR82	5	2.01140972711215e-05	0.784703926806387	0.405	0.225	0.362315234144711
ZC3H15	5	2.0446123446738e-05	0.692093412800702	0.568	0.365	0.368296021646091
HBS1L	5	2.05507776397475e-05	1.14489975732181	0.261	0.122	0.370181157624772
EIF4EBP2	5	2.09811097705196e-05	0.785528559604426	0.414	0.228	0.377932730296369
SMEK1	5	2.16480720468172e-05	0.745986819233533	0.387	0.209	0.389946721779318
BIRC2	5	2.17633612710412e-05	0.648355020997944	0.568	0.372	0.392023426575266
SCAP	5	2.18018828701381e-05	0.991496310972269	0.297	0.147	0.392717316139798
TJP2	5	2.18536848746095e-05	1.07453117852673	0.297	0.151	0.393650425646341
BRAF	5	2.20334618636683e-05	1.03052904260796	0.279	0.134	0.396888748550257
MAD2L2	5	2.20481535990592e-05	0.911884546109339	0.324	0.165	0.397153390779853
TMEM147	5	2.23838154060158e-05	0.617111184297302	0.604	0.395	0.403199666908562
MTPN	5	2.24878374330846e-05	0.766101401474298	0.514	0.329	0.405073415682154
RPL23	5	2.26253221222444e-05	0.351753243336194	0.964	0.945	0.407549927387988
PRKCDBP	5	2.29324658809969e-05	0.551371497311379	0.73	0.599	0.413082507914398
UBLCP1	5	2.29949006515926e-05	1.02649471725079	0.378	0.215	0.414207145437138
PSMA6	5	2.30954752415137e-05	1.06563647879716	0.27	0.128	0.416018795525387
ATP2A2	5	2.32613475688201e-05	0.812145251537096	0.577	0.376	0.419006653757156
MRPS12	5	2.37191527751133e-05	0.786324705003411	0.423	0.242	0.427253098938116
MRPL9	5	2.38601939189229e-05	0.973032952399731	0.297	0.146	0.429793673061558
OSMR	5	2.40220360848224e-05	0.869332902756148	0.414	0.236	0.432708935995906
SYMPK	5	2.50616628185422e-05	0.945281755989447	0.315	0.159	0.451435732350401
WBSCR22	5	2.52078974397469e-05	0.712696826934268	0.495	0.3	0.454069856582161
TMEM43	5	2.57576225810676e-05	0.717321347533275	0.523	0.327	0.463972055552771
C16orf52	5	2.58231943861789e-05	0.863333833921218	0.342	0.179	0.465153200478241
CNOT2	5	2.58392098854031e-05	0.605380227361825	0.495	0.287	0.465441687665765
PDIA5	5	2.62307592858024e-05	1.06398768428526	0.306	0.157	0.472494667015159
DCP2	5	2.66860463716614e-05	0.939381154549762	0.324	0.17	0.480695753292738
GNAI3	5	2.68910441234106e-05	0.710666821899845	0.523	0.322	0.484388377794995
ZNF638	5	2.7064771475491e-05	0.718166924410596	0.514	0.324	0.487517728588019
MED4	5	2.71862485886842e-05	0.748654554338066	0.523	0.335	0.489705895827968
FGD5-AS1	5	2.72722576150788e-05	0.652901152944427	0.477	0.285	0.491255176420415
LARP4	5	2.75731675296942e-05	0.985554045856926	0.36	0.201	0.496675466712382
SRSF10	5	2.76884964802982e-05	0.823930582403879	0.378	0.207	0.498752887099612
UBE2D3	5	2.82451048838885e-05	0.427511123951272	0.856	0.751	0.508779074273483
PSMB5	5	2.83703773022195e-05	0.696945709895835	0.64	0.472	0.511035606344879
BRD9	5	2.84794753508714e-05	1.1591449173256	0.306	0.161	0.513000789495247
COMMD4	5	2.89012889820412e-05	0.917241756278846	0.441	0.269	0.520598918433509
WSB1	5	2.90314112641505e-05	0.467145716179245	0.91	0.811	0.522942811101143
NCK2	5	2.93130567353724e-05	0.961135707190284	0.279	0.133	0.528016090974263
POLR2B	5	2.94388718658544e-05	0.725938903506892	0.432	0.248	0.530282398919636
AGPAT2	5	2.94821418948352e-05	1.16288805646762	0.387	0.234	0.531061821951666
SMU1	5	3.00982720200226e-05	0.790254539774019	0.378	0.207	0.542160173896666
ZCCHC11	5	3.1381180926902e-05	0.983223327829601	0.405	0.244	0.565269212036285
ALYREF	5	3.21165308549455e-05	0.843782588620115	0.432	0.257	0.578515070290134
KDM1A	5	3.22006884693134e-05	1.04735366524932	0.279	0.137	0.580031001397743
RPS5	5	3.22245293846658e-05	0.309502831214327	1	0.993	0.580460447805986
TNKS2	5	3.22990096806264e-05	0.71758973094785	0.432	0.253	0.581802061377123
BUB3	5	3.29101460933309e-05	0.776172527846161	0.405	0.229	0.592810461579169
CNTLN	5	3.30999549462123e-05	1.14970074358564	0.252	0.119	0.596229488446123
SLC27A3	5	3.33986014338284e-05	1.35985558981648	0.288	0.15	0.601609007627551
TGFB1	5	3.35019703484192e-05	0.514158059761535	0.55	0.331	0.603470991886075
SNRPC	5	3.36948396472562e-05	0.742403655811334	0.423	0.244	0.606945146566026
COL21A1	5	3.39808298345836e-05	0.437227240974072	0.396	0.204	0.612096687810354
EMC8	5	3.41193375479411e-05	1.22301120540808	0.288	0.149	0.614591627251064
NUB1	5	3.41638889814882e-05	0.916358022688647	0.36	0.196	0.615394132223548
GIT2	5	3.42291487613667e-05	0.980563393006098	0.288	0.142	0.616569656638498
TPD52L2	5	3.44028108948797e-05	1.02256775690527	0.351	0.192	0.619697832649469
KIF5B	5	3.4473297741565e-05	0.651006532005812	0.712	0.552	0.62096751221881
ATP5J	5	3.47620789533096e-05	0.438195779491843	0.928	0.844	0.626169328185966
FBXL3	5	3.49833456706675e-05	0.826388325827732	0.36	0.194	0.630155005565734
ERAP2	5	3.5109615945806e-05	1.19459375332989	0.297	0.155	0.632429512031804
HMG20B	5	3.54574301816289e-05	0.82628165311957	0.369	0.203	0.638694689861682
YIPF3	5	3.54843153940397e-05	0.668733564606094	0.595	0.414	0.639178973192837
NDUFS2	5	3.58044872400117e-05	0.696773464133543	0.541	0.354	0.644946228654331
PSMD13	5	3.58787863868452e-05	0.612399297148167	0.532	0.334	0.646284579186243
SPSB3	5	3.6731867777233e-05	0.534550812269326	0.505	0.293	0.661651134271299
STIM2	5	3.68814750043619e-05	0.897337814875804	0.333	0.176	0.664346009253571
FAM177A1	5	3.7286755192555e-05	0.609026674149856	0.577	0.363	0.671646321283494
NCOA3	5	3.76240489558619e-05	0.773657375922655	0.378	0.208	0.67772199384194
UBXN1	5	3.77009542500822e-05	0.573811424627882	0.694	0.539	0.67910728890673
ARPC1B	5	3.7902263368539e-05	0.302021170916858	0.964	0.886	0.682733470057494
CTDSP2	5	3.80221695381975e-05	0.821170616556713	0.468	0.289	0.684893339891551
NDUFA10	5	3.90021741034557e-05	0.661528539676576	0.532	0.345	0.702546162125548
SIRPA	5	3.93207284772504e-05	0.853651280523879	0.342	0.181	0.708284282060712
ATP6V1A	5	3.95399909025458e-05	1.00389391610449	0.306	0.158	0.712233856127558
FAM178A	5	3.9749349173225e-05	1.04498225246307	0.279	0.139	0.716005026657303
PIN4	5	4.05701932439898e-05	0.608764221400344	0.55	0.35	0.730790890903988
KRAS	5	4.07953247305118e-05	0.561798037964086	0.459	0.263	0.734846184370709
DUSP11	5	4.09113414388282e-05	0.977165817009233	0.288	0.144	0.736935993337612
WRB	5	4.1248489158091e-05	1.09604061042603	0.279	0.14	0.743009035204694
CDC16	5	4.16719674136637e-05	1.0721032554615	0.306	0.16	0.750637149022325
OAZ2	5	4.17515534509688e-05	0.655468019040052	0.45	0.263	0.752070732312301
LSM2	5	4.1820068240306e-05	0.801671752092252	0.468	0.292	0.753304889212632
NTPCR	5	4.24943538046007e-05	1.08669809432499	0.306	0.162	0.765450795082272
HSPA4	5	4.25725281853122e-05	0.904778086533757	0.387	0.225	0.766858950202028
CCNB1IP1	5	4.27307325885717e-05	1.0636460967281	0.288	0.147	0.769708686117942
HRAS	5	4.29442604014018e-05	0.914908106945928	0.342	0.186	0.773554962610451
FBXO21	5	4.3041614268919e-05	0.977396113927415	0.279	0.137	0.775308597826038
SCAF8	5	4.41463353766482e-05	1.18671993301644	0.27	0.136	0.795207939139565
HPRT1	5	4.47130141241808e-05	0.755925248062027	0.414	0.237	0.805415523418868
UGGT1	5	4.48487811328766e-05	1.16767417732589	0.279	0.141	0.807861094546506
NUPL2	5	4.48801447131946e-05	0.878275067492701	0.315	0.163	0.808426046718775
STRA13	5	4.61628542736711e-05	0.729905053381089	0.414	0.237	0.831531494031637
RAPH1	5	4.661475711612e-05	0.871517701317392	0.396	0.231	0.83967161993267
CDC34	5	4.66503902252394e-05	1.15451775988341	0.252	0.121	0.840313479127238
RP11-427H3.3	5	4.74375133769747e-05	1.16590146150889	0.261	0.126	0.854491928459445
TAX1BP1	5	4.74539568396294e-05	0.551435847321019	0.586	0.382	0.854788124552244
NHP2	5	4.85202375990116e-05	0.715554421359087	0.559	0.382	0.873995039870997
ETNK1	5	4.86260329076655e-05	0.805629765660935	0.423	0.252	0.875900730765778
EIF3D	5	4.92411294366016e-05	0.60167206319908	0.667	0.511	0.886980464541504
RPF1	5	4.9588554961724e-05	0.926059776051929	0.279	0.137	0.893238640525534
RLIM	5	5.0294955350975e-05	1.22662472023618	0.306	0.164	0.905963030737113
NUMB	5	5.05416414972995e-05	0.764688746020869	0.432	0.254	0.910406588290857
C11orf48	5	5.06030153367575e-05	0.794975373196271	0.387	0.22	0.911512115261013
ZMAT2	5	5.09088945801323e-05	0.755925248062027	0.405	0.231	0.917021918071923
SMG1	5	5.10401200789871e-05	0.493100368775822	0.55	0.345	0.919385682982794
TM2D3	5	5.12949483928411e-05	0.794630766711678	0.405	0.235	0.923975905400246
ZDHHC12	5	5.17517780973201e-05	1.10663202169375	0.252	0.121	0.932204778867027
PNPLA2	5	5.18284535592473e-05	0.869229927889694	0.36	0.2	0.933585933962722
SSRP1	5	5.21149035161679e-05	0.979470442165274	0.306	0.161	0.938745757036733
ITGAV	5	5.27533108309298e-05	0.638979896251484	0.532	0.338	0.950245387997538
TCF7L2	5	5.31229252224079e-05	0.856428365194452	0.333	0.18	0.956903252031233
ENAH	5	5.49422442005677e-05	0.575285220934094	0.45	0.267	0.989674644784825
ALDH9A1	5	5.51406990433386e-05	0.54075636016336	0.514	0.307	0.993249411867659
POLR2G	5	5.53846570677338e-05	0.842782764078401	0.405	0.238	0.99764382776109
CASC3	5	5.54914230101421e-05	0.980269055549015	0.288	0.147	0.999567002681689
RRP7A	5	5.60197806141389e-05	0.898739170052417	0.297	0.151	1
LIPA	5	5.62957327992589e-05	0.515119767152138	0.432	0.247	1
HIBCH	5	5.63128282678668e-05	0.880360640737562	0.36	0.2	1
GPR124	5	5.7290979009699e-05	1.01493218755694	0.306	0.163	1
CPSF3L	5	5.73556953417005e-05	0.881332893448801	0.36	0.204	1
SMARCA2	5	5.73856247100522e-05	0.667238156292997	0.441	0.258	1
SQRDL	5	5.87116313632667e-05	1.10478359730138	0.27	0.137	1
TUSC2	5	5.87837755046409e-05	0.853135202878995	0.333	0.178	1
KPNB1	5	5.97937244849752e-05	0.609026674149856	0.55	0.368	1
GAPVD1	5	6.08863535840736e-05	0.908586956008764	0.306	0.159	1
LMNA	5	6.1061122885045e-05	0.268968128247954	0.973	0.909	1
ANKRD50	5	6.1293612862403e-05	1.0492988466278	0.27	0.134	1
CDC5L	5	6.1446919743541e-05	1.18125258382644	0.297	0.16	1
PPP2R4	5	6.14546508317616e-05	0.888958149259831	0.342	0.189	1
ATP5G2	5	6.16123293391762e-05	0.297723744808719	0.955	0.901	1
NSD1	5	6.23024560837213e-05	0.803790765997154	0.378	0.214	1
PRKAR1A	5	6.25465771881183e-05	0.682371181325283	0.712	0.627	1
LIN7C	5	6.35539181597326e-05	0.965926065905471	0.315	0.168	1
WBP2	5	6.37886930637766e-05	0.797517119873615	0.387	0.223	1
SP3	5	6.45911004292617e-05	0.633944306354185	0.45	0.266	1
POLK	5	6.46738650058644e-05	0.583112592277984	0.432	0.247	1
TMTC3	5	6.485190868983e-05	1.07661292461022	0.279	0.143	1
RB1	5	6.50756708670708e-05	0.334412962025559	0.45	0.256	1
KANSL1	5	6.53707507154261e-05	0.943891206444792	0.342	0.189	1
PTBP2	5	6.57767643266756e-05	0.83162497419388	0.306	0.158	1
NUP160	5	6.58925993967467e-05	1.17557937541124	0.252	0.123	1
TRAPPC6B	5	6.60744890393978e-05	0.995952286019524	0.288	0.147	1
CENPB	5	6.61762073084628e-05	1.15215848700949	0.297	0.16	1
MATR3	5	6.65031415796465e-05	0.515436852489634	0.757	0.613	1
TBPL1	5	6.65387890248748e-05	1.02883474406808	0.279	0.141	1
EXOC3	5	6.77743263594156e-05	1.03471683957139	0.27	0.134	1
ID3	5	6.82882743419364e-05	0.443947938307029	0.757	0.629	1
B4GALT5	5	6.84209715892845e-05	1.02186996001579	0.279	0.143	1
HSD17B11	5	6.90993972079497e-05	0.618905919121508	0.568	0.386	1
TOMM22	5	7.03254500647488e-05	0.636831429672907	0.468	0.277	1
CUL4A	5	7.04556148392453e-05	1.00760264575845	0.288	0.149	1
ACTR3	5	7.09326871441186e-05	0.472038753247993	0.775	0.635	1
KCMF1	5	7.15320255994377e-05	0.847449941355562	0.369	0.209	1
EMC3	5	7.20567474703563e-05	0.700555908568591	0.468	0.289	1
PACS2	5	7.20983578032336e-05	1.0636460967281	0.288	0.149	1
CDK16	5	7.26397668760315e-05	0.940559345747044	0.279	0.14	1
TMEM160	5	7.27325909403106e-05	0.492561647693801	0.514	0.307	1
SIKE1	5	7.33925574542713e-05	0.871517701317392	0.36	0.202	1
TRIM22	5	7.33947403897509e-05	0.490365401054583	0.586	0.37	1
CPNE3	5	7.3727054497413e-05	0.517619441999824	0.532	0.334	1
KMT2C	5	7.403313519317e-05	0.740408456635356	0.468	0.289	1
TOMM20	5	7.44258377120888e-05	0.429545900726667	0.829	0.675	1
TBC1D4	5	7.45099681795091e-05	1.0972848494345	0.27	0.138	1
MRPS2	5	7.4531718639063e-05	0.986722557958553	0.27	0.134	1
XRCC6	5	7.45999783394837e-05	0.60907771571847	0.658	0.475	1
NFATC3	5	7.52113753806806e-05	1.10342958965541	0.297	0.158	1
RP11-349A22.5	5	7.61406513032828e-05	0.60681698922758	0.441	0.258	1
MED17	5	7.85037815793087e-05	1.06398768428526	0.252	0.123	1
REPIN1	5	7.92372610801419e-05	1.08942273166153	0.252	0.123	1
SMURF2	5	7.96350591366731e-05	1.03540171736298	0.306	0.165	1
IRAK4	5	8.23844787143983e-05	0.991848574443898	0.252	0.122	1
MFAP1	5	8.28672963363354e-05	0.961135707190284	0.279	0.142	1
NFATC2IP	5	8.32096263792366e-05	0.979229087912785	0.288	0.148	1
RBM26	5	8.32627328703919e-05	0.668339170114603	0.45	0.271	1
SMEK2	5	8.38812333938743e-05	0.738206277263774	0.387	0.223	1
MTURN	5	8.69489605974906e-05	1.07875298911831	0.279	0.144	1
PRPF31	5	8.77621526358076e-05	0.772148495780381	0.396	0.232	1
SBNO1	5	8.80274489820118e-05	0.994439586473002	0.315	0.171	1
TMEM54	5	8.936755701871e-05	1.14478285945351	0.279	0.146	1
ZC3H14	5	9.00196131547284e-05	0.996684220464376	0.279	0.143	1
IPO5	5	9.00402252185743e-05	0.864791838129079	0.387	0.239	1
GLRX3	5	9.24321678909095e-05	0.819962056668299	0.396	0.234	1
DBNL	5	9.24700790006542e-05	0.554090998664971	0.514	0.319	1
RC3H2	5	9.38743322236119e-05	0.908586956008764	0.306	0.161	1
MTMR6	5	9.46343333691036e-05	0.991251308841955	0.315	0.171	1
GPCPD1	5	9.52609399448568e-05	0.718805143859575	0.459	0.283	1
MAN1A2	5	9.54562348915255e-05	0.694121450443945	0.423	0.251	1
CINP	5	9.58623111261029e-05	0.872555238248762	0.306	0.162	1
CCNC	5	9.76368793693789e-05	0.862819595797474	0.369	0.214	1
C19orf43	5	9.87625236790381e-05	0.382792655813965	0.856	0.748	1
RRN3	5	9.89164470565951e-05	0.947433426844496	0.261	0.129	1
AGFG1	5	9.91036230434101e-05	0.642147175330167	0.396	0.228	1
AARS	5	0.000101245611488714	0.914087134385853	0.288	0.15	1
CUL4B	5	0.000101951351380887	0.923081130424378	0.288	0.149	1
AP1G1	5	0.000102111088874589	0.890385382722536	0.297	0.156	1
ASCC2	5	0.000102794977543517	0.920765476382416	0.315	0.173	1
KIAA1430	5	0.000102846044930852	0.79958072098813	0.477	0.308	1
AASDHPPT	5	0.000103116147818593	0.897213315821457	0.324	0.178	1
MCTS1	5	0.000104172494038448	0.72424143882028	0.505	0.331	1
KIAA1143	5	0.000105107989694569	0.941345341430277	0.279	0.143	1
AK3	5	0.000105488575487738	0.794630766711678	0.45	0.288	1
ADSL	5	0.0001057153893773	1.01803809842476	0.288	0.153	1
UBE2K	5	0.000109426866489519	0.547502181475296	0.495	0.311	1
SLC25A32	5	0.000110435437999455	0.924734378585361	0.261	0.129	1
WIPF2	5	0.000110783464770031	1.06010215799131	0.261	0.133	1
NR2F6	5	0.000111547589945941	0.972487510033729	0.306	0.166	1
EMP2	5	0.000111696329846216	0.630408418636035	0.468	0.293	1
SRGAP2	5	0.000112113188333501	0.651646308087644	0.432	0.262	1
ZMYND8	5	0.000113033390077212	1.19768509469006	0.261	0.137	1
TMEM183A	5	0.000114516496936067	0.959542449114617	0.324	0.181	1
RFXANK	5	0.000114669895204474	0.883209471758812	0.324	0.179	1
PHIP	5	0.00011497712152598	0.544893838887792	0.523	0.336	1
TEAD1	5	0.000115209210825543	0.498738582079588	0.432	0.255	1
ATMIN	5	0.000116043669657466	0.948664395384099	0.27	0.138	1
SF3A3	5	0.000116242839237638	0.869174712510278	0.342	0.191	1
VAPA	5	0.000117613102456732	0.397187936342158	0.865	0.767	1
MRPL28	5	0.00011877895008512	0.704022742090326	0.423	0.256	1
EDF1	5	0.000119384329173862	0.274492747956728	0.973	0.957	1
GTF2E2	5	0.000120289699995794	1.04530017842922	0.261	0.133	1
C19orf66	5	0.000120418490062231	0.628091580108748	0.405	0.237	1
SMARCC2	5	0.000120708904418523	0.973643979066307	0.261	0.131	1
TAF1D	5	0.000120729205614813	0.591716070964888	0.586	0.388	1
HNRNPR	5	0.000121638039922642	0.561007396941022	0.631	0.462	1
SETD5	5	0.00012210775251827	0.73646774115354	0.36	0.202	1
KIAA0368	5	0.000122370852326561	1.00329510109501	0.306	0.17	1
SECISBP2L	5	0.000122596898983091	0.265965611868347	0.396	0.23	1
HARS	5	0.000123030695579879	0.94313328941087	0.27	0.137	1
SEPT9	5	0.000123821747898471	0.586184628374824	0.505	0.323	1
INTS10	5	0.000125863692195029	0.795027820530309	0.342	0.19	1
EIF4G3	5	0.000126617744110614	0.911025543380246	0.405	0.258	1
CCAR1	5	0.000127327185297642	0.716868563704196	0.396	0.234	1
PDCL3	5	0.000131947097799701	0.818568821368433	0.297	0.158	1
NUDCD3	5	0.000132342063830761	0.890385382722536	0.306	0.165	1
RREB1	5	0.000133133310753825	0.988757304692747	0.261	0.133	1
MED21	5	0.000135843854337997	0.740859510270697	0.369	0.211	1
TLE1	5	0.000136949484245891	1.06730889188272	0.252	0.127	1
SMTN	5	0.000137000031556804	0.648680849611083	0.297	0.153	1
NCBP2	5	0.000137246114267439	0.609232552857432	0.45	0.275	1
DHX29	5	0.000137894723287588	0.72940146560209	0.378	0.217	1
TNRC6B	5	0.000140435786311094	0.532982573544792	0.667	0.496	1
PYURF	5	0.000140851231397271	0.56290741134861	0.649	0.492	1
MRPL11	5	0.00014127975119607	0.707788390649896	0.477	0.31	1
WBP11	5	0.000141347460274867	0.826490822722443	0.36	0.208	1
IMPDH2	5	0.000142268628805502	0.644893935673283	0.486	0.312	1
C5orf42	5	0.000142628741914046	0.817125404498764	0.315	0.171	1
KCTD3	5	0.000144270859627474	0.795201565944006	0.279	0.141	1
TMA16	5	0.000144631623707443	0.89077286024236	0.315	0.175	1
GIGYF2	5	0.000144735680089033	0.993376044190492	0.324	0.183	1
MPV17	5	0.000146612428792162	0.621407266803534	0.405	0.237	1
PCBP1	5	0.000149660717763804	0.37213790034561	0.838	0.749	1
ZMPSTE24	5	0.00015112609042544	0.656105956278344	0.396	0.231	1
KXD1	5	0.000151438530974755	0.840698557819342	0.378	0.234	1
USP14	5	0.000152099050565287	0.652982755650458	0.432	0.26	1
RMDN1	5	0.000153391274141766	0.986722557958553	0.252	0.127	1
RECQL	5	0.000158464738878892	0.647950049756036	0.486	0.31	1
FRMD4A	5	0.000159632794025292	0.657420245374331	0.252	0.122	1
RALGAPA1	5	0.000159959112445604	0.792996293303218	0.396	0.243	1
FRMD4B	5	0.000160454923744702	0.478142145431672	0.45	0.262	1
EIF2AK2	5	0.00016063763890187	0.709437535184391	0.459	0.293	1
GLYR1	5	0.000161765808563697	0.927120971422239	0.306	0.17	1
CCDC14	5	0.000162005202616719	0.858097185555071	0.342	0.197	1
ATXN7L3B	5	0.000164380892495999	0.823096702812494	0.333	0.188	1
ZNF281	5	0.000166538399416489	0.661006202581483	0.342	0.187	1
BFAR	5	0.000168398053524902	0.754485576212302	0.36	0.208	1
PPP2R5C	5	0.000168653783818865	0.548691010922381	0.423	0.252	1
KIAA0430	5	0.000169072482453153	0.887700898599968	0.252	0.125	1
NDUFC2	5	0.000170218099927879	0.320745234008026	0.865	0.793	1
COPB1	5	0.000170496542885116	0.596853318295773	0.613	0.424	1
ZNF83	5	0.000171005681559617	0.876019093552333	0.369	0.22	1
IFRD2	5	0.000171134622665886	1.00874035384267	0.315	0.181	1
C17orf85	5	0.000171311797636049	0.912544969577447	0.279	0.146	1
ACTR1A	5	0.000171422308894044	0.906749712792128	0.315	0.173	1
HELZ	5	0.000172659275768119	0.715196299217273	0.378	0.219	1
MRPS16	5	0.000172949183059332	0.731945969954765	0.423	0.262	1
POGZ	5	0.000174149900408317	0.701648187078829	0.369	0.214	1
UBQLN1	5	0.000177221375123044	0.797389926129571	0.378	0.224	1
MED28	5	0.00017724280610955	0.724016000107283	0.396	0.239	1
DCAF8	5	0.000178680275633449	0.819187870955657	0.315	0.173	1
SEPHS1	5	0.000179823533493306	1.00977048244116	0.261	0.136	1
DHX30	5	0.000179860921809145	0.840203959082663	0.333	0.188	1
COX5B	5	0.000182233675678869	0.334086966082269	0.937	0.855	1
MTR	5	0.000182447385394797	0.965434014386073	0.279	0.148	1
JOSD1	5	0.00018258314351193	0.652456128507947	0.396	0.234	1
SLC30A9	5	0.000182613120796398	0.888367485979978	0.27	0.139	1
TRNAU1AP	5	0.000184537299157687	0.981914652899658	0.261	0.134	1
SUPT5H	5	0.000188320871163043	0.90403346972193	0.333	0.193	1
IMP3	5	0.000188722074354194	0.65523772212187	0.459	0.291	1
POLD2	5	0.000189108423398679	0.778944657517702	0.342	0.193	1
IRF2BPL	5	0.000194740015182738	0.947287449404233	0.342	0.202	1
NAA20	5	0.000194840442569746	0.610169672111485	0.523	0.356	1
EHMT1	5	0.000195369323289843	0.758021884153882	0.279	0.144	1
CREBRF	5	0.000196080947409926	0.676773518439799	0.423	0.267	1
ATP5B	5	0.000196817765302253	0.432597329825567	0.802	0.708	1
SOX4	5	0.000197674601412304	0.371636308929758	0.495	0.314	1
GTF3C6	5	0.000198353177449483	0.49697402786661	0.55	0.358	1
ZDHHC24	5	0.000199962622407272	0.930654350129179	0.279	0.149	1
SCAF11	5	0.000201550871536044	0.66984356584066	0.658	0.475	1
SLC40A1	5	0.000202671013071485	0.497742609251269	0.378	0.22	1
CDKN1C	5	0.000203308867133492	0.578982174206681	0.486	0.312	1
CPSF7	5	0.000206445748872765	0.999029983657677	0.27	0.144	1
NNT	5	0.000208241414295742	1.11680566598607	0.252	0.131	1
UBE2J1	5	0.000209184857278279	0.789114678877919	0.441	0.295	1
RILPL2	5	0.000209662506952421	0.315390241852544	0.423	0.247	1
SEC61A1	5	0.000209975862516002	0.497724237640441	0.577	0.391	1
MITD1	5	0.000210031065146088	0.907727953279671	0.315	0.177	1
CIAO1	5	0.000210331985188881	0.892211127054919	0.306	0.168	1
UBE2Q2	5	0.00021096849215538	0.879861159846727	0.324	0.185	1
DNAJC13	5	0.000211523773176901	1.02671598949676	0.297	0.165	1
RRP15	5	0.000212075440342118	0.853051532005206	0.288	0.153	1
NDUFC1	5	0.000212231014316921	0.400285662585936	0.766	0.599	1
RABAC1	5	0.000213253637353697	0.320189407875864	0.919	0.801	1
RPE	5	0.000215570522252943	0.978173637546822	0.252	0.128	1
SNRPG	5	0.000216557537123477	0.407478506606252	0.829	0.692	1
TRIM27	5	0.000218955601784835	0.780094673553798	0.288	0.152	1
MBTPS1	5	0.000219631035850872	0.452807662827789	0.495	0.304	1
DCAF7	5	0.000220969697584672	0.969128497943815	0.306	0.173	1
NSRP1	5	0.000221721272580446	0.536991373414899	0.468	0.292	1
GIPC1	5	0.00022465758674197	0.781195547350739	0.342	0.196	1
RC3H1	5	0.000226746270687954	0.83162497419388	0.315	0.177	1
GADD45A	5	0.000226913482849004	0.382449524633637	0.577	0.37	1
ZYG11B	5	0.000231192104423883	0.815323161864779	0.306	0.168	1
OXA1L	5	0.000235043488691647	0.841749191467587	0.306	0.168	1
TCTN3	5	0.000237647797947629	0.759987100105223	0.369	0.211	1
GANAB	5	0.000237656781048402	0.599643150479378	0.505	0.324	1
NOP56	5	0.00023806904100645	0.58725786260017	0.459	0.286	1
DDX1	5	0.000241059878911344	0.689318379359194	0.405	0.245	1
RAB11B	5	0.000244025184161515	0.573643796086371	0.514	0.337	1
QRICH1	5	0.000244033455506697	1.0583958360409	0.252	0.131	1
MAGOH	5	0.000246520555780293	0.54198876391182	0.559	0.391	1
RBM27	5	0.000247110272578699	0.872555238248762	0.297	0.16	1
SFXN3	5	0.000249404187901697	0.955666238137252	0.252	0.129	1
NUDT5	5	0.000249529614764505	0.710175268921838	0.405	0.252	1
TM9SF3	5	0.000249835554833243	0.544979469443607	0.703	0.552	1
ENDOD1	5	0.00025048251801433	0.590616874690085	0.333	0.185	1
FBRS	5	0.000252394241534981	0.898739170052417	0.279	0.15	1
ZNF358	5	0.000254469119302243	0.869099679612543	0.297	0.163	1
NTN4	5	0.000256250822655797	0.864791838129079	0.288	0.156	1
ARID5A	5	0.000257035865022169	1.03758380014191	0.36	0.225	1
CHMP2A	5	0.000260634471277539	0.435859231404151	0.784	0.639	1
SEL1L	5	0.000262799290350328	0.802309407369324	0.405	0.25	1
PSMD11	5	0.000266431621418143	0.67160571572473	0.432	0.272	1
KIAA0020	5	0.000267367600988477	0.808274486916499	0.306	0.169	1
ORC4	5	0.000267643506397618	0.823451042748179	0.27	0.14	1
BRK1	5	0.000268112808782318	0.354303196660693	0.82	0.747	1
SNRPD3	5	0.000268678642672371	0.483701670773573	0.676	0.526	1
PQLC1	5	0.000273747117984937	0.719514607872342	0.414	0.257	1
RBM42	5	0.000274751638781093	0.662856998269424	0.423	0.268	1
PCMTD1	5	0.000277858732366244	0.722142033341891	0.559	0.41	1
EIF3L	5	0.000279725494006243	0.448621302554749	0.712	0.583	1
ANKRD17	5	0.000282361831842937	0.641074300259611	0.36	0.208	1
PHF3	5	0.000284353092466342	0.644518812989067	0.495	0.33	1
MIS18BP1	5	0.000291268587444308	0.708168420347879	0.369	0.218	1
DHRS7	5	0.000294017239827244	0.464307419980266	0.577	0.39	1
FKBP4	5	0.00029545391684344	0.925407120514497	0.279	0.151	1
SEPHS2	5	0.000295605288843623	0.777742133218582	0.315	0.178	1
USP22	5	0.000296522077945119	0.565982894733931	0.459	0.29	1
ANKRD40	5	0.000298538245127657	0.935357761288571	0.279	0.15	1
KATNBL1	5	0.000305068343705259	0.571277509481647	0.432	0.265	1
SLC25A6	5	0.00031087942524661	0.379490675785439	0.856	0.819	1
MAPK1IP1L	5	0.000311164862633508	0.746736076607367	0.486	0.348	1
FIBP	5	0.000313314009041711	0.603479025627135	0.514	0.353	1
ZFAND6	5	0.000317242689550429	0.703164761071349	0.477	0.328	1
ZNF207	5	0.000317460001486241	0.479378338077932	0.685	0.488	1
ATP11B	5	0.000323208108119224	0.955121639949936	0.288	0.159	1
TSG101	5	0.000325901046215108	0.782205420149605	0.396	0.252	1
AGPAT1	5	0.000327248827821322	0.768775324866155	0.351	0.209	1
STK38L	5	0.000327894228631615	0.503464925595003	0.441	0.266	1
MYH10	5	0.000328946045611211	0.757624392750103	0.297	0.162	1
HDGF	5	0.000329263965984878	0.636553158856944	0.405	0.246	1
SZRD1	5	0.000329724349812171	0.580742126754969	0.423	0.26	1
HDAC2	5	0.000332375367636594	0.668516634293544	0.414	0.26	1
TMX1	5	0.000333331269972584	0.622952856809775	0.423	0.265	1
PHB2	5	0.000334138767204381	0.541248320160991	0.667	0.542	1
ANAPC13	5	0.000334846154324796	0.859504006769316	0.414	0.277	1
NUBP2	5	0.000337542126027663	0.67962188074883	0.405	0.251	1
NEMF	5	0.000340123596757224	0.616612083223029	0.405	0.247	1
ARL6IP6	5	0.000340252873996433	0.85535962298624	0.288	0.158	1
FXR1	5	0.000351798412584876	0.631014975315514	0.495	0.328	1
CEBPG	5	0.000353159432004973	0.940559345747044	0.297	0.169	1
MOB4	5	0.000354594021251747	0.634631729553397	0.459	0.299	1
TFAM	5	0.00035583580292885	0.788556252301994	0.297	0.164	1
CSNK2B	5	0.000358578368719784	0.660013596123681	0.523	0.385	1
SLC25A3	5	0.000359337432782534	0.316192642944042	0.955	0.904	1
SDHAF2	5	0.000362284359016046	0.935035299275407	0.315	0.186	1
HTRA2	5	0.000368857206439821	0.953186954074793	0.27	0.147	1
TRIP11	5	0.000369032425449455	0.76484667939411	0.432	0.275	1
UBE2G1	5	0.00036908315200981	0.827772648698273	0.27	0.144	1
DAZAP2	5	0.000373692519255196	0.478191689381294	0.595	0.414	1
MCMBP	5	0.000375113802353487	0.987275844654074	0.288	0.16	1
HIST1H2AC	5	0.000376794114733973	0.951641071214974	0.261	0.141	1
MBD2	5	0.000386367910063776	0.713999290195367	0.396	0.248	1
SEC23A	5	0.000387115302134016	0.548181608369688	0.459	0.292	1
SAV1	5	0.00038728617702071	0.542863743241717	0.423	0.265	1
SRPK2	5	0.000388482843913059	0.67902584891185	0.342	0.197	1
ARF3	5	0.000392296250418844	0.612257706075094	0.441	0.281	1
SNRPD1	5	0.000394315813648989	0.582453221741832	0.622	0.475	1
LSMD1	5	0.000395276145293988	0.533679538642011	0.757	0.665	1
RPS19BP1	5	0.000396585649461449	0.567266387412704	0.649	0.522	1
PAIP1	5	0.000397578450853624	0.646410101726972	0.468	0.308	1
RIOK3	5	0.000399992773590395	0.733338928300903	0.351	0.208	1
KNOP1	5	0.000405725141638509	0.941345341430277	0.261	0.14	1
RASA2	5	0.000409584092423773	0.693494055330387	0.297	0.162	1
TOP2B	5	0.000411299898186486	0.626867400959446	0.414	0.256	1
SRF	5	0.00041581955588616	1.14130947332649	0.252	0.139	1
BECN1	5	0.000416654087289937	0.9004157478598	0.297	0.17	1
LSM14A	5	0.000421470801326903	0.70421680486935	0.432	0.272	1
LATS1	5	0.000426536128357591	1.01925197736965	0.27	0.149	1
APOPT1	5	0.000431189028773601	0.662333706581608	0.369	0.22	1
RPL7L1	5	0.000435448507754235	0.646151551653738	0.396	0.244	1
NAA38	5	0.000440316828904014	0.543035810155975	0.64	0.483	1
IMPACT	5	0.000445874052210517	0.873445149888507	0.27	0.146	1
SRFBP1	5	0.000448154544636435	0.954481721979413	0.315	0.185	1
PTBP1	5	0.000451313100628104	0.650117886438746	0.532	0.38	1
MMADHC	5	0.000453008334664117	0.573498341124218	0.432	0.271	1
YBX1	5	0.000453133694991372	0.275616011215201	0.991	0.965	1
NADK	5	0.000461763265077863	0.814470253154813	0.288	0.157	1
LUC7L	5	0.000463550037723788	0.909257041966416	0.351	0.217	1
BTBD7	5	0.000463744260627379	0.841948417462641	0.324	0.192	1
VMA21	5	0.000463873934202088	0.710553740300721	0.378	0.234	1
CAND1	5	0.000473627211933318	0.503464925595003	0.477	0.301	1
SYF2	5	0.000477630855472171	0.453761399546434	0.631	0.457	1
POLR1D	5	0.000478540075577147	0.52764501836117	0.586	0.416	1
ZNF292	5	0.000479019256073619	0.583697460750294	0.477	0.321	1
BAG1	5	0.000489754842731927	0.599643150479378	0.477	0.315	1
APH1A	5	0.000492975329209162	0.485058224743658	0.532	0.356	1
BTF3	5	0.000494020874273848	0.27933122557068	1	0.981	1
ZFAND1	5	0.000495819742239052	0.678079715940424	0.378	0.231	1
MTA1	5	0.000508760020105773	0.865652377994074	0.288	0.162	1
PPP1R12C	5	0.000513395237620772	0.88212445620152	0.27	0.147	1
FILIP1L	5	0.000514124656884827	0.559573695002652	0.55	0.409	1
TMEM259	5	0.000516864479700549	0.496943019838047	0.541	0.36	1
STAT5B	5	0.000524687958378975	0.868150850218994	0.288	0.162	1
SNX1	5	0.00053340163181405	0.786712552318305	0.333	0.199	1
ADRM1	5	0.000533857968706834	0.733801021279862	0.495	0.359	1
BID	5	0.000535320816233522	0.452878747306673	0.324	0.181	1
ANKRD10	5	0.00054236741819997	0.556346972605339	0.559	0.389	1
VPS25	5	0.00054833007353834	0.686832189949388	0.423	0.272	1
RTCA	5	0.000548336537293398	1.01669418119587	0.252	0.138	1
OPA1	5	0.000548832352022757	0.841749191467587	0.288	0.162	1
NFYC	5	0.000554232453239803	0.848113096982449	0.252	0.133	1
TMEM189	5	0.000559395078177278	0.88330912948281	0.252	0.134	1
EVA1B	5	0.000561254874992724	0.444227387708561	0.64	0.428	1
MIB1	5	0.000561552807239636	0.733574828532128	0.36	0.222	1
TLK1	5	0.000568545493788678	0.837100104260031	0.324	0.195	1
LINC00116	5	0.000575280272558781	0.624300000946373	0.541	0.39	1
CLDN11	5	0.000578823610376625	0.876019093552333	0.315	0.182	1
KLF13	5	0.000582467645013896	0.54933523015486	0.396	0.243	1
IGF2	5	0.000582967867934411	1.46793435491526	0.396	0.253	1
SGSM3	5	0.000586045188004706	0.762417698839636	0.297	0.168	1
ZNF148	5	0.00058839481077253	0.714268023555721	0.396	0.254	1
IL13RA1	5	0.000588844979951342	0.352049884128921	0.495	0.317	1
HSD17B4	5	0.000590399337060601	0.857069990751343	0.342	0.209	1
API5	5	0.000591861237273443	0.893179644710516	0.27	0.15	1
DUSP22	5	0.000593139778745603	0.893721095285792	0.288	0.163	1
DCUN1D3	5	0.000597320688746577	0.797677642270542	0.306	0.174	1
SDCCAG8	5	0.00059842939730032	0.686597916484223	0.36	0.219	1
ASXL2	5	0.000603762561221998	0.780094673553798	0.252	0.133	1
ZDHHC5	5	0.000608150078561235	0.796859556033203	0.306	0.176	1
DCTN2	5	0.000612168638409408	0.530699150310742	0.514	0.347	1
PPP6R2	5	0.000620185724139481	0.83162497419388	0.297	0.171	1
RAB6A	5	0.000627229047848047	0.4790251835641	0.477	0.307	1
DNM2	5	0.000638340343185309	0.807973706129234	0.297	0.171	1
CORO1C	5	0.000638434613676912	0.913846062442625	0.369	0.236	1
GIGYF1	5	0.000646329151503902	0.944606178809746	0.252	0.137	1
NSUN6	5	0.00065093084836157	0.61518559591181	0.27	0.144	1
COX14	5	0.00065390600982749	0.471972378191466	0.613	0.464	1
ESF1	5	0.000662399417651197	0.655058627709017	0.45	0.322	1
MOB1A	5	0.000665291566760548	0.415350702408184	0.622	0.434	1
C16orf80	5	0.000668300130431051	0.719514607872342	0.333	0.196	1
ANO6	5	0.00067346535554625	0.660728787901099	0.414	0.264	1
LTC4S	5	0.00068134686429366	0.39772844766372	0.351	0.205	1
EIF6	5	0.000681477366212564	0.57223834537523	0.55	0.385	1
TCF12	5	0.000684170313409055	0.720429008182395	0.387	0.244	1
C21orf59	5	0.00068850292024217	0.798521532394788	0.324	0.194	1
RICTOR	5	0.000688503026471607	0.876921059846726	0.306	0.179	1
RBM22	5	0.000702087656158191	0.637381342026006	0.324	0.187	1
RPP30	5	0.00071464185133415	0.927509408742076	0.279	0.16	1
DOCK11	5	0.000714699549208155	0.965434014386073	0.261	0.146	1
COBLL1	5	0.000715343154111269	0.67752493991325	0.315	0.185	1
FNDC3A	5	0.000717285891765224	0.696731988906329	0.423	0.279	1
STIP1	5	0.000726637408857398	0.777432873830283	0.297	0.17	1
CIAPIN1	5	0.00072684856256508	0.916513871780392	0.27	0.152	1
NLRP1	5	0.000732007142955966	0.83517404127495	0.261	0.143	1
RALY	5	0.000736677435118328	0.602503203850216	0.477	0.319	1
SAFB	5	0.000737904393161426	0.857445708894242	0.297	0.172	1
TIMM10	5	0.000738848650455778	0.489135556824201	0.532	0.351	1
DENND4C	5	0.000739291453862759	0.91051633782877	0.279	0.161	1
BCAP29	5	0.000750148048983946	0.528555906557833	0.532	0.373	1
C17orf62	5	0.00076658118494132	0.59408906659689	0.441	0.286	1
EMC4	5	0.000767700399208893	0.526486537270369	0.477	0.309	1
CDK13	5	0.000776684167242797	0.780760891548038	0.288	0.164	1
MRPL4	5	0.000778978428784384	0.539990801620116	0.432	0.274	1
HMGN1	5	0.000785343129238861	0.284755075718247	0.883	0.796	1
CTC-503J8.6	5	0.000813717115374599	0.940559345747044	0.261	0.146	1
WDR6	5	0.000818060086959118	0.557933064959365	0.36	0.216	1
NSMF	5	0.000819181800403348	0.813009296026533	0.261	0.144	1
RPL17	5	0.000820758621647411	0.495446878446672	0.73	0.655	1
GDF15	5	0.000821063882928996	0.720830635366918	0.252	0.138	1
CLSTN1	5	0.000821248223919562	0.755781216210373	0.387	0.249	1
LCMT1	5	0.000829175099664151	0.855670448160531	0.261	0.144	1
LEPROT	5	0.00083639355729976	0.497423906045871	0.721	0.607	1
ZDHHC17	5	0.000836592918299937	0.628091580108748	0.342	0.205	1
ANXA4	5	0.000841183045353609	0.432650462871918	0.622	0.462	1
FBXW2	5	0.000859675296576177	0.892211127054919	0.297	0.176	1
RGS3	5	0.000864545799090183	0.328192358969322	0.405	0.252	1
UBE3C	5	0.000876993027294854	0.907141611048114	0.288	0.168	1
SETD3	5	0.000888769022089476	0.861068752086362	0.27	0.151	1
DNM1L	5	0.000888863246752568	0.542595359827141	0.387	0.239	1
METTL23	5	0.000889581439476476	0.611576493325731	0.369	0.227	1
FDXR	5	0.000895084463604612	0.860422238501314	0.288	0.168	1
ACLY	5	0.000902119943371949	0.634098646556621	0.387	0.243	1
POLR2E	5	0.00090720878710976	0.523431632859018	0.486	0.331	1
COPS5	5	0.000929408691473716	0.660081694353185	0.387	0.25	1
GPS1	5	0.000948302622509243	0.68993832371898	0.297	0.17	1
RRAGA	5	0.000966228651714519	0.390891860410972	0.586	0.389	1
CPSF2	5	0.000968288723093429	0.885800114344918	0.27	0.153	1
KIAA1033	5	0.000978952626942677	0.668619386691358	0.378	0.245	1
MAGT1	5	0.000989473319931889	0.683726279081566	0.414	0.274	1
CORO1B	5	0.000998343040781367	0.556530044116388	0.468	0.32	1
TMEM50B	5	0.000999068896883286	0.566004320208472	0.486	0.329	1
CYTH2	5	0.00100975877038894	0.760837056704453	0.333	0.205	1
PSMD12	5	0.00101442788436063	0.770110584981176	0.342	0.211	1
QTRT1	5	0.0010243278029417	0.590616874690085	0.405	0.26	1
NCLN	5	0.00102589493068776	0.867845162106633	0.252	0.137	1
CCDC124	5	0.00105422542427428	0.509696879306518	0.396	0.244	1
RBCK1	5	0.00105642607047033	0.455191948662324	0.486	0.327	1
HNRNPC	5	0.00107781827735529	0.266027798339655	0.829	0.728	1
DLGAP4	5	0.00107978866452999	0.939492263567561	0.324	0.203	1
ARFGEF1	5	0.00108782763927436	0.795361430207108	0.324	0.201	1
PDXDC1	5	0.00108873343744337	0.837216822438234	0.315	0.194	1
CCDC25	5	0.00109002466504941	0.710175268921838	0.378	0.245	1
ARFRP1	5	0.00109144729785861	0.772959397250975	0.324	0.199	1
FRG1	5	0.00111664566841398	0.601757432295285	0.378	0.235	1
MAP1LC3B	5	0.00111925112817536	0.520133740430379	0.685	0.572	1
PSMA4	5	0.00114620081452526	0.38693641581935	0.739	0.599	1
MMAB	5	0.00114892067313497	0.892862603715748	0.261	0.148	1
PRPF38B	5	0.00114978992620673	0.413570635791448	0.505	0.329	1
CDK10	5	0.00115892554751501	0.741894813537868	0.27	0.152	1
SRP72	5	0.00117000282629111	0.683157280832862	0.459	0.32	1
DPY19L4	5	0.00117503006043785	0.902786003115118	0.252	0.14	1
AAED1	5	0.00117612576951077	0.558954410584011	0.387	0.244	1
PCM1	5	0.00117670737296627	0.473682914948582	0.514	0.35	1
UFC1	5	0.00118343680959767	0.439980293344255	0.676	0.547	1
GPR108	5	0.0011927696425973	0.619763220349601	0.369	0.231	1
WDR13	5	0.00120301781127474	0.559511274449224	0.414	0.267	1
ZBTB44	5	0.00121667402332406	0.828895181438307	0.315	0.191	1
ZNF800	5	0.00122450800048167	0.700380440915627	0.306	0.18	1
STK24	5	0.00124599214708396	0.900501778751677	0.279	0.164	1
ATG5	5	0.00126462793794489	0.824149853631733	0.27	0.155	1
LAMB2	5	0.00127661108101865	0.256532717496785	0.739	0.536	1
RN7SL1	5	0.00128934538675083	0.472113696498361	0.378	0.236	1
CLK4	5	0.00129305840480094	0.870099122008515	0.27	0.156	1
NOC2L	5	0.00130217016808923	0.911884546109339	0.279	0.165	1
FAM208B	5	0.00130278670065078	0.742357636096792	0.324	0.198	1
LARP1	5	0.00130864228413821	0.632845110079382	0.387	0.247	1
PDCD2	5	0.00131400451154242	0.666565727923383	0.369	0.234	1
NUDCD2	5	0.00132285053088748	0.552374526075949	0.45	0.304	1
ANXA11	5	0.00132415394473307	0.537472927214554	0.64	0.504	1
CCNT1	5	0.00132460647416986	0.882474115689633	0.27	0.158	1
SUPT20H	5	0.00133416550308551	0.770634344304731	0.288	0.17	1
ILF2	5	0.00134207678820341	0.470322640972373	0.586	0.428	1
ABCD3	5	0.00134287718052926	0.732635879562513	0.252	0.14	1
DDX39A	5	0.00136071180155498	0.7012931058462	0.342	0.216	1
EMC6	5	0.00136408686215593	0.49573422626847	0.36	0.217	1
ACER3	5	0.00136676350783335	0.734327772838965	0.297	0.175	1
ZHX1	5	0.00137261826812968	0.541804625337141	0.315	0.184	1
FAM13B	5	0.00137420258174786	0.758021884153882	0.252	0.139	1
BPTF	5	0.00138407052373853	0.494476142367748	0.532	0.373	1
EPB41L3	5	0.00140416914223579	0.592980012058566	0.315	0.189	1
NDUFB6	5	0.00142619059128058	0.6110809772498	0.459	0.319	1
CTSC	5	0.00143218315284677	0.686280838326868	0.577	0.467	1
UBE2D2	5	0.00143375387474303	0.406603386342414	0.64	0.482	1
MED10	5	0.00143962038516805	0.537696560414302	0.477	0.329	1
DPP7	5	0.00144698951935722	0.323461134402066	0.676	0.482	1
UBA1	5	0.00145436373390453	0.572537752876749	0.414	0.274	1
GNA12	5	0.00147888207380216	0.827986397130532	0.27	0.156	1
AEBP2	5	0.00148158644942878	0.858097185555071	0.261	0.149	1
LASP1	5	0.00148260365119676	0.537045309972438	0.423	0.278	1
SDHC	5	0.00148396459578941	0.587307939659509	0.441	0.305	1
SSBP3	5	0.00148520930476051	0.601327354772085	0.36	0.225	1
CCSER2	5	0.00150406525462007	0.683726279081566	0.333	0.207	1
PSMD3	5	0.001505016705419	0.725459416976952	0.342	0.219	1
C1orf43	5	0.00150684296047429	0.576637162195054	0.486	0.348	1
SERINC1	5	0.00150877539565515	0.418761846149373	0.748	0.612	1
ARPC4	5	0.00151198468585462	0.424976235850569	0.568	0.409	1
MIEN1	5	0.00151905259756052	0.834011567030758	0.351	0.234	1
TOR1AIP2	5	0.00154244296047942	0.600741091963792	0.423	0.286	1
GADD45GIP1	5	0.00154894525359015	0.428037495658574	0.703	0.566	1
NUTM2A-AS1	5	0.00156672276445782	0.87924299442662	0.288	0.175	1
HNRNPH2	5	0.00157829492528662	0.709977526597249	0.396	0.265	1
EIF4EBP1	5	0.0015786676235177	0.614424263797629	0.351	0.219	1
GLTP	5	0.00157964988077439	0.74991032440251	0.288	0.17	1
TBC1D5	5	0.00158570146388473	0.79355693336036	0.333	0.212	1
DNMT1	5	0.00160736540874348	0.9004157478598	0.279	0.166	1
GTF2A2	5	0.00162514549357411	0.351881785527221	0.703	0.516	1
TIMM8B	5	0.00162516351165591	0.429003636093	0.676	0.532	1
PTAR1	5	0.00162550065661985	0.88373700671317	0.279	0.167	1
MIDN	5	0.00165299400380521	0.459515101937285	0.613	0.512	1
SLC26A2	5	0.00166385138959997	1.722889334653	0.252	0.151	1
C8orf33	5	0.00166994717528687	0.812084787798234	0.288	0.174	1
THOC2	5	0.00167154420241462	0.620518360403947	0.459	0.313	1
AIDA	5	0.00167683374530463	0.787230854835426	0.378	0.253	1
STAU1	5	0.00168635978810522	0.60477841211382	0.423	0.29	1
IFNAR1	5	0.00168846541618246	0.642399416792631	0.441	0.308	1
PPCS	5	0.00168972033642068	0.502852771118485	0.45	0.307	1
FEM1B	5	0.00169233565701171	1.00565437396893	0.279	0.171	1
HSBP1	5	0.00170633251374919	0.363071965588034	0.766	0.678	1
COX17	5	0.00171144876066276	0.416587474915036	0.586	0.423	1
CTNNBIP1	5	0.00171258571319158	1.19152091928026	0.27	0.162	1
EWSR1	5	0.00171735290374874	0.435565149729302	0.523	0.359	1
USP9X	5	0.00172102814832916	0.392677497078176	0.495	0.329	1
OTUB1	5	0.00172178088216068	0.706094092110021	0.297	0.176	1
MAPK1	5	0.00177577730274465	0.609818181053372	0.414	0.282	1
TCEA2	5	0.00178137802058702	0.522382138937633	0.396	0.256	1
EIF2S3	5	0.00178162185892124	0.519267030757289	0.532	0.374	1
SREK1IP1	5	0.00179506326585546	0.679354244157599	0.351	0.221	1
ITFG3	5	0.00180820314756143	0.937419638216476	0.252	0.146	1
EMC1	5	0.00180876414279926	0.762128127024349	0.27	0.156	1
MRPL47	5	0.00181801375093628	0.467175773682694	0.459	0.306	1
WASH4P	5	0.00182132962868862	0.316682400506672	0.514	0.333	1
PANK3	5	0.00182548263722326	0.694412287062385	0.306	0.185	1
TSNAX	5	0.00182782955053023	0.669568216084907	0.36	0.232	1
SFSWAP	5	0.00183113826810235	0.678613355687914	0.297	0.178	1
SCAMP1	5	0.00183537283015505	0.649510563743653	0.351	0.225	1
AHSA1	5	0.00184125916068713	0.526985768502373	0.423	0.278	1
PTOV1	5	0.00185817601377498	0.485895884186485	0.36	0.223	1
SNX3	5	0.00187125532498403	0.371991283276556	0.937	0.896	1
EIF4H	5	0.00188301927532202	0.450593358961634	0.523	0.361	1
HNRNPF	5	0.00188993771742477	0.309100182121787	0.802	0.694	1
LTN1	5	0.00190285663751743	0.866134504620489	0.315	0.199	1
EIF3A	5	0.00190723016431806	0.438343132141739	0.64	0.506	1
TSN	5	0.00190909984731446	0.83162497419388	0.297	0.182	1
FBXO9	5	0.00192869170826802	0.715196299217273	0.351	0.231	1
ITGB3BP	5	0.00193003773988155	0.761803524696309	0.252	0.143	1
PER3	5	0.00193376903807171	0.67962188074883	0.27	0.156	1
ZSWIM8	5	0.00194291881633963	0.723372083541856	0.27	0.157	1
UBR2	5	0.00194633396676985	0.891125985942541	0.279	0.168	1
MMP28	5	0.00194856241281677	0.717321347533275	0.27	0.157	1
VPS35	5	0.0019652885079471	0.492823060742121	0.459	0.315	1
ZNF593	5	0.00198026475641633	0.538563605808091	0.459	0.31	1
PSMA2.1	5	0.0019829902403813	0.483701670773573	0.586	0.449	1
MKKS	5	0.00199239695287028	0.535293403210845	0.45	0.299	1
ADNP	5	0.00199683549327921	0.665830221896293	0.36	0.235	1
U2SURP	5	0.00202248085276283	0.515271749774442	0.55	0.407	1
RABEP1	5	0.00203671589910351	0.775558911773121	0.279	0.168	1
PRKACA	5	0.00205083528035701	0.663968616437344	0.333	0.209	1
CAPN2	5	0.0020911982553754	0.57223834537523	0.541	0.414	1
CDC123	5	0.00209215392766982	0.699667822950587	0.378	0.25	1
GMPS	5	0.00212950238127791	0.575285220934094	0.306	0.182	1
TAF11	5	0.00213512981105493	0.668339170114603	0.333	0.209	1
PPP1R18	5	0.00213594805066557	0.647200403056452	0.351	0.222	1
PDCD6	5	0.00217034734505417	0.405788808922454	0.667	0.539	1
PLEKHB2	5	0.00217977041723445	0.567195986288333	0.342	0.21	1
ZFAND3	5	0.00218927717593653	0.720141866595654	0.315	0.197	1
MRPL15	5	0.00219458918163057	0.664617456133861	0.315	0.194	1
KDM2A	5	0.00220534076717447	0.610936859069681	0.333	0.205	1
VPS4A	5	0.0022058591849741	0.93621387547108	0.261	0.156	1
TOPORS	5	0.00222824106894012	0.654005580961567	0.27	0.156	1
SMAD9	5	0.00222964149168757	0.709634449815269	0.261	0.15	1
PMF1	5	0.00223096978409735	0.722967910674417	0.306	0.186	1
DLD	5	0.00223315533659139	0.714506331926221	0.315	0.193	1
RNF168	5	0.00224784184389076	0.75646761462514	0.261	0.152	1
TMEM50A	5	0.00226798640799657	0.439243166943798	0.793	0.714	1
DYNLT1	5	0.00227315729035216	0.408012739177026	0.667	0.538	1
AHR	5	0.00227719619356508	0.31787174741682	0.793	0.658	1
PSMD2	5	0.00228007365189177	0.599767191036098	0.45	0.321	1
SMARCA5	5	0.0022884370117471	0.516555981169173	0.514	0.378	1
NOL11	5	0.00230246442821267	0.835377109054987	0.252	0.147	1
CPSF6	5	0.00230934470717488	0.6717053665651	0.297	0.178	1
PNO1	5	0.00231944525195578	0.776483420001419	0.261	0.153	1
NAP1L4	5	0.00232733359198993	0.55925270378075	0.396	0.26	1
CPNE1	5	0.00234228330901319	0.453386046346101	0.486	0.341	1
CYHR1	5	0.00235410722375276	0.574564469404719	0.387	0.254	1
PITPNB	5	0.00238467609177596	0.612984687718539	0.405	0.275	1
CDC73	5	0.00238500655522483	0.719899891635051	0.279	0.166	1
PSMB7	5	0.00238532068339121	0.408982317393867	0.577	0.402	1
DTYMK	5	0.00241278299234635	0.667824075182303	0.261	0.15	1
MAP4K4	5	0.00241948938322032	0.518467088934249	0.423	0.284	1
NET1	5	0.00245566405129984	0.807428263763233	0.261	0.157	1
MBOAT7	5	0.00245713394071827	0.685629989550305	0.27	0.157	1
DNAJA2	5	0.00246182203913416	0.440200032136986	0.459	0.312	1
ENO1	5	0.00251873177134415	0.326181929923964	0.91	0.86	1
EIF3I	5	0.00251939789251594	0.531474619597622	0.631	0.517	1
DEAF1	5	0.00252839924196738	0.699240421068958	0.279	0.166	1
DDX42	5	0.00254509889661765	0.511716046943169	0.387	0.249	1
SF3A1	5	0.00254816659350001	0.720830635366919	0.297	0.183	1
PHC3	5	0.00256770079947244	0.458784038569243	0.324	0.195	1
CSNK2A2	5	0.00257023517298101	1.12469820640906	0.261	0.16	1
CLOCK	5	0.00257327593257526	0.770634344304731	0.279	0.169	1
C3orf58	5	0.00259042548265872	0.526610262242864	0.279	0.162	1
EIF2AK4	5	0.00259683835191596	0.641963754690305	0.324	0.203	1
TNRC18	5	0.00262131921534621	0.599894688278096	0.342	0.217	1
ST13	5	0.00265463776781434	0.318838573439612	0.802	0.737	1
CCDC6	5	0.00265774017427643	0.778444936334705	0.306	0.197	1
SLC30A5	5	0.0026680995222975	0.692181785254766	0.315	0.197	1
ETHE1	5	0.00272005463857815	0.554090998664971	0.342	0.214	1
RNF181	5	0.00272684421314188	0.515572186060595	0.514	0.382	1
UBALD2	5	0.00273231184240923	0.399990964384341	0.378	0.242	1
PAPD4	5	0.00273630314302174	0.643358336762058	0.324	0.205	1
MYCBP2	5	0.002740479214451	0.368822833719282	0.595	0.446	1
SUGP2	5	0.00277082989689842	0.689020578751079	0.297	0.183	1
TAZ	5	0.00278500401723953	0.721200984500229	0.252	0.145	1
CXCL12	5	0.00282552158172303	1.70991580306243	0.568	0.469	1
CLPX	5	0.0028631328090814	0.809314812468791	0.252	0.147	1
XPO1	5	0.00287323044076135	0.546895497260767	0.45	0.314	1
CTSA	5	0.0028952597012095	0.317865389453293	0.694	0.536	1
KRIT1	5	0.00291223659396496	0.577769995134481	0.324	0.199	1
STK11	5	0.00292460819829213	0.766036632566303	0.297	0.183	1
MRPL18	5	0.00293486704301039	0.318363938826912	0.486	0.321	1
ARHGDIA	5	0.00299050406715487	0.325479656487777	0.766	0.653	1
YY1	5	0.00300246116465342	0.39860973398598	0.541	0.397	1
BBC3	5	0.00301029804573611	0.697105308882766	0.27	0.162	1
KLF3	5	0.00305191151325473	0.670470182379299	0.369	0.245	1
PA2G4	5	0.00305317862458482	0.440632948881687	0.568	0.439	1
COQ9	5	0.00305843074175662	0.892862603715748	0.252	0.15	1
NR1H2	5	0.00307640612152416	0.570934508828385	0.396	0.268	1
PRDX1	5	0.00309324759919218	0.279155778853792	0.982	0.919	1
PIP4K2A	5	0.0030947493918722	0.719821075221533	0.288	0.177	1
PPA2	5	0.00310258174612852	0.744983105503616	0.315	0.205	1
SF3B4	5	0.00313534118603547	0.617284825152165	0.324	0.204	1
MRPL42	5	0.00316646204524236	0.385854347375428	0.45	0.3	1
NUDT3	5	0.0032165491600572	0.435359427594645	0.586	0.436	1
IDH3B	5	0.00322271519189129	0.512083472143395	0.351	0.221	1
ATP6V1C1	5	0.00323563926065744	0.747914267804648	0.27	0.162	1
CYSTM1	5	0.0032425313957437	0.582547444714199	0.495	0.358	1
UBA5	5	0.00324325598954681	0.893179644710516	0.252	0.151	1
HADHA	5	0.00325146813002925	0.521146900050055	0.532	0.406	1
KHDRBS1	5	0.00325517319738013	0.615707855652915	0.559	0.458	1
TGOLN2	5	0.00326337612118219	0.495197309611402	0.568	0.437	1
APPBP2	5	0.00328141244096283	0.746736076607367	0.288	0.181	1
XRN1	5	0.00333298470785012	0.692797269496563	0.378	0.257	1
SF3B2	5	0.00338364873044364	0.456642658549152	0.495	0.361	1
C7orf50	5	0.00339969633420735	0.329795654626044	0.586	0.424	1
APPL1	5	0.00340164498489013	0.414631277949709	0.468	0.323	1
UBE3A	5	0.00340198262452482	0.590616874690085	0.378	0.253	1
DESI2	5	0.00342404786882603	0.634144250231006	0.324	0.203	1
ILF3	5	0.00343388709511264	0.573524972626197	0.423	0.303	1
GALNT10	5	0.00347413603517627	0.709437535184391	0.261	0.154	1
MAPK14	5	0.00347492231422418	1.03232232443101	0.252	0.155	1
TM2D2	5	0.0034899569565347	0.638676330749914	0.369	0.243	1
MRPL24	5	0.00349311760968082	0.789617447672304	0.279	0.174	1
ANP32B	5	0.00356874664697951	0.450399695622745	0.568	0.425	1
VPS13B	5	0.00358985926574223	0.655019907515751	0.27	0.161	1
CHTOP	5	0.00368225799227471	0.664753296729121	0.306	0.194	1
YWHAG	5	0.00369497468021099	0.563872019457556	0.441	0.317	1
RTCB	5	0.00370052165268206	0.571021394614848	0.342	0.22	1
USP3	5	0.00370397835533602	0.662116395049419	0.261	0.154	1
PSMC4	5	0.0037044574142091	0.603000599145917	0.378	0.257	1
NDUFV1	5	0.00371601998443341	0.499101764067318	0.477	0.34	1
FADS3	5	0.00373476171803766	0.762485273960419	0.288	0.179	1
DCAF6	5	0.00376940194411641	0.590616874690085	0.261	0.153	1
AFTPH	5	0.0037709686667307	0.600160647360956	0.261	0.154	1
WAC	5	0.00377317202342733	0.494175002003081	0.495	0.347	1
PCSK7	5	0.00381090863961332	0.311769301481471	0.378	0.247	1
SAP30	5	0.00382832173327542	0.390891860410972	0.306	0.187	1
ITPR2	5	0.00387320391577682	0.801877630799828	0.288	0.181	1
NT5C3A	5	0.00387525176034508	0.655970612684184	0.261	0.155	1
WDR83OS	5	0.00388049518497691	0.288647684205239	0.847	0.728	1
RAB4A	5	0.0038907765241012	0.494043614995032	0.387	0.258	1
GID8	5	0.0039404942041355	0.772091650884261	0.279	0.175	1
SFPQ	5	0.00397143744993576	0.262952410253578	0.901	0.78	1
NDUFB9	5	0.00398237693159805	0.430262411812112	0.631	0.471	1
HERC4	5	0.00399676963591749	0.568144534953877	0.342	0.222	1
GLOD4	5	0.00400381484582128	0.632845110079382	0.342	0.222	1
NDUFA12	5	0.00402180475319922	0.422111150333107	0.631	0.504	1
TWF1	5	0.00402246691572316	0.673463087870054	0.342	0.226	1
COA3	5	0.00403289877016111	0.524343655270919	0.396	0.267	1
ZEB1	5	0.00403895027058397	0.453386046346101	0.45	0.312	1
NPHP3	5	0.00404907135868666	0.590616874690085	0.324	0.204	1
MRPS34	5	0.00411455420027836	0.466367059768296	0.459	0.313	1
GNPTAB	5	0.00412837314376687	0.64017997537868	0.288	0.179	1
PHF11	5	0.00413003611867557	0.760219305970989	0.288	0.184	1
SSH2	5	0.00413542626430754	0.600442304546158	0.27	0.162	1
SCOC	5	0.00413677914908535	0.392936206850391	0.495	0.353	1
NSL1	5	0.00414444148818239	0.668469019810104	0.306	0.195	1
ATP5A1	5	0.00416569938478788	0.35160973950274	0.64	0.497	1
SARS	5	0.00417605332102292	0.494842228378773	0.45	0.312	1
TMX2	5	0.00418284557447859	0.463237568213857	0.369	0.239	1
DNAJC7	5	0.00418640833651187	0.590616874690085	0.387	0.26	1
LSM4	5	0.00418727418249471	0.469842822213185	0.477	0.34	1
TMEM167B	5	0.00427431609491366	0.660081694353185	0.279	0.171	1
C14orf166	5	0.0042959419354162	0.315810639837187	0.802	0.706	1
MDM4	5	0.00429730337684188	0.284976958714471	0.495	0.341	1
GGCT	5	0.0043300262254499	0.537259975438693	0.369	0.243	1
ELP6	5	0.00434850449730723	0.775996105340177	0.27	0.167	1
NUS1	5	0.00439610841731795	0.655970612684184	0.261	0.155	1
PTPRA	5	0.00440468388112608	0.275302521516625	0.532	0.363	1
COMMD10	5	0.00442161148190423	0.691143750644049	0.297	0.189	1
ATXN2L	5	0.00445318468233	0.543035810155975	0.306	0.186	1
ASXL1	5	0.00448782582306625	0.321430241874696	0.396	0.253	1
GRPEL1	5	0.00450744140102797	0.601396713443327	0.261	0.155	1
DGCR6L	5	0.00450807843243651	0.420155854277873	0.378	0.245	1
PLEKHM2	5	0.00454004616565267	0.703482878653483	0.315	0.205	1
EBNA1BP2	5	0.00454982843749143	0.956637553760618	0.279	0.184	1
CAP1	5	0.00455199608485848	0.344099915906841	0.622	0.476	1
CHD4	5	0.00455704098690107	0.694689328837771	0.369	0.259	1
SHARPIN	5	0.00455962214672165	0.618167585407871	0.396	0.284	1
BMP1	5	0.00456610941828444	0.348137688038444	0.405	0.265	1
HEBP1	5	0.00457402125567403	0.478381338840309	0.423	0.287	1
ZCCHC10	5	0.00460401381824084	0.610936859069681	0.27	0.163	1
BOD1L1	5	0.00460646574665715	0.430849788507838	0.459	0.319	1
SBF2	5	0.00464148137116633	0.747741789468512	0.279	0.174	1
ATXN3	5	0.00465007904483929	0.749486687623401	0.306	0.195	1
MKLN1	5	0.00473856488850481	0.417566568974256	0.441	0.303	1
COPZ1	5	0.00474975203306043	0.510719221412053	0.486	0.359	1
ZNF721	5	0.00476436185219444	0.727467742902588	0.252	0.151	1
STRAP	5	0.00480411394920457	0.409515426239534	0.622	0.517	1
MOCS2	5	0.00480942328426486	0.536169090667708	0.414	0.281	1
CUL3	5	0.00481348626987072	0.487259490186762	0.396	0.266	1
NAIP	5	0.00481961791902804	0.374767299220409	0.333	0.206	1
GCA	5	0.00484671541945297	0.270955386774667	0.333	0.204	1
KIAA2013	5	0.0048527340099359	0.653287732935367	0.288	0.18	1
TMEM115	5	0.00492132273348547	0.711569222176172	0.315	0.207	1
PUS7L	5	0.0049488371288046	0.596319234054268	0.306	0.194	1
MRPS25	5	0.00496964949821534	0.577146234892637	0.324	0.209	1
BMS1	5	0.00497818537729813	0.824356973729841	0.252	0.156	1
BAZ1A	5	0.00504961938950457	0.434051380656521	0.351	0.225	1
PLXNB2	5	0.00506830639665038	0.350218665299321	0.477	0.324	1
TRIM28	5	0.00508337198439353	0.44258268344798	0.514	0.382	1
SESN3	5	0.00514131551576297	0.72927887953082	0.477	0.376	1
MED19	5	0.00514912525796228	0.726852652276818	0.261	0.161	1
MCUR1	5	0.00520730770427357	0.633231218750465	0.288	0.18	1
NHP2L1	5	0.00521079188658257	0.396089164598478	0.703	0.63	1
PPP2R3C	5	0.00521801193308967	0.563800209644899	0.315	0.201	1
REST	5	0.00522359616662932	0.660375791804185	0.306	0.198	1
C6orf89	5	0.00524067952288904	0.577619534161212	0.36	0.242	1
RANBP1	5	0.00530316077914021	0.362139690892659	0.694	0.602	1
SLC2A4RG	5	0.00535530484301109	0.472296907501323	0.45	0.317	1
SNAPIN	5	0.00550086579672682	0.696110003537399	0.279	0.175	1
SMC5	5	0.00551892027445356	0.469895871248542	0.378	0.254	1
IBTK	5	0.00557803903766928	0.551371497311379	0.369	0.252	1
MED15	5	0.00558943408002862	0.879491285459138	0.252	0.155	1
EVL	5	0.00560231602593503	0.425598716210005	0.432	0.312	1
ARFIP1	5	0.00566640361903622	0.609232552857432	0.279	0.172	1
TFDP1	5	0.00567372757413608	0.753922617200636	0.306	0.199	1
SPPL3	5	0.00575137152440462	0.802770111521695	0.297	0.196	1
C11orf83	5	0.00583909004195233	0.775699559595887	0.306	0.202	1
SNRNP40	5	0.00584244054972623	0.539086574050003	0.378	0.261	1
GTPBP6	5	0.00584856206016346	0.624995666815783	0.333	0.224	1
PRELID1	5	0.00585927424066198	0.28196113689576	0.784	0.685	1
FOXC1	5	0.00588357814610812	0.294818511627376	0.432	0.288	1
ARID4A	5	0.00588453841536826	0.514952604758012	0.297	0.185	1
TSR3	5	0.00588755844903194	0.537306414369407	0.36	0.239	1
TTC17	5	0.00591003127354408	0.485684757052675	0.369	0.247	1
RSL1D1	5	0.0059302864076379	0.463237568213857	0.577	0.444	1
NREP	5	0.00600962764521084	0.623631931918048	0.252	0.153	1
RAD23B	5	0.00601830496541093	0.41236288905331	0.432	0.303	1
AHCTF1	5	0.00604903309962443	0.697532078606596	0.288	0.184	1
ZMYM4	5	0.00615888627254561	0.818885862363202	0.27	0.174	1
STRN3	5	0.00615923398044878	0.611412838962117	0.315	0.206	1
MGAT1	5	0.00616415977125452	0.335505427086419	0.613	0.458	1
KDM5B	5	0.00618171295972824	0.647200403056452	0.252	0.152	1
TRAPPC2P1	5	0.00621539178488879	0.622678083922383	0.279	0.174	1
FKBP11	5	0.00623142351437245	0.407435776545506	0.441	0.304	1
CTDSP1	5	0.00629276995476817	0.449754338850235	0.414	0.285	1
ANAPC10	5	0.00632627910759019	0.752636678047051	0.288	0.188	1
MEOX2	5	0.00633657213428078	0.276531260954636	0.541	0.378	1
STARD3NL	5	0.00635091663004303	0.70609409211002	0.297	0.194	1
HIF1A	5	0.0063689635806797	0.261776670481515	0.739	0.616	1
CEP350	5	0.00638661989936781	0.570413303966904	0.378	0.262	1
SUMF2	5	0.00650451254493739	0.49354945672992	0.432	0.298	1
LENG8	5	0.00651757461861543	0.349845924038782	0.577	0.459	1
FAM204A	5	0.00652897266326873	0.437060945654784	0.387	0.259	1
PSMC6	5	0.00656824078965025	0.57223834537523	0.486	0.358	1
DCUN1D5	5	0.00660587921650463	0.684877606200325	0.315	0.212	1
ARMC1	5	0.00665399577597612	0.655970612684184	0.261	0.161	1
CTC-444N24.11	5	0.00667404028655519	0.562438341378491	0.288	0.181	1
PNN	5	0.00668898997063946	0.469814088133479	0.523	0.393	1
DDX52	5	0.00669134753112637	0.796606385015463	0.261	0.167	1
FAM111A	5	0.00669253255099762	0.633944306354186	0.279	0.175	1
UBE2E1	5	0.00679360198590896	0.573380169764781	0.27	0.166	1
NFKB2	5	0.00682337970019778	0.61120614419242	0.261	0.162	1
CD55	5	0.00687119490838011	0.270818668470963	0.568	0.431	1
MAX	5	0.00687339263782505	0.598034346252568	0.315	0.207	1
SPNS1	5	0.00695713355541887	0.486157322499885	0.342	0.224	1
ZNF131	5	0.00698183988276913	0.643809813855678	0.261	0.162	1
TRAPPC6A	5	0.00700229127458594	0.609689608156958	0.306	0.197	1
NUP54	5	0.00712945982494801	0.62901786909138	0.306	0.2	1
PTPN1	5	0.00720900529800425	0.516457764039963	0.27	0.166	1
FAM174A	5	0.00721744290988347	0.843597615859956	0.279	0.182	1
MTIF3	5	0.00724340684137701	0.3536411302092	0.414	0.275	1
STARD7	5	0.00725623282124836	0.658788377331664	0.306	0.205	1
ARHGEF1	5	0.00730787577261308	0.413739112606005	0.342	0.225	1
ACSL4	5	0.0073618240439824	0.596176400031985	0.297	0.189	1
TIMP3	5	0.00736601133618086	0.478923134364892	0.73	0.589	1
CNIH4	5	0.00745543353581535	0.438613781245035	0.505	0.375	1
SNX13	5	0.00750851294874441	0.551688508449666	0.324	0.214	1
BABAM1	5	0.00751131238785949	0.532064692334972	0.315	0.204	1
SMCHD1	5	0.00752352326471744	0.380049888750427	0.441	0.308	1
DNAJB14	5	0.00755571373073758	0.47599357563831	0.459	0.342	1
TMEM141	5	0.00759036468596967	0.587206246527433	0.405	0.303	1
PAPSS1	5	0.00767954222675224	0.432171370133491	0.387	0.263	1
FUBP1	5	0.00769456320999004	0.75682489423095	0.279	0.184	1
COQ4	5	0.00776654078650082	0.576811075165054	0.306	0.198	1
MRPL12	5	0.00780577082138666	0.537356982905169	0.342	0.227	1
ARL5B	5	0.00785239095230609	0.505831940138919	0.324	0.216	1
MED13L	5	0.00793420507242061	0.505831940138919	0.405	0.283	1
HCG18	5	0.00795072753058943	0.693155036402523	0.252	0.159	1
CCDC66	5	0.00797428160057709	0.528555906557833	0.342	0.231	1
METTL5	5	0.00808856357755076	0.403892402066669	0.414	0.281	1
C7orf55-LUC7L2	5	0.00810982401600208	0.407435776545506	0.378	0.254	1
ARMC8	5	0.00812864527367279	0.706094092110021	0.261	0.165	1
NANS	5	0.00813222284578337	0.702399608552279	0.369	0.266	1
PSIP1	5	0.00824781294504125	0.406270183929523	0.405	0.278	1
CEBPZ	5	0.00828717328241725	0.685859608369967	0.369	0.259	1
MRPS7	5	0.00833389385156728	0.618054057396936	0.342	0.238	1
AAMDC	5	0.0083896204103749	0.532064692334972	0.306	0.198	1
CDC42EP1	5	0.00841187729096306	0.667540851340628	0.279	0.18	1
BROX	5	0.00844140703323287	0.504005767228662	0.333	0.222	1
BRIX1	5	0.00849329865453143	0.638979896251484	0.297	0.195	1
PEX16	5	0.00853478795151815	0.676346748715969	0.252	0.157	1
DCAF10	5	0.00856674833977864	0.757078020828826	0.252	0.158	1
PFKL	5	0.00869461511708101	0.525185122218594	0.396	0.285	1
MRPS26	5	0.0087619721632816	0.291056592831177	0.432	0.296	1
GSTK1	5	0.00878254618521248	0.311234474768807	0.694	0.57	1
ACP1	5	0.00881062183207172	0.48533830741068	0.432	0.311	1
UBXN7	5	0.00885628801156204	0.556153465121863	0.261	0.162	1
UBE2W	5	0.00899436550560536	0.483701670773573	0.333	0.22	1
ARID1B	5	0.00899710900367255	0.749683360657704	0.279	0.184	1
VPS37A	5	0.00905405716119435	0.696110003537399	0.27	0.174	1
GNB2	5	0.00906388379023311	0.308063018136867	0.73	0.616	1
RFC1	5	0.00915719612212687	0.439467699613196	0.315	0.202	1
RBM3	5	0.00917130559261438	0.267065646264676	0.829	0.755	1
PPIP5K2	5	0.00926394131271778	0.724709770277368	0.324	0.222	1
ZNF146	5	0.00927132049174426	0.658061395688219	0.252	0.156	1
SNRPA1	5	0.00930637901552284	0.515410530500911	0.351	0.239	1
IST1	5	0.00933464166905278	0.592673460984023	0.36	0.253	1
NPEPL1	5	0.00953394347772459	0.737345026094461	0.252	0.159	1
AP1B1	5	0.00966737178689613	0.386997588005821	0.261	0.16	1
SPEN	5	0.00970090023269809	0.563136138267978	0.342	0.24	1
DAP	5	0.00980890332990244	0.504786965182711	0.423	0.31	1
MRPL20	5	0.00982953303951421	0.326555274052563	0.658	0.513	1
MIB2	5	0.00983484516875695	0.643809813855678	0.252	0.156	1
EMD	5	0.0098514729812637	0.423630751919156	0.342	0.225	1
TXNDC12	5	0.00994768507598031	0.267383763846809	0.523	0.369	1
PIK3CA	5	0.00995756607437693	0.537472927214554	0.288	0.186	1
DEK	5	0.00998590871772406	0.297446268120276	0.586	0.458	1
MAL	6	1.01196833512816e-207	9.22965604816703	0.468	0.002	1.82285856206636e-203
MT3	6	4.57526658374524e-151	8.4864041911534	0.405	0.006	8.2414276973003e-147
PMP2	6	3.61384432109411e-138	6.90540290033343	0.532	0.023	6.50961777558683e-134
PLLP	6	1.68336346748388e-123	6.87601909355233	0.396	0.011	3.03224261397871e-119
LPL	6	9.68350169077953e-114	7.02638182861613	0.414	0.015	1.74428915956012e-109
MPZ	6	3.30161271599434e-110	8.982905480166	0.559	0.04	5.94719498532061e-106
GPM6B	6	1.31968169825681e-108	6.51764900269691	0.577	0.045	2.37714264306999e-104
ERBB3	6	1.76048890046485e-99	6.43789798116045	0.252	0.003	3.17116865640734e-95
LGI4	6	2.8828962765297e-97	5.22324120860361	0.505	0.035	5.19296106291296e-93
GPR37L1	6	1.50795869641457e-93	6.33058495701781	0.252	0.004	2.71628599985157e-89
CLDN19	6	1.10953371866791e-91	6.89196063742135	0.27	0.006	1.99860308743651e-87
RELN	6	3.02125109160938e-88	6.38621382587152	0.252	0.005	5.44217959131598e-84
AATK	6	2.96090711505462e-84	5.49135524331701	0.369	0.019	5.33348198634789e-80
MLIP	6	2.00484789581155e-76	6.26903028650118	0.315	0.015	3.61133251472535e-72
PRX	6	1.68567751332472e-68	6.28610737685944	0.378	0.029	3.03641090475182e-64
CMTM5	6	1.24588286603007e-59	5.0925109134491	0.27	0.015	2.24420880657996e-55
KCNK12	6	6.2548962797655e-59	5.58282271720829	0.252	0.012	1.12669446687416e-54
PLP1	6	3.46748366402943e-53	5.20532671880529	0.541	0.101	6.24597832401621e-49
CAPS	6	4.90794077160534e-51	4.79899667332849	0.387	0.046	8.84067371189271e-47
CRYAB	6	1.79305175113579e-50	5.04338580039489	0.757	0.26	3.2298241193209e-46
S100B	6	3.74461991110701e-47	5.92055544143566	0.613	0.16	6.74518384587706e-43
CADM4	6	6.86286612626235e-44	4.13206706907002	0.351	0.042	1.23620807532364e-39
GLDN	6	3.84259967937245e-38	4.66761994429539	0.252	0.024	6.92167480245359e-34
ST6GALNAC2	6	9.50566743422249e-37	4.01421638747235	0.261	0.027	1.7122558749265e-32
GATM	6	5.23495477183471e-34	4.29800935347294	0.378	0.069	9.42972403050587e-30
MYL9	6	1.70386912087771e-30	2.63997383018049	0.946	0.543	3.06917944743702e-26
MT2A	6	1.42730348921948e-28	1.69017532685711	0.991	0.598	2.57100177513105e-24
TSPAN15	6	5.82332525900397e-28	3.16035290118658	0.288	0.044	1.04895557890439e-23
SBSPON	6	7.29998379233108e-28	2.56826189879701	0.414	0.093	1.3149460805126e-23
MIA	6	4.37120056742351e-27	1.78499491985694	0.333	0.058	7.87384358209997e-23
TSC22D4	6	8.70587274084791e-27	3.77046800458365	0.523	0.185	1.56818885680893e-22
CALM2	6	5.66847572268896e-26	1.30331174473782	1	0.976	1.02106253192796e-21
VWA1	6	7.00610278804832e-26	2.63655315885694	0.423	0.107	1.26200929521114e-21
GAS2L3	6	5.76703743933921e-25	3.24853197618462	0.36	0.084	1.03881645394817e-20
ITGB8	6	6.1853927351123e-25	4.09513638285592	0.36	0.085	1.11417479337578e-20
FXYD1	6	2.97598595845193e-24	2.46836536039117	0.892	0.45	5.36064350695946e-20
CSRP1	6	3.81903836468604e-24	1.31365802176831	0.82	0.381	6.87923380630896e-20
PMP22	6	1.17986799726089e-21	3.86027422271761	0.964	0.676	2.12529622346604e-17
MEGF9	6	1.95838692407555e-21	3.39099803070508	0.342	0.087	3.52764236633729e-17
PEBP1	6	2.32048736532631e-21	1.75547245882557	1	0.819	4.17989389116228e-17
QKI	6	2.72229097886847e-21	1.94250761753657	0.901	0.605	4.90366274023578e-17
METRN	6	6.94079666681541e-21	3.36479626550475	0.477	0.185	1.25024570359346e-16
PRKCDBP	6	1.60970534806325e-20	1.5396486100894	0.91	0.59	2.89956224346632e-16
SNCA	6	3.05539028490227e-20	3.57956168618109	0.333	0.088	5.50367452019447e-16
MAPK8IP1	6	1.29634626211061e-19	3.3214302418747	0.306	0.076	2.33510852193984e-15
TUBA1A	6	4.63204012269631e-19	1.45114203257409	0.982	0.79	8.34369387301287e-15
FXYD6	6	1.06239546017218e-18	3.28306380207765	0.279	0.064	1.91369294240815e-14
PGRMC1	6	1.5817224953368e-18	1.42091772841377	0.874	0.516	2.84915673085018e-14
LHPP	6	3.13774166270974e-18	3.62958119824923	0.333	0.096	5.65201405703905e-14
CD9	6	1.0765711454332e-17	0.970024065328244	0.982	0.645	1.93922760426883e-13
SECISBP2L	6	1.08661574317654e-17	3.51411156069633	0.486	0.225	1.9573209381839e-13
LGALS1	6	1.63119768949977e-17	0.916501936795214	1	0.915	2.93827639809594e-13
H2AFJ	6	2.40131711241492e-17	1.33652062498755	0.91	0.553	4.325492514593e-13
SEPW1	6	4.18395002478416e-17	1.22493316945395	0.982	0.802	7.5365491796437e-13
SPARC	6	4.60355369091876e-17	1.32450692587793	0.982	0.817	8.29238126345196e-13
DMD	6	6.86134152702122e-17	2.17557937541124	0.36	0.11	1.23593344926233e-12
LIMS2	6	7.16431867462855e-17	2.5049964491368	0.297	0.076	1.29050872286084e-12
MBP	6	7.3226624743322e-17	4.4154169312071	0.486	0.236	1.31903119150146e-12
STMN1	6	1.25859174497224e-16	2.75019737485003	0.45	0.19	2.2671013102185e-12
SFRP5	6	3.29905166144829e-16	2.37603811633926	0.279	0.069	5.9425817577668e-12
DYNLRB1	6	5.07554542450924e-16	1.59899422322802	0.901	0.638	9.14257997316849e-12
TIMP3	6	5.94300820905112e-16	1.22657959794421	0.964	0.577	1.07051406869638e-11
ADIRF	6	1.13814082179171e-15	1.32726222578264	0.919	0.511	2.05013306229341e-11
RAMP1	6	4.3914528696833e-15	2.69222191752846	0.252	0.063	7.91032405416053e-11
CD59	6	4.68775858297302e-15	0.995408670031392	0.982	0.789	8.4440595355093e-11
PPP1R14A	6	8.72803178643862e-15	2.63754461670261	0.288	0.081	1.57218036569119e-10
SNCG	6	2.18120260802048e-14	2.69355973836625	0.324	0.105	3.92900025782729e-10
SCRN1	6	2.38163237582925e-14	3.28510732649999	0.306	0.098	4.29003439858122e-10
DAG1	6	4.11042982940112e-14	2.55651773605951	0.387	0.151	7.40411725170025e-10
S100A6	6	4.33495841633281e-14	0.673269561792915	1	0.986	7.8085605953403e-10
SVIP	6	7.30041517093781e-14	3.2085944326392	0.396	0.17	1.31502378474103e-09
DYNLL1	6	2.74643852688808e-13	1.50535303761481	0.982	0.963	4.9471597184835e-09
ITGA6	6	3.12742381731342e-13	1.8711300595313	0.45	0.194	5.63342852212665e-09
DST	6	1.40309419704395e-12	1.07974767062375	0.937	0.614	2.52739357713526e-08
ARL2	6	3.17321919358896e-12	1.04489600556178	0.856	0.552	5.7159197334118e-08
CLIC4	6	3.39562660969504e-12	1.3679557700414	0.739	0.463	6.11654221204368e-08
FIS1	6	4.41849427203182e-12	1.03600024442091	0.973	0.755	7.95903373221091e-08
RGCC	6	7.21717624151947e-12	0.252222521401371	0.766	0.381	1.3000299563849e-07
FTH1	6	9.92953442761937e-12	0.70119596244421	1	1	1.78860703644708e-07
SBDS	6	1.52873879675627e-11	1.11588542182291	0.865	0.59	2.75371719459708e-07
CAV1	6	1.59823478835887e-11	0.578889026795966	0.775	0.392	2.87890032427083e-07
ZNF706	6	2.22260541638666e-11	1.11225344004241	0.919	0.637	4.00357913653729e-07
RHEB	6	2.69955576321196e-11	1.13342895019225	0.91	0.658	4.86270979627371e-07
SORBS1	6	3.96170711156118e-11	1.88092789393596	0.315	0.114	7.13622302005516e-07
PHLDA3	6	4.60765363686974e-11	0.752744185408842	0.883	0.523	8.29976649609346e-07
BLOC1S1	6	1.51729752208274e-10	1.08384015682051	0.91	0.681	2.73310802652764e-06
NDRG1	6	1.80325936222303e-10	1.4148762956836	0.838	0.582	3.24821108917234e-06
CALM3	6	2.70307686764735e-10	1.12543172882249	0.82	0.546	4.86905236169317e-06
INF2	6	4.64656477796038e-10	2.30473152972825	0.342	0.153	8.36985713454004e-06
PCBP4	6	7.73981379395462e-10	2.2118299016806	0.279	0.106	1.39417265870505e-05
SOD1	6	1.14456837289679e-09	0.919043266507505	0.955	0.784	2.06171101009899e-05
MT1E	6	1.24063834903127e-09	2.20682005566315	0.405	0.21	2.23476185811003e-05
VIM	6	1.36101211065399e-09	0.52768890784334	1	0.999	2.45159111492104e-05
ARHGAP15	6	1.58088802686598e-09	3.09650780442004	0.27	0.104	2.84765360279369e-05
VAMP2	6	1.72783931769775e-09	0.858955312383806	0.865	0.59	3.11235696296896e-05
AHNAK	6	2.14294736724033e-09	0.838414139856519	0.964	0.874	3.86009109261001e-05
PSMB6	6	2.25591433122575e-09	0.983082669458577	0.82	0.552	4.06357848483693e-05
COMT	6	3.5118209895772e-09	1.06361774215138	0.865	0.641	6.32584314852541e-05
TALDO1	6	3.71818693899033e-09	1.3647212341079	0.712	0.512	6.69757013320328e-05
CTNNAL1	6	5.63929145483117e-09	2.63694793106925	0.315	0.145	0.000101580556975874
SERINC1	6	5.84601206651532e-09	1.00182210523068	0.82	0.608	0.000105304215354141
NDUFB10	6	6.47259341794262e-09	0.797107643629798	0.946	0.646	0.0001165908252374
SLIRP	6	6.77332905550467e-09	1.00930069526838	0.793	0.549	0.000122007976276806
C1orf122	6	7.24984245392314e-09	0.951302869104444	0.802	0.516	0.000130591412122517
ALDH1A1	6	7.34400802208034e-09	1.8680263027988	0.351	0.169	0.000132287616501733
ZEB2	6	9.4782688123569e-09	1.11389342548773	0.649	0.407	0.000170732056116985
ABCA2	6	1.27051953782944e-08	2.2153923228991	0.261	0.104	0.000228858684349217
NR2F2	6	1.76536007343926e-08	0.701435371052518	0.964	0.623	0.000317994310028614
MRFAP1	6	1.99604049287736e-08	0.87483315428219	0.901	0.613	0.000359546773981998
COL4A2	6	2.45030317575685e-08	0.946341133132304	0.703	0.421	0.000441373111049081
PPDPF	6	2.50248353288698e-08	0.602597407201234	1	0.906	0.000450772358778931
C19orf70	6	2.60153858854381e-08	0.827924805351288	0.847	0.564	0.000468615145954396
SEMA5A	6	2.9943614702988e-08	2.19589935979084	0.288	0.126	0.000539374331644922
TPM1	6	3.19309072856712e-08	0.936070209364519	0.82	0.503	0.000575171432936795
SMTN	6	3.72661381847899e-08	2.32171714553297	0.315	0.152	0.00067127494712262
NDUFC1	6	4.97415855243609e-08	0.878147276621375	0.865	0.594	0.000895995180050313
CNP	6	5.41792871444362e-08	2.97716581700923	0.36	0.201	0.00097593149933273
MGLL	6	5.49505406001053e-08	1.64978665120807	0.288	0.124	0.000989824087829697
NDUFB4	6	5.54737705196771e-08	0.881055250489789	0.919	0.735	0.000999249028370943
PLA2G16	6	5.58908589219967e-08	1.8892225243826	0.495	0.364	0.00100676204176193
EPB41L2	6	5.7944907895157e-08	1.0959585201793	0.703	0.484	0.00104376162591546
STUB1	6	5.97624725341506e-08	0.946484837399727	0.766	0.533	0.00107650141775766
CLTB	6	6.21488231763812e-08	0.807006084697695	0.838	0.571	0.00111948675187615
RPS27L	6	7.00848242301022e-08	0.625960253024574	0.991	0.873	0.00126243793885683
SEPP1	6	7.24464558434971e-08	0.264904304975208	0.91	0.696	0.00130497800910891
NDUFV2	6	7.4476536585192e-08	0.844442684734528	0.829	0.59	0.00134154585350906
TSC22D1	6	8.01208734150838e-08	0.897619499805383	0.847	0.523	0.0014432172928259
MAP1B	6	8.105063143845e-08	0.612809273402451	0.865	0.549	0.0014599650241008
ACADVL	6	1.13938628632519e-07	0.692419155212944	0.847	0.575	0.00205237651755757
CDH19	6	1.18618473420313e-07	1.3334502907122	0.396	0.201	0.00213667456172009
RPS19BP1	6	1.22104395655212e-07	0.897475310978256	0.739	0.517	0.00219946647893733
KIF5B	6	1.70995687415042e-07	0.988776399452701	0.793	0.548	0.00308014531740715
HSPA2	6	2.59483183008852e-07	2.17969548388347	0.261	0.116	0.00467407057553845
MME	6	4.33576227516486e-07	2.27856564864798	0.261	0.12	0.00781000858625446
GAPDH	6	6.45768057537818e-07	0.591347649217354	1	0.995	0.0116322200204287
NDUFAF3	6	7.32487751264478e-07	0.976786584558895	0.73	0.514	0.013194301863527
ETFB	6	8.13175033732326e-07	0.718558057676076	0.793	0.544	0.0146477218826204
ATP5I	6	1.04069377092595e-06	0.746547439703216	0.973	0.897	0.0187460168956892
A2M	6	1.24691863893845e-06	0.457861665838313	0.793	0.463	0.0224607454431984
SGCB	6	1.26799818288496e-06	1.86479183812908	0.459	0.335	0.0228404512683067
MAGED2	6	2.00405035519533e-06	0.636055315803603	0.847	0.553	0.0360989590481335
NDUFAB1	6	2.16550621401066e-06	0.782042945343319	0.757	0.545	0.039007263432974
CAP1	6	2.16787707551636e-06	1.22337718833039	0.64	0.475	0.0390499697612762
NDUFS8	6	2.34996016056021e-06	0.776483420001419	0.784	0.561	0.042329832372171
CFL2	6	2.52127047395e-06	1.7208910940381	0.351	0.211	0.0454156450472613
OXR1	6	2.92839915991716e-06	2.02348302738222	0.342	0.207	0.0527492540675878
NDUFA4	6	2.96816427702461e-06	0.875655556939375	0.973	0.925	0.0534655431220443
COL4A1	6	3.42672167729749e-06	1.01645337214608	0.721	0.444	0.0617255375731598
LIMCH1	6	3.43803244143229e-06	2.5397357056879	0.27	0.143	0.0619292783675198
CALM1	6	3.4963455123929e-06	0.706927297470107	0.973	0.851	0.0629796717147333
MRPL33	6	3.92075447643956e-06	0.753399806888377	0.847	0.651	0.0706245503841058
ESD	6	4.47271497005158e-06	0.721498785108344	0.856	0.633	0.080567014755539
PGK1	6	4.60466500410533e-06	0.665722909122788	0.829	0.588	0.0829438307189493
YWHAQ	6	5.00158148969426e-06	0.625690689155433	0.91	0.706	0.0900934873738627
CD151	6	5.02104083716413e-06	0.609832239051617	0.901	0.665	0.0904440085998374
TBCB	6	5.20838111705228e-06	1.08374722379371	0.667	0.501	0.0938185690614627
TCEAL4	6	5.25865371400842e-06	0.746736076607367	0.793	0.564	0.0947241293504337
RRAS	6	5.73506897397465e-06	1.01037922621013	0.541	0.371	0.103305797428205
ANXA2	6	5.89220104770706e-06	0.544522680565766	1	0.917	0.106136217472347
GTF2H5	6	6.78003400845738e-06	0.681590534737575	0.838	0.601	0.122128752594343
PPA1	6	8.53714942367758e-06	0.798938563061975	0.865	0.645	0.153779672568704
TIMP2	6	9.37998907507305e-06	0.577043258948169	0.964	0.9	0.168961743209291
PHPT1	6	1.05090602151791e-05	0.68301047899698	0.973	0.83	0.189299701656021
NFIA	6	1.1560753150316e-05	0.523215203481211	0.856	0.547	0.208243846496642
ENDOD1	6	1.15715840330019e-05	1.82773455824294	0.315	0.185	0.208438943186464
HNRNPDL	6	1.30069695622982e-05	0.582063049064343	0.982	0.885	0.234294542725678
CNN3	6	1.30870785312333e-05	0.590616874690085	0.964	0.73	0.235737545583106
SAMHD1	6	1.35128936017404e-05	0.630686689451998	0.802	0.534	0.24340775244815
UTRN	6	1.62695685043822e-05	1.32402135617896	0.468	0.347	0.293063737469437
CHURC1	6	1.77303960107139e-05	0.763552246172099	0.694	0.51	0.31937762334099
PARK7	6	1.88296833327033e-05	0.797248912752439	0.955	0.824	0.339179085871984
CHMP5	6	1.91794669315171e-05	0.589964219152653	0.874	0.602	0.345479737837417
LDHB	6	2.00382807514277e-05	0.593018365117073	0.847	0.61	0.360949551175467
NDUFS6	6	2.1273988629095e-05	0.634500008373339	0.865	0.647	0.383208357175888
RNF7	6	2.40386456239362e-05	0.743326998308996	0.748	0.548	0.433008123623963
MXRA7	6	2.45482576790461e-05	0.647519265924562	0.784	0.523	0.442187765572658
NFIC	6	2.5768508281625e-05	0.652456128507948	0.793	0.561	0.464168139676912
TOMM20	6	2.60342062938888e-05	0.642810304451237	0.901	0.671	0.468954157971819
PSME1	6	2.7265918804559e-05	0.642718985969016	0.802	0.572	0.491140995426521
PFDN2	6	3.38810402233521e-05	0.517394692362988	0.874	0.608	0.610299177543242
TMEM123	6	3.56419568953632e-05	0.845256839781646	0.649	0.484	0.642018569556177
TEAD1	6	3.58313540432523e-05	1.83532419427419	0.369	0.258	0.645430180381103
MMP28	6	3.96706839629609e-05	1.76291222410987	0.279	0.157	0.714588030224815
MARCKSL1	6	4.05953617035151e-05	0.619679340292548	0.604	0.393	0.731244250365418
ANAPC16	6	4.74311099143808e-05	0.61138422371248	0.838	0.615	0.854376582887742
CD47	6	5.42904962345943e-05	0.540863839492985	0.838	0.606	0.977934708673748
YWHAE	6	5.69464075088883e-05	0.721424988078179	0.928	0.808	1
IFITM2	6	5.94497048635221e-05	0.612739685588225	0.964	0.82	1
CNPY2	6	6.51338454961578e-05	0.632936094536316	0.784	0.56	1
COX6A1	6	6.76127761418523e-05	0.651646308087644	0.919	0.709	1
NDRG2	6	6.78066527637568e-05	1.99459918545993	0.36	0.241	1
ATP1A1	6	6.92166728764375e-05	0.706845691523159	0.694	0.491	1
STOM	6	7.92403563456562e-05	0.306757483717335	0.847	0.562	1
CXXC5	6	7.99186666227281e-05	1.68619453467232	0.279	0.163	1
CAPZA2	6	8.21091141370433e-05	0.544669688065	0.757	0.544	1
RHOC	6	8.40298156341257e-05	0.750531396233602	0.865	0.683	1
CAV2	6	8.66743542696623e-05	1.39015568140648	0.405	0.288	1
SNRPB2	6	0.000101584685186607	0.5750704414841	0.739	0.539	1
CHMP2A	6	0.000101796011910948	0.676346748715969	0.838	0.636	1
EIF1B	6	0.000105729951578798	0.511744707955376	0.775	0.541	1
HMGN3	6	0.00010707331478951	0.541876283917931	0.883	0.653	1
RCN1	6	0.000112391442063648	0.548444435523828	0.73	0.493	1
TAGLN	6	0.000113343542134725	1.22888983573192	0.91	0.673	1
SRP14	6	0.000120238436991263	0.422374316634818	1	0.974	1
LSMD1	6	0.000128455987053301	0.509420791842104	0.892	0.658	1
HSPD1	6	0.000140347746962712	0.476806308766278	0.811	0.58	1
LUC7L3	6	0.000141012478674409	0.778649087219533	0.685	0.498	1
PPIA	6	0.000145857346704448	0.379813549148219	1	0.984	1
NDUFA13	6	0.000171056729138105	0.557954537789539	0.892	0.714	1
CSNK1A1	6	0.000171260457164489	0.580563210026162	0.865	0.631	1
TUBB	6	0.000175316831856977	0.735667207493368	0.856	0.751	1
SCAND1	6	0.000183029259083722	0.662671811818892	0.757	0.551	1
ITGB1BP1	6	0.000192634548254608	1.05883130089205	0.532	0.419	1
MAF	6	0.000201614403608957	1.24702382476851	0.297	0.173	1
TUFM	6	0.000201683604979165	0.62542041652232	0.739	0.546	1
SRI	6	0.000241331908613905	0.68375776213192	0.865	0.679	1
FADS3	6	0.00025057354192135	1.63783656370646	0.288	0.179	1
PRDX1	6	0.000258083861093706	0.612328270762851	0.973	0.919	1
DDX24	6	0.00026019535122435	0.463765447854174	0.784	0.556	1
CPE	6	0.000264486299711118	1.3826983520901	0.423	0.284	1
CDKN1C	6	0.000266180063296012	1.8834639057135	0.405	0.316	1
LAMA4	6	0.000266297180113722	0.613270059105265	0.64	0.445	1
ARHGDIA	6	0.000279218985392585	0.687412671043945	0.82	0.65	1
SSFA2	6	0.000294951767043373	2.05659133919415	0.342	0.257	1
DYNC1I2	6	0.000299033530113727	0.560377261512402	0.739	0.535	1
FEZ1	6	0.00029956436676834	2.2153923228991	0.306	0.199	1
CHCHD2	6	0.000306428018976931	0.462268284115281	1	0.955	1
PRNP	6	0.000313474512327842	0.521846985151535	0.829	0.645	1
WDR83OS	6	0.000315659405242759	0.573943802854293	0.91	0.725	1
FABP5	6	0.000337441787845031	1.09632820038829	0.378	0.27	1
POLR2I	6	0.000341921814314202	0.666281144622157	0.622	0.48	1
CRIP2	6	0.000349636492032552	1.12627031468784	0.342	0.223	1
PSMC5	6	0.000352141391753955	0.583126661517966	0.721	0.526	1
KLF9	6	0.000362648671658955	0.585156546308593	0.631	0.443	1
ROMO1	6	0.000370800880815411	0.559144226391256	0.748	0.543	1
CAPNS1	6	0.000381530375977181	0.456835064920891	0.748	0.528	1
IFI27L2	6	0.00039918772178137	0.57943058571838	0.811	0.593	1
POLR2F	6	0.00040610884526749	0.987411124793035	0.532	0.438	1
ACTN4	6	0.000419002320194336	0.264683145463924	0.757	0.499	1
REEP5	6	0.000426563186792813	0.595740086895313	0.883	0.691	1
ZNHIT1	6	0.000442730422488636	0.651851047326034	0.802	0.611	1
NUCKS1	6	0.000451666724863372	0.604364205146195	0.892	0.759	1
TUBA1B	6	0.000469203782045434	0.500833110897328	0.982	0.904	1
CTSC	6	0.000502220752614527	0.41300568010264	0.694	0.461	1
C19orf60	6	0.000521014174170397	0.583865832699005	0.775	0.583	1
CNBP	6	0.000527296217398997	0.575697454854346	0.829	0.641	1
PGAM1	6	0.00053253126236549	0.440869755185403	0.757	0.534	1
FAM213A	6	0.000551643377420825	1.17884708924515	0.288	0.17	1
TMEM258	6	0.000603251521889627	0.477773661371738	0.955	0.906	1
TCEB1	6	0.000633828279891173	0.718805143859575	0.694	0.529	1
CUTA	6	0.000671926167400347	0.568364067842957	0.856	0.642	1
GTF2I	6	0.000680140141480277	0.439906552893888	0.757	0.544	1
BANF1	6	0.000683443444268918	0.583884036248891	0.739	0.564	1
SPTBN1	6	0.000700161275225468	0.348823616430461	0.856	0.602	1
KCTD12	6	0.000704238188094472	0.401304940411806	0.712	0.492	1
MRPL51	6	0.000735279256889809	0.571991583202237	0.766	0.556	1
LGALS3	6	0.000759562872340714	0.464097676047014	0.982	0.821	1
VAMP5	6	0.000840314157257102	0.695051921318436	0.604	0.448	1
AP2M1	6	0.000901631459141895	0.552427310176675	0.829	0.668	1
SAT2	6	0.000906228692019528	0.533499903891724	0.775	0.59	1
MDH1	6	0.000960559815587193	0.79575501772582	0.595	0.469	1
NDUFB7	6	0.00100542894474962	0.542281696375337	0.91	0.73	1
MORF4L1	6	0.00100774663441543	0.652640483756615	0.973	0.912	1
DHRS3	6	0.00101579294210663	0.266618703545904	0.73	0.48	1
UFC1	6	0.00103389596992542	0.554606338924385	0.721	0.544	1
CMTM6	6	0.00111175724387189	0.432784702442837	0.766	0.545	1
TIMM8B	6	0.00113629287776462	0.503154033439745	0.721	0.53	1
SCCPDH	6	0.00116134812952898	1.64720040305645	0.342	0.268	1
RNF130	6	0.00117030272084774	0.725002554660085	0.631	0.485	1
MT-ND2	6	0.00117109554710993	0.387664653115793	1	1	1
SOD3	6	0.0011966130732872	0.823022116019618	0.775	0.514	1
FAM198B	6	0.00121108839791296	0.711569222176172	0.586	0.446	1
PAIP2	6	0.00121662653430581	0.455810388299681	0.829	0.61	1
ECHS1	6	0.00122220495372435	0.813983103043519	0.595	0.469	1
LPP	6	0.00123940355722726	0.867845162106633	0.658	0.491	1
SPTAN1	6	0.00125551605868761	0.752673632799058	0.604	0.477	1
FKBP8	6	0.00125869904679471	0.67434418200379	0.784	0.626	1
TMEM256	6	0.00125891264708467	0.828734766133657	0.586	0.452	1
EIF1AX	6	0.00130321206799603	0.563136138267978	0.703	0.516	1
ATP5C1	6	0.00142131982242612	0.429440076987099	0.865	0.639	1
EMC7	6	0.00153026497501912	0.758835554181994	0.577	0.464	1
GNB2	6	0.00170298688491901	0.391143212602425	0.802	0.612	1
PLEKHA4	6	0.00172620205124806	1.68913008537688	0.333	0.248	1
MFGE8	6	0.0017390877127832	1.11340836608746	0.595	0.438	1
COX5B	6	0.00176753901135258	0.68271116467207	0.955	0.854	1
TPM2	6	0.00190036121206004	1.55468238831904	0.793	0.55	1
PRDX2	6	0.00193998051024692	0.427713712895415	0.892	0.665	1
HDLBP	6	0.00199543677694988	0.45709751967651	0.748	0.542	1
SKP1	6	0.00203205621640199	0.454007570235279	1	0.957	1
BIN1	6	0.00204428746546183	1.23272328251485	0.342	0.261	1
CTSF	6	0.00216201665259417	0.282494579327753	0.703	0.479	1
NDUFB8.1	6	0.00221185493367232	0.447224403890831	0.937	0.74	1
LAMTOR2	6	0.00221528986234547	0.503988684918559	0.721	0.548	1
NDUFC2	6	0.00221883207077597	0.550627143361399	0.937	0.79	1
PYURF	6	0.00229731467128455	0.688494383781851	0.613	0.494	1
ATP5G1	6	0.00231496974162903	0.457443604438883	0.829	0.647	1
IL6ST	6	0.00232092123912862	0.407740696955365	0.847	0.637	1
LITAF	6	0.00235413211033711	0.864791838129079	0.514	0.416	1
SYPL1	6	0.00241243297376727	0.577426428145545	0.667	0.503	1
DDT	6	0.00249298828226608	0.574849558831768	0.766	0.585	1
ID4	6	0.00250358701537521	1.32076309964737	0.261	0.167	1
C11orf58	6	0.00252053044045754	0.444642456638918	0.874	0.685	1
SELM	6	0.00261641763982303	0.37567953133483	0.964	0.761	1
C11orf96	6	0.00262035590718152	0.375920320327388	0.874	0.616	1
PRKAR1A	6	0.00266719206962836	0.492263684276997	0.802	0.622	1
TMEM98	6	0.00268333735226591	0.348389767897129	0.748	0.513	1
RBM8A	6	0.00275993204620608	0.364159617005971	0.811	0.591	1
MDH2	6	0.00276163870277803	0.662943139602199	0.604	0.499	1
PCBP1	6	0.0029726313413442	0.660406454062811	0.856	0.748	1
SDC3	6	0.00300133327010336	1.38416599722266	0.252	0.162	1
PHB2	6	0.00310066149038078	0.506958945643175	0.721	0.539	1
NEK1	6	0.00312085240134002	2.18092467623112	0.252	0.17	1
PUF60	6	0.00316101242795895	1.23339125211992	0.432	0.395	1
POLR2K	6	0.003237492528159	0.577327707235352	0.667	0.523	1
VDAC2	6	0.00327021679901216	0.849956796966137	0.604	0.494	1
MATR3	6	0.00327374329679648	0.488530780021847	0.802	0.61	1
CTSD	6	0.00336081315026848	0.473633974363375	0.865	0.692	1
TBCA	6	0.00336945899270094	0.511367973807065	0.928	0.806	1
GAMT	6	0.00355086620824201	1.82443664322435	0.261	0.184	1
VDAC1	6	0.00362819086269249	0.420006995456183	0.793	0.589	1
ANAPC11	6	0.00363457653881535	0.534816986500427	0.766	0.602	1
GPAA1	6	0.00372244101700333	0.742202037934967	0.55	0.441	1
VAPA	6	0.00379487123115193	0.449895316525716	0.919	0.764	1
RNASEH2C	6	0.00380970756513606	0.468515266958897	0.703	0.535	1
GADD45GIP1	6	0.00382442946489066	0.428037495658574	0.748	0.564	1
PDLIM2	6	0.00388246897058372	0.573798136288807	0.721	0.524	1
ATPIF1	6	0.00407815946319847	0.560370587821964	0.901	0.731	1
IFITM3	6	0.00409816621851662	0.372452771140795	0.991	0.933	1
VPS28	6	0.00437136085122028	0.462412640714638	0.874	0.71	1
MRPL41	6	0.00438659644751839	0.52221532445622	0.757	0.565	1
PSMB3	6	0.00439498711850398	0.487627373987373	0.829	0.677	1
TERF2IP	6	0.00440404690922135	0.764688746020869	0.559	0.469	1
COX7A2	6	0.00440948735260223	0.550760885875971	0.964	0.881	1
7SK.2	6	0.00445703733911135	0.57815470355544	0.189	0.351	1
PTEN	6	0.00451391546756107	0.849956796966137	0.541	0.44	1
RP11-343N15.5	6	0.00453059789850665	1.56280821576608	0.27	0.195	1
USMG5	6	0.00458448026539112	0.469352327042137	0.955	0.876	1
LAMTOR5	6	0.00458981985281878	0.49254215826745	0.775	0.592	1
RER1	6	0.00465582999510354	0.478027346680298	0.766	0.586	1
MRPL20	6	0.00476182496942252	0.660178257054662	0.649	0.513	1
ATP5B	6	0.00477678588176697	0.554090998664971	0.901	0.703	1
C9orf16	6	0.00492644727502089	0.518657305170386	0.829	0.63	1
NDUFB3	6	0.00494912285023326	0.797201143590355	0.559	0.464	1
UBXN1	6	0.00503228705445233	0.330740294303659	0.721	0.538	1
IER5L	6	0.00505203339486917	0.416832186142981	0.559	0.41	1
ANXA4	6	0.00507796181092293	0.58375097218521	0.604	0.463	1
TACC1	6	0.00512878469758037	0.406625447754932	0.775	0.595	1
NGFRAP1	6	0.00518020677386803	0.268492374514707	0.847	0.626	1
AURKAIP1	6	0.00558407847664295	0.497458967380718	0.721	0.572	1
PJA2	6	0.00558672797418544	0.591504960308088	0.559	0.451	1
HINT1	6	0.00572654616354857	0.341832954462236	0.973	0.921	1
ATP5O	6	0.00576992207183342	0.489208147080116	0.784	0.609	1
SLC44A2	6	0.00582445761338475	1.37986585978903	0.261	0.181	1
NDUFA12	6	0.00586210846283626	0.777245608118586	0.604	0.506	1
SF3B14	6	0.00593003810277408	0.517158373533573	0.883	0.723	1
RBX1	6	0.00593645988013798	0.507160643597562	0.874	0.724	1
PTMS	6	0.00612028573855923	0.294684942357402	1	0.873	1
ECH1	6	0.0061237985041245	0.693339819629274	0.541	0.446	1
DYNLT1	6	0.00613884683401306	0.457764881589946	0.694	0.537	1
HMGB1	6	0.0062286757545984	0.305833386823677	0.973	0.968	1
TXN	6	0.00636382002003414	0.277474545519594	0.991	0.877	1
PPIG	6	0.00637933647361408	0.379629216625886	0.739	0.532	1
RSL24D1	6	0.0064028499209637	0.409185933087619	0.865	0.7	1
C1QBP	6	0.00644151260068218	0.334938482451997	0.748	0.553	1
YIF1A	6	0.00653694261698976	0.47035304582471	0.721	0.545	1
WASF2	6	0.0066921459296913	0.458533443268765	0.685	0.532	1
FLNB	6	0.00691284325463844	1.20754634320634	0.27	0.197	1
TCEAL8	6	0.00693974685096529	0.542208007149049	0.658	0.503	1
NUDC	6	0.00705216026658424	0.50446023094037	0.613	0.486	1
BRD2	6	0.0070669069926392	0.257402569108351	0.73	0.542	1
GUK1	6	0.00714062292922021	0.419407993977415	0.982	0.889	1
TM9SF3	6	0.00728055016779706	0.412433722245464	0.73	0.551	1
RCN2	6	0.00730055072529094	0.529871852206499	0.658	0.507	1
TMEM230	6	0.00736886438287138	0.332911435778173	0.838	0.623	1
DDAH2	6	0.00754798533294819	0.433667958640233	0.784	0.599	1
SNRPF	6	0.00778302468045122	0.420518211491211	0.775	0.591	1
SIRT2	6	0.00803609909814026	1.61665900852808	0.279	0.214	1
CAST	6	0.00818857991834042	0.322112528499325	0.757	0.559	1
RPL38	6	0.00834059020701556	0.258831987543386	0.991	0.992	1
PLEC	6	0.00843371338171826	0.274293592449914	0.658	0.48	1
SRP9	6	0.00864405245295711	0.440119333211451	0.838	0.665	1
NDUFA2	6	0.00870137736868266	0.502629980087999	0.739	0.575	1
GSTO1	6	0.00876312019187455	0.47062059533958	0.73	0.58	1
GTF2A2	6	0.00902574568242564	0.5256957594382	0.64	0.519	1
VPS29	6	0.00906437199090716	0.576246530043044	0.694	0.55	1
LMAN1	6	0.00907562306223671	0.395808982652703	0.739	0.539	1
ATF4	6	0.00920000439987337	0.323793379243177	0.811	0.618	1
UBXN4	6	0.00936444123589594	0.500638881516239	0.748	0.589	1
SCARB2	6	0.00950636467691636	0.479650291978348	0.631	0.501	1
AES	6	0.00962841411841448	0.294513991734707	0.874	0.681	1
FNTA	6	0.00972539559821548	1.47661224598725	0.342	0.284	1
GZMA	7	2.66967993265521e-280	9.73194195171733	0.684	0.005	4.80889446269184e-276
CD3D	7	1.07718542387586e-268	8.82716635089474	0.633	0.004	1.94033410402759e-264
GZMM	7	1.08191178324668e-243	9.38774469298894	0.532	0.001	1.94884769516224e-239
CD3E	7	6.36702641317447e-208	7.44663838204251	0.519	0.004	1.14689246780512e-203
GZMH	7	5.68221302361808e-199	10.1065629404449	0.418	0	1.02353703194433e-194
CD3G	7	5.35666357019e-193	8.83252953566183	0.418	0.001	9.64895808898324e-189
LCK	7	3.38563482924656e-192	7.38774469298894	0.468	0.003	6.09854401792184e-188
CD2	7	2.17732498558934e-166	6.32744418272112	0.608	0.017	3.92201549654208e-162
KLRB1	7	3.92612324999869e-166	8.5331751325105	0.43	0.004	7.07212581022265e-162
CCL5	7	8.67764829047232e-152	6.84279787111566	0.658	0.027	1.56310478656278e-147
PTPRCAP	7	1.46232102478088e-146	5.005695605664	0.759	0.041	2.6340788619378e-142
NKG7	7	6.328313500675e-141	8.28586507896972	0.544	0.017	1.13991911087659e-136
GZMK	7	1.44817260675847e-139	7.25529439696529	0.494	0.013	2.60859331655403e-135
PRF1	7	4.13359002717365e-133	8.18129381552151	0.316	0.002	7.44583571594789e-129
BCL11B	7	1.03663616881853e-125	7.38774469298894	0.291	0.001	1.86729273089282e-121
LAT	7	5.05225304090953e-124	5.250241169239	0.481	0.015	9.10062340259034e-120
ICOS	7	9.76203112404676e-119	7.74138164760364	0.266	0.001	1.75843466637454e-114
CD96	7	3.69047098292682e-118	6.33883509250799	0.329	0.004	6.64764538154608e-114
SAMD3	7	1.69567775385639e-113	6.00072156987969	0.354	0.006	3.05442433802151e-109
CD8A	7	9.81499652744149e-107	6.48085409738042	0.304	0.004	1.76797532448804e-102
CTSW	7	6.00009297993266e-105	6.15641914688248	0.38	0.01	1.08079674847527e-100
IL2RB	7	1.55947581218499e-96	6.61013711432538	0.266	0.003	2.80908378048883e-92
ZAP70	7	1.66528253805236e-96	6.38774469298894	0.266	0.003	2.99967343579371e-92
ITK	7	2.15818792354094e-94	6.38774469298894	0.253	0.003	3.8875439066743e-90
CD247	7	1.21889300159e-84	6.33002919513265	0.291	0.007	2.19559196376406e-80
CST7	7	3.23883656841789e-84	4.52115056755666	0.633	0.057	5.83411631069115e-80
MATK	7	2.14400976457163e-77	5.25529439696529	0.291	0.008	3.86200478892288e-73
IL32	7	5.18390891898417e-73	5.1760707090737	0.734	0.108	9.33777513576619e-69
CD52	7	1.51364891178095e-71	4.02458395032437	0.696	0.089	2.72653578479102e-67
RUNX3	7	8.15670635913715e-69	4.22572488963197	0.456	0.033	1.46926751647137e-64
IL7R	7	1.30573724639315e-66	5.00072156987969	0.354	0.019	2.35202450192798e-62
HOPX	7	9.88499974737375e-63	4.99542727021018	0.304	0.014	1.78058500449443e-58
GNLY	7	4.74773197868609e-62	8.60657929491219	0.253	0.009	8.55208961320726e-58
CD69	7	1.01800120386909e-58	4.74852943292172	0.646	0.098	1.8337255685294e-54
CORO1A	7	1.64156754841224e-58	3.20714619003217	0.873	0.203	2.95695562495498e-54
TBC1D10C	7	1.9365361903892e-53	4.12818247906195	0.392	0.032	3.48828263974807e-49
PTPRC	7	4.20878002812916e-51	2.6453349601326	0.911	0.259	7.58127546466906e-47
CD7	7	6.24972304218716e-51	4.49612085403373	0.392	0.034	1.12576261158917e-46
LTB	7	1.15980670863758e-48	4.43146607041825	0.456	0.052	2.08915982426887e-44
SYTL1	7	1.35364284420475e-45	4.16891009106568	0.278	0.018	2.43831685526601e-41
RAC2	7	5.03009639839057e-44	3.71146702552183	0.595	0.111	9.06071264242094e-40
IL2RG	7	3.8099747591334e-42	3.60114833109813	0.405	0.045	6.862907533627e-38
CXCR4	7	1.38030464767958e-37	2.93834617500291	0.671	0.155	2.48634276186524e-33
TUBA4A	7	4.94898183014808e-37	4.10234247412669	0.392	0.049	8.91460097064573e-33
PYHIN1	7	2.10584003267309e-36	3.94364472810763	0.316	0.031	3.79324965085404e-32
HLA-B	7	5.1341618895928e-36	1.75030142403568	1	0.902	9.24816581172351e-32
B2M	7	2.41602911073861e-34	1.43385738531608	1	1	4.35199323717345e-30
HLA-C	7	5.05820564186795e-34	1.74398648243534	1	0.897	9.11134582269673e-30
HCST	7	8.40048332141443e-34	2.28798076296402	0.823	0.262	1.51317906068638e-29
HLA-A	7	2.22895242059579e-33	1.65253397044299	1	0.98	4.01501199521919e-29
SYTL3	7	1.754489279512e-28	3.31339735152885	0.278	0.031	3.16036153918497e-24
PTPN22	7	1.08685443006464e-27	3.47531591383899	0.43	0.086	1.95775088487543e-23
ACAP1	7	1.74516489104386e-27	3.58414190579244	0.443	0.095	3.14356551823731e-23
RPS29	7	7.68602914501574e-27	1.43830464368793	1	0.998	1.38448442989168e-22
ITGAL	7	6.02674363461228e-26	3.15508393619866	0.291	0.038	1.08559733090271e-21
RPS27	7	1.19409217257442e-24	1.09359926545548	1	1	2.15091823045831e-20
ISG20	7	8.51056520083203e-24	3.3768563768462	0.43	0.102	1.53300810962587e-19
TRAF3IP3	7	1.97367137957376e-23	2.93679954023947	0.291	0.042	3.55517425602621e-19
SAMSN1	7	3.2863332699235e-23	2.6443528296633	0.443	0.1	5.91967211911319e-19
RASAL3	7	6.55453739515358e-23	2.89204953036487	0.278	0.039	1.18066882098902e-18
CD48	7	1.0535171259675e-22	2.34096792231949	0.519	0.142	1.89770039900525e-18
ARHGDIB	7	1.17257985536766e-22	2.15808989986699	0.709	0.288	2.11216809347376e-18
PTPN7	7	1.75252677168572e-22	3.53650212693033	0.253	0.034	3.15682647383749e-18
SEPT1	7	3.88298887541128e-22	3.3417322952321	0.392	0.09	6.99442786127835e-18
RPS15A	7	4.39021495568587e-22	0.93120876717918	1	1	7.90809419967697e-18
TNFAIP3	7	1.05756497508242e-21	1.96914595066535	0.62	0.205	1.90499178961596e-17
LCP1	7	1.25253360428447e-21	1.95278293280168	0.646	0.215	2.25618878139761e-17
ICAM3	7	1.61935555033303e-21	2.76118128780101	0.456	0.121	2.91694515281488e-17
LIMD2	7	2.50960401520273e-21	2.5357897728653	0.595	0.214	4.52054971258468e-17
TMSB4X	7	3.26249628356204e-21	1.15324074096962	1	0.998	5.8767345555803e-17
PLAC8	7	4.09166842044832e-21	2.00255170464356	0.291	0.046	7.37032232575357e-17
EVL	7	4.53922914084242e-21	2.51259618017402	0.658	0.306	8.17651345139945e-17
STK4	7	1.2362421032881e-20	2.42401130132697	0.633	0.253	2.22684290065286e-16
HLA-E	7	9.80040318353062e-20	1.4020769839963	1	0.816	1.76534662544937e-15
TMC6	7	1.25457351180993e-19	2.62828446103564	0.418	0.11	2.25986326682323e-15
ARL4C	7	6.09566155586459e-19	2.09307260903082	0.57	0.2	1.09801151605789e-14
ETS1	7	7.77473259679151e-19	2.67580933601001	0.481	0.156	1.40046258266006e-14
APOBEC3G	7	2.18335320222844e-18	3.48853483446204	0.392	0.106	3.9328741231741e-14
PFN1	7	3.61565413360182e-18	1.61535445361089	1	0.927	6.51287779085695e-14
SLC38A1	7	3.66033824501548e-18	2.9833544379096	0.329	0.072	6.59336728074638e-14
IKZF1	7	5.88100218682269e-18	2.7785346460211	0.329	0.073	1.05934492391237e-13
AKNA	7	1.7805182663326e-17	3.09823807579395	0.367	0.095	3.20724755314491e-13
MALAT1	7	2.23245415889671e-17	0.755195395426623	1	1	4.02131967642065e-13
CCL4	7	2.51849590004497e-17	1.18750469320097	0.633	0.237	4.536566664751e-13
CD37	7	2.92168054985064e-17	1.54498443480013	0.633	0.229	5.26282317444595e-13
MYO1G	7	7.34131478156305e-17	2.85524961216192	0.278	0.053	1.32239103160295e-12
GMFG	7	7.98731012430096e-17	1.92517882362751	0.646	0.267	1.43875417269033e-12
BIN2	7	8.59985369882953e-17	2.46935845854259	0.278	0.052	1.54909164677016e-12
BTG1	7	1.41445686070431e-16	1.42855776614405	0.987	0.715	2.54786114318667e-12
PSMB9	7	2.5790132792043e-16	2.18518868730666	0.595	0.288	4.64557661983071e-12
SRGN	7	3.5068713419622e-16	0.458229947941834	1	0.491	6.31692734827651e-12
OCIAD2	7	4.3745145939685e-16	2.77421304007101	0.304	0.068	7.87981313811545e-12
RPS14	7	1.45826563263697e-15	0.641138765379641	1	1	2.62677388406898e-11
RPS3	7	3.89365195949951e-15	0.673232577328728	1	1	7.01363527464647e-11
SH3BGRL3	7	1.00611284749811e-14	1.08521316670254	0.987	0.921	1.81231107219835e-10
CYBA	7	1.47807989415901e-14	1.02747927966668	1	0.873	2.66246531334862e-10
RPS25	7	1.66137480213919e-14	0.767122523138851	1	1	2.99263443109333e-10
SRSF7	7	2.86963508151288e-14	1.1505886766993	0.987	0.811	5.16907367232915e-10
RPL28	7	3.699312002604e-14	0.667513570162837	1	1	6.66357071029058e-10
GPSM3	7	5.50668103770445e-14	2.06581659810157	0.506	0.205	9.91918455321703e-10
RPLP2	7	6.35625796273673e-14	0.664919916150654	1	0.998	1.14495274682777e-09
RP11-489E7.4	7	6.69572854060511e-14	3.21242643277641	0.329	0.094	1.2061015820192e-09
GPR65	7	1.27453720534401e-13	2.24726346943911	0.342	0.097	2.29582386798617e-09
CFL1	7	1.32954694901613e-13	0.927797124482134	1	0.986	2.39491291926276e-09
RPL23A	7	1.72159170131738e-13	0.684390751575985	1	0.998	3.10110313158299e-09
STK17A	7	1.96845750115731e-13	2.61927878432493	0.418	0.154	3.54578249683467e-09
RBM38	7	2.05457470196089e-13	2.44021211288307	0.253	0.054	3.70090541064215e-09
TAGAP	7	2.15160499207859e-13	2.31981101682385	0.405	0.137	3.87568607223117e-09
CALM1	7	2.2867741257717e-13	1.14864778119897	0.975	0.853	4.11916623275256e-09
RPS27A	7	2.80104768678621e-13	0.566561023220976	1	1	5.045527198208e-09
CD97	7	7.48354775781378e-13	2.69315770109328	0.418	0.158	1.348011457615e-08
ARHGEF1	7	8.08562630211218e-13	2.34216948879916	0.481	0.221	1.45646386579947e-08
RPS7	7	1.12838015445949e-12	0.690457231513842	1	0.998	2.03255117222787e-08
RPL27A	7	1.21268979342609e-12	0.813197389333266	1	0.992	2.18441812489841e-08
RPS21	7	1.33515034830995e-12	0.740930397761943	1	0.996	2.40500632241072e-08
CD53	7	1.92073346920189e-12	1.39658518048281	0.57	0.231	3.45981719807337e-08
TSC22D3	7	2.29417802746841e-12	1.58676331571592	0.911	0.624	4.13250288087884e-08
PARP8	7	4.13601430552927e-12	2.75915525986752	0.304	0.09	7.45020256854988e-08
RPL30	7	4.31319425778844e-12	0.543869638130392	1	1	7.76935681655431e-08
TGFB1	7	5.96925652173252e-12	1.97949746124577	0.582	0.333	1.07524217725968e-07
CYTIP	7	6.08923699850885e-12	2.05299255774399	0.367	0.118	1.0968542605414e-07
RPLP1	7	1.07903099944537e-11	0.508390749170482	1	1	1.94365853930095e-07
ARAP2	7	1.30451418071215e-11	2.71964095696753	0.304	0.093	2.3498213937168e-07
GNG2	7	1.7897655894937e-11	2.07758637504112	0.405	0.155	3.223904756355e-07
ZFP36L2	7	2.25872597896165e-11	1.12138992886353	0.987	0.744	4.06864310590361e-07
RPSA	7	2.42943201804096e-11	0.690221385920896	1	0.986	4.37613589409718e-07
ARPC2	7	2.44573374689752e-11	0.993656729950046	1	0.835	4.4055001982865e-07
HLA-F	7	6.05684013916828e-11	2.40842562421542	0.418	0.182	1.09101861426838e-06
RPL13	7	1.28052244007295e-10	0.443375172728627	1	1	2.3066050713034e-06
TSTD1	7	1.28613569458666e-10	2.23351837790461	0.38	0.152	2.31671622665896e-06
FAU	7	1.29073087073785e-10	0.615752265934026	1	0.999	2.32499351746009e-06
DUSP2	7	1.29433639821837e-10	1.04603734187109	0.481	0.184	2.33148815411074e-06
SUN2	7	1.39399666208335e-10	2.25552040073185	0.405	0.176	2.51100618741075e-06
MYL12A	7	3.34563587769179e-10	0.950212555923006	0.987	0.967	6.02649390648622e-06
ATP5E	7	3.40251274427814e-10	0.737378921587531	1	0.992	6.12894620626822e-06
RORA	7	3.43384291201042e-10	2.3144957109583	0.354	0.135	6.18538123740438e-06
DOK2	7	3.74591752172318e-10	2.34335057363048	0.304	0.098	6.74752123187997e-06
TMEM2	7	4.31569145531183e-10	2.07294606215968	0.342	0.124	7.7738550184532e-06
SLC38A2	7	4.46887163038724e-10	0.968823119113113	0.949	0.714	8.04977846781653e-06
RPL38	7	4.70086480436606e-10	0.598851306778869	1	0.992	8.46766777210459e-06
RPL18	7	7.46757259120337e-10	0.500330608332016	1	1	1.34513385085346e-05
RGS1	7	7.92141626799869e-10	1.28615152290371	0.443	0.173	1.4268847123546e-05
CDC42SE2	7	8.09919057064515e-10	2.0684907323999	0.405	0.18	1.45890719749031e-05
CASP8	7	8.10444155479512e-10	2.71013290430211	0.266	0.083	1.45985305726524e-05
RPL14	7	1.16435339854887e-09	0.552821703048868	1	0.999	2.09734977680609e-05
ID2	7	1.38668210355647e-09	1.38140316611511	0.62	0.364	2.49783047313626e-05
RPL19	7	1.45341847225176e-09	0.449405044397935	1	1	2.6180426940671e-05
FYB	7	1.57874651172634e-09	1.70656687700848	0.405	0.166	2.84379609157265e-05
HNRNPH1	7	1.97170892730142e-09	0.967154157108718	0.975	0.784	3.55163929074805e-05
HMHA1	7	2.07683233133842e-09	2.28021622868449	0.316	0.114	3.74099807843989e-05
RPS15	7	2.88345606692595e-09	0.492870367083409	1	1	5.19396941335372e-05
LEPROTL1	7	3.03670563803986e-09	2.05878300624705	0.494	0.3	5.47001786580119e-05
RNF213	7	4.27328414652681e-09	2.00132787164986	0.506	0.303	7.69746673313874e-05
RPS12	7	4.79143297227543e-09	0.461082368739936	1	1	8.63080821295973e-05
FMNL1	7	4.92227370991252e-09	1.75838807290933	0.405	0.181	8.86649163366543e-05
AES	7	5.31806513780667e-09	1.01432158196265	0.848	0.685	9.57943073273115e-05
UBA52	7	9.18402744231989e-09	0.523854953290501	1	0.993	0.000165431886318508
RPS26	7	1.03311770639082e-08	0.653035072763098	1	0.995	0.000186095492452178
GPRIN3	7	1.3361705603998e-08	2.09987843417521	0.266	0.088	0.000240684403044815
PTMA	7	1.46043637673249e-08	0.600042903583628	1	1	0.000263068404540823
RPL10	7	1.69695426331931e-08	0.397612941027891	1	0.999	0.000305672371451707
PDE7A	7	1.82034187516953e-08	2.11689078269584	0.291	0.108	0.000327898181974287
FYN	7	2.15383580169044e-08	2.11318615035603	0.443	0.24	0.000387970442958499
RPL18A	7	2.7870454960917e-08	0.428448256548775	1	1	0.000502030505210999
CD44	7	3.1696108892754e-08	0.660773005420926	0.937	0.63	0.000570942009485178
PTGER4	7	3.74804447600534e-08	1.78327403337857	0.418	0.207	0.000675135251462842
SUB1	7	4.27243940302578e-08	0.838932562033385	1	0.926	0.000769594509667034
COTL1	7	4.34330679003046e-08	0.772642332195783	0.759	0.508	0.000782359852088186
TMEM66	7	5.80315990442446e-08	0.820455280248953	0.987	0.835	0.00104532319358398
EMP3	7	7.46076281376163e-08	0.687914864960875	0.975	0.736	0.00134390720564288
RPS19	7	9.21488041707177e-08	0.542584148894058	1	1	0.00165987640952714
CNOT6L	7	1.36620660260346e-07	2.18192303485585	0.367	0.18	0.00246094795326961
HCLS1	7	1.75354934356012e-07	1.50807556611544	0.443	0.231	0.00315866843255485
RBM39	7	2.94197577844092e-07	0.701763027541535	0.949	0.819	0.00529938096970564
SRSF3	7	3.27635915440276e-07	0.868108440145724	0.987	0.872	0.0059017057448257
PPP2R5C	7	3.31636731001145e-07	1.91942711112005	0.43	0.254	0.00597377243552363
MYO1F	7	3.70464201124257e-07	2.01299989965813	0.291	0.117	0.00667317165485125
MT-CO1	7	3.95582607210588e-07	0.408735239876908	1	1	0.00712562950368431
PSME1	7	5.08242881393278e-07	1.20559066192166	0.684	0.58	0.00915497902253711
RPS28	7	5.75688779273559e-07	0.357323021767936	1	1	0.0103698819810546
EEF1D	7	6.63346813838142e-07	0.60834749640134	0.987	0.971	0.0119488661576665
ARGLU1	7	6.85015607720577e-07	0.891760756211058	0.759	0.649	0.0123391861418707
TBCC	7	1.17264826092779e-06	2.36879559018795	0.266	0.111	0.0211229131240922
RPL41	7	1.20194582887942e-06	0.320925347810274	1	1	0.0216506502156049
SRSF2	7	1.52984624150596e-06	0.936945838636449	0.899	0.757	0.0275571203482469
C12orf75	7	1.53048230505772e-06	1.34199910276735	0.392	0.213	0.0275685777610047
RBL2	7	2.79441515368807e-06	1.92533537455174	0.342	0.185	0.0503358001633832
HNRNPDL	7	3.07560626141812e-06	0.74614447715458	1	0.886	0.0554008955869246
MT-ATP6	7	3.37505627415693e-06	0.317045884028575	1	1	0.0607948886663888
CRIP1	7	3.88640250433519e-06	1.28680630173793	0.557	0.369	0.0700057683105898
FAM49B	7	4.62526120818651e-06	1.19545187851817	0.468	0.277	0.0833148301430635
UCP2	7	4.69410774147102e-06	1.39794046009482	0.342	0.163	0.0845549627471174
TXNIP	7	5.37665232447846e-06	1.00482596821243	0.684	0.538	0.0968496383208304
WIPF1	7	5.96318678474088e-06	1.71930286493594	0.468	0.326	0.107414883553537
APBB1IP	7	7.11273853446269e-06	1.92422031971776	0.266	0.117	0.128121759221276
RPS16	7	7.41563264850355e-06	0.36099609322472	1	0.995	0.133577790897494
PPP1R18	7	8.17165095483011e-06	1.63505474652971	0.38	0.223	0.147195948649355
ACTB	7	9.36977479186299e-06	0.701832008853823	1	1	0.168777753325828
CCNH	7	9.60112963033315e-06	1.75682755892171	0.43	0.285	0.172945148031191
RPL35	7	1.22252630586396e-05	0.424766909717807	1	1	0.220213663475274
STK17B	7	1.26341453005413e-05	1.52898659305352	0.443	0.279	0.227578859298651
ARHGAP4	7	1.35598985436894e-05	1.73566799640924	0.304	0.149	0.244254452467477
TMA7	7	1.44413372540616e-05	0.582733711399631	1	0.972	0.260131807957411
FUS	7	1.53456773276737e-05	0.726741196599793	0.987	0.822	0.276421685703385
IRF1	7	1.5489067560308e-05	1.59442246790982	0.392	0.233	0.279004573963827
HNRNPA1	7	1.64984414607388e-05	0.619928074354153	1	0.939	0.297186426032287
RPL11	7	2.20702847568327e-05	0.264033375639969	1	1	0.397552039324828
CCNL1	7	2.35573452953139e-05	0.582898021225657	0.975	0.762	0.424338460804489
N4BP2L2	7	3.48653043494217e-05	0.806136943900932	0.949	0.824	0.628028727246134
NDUFA3	7	4.1418726049164e-05	0.655803122491547	0.835	0.722	0.746075512323592
C1orf63	7	4.87819458635705e-05	1.01372808695312	0.608	0.506	0.878709190840495
NDUFB8.1	7	4.88837945874074e-05	0.638459897054844	0.899	0.744	0.880543791902969
NDNL2	7	5.25287906668634e-05	1.88153630368219	0.354	0.223	0.94620110628221
MT-CO2	7	6.06970097224353e-05	0.278415946271671	1	1	1
GPBP1	7	7.0318911493539e-05	0.891056128744346	0.633	0.563	1
RPL36AL	7	7.32993671757016e-05	0.577450541776027	0.987	0.945	1
UBL5	7	7.60975355246206e-05	0.485671113678194	1	0.955	1
ARPC3	7	7.67776776873654e-05	0.443576542444131	0.987	0.883	1
UBE2S	7	7.72261332045498e-05	1.27728156397159	0.544	0.437	1
SF3B1	7	8.03933325338279e-05	0.76215367384882	0.785	0.727	1
DNAJB1	7	8.11104456378129e-05	0.544328813320598	0.734	0.549	1
DNAJA1	7	8.27715140182191e-05	0.606076414594982	0.937	0.739	1
APRT	7	8.65894665883379e-05	0.624988302140996	0.924	0.763	1
TAP1	7	8.70232573175803e-05	1.8827504969712	0.266	0.135	1
LAPTM5	7	9.22036521583728e-05	0.436988212008786	0.506	0.272	1
CLIC1	7	9.24006333754422e-05	0.777003751076673	0.987	0.911	1
BIRC3	7	9.3123517258109e-05	1.74158203583104	0.253	0.117	1
VPS37B	7	9.86151640807099e-05	1.96216481607843	0.253	0.128	1
SRRM1	7	0.00010011722982142	0.960048591661566	0.658	0.629	1
CYTH1	7	0.00010303870992324	1.5132755750728	0.316	0.177	1
HMGN1	7	0.00011847678247227	0.552429689590445	0.962	0.794	1
TXN	7	0.000122119888700721	1.12526613190904	0.987	0.879	1
BRD2	7	0.000126661238733965	1.24093329115023	0.595	0.55	1
UBALD2	7	0.000133286440060625	1.6310158440013	0.367	0.244	1
SNHG12	7	0.000135573685422867	1.53974778643399	0.291	0.153	1
KIAA1551	7	0.000145529164559959	1.83666818642019	0.304	0.174	1
ANAPC16	7	0.000151108545756736	0.856464513320775	0.684	0.624	1
SEPT7	7	0.000173839995868862	0.611933251817492	0.975	0.865	1
RPS2	7	0.000188061998870739	0.297059612527512	1	1	1
RPL32	7	0.000191416112925945	0.316189987266269	1	1	1
MBNL1	7	0.000194612222759722	0.626820801094799	0.924	0.765	1
RPS24	7	0.00020102913972795	0.258727137858036	1	1	1
YPEL5	7	0.000201624970035529	1.55410307941106	0.506	0.448	1
MT-CO3	7	0.000210555961841235	0.274189451325972	1	1	1
LCP2	7	0.000213552172366288	1.23984599787662	0.253	0.123	1
COX4I1	7	0.000214346324908607	0.462252538435037	0.987	0.957	1
S100A4	7	0.000231147990173207	0.716704750024543	0.987	0.813	1
RPL37	7	0.000252599215678208	0.269764335986514	1	1	1
FNBP1	7	0.00027460000368258	1.95576305263666	0.38	0.273	1
RPL37A	7	0.000313070438974312	0.267633519597684	1	1	1
ACTR3	7	0.000318415151203176	0.874931978023615	0.696	0.639	1
TUBB4B	7	0.000331446602589363	0.583119029463143	0.975	0.746	1
NR4A2	7	0.000348949566768464	0.50295945765936	0.949	0.665	1
EMB	7	0.00038043806856921	1.66200353648498	0.253	0.131	1
RPL21	7	0.000399187759334836	0.34233114207789	1	1	1
GLTSCR2	7	0.000426115385871767	0.636890447690206	0.899	0.758	1
ATP5D	7	0.000435291998916541	0.468347684342073	0.987	0.84	1
HNRNPA2B1	7	0.00043974690191106	0.490018109396534	1	0.968	1
DNAJB6	7	0.000442814192083339	0.844411816742694	0.658	0.598	1
ANKRD12	7	0.000447884524438299	1.08271366737776	0.544	0.498	1
TMSB10	7	0.000497809850464502	0.338272034851044	1	1	1
ATP5G2	7	0.000557004508996934	0.454969937998195	0.975	0.901	1
SELK	7	0.000622089893733351	0.567994944423218	0.924	0.729	1
EML4	7	0.000634211846373973	1.82042235140351	0.316	0.21	1
ERP29	7	0.000782470848506155	0.530352552988269	0.861	0.725	1
NCF1	7	0.000859281931928788	1.29133361586287	0.253	0.134	1
HNRNPA3	7	0.000895755493294536	0.733963002431842	0.81	0.728	1
ZNF331	7	0.000996423392079074	1.04715275383654	0.392	0.271	1
RP11-138A9.2	7	0.00105456906307521	1.6686892966805	0.291	0.176	1
YWHAB	7	0.00119343919108067	0.644010051764194	0.886	0.76	1
GYPC	7	0.00120647548160858	0.95924493390353	0.443	0.347	1
SNRPB	7	0.0012075134346442	0.800749749986266	0.608	0.578	1
ARL6IP4	7	0.00123954740382204	0.537147503962121	0.886	0.774	1
NDUFA1	7	0.001280431028563	0.493962976433518	0.962	0.829	1
CDC42	7	0.00130254472233454	0.455180954936742	0.975	0.82	1
GNAI2	7	0.00154252508759883	0.354476811610862	0.924	0.758	1
DDX17	7	0.00160141325828959	0.480198475900882	0.911	0.793	1
TNFRSF1B	7	0.00160722096335909	1.23615151431888	0.304	0.185	1
RPS10	7	0.00174132837133351	0.371899636718492	1	0.959	1
ISG15	7	0.0018681655167646	0.66779384875381	0.506	0.408	1
COPE	7	0.00195199770984369	0.592822529023215	0.772	0.719	1
CKLF	7	0.00202797194672815	0.712788306436871	0.532	0.436	1
ATP5L	7	0.00208772004395328	0.536589719953061	0.987	0.933	1
COX8A	7	0.00209184025429639	0.565531812204219	0.975	0.818	1
RPL27	7	0.002152474874631	0.321655502531164	1	0.993	1
LSP1	7	0.00226063367483509	0.659650868835804	0.62	0.522	1
C9orf142	7	0.00230743720911765	1.06131520586663	0.468	0.412	1
DGKZ	7	0.00239153577934661	1.45297506480498	0.253	0.151	1
CREM	7	0.00260480785354671	1.32121159636123	0.43	0.341	1
HNRNPC	7	0.00262871736728068	0.565366164602796	0.835	0.73	1
SLC2A3	7	0.00281563063534503	0.520680077873606	0.772	0.629	1
IER2	7	0.00287792779819012	0.295420780816488	0.987	0.878	1
SET	7	0.00288710645235344	0.462463553666548	0.835	0.7	1
C14orf2	7	0.00291054638146284	0.471446644124719	0.987	0.854	1
UQCR10	7	0.00313754427191159	0.408947340960078	0.911	0.805	1
RICTOR	7	0.00315722248238192	1.41992509873809	0.278	0.181	1
SLFN5	7	0.00334082578663238	1.71531935101744	0.291	0.201	1
COX7A2	7	0.00347397472611033	0.383714404081873	0.975	0.882	1
FAM133B	7	0.00347483939056752	0.898809080041556	0.544	0.506	1
H2AFZ	7	0.00357077634820042	0.702143962269707	0.81	0.656	1
RNPEPL1	7	0.00357446574830058	1.39135594654132	0.278	0.185	1
RPL31	7	0.00368809645795621	0.470420741046698	0.911	0.781	1
COX7B	7	0.00376708715926023	0.415786409757214	0.975	0.829	1
SF1	7	0.00376972167309523	0.626277619508511	0.759	0.696	1
TRABD	7	0.00383977253243702	1.3980276662508	0.316	0.228	1
EIF3G	7	0.00404470837214669	0.543717704579647	0.81	0.738	1
DRAP1	7	0.00410688580123548	0.514979881285044	0.81	0.726	1
SORL1	7	0.00415347446809848	1.12471028715514	0.266	0.161	1
NDUFB2	7	0.00419487132584965	0.498073168429125	0.962	0.873	1
HINT1	7	0.00427766625906948	0.344369210289965	1	0.921	1
ELF1	7	0.00443290732549934	0.908491633438895	0.481	0.409	1
PKN1	7	0.00448033126457964	1.30172094915557	0.316	0.234	1
PSME2	7	0.00455056033318705	1.09106254926068	0.532	0.51	1
YWHAZ	7	0.00462996246710218	0.477955039339804	0.861	0.741	1
FXYD5	7	0.00500507927131663	0.961959318600566	0.456	0.362	1
ABHD17A	7	0.00503339850266412	1.2556630426913	0.418	0.37	1
CKS2	7	0.00507606457027837	0.736693001810008	0.316	0.205	1
ARPC1B	7	0.00525714386658062	0.37258189367104	1	0.886	1
EIF4A2	7	0.00535616629670191	0.406126649202056	0.987	0.877	1
VAMP8	7	0.00642271216650892	0.397401662559081	0.405	0.253	1
PPIA	7	0.00646296858799589	0.352258241696782	1	0.984	1
RARRES3	7	0.00648948042110198	1.16968317050235	0.468	0.412	1
SP100	7	0.00658065739750138	1.16857617252677	0.367	0.303	1
HMGB1	7	0.00687282783026306	0.489145003863278	0.987	0.968	1
PDCD4	7	0.00738217622167513	0.966280924550659	0.418	0.358	1
UBB	7	0.0074058986487363	0.455979428741389	1	0.978	1
ABRACL	7	0.00785970369347085	1.18469762137191	0.329	0.247	1
FAM107B	7	0.00792007228145736	1.14190471433425	0.38	0.296	1
ITGB2	7	0.00806130636014431	0.472525737621271	0.38	0.239	1
EFHD2	7	0.00821564100688028	1.40939173482379	0.392	0.324	1
C19orf43	7	0.00849165200154918	0.571476290835388	0.81	0.751	1
SFPQ	7	0.00895194114161222	0.42913398093309	0.937	0.781	1
SERBP1	7	0.00935276317043934	0.363448142987532	0.937	0.763	1
TNFAIP8	7	0.00993217837086237	0.82629213741113	0.291	0.195	1
RAB8B	7	0.00998697479787359	1.34109106644836	0.304	0.227	1
LILRA4	8	0	10.4698490536402	1	0.004	0
IGJ	8	0	11.2764515923479	1	0.007	0
DERL3	8	0	8.01818001606502	0.958	0.01	0
MZB1	8	0	8.72231421776386	0.917	0.002	0
LRRC26	8	0	9.48425647746127	0.875	0.003	0
SCT	8	0	9.42088757724765	0.875	0.005	0
CLEC4C	8	0	10.2421816902631	0.833	0.001	0
TCL1A	8	0	10.7049723209903	0.75	0.002	0
SHD	8	0	9.36617040753858	0.729	0.002	0
FAM129C	8	1.11647323767884e-297	8.21981387723467	0.75	0.004	2.0111032430309e-293
GZMB	8	2.43062804942032e-289	8.46752687948302	1	0.016	4.37829030542082e-285
LAMP5	8	3.85603915534145e-252	7.58127033630867	0.875	0.014	6.94588333051656e-248
RP11-73G16.2	8	3.03849636525419e-237	10.1267044728432	0.479	0	5.47324350273237e-233
PTCRA	8	5.60988843803266e-224	7.95677947140088	0.583	0.004	1.01050920434282e-219
BCL11A	8	2.7054117497652e-215	6.96258509308208	0.938	0.024	4.87325818485206e-211
C1orf186	8	3.59376634034717e-200	7.24218169026313	0.521	0.003	6.47345130886736e-196
PLAC8	8	2.90348160522785e-199	6.78800579707732	1	0.034	5.23004141549693e-195
SPIB	8	1.10331996599555e-193	6.20655778053241	0.833	0.02	1.98741025474779e-189
PACSIN1	8	6.0150685434517e-184	7.54174197212203	0.458	0.002	1.08349429673196e-179
PHEX	8	7.32774990698255e-178	7.34909689417964	0.542	0.006	1.31994759074477e-173
EPHB1	8	4.30239777284107e-173	7.06111613121561	0.542	0.006	7.74990910821862e-169
KRT5	8	2.38626340918379e-171	8.50521609609692	0.417	0.002	4.29837627896277e-167
IRF4	8	7.75951936527468e-169	6.45808404307512	0.812	0.024	1.39772222326693e-164
MYBL2	8	5.35858513146329e-165	6.97470137939814	0.458	0.004	9.65241939730482e-161
PROC	8	1.45697014978223e-158	7.78966948556562	0.375	0.001	2.62444033080273e-154
SMPD3	8	1.55409306508114e-158	5.98374651900115	0.729	0.02	2.79938783813065e-154
TSPAN13	8	6.97580726380137e-155	6.405605284136	0.958	0.045	1.25655216242854e-150
CARD11	8	6.81416672480531e-145	5.92025359537576	0.562	0.011	1.22743585213918e-140
LINC00996	8	1.56057020587036e-138	7.78966948556562	0.333	0.001	2.81105511183428e-134
ZFAT	8	1.36965087692443e-135	5.61836325372495	0.708	0.024	2.46715212460398e-131
SLAMF7	8	2.88656780063101e-135	5.35618631896596	0.625	0.017	5.19957457927664e-131
PTPRCAP	8	4.90945403713721e-131	4.71499279927112	0.917	0.048	8.84339955709526e-127
IL3RA	8	1.5924469445353e-130	5.48306606479443	0.979	0.061	2.86847468119144e-126
AC023590.1	8	2.67613687470859e-126	5.63193978109361	0.542	0.013	4.82052535241258e-122
SLC12A3	8	6.26729342980671e-125	7.04424231265122	0.333	0.002	1.12892756551108e-120
DNASE1L3	8	1.09338206350344e-124	4.6553987539176	0.625	0.019	1.96950911098875e-120
CXCR3	8	3.97253446958042e-123	5.95677947140088	0.562	0.015	7.15572634005521e-119
TMIGD2	8	7.04559326737336e-118	6.38973887867698	0.354	0.004	1.26912271525196e-113
RP11-117D22.2	8	2.72326500676322e-115	6.95677947140088	0.312	0.002	4.90541725668259e-111
CIB2	8	1.66933563146808e-112	5.22526830732678	0.667	0.027	3.00697427296346e-108
SLA2	8	4.45265264065672e-105	6.34909689417964	0.354	0.005	8.02056320161495e-101
CLIC3	8	1.85439601567787e-101	4.82071792182485	0.938	0.074	3.34032354304055e-97
SEL1L3	8	6.40345168863305e-100	5.14792095875289	0.854	0.06	1.15345375267347e-95
PLD4	8	1.69252674036189e-98	5.35716594488863	1	0.099	3.04874841741387e-94
LY9	8	9.40555648058816e-96	5.54174197212203	0.417	0.01	1.69422288884834e-91
SIT1	8	1.16443164765204e-95	5.54174197212203	0.396	0.008	2.09749072691562e-91
RP11-783K16.5	8	8.41508387775096e-95	5.30073387261824	0.5	0.017	1.51580905889928e-90
SCAMP5	8	3.71566334292047e-92	4.9220140532402	0.583	0.025	6.69302437960263e-88
LTB	8	7.348200782296e-92	4.47550827372195	0.771	0.051	1.32363140691498e-87
NEK8	8	2.28674524938526e-90	5.66038646862065	0.458	0.014	4.11911421771767e-86
KIAA0226	8	4.83970844572736e-89	4.96128086363582	0.812	0.062	8.7177668232887e-85
SELL	8	5.47985907635347e-83	4.81952296332501	0.917	0.095	9.87087015423551e-79
IRF8	8	6.05157802661672e-80	4.86674727053841	1	0.131	1.09007074993447e-75
ALOX5AP	8	1.24341950174901e-73	4.35493351934603	1	0.141	2.23977154850049e-69
LILRB4	8	8.94559240968049e-73	4.32300194524492	0.812	0.078	1.61136956075575e-68
EGLN3	8	2.07134230443794e-71	5.14319259563176	0.542	0.03	3.73110889298406e-67
DRD4	8	7.16606108629195e-71	5.95677947140088	0.292	0.006	1.29082258347377e-66
CBFA2T3	8	6.46239210707166e-70	4.57650739028271	0.562	0.034	1.16407069024682e-65
POLB	8	1.53968017306922e-69	5.19709380073459	0.562	0.035	2.77342589574958e-65
SLC7A11	8	1.87311595401244e-68	5.64127764567295	0.271	0.005	3.37404376796261e-64
SLC7A5	8	1.09621062519322e-67	4.13822634273841	0.833	0.091	1.97460419916054e-63
PPM1J	8	1.05078562704549e-66	4.63485137651352	0.417	0.017	1.89278014999705e-62
WDFY4	8	2.59674036277915e-66	3.58659620790629	0.646	0.048	4.67750841547408e-62
IRF7	8	3.82353864994851e-66	5.8363464569567	1	0.175	6.88734017015225e-62
RAC2	8	8.31225206576418e-66	3.2602804687416	0.938	0.11	1.4972859646061e-61
BLNK	8	1.54664538666273e-65	4.31934955078559	0.583	0.04	2.78597233499557e-61
PRKCB	8	2.70605871661864e-65	4.18074431255608	0.771	0.078	4.87442356624516e-61
TTC39A	8	1.83154073455005e-63	5.20070505428697	0.292	0.008	3.29915432514501e-59
KCNK17	8	3.71948443619063e-63	4.1632303488683	0.521	0.032	6.69990731491018e-59
RGS13	8	4.15804591716448e-63	5.34909689417964	0.271	0.006	7.48988811058838e-59
RP11-76E17.3	8	1.91633581586973e-62	5.08231035348474	0.312	0.009	3.45189570512614e-58
NME8	8	1.17146493008328e-60	5.01818001606502	0.312	0.01	2.11015977855901e-56
C12orf75	8	3.04729374426731e-60	4.92575257578025	1	0.203	5.48909022154871e-56
NCF1	8	1.5956195613616e-58	3.35259905513558	0.896	0.122	2.87418951588065e-54
ITM2C	8	1.06949467583021e-57	4.70644624324931	1	0.218	1.92648075957296e-53
CD52	8	1.53760038418889e-57	2.63485137651352	0.833	0.094	2.76967957203946e-53
HS3ST3B1	8	8.02131671151736e-56	4.82184989131477	0.312	0.011	1.44487977924562e-51
GAPT	8	4.35848137673163e-55	3.78120790681742	0.729	0.081	7.85093250390668e-51
UCP2	8	3.44118838874539e-53	3.29222237276272	0.938	0.153	6.19861264464707e-49
KIAA0226L	8	3.47696398742696e-53	3.81825960731945	0.583	0.05	6.26305523055218e-49
SLC38A1	8	1.44951454192382e-52	3.63929728154471	0.667	0.068	2.61101054436738e-48
CYB561A3	8	3.26314556923655e-52	4.10494992020267	0.917	0.177	5.8779041138658e-48
TNNI2	8	3.37292838237827e-52	4.18689925476194	0.562	0.048	6.07565589517798e-48
RGS1	8	1.31653964320396e-50	2.998935722434	0.958	0.166	2.37148285930329e-46
SLC15A4	8	4.88668646596715e-50	3.91765314011106	0.792	0.114	8.80238833114662e-46
C1orf228	8	6.29376387981854e-50	4.34010811095238	0.438	0.029	1.13369568767171e-45
MPEG1	8	9.74258934114301e-50	3.37972216876507	0.833	0.121	1.75493261802009e-45
SIDT1	8	6.48562770432195e-49	4.66727285420589	0.354	0.018	1.16825611837951e-44
PRMT10	8	8.29649710961098e-49	3.78654564087874	0.854	0.138	1.49444802435423e-44
LRR1	8	1.19861369065838e-47	4.26541074367478	0.521	0.045	2.15906284098295e-43
BCL7A	8	2.18732164744352e-47	4.36665526556394	0.438	0.031	3.94002248354002e-43
CD36	8	2.56228271851478e-47	2.58167344439577	0.729	0.088	4.61543986086067e-43
GPR183	8	3.26456857923162e-47	3.4476953161281	0.958	0.185	5.88046738176991e-43
UGCG	8	1.3484337944916e-46	3.76331954167693	1	0.282	2.42893379401772e-42
CD4	8	1.04401101831184e-45	3.31934955078559	0.896	0.164	1.88057704728511e-41
CXCR4	8	1.92831069289859e-45	3.55043817109185	0.875	0.158	3.47346605111823e-41
TRAF4	8	5.38195320005696e-44	3.49504873667399	0.875	0.168	9.6945122992626e-40
AMICA1	8	1.08467016664986e-43	2.70429498490799	0.896	0.154	1.95381637118639e-39
MAPKAPK2	8	1.69798075429918e-43	3.35683923878361	0.979	0.275	3.05857273271911e-39
CDKN2D	8	1.91715704974664e-43	3.40008082289844	0.708	0.1	3.45337499370863e-39
CYSLTR1	8	3.63754882179294e-43	3.5664040263563	0.646	0.08	6.55231669269562e-39
OPN3	8	3.7992159680164e-43	3.58021611993667	0.646	0.081	6.84352772318794e-39
RUNX2	8	5.83815894215858e-43	3.4731003065169	0.854	0.167	1.05162757025102e-38
PPP1R16B	8	7.02377684932925e-43	4.12670447284319	0.354	0.021	1.26519292386968e-38
SMIM5	8	7.33963295995867e-43	4.6750085029855	0.271	0.012	1.32208808507736e-38
KCNG2	8	9.5370178914586e-43	4.32874824878784	0.333	0.019	1.71790303278844e-38
DCK	8	1.89921381477054e-42	3.44761979475748	0.771	0.13	3.42105384454616e-38
PIM2	8	2.66647489209381e-42	4.37735515422115	0.375	0.025	4.80312122312858e-38
CCDC50	8	4.61485339833983e-42	3.81966061504181	1	0.335	8.31273542642954e-38
SEMA7A	8	1.43768778045572e-41	4.5077946401987	0.312	0.017	2.58970699893489e-37
VAMP8	8	1.5779131978152e-41	2.74188591497999	1	0.242	2.84229504322453e-37
STRBP	8	5.75423525596291e-40	4.26490176676321	0.375	0.027	1.0365103966566e-35
ARL4C	8	7.02438250475002e-40	2.77547159472031	0.938	0.197	1.26530202058062e-35
PIK3AP1	8	1.15710190022139e-39	3.30768663326001	0.583	0.068	2.08428765286879e-35
CSF2RB	8	1.64786396416865e-39	3.37181697067972	0.562	0.065	2.96829735865699e-35
RNASE6	8	5.09560928015975e-39	2.49256092230659	0.938	0.183	9.17872099635176e-35
IKZF1	8	9.20479451561834e-39	3.45576874901218	0.583	0.071	1.65805963609833e-34
RP11-326K13.4	8	1.77274542379297e-38	4.69374506556708	0.25	0.011	3.19324633187828e-34
N4BP2L1	8	2.0601579896758e-38	3.35768268647609	0.729	0.126	3.71096258680302e-34
PFKFB2	8	4.61461528761493e-38	3.75032859393345	0.438	0.039	8.31230651758077e-34
SPN	8	5.93205020018574e-38	3.98301101297406	0.438	0.04	1.06854020255946e-33
STMN1	8	9.20138118678855e-38	2.84541836245317	0.875	0.188	1.65744479317622e-33
ATP2A3	8	6.6723596576352e-37	4.28394421465439	0.333	0.023	1.20189214512983e-32
UNC93B1	8	1.36646126362612e-36	2.67924549587197	0.896	0.182	2.46140667416973e-32
FERMT3	8	7.02165012036627e-36	2.85310082529921	0.792	0.15	1.26480983618158e-31
PPM1K	8	3.50204589235692e-35	2.83392272361534	0.854	0.192	6.30823526590253e-31
PPP1R14B	8	8.19298979533891e-35	3.58072325402544	1	0.636	1.4758032518344e-30
FCHSD2	8	2.18718327517077e-34	3.30703628934673	0.708	0.126	3.93977323356511e-30
INPP4A	8	2.36552447704645e-34	3.3235618020725	0.604	0.088	4.26101924050376e-30
GNG7	8	5.04872545122753e-34	3.35329688270892	0.542	0.07	9.09426915529615e-30
IL2RG	8	6.70921849641832e-34	3.55988931883229	0.458	0.049	1.20853152775983e-29
CD37	8	8.20670820499922e-34	2.37087434075995	0.938	0.228	1.47827434896651e-29
CYFIP2	8	6.59797483998129e-33	3.18739239954229	0.542	0.071	1.18849320792583e-28
SEC61B	8	8.37943112731599e-33	2.54275120269197	1	0.896	1.50938692896343e-28
PTPRS	8	9.87311861536627e-33	3.06017590518059	0.875	0.241	1.77844485618593e-28
ABHD15	8	1.35634568012433e-32	3.39735206278686	0.521	0.067	2.44318547360795e-28
AC006129.2	8	1.6155406362547e-32	3.89404371605292	0.271	0.017	2.91007334808558e-28
SPCS1	8	1.97520043201432e-32	2.34540619111572	1	0.811	3.5579285381874e-28
ERP29	8	5.43036793310498e-32	2.41561519887843	1	0.724	9.781721757902e-28
SCN9A	8	1.34720758689875e-31	3.1952915581006	0.458	0.052	2.42672502628072e-27
CLN8	8	3.31045353208893e-31	3.39929770710183	0.583	0.091	5.96311994735178e-27
C10orf118	8	3.49025804135081e-31	3.39302146266629	0.729	0.161	6.28700180988521e-27
PLP2	8	1.54009399233898e-30	2.52969663046144	0.958	0.351	2.7741713084002e-26
ZNF331	8	1.63456549257513e-30	3.30195056680032	0.875	0.262	2.94434282177558e-26
CDYL	8	1.99590885795392e-30	3.00809824868586	0.708	0.143	3.5952306258324e-26
RPS28	8	2.95805931849177e-30	1.33349930517489	1	1	5.32835225039923e-26
C16orf93	8	5.94876594626394e-30	3.75747066317747	0.312	0.025	1.07155120990052e-25
TCF4	8	7.51077046677247e-30	2.74375158405325	1	0.575	1.35291508417972e-25
AC137932.1	8	9.47972051395861e-30	3.98374651900115	0.292	0.022	1.70758205617936e-25
ADAM19	8	9.69163222867894e-30	3.28692807309321	0.521	0.073	1.74575371335194e-25
RPS12	8	1.0696521939796e-29	1.20051738315161	1	1	1.92676449701546e-25
HERPUD1	8	1.29193337768485e-29	2.66493710270281	1	0.691	2.32715959322372e-25
CORO1A	8	1.81626991616583e-29	2.20116019390298	0.875	0.212	3.27164699998951e-25
RAB11FIP1	8	2.2290260077141e-29	2.84659655365045	0.688	0.133	4.01514454769542e-25
MCOLN2	8	4.14060204195579e-29	3.70986473093036	0.333	0.03	7.45846645817497e-25
CORO7	8	4.21227264798443e-29	3.01304769104762	0.646	0.12	7.58756672081435e-25
CYBA	8	4.4377935081819e-29	2.14863090374293	1	0.875	7.99379744628805e-25
FAM65B	8	4.5279563349211e-29	3.05299478666018	0.479	0.062	8.15620774609338e-25
RPS3A	8	5.67089755250549e-29	1.27533705665934	1	0.997	1.02149877613281e-24
CCR2	8	6.40758784551994e-29	3.56191985405966	0.312	0.026	1.15419879861351e-24
P2RY6	8	1.03048616557994e-28	3.8636700670094	0.312	0.026	1.85621473005914e-24
SPNS3	8	2.02377801415299e-28	3.37181697067972	0.396	0.043	3.64543133689378e-24
RPS23	8	2.225922186298e-28	1.21922824903873	1	1	4.00955363417859e-24
DACH1	8	3.76445092927229e-28	3.78092963600146	0.292	0.023	6.78090545889818e-24
PARK7	8	3.79675164279411e-28	1.79704433429603	1	0.826	6.83908873416503e-24
RPS27	8	3.90069798831633e-28	1.24797056241461	1	1	7.02632728635421e-24
ZC3HAV1	8	3.99493871871425e-28	3.65124581476418	0.833	0.254	7.19608311401998e-24
TNFRSF21	8	5.28382472014736e-28	3.4152095661931	0.417	0.049	9.51775346840144e-24
ZNRF2	8	9.45719172988841e-28	2.72231421776385	0.729	0.162	1.7035239463048e-23
FCER1G	8	1.56628807099808e-27	2.03270771602986	1	0.3	2.82135470228884e-23
RPS13	8	2.46638734334349e-27	1.11366750181025	1	0.999	4.44270352156462e-23
CNPY3	8	2.62961476761057e-27	2.31052079141085	0.938	0.322	4.73672508089692e-23
LPXN	8	6.44546245688258e-27	2.8636700670094	0.604	0.106	1.16102115235826e-22
RPS8	8	6.90638059860422e-27	1.08925149118403	1	0.999	1.24404633722658e-22
HIGD1A	8	7.68976528746004e-27	2.67804375066222	0.917	0.357	1.38515742123018e-22
CHAF1A	8	2.20675975793797e-26	3.95677947140088	0.271	0.021	3.97503635197367e-22
RNASET2	8	2.24478955334181e-26	2.16114525008692	0.979	0.56	4.04353942243461e-22
GPSM3	8	2.25949648880449e-26	2.22309646122397	0.812	0.203	4.07003102528354e-22
HINT1	8	2.50702365322688e-26	1.58567701998755	1	0.922	4.51590170655759e-22
SIK1	8	4.27324024889677e-26	2.62212852507361	0.854	0.263	7.69738766033776e-22
RPS27A	8	4.72372778739351e-26	1.0650683828738	1	1	8.50885086343193e-22
A1BG	8	5.43505014188766e-26	2.72695684458894	0.75	0.193	9.79015582058224e-22
CBX4	8	6.01715537537402e-26	3.24690753811695	0.646	0.142	1.08387019776612e-21
NUP210	8	6.17867225259108e-26	3.73438705006443	0.312	0.03	1.11296423285923e-21
RPS7	8	6.27673362881327e-26	1.17105814086912	1	0.998	1.13062802855813e-21
MED26	8	7.16486320826757e-26	3.63485137651352	0.354	0.038	1.29060680970524e-21
RPL21	8	1.10150691347891e-25	1.03682065500195	1	1	1.98414440324956e-21
RPL37	8	4.20332464844121e-25	1.01858985598037	1	1	7.57144868923714e-21
KCTD5	8	5.96776681454626e-25	2.81927594765094	0.542	0.092	1.07497383630422e-20
RGS2	8	7.00680541979339e-25	3.07389156841466	0.875	0.348	1.26213586026738e-20
PTPRE	8	8.97937024482386e-25	2.19032258052527	0.792	0.194	1.61745396220012e-20
RPL6	8	2.05952295084536e-24	1.03216623626873	1	0.999	3.70981869135775e-20
GRASP	8	2.13790613381468e-24	2.61685962295254	0.812	0.236	3.85101031884037e-20
SFT2D2	8	2.34527435239679e-24	2.40633285238023	0.854	0.272	4.22454269097233e-20
PMEPA1	8	4.36507474487437e-24	2.357741785468	0.75	0.187	7.86280913794219e-20
FAM213A	8	6.00915485801719e-24	2.25573345148961	0.708	0.165	1.08242906457464e-19
LCP1	8	1.05751581435365e-23	1.71354670678257	0.854	0.216	1.90490323639524e-19
RPL19	8	1.10726753797237e-23	0.90636421078703	1	1	1.99452101614962e-19
CERS6	8	1.21521173842814e-23	2.52450526719673	0.667	0.154	2.18896090443062e-19
PIK3CG	8	1.27407113170329e-23	3.4012607485722	0.333	0.037	2.29498432953714e-19
YPEL5	8	1.31147544620083e-23	2.45161768189284	0.917	0.44	2.36236072124155e-19
B2M	8	2.28434079433841e-23	1.24800933618338	1	1	4.11478307284178e-19
SELPLG	8	2.32394145952626e-23	3.09990441349948	0.417	0.059	4.18611575104465e-19
IDH3A	8	2.62142198323779e-23	2.83478894702227	0.604	0.128	4.72196741840624e-19
FAU	8	2.77619382952958e-23	1.01377557588421	1	0.999	5.00075794513162e-19
RPS15A	8	4.79896999496933e-23	0.97704145159287	1	1	8.64438465193826e-19
RPS14	8	9.6909537342989e-23	0.893066290384492	1	1	1.74563149615926e-18
P2RY14	8	1.00305876100133e-22	1.80731857251828	0.771	0.185	1.8068097461917e-18
COBLL1	8	1.34061084569796e-22	2.65817064709864	0.688	0.181	2.41484231635574e-18
RPL11	8	1.91295233644014e-22	0.860691656528065	1	1	3.44580104362962e-18
APBB1IP	8	1.95579471659919e-22	2.62872527371667	0.562	0.113	3.52297302301012e-18
ATP5E	8	2.10445290869696e-22	1.24837947161822	1	0.992	3.79075102443584e-18
LCNL1	8	2.48806063977935e-22	3.42244304374969	0.333	0.039	4.48174363043454e-18
SPINT2	8	3.2288622837722e-22	2.32125914079422	0.708	0.18	5.81614963175886e-18
MSL2	8	3.47030505700084e-22	2.75747066317747	0.521	0.098	6.25106049917561e-18
NPC2	8	4.13255858421755e-22	1.59182365250569	1	0.811	7.44397777775106e-18
RPS21	8	5.27548377937511e-22	1.03098309204573	1	0.996	9.50272893178838e-18
CYBB	8	5.98817440647156e-22	1.65746967917553	0.729	0.171	1.07864985583772e-17
NUDT1	8	7.9041504992431e-22	2.24512496576386	0.792	0.236	1.42377462942866e-17
IQGAP2	8	7.98919710451208e-22	2.69472283249091	0.5	0.088	1.43909407443576e-17
PAG1	8	8.74966421287052e-22	2.48162097968446	0.583	0.121	1.57607701466437e-17
COMMD6	8	1.03535616276688e-21	1.55302895694103	0.979	0.921	1.86498705599198e-17
RASGRP2	8	1.03742032737875e-21	2.95677947140088	0.417	0.062	1.86870523570733e-17
MYL12A	8	1.10466321325336e-21	1.34196410155393	1	0.967	1.98982984603329e-17
ZDHHC17	8	1.23484014058489e-21	2.69374506556708	0.708	0.201	2.22431754523557e-17
NGLY1	8	1.32389333887794e-21	2.5251400047849	0.646	0.155	2.38472907132084e-17
RNU11	8	1.33592692490724e-21	2.4892745522279	0.438	0.066	2.40640516983542e-17
SLC2A6	8	1.48354570092652e-21	3.25633975325979	0.292	0.031	2.67231087107894e-17
CCDC88A	8	1.73402367827237e-21	2.12926835310014	0.833	0.257	3.12349685167203e-17
UBE2S	8	2.1133341020783e-21	2.4251598338846	0.896	0.431	3.80674871807364e-17
DUSP5	8	2.12025693881528e-21	2.02155632240564	0.833	0.246	3.81921882388796e-17
TLR7	8	2.42231882103451e-21	3.09243457075844	0.375	0.052	4.36332289232946e-17
MS4A6A	8	3.6248134489064e-21	1.37027645260394	0.958	0.267	6.52937646551509e-17
NFKBID	8	3.80464861158839e-21	2.1209493807328	0.708	0.177	6.85331354405416e-17
SEC61G	8	3.98881353360308e-21	1.34728111862316	1	0.923	7.18504981807923e-17
CTSC	8	4.07362747879613e-21	1.97071866235875	0.979	0.461	7.33782517755547e-17
RPS6	8	4.43516521763175e-21	0.932618468150078	1	0.998	7.98906310652007e-17
SUSD1	8	4.49247296820014e-21	3.70122018612923	0.396	0.061	8.09229155761892e-17
RP11-356I2.4	8	4.73246880632402e-21	3.29888544822587	0.271	0.027	8.52459606083145e-17
PARP10	8	5.72796462719718e-21	2.56622465732138	0.625	0.148	1.03177826829703e-16
PLEK	8	6.00785706226427e-21	1.76746174373664	0.75	0.186	1.08219529262566e-16
CD2AP	8	6.31686693630895e-21	2.8743173112089	0.604	0.148	1.13785724123733e-16
NACA	8	6.44767480988583e-21	1.05561244408648	1	0.996	1.16141966350473e-16
NIN	8	6.85329815719035e-21	2.445695284651	0.708	0.205	1.2344845970547e-16
ERN1	8	7.30308799894701e-21	2.63752551081184	0.667	0.174	1.31550524125033e-16
RPL30	8	7.92255931297409e-21	0.837793006859934	1	1	1.42709060904602e-16
AREG	8	1.12839422389505e-20	1.49896794843174	0.438	0.068	2.03257651550216e-16
RPS6KA4	8	1.23999877641521e-20	2.76609590979177	0.562	0.124	2.23360979595672e-16
C9orf91	8	1.39794380234157e-20	3.61574255356581	0.292	0.033	2.51811617115787e-16
RPL27	8	3.12043909238074e-20	1.03078005284465	1	0.993	5.62084693710543e-16
SH2B3	8	5.97528025714445e-20	2.14129666845987	0.688	0.173	1.07632723271943e-15
FAM101B	8	7.57590772442328e-20	2.8070323518962	0.417	0.068	1.36464825840037e-15
HLA-B	8	7.59690252091589e-20	1.43922508266564	1	0.903	1.36843005109258e-15
CAPG	8	7.85989423267705e-20	1.86670412709903	0.896	0.327	1.41580274813212e-15
SEPT1	8	8.4390039258268e-20	2.18288730823631	0.5	0.092	1.52011777715918e-15
MAD2L2	8	9.21783725642584e-20	2.27204383600723	0.646	0.163	1.66040902499999e-15
HIVEP1	8	9.25219941352941e-20	2.64773266781025	0.625	0.161	1.66659868035905e-15
EIF4A3	8	1.06227841037732e-19	2.15730721200881	0.896	0.467	1.91348210061266e-15
EEF1B2	8	1.10728837944488e-19	1.22031928800911	0.979	0.979	1.99455855789406e-15
HVCN1	8	1.14744247592742e-19	3.10116938073605	0.417	0.072	2.06688813188806e-15
MEF2C	8	1.26372658657877e-19	1.52997491578454	0.917	0.306	2.27635070040433e-15
RPL34	8	1.26680817813557e-19	0.839597348992835	1	1	2.2819015712756e-15
ATF5	8	1.27165727326118e-19	2.62117643961644	0.542	0.117	2.29063624632536e-15
RPS4X	8	1.33265040872646e-19	0.820424252383082	1	1	2.40050318123897e-15
ANKRD11	8	1.41172960627544e-19	2.28085603286682	0.896	0.374	2.54294853978395e-15
MYCBP	8	1.43109045211553e-19	2.95677947140088	0.333	0.044	2.5778232313957e-15
ABRACL	8	1.47043477395757e-19	2.02301316980096	0.771	0.239	2.64869415832977e-15
AFF3	8	1.53278036570085e-19	2.48120043018698	0.5	0.097	2.76099727273695e-15
RPLP2	8	1.55755432049187e-19	0.767098680949809	1	0.998	2.80562259750201e-15
FAM53C	8	1.63815218048312e-19	2.69457158809951	0.708	0.227	2.95080352270425e-15
RPLP1	8	1.71739394068354e-19	0.761584550075705	1	1	3.09354170535326e-15
CD53	8	1.75661914736404e-19	1.69074257740556	0.833	0.23	3.16419807014684e-15
NR4A3	8	2.48840903472101e-19	2.33703865847684	0.896	0.407	4.48237119424296e-15
ZBTB18	8	3.79458242033785e-19	3.49734785276358	0.312	0.041	6.83518131375458e-15
ATP13A2	8	4.21008023046401e-19	2.45852860387305	0.521	0.109	7.58361751913482e-15
RBM38	8	4.21969198104227e-19	3.57299290610647	0.354	0.054	7.60093116545144e-15
RP1-313I6.12	8	5.34839193149396e-19	3.34010811095238	0.354	0.054	9.63405838620007e-15
THEMIS2	8	5.63312595019507e-19	2.7302709415922	0.521	0.112	1.01469497740864e-14
TRABD	8	6.27167481006843e-19	2.42345795412632	0.708	0.221	1.12971678353763e-14
RPS29	8	6.85566870478761e-19	0.947517637872539	1	0.998	1.23491160379339e-14
TBC1D8	8	7.09212613639754e-19	3.35191741324202	0.271	0.031	1.27750468094929e-14
RPL23A	8	7.20689828413547e-19	0.842457455837	1	0.998	1.29817858792132e-14
ABCA7	8	7.73981158833027e-19	3.29381445867845	0.271	0.031	1.39417226140593e-14
OFD1	8	9.14667179963424e-19	2.83087057410697	0.542	0.125	1.64758999126812e-14
C9orf142	8	9.24294610572173e-19	2.16067464396455	0.875	0.404	1.66493188202366e-14
RPL10	8	9.2489253077298e-19	0.704010284603537	1	0.999	1.66600891568137e-14
RPL15	8	9.76940433303873e-19	0.709560116047784	1	1	1.75976280251027e-14
GPATCH11	8	1.22338820129454e-18	2.794508042502	0.417	0.073	2.20368916699186e-14
RPL22	8	1.25507272005114e-18	0.889665275542341	1	0.993	2.26076249062812e-14
ATP5L	8	1.41473102768287e-18	1.21765576906726	1	0.934	2.54835500016514e-14
HHIP-AS1	8	1.60035701082836e-18	2.73438705006443	0.333	0.047	2.88272308360512e-14
RPL35	8	2.080696870282e-18	0.784396580469341	1	1	3.74795927243897e-14
RPL13	8	2.28521276514325e-18	0.670398641490729	1	1	4.11635375385254e-14
SYK	8	3.0813776139991e-18	2.80641673633708	0.458	0.088	5.55048549609658e-14
MMP23B	8	3.46124841871179e-18	2.30470277482118	0.417	0.071	6.23474677662555e-14
RPS11	8	4.00550415920024e-18	0.919120820211251	1	0.992	7.21511464196739e-14
CREM	8	4.02533019566246e-18	2.77788868870102	0.792	0.335	7.25082728144679e-14
SOX4	8	4.77946018277974e-18	2.16944966005813	0.812	0.313	8.60924162724115e-14
SVIP	8	5.00359787791782e-18	1.98187045236371	0.646	0.171	9.01298085749337e-14
GPX1	8	5.52347972010034e-18	1.28840096249208	1	0.903	9.94944401981675e-14
LYSMD2	8	6.4910873362248e-18	2.57684577307795	0.562	0.139	1.16923956187417e-13
PYCARD	8	6.6073885145597e-18	1.74886423486841	0.854	0.309	1.19018889312764e-13
RPSA	8	7.06662734617507e-18	0.992245451425665	1	0.987	1.27291158386652e-13
USP24	8	7.07240684520452e-18	2.39199485261735	0.5	0.105	1.27395264502669e-13
RPL37A	8	8.11276395691411e-18	0.79273481828554	1	1	1.46135217155894e-13
RPS10	8	9.50593970013548e-18	1.04681791058043	1	0.96	1.7123049181854e-13
TSPYL2	8	1.53974509394877e-17	2.58051154228661	0.75	0.285	2.77354283772991e-13
ZNF589	8	1.55319422996132e-17	3.1632303488683	0.271	0.033	2.79776876642933e-13
AC016831.7	8	2.01850928819272e-17	2.91881162120186	0.375	0.064	3.63594078082155e-13
SUB1	8	2.12072207746962e-17	1.2509985824202	0.979	0.928	3.82005667814602e-13
RP3-477O4.14	8	2.21209631250399e-17	3.29888544822587	0.25	0.029	3.98464908771344e-13
SEPT6	8	2.44793516385421e-17	2.25880800885054	0.646	0.183	4.40946561065059e-13
DDIT4	8	3.23601006916125e-17	1.6694194940506	0.812	0.29	5.82902493758017e-13
ARPC3	8	3.899362685266e-17	1.21539520596767	1	0.884	7.02392200496965e-13
RPL9	8	4.41384944501502e-17	0.731116943258948	1	1	7.95066700530555e-13
CCDC69	8	4.43629253129055e-17	2.43023365690504	0.521	0.119	7.99109373661367e-13
NCKAP1L	8	5.33137598044953e-17	2.31602919249397	0.458	0.091	9.60340755358373e-13
CYTH4	8	5.61669838813686e-17	1.79814763948992	0.562	0.126	1.01173588065509e-12
HCST	8	5.75714496542513e-17	0.829964710046661	0.938	0.267	1.03703452262203e-12
RPL41	8	9.31049927818078e-17	0.602445085338414	1	1	1.6771002349787e-12
SNORD3D	8	1.02544860704447e-16	2.58754566173516	0.396	0.071	1.8471405758692e-12
SRP14	8	1.0744727785561e-16	1.01543750969616	1	0.975	1.93544781601309e-12
CDK2AP2	8	1.16047357756129e-16	2.12858420606141	0.708	0.237	2.09036105526114e-12
GPR65	8	1.19591069923165e-16	2.9079970983146	0.458	0.098	2.15419394252598e-12
RPL35A	8	1.28017124609523e-16	0.686256773899038	1	1	2.30597246559133e-12
RPS2	8	1.28342562206265e-16	0.727658891743011	1	1	2.31183457302145e-12
YWHAZ	8	1.3483707973423e-16	1.30167657645142	0.979	0.74	2.42882031725268e-12
CAT	8	1.50771531495954e-16	1.8645485984732	0.792	0.3	2.71584759683662e-12
CDC42SE2	8	1.58811168184233e-16	2.15197123145362	0.625	0.178	2.86066557250259e-12
PPP2R5C	8	1.6976313890621e-16	2.14850884316154	0.708	0.251	3.05794342111757e-12
IFNAR2	8	2.17240859547912e-16	2.20326270097082	0.646	0.188	3.91315960303653e-12
ARHGAP27	8	2.21001122207026e-16	2.88462968564504	0.375	0.067	3.98089321431516e-12
CTA-292E10.6	8	2.33166257046951e-16	2.9031415077988	0.333	0.054	4.20002378818673e-12
ZDHHC4	8	2.34381939703066e-16	2.05475463096418	0.583	0.149	4.22192187987133e-12
TPT1	8	2.78306327836343e-16	0.641630430874084	1	1	5.01313188331604e-12
EMB	8	3.40555529866036e-16	1.83813497490226	0.542	0.127	6.1344267594769e-12
TYROBP	8	3.68813299872566e-16	1.15809489199074	0.979	0.344	6.64343397060453e-12
RPL3	8	3.75226402996215e-16	0.645415647926883	1	1	6.75895319717083e-12
CCDC57	8	3.76953776757355e-16	2.85303154656305	0.438	0.093	6.79006838073023e-12
NR3C1	8	4.23884055380579e-16	2.30204669237555	0.854	0.538	7.63542348957037e-12
SSR4	8	4.34740897906726e-16	1.22785119630009	0.979	0.929	7.83098779399386e-12
LYN	8	4.48625643404447e-16	2.24327285005866	0.583	0.157	8.08109371464431e-12
CRIP1	8	5.0106569022471e-16	1.25681408995348	0.896	0.364	9.02569627801771e-12
RPL39	8	5.0472819795331e-16	0.683548393918723	1	0.999	9.09166902973297e-12
RPS19	8	5.51180807992045e-16	0.675464289363403	1	1	9.92841989436071e-12
IFRD1	8	6.94320509503984e-16	2.24508674108237	0.792	0.381	1.25067953376953e-11
CUX1	8	7.47463517238887e-16	2.03607851907626	0.708	0.248	1.34640603360241e-11
RPS25	8	8.08452483684984e-16	0.758459946466345	1	1	1.45626545886176e-11
GNA15	8	8.40508247554598e-16	2.63795728738134	0.396	0.075	1.5140075063201e-11
CBX6	8	8.48098085306737e-16	1.8644475906288	0.812	0.328	1.52767908106303e-11
PTPN6	8	1.26280434729163e-15	2.10878256484593	0.521	0.124	2.27468947077641e-11
RNU12	8	1.28121914888195e-15	2.10635582745139	0.417	0.082	2.30786005288106e-11
RPL32	8	1.38505398720874e-15	0.626961618345216	1	1	2.49489774715911e-11
RP11-138A9.2	8	1.59064599128846e-15	2.27786116260254	0.604	0.17	2.86523062410791e-11
TMEM63A	8	1.60994593255716e-15	2.84659655365045	0.333	0.056	2.89999560831522e-11
SFT2D1	8	1.97009729121924e-15	1.45085433391408	0.938	0.49	3.54873625067322e-11
HMGN1	8	2.06910989556017e-15	1.23493516425933	0.979	0.796	3.72708765487253e-11
RPL10A	8	2.15450500909802e-15	0.749973488423091	1	0.996	3.88090987288825e-11
EEF1A1	8	2.33051492520814e-15	0.582690077151183	1	1	4.19795653477742e-11
DOCK2	8	2.35393113393512e-15	2.40847544125857	0.417	0.085	4.24013615155732e-11
TMEM107	8	2.43847837374861e-15	1.88539483816411	0.646	0.207	4.39243109463338e-11
RPL18	8	2.44350168750572e-15	0.67855950702763	1	1	4.40147958970405e-11
TFRC	8	2.70049139665959e-15	1.52647521546872	0.583	0.156	4.86439515280293e-11
MIR142	8	3.50560308856688e-15	2.17609249980535	0.438	0.09	6.31464284343551e-11
RPS5	8	4.78679819039024e-15	0.809323843555829	1	0.993	8.62245958034994e-11
SNRNP25	8	4.9593905123752e-15	2.39490058379276	0.562	0.163	8.93335012994144e-11
SORL1	8	5.6272693623323e-15	1.83515002699935	0.583	0.155	1.01364003023692e-10
VIMP	8	7.2574719227435e-15	1.70561067364425	0.917	0.648	1.30728841744379e-10
PABPC1	8	7.81249321182158e-15	1.26329848610008	1	0.884	1.40726440224542e-10
PPP1R14A	8	9.1332849270904e-15	1.61303326630782	0.417	0.084	1.64517861391679e-10
RPS9	8	9.15417489370219e-15	0.69500959066553	1	1	1.64894152360258e-10
SRGN	8	9.98459708130819e-15	0.953991239576109	1	0.498	1.79852547225604e-10
SEPT9	8	1.02123553570464e-14	1.74097972737486	0.792	0.322	1.83955157046477e-10
SPCS3	8	1.06030861409637e-14	1.71542889236055	0.854	0.441	1.9099339065718e-10
C3orf58	8	1.28249058963243e-14	2.34628187857258	0.562	0.16	2.31015029910489e-10
FLT3	8	1.39498334163884e-14	2.92876509523128	0.25	0.034	2.51278349329405e-10
CHCHD2	8	1.41486698348545e-14	1.08354430512737	0.958	0.957	2.54859989735235e-10
C12orf45	8	1.42738092873063e-14	2.39956196116263	0.479	0.117	2.57114126692248e-10
CTSS	8	1.4505936843527e-14	0.960278612191878	0.958	0.405	2.61295440362452e-10
CD164	8	1.510124519003e-14	1.26572971229003	0.917	0.737	2.7201872960801e-10
RPL28	8	1.57299619088779e-14	0.634624249424846	1	1	2.83343803864618e-10
SNX29P2	8	1.60096150270348e-14	2.44552665686273	0.417	0.09	2.88381195481978e-10
RPL29	8	1.6041575129855e-14	0.640434286810362	1	1	2.88956892814078e-10
COX4I1	8	1.95506440590513e-14	0.882183560842854	1	0.958	3.52165751435692e-10
HLA-DQB1	8	2.22181571100069e-14	0.448086938022067	0.979	0.368	4.00215664022555e-10
NFATC2IP	8	2.57311415091728e-14	2.43877539317085	0.521	0.147	4.63495052004729e-10
KLHL6	8	2.66050153408213e-14	2.77620722575906	0.271	0.04	4.79236141334215e-10
CCDC138	8	2.67406345201078e-14	3.14942454934327	0.25	0.035	4.81679049610701e-10
HYOU1	8	2.83947713282658e-14	2.39080007404729	0.542	0.161	5.11475015936053e-10
SMG1	8	3.48597230126782e-14	1.91089910998156	0.792	0.345	6.27928190627373e-10
HLA-DMA	8	3.61200511148611e-14	0.939327898805602	0.958	0.357	6.50630480731992e-10
CTDP1	8	4.14234305175229e-14	2.49943116726407	0.354	0.068	7.4616025391214e-10
GPM6B	8	5.35779049646658e-14	0.692672030901858	0.354	0.065	9.65098802128524e-10
N4BP2	8	5.43970905443602e-14	2.42200272784794	0.479	0.127	9.79854791975561e-10
RNASEH2B	8	7.09426935067822e-14	2.01818001606502	0.583	0.178	1.27789073813767e-09
DBI	8	9.38282225459318e-14	1.18086897227368	0.938	0.733	1.69012777271987e-09
SETBP1	8	1.16294372293576e-13	2.40576430260306	0.5	0.138	2.09481052812419e-09
FAM49B	8	1.24585115231026e-13	1.52610002228189	0.75	0.273	2.24415168065647e-09
ITGAL	8	1.35932369875187e-13	2.68044824295363	0.271	0.042	2.44854977856174e-09
TPM2	8	1.48573538854508e-13	1.44115617475364	0.917	0.554	2.67625515538625e-09
HLA-C	8	1.68360980394815e-13	0.930034048214064	1	0.898	3.03268633985181e-09
ATP8A1	8	1.72411078378932e-13	2.3618328821071	0.292	0.048	3.1056407548397e-09
ARAP2	8	1.82164847057785e-13	2.09752344743124	0.417	0.093	3.28133539005187e-09
RPS26	8	1.85121209430511e-13	0.686246383100527	1	0.995	3.3345883454718e-09
RPL26	8	1.96083833800643e-13	0.615596636788062	1	1	3.53205809825099e-09
IL18R1	8	2.15778876529274e-13	3.12141017317368	0.25	0.038	3.88682490292181e-09
VAV3	8	2.63934451849704e-13	2.75624648402817	0.292	0.05	4.75425128116872e-09
RPLP0	8	3.37539254088942e-13	0.771055760111826	1	0.982	6.08009458390411e-09
SRSF7	8	4.04025934795775e-13	1.3578984690092	0.938	0.814	7.27771916347629e-09
FUS	8	4.23845407024124e-13	1.06539697054839	1	0.824	7.63472731672554e-09
SEPHS1	8	4.73151986786638e-13	2.58332107587343	0.479	0.135	8.52288673798772e-09
RHOF	8	4.84998898354631e-13	2.86617692261997	0.271	0.044	8.73628515606196e-09
RAP1GDS1	8	5.00176626830302e-13	1.92025359537576	0.458	0.113	9.00968157909422e-09
TMA7	8	5.46429184738632e-13	0.832956699674336	1	0.973	9.84282890469698e-09
H3F3A	8	5.62342176237854e-13	0.777830752110371	1	0.996	1.01294696205725e-08
DNAJA1	8	6.23264843520645e-13	1.12128406897877	0.958	0.742	1.12268696263374e-08
FBRSL1	8	6.41137852813201e-13	2.05086071485968	0.5	0.139	1.15488161427242e-08
RPL14	8	6.51916497931606e-13	0.622424174135186	1	0.999	1.1742971877242e-08
UBE2J1	8	6.67431685519168e-13	1.91113680584517	0.729	0.293	1.20224469512568e-08
PARVG	8	6.89724969022243e-13	2.11643613738936	0.438	0.107	1.24240158669977e-08
RPS18	8	6.97422821340799e-13	0.597473618694795	1	1	1.25626772808118e-08
SCARB1	8	7.25157010187162e-13	2.62526532768432	0.312	0.059	1.30622532245013e-08
RPS3	8	7.80685239580834e-13	0.584314540472145	1	1	1.40624832205696e-08
RPS16	8	7.81426796835406e-13	0.656808324172272	1	0.995	1.40758408913962e-08
PTPN1	8	8.8880405366205e-13	1.89485172225768	0.542	0.163	1.60100274186145e-08
ETV3	8	9.15862114287095e-13	2.2616340529293	0.5	0.146	1.64974242646534e-08
AHI1	8	9.41858814872999e-13	1.93687991396317	0.667	0.25	1.69657028323073e-08
MIF4GD	8	1.00455267490196e-12	2.0542278115167	0.521	0.148	1.80950073330091e-08
PTMA	8	1.02582429438277e-12	0.664690179961079	1	1	1.84781730147168e-08
NOTCH4	8	1.13335863529533e-12	2.21022782840547	0.271	0.044	2.04151890975749e-08
BTK	8	1.64787749607674e-12	2.44094133133454	0.312	0.059	2.96832173368303e-08
RABGAP1L	8	1.68274435355553e-12	1.67549336101086	0.646	0.227	3.03112740405958e-08
KDM6B	8	1.74945360792019e-12	1.56963371706703	0.833	0.444	3.15129078394664e-08
FAM96A	8	1.86560972009206e-12	1.92891267796793	0.604	0.202	3.36052278880182e-08
TAP1	8	1.92641199426865e-12	2.06420854710943	0.479	0.132	3.47004592527613e-08
TBC1D4	8	2.06999438541228e-12	2.30750793814107	0.479	0.137	3.72868088644313e-08
SLC20A1	8	2.41348136322998e-12	1.79343140436182	0.792	0.36	4.34740397958616e-08
CTSZ	8	2.43729022174615e-12	1.02989740060489	0.958	0.608	4.39029087643133e-08
TMEM8B	8	2.84397013456225e-12	2.44776582391302	0.375	0.087	5.12284340338698e-08
GCHFR	8	2.8923623110537e-12	2.2132710313679	0.354	0.076	5.21001223090103e-08
FYTTD1	8	3.15280623161503e-12	2.10723460864496	0.646	0.254	5.67914986500815e-08
PVRL1	8	3.60879087995548e-12	2.70302287915509	0.25	0.04	6.50051501206381e-08
NPC1	8	3.78240148147205e-12	2.74064604053611	0.375	0.09	6.8132397885756e-08
HNRNPA1	8	3.83079224760645e-12	0.818697017048917	1	0.94	6.90040607561349e-08
SERP1	8	4.00972606111276e-12	1.044716761659	0.938	0.835	7.22271955388241e-08
IL10RA	8	4.07821021173275e-12	1.56099652920198	0.5	0.133	7.3460800543942e-08
TARBP1	8	4.80819794324072e-12	2.43845416371001	0.417	0.107	8.66100695515951e-08
RPL27A	8	5.08299932340081e-12	0.653621969408813	1	0.992	9.15600668124189e-08
EDEM1	8	5.32568849518398e-12	1.8787769593996	0.562	0.188	9.5931626863749e-08
BID	8	5.4313780163455e-12	1.51354508029138	0.583	0.179	9.78354122084314e-08
CAPN15	8	5.88953553714376e-12	2.4042384483721	0.333	0.07	1.06088203630571e-07
TMEM66	8	6.2822594798128e-12	0.970942072765679	0.979	0.838	1.13162340009868e-07
CD300A	8	6.70488847890095e-12	1.77401412418514	0.438	0.109	1.20775156170443e-07
SH3KBP1	8	7.1676682538126e-12	1.62853760258131	0.729	0.314	1.29111208255926e-07
CD74	8	7.57402332827249e-12	0.917290874980958	1	0.568	1.36430882212172e-07
ATP6V0B	8	8.0745933907349e-12	0.989786577289196	0.958	0.763	1.45447650747308e-07
RASGEF1B	8	8.19143505706726e-12	1.31934955078559	0.604	0.191	1.47552319682953e-07
DPP4	8	1.06789125776708e-11	2.72071211316735	0.25	0.042	1.92359252261584e-07
RELT	8	1.07080361878461e-11	1.94182912993491	0.396	0.094	1.92883855851672e-07
OCIAD2	8	1.11064654061993e-11	2.28121442189881	0.333	0.071	2.00060761361868e-07
NMT1	8	1.14374001561998e-11	1.30996693829474	0.771	0.315	2.06021889013627e-07
USP15	8	1.18319560695342e-11	1.72048144803921	0.688	0.263	2.13129024680519e-07
RANBP2	8	1.20423231070778e-11	1.89626112559804	0.771	0.45	2.16918366127792e-07
PHACTR1	8	1.22819564664675e-11	1.72156300970685	0.458	0.121	2.21234881830478e-07
ST6GALNAC4	8	1.24213899071461e-11	2.38849571182635	0.396	0.102	2.23746496397423e-07
PTRHD1	8	1.28718037834777e-11	1.92493060536154	0.625	0.243	2.31859801551783e-07
DDX5	8	1.40665648270162e-11	0.702632619339355	0.979	0.988	2.53381032229042e-07
RP11-138A9.1	8	1.52626757243472e-11	1.93150006295252	0.458	0.127	2.74926577822665e-07
SYNGR2	8	1.55361166252333e-11	1.44602334272949	0.583	0.183	2.79852068770327e-07
ARHGAP9	8	1.81200114911382e-11	2.47326223423927	0.292	0.056	3.26395766989873e-07
HLA-DRA	8	1.89196576471637e-11	0.250729157991441	1	0.53	3.4079979319836e-07
C11orf31	8	2.01022211721567e-11	1.32429876675732	0.854	0.69	3.62101309974059e-07
ASIP	8	2.18517838775943e-11	2.51426123569993	0.25	0.042	3.93616182987107e-07
ARID3A	8	2.36247949105605e-11	2.70349304211865	0.354	0.084	4.25553430723926e-07
POLR2A	8	2.50665049079784e-11	1.63244888629821	0.75	0.336	4.51522952907415e-07
FAM60A	8	2.6082689201897e-11	2.18418996750395	0.375	0.09	4.6982748059377e-07
NUDT22	8	2.72016717452694e-11	1.85687105658942	0.583	0.204	4.89983713147537e-07
RNF149	8	2.95684232874854e-11	1.68999293070598	0.667	0.268	5.32616008677474e-07
NADK	8	3.38537560030873e-11	1.93631536884116	0.5	0.157	6.09807706883612e-07
ODC1	8	4.09715572153482e-11	1.93907746966742	0.667	0.289	7.38020660120068e-07
ZMYM2	8	4.29985644958286e-11	1.56129476954343	0.729	0.315	7.7453314226336e-07
MOB1B	8	4.73892809824906e-11	1.71682867868013	0.521	0.162	8.53623118337603e-07
LSP1	8	4.96346164144842e-11	1.1916577496731	0.917	0.517	8.94068345474104e-07
VEGFB	8	5.01977261091257e-11	1.24258913532328	0.896	0.581	9.0421164040368e-07
RPL7A	8	5.16012986088721e-11	0.516212188422169	1	1	9.29494191841614e-07
SRSF3	8	5.32561654376002e-11	0.937199997172848	0.979	0.873	9.59303308027492e-07
DBNL	8	5.45382644353436e-11	1.56017469021902	0.75	0.32	9.82397757273844e-07
TXNL4A	8	5.54639167014279e-11	1.4080096223031	0.812	0.399	9.9907153154282e-07
VAV1	8	5.58064854116154e-11	2.4262647547021	0.271	0.051	1.00524222171943e-06
MIIP	8	5.74649004010432e-11	2.00972835134984	0.5	0.157	1.03511525092399e-06
LAIR1	8	5.99176050873285e-11	1.55930034350634	0.438	0.115	1.07929582043805e-06
TRAF3IP3	8	6.06967846084007e-11	2.90947375662252	0.25	0.046	1.09333118115112e-06
H2AFZ	8	6.58722756005287e-11	1.16689356295889	0.917	0.656	1.18655730039232e-06
CDC14A	8	6.72298460376691e-11	2.47945769386769	0.292	0.059	1.21101121667653e-06
CLK1	8	7.10064847264664e-11	1.35371516430441	0.792	0.399	1.27903980937784e-06
KCNAB2	8	7.39009894917369e-11	2.12433356838044	0.333	0.074	1.33117852371466e-06
PPIA	8	7.41907058191049e-11	0.712724967104498	1	0.984	1.33639718391954e-06
UXT	8	7.65644866197269e-11	1.41989767424566	0.833	0.502	1.37915609748114e-06
GNAS	8	7.96682731664276e-11	0.785241618990264	0.979	0.955	1.43506460454686e-06
UBA52	8	8.35079692277842e-11	0.587262493483887	1	0.993	1.50422904970008e-06
AKNA	8	8.78941084973297e-11	1.73438705006443	0.396	0.098	1.5832365763624e-06
R3HDM1	8	1.04099416909898e-10	2.2078412355686	0.375	0.096	1.87514279679799e-06
CLECL1	8	1.04395373762082e-10	2.49992179642741	0.271	0.053	1.88047386757639e-06
MAPKAPK3	8	1.07496099924818e-10	2.24678092483494	0.375	0.095	1.93632724794574e-06
MFSD12	8	1.08327195342591e-10	1.7150217251975	0.542	0.182	1.9512977697061e-06
NPIPB5	8	1.08834498799777e-10	2.17979819838679	0.417	0.119	1.96043582688038e-06
MAP2K1	8	1.14639131869009e-10	1.91630040204581	0.542	0.181	2.06499468235646e-06
BRCA2	8	1.15848282584854e-10	2.70220664431528	0.271	0.054	2.08677511420098e-06
NUCB2	8	1.21690008999163e-10	1.22361544739453	0.875	0.476	2.19200213210192e-06
RPL4	8	1.45935838522667e-10	0.742009172500699	1	0.951	2.62874225930879e-06
MALT1	8	1.61718723108022e-10	1.90386794036244	0.417	0.115	2.9130393593448e-06
ENDOG	8	2.37318911362371e-10	2.07746095382334	0.417	0.118	4.27482555037039e-06
FAM105A	8	2.79357626852596e-10	1.69131832817254	0.479	0.144	5.0320689324958e-06
GTF2B	8	2.96792798134787e-10	1.78685446995857	0.667	0.303	5.34612867280192e-06
ICOSLG	8	3.12097204036519e-10	2.24550052089832	0.292	0.062	5.62180693630982e-06
DHRS7	8	3.17397801440981e-10	1.63164894447517	0.729	0.392	5.7172865973564e-06
ST3GAL2	8	3.32720545668456e-10	2.32761716676919	0.354	0.091	5.99329518912591e-06
CKS2	8	3.522853154488e-10	1.06544968194242	0.583	0.2	6.34571538717924e-06
PHB	8	3.52816963610522e-10	1.64069225510258	0.792	0.447	6.35529196551634e-06
BCL2L11	8	3.56501792964705e-10	1.99554904156545	0.354	0.087	6.42166679667324e-06
LAPTM5	8	3.67184620635391e-10	0.636239250637758	0.792	0.269	6.6140965715053e-06
OAZ1	8	3.70777193694289e-10	0.700357285490103	1	0.983	6.67880959001523e-06
GGA2	8	4.22293650835868e-10	2.18859514662395	0.417	0.123	7.6067755325065e-06
COL24A1	8	5.11408084861837e-10	2.46979213024302	0.312	0.073	9.21199383261626e-06
MGST2	8	5.75402061391238e-10	1.34220048991362	0.771	0.377	1.03647173318404e-05
SEC11C	8	6.06136679715764e-10	1.9987735600655	0.583	0.239	1.09183400117201e-05
CECR1	8	6.50868788451053e-10	1.65700451875207	0.479	0.152	1.17240994863688e-05
NDUFA4	8	6.69654439534521e-10	0.664038959115222	1	0.926	1.20624854193353e-05
RPS24	8	6.79248672582432e-10	0.437192337702532	1	1	1.22353063392273e-05
KDM4B	8	9.49213785731287e-10	2.29781638923594	0.312	0.074	1.70981879223777e-05
B4GALT1	8	9.76366658783256e-10	1.25661379543762	0.854	0.545	1.75872926246628e-05
RAPGEF1	8	9.78665754282686e-10	1.58135382802089	0.5	0.162	1.7628706231894e-05
ANKRD12	8	9.97543142213924e-10	1.41393184457594	0.812	0.492	1.79687446206994e-05
MOB1A	8	1.06744180813597e-09	1.31017790488734	0.792	0.436	1.92278292899533e-05
SLC2A8	8	1.36109238611066e-09	2.53424743557511	0.312	0.075	2.45173571510113e-05
M6PR	8	1.38628365595444e-09	1.64995826890372	0.667	0.296	2.49711274947074e-05
NDNL2	8	1.41146821413763e-09	1.9928487261084	0.542	0.22	2.54247769412612e-05
TALDO1	8	1.45800427278242e-09	1.21043554491881	0.812	0.515	2.62630309656296e-05
DGKZ	8	1.46669806547206e-09	1.9431045345038	0.458	0.148	2.64196322533482e-05
BRD2	8	1.57519168841105e-09	1.12305361883023	0.854	0.545	2.83739278833482e-05
H2AFX	8	1.58383932291113e-09	1.77620722575906	0.583	0.231	2.85296977235982e-05
COPE	8	1.61380397031538e-09	1.02817101888165	0.896	0.717	2.90694509172909e-05
H2AFV	8	1.87351253070698e-09	1.14754359074451	0.854	0.426	3.37475812156248e-05
IGFBP3	8	1.91357786721216e-09	0.699042434699287	0.396	0.107	3.44692781220926e-05
AP1S2	8	1.98019144610319e-09	1.08950073169122	0.708	0.28	3.56691885186567e-05
TAGLN2	8	1.98282635208915e-09	0.971949906042231	0.938	0.826	3.57166510801819e-05
PBX3	8	2.10121816500963e-09	2.09737780157368	0.438	0.147	3.78492428063186e-05
AGPAT5	8	2.10340190067378e-09	2.21224065752987	0.312	0.076	3.78885784368367e-05
TMEM109	8	2.14142168822642e-09	1.33489040168136	0.729	0.347	3.85734288700226e-05
LY96	8	2.3840905938085e-09	0.818959185098152	0.812	0.354	4.29446238662725e-05
C18orf8	8	2.52716987961179e-09	2.20189196923741	0.292	0.067	4.55219110414472e-05
HSP90B1	8	2.95645787773439e-09	0.820275227161838	0.979	0.928	5.32546757516295e-05
TOMM20	8	3.34915494285382e-09	0.999536844900229	0.896	0.678	6.03283279856259e-05
CNP	8	3.48562957087386e-09	1.42356054577372	0.542	0.202	6.27866454601508e-05
ATP5J2	8	3.50028658762752e-09	0.931192620632609	0.958	0.826	6.30506623029346e-05
HMGA1	8	3.57148084282291e-09	1.48605783954436	0.438	0.131	6.4333084421769e-05
SKAP2	8	3.68673810337145e-09	1.38039170641773	0.75	0.378	6.640921345603e-05
NCL	8	3.69737857162758e-09	0.985195153564964	0.917	0.72	6.66008802107277e-05
KLHDC4	8	3.79161841950167e-09	2.33529109465461	0.25	0.052	6.82984225904836e-05
SNORD3A	8	3.84151050873546e-09	2.18810501750733	0.271	0.06	6.91971287938518e-05
JAK3	8	4.1070367711797e-09	2.36340473086352	0.292	0.07	7.39800533592599e-05
CIITA	8	4.34682915312804e-09	1.60314251678618	0.333	0.083	7.82994335352954e-05
SRSF2	8	4.75606953610145e-09	0.899890918237686	0.938	0.758	8.56710805537955e-05
BAG1	8	5.04909862448637e-09	1.52679163065606	0.667	0.315	9.0949413522873e-05
UVRAG	8	5.43024129504352e-09	1.82507379218906	0.458	0.157	9.78149364476189e-05
CFL1	8	5.63775213182129e-09	0.563311757506411	1	0.986	0.000101552829150497
SLC25A5	8	6.13196135838692e-09	0.955743424648353	0.917	0.629	0.000110455019948624
ATXN2L	8	6.15175634307319e-09	1.48917392131788	0.521	0.185	0.000110811587007777
MAP3K2	8	6.26973068359602e-09	1.46470829706597	0.75	0.442	0.000112936658803615
OGT	8	6.75849852883827e-09	1.55323761095986	0.625	0.296	0.000121740833999964
PTPRC	8	6.83148074653385e-09	0.515250697791638	0.771	0.271	0.000123055462687314
GMFG	8	6.96924764115805e-09	0.77911882117896	0.729	0.27	0.00012553705776018
ATP6V1G1	8	7.02317975295393e-09	0.912843685127859	0.958	0.829	0.000126508536889959
SLC25A45	8	7.19367201201983e-09	2.64052012660021	0.25	0.055	0.000129579613952513
DTNBP1	8	7.64836039885424e-09	1.79578759472857	0.396	0.119	0.000137769915864561
SRSF9	8	7.70721917263103e-09	0.988883489516468	0.958	0.78	0.000138830138956603
PHYKPL	8	7.83696179537294e-09	1.6808375817877	0.604	0.256	0.000141167192820053
CD68	8	7.95169391920806e-09	1.01466038748138	0.75	0.351	0.000143233862566695
DDX24	8	9.78292853665582e-09	1.4065823888404	0.812	0.562	0.000176219891730781
GRN	8	9.9070924696265e-09	0.741561082952165	0.979	0.797	0.000178456456655382
NR4A2	8	1.05917550150524e-08	1.24606711689613	0.875	0.671	0.000190789283086139
MAP1A	8	1.08237480533181e-08	1.82240204863766	0.479	0.169	0.000194968173684418
SH3BGRL3	8	1.09879507670421e-08	0.599339891878576	1	0.921	0.00019792595716673
EZR	8	1.11476114040789e-08	1.57910882458652	0.708	0.372	0.000200801924221674
RNF126	8	1.35809824175002e-08	1.54174197212203	0.542	0.208	0.000244634236286431
PPP1R10	8	1.5066972728656e-08	1.50805038731268	0.688	0.35	0.000271401379761281
OST4	8	1.61410224019224e-08	0.703633349931532	1	0.957	0.000290748236525828
GRB2	8	1.68392180336512e-08	1.27461481165436	0.667	0.297	0.000303324834440159
LSM5	8	1.68417581458644e-08	1.25810236195905	0.792	0.509	0.000303370589481456
REPIN1	8	1.68638271923934e-08	1.87149428345591	0.396	0.124	0.000303768119216583
AVEN	8	1.77006038320281e-08	2.4583259639344	0.292	0.075	0.000318840976826322
H2AFY	8	1.89379073291164e-08	1.14863511291269	0.792	0.463	0.000341128524719373
GRK6	8	1.90744152233444e-08	1.71901182417751	0.354	0.1	0.000343587441418102
EIF4G2	8	2.16285610173434e-08	0.879115978327469	0.938	0.808	0.000389595269605408
PAN3	8	2.26086483507502e-08	1.54972002954556	0.5	0.188	0.000407249582742064
SEMA4D	8	2.33485089509606e-08	2.05792619485778	0.292	0.073	0.000420576691733654
HDAC9	8	2.34458346202305e-08	1.65097104187679	0.396	0.121	0.000422329819014211
BIN2	8	2.66307763301305e-08	2.13365723348496	0.25	0.056	0.000479700174034641
DR1	8	2.78555409265852e-08	1.55861579068643	0.583	0.243	0.000501761858710579
AES	8	3.26112204139443e-08	0.814384813605903	0.917	0.686	0.000587425913316378
PDCD4	8	3.27570580314652e-08	1.28907653967179	0.708	0.353	0.000590052886320783
SLC3A2	8	3.36380239054906e-08	1.21126876810166	0.854	0.53	0.000605921724609602
LINC-PINT	8	3.56997368157118e-08	1.5655529333931	0.521	0.208	0.000643059359261417
TTTY15	8	3.59548755902952e-08	2.15516091889242	0.333	0.097	0.000647655174007987
PTPN2	8	3.63299310232425e-08	1.66007735280169	0.542	0.226	0.000654411047521667
DPP7	8	3.72917918946272e-08	1.05511739059417	0.833	0.484	0.000671737047397919
IFIT2	8	4.03857576884909e-08	1.52591700496035	0.292	0.073	0.000727468653242787
UNC119	8	4.05412009388259e-08	2.18878698161405	0.312	0.085	0.000730268652511071
RBM39	8	4.23354327325621e-08	0.864553010121557	0.958	0.82	0.000762588149811642
TBC1D13	8	4.29110041062395e-08	2.17541975787622	0.271	0.067	0.000772955916965693
RP11-386I14.4	8	4.3274817770207e-08	1.06348917783953	0.438	0.142	0.000779509292494739
REL	8	4.65587468838638e-08	1.10908278231468	0.688	0.312	0.000838662707619038
TRAPPC1	8	5.33660930082155e-08	1.28353947484506	0.771	0.463	0.000961283433356986
MKNK2	8	5.53366488902206e-08	1.67619217189442	0.542	0.233	0.000996779056459543
SPCS2	8	5.55892467336392e-08	0.850194592623963	0.958	0.847	0.00100132910141304
HCG18	8	5.62573341604836e-08	2.21653874520181	0.417	0.158	0.00101336336023279
MIR29A	8	5.79673246392412e-08	1.13059628810019	0.417	0.133	0.00104416541872665
LBR	8	6.03116321948198e-08	1.24843455517444	0.5	0.178	0.00108639343072529
NDUFB8.1	8	6.15446122582014e-08	0.87092742309022	0.896	0.746	0.00110860310060698
RPL24	8	6.15539529577289e-08	0.425921851878985	1	0.999	0.00110877135462757
HLA-DMB	8	6.34708893671137e-08	1.00369164746184	0.583	0.22	0.00114330113016982
ARPC5L	8	6.60605007851025e-08	1.25904904051777	0.604	0.259	0.00118994780064205
CNDP2	8	6.93370858818103e-08	1.53175788354941	0.438	0.151	0.00124896892798905
COQ7	8	7.71332192316039e-08	2.1632303488683	0.292	0.079	0.00138940067801888
MEPCE	8	7.75429578090031e-08	1.77025250262144	0.417	0.145	0.00139678129901357
POMC	8	8.26102401176272e-08	2.29020320512607	0.292	0.08	0.00148805825523882
TTC39C	8	8.26623553271797e-08	1.97405746283271	0.375	0.123	0.00148899700650849
TBL1XR1	8	8.70990925451733e-08	1.2700870837159	0.708	0.412	0.00156891595401621
GRAMD4	8	9.53122168988689e-08	2.04189608503883	0.271	0.068	0.00171685896299932
DNAJC4	8	1.02046772403294e-07	1.54575503462866	0.562	0.255	0.00183816851130053
PPP1R2	8	1.06024594846778e-07	1.45883261715853	0.625	0.309	0.00190982102697501
CYB5R4	8	1.06029333665049e-07	1.90002469310364	0.375	0.121	0.00190990638730854
FBP1	8	1.06622831320181e-07	2.08231035348474	0.271	0.069	0.00192059706057041
TSTD1	8	1.1744300547732e-07	1.66342052871029	0.438	0.154	0.00211550085766297
CMKLR1	8	1.23110753834662e-07	1.99056778485716	0.292	0.078	0.00221759400882376
TEX2	8	1.25127928427215e-07	2.24712122323041	0.25	0.061	0.00225392937475942
BTAF1	8	1.28926133665077e-07	1.56580973208386	0.479	0.183	0.00232234644570903
RPL5	8	1.38125321261391e-07	0.468310457111125	1	0.994	0.00248805141188143
AKAP13	8	1.47498332239384e-07	1.02384674195437	0.875	0.639	0.00265688745862803
EEF1D	8	1.5936253615666e-07	0.560494337180641	1	0.971	0.00287059736378991
PSMB8	8	1.59982256722655e-07	1.37563868163213	0.646	0.339	0.00288176039034519
VMA21	8	1.68692166440837e-07	1.49734785276358	0.542	0.235	0.00303865199409879
DEDD2	8	1.85719702515877e-07	2.06277016708909	0.292	0.082	0.00334536900141849
SFMBT2	8	1.89184172500648e-07	1.70439230976659	0.292	0.079	0.00340777449925418
GNB2L1	8	1.91687038583468e-07	0.518419234079833	1	0.987	0.003452858626004
SMC6	8	1.94759272805714e-07	1.92594206747828	0.375	0.127	0.00350819878104933
COX7C	8	1.95904291588169e-07	0.675306010183913	0.979	0.956	0.00352882400437768
RPL23	8	2.08745962707663e-07	0.695459321235442	0.979	0.945	0.00376014102625313
MALAT1	8	2.10666263752794e-07	0.350197015821257	1	1	0.00379473140897908
PIP4K2A	8	2.1262377565099e-07	1.61574255356581	0.458	0.177	0.00382999207080129
GAS6	8	2.18169161994366e-07	0.657841915529502	0.979	0.734	0.00392988111500452
ACAP1	8	2.19476470031703e-07	1.70885195795729	0.333	0.102	0.00395342965468106
PTBP3	8	2.39239527383911e-07	1.45178527538314	0.646	0.336	0.00430942160676638
DCPS	8	2.40894245497974e-07	2.071422037342	0.333	0.107	0.00433922804415501
MAN2B1	8	2.46061485532799e-07	2.1632303488683	0.25	0.063	0.0044323055389023
ZNF10	8	2.58808292093548e-07	2.31677560712176	0.271	0.074	0.00466191376548108
ILF3-AS1	8	2.59694529900619e-07	1.46057911922743	0.396	0.135	0.00467787756709986
ARL6IP6	8	2.70348574914878e-07	1.79690813462249	0.417	0.159	0.00486978887994171
CYTH1	8	2.71645634083014e-07	1.53117273041185	0.458	0.176	0.00489315280673734
SEP15	8	2.88426878466602e-07	0.870981598645649	0.958	0.814	0.0051954333618189
GNAI2	8	3.00029071842092e-07	0.607323505517408	0.979	0.759	0.00540442367109161
CCNL1	8	3.11556848555181e-07	0.850184049163806	0.917	0.766	0.00561207351302447
FUZ	8	3.27158486748072e-07	2.06174903100242	0.292	0.083	0.00589310582179302
PPM1G	8	3.28477500777109e-07	1.50282298282973	0.562	0.27	0.00591686522149807
KIF20B	8	3.29129871264103e-07	2.16977319473508	0.25	0.064	0.00592861637108029
CHCHD10	8	3.34516725074627e-07	1.15175523650751	0.625	0.299	0.00602564976876925
EVI2B	8	3.35638070033895e-07	1.01818001606502	0.479	0.171	0.00604584855552055
HMGN2	8	3.41123781307412e-07	0.652338803242356	1	0.827	0.00614466267269041
SLC41A2	8	3.46507924400567e-07	2.30585370830136	0.271	0.075	0.00624164724222742
EIF1	8	3.88747658976747e-07	0.400504550242208	1	1	0.00700251158114814
NOP58	8	3.97186868509504e-07	1.53798983726093	0.542	0.249	0.0071545270624617
TRAM1	8	4.06359777661179e-07	0.955348935794437	0.833	0.717	0.00731975867501082
TUBB4B	8	4.10826187366074e-07	0.869455987314703	0.938	0.75	0.00740021211302509
USF2	8	4.24030311185466e-07	1.43211748094754	0.604	0.302	0.0076380579953838
TCOF1	8	4.31464676083419e-07	1.51097971835135	0.396	0.137	0.00777197321029062
GTF3A	8	4.32068463780071e-07	1.49287090567709	0.667	0.389	0.00778284923807042
SCAMP4	8	4.47441670499397e-07	1.47565278166426	0.479	0.188	0.00805976681070563
PSME1	8	4.53071683860574e-07	0.980039377669987	0.833	0.578	0.00816118024138052
GTPBP1	8	4.53158890501679e-07	1.89485172225768	0.312	0.095	0.00816275109460674
ARPC1B	8	4.67983789621704e-07	0.659203872750483	1	0.888	0.00842979200245575
HIST1H2BK	8	4.84826324476251e-07	1.58127033630867	0.479	0.196	0.00873317658279071
CSNK1G2	8	4.87518879453151e-07	1.36959230556521	0.521	0.22	0.00878167757558961
RNF138	8	4.9118274540941e-07	1.84130225398094	0.333	0.105	0.00884767479305971
ADA	8	4.9255667668627e-07	2.01192102559334	0.292	0.085	0.00887242341714978
APP	8	4.93707837424569e-07	0.786165174655969	0.917	0.713	0.00889315927552876
RPS15	8	4.96526089349731e-07	0.375649223756864	1	1	0.00894392444745671
HNRNPA0	8	5.11623607512509e-07	0.87509567380717	0.854	0.667	0.00921587604212282
MARCH9	8	5.26103171387501e-07	2.1342381455286	0.271	0.076	0.00947669642620305
RP11-345J4.5	8	5.29264152502716e-07	1.75057908356702	0.438	0.17	0.00953363517903142
FAM26F	8	5.41594812013848e-07	1.11920993629627	0.5	0.192	0.00975574734880544
NAPRT1	8	5.70570219611787e-07	1.44020394565997	0.458	0.178	0.0102776813658671
PGD	8	5.94841855432301e-07	1.47924604638827	0.417	0.149	0.010714886341902
MDN1	8	6.67241268679984e-07	1.62979814878723	0.333	0.105	0.0120190169727326
TP53I13	8	6.76822289323705e-07	1.28166253342312	0.646	0.348	0.0121915998975879
ARHGAP17	8	6.81379585942028e-07	1.7065528418677	0.354	0.117	0.0122736904815738
COX7A2	8	6.91458445016043e-07	0.649031022703408	0.958	0.884	0.012455240970074
DAPP1	8	7.36338603716219e-07	1.08231035348474	0.333	0.101	0.0132636672687402
UBE2E3	8	7.36796287051481e-07	1.37627661887042	0.604	0.32	0.0132719115186583
WAS	8	7.385416232854e-07	1.20600807770964	0.417	0.143	0.0133033502602399
CXXC5	8	7.45822073517367e-07	1.48982988347956	0.438	0.163	0.0134344930102683
TGFB1	8	7.53976265577422e-07	0.923657401226169	0.688	0.335	0.0135813744718461
MCM5	8	7.64500440031827e-07	1.57211562116555	0.292	0.083	0.0137709464262933
RHBDF2	8	7.65754635598646e-07	1.75032859393345	0.25	0.065	0.0137935382510384
STK10	8	7.95525266260962e-07	1.43554256829011	0.333	0.103	0.0143297966211587
POLR2K	8	8.22847050885376e-07	0.954376981185573	0.812	0.524	0.0148219439275983
SLC2A11	8	8.44540017399017e-07	2.07413642203904	0.25	0.067	0.0152126993334085
TTC7A	8	8.46850605906915e-07	2.01449496925717	0.271	0.077	0.0152543199642013
ST3GAL4	8	8.81100139695064e-07	1.54174197212203	0.479	0.2	0.0158712568163272
PPHLN1	8	8.99060785175416e-07	1.29586811744642	0.542	0.242	0.0161947819233648
ABI1	8	9.06104634302886e-07	1.6863816771536	0.458	0.194	0.0163216627776979
FYB	8	9.12667844476487e-07	1.07685592339263	0.458	0.168	0.016439885882555
C5orf45	8	9.33860229303351e-07	1.41589803914384	0.396	0.14	0.0168216243104413
HNRNPH1	8	9.46227291022933e-07	0.818651539486732	0.938	0.788	0.0170443921931961
JMY	8	9.51636367072832e-07	2.04349110459421	0.354	0.121	0.0171418258800829
TCF7	8	9.96371908546251e-07	1.94417943462124	0.271	0.077	0.0179476471886436
UBE2L3	8	1.20484603600413e-06	1.15585081850271	0.729	0.479	0.0217028916465425
ARMC10	8	1.22820314201295e-06	1.20954554178084	0.562	0.25	0.0221236231970792
TAOK3	8	1.26186321854472e-06	1.09305673494873	0.625	0.29	0.0227299421556461
L3MBTL3	8	1.27137178603658e-06	2.09879847627331	0.25	0.069	0.0229012199818769
USP9Y	8	1.34557639779878e-06	1.67298650540029	0.354	0.123	0.0242378676535494
SRSF5	8	1.35267053631312e-06	0.602599201902219	1	0.909	0.0243656543706083
LPGAT1	8	1.366126101142e-06	1.48729418809966	0.5	0.225	0.0246080294598709
MAP2K6	8	1.43428989005028e-06	2.21296020619361	0.271	0.081	0.0258358637894757
UQCR11.1	8	1.43649634837354e-06	0.6041457500946	0.958	0.892	0.0258756087232525
TP53I11	8	1.4439114227816e-06	1.64557778310657	0.292	0.087	0.026009176458565
ARPC2	8	1.50740005585978e-06	0.634282378264811	0.938	0.839	0.0271527972062022
MX1	8	1.66608160921151e-06	1.55568116307991	0.354	0.123	0.0300111280267269
ANAPC16	8	1.69284336628587e-06	0.863076975514553	0.875	0.62	0.0304931875569074
MICAL1	8	1.76221128808932e-06	1.79851738748415	0.333	0.111	0.0317427119323529
UCHL3	8	1.8691055149173e-06	1.61329523314707	0.438	0.178	0.0336681976402053
CALM1	8	1.87464443413915e-06	0.749715333545518	0.958	0.855	0.0337679701921485
C14orf2	8	1.88619539017234e-06	0.725439561616016	0.958	0.856	0.0339760375631743
CSF2RA	8	1.94727778224697e-06	0.834382840041151	0.417	0.143	0.0350763146916146
NDUFB11	8	1.94916760323182e-06	0.817132497126928	0.812	0.713	0.0351103560370148
TMED2	8	1.96325673758172e-06	0.936879913963173	0.854	0.668	0.0353641436140595
ARHGAP4	8	2.03564002483825e-06	1.4620147796513	0.396	0.149	0.0366679837674115
TUBG1	8	2.10792591799462e-06	1.99984819329276	0.271	0.08	0.0379700695608371
IDH2	8	2.14120301688089e-06	1.53175788354941	0.396	0.15	0.0385694899430756
RPL38	8	2.15295775248863e-06	0.450372236382932	1	0.992	0.0387812279955777
UBL5	8	2.19869314517283e-06	0.622207893897087	0.979	0.956	0.0396050596239982
C1orf63	8	2.22528892202955e-06	1.10344912054289	0.75	0.504	0.0400841293525182
U2AF1L4	8	2.24101961108179e-06	1.80993808307161	0.375	0.145	0.0403674862544163
DMXL1	8	2.26004933274369e-06	1.75813565283704	0.417	0.169	0.0407102686307122
RNF220	8	2.40588881354206e-06	1.82902392420251	0.292	0.091	0.0433372751983332
TM9SF2	8	2.61268099514526e-06	1.15587957148057	0.708	0.399	0.0470622227655516
SNX29	8	2.75923596162218e-06	1.68044824295363	0.292	0.09	0.0497021173767003
NUS1	8	2.79982038847601e-06	1.75863459631111	0.396	0.155	0.0504331646576185
WDFY2	8	2.80342463263452e-06	2.29381445867845	0.271	0.084	0.0504980879076456
PRPF40A	8	3.44902956571153e-06	1.25501920850773	0.625	0.35	0.0621273695671617
ETNK1	8	3.54879838335016e-06	1.06124873795691	0.562	0.254	0.0639245052792865
SGSM3	8	3.55660062322295e-06	1.58091256940271	0.417	0.169	0.0640650470261151
HINT2	8	3.6794554208158e-06	1.0947704744732	0.583	0.278	0.0662780304951549
ZBTB10	8	3.70332473685312e-06	1.36623593841642	0.542	0.242	0.0667079884849352
HLA-F	8	3.77311217881252e-06	1.11069215485456	0.458	0.185	0.0679650696769499
COX17	8	3.88158445339675e-06	0.90656802544711	0.75	0.424	0.0699189807590357
SH3TC1	8	3.94667092362427e-06	1.57684577307795	0.25	0.07	0.0710913833472441
FNBP4	8	4.20835834765518e-06	0.977592482136302	0.562	0.25	0.0758051589163127
ULK1	8	4.26424179902021e-06	1.80027498572089	0.271	0.082	0.076811787525751
ZDHHC2	8	4.4465319479813e-06	1.58754566173516	0.312	0.103	0.0800953799789872
POLR3E	8	4.50650483115954e-06	1.97949954790096	0.25	0.073	0.0811756715236767
HEXIM1	8	4.64296008989196e-06	0.859482270045963	0.583	0.268	0.083633640099224
TATDN3	8	4.72841094781264e-06	1.86485698195984	0.292	0.095	0.085172866402949
CLCN5	8	4.90893783151163e-06	1.75913371240012	0.312	0.106	0.088424697159019
TFEC	8	5.12041173167042e-06	1.3618328821071	0.292	0.09	0.0922339765225793
PFN1	8	5.29130639655933e-06	0.516706514666085	0.979	0.928	0.0953123021212232
PTGDS	8	5.3105489583517e-06	0.411509975392303	0.875	0.7	0.0956589183867892
LOH12CR1	8	5.35833239954192e-06	1.69283456061992	0.312	0.106	0.0965196415129487
ARID2	8	5.63679934110368e-06	1.82365438816152	0.333	0.121	0.101535666531301
RGPD5	8	5.6997346211522e-06	1.91725110721424	0.271	0.085	0.102669319730815
LSM4	8	5.7627617891909e-06	1.26646397053349	0.625	0.341	0.103804628108696
RNF213	8	5.92203498489538e-06	1.24406142348135	0.562	0.305	0.10667361618292
OSTC	8	6.19138715793486e-06	0.68983442588365	0.917	0.865	0.111525456875881
UBE2D2	8	6.26111960812e-06	1.23662560122258	0.708	0.485	0.112781547501066
TPST2	8	6.30331695644883e-06	1.3407900750591	0.375	0.139	0.113541648336513
S100PBP	8	6.39468562504825e-06	1.46323999844332	0.333	0.116	0.115187472163994
ETV6	8	6.52148292461322e-06	1.40014569373822	0.479	0.215	0.117471471921058
HNRNPU-AS1	8	6.64444536944659e-06	1.6828884671155	0.458	0.203	0.119686394439841
EIF3L	8	6.83636967578031e-06	0.857055222587831	0.854	0.583	0.123143526969831
CDK9	8	7.50093391553579e-06	1.64692420881409	0.417	0.178	0.135114322620546
ITGAE	8	8.00815478856802e-06	1.45640230276466	0.5	0.25	0.144250892206476
PCMTD1	8	8.42171900411352e-06	0.952639741039954	0.708	0.411	0.151700424421097
IRF1	8	8.63082448991189e-06	1.24313898416547	0.5	0.233	0.155467041536783
EIF2AK4	8	9.151458524366e-06	1.30397432489867	0.458	0.204	0.164845222399405
MYD88	8	9.36425348445603e-06	1.70336015444381	0.333	0.12	0.168678298015506
STXBP2	8	9.62090897359002e-06	1.57724065334342	0.271	0.085	0.173301433341277
NFX1	8	9.64623066257164e-06	1.70885195795729	0.312	0.111	0.173757552924903
RNF130	8	1.00686452821336e-05	0.934685700550261	0.771	0.486	0.181366507467073
PSMB10	8	1.07030585213484e-05	1.51865835900899	0.417	0.178	0.192794193145049
SMIM14	8	1.07278937118741e-05	0.969144465517131	0.729	0.5	0.193241549431989
HMHA1	8	1.11292825449683e-05	1.275847912149	0.333	0.116	0.200471766482514
EPS8L2	8	1.13407888252173e-05	1.70885195795729	0.312	0.11	0.20428162910864
GUK1	8	1.14453408883903e-05	0.49214090445283	0.979	0.891	0.206164925422575
YME1L1	8	1.14774152565995e-05	1.15695822202868	0.667	0.383	0.206742681017127
ACTR2	8	1.15260992103942e-05	0.913710749508992	0.812	0.619	0.207619625076831
PI4KA	8	1.30199877786172e-05	1.62179522368807	0.333	0.125	0.234529039856231
MXD4	8	1.33039849241374e-05	0.889793361398588	0.771	0.457	0.239644680438487
DNAJC7	8	1.36464901119134e-05	1.39014879345198	0.521	0.261	0.245814226385896
ATP9B	8	1.389522932657e-05	1.57935626392181	0.292	0.098	0.250294765859505
JKAMP	8	1.41675692534718e-05	1.13080887117593	0.521	0.248	0.255200424962787
COX7A2L	8	1.45834033898624e-05	0.788597908286616	0.896	0.648	0.262690845261591
CHERP	8	1.47119142506153e-05	1.81812593161485	0.292	0.101	0.265005711396334
PFKP	8	1.47565086917095e-05	1.80993808307161	0.292	0.101	0.265808991063762
PREX1	8	1.48213461850694e-05	1.27351489706792	0.375	0.146	0.266976908831655
NDUFB1	8	1.50146902750382e-05	0.619114412202535	0.896	0.877	0.270459615924263
RPL36AL	8	1.53527260448136e-05	0.740921292554146	0.979	0.945	0.276548654245228
HNRNPA3	8	1.55775775730048e-05	0.809327470187015	0.875	0.728	0.280598904822535
CD48	8	1.59789575225017e-05	0.868269301581211	0.396	0.15	0.287828961852823
ERCC1	8	1.60170616747222e-05	1.12027820368376	0.604	0.341	0.288515331946772
TGFBI	8	1.64597568002427e-05	0.675394039470022	0.75	0.403	0.296489599242772
SCAF11	8	1.66926320921003e-05	1.00517095550316	0.708	0.479	0.300684381875003
ATP5G2	8	1.67842339224134e-05	0.62107333473586	0.938	0.903	0.302334405644432
DOCK10	8	1.68889669589183e-05	1.31292328162615	0.333	0.119	0.304220961830995
CORO1C	8	1.74565266909071e-05	1.1883356457615	0.5	0.237	0.31444441528331
TMEM39B	8	1.78500631231339e-05	1.59337474053736	0.292	0.1	0.32153318703701
ERO1LB	8	1.79468655153634e-05	1.32206393548262	0.292	0.1	0.32327688852824
ZDHHC12	8	1.79866183533692e-05	1.49504873667399	0.333	0.123	0.32399295639924
FIP1L1	8	1.81613215737355e-05	1.16600743353888	0.438	0.183	0.327139885507698
SMDT1	8	1.84832157699473e-05	1.01323645312089	0.729	0.503	0.332938165664061
PRPF38B	8	1.89467471429337e-05	1.14307744257739	0.604	0.332	0.341287756285664
RAB4B	8	1.98238564583129e-05	1.88149134409664	0.333	0.134	0.357087126383591
RICTOR	8	1.98419141450415e-05	1.43583346355088	0.417	0.18	0.357412399494633
AKAP9	8	2.05120802218236e-05	0.901843795915992	0.729	0.489	0.369484101035708
KANSL2	8	2.07265799576365e-05	1.99742145589822	0.25	0.08	0.373347884776906
FMNL3	8	2.10548210718645e-05	1.89449519314654	0.25	0.08	0.379260491967495
PET100	8	2.10854776371268e-05	1.03538930609724	0.708	0.521	0.379812708677565
RASSF5	8	2.14038093571225e-05	1.4649263750712	0.333	0.125	0.385546817949847
NIPA2	8	2.16404794327142e-05	1.28876123095216	0.458	0.212	0.38980995602148
SETD5-AS1	8	2.20184485745923e-05	1.11446087708844	0.479	0.216	0.396618314174132
EIF5	8	2.20239857427768e-05	0.725594334547099	0.812	0.671	0.396718055184639
C11orf1	8	2.25160898759419e-05	1.93619859397843	0.333	0.134	0.405582326935341
KDM3B	8	2.27043188362325e-05	1.53782692211865	0.354	0.136	0.408972895197055
SNAP29	8	2.27401159219e-05	1.65687768284351	0.333	0.131	0.409617708101186
EMC3	8	2.28438769142435e-05	1.38433889093439	0.542	0.292	0.411486754856267
PAPD7	8	2.30300839108526e-05	2.07707370511859	0.292	0.109	0.414840901486188
HMGN3	8	2.30407347675383e-05	0.985037731442391	0.812	0.661	0.415032755367668
MEF2D	8	2.3784690321779e-05	1.35251641472079	0.458	0.217	0.428433626766205
FBXO34	8	2.47602376749839e-05	2.20496611282736	0.292	0.112	0.446006161239484
SLC46A3	8	2.48468773559222e-05	1.499650638633	0.312	0.113	0.447566801812226
KPNA2	8	2.55112721460648e-05	1.55238921632154	0.396	0.171	0.459534545167065
LDLRAD4	8	2.55232457148918e-05	1.77286119787907	0.396	0.173	0.459750225062346
COX8A	8	2.61720078145694e-05	0.63919684678948	0.875	0.822	0.471436376763839
ARHGAP18	8	2.71171893769462e-05	1.27495543142713	0.375	0.153	0.488461932246933
ERAP1	8	2.75469797450115e-05	1.431824280044	0.292	0.101	0.496203746146892
PTPMT1	8	2.77570198641627e-05	1.19811880613535	0.5	0.242	0.499987198813163
PNPLA2	8	2.78745193978052e-05	1.08231035348474	0.458	0.203	0.502103717912664
PSMA2.1	8	2.95195033926814e-05	0.927032128006826	0.708	0.45	0.53173481461237
RALGAPA1	8	2.98184918750714e-05	2.0200820533094	0.458	0.246	0.537120494145661
ITCH	8	3.03628231948189e-05	1.55179563678596	0.375	0.162	0.546925534208274
GNG5	8	3.13410808599806e-05	0.645409568212092	0.917	0.809	0.56454688953083
STX7	8	3.16997285241016e-05	1.13161327322681	0.562	0.296	0.571007209904641
ARHGAP30	8	3.18105855254449e-05	1.31774029792393	0.271	0.089	0.573004077069839
LDHB	8	3.21284137477227e-05	0.844774445887747	0.812	0.618	0.578729116837729
MGAT4A	8	3.26067376574019e-05	0.761287053259134	0.438	0.18	0.587345165422781
KMT2B	8	3.32521411365326e-05	1.89212651305862	0.271	0.094	0.598970818292363
ARHGDIB	8	3.35833640645036e-05	0.449077546413221	0.646	0.295	0.604937136893904
ALCAM	8	3.36463813512652e-05	1.44413117549561	0.354	0.14	0.606072267280341
XBP1	8	3.45002000244419e-05	0.761593420029266	0.792	0.707	0.621452103040273
TWF2	8	3.60443874634966e-05	1.06713991884338	0.583	0.31	0.649267551379964
BIRC6	8	3.63995227546974e-05	1.07087977270833	0.542	0.286	0.655664603380365
SLC35A3	8	3.72667689564678e-05	1.49249845310218	0.312	0.116	0.671286309212854
EIF3F	8	3.7303459688968e-05	0.690687034660134	0.896	0.736	0.67194721937738
GHITM	8	3.80262979871728e-05	0.987153120444396	0.708	0.462	0.684967705642944
MCM6	8	3.98220148329277e-05	1.71392294750471	0.25	0.081	0.717313953185527
UBXN2A	8	4.01876594859521e-05	1.45135573566493	0.396	0.172	0.723900310320454
NPM1	8	4.19830860136863e-05	0.476463866757181	1	0.944	0.756241328364531
HIP1	8	4.20478129203204e-05	1.94182912993491	0.292	0.11	0.757407254133731
OSTF1	8	4.26500592061486e-05	0.87498538023723	0.583	0.304	0.768255516480355
ECHDC1	8	4.42351063694247e-05	1.16797494571505	0.521	0.287	0.796806971032447
CHAMP1	8	4.60199771851064e-05	1.65909892276019	0.271	0.095	0.828957849035322
APRT	8	4.68060257281665e-05	0.744891176854874	0.833	0.767	0.843116941441464
HIST1H1C	8	4.71233717101211e-05	1.21501289097085	0.292	0.103	0.848833294614412
PDE7A	8	4.92258431225358e-05	1.93840094208602	0.292	0.11	0.886705112166236
PRPSAP2	8	4.99551583082883e-05	1.58754566173516	0.312	0.12	0.899842266607197
TXN	8	5.15749415361292e-05	0.472745879530502	0.958	0.881	0.929019421890295
GLIPR1	8	5.17694945662521e-05	0.763471542520615	0.708	0.414	0.932523905621898
PQLC1	8	5.41823854778819e-05	1.19347972942121	0.5	0.26	0.975987309613087
EAF2	8	5.44232539053002e-05	1.47873217459623	0.25	0.082	0.980326072596173
MGAT2	8	5.51107263408709e-05	1.47257994761464	0.396	0.177	0.992709513578107
UQCRB	8	5.51301664503917e-05	0.41079109945271	1	0.967	0.993059688270907
PMF1	8	5.76700352180583e-05	1.31292328162615	0.417	0.187	1
SAMHD1	8	5.9699553183293e-05	0.818097756453662	0.729	0.543	1
VPS13C	8	5.99068771765263e-05	1.28394421465439	0.604	0.38	1
WDR74	8	6.32971651647718e-05	0.479056703906091	0.542	0.254	1
ENTPD4	8	6.42867068350948e-05	1.68376097699446	0.292	0.109	1
ALG5	8	6.49484306018673e-05	0.834551211989862	0.646	0.358	1
RNF5	8	6.61079455340065e-05	1.27148991200699	0.417	0.19	1
RRBP1	8	6.72303386786766e-05	0.728338005391625	0.896	0.629	1
DOCK8	8	6.85406303717278e-05	1.23796122394493	0.312	0.117	1
MAU2	8	6.9422587418565e-05	1.54819699425933	0.25	0.084	1
CHST11	8	6.97048806886365e-05	1.2163829718344	0.354	0.144	1
IGF2R	8	7.07192642988076e-05	1.34243316389863	0.396	0.179	1
UBE2D3	8	7.17265482292583e-05	0.716899623335588	0.812	0.755	1
TNFSF13B	8	7.24358558704834e-05	0.754471296107762	0.5	0.231	1
DFFA	8	7.26341189820576e-05	1.5470557720185	0.292	0.108	1
CYTIP	8	7.6168601594687e-05	0.566753860130107	0.333	0.122	1
EIF1AY	8	7.62176522596613e-05	1.31292328162615	0.438	0.215	1
PRKACB	8	7.7561316165702e-05	1.87606767214162	0.354	0.176	1
HNRNPUL1	8	7.77794607444516e-05	1.0318809266416	0.583	0.332	1
DNAJB14	8	8.16943269565329e-05	1.12670447284319	0.583	0.343	1
NAPA	8	8.17048299868857e-05	1.08231035348474	0.521	0.275	1
GNPTAB	8	8.22084682376143e-05	1.24950556217148	0.396	0.18	1
PHC3	8	8.23380925207598e-05	1.28161916170814	0.417	0.197	1
LYPLA1	8	8.23613832838699e-05	1.14561293539325	0.479	0.244	1
HIST1H4C	8	8.2749166673256e-05	1.19859739132498	0.396	0.178	1
RTFDC1	8	8.3325614857566e-05	0.960541390197077	0.604	0.369	1
TCIRG1	8	8.36898177637852e-05	1.0899558140956	0.542	0.286	1
TRAPPC6A	8	8.49178809767203e-05	1.10344912054289	0.438	0.198	1
TBC1D9	8	8.59613806313259e-05	1.18067548332771	0.354	0.144	1
RPL17	8	8.66850170926115e-05	0.670699899110116	0.854	0.654	1
RGS19	8	9.62155460310299e-05	1.01567316045445	0.396	0.169	1
GNL3	8	9.81348092156795e-05	1.52976933045596	0.5	0.296	1
PTPN22	8	0.000100101219029817	1.09465874591238	0.271	0.094	1
MDFIC	8	0.000100150844055285	1.03193098632483	0.625	0.361	1
ICAM1	8	0.000101157813130539	0.740534034399579	0.458	0.212	1
U2AF1	8	0.000104646839097699	0.887952347279763	0.833	0.665	1
NREP	8	0.000105279124182771	1.51855234475014	0.354	0.153	1
POLE4	8	0.000106907525485321	1.00682015390047	0.562	0.323	1
SP110	8	0.000110543426271496	1.08516435053989	0.396	0.174	1
PARVB	8	0.000112801835154453	1.46082197673847	0.354	0.155	1
PSENEN	8	0.000113692295483182	1.10092603165208	0.542	0.288	1
RBM47	8	0.000114267079034827	1.06600854115564	0.312	0.119	1
DNAJB9	8	0.000116059958941873	1.11279562735255	0.562	0.315	1
TCF3	8	0.000121342879751347	1.72504918548509	0.292	0.118	1
PSMB3	8	0.000124822132241134	0.766615382962237	0.854	0.681	1
ABCE1	8	0.000127208618237465	0.899489668049899	0.562	0.295	1
PLEKHJ1	8	0.000127674106217395	1.12935892628917	0.479	0.247	1
ZNF644	8	0.000127854432073851	1.00332205733791	0.562	0.314	1
C6orf62	8	0.00012906606290193	0.725168520035051	0.792	0.547	1
SLC35C2	8	0.000129826406693139	1.45170977125956	0.417	0.212	1
RGS10	8	0.000129846275704718	0.461502653816858	0.688	0.362	1
VPS36	8	0.000130732682493987	1.1537246867769	0.458	0.233	1
ARIH1	8	0.000130851110015655	1.27325313619613	0.438	0.215	1
STK17B	8	0.000131838584957906	0.632667129251639	0.562	0.279	1
IDI1	8	0.000133376954790928	1.4132368980597	0.5	0.284	1
ARID1B	8	0.000134135614242201	1.31934955078559	0.396	0.184	1
ADRBK2	8	0.00013455568872847	1.41488569257161	0.271	0.101	1
ANKRD36C	8	0.000134639083231668	1.12295233798208	0.333	0.134	1
GNA12	8	0.000135454071118501	1.3858238286736	0.354	0.157	1
LRCH4	8	0.000137624200747817	1.33228860649308	0.354	0.154	1
MAP3K8	8	0.000141184647422677	1.18992959728877	0.604	0.376	1
PSME2	8	0.000143643350956236	0.745161521658605	0.792	0.505	1
UPF2	8	0.000149394805351804	1.147136372748	0.438	0.208	1
FAM96B	8	0.000152097118715772	0.717500063959079	0.771	0.678	1
GDI2	8	0.000155697200978224	0.636943755474756	0.854	0.684	1
ITPR1	8	0.000156333670758707	1.35087763298736	0.312	0.127	1
MSI2	8	0.000156582383385446	1.60510403311946	0.25	0.089	1
CANX	8	0.000163559399309025	0.80087883436907	0.833	0.775	1
KDM3A	8	0.000171587894257516	1.51354508029138	0.292	0.115	1
PPA2	8	0.000171594336378957	1.30397432489867	0.417	0.206	1
LAMTOR5	8	0.00017198759635746	0.75012569750658	0.75	0.597	1
DDX18	8	0.000174876253983992	1.23593354259795	0.708	0.494	1
MED13L	8	0.000175531740051539	1.14942454934327	0.521	0.284	1
PPP1R15A	8	0.000181610368524224	0.282269490392438	0.938	0.808	1
RBM4	8	0.000182161054584686	1.60997670787449	0.312	0.132	1
TMBIM6	8	0.000188078046502066	0.410270189092837	1	0.953	1
PFKFB3	8	0.000188506920043947	1.222488011533	0.354	0.157	1
BAZ2B	8	0.000197117672423499	0.986366267389228	0.521	0.278	1
SLC18B1	8	0.000199603938674693	1.52184241468433	0.271	0.104	1
C4orf3	8	0.000199725550927096	0.710038872907734	0.875	0.769	1
IDS	8	0.000201468654192963	0.842744228154848	0.75	0.509	1
CHCHD7	8	0.00020203553138113	1.24712122323041	0.375	0.169	1
SFPQ	8	0.000212376325913077	0.600512260741505	0.854	0.785	1
MTDH	8	0.000213791736209145	0.751665041496265	0.812	0.669	1
ZSCAN16-AS1	8	0.000215023556538908	0.973785896706568	0.5	0.263	1
SLC35E1	8	0.000217613338215353	1.51199462872798	0.333	0.15	1
MAP2K3	8	0.000230827042537504	1.35655021402641	0.438	0.239	1
TBCA	8	0.0002369377051318	0.612329684220781	0.917	0.81	1
ARPC4	8	0.000240882231164603	0.826515362924808	0.667	0.411	1
EBP	8	0.000242836749664224	1.37604155654145	0.312	0.13	1
BST2	8	0.000245089859706204	0.463739460120761	0.854	0.555	1
TOR3A	8	0.00024573356358115	1.17833724125851	0.375	0.174	1
TIMM13	8	0.000246750501424996	0.881627197483519	0.688	0.471	1
RGS18	8	0.000248987245929783	1.27570507812672	0.312	0.127	1
HNRNPC	8	0.000255661820370355	0.706906313642323	0.812	0.732	1
USMG5	8	0.000259681320657883	0.440489825982098	0.938	0.879	1
SRSF6	8	0.000264866760763298	0.845748159012134	0.708	0.523	1
PRKRA	8	0.000267426551364507	0.940685495280577	0.458	0.226	1
CEBPZ-AS1	8	0.000271762148429722	0.880676492315086	0.5	0.258	1
TMEM167B	8	0.000273219372799708	1.15568353981496	0.375	0.172	1
FOSL2	8	0.000274936059623739	1.66704196758607	0.583	0.476	1
ARL6IP1	8	0.000279305113772131	0.846265090112894	0.604	0.368	1
BCAP31	8	0.000282151117692677	0.724671895231218	0.771	0.574	1
GGH	8	0.000284377984797978	1.42799980607285	0.271	0.105	1
UTRN	8	0.000287061066957323	0.595662110939531	0.625	0.347	1
HLA-E	8	0.000289330052851842	0.349626294988452	0.917	0.821	1
HNRNPAB	8	0.000291566976610357	0.820958391037989	0.688	0.476	1
TAF10	8	0.000294311980475886	0.887358070443398	0.708	0.519	1
DDX3Y	8	0.000297519152166888	0.971886363791086	0.667	0.448	1
SRSF11	8	0.000312859419093736	0.737220865630624	0.812	0.633	1
MTPN	8	0.000321127092078779	0.921688806932516	0.583	0.333	1
LIMD1	8	0.000321514646379766	1.21981387723467	0.271	0.104	1
FKBP2	8	0.000324870200712406	0.719578364550351	0.854	0.795	1
TMEM50A	8	0.000328257771269376	0.640812934752232	0.833	0.716	1
ACSF3	8	0.000336445244825489	1.49111589905207	0.25	0.094	1
ANKRD36	8	0.000343427423606721	1.09366127782126	0.417	0.208	1
UBAC2	8	0.000347015405254333	0.932326427676339	0.542	0.305	1
UBC	8	0.000355026293670955	0.355671689896827	1	0.996	1
KIAA0100	8	0.000357044081511905	1.23188670953525	0.375	0.18	1
INO80D	8	0.000357548919681065	1.09879847627331	0.354	0.157	1
COX6B1	8	0.000369920019156736	0.4505003203722	0.917	0.913	1
UCHL5	8	0.000373985902642301	1.35921693390009	0.312	0.136	1
GMCL1	8	0.000374845272693645	1.39102757464556	0.312	0.138	1
RNF11	8	0.000383954938131587	1.27656229445668	0.438	0.237	1
IRF2BP2	8	0.000384763887991105	0.978805777730877	0.667	0.489	1
AMZ2	8	0.000399511085412357	1.13235103598433	0.417	0.21	1
NEDD8	8	0.00040266450105751	0.515229775310503	0.917	0.84	1
SERTAD2	8	0.000407872342381391	1.17462510346842	0.354	0.16	1
NUFIP2	8	0.000409149204419935	0.66066056286312	0.646	0.369	1
MARCH1	8	0.000431565422842254	0.512634830664775	0.354	0.147	1
PCF11	8	0.000436027617819016	1.08408379567596	0.458	0.245	1
SUMO1	8	0.000439691602673926	0.600247760347871	0.833	0.709	1
YBX1	8	0.000442286490514671	0.38692386306993	1	0.966	1
DYRK4	8	0.000461833579916376	1.31420624750963	0.271	0.108	1
GALNT7	8	0.000462776479868	1.57392237787118	0.25	0.099	1
ENPP2	8	0.000469640850062256	0.701782384632502	0.438	0.211	1
THBD	8	0.000471628078498612	0.964925710102518	0.354	0.158	1
PNN	8	0.000483948722362665	0.927548760077123	0.625	0.395	1
SRPR	8	0.000499952398950579	1.18859514662395	0.438	0.239	1
ARID1A	8	0.000501812724359384	0.966057284988888	0.438	0.216	1
RBM3	8	0.000502548158564481	0.579108824586519	0.812	0.758	1
CHMP1B	8	0.000506516162183855	1.48640812838449	0.667	0.519	1
IFNAR1	8	0.000510797548364695	0.994847512234397	0.521	0.31	1
TNRC6B	8	0.000511390733476124	0.615589474352882	0.729	0.499	1
TMEM14B	8	0.000516316895297578	0.905117351578385	0.583	0.382	1
TRIM38	8	0.000518014992568155	0.895897229253855	0.458	0.238	1
FBXW5	8	0.000534450960560567	0.9078126222526	0.521	0.293	1
MT-CO1	8	0.000536523062264555	0.277437906742044	1	1	1
SNHG7	8	0.000541582242367495	0.765637984048869	0.667	0.418	1
MANF	8	0.000553051310525301	0.71342337052475	0.688	0.466	1
NRD1	8	0.000579612775026549	1.00391344699197	0.479	0.269	1
DDX3X	8	0.000583523937071051	0.579295774831809	0.792	0.597	1
MED30	8	0.000599342477922535	1.25746116415254	0.438	0.234	1
TMEM19	8	0.000601858882191707	1.46323999844332	0.292	0.129	1
FLNB	8	0.000619363178070545	0.559889318832293	0.417	0.195	1
SMIM20	8	0.00061971006728448	1.08231035348474	0.417	0.212	1
SF3B5	8	0.000625458314298724	0.654083174142544	0.792	0.598	1
UQCR10	8	0.000639827540830334	0.556599930849147	0.896	0.807	1
PDPK1	8	0.000656118793544927	1.19991431979697	0.312	0.138	1
LYRM7	8	0.000657294270026711	1.50831897058458	0.25	0.101	1
NOP56	8	0.000658273513186851	1.21653874520181	0.479	0.291	1
BTF3	8	0.000665776718318877	0.304399209319614	0.979	0.982	1
CHD9	8	0.000674667545597564	0.525647996001733	0.812	0.602	1
HDAC1	8	0.000698849713452895	1.31774029792393	0.271	0.112	1
RPN2	8	0.000702536747066481	0.708851957957292	0.75	0.635	1
SLC38A2	8	0.000707954724807774	0.647526209674438	0.792	0.721	1
LSM7	8	0.000717870717008151	0.692834560619924	0.792	0.663	1
NOTCH2NL	8	0.000725073517106526	1.09505884622672	0.438	0.233	1
RASSF2	8	0.000725160989682808	0.735708804660675	0.521	0.285	1
SOCS1	8	0.000732564953925094	1.20732293305147	0.312	0.143	1
BAIAP2	8	0.000751092486595305	1.08231035348474	0.333	0.152	1
DDX21	8	0.000783863735839388	0.849251007096433	0.729	0.513	1
SIVA1	8	0.000784290875639551	0.737031771319994	0.75	0.609	1
ATP5G3	8	0.000784862823529292	0.50442733790285	0.854	0.832	1
MAPRE2	8	0.000791249954157387	1.11883622950985	0.333	0.153	1
MYO1E	8	0.000791428643793843	1.45959293076816	0.25	0.101	1
APAF1	8	0.000795597153460818	1.48454657054049	0.25	0.103	1
AC090186.1	8	0.000829468252683391	1.48284828306847	0.271	0.114	1
PBX2	8	0.000829820183951922	1.2061389403376	0.333	0.158	1
LGMN	8	0.00083298853072561	0.411522444244546	0.542	0.312	1
RBBP6	8	0.00084525691240205	0.781774552594212	0.562	0.332	1
ZCCHC11	8	0.000852918187844377	1.32257345165987	0.417	0.248	1
RNF166	8	0.000857159978684112	0.90615339833091	0.354	0.162	1
PPP3R1	8	0.00089127650475468	0.765637984048869	0.396	0.187	1
PLGRKT	8	0.000896422304490176	1.08641475181747	0.458	0.254	1
COX16	8	0.000921045566082058	0.757594441225755	0.646	0.407	1
ADRBK1	8	0.000923221537611398	0.911943823334804	0.458	0.248	1
C1QBP	8	0.000940103091954864	0.646737705673647	0.75	0.558	1
SNCA	8	0.000943934908147287	0.676671552208143	0.25	0.097	1
MSL3	8	0.000944246974356721	0.977973693670001	0.354	0.166	1
CYB5D1	8	0.000948732336014148	1.04571319982117	0.312	0.14	1
ZFP91	8	0.00098605768768058	0.971886363791086	0.312	0.138	1
RPS20	8	0.000986878638286316	0.506421436389043	0.812	0.684	1
FOSB	8	0.000995152391760907	0.377081336796106	0.958	0.958	1
PDE4B	8	0.000998557254491175	0.590207461458673	0.458	0.228	1
CNPPD1	8	0.000999810984894808	1.14257087830221	0.333	0.154	1
CIRBP	8	0.0010160103459912	0.463677828873944	0.917	0.875	1
COMMD10	8	0.0010221617542692	1.15803767964798	0.375	0.19	1
POLR2J3	8	0.00105143838574156	1.06925420065929	0.292	0.125	1
TOMM5	8	0.00105421537862358	1.01818001606502	0.417	0.225	1
TMEM243	8	0.00106143357057068	1.0592267403717	0.438	0.247	1
ADPGK	8	0.00106463233115504	1.19833414982422	0.396	0.208	1
EEF2	8	0.0010721622499599	0.371816970679721	1	0.946	1
RFTN1	8	0.0011029593622458	1.21082509400742	0.271	0.115	1
FEZ2	8	0.00110424564098484	0.940623703009837	0.479	0.28	1
HNRNPL	8	0.00116339223288686	1.00408518617923	0.438	0.248	1
SNRPB	8	0.00117570023208932	0.770912926089544	0.729	0.576	1
SMARCB1	8	0.00117840981911798	1.00924689129501	0.479	0.286	1
ATP5J	8	0.00122734644489057	0.372802754825277	0.917	0.847	1
TMEM258	8	0.00123080733794493	0.49981991478188	0.938	0.907	1
USP36	8	0.00124421871658926	1.17417121167896	0.354	0.178	1
C14orf166	8	0.00124855370709764	0.564725290122873	0.854	0.708	1
COA5	8	0.0012488658818803	0.979863084513919	0.375	0.186	1
PSMB9	8	0.00125433563856798	0.708168054156436	0.521	0.293	1
JUND	8	0.0012960138611972	0.285475057755557	1	0.996	1
EXOSC1	8	0.00130938150221905	1.31041642601558	0.333	0.169	1
RPL31	8	0.00132898632355637	0.600741709945569	0.854	0.784	1
ARHGAP24	8	0.00139128633869739	1.11745215960499	0.271	0.115	1
RBM12	8	0.00139758037070387	1.1959671352803	0.333	0.162	1
PPIL2	8	0.0014032912298049	1.08231035348474	0.271	0.114	1
PAK2	8	0.00140928874986197	0.58527727283876	0.604	0.36	1
ANXA11	8	0.00141558063702509	0.841302253980942	0.688	0.507	1
CD47	8	0.0014264948917117	0.582718572193393	0.771	0.614	1
ANAPC5	8	0.00144051522815906	1.02755254581426	0.521	0.35	1
TLE3	8	0.00146789675759044	0.99022595449402	0.333	0.157	1
MINA	8	0.00149019269732419	1.32119089760975	0.25	0.106	1
UBE2F	8	0.00151635563128172	1.01818001606502	0.354	0.175	1
TMX1	8	0.00157464939587736	0.98622324929336	0.458	0.269	1
DNAJB11	8	0.00158042582520648	0.990387864043697	0.479	0.297	1
SET	8	0.00158218719993175	0.602681370852608	0.854	0.701	1
BRD4	8	0.00159491117070786	0.841302253980942	0.5	0.304	1
PTK7	8	0.00159656524441891	1.48454657054049	0.25	0.11	1
ZNF655	8	0.00160196628469491	0.966202725287503	0.438	0.251	1
NAGA	8	0.00161702933982208	1.16380846750593	0.333	0.166	1
ARGLU1	8	0.00171756122668665	0.518127770211833	0.833	0.649	1
AHCY	8	0.00173344551994389	1.35904967460584	0.333	0.172	1
DNAJC3	8	0.00175000979578036	0.789130014658862	0.604	0.395	1
ARL5B	8	0.00179754693371527	0.629885123620166	0.417	0.217	1
TMEM55B	8	0.00184956995931484	1.11175413137722	0.312	0.148	1
COX6A1	8	0.00186858905206463	0.754844075055944	0.792	0.717	1
FBXW7	8	0.00187417664332954	0.793280739117998	0.417	0.219	1
HEATR5B	8	0.00191291758436632	1.28876123095216	0.25	0.106	1
RPL36A	8	0.00193273919893581	0.615234174501096	0.812	0.747	1
PIGX	8	0.00194282995765431	1.30420606452504	0.312	0.155	1
HNRNPA2B1	8	0.00195681482957278	0.381094784267733	1	0.969	1
NAGK	8	0.00210092413605458	1.06412488108795	0.479	0.3	1
ICAM3	8	0.00215534072089807	0.771223818244801	0.292	0.129	1
DENND4A	8	0.00218287369127576	1.20675772440923	0.312	0.152	1
ADI1	8	0.00223798618636304	0.687383565315646	0.646	0.428	1
GSDMD	8	0.00224073242623252	0.897885782347309	0.479	0.283	1
ATF7IP	8	0.00235055181853405	1.04633105637917	0.312	0.149	1
RAB8A	8	0.00235601345069927	0.703493042118646	0.521	0.301	1
JUNB	8	0.00236070371532947	0.685499949681596	1	0.976	1
SLC12A9	8	0.00242916754076632	1.27703874592762	0.271	0.124	1
NCOA4	8	0.00243334487822918	0.675927319516431	0.521	0.316	1
TMEM160	8	0.00244453701448271	0.73438705006443	0.521	0.313	1
GCA	8	0.00245014676338333	0.828826740433881	0.396	0.207	1
EWSR1	8	0.00245916854273503	0.940918816491586	0.542	0.363	1
ZMAT1	8	0.00246158162242815	1.47135264423064	0.25	0.116	1
TOP1	8	0.00247886152688878	0.797825587779568	0.562	0.36	1
MIS18BP1	8	0.0024876418911498	0.8998770801664	0.396	0.222	1
C8orf59	8	0.00250373927217707	0.68571320332874	0.771	0.723	1
UBB	8	0.00250837744061798	0.34586786126777	0.979	0.979	1
ALDH2	8	0.0025099845855746	0.800588580992394	0.542	0.328	1
ABCB8	8	0.00251281901387837	1.36681628962136	0.25	0.112	1
BRI3	8	0.00261170082152449	0.427189855753924	0.875	0.838	1
RBM33	8	0.00264223396016045	0.993305347425991	0.333	0.166	1
SMC1A	8	0.0026449789388306	1.23558119309299	0.333	0.172	1
BRK1	8	0.00269949390350872	0.671153074923247	0.792	0.75	1
ARID4B	8	0.00272037698397299	0.894283545667114	0.542	0.361	1
ARHGAP15	8	0.00281046969453598	0.815423622155336	0.25	0.109	1
MCL1	8	0.00294101765928293	0.470847587323364	0.958	0.917	1
CDK6	8	0.00294159622038707	0.94127837786069	0.375	0.2	1
TAPBP	8	0.00302071152836157	0.794851691328324	0.646	0.475	1
NDUFA9	8	0.00304719763030281	1.28372564105486	0.354	0.21	1
HCLS1	8	0.00308338143092519	0.35894717042868	0.458	0.234	1
NUPL1	8	0.00313774953987312	1.07763386627526	0.375	0.208	1
TMEM141	8	0.00314046349007265	0.712940073588496	0.521	0.304	1
PARL	8	0.00314283021501224	1.01336299976725	0.396	0.215	1
TMCO1	8	0.0031865266353073	0.631293557100326	0.792	0.641	1
ABI2	8	0.00322689779425856	0.938292244022992	0.479	0.302	1
KAT6A	8	0.00323107986842893	1.2227021565595	0.333	0.178	1
METTL12	8	0.00325930077245274	1.05907804724702	0.25	0.11	1
RPL7L1	8	0.00326509334030656	1.02020485154251	0.417	0.248	1
FBXW11	8	0.00326534613490571	1.10989618515664	0.354	0.189	1
HSPA13	8	0.00327391822071088	0.931688490438047	0.333	0.168	1
DDX27	8	0.00329338311320297	1.04878378570318	0.396	0.228	1
PHKG2	8	0.0033228554682533	1.37181697067972	0.271	0.133	1
LIMD2	8	0.00336622982658714	0.980742714751593	0.396	0.224	1
DDOST	8	0.00341769287651954	0.615367941097988	0.75	0.616	1
ACN9	8	0.00342630916012376	1.0949767653209	0.375	0.208	1
CDK12	8	0.00346602243372653	1.10635582745139	0.333	0.177	1
POLR1D	8	0.00350010213858666	0.665225025557034	0.646	0.419	1
C19orf10	8	0.0035100136943064	0.458713647808519	0.896	0.777	1
MIB2	8	0.00367870616029714	1.15598226536544	0.312	0.157	1
IREB2	8	0.00374410355260458	0.959395419607889	0.354	0.19	1
DARS	8	0.00377806017117337	0.797233615738565	0.479	0.284	1
FRYL	8	0.00380106489827182	0.829788265963901	0.354	0.185	1
NIPBL	8	0.00390864549938745	0.70812898372974	0.5	0.306	1
SNX18	8	0.00392394984601615	1.42817941329883	0.333	0.182	1
SLC1A5	8	0.0039778585874553	0.628233497749008	0.479	0.273	1
SAFB2	8	0.00401439349046451	1.00880168374916	0.333	0.174	1
AGPAT2	8	0.00402680067178593	0.965094739612881	0.417	0.237	1
CCDC12	8	0.00409378258587125	0.719740274100029	0.458	0.268	1
SNX10	8	0.00418118218828901	0.845576909081268	0.25	0.11	1
TRIM44	8	0.00430520936853479	1.29128563236771	0.354	0.201	1
MARCH2	8	0.00432866053674525	1.0321868740589	0.375	0.215	1
ATG13	8	0.00436111979851412	1.24406142348135	0.25	0.116	1
FAM214A	8	0.00436621179975336	1.3858238286736	0.292	0.15	1
MYO9B	8	0.00445239755391159	0.745275366207166	0.354	0.182	1
WBSCR22	8	0.00447431723876501	1.07911501432493	0.479	0.306	1
TBC1D1	8	0.00453969742246765	1.11324221303663	0.25	0.114	1
ZSWIM6	8	0.00460504536165719	1.00332205733791	0.312	0.162	1
TNFAIP8	8	0.00461904060503259	0.358011171154691	0.375	0.195	1
DAAM1	8	0.00465320476015389	0.982774679933822	0.417	0.266	1
ALG2	8	0.00468760406702391	1.27088806182894	0.312	0.167	1
ROGDI	8	0.00474570840313788	1.11547721741994	0.25	0.115	1
GNB1	8	0.00483231009479062	0.67562851441776	0.646	0.491	1
CNTRL	8	0.00483922895853871	1.05202778654869	0.25	0.115	1
IQSEC1	8	0.00490077508014269	0.944179434621244	0.312	0.157	1
EPC1	8	0.00492150493557749	0.662965012722429	0.542	0.339	1
MDM4	8	0.00497862923586028	0.56975634829163	0.542	0.345	1
PFDN5	8	0.00504698650518549	0.261465923577329	0.979	0.992	1
NAA38	8	0.00506932854446276	0.70220664431528	0.646	0.487	1
FES	8	0.00510643739305416	1.17250816245632	0.292	0.152	1
SRRM2	8	0.00516387544164466	0.53868864814448	0.896	0.78	1
HIGD2A	8	0.00517604040191258	0.69837651429873	0.688	0.517	1
SNX3	8	0.00518249405833803	0.320041324973326	0.896	0.898	1
CMTM3	8	0.0052496546048793	0.822294139213857	0.438	0.253	1
SELK	8	0.00527588384530628	0.330089136332512	0.833	0.734	1
IRF2BPL	8	0.00532307808345826	0.818365442703783	0.375	0.206	1
LASP1	8	0.00537465173202025	0.759536351190619	0.458	0.281	1
PPP1CA	8	0.00540719886637724	0.727045074723262	0.438	0.258	1
ME2	8	0.00545822462629165	1.31632185808802	0.25	0.122	1
GPX7	8	0.00553127632705272	1.17250816245631	0.25	0.118	1
DPAGT1	8	0.00554439087663997	1.39080007404729	0.25	0.119	1
METTL15	8	0.0055457300359216	1.1625699254002	0.292	0.148	1
PGK1	8	0.00554704161766165	0.623331581842804	0.729	0.597	1
SDF2L1	8	0.00558105920718932	0.959578104753551	0.479	0.31	1
NASP	8	0.0056037204763412	0.764468389302291	0.542	0.346	1
ZNF292	8	0.00562786199380831	1.11547721741994	0.458	0.326	1
GRSF1	8	0.00568531723779751	1.19902207562962	0.375	0.231	1
HERC1	8	0.00570854407577161	1.03500463870638	0.396	0.236	1
GLO1	8	0.00574959769872591	0.687693814616388	0.562	0.347	1
CTDNEP1	8	0.00576681245452033	0.869316630150539	0.521	0.339	1
RBM6	8	0.00578799944183469	0.989644105306504	0.438	0.278	1
TP53BP1	8	0.00585504017517774	0.938115627135842	0.292	0.145	1
RBX1	8	0.00591192018175854	0.5084349009186	0.812	0.73	1
PHKB	8	0.00595141723874245	0.91655499379138	0.396	0.234	1
FUOM	8	0.00598113700232912	0.915556808674365	0.354	0.197	1
SSR1	8	0.00600994459405974	0.706210004233694	0.625	0.528	1
RSL24D1	8	0.00610308736828907	0.514643599021687	0.792	0.706	1
CNOT7	8	0.00610979264818923	1.06925420065929	0.354	0.196	1
BPTF	8	0.00618645268236244	0.495267542322533	0.583	0.376	1
C20orf24	8	0.00624129252772913	0.814646621979889	0.458	0.286	1
ATP5G1	8	0.0064039370900742	0.44870672131392	0.812	0.653	1
MDH2	8	0.00642044825978794	0.618333446284095	0.688	0.5	1
SON	8	0.00656439576366629	0.466032312297372	0.833	0.799	1
INF2	8	0.0065916383363025	1.15516091889242	0.292	0.16	1
NXF1	8	0.00661489242771638	0.878776959399605	0.333	0.179	1
CNOT2	8	0.00672513132848205	0.886708233035824	0.458	0.294	1
SNRNP200	8	0.00677741502972228	1.05482961706263	0.354	0.211	1
CENPC	8	0.00679788490148143	0.890977413005132	0.375	0.214	1
NT5C2	8	0.00684241641390825	1.14581329579089	0.292	0.154	1
NDUFA1	8	0.00686497297618964	0.424233210303852	0.896	0.832	1
XRCC5	8	0.00698358953597583	0.600777442418986	0.646	0.477	1
SEC16A	8	0.00708150124934759	0.798147639489924	0.354	0.191	1
SRD5A3	8	0.00709954103640484	1.25439410894482	0.271	0.137	1
C11orf58	8	0.00715682982376595	0.445106189076914	0.771	0.693	1
P4HB	8	0.0072792747794955	0.266837713624444	0.917	0.826	1
ZBTB1	8	0.00729017918376202	0.995549041565453	0.396	0.244	1
LMAN2	8	0.00730411326868378	0.515963530930927	0.75	0.652	1
MYL12B	8	0.00734035223428819	0.267584279787043	1	0.953	1
ZNF800	8	0.00744927222492455	1.02913031562556	0.333	0.183	1
LENG8	8	0.00749475638956434	0.554320038201503	0.646	0.461	1
MKKS	8	0.00752975554134959	0.708851957957293	0.479	0.302	1
CD97	8	0.00755990499939664	0.811349031879314	0.312	0.164	1
SNF8	8	0.00772094403726027	0.717313536705488	0.521	0.365	1
DEF8	8	0.0077313515384965	0.974057462832713	0.333	0.186	1
LSM3	8	0.00785698061827404	0.644212545135834	0.708	0.576	1
TOMM22	8	0.00788796810244362	0.806580874802576	0.458	0.282	1
ACADM	8	0.00797592710612252	0.845418362453174	0.417	0.252	1
ARHGEF7	8	0.00809337159684754	1.05390193829898	0.271	0.137	1
UFC1	8	0.00810283778812905	0.546924869811366	0.75	0.549	1
EIF3M	8	0.00813355314757476	0.646695481894723	0.604	0.464	1
ABHD5	8	0.00816248618693536	0.838041924817355	0.292	0.149	1
POLE3	8	0.00821144073058785	0.965824611003885	0.312	0.169	1
RSU1	8	0.00827675856709895	0.893453536032048	0.396	0.238	1
UBE2W	8	0.0084520347751721	1.01147499218713	0.375	0.222	1
MRPL23	8	0.00864308385167815	0.732327527886135	0.417	0.242	1
NAA10	8	0.00872496439397892	0.728673398870036	0.5	0.332	1
MLXIP	8	0.00879757282532063	0.834382840041151	0.292	0.149	1
FXYD5	8	0.00888494413558227	0.446647641352894	0.562	0.361	1
SLFN11	8	0.00902360539326911	1.28121442189882	0.333	0.193	1
CDC40	8	0.00906166601384064	0.87547936929903	0.375	0.212	1
YLPM1	8	0.0090629549567033	0.948786680647347	0.271	0.136	1
ZBTB21	8	0.00927218423261435	1.00880168374916	0.292	0.157	1
GLS	8	0.00929024153301188	0.56230329460435	0.625	0.432	1
TRPT1	8	0.00933631453311624	0.92507061167354	0.271	0.136	1
SULF2	8	0.00938579673876428	0.632366113123921	0.604	0.418	1
KLF16	8	0.00943074322490445	1.06832612404904	0.25	0.123	1
PYURF	8	0.009835396249094	0.669616794674192	0.646	0.497	1
CAP1	8	0.00984389745912374	0.414794043424997	0.667	0.479	1
ZMYND8	8	0.00985157293458647	1.17864468825827	0.271	0.14	1
SATB1	8	0.00987303245356475	0.848719725543425	0.25	0.12	1
LARP4B	8	0.0099081001297773	1.03924163159285	0.292	0.156	1
MAP4K4	8	0.00996261472663023	0.831543287518613	0.458	0.287	1
