gene	cluster	p_val	avg_log2FC	pct.1	pct.2	p_val_adj
FOLR2	0	0	4.16608507356006	0.96	0.129	0
DAB2	0	0	4.81310198524997	0.931	0.121	0
SLCO2B1	0	0	4.49374850549102	0.871	0.065	0
CD163	0	0	3.75278335344994	0.918	0.117	0
TMEM176B	0	0	3.5118897968998	0.958	0.165	0
F13A1	0	0	4.47558084273088	0.92	0.129	0
LGMN	0	0	4.53574924468538	0.893	0.11	0
SEPP1	0	0	4.32770631367138	0.982	0.222	0
PLTP	0	0	5.18833979610668	0.955	0.204	0
STAB1	0	1.5211691359169e-307	4.12505407340032	0.971	0.216	2.75270766835522e-303
MS4A4A	0	1.17490954809365e-298	3.39413874307893	0.938	0.15	2.12611631823027e-294
MS4A7	0	5.99201978110345e-292	3.43420887141856	0.933	0.154	1.08431589958848e-287
C2	0	2.25660990332504e-288	4.44594246296675	0.737	0.064	4.083561281057e-284
LYVE1	0	4.69792839788497e-288	4.55940051275003	0.744	0.066	8.50137122881264e-284
C1QC	0	6.58077666465251e-288	3.60954270413557	0.996	0.253	1.19085734523552e-283
APOC1	0	3.2872824400281e-281	3.8882513274658	0.706	0.051	5.94866630347486e-277
CD68	0	6.78561412294342e-280	3.13954406637299	0.962	0.193	1.22792473168784e-275
C1QB	0	1.34848003888738e-275	3.8410902597697	0.998	0.316	2.44020947837061e-271
RNASE1	0	2.74298858387886e-274	5.13215014539422	0.989	0.381	4.96371214138718e-270
CSF1R	0	2.71440789703499e-272	3.26173342177163	0.915	0.164	4.91199253047452e-268
C1QA	0	4.22848134814728e-271	3.96909730561034	1	0.377	7.65185984760731e-267
GPR34	0	1.42007886539317e-270	4.16838810592718	0.695	0.056	2.56977471481549e-266
MAF	0	1.60358669637446e-270	3.63623812374812	0.849	0.126	2.90185048575922e-266
SIGLEC1	0	1.07449101676786e-269	3.641862672942	0.811	0.104	1.94439894394311e-265
APOE	0	1.84346859493603e-264	4.49490063822054	0.871	0.169	3.33594076939623e-260
VSIG4	0	2.57325611330368e-262	3.21699038103802	0.853	0.124	4.65656426263435e-258
CFD	0	7.8240028795976e-258	3.34767956853754	0.918	0.186	1.41583156109198e-253
FCGR3A	0	2.46629918159289e-256	2.8815254953949	0.913	0.154	4.46301499901049e-252
CD209	0	2.42216858387839e-250	5.43936980904326	0.532	0.02	4.38315626938633e-246
NINJ1	0	8.16231204752965e-250	3.24090520716994	0.913	0.208	1.47705198812097e-245
SLC40A1	0	1.3888219995152e-246	4.00369877708022	0.67	0.06	2.5132122903227e-242
FCGRT	0	1.76796259450968e-243	3.29778201302409	0.993	0.508	3.19930511102471e-239
CD14	0	3.58536480280229e-239	2.84485968465056	0.998	0.328	6.48807614715102e-235
COLEC12	0	2.77856011149525e-236	4.90670723590272	0.508	0.018	5.02808237776181e-232
TMEM176A	0	5.39199775436532e-235	3.24909235578159	0.795	0.12	9.75735913629948e-231
KCTD12	0	7.66060207759218e-228	2.98748794903384	0.853	0.166	1.38626255196108e-223
GLUL	0	7.80408159916053e-221	2.62600141854251	0.935	0.232	1.41222660618409e-216
HMOX1	0	1.22710178480653e-217	3.50050682369646	0.777	0.126	2.22056338978589e-213
CYBB	0	1.29048394960049e-217	2.81986097492	0.84	0.154	2.33525975519705e-213
MAFB	0	3.62539546842539e-213	2.73088098069438	0.849	0.155	6.56051563966259e-209
NPL	0	1.03798295851363e-211	3.37854113504618	0.679	0.086	1.87833396172626e-207
HNMT	0	1.6339475280714e-211	3.06603118397297	0.757	0.12	2.956791446798e-207
CCR1	0	7.46035761672865e-211	3.15604481851882	0.715	0.097	1.35002631432322e-206
FCER1G	0	8.84728999561388e-211	2.30050335940093	0.998	0.293	1.60100559760629e-206
IGF1	0	6.25047625793618e-208	3.30861540488162	0.684	0.089	1.13108618363613e-203
AIF1	0	3.72472425219206e-206	2.34479239147162	0.996	0.322	6.74026100676675e-202
FTL	0	8.09108410141025e-204	2.38742367850842	1	0.998	1.4641625789912e-199
CREG1	0	8.23156736325323e-203	3.10438790374241	0.824	0.198	1.4895844300543e-198
MS4A6A	0	9.51507350846988e-202	2.13040074382567	0.978	0.245	1.72184770209271e-197
PLD3	0	6.394362904813e-201	3.07285878142667	0.86	0.241	1.15712391125496e-196
CTSB	0	4.37597614681161e-200	2.57387512944659	0.984	0.475	7.91876643527029e-196
TYROBP	0	1.43222663461083e-199	2.36382867765913	1	0.422	2.59175731799175e-195
C3AR1	0	8.75717473081372e-198	3.51924338627805	0.597	0.061	1.58469833928805e-193
ADORA3	0	4.06126420768977e-196	5.14331492403832	0.441	0.019	7.34926371023541e-192
AP1B1	0	4.85414393245308e-196	3.21794325277741	0.699	0.11	8.78405886016709e-192
TTYH3	0	3.06936580553396e-193	3.39793709005591	0.67	0.1	5.55432436169426e-189
IL2RA	0	6.01198656770156e-191	4.11635402243109	0.483	0.031	1.08792908929127e-186
S100A9	0	2.47452847658407e-190	1.19521691925962	0.849	0.177	4.47790673122653e-186
IDH1	0	6.96109959275568e-189	3.52003195970073	0.615	0.077	1.25968058230507e-184
CTSC	0	1.46217030740295e-188	2.35214818546171	0.973	0.434	2.64594338827637e-184
FUCA1	0	3.60169143732327e-186	3.53518010549151	0.595	0.071	6.51762082498019e-182
CR1	0	1.30304212060667e-185	3.61019475757592	0.55	0.054	2.35798502144984e-181
BLVRB	0	5.58792986075145e-182	2.71151843845055	0.893	0.321	1.01119178760158e-177
HSPH1	0	1.25925485179574e-180	2.98634424174933	0.793	0.189	2.27874757980957e-176
LAIR1	0	8.81762399364016e-177	2.80765956590342	0.697	0.118	1.59563723788912e-172
MTSS1	0	2.82000435916408e-175	3.38225917250848	0.577	0.07	5.10307988834331e-171
MSR1	0	3.67901224424733e-173	2.41402241248762	0.735	0.13	6.65754055718996e-169
LAPTM5	0	7.21887279647501e-173	2.08831787928396	0.976	0.417	1.30632722125012e-168
MRC1L1	0	4.56429242095774e-170	2.94650637422201	0.624	0.089	8.25954356496513e-166
EGR1	0	1.40641530428565e-169	2.63333371560449	0.929	0.383	2.5450491346353e-165
OLFML2B	0	6.33015574361028e-165	2.89345920434873	0.597	0.084	1.14550498336372e-160
CTSD	0	1.45226023305734e-164	2.57005997727566	0.953	0.501	2.62801011774057e-160
PCDH12	0	1.05049930806667e-163	4.11727279020033	0.41	0.024	1.90098354787744e-159
SLC7A8	0	2.61207751074579e-163	4.62844215717968	0.379	0.017	4.72681546344559e-159
FAM20A	0	5.13460783160669e-162	3.58950726788087	0.51	0.056	9.29158633207547e-158
RASSF4	0	1.58825025399353e-161	2.42178546771987	0.788	0.189	2.87409765962669e-157
FCGR2A	0	1.89669113601017e-161	2.03024778002878	0.844	0.192	3.432252279724e-157
ID2	0	7.6490211277637e-161	2.86585187921278	0.78	0.208	1.38416686328012e-156
HPGDS	0	3.07703219920419e-159	4.11204172641331	0.374	0.018	5.5681974676799e-155
CD4	0	1.03390497411683e-157	2.693935967703	0.697	0.144	1.87095444116181e-153
KLF4	0	4.4819177903949e-156	2.49112591832591	0.768	0.18	8.11047843349861e-152
TMEM37	0	4.55212993375958e-156	4.01842602440621	0.405	0.026	8.23753432813134e-152
GPX1	0	9.87773379459541e-156	1.68574569561374	1	0.839	1.78747470746999e-151
LRP1	0	7.02178480224219e-154	2.33693789581493	0.755	0.173	1.27066217781375e-149
SPI1	0	1.38425648386451e-153	2.01994903604795	0.855	0.225	2.50495053320122e-149
TREM2	0	4.76133225442215e-152	3.33548939224948	0.479	0.049	8.61610684760232e-148
CTSL	0	5.30408573526838e-151	2.39529518455183	0.795	0.219	9.59827354654165e-147
CPVL	0	3.22889629529096e-149	1.72021505642332	0.835	0.193	5.84301073595852e-145
RAP2B	0	3.43118827670591e-148	2.762108207271	0.635	0.118	6.20907830552701e-144
CYFIP1	0	6.18847240014074e-146	3.0162581877235	0.592	0.104	1.11986596552947e-141
MFSD1	0	8.78027760120688e-146	2.36519085918429	0.742	0.186	1.5888790347144e-141
BMP2K	0	8.76659026752626e-143	2.58577851747526	0.664	0.138	1.58640217481155e-138
PLEKHO2	0	1.11464336210999e-142	3.15076709568507	0.532	0.079	2.01705862807424e-138
NPC2	0	4.43984856165186e-142	1.68214228864953	0.967	0.609	8.0343499571652e-138
GRN	0	4.64008261712512e-142	1.89987085477106	0.942	0.472	8.39669350394962e-138
EPHX1	0	2.33069856448168e-140	2.93588477125948	0.586	0.106	4.21763212228606e-136
SNX6	0	7.16973846429933e-140	2.06987024795782	0.884	0.369	1.29743587249961e-135
TTN	0	5.06170144230842e-139	3.48346392488072	0.401	0.034	9.15965493000131e-135
ARHGAP18	0	1.14930532453927e-138	2.63733520138529	0.644	0.137	2.07978291528627e-134
ARL6IP1	0	2.06901769059714e-138	2.50996807893751	0.71	0.177	3.74409441290458e-134
HEXIM1	0	1.44033812652948e-137	2.84874095229106	0.688	0.173	2.60643587376775e-133
PSAP	0	4.61311384646073e-137	1.72354906163835	0.987	0.63	8.34789081655534e-133
CD83	0	3.7590180257191e-136	1.92883077350557	0.777	0.194	6.80231901934129e-132
CD74	0	1.0194431192524e-135	1.64112331450903	1	0.857	1.84478426859914e-131
MPEG1	0	9.55763928458637e-135	2.58378363847276	0.599	0.11	1.72955040493875e-130
MARCKS	0	3.36031406098529e-134	1.6228774993082	0.993	0.625	6.08082432475898e-130
NCOA4	0	4.49494541673651e-134	2.50658381430658	0.688	0.172	8.13405322612639e-130
DNAJA4	0	5.33127707062548e-134	3.5366433608875	0.481	0.066	9.64747898700387e-130
MARCH1	0	1.44143549795506e-133	2.54514751845347	0.584	0.104	2.60842167709948e-129
CD302	0	1.61243901282736e-132	2.2632430998928	0.682	0.154	2.91786963761239e-128
LTC4S	0	2.64528406820008e-132	2.68316964709892	0.626	0.132	4.78690604981486e-128
LILRB4	0	3.75248298027536e-132	2.91335058620283	0.532	0.086	6.79049320110628e-128
ENPP2	0	1.53590267665875e-129	1.49071487853032	0.579	0.101	2.77936948368167e-125
HLA-DMB	0	2.01489587670724e-129	2.20453807310449	0.688	0.159	3.64615557848941e-125
PLEKHG5	0	2.73477015344072e-128	4.87632792657902	0.298	0.013	4.94884006966632e-124
NAIP	0	5.63800296565597e-128	1.9286131477496	0.722	0.17	1.0202530166651e-123
SIRPA	0	1.021922283843e-127	2.81178767438431	0.532	0.09	1.84927056484229e-123
TPP1	0	9.5697471374278e-127	2.16288096061614	0.757	0.229	1.73174144198893e-122
LPAR6	0	9.97336531826744e-126	2.23549747567761	0.679	0.16	1.80478018799368e-121
NFKBIZ	0	1.60821957875593e-125	2.35151463147495	0.771	0.256	2.91023414971674e-121
CTSZ	0	1.12433731864656e-124	1.93084817940678	0.931	0.531	2.03460081182282e-120
ITGB2	0	2.11921075933017e-124	1.85993460162592	0.829	0.275	3.83492379008387e-120
TGFBI	0	3.53530934095856e-123	2.058406903471	0.63	0.135	6.39749578339861e-119
SERPING1	0	5.41153264444825e-123	2.32847486962088	0.657	0.157	9.79270947339356e-119
GAA	0	4.05237874786509e-122	2.6116624351663	0.579	0.12	7.33318458213666e-118
ZFP36L1	0	6.28682797959545e-121	1.73205627865474	0.96	0.548	1.13766439118759e-116
LGALS9	0	1.04817564720441e-120	2.11010085517569	0.733	0.211	1.8967786511811e-116
ME1	0	2.94317551388185e-118	3.74495616590611	0.332	0.025	5.3259704099206e-114
IER3	0	3.79313203196845e-118	1.26948025350554	0.984	0.597	6.86405172505011e-114
NCF4	0	3.8061127854428e-118	2.08852030804416	0.708	0.195	6.8875416965373e-114
HSPA1A	0	5.79662021656375e-118	1.67575145511833	0.984	0.759	1.04895639438938e-113
SPRED1	0	6.92230922521651e-118	2.92259908050925	0.468	0.071	1.25266107739518e-113
RB1	0	7.94016420667625e-117	2.14812493226738	0.695	0.189	1.43685211484013e-112
FCGR1A	0	1.9081104285647e-116	2.35646045407975	0.543	0.101	3.45291663153069e-112
LINC00910	0	1.63212851145179e-115	3.86472236393141	0.379	0.042	2.95349975432316e-111
ITSN1	0	3.5025101489323e-115	3.18413536051695	0.405	0.05	6.33814236550789e-111
HLA-DMA	0	4.3676095354773e-115	1.46188400683577	0.973	0.472	7.90362621539972e-111
WWP1	0	9.40182066926833e-115	2.72407743623019	0.512	0.094	1.7013534683108e-110
AP2A2	0	1.13231578660424e-114	2.75335060664834	0.494	0.084	2.04903864743904e-110
HLA-DRA	0	2.85299726631577e-114	1.14707937652381	0.993	0.591	5.16278385312502e-110
TFRC	0	4.01978062879228e-114	2.69105496080328	0.55	0.114	7.27419502586251e-110
PLEK	0	6.32083068628385e-114	2.06294414855484	0.65	0.16	1.14381752098993e-109
TRPM2	0	1.6054595014332e-113	3.55732916273033	0.345	0.032	2.90523951379351e-109
NEURL2	0	7.42011237613955e-113	4.19042384505823	0.303	0.021	1.34274353558621e-108
LILRB5	0	1.40228444897385e-112	4.59746855358355	0.258	0.01	2.53757393886308e-108
ADAP2	0	1.93765389312438e-112	3.13541220039937	0.403	0.051	3.50637848499789e-108
TSPAN33	0	3.55358352350952e-112	2.57370834943391	0.503	0.09	6.43056474414283e-108
ITM2B	0	1.26577779192723e-110	1.07525865533436	1	0.963	2.29055149227152e-106
NRP1	0	1.40521720976186e-110	2.35151463147495	0.546	0.109	2.54288106278506e-106
RAB3IL1	0	3.93801291057787e-110	3.90687472821624	0.296	0.02	7.12622816298171e-106
RNF130	0	3.75583770262019e-109	1.87994619199792	0.706	0.198	6.7965639066615e-105
MNDA	0	5.85424943778522e-109	1.17869833542837	0.746	0.181	1.05938497826161e-104
RHOU	0	1.07998843151566e-108	3.37409034810155	0.367	0.042	1.95434706567073e-104
ITGAM	0	4.23581505516036e-108	2.75289398533075	0.434	0.065	7.66513092381818e-104
CCL3	0	4.8096727756342e-108	1.6228432410874	0.784	0.297	8.70358385478766e-104
VAMP8	0	5.18741751843171e-108	1.5187416152347	0.933	0.553	9.38715074135402e-104
COLGALT1	0	8.49455481861157e-108	2.54744475942574	0.532	0.111	1.53717463997595e-103
C6orf62	0	3.72855585565815e-107	2.01622414945383	0.782	0.325	6.74719467639899e-103
LST1	0	6.39039069072042e-107	1.49983994579729	0.762	0.212	1.15640509939277e-102
PYGL	0	1.68098742630984e-106	3.30687842522919	0.356	0.039	3.04191484665029e-102
APLP2	0	5.30131123444557e-106	1.81834026745244	0.795	0.301	9.59325280985271e-102
PLA2G15	0	9.6108368822447e-105	2.71346425979285	0.445	0.073	1.739177042211e-100
CXCL2	0	1.28757931902714e-104	1.52247928011948	0.628	0.153	2.3300035357115e-100
BCAT1	0	1.29269926423235e-104	2.94998496830433	0.408	0.059	2.33926858855487e-100
IER2	0	3.22774741456573e-104	1.44677182267595	0.989	0.846	5.84093172139815e-100
MCOLN1	0	1.8718402260921e-103	2.7168515467654	0.45	0.077	3.38728207313626e-99
CST3	0	1.98126083279837e-103	1.05412415627699	1	0.782	3.58528960303194e-99
FPR3	0	2.40937855733514e-103	2.52221087798091	0.468	0.082	4.36001143735366e-99
FRMD4B	0	4.2542290823444e-103	2.25207940686768	0.581	0.14	7.69845294741043e-99
SLC9A9	0	7.59094043841903e-102	2.24954525016324	0.55	0.123	1.37365658173631e-97
SNHG12	0	2.11380513649195e-101	2.25584248862445	0.71	0.246	3.82514177499583e-97
TMSB4X	0	3.49960869009698e-101	0.948769218449325	1	0.967	6.33289188559949e-97
TSPAN4	0	4.59843763741004e-101	2.22908114760353	0.63	0.181	8.32133274865721e-97
ATP1B1	0	8.73388874920829e-101	2.88697517077853	0.425	0.069	1.58048450805673e-96
RNASE6	0	9.1201182200975e-101	1.75433740220041	0.706	0.212	1.65037659310884e-96
RBPJ	0	2.02907147060461e-100	1.82635791073179	0.788	0.315	3.6718077332061e-96
MKNK1	0	2.41072831397683e-100	2.43618764655049	0.483	0.092	4.36245395697246e-96
CMKLR1	0	3.97027589170446e-100	3.52707922569215	0.312	0.03	7.1846112536284e-96
HLA-DPB1	0	6.96144264965309e-100	0.813463273089269	0.969	0.488	1.25974266188122e-95
PIK3AP1	0	1.5359585544478e-99	2.58920372366944	0.457	0.082	2.77947060012874e-95
SDC3	0	1.8305087593692e-99	1.89106792541242	0.501	0.096	3.3124886509545e-95
HLA-DRB1	0	5.90140470923637e-99	0.965598845619161	1	0.695	1.06791819618341e-94
RGL1	0	1.28298301163508e-98	2.58339810198823	0.445	0.078	2.32168605785484e-94
FAM26F	0	1.8192185911595e-98	1.7714979533586	0.621	0.152	3.29205796256223e-94
FSCN1	0	2.75859795355337e-98	2.69118010241249	0.432	0.075	4.99195885675018e-94
SCN1B	0	3.70370246781508e-98	2.97492287005424	0.396	0.06	6.70221998575817e-94
TBC1D14	0	9.87938707073144e-97	2.66288045421109	0.432	0.075	1.78777388431956e-92
RNASET2	0	4.21158893894054e-96	1.3201838558161	0.933	0.5	7.6212913439068e-92
TIMP2	0	4.95875088670201e-96	1.24260768687113	0.891	0.374	8.97335560457596e-92
SDCBP	0	1.41759524486391e-95	1.44223931854797	0.889	0.437	2.56528035510573e-91
EPB41L3	0	4.1628913321024e-95	2.34069313822144	0.499	0.107	7.53316815457251e-91
CYTH4	0	2.17029093884201e-94	2.13381754310974	0.592	0.161	3.92735848292849e-90
CD81	0	4.33768862907757e-94	1.16821615252501	0.969	0.699	7.84948134317877e-90
TNFSF13B	0	1.35188721220356e-93	1.50659867894631	0.733	0.228	2.44637509920357e-89
MPP1	0	4.43458677516073e-93	2.57540099144374	0.459	0.091	8.02482822833086e-89
CCL8	0	5.37195682837236e-92	2.83509588584602	0.345	0.045	9.72109307662262e-88
PDGFC	0	9.97333562716709e-92	2.88697517077853	0.363	0.052	1.80477481509216e-87
CEBPB	0	6.27072212756964e-91	1.44095753313206	0.88	0.439	1.134749876205e-86
MYLIP	0	7.87289267871428e-91	2.44538425245837	0.465	0.096	1.42467865914014e-86
CEBPD	0	2.26959820130474e-90	1.17908188538886	0.833	0.311	4.10706490508106e-86
NABP1	0	1.36204490160492e-89	1.79283857158332	0.717	0.254	2.46475645394427e-85
ARRB2	0	2.19298028166579e-89	1.66289439928932	0.668	0.198	3.96841711770242e-85
BRI3	0	3.59435459906334e-89	1.39749297891161	0.911	0.544	6.50434408246503e-85
SNX2	0	4.58083697377262e-89	1.76307261284145	0.722	0.265	8.28948258773894e-85
LY96	0	5.24557162914605e-89	1.3892813004922	0.9	0.481	9.49238642010269e-85
IFI44L	0	6.35075919152298e-89	1.33090739017498	0.893	0.399	1.149233383298e-84
SOD2	0	1.56293416374475e-88	1.12175131657081	0.851	0.414	2.82828566271251e-84
C1orf162	0	3.29022368425334e-88	1.49230546919365	0.675	0.192	5.95398877902484e-84
PMAIP1	0	4.35676229959821e-88	2.08842825442262	0.568	0.152	7.88399705735292e-84
HLA-DRB5	0	1.25504929132767e-87	1.0157210451473	0.884	0.355	2.27113719758655e-83
LGALS3BP	0	1.7622283488185e-87	1.6198587633184	0.666	0.204	3.18892842002196e-83
LAMP1	0	1.86405149744584e-87	1.65153132118004	0.786	0.353	3.373187589778e-83
PYCARD	0	2.57845574364647e-87	1.48199133616361	0.797	0.31	4.66597351370265e-83
CEBPA	0	2.89908949969256e-87	3.022751949809	0.316	0.039	5.24619235864365e-83
ARHGAP4	0	3.65769568949657e-87	1.97686067429573	0.608	0.184	6.618966119713e-83
POLG2	0	4.36916639570891e-87	3.02055832515713	0.33	0.044	7.90644350967484e-83
RAB31	0	1.47754720405573e-86	2.34960212857564	0.497	0.119	2.67376942045925e-82
LY86	0	1.84949835990412e-86	1.97459662838227	0.55	0.142	3.3468522320825e-82
EGFL7	0	2.41814099418214e-86	0.760744897061723	0.494	0.099	4.37586794307201e-82
HLA-DPA1	0	2.54832999953855e-86	0.673989107399156	0.976	0.639	4.61145796716497e-82
SECTM1	0	6.30141554770493e-86	2.56083817608862	0.421	0.082	1.14030415751268e-81
TRMT1	0	4.99261082916713e-85	2.09314369282067	0.563	0.16	9.03462855646084e-81
ETV5	0	1.63147495280245e-84	2.8443087059758	0.363	0.059	2.95231707459132e-80
RGS10	0	3.37412620351199e-84	1.53246486118778	0.753	0.273	6.10581877787529e-80
NXF1	0	8.75270585684845e-84	2.41908578923395	0.441	0.093	1.58388965185529e-79
HSP90AA1	0	2.9358327542236e-83	1.18154257802745	0.991	0.898	5.31268295204303e-79
SAT1	0	4.12884088642735e-83	0.887158416687695	0.998	0.84	7.47155046807893e-79
ZEB2	0	1.04181835184124e-82	1.40951517096587	0.713	0.236	1.88527448949191e-78
ATP6V0B	0	1.71108106425652e-82	1.12527249586548	0.949	0.685	3.0963722938786e-78
TMSB10	0	3.89780821843011e-82	0.823300849243062	1	0.995	7.05347375207112e-78
PLXDC2	0	2.25618063810229e-81	2.11888705911655	0.49	0.12	4.08278448270991e-77
CLTC	0	7.21073938137005e-81	1.95493776127539	0.65	0.247	1.30485539845272e-76
TNFRSF1A	0	7.92584305075016e-81	1.91411130071605	0.619	0.209	1.43426055846375e-76
PMP22	0	1.07749070114714e-80	1.67819144601703	0.579	0.167	1.94982717279587e-76
CD63	0	1.57812697647447e-80	0.851273379830101	1	0.934	2.85577857662821e-76
CTSS	0	1.93626320823958e-80	1.01563608044207	0.924	0.505	3.50386190163034e-76
HIF1A	0	2.89577264171502e-79	1.46892263374426	0.826	0.4	5.2401901724475e-75
TBXAS1	0	5.53831967119931e-79	1.97368680397186	0.51	0.131	1.00221432770023e-74
IER5L	0	6.32997198661413e-79	1.73529200083871	0.715	0.284	1.14547173069769e-74
DMXL2	0	1.44069631027975e-77	2.33328413171366	0.392	0.076	2.60708404308224e-73
HEXA	0	5.53629051569884e-77	1.84474693538924	0.586	0.185	1.00184713172086e-72
ITGB5	0	7.45417819637766e-77	2.13571891906193	0.399	0.078	1.3489080864165e-72
C3	0	8.62559007931449e-77	2.87367834816508	0.292	0.039	1.56088678075275e-72
OGFRL1	0	1.65466106868835e-76	2.02086952579702	0.503	0.134	2.99427466989843e-72
CNPY3	0	8.00122774541108e-76	1.48215406754283	0.702	0.257	1.44790217280959e-71
CLTA	0	1.57236241644346e-75	1.46314072326253	0.817	0.466	2.84534702879609e-71
METRNL	0	2.03059144587396e-75	1.27528077099125	0.766	0.293	3.67455828045351e-71
HSPA1B	0	2.15553941602102e-75	1.11568384432503	0.955	0.673	3.90066412723164e-71
CD93	0	2.40464425074038e-75	1.3016226997777	0.543	0.144	4.3514442361398e-71
GADD45B	0	1.12757352066843e-74	0.954216141245315	0.98	0.817	2.0404570430016e-70
MGAT4A	0	1.3380843402647e-74	1.58559445329526	0.641	0.216	2.42139742214301e-70
PLXND1	0	1.59528296705858e-74	1.93683568530526	0.497	0.129	2.88682405718921e-70
TMEM2	0	2.66033810017164e-73	1.98228213087426	0.454	0.11	4.8141478260706e-69
ADAM9	0	3.71770508039028e-73	2.09642853640748	0.463	0.118	6.72755911347426e-69
VMO1	0	6.36325763567751e-73	2.51599285157763	0.327	0.055	1.1514951017522e-68
GNS	0	1.19792580666137e-72	1.82370099592781	0.537	0.159	2.16776653973442e-68
SLC12A7	0	6.78123318812522e-72	2.56657454563776	0.345	0.063	1.22713195772314e-67
SLC18B1	0	1.35616904599905e-71	2.35694514920976	0.394	0.086	2.45412350563987e-67
TRA2B	0	2.7246040749335e-71	1.64069212923406	0.715	0.315	4.93044353399967e-67
WDFY3	0	2.80586231340622e-71	2.50549023121072	0.336	0.059	5.0774884423399e-67
RENBP	0	4.41301885401963e-71	2.52286160666236	0.336	0.06	7.98579891823392e-67
ASAH1	0	1.04273839004647e-70	1.40482347564115	0.804	0.401	1.8869393906281e-66
UNC93B1	0	4.40339289233075e-70	1.61127009265182	0.673	0.264	7.96837977796172e-66
DNAJB4	0	9.72373804638157e-70	1.82160816686711	0.579	0.2	1.75960763687321e-65
RBM47	0	2.38945727142106e-69	2.3579814822026	0.379	0.081	4.32396187836355e-65
C1orf85	0	1.54137759059574e-68	2.53905186735823	0.345	0.067	2.78927688794204e-64
AMD1	0	4.30577909963611e-68	1.48626780141061	0.782	0.374	7.7917378587015e-64
NUFIP2	0	2.65307715452899e-67	1.9910981138251	0.55	0.19	4.80100841883565e-63
PLAU	0	2.68851734166819e-67	1.40382264657508	0.459	0.116	4.86514098148276e-63
GNAI2	0	5.16912010653497e-67	0.968981755047912	0.96	0.717	9.35403974478569e-63
TNFAIP8L2	0	6.5707979476528e-67	2.82622113969944	0.263	0.036	1.18905159660725e-62
FES	0	5.17965894864621e-66	2.15536281110653	0.388	0.088	9.37311083347019e-62
HHEX	0	6.64473637539148e-66	2.25930821910314	0.388	0.09	1.20243149449084e-61
CCL2	0	1.48689560766121e-65	1.24469766099607	0.577	0.191	2.69068629162373e-61
DSE	0	1.99744590681825e-65	1.83817966694369	0.461	0.126	3.61457811297831e-61
CKS2	0	7.06125418276135e-65	1.28056164073564	0.675	0.271	1.27780455691249e-60
CAPZB	0	7.8759577721289e-65	1.16341821301279	0.853	0.493	1.42523331844445e-60
ADM	0	9.67356158932835e-65	2.13325105835096	0.381	0.086	1.75052770520486e-60
FTH1	0	1.22011770834148e-64	0.593136701913027	1	0.997	2.20792500501474e-60
GRINA	0	1.64274337068182e-64	1.89010127176525	0.494	0.152	2.97270840358582e-60
AP2S1	0	2.97962431664597e-64	1.3120663347213	0.824	0.481	5.39192816340254e-60
PLEKHO1	0	4.03188960500781e-64	1.28565845250752	0.726	0.307	7.29610742922213e-60
RIN2	0	5.27839659799036e-64	2.13992075898874	0.392	0.093	9.55178648372336e-60
CD33	0	6.65174608946703e-64	2.59340118398536	0.303	0.054	1.20369997234995e-59
KCNQ1	0	1.02307548320453e-63	2.73699124497014	0.281	0.045	1.85135739440692e-59
HSP90AB1	0	1.25725228110114e-63	1.15311548748015	0.935	0.77	2.27512372788063e-59
IFRD1	0	2.14912636540389e-63	1.65100789197628	0.606	0.222	3.88905907083489e-59
GCA	0	2.17888741785891e-63	1.44247957867117	0.628	0.235	3.94291467135749e-59
RAB20	0	4.64999368631888e-63	1.94045405278942	0.403	0.098	8.41462857476265e-59
PILRA	0	5.15531692969342e-63	1.57131383429353	0.49	0.14	9.32906151597322e-59
SLC2A5	0	1.07133351197969e-62	1.99489050994542	0.419	0.107	1.93868512327844e-58
MAT2A	0	1.09088275085292e-62	1.82289312198168	0.543	0.191	1.97406142594344e-58
DNAJB1	0	1.70750703325661e-62	1.01494955983331	0.933	0.626	3.08990472738116e-58
MT-CO1	0	1.72873123684183e-62	0.758563048795756	1	0.998	3.12831204618898e-58
CREBL2	0	4.73852201977631e-62	1.99702871624345	0.419	0.11	8.57482944698722e-58
DAZAP2	0	5.84219749716537e-62	1.54780662580234	0.633	0.253	1.05720405908704e-57
TCOF1	0	6.72025599877539e-62	2.29722125070508	0.412	0.11	1.2160975255384e-57
SGMS1	0	8.24934399882721e-62	2.52889355631177	0.292	0.051	1.49280129002777e-57
ATP8B4	0	9.12353044428464e-62	2.33818628261086	0.321	0.063	1.65099406919775e-57
FAM53C	0	1.19485513804968e-61	1.90300528059748	0.488	0.15	2.1622098578147e-57
TFEC	0	1.84123900208367e-61	1.85425086491328	0.428	0.115	3.33190609817062e-57
CD84	0	3.0055694483525e-61	1.94605440353256	0.379	0.089	5.43887847373868e-57
FUS	0	1.79986034974149e-60	1.30602171793508	0.808	0.467	3.25702728889219e-56
MAP3K8	0	2.33684666087726e-60	1.41401418762114	0.615	0.232	4.22875771752349e-56
HBEGF	0	2.5399698332696e-60	1.79606667458032	0.428	0.116	4.59632941028467e-56
SLC11A1	0	7.26678102441264e-60	2.23188658366674	0.327	0.068	1.31499669417771e-55
GNA15	0	1.44991512917704e-59	2.49183722893739	0.285	0.051	2.62376641775876e-55
TPCN1	0	2.43875852286282e-59	2.25403264115556	0.341	0.075	4.41317742297256e-55
NEU1	0	3.65114470305138e-59	1.39775585834399	0.661	0.281	6.60711145464177e-55
DDX3X	0	4.08649025418407e-59	1.30332361520972	0.829	0.501	7.39491276397149e-55
AL627309.1	0	6.37463075617817e-59	2.57357793337553	0.281	0.05	1.153553181638e-54
CALM3	0	1.17599570318537e-58	1.49943936285903	0.693	0.338	2.12808182448424e-54
ARL4C	0	1.37379855434191e-58	1.49111422819894	0.597	0.219	2.48602586393712e-54
PRNP	0	1.45230027083143e-58	1.37925566898984	0.57	0.203	2.62808257009655e-54
BAG3	0	3.16562654007202e-58	2.99194473038008	0.278	0.051	5.72851778691433e-54
ABCA1	0	3.77629462510368e-58	2.18310726478856	0.352	0.082	6.83358275358762e-54
ETS2	0	5.40196353036026e-58	1.52871486320495	0.479	0.144	9.77539320453994e-54
CD36	0	8.19753811593053e-58	1.883469227277	0.372	0.09	1.48342649745879e-53
RAB5C	0	1.00105861291557e-57	1.46350904942911	0.661	0.3	1.81151566593201e-53
LYN	0	1.26998352285765e-57	1.56764887107945	0.49	0.151	2.29816218296321e-53
FPR1	0	3.65951144551413e-57	2.00681494078454	0.336	0.074	6.62225191180237e-53
WSB1	0	3.82804197891786e-57	1.19531200126017	0.817	0.444	6.92722476504975e-53
TLR7	0	8.91236240891613e-57	2.44068673751525	0.278	0.051	1.61278110151746e-52
PTPN6	0	9.70411139228799e-57	1.76899689227415	0.45	0.134	1.75605599754843e-52
LRRC25	0	1.12513870317232e-56	2.08936456746736	0.343	0.079	2.03605099726063e-52
ALDH1A1	0	3.79365494246069e-56	1.91523902299725	0.307	0.062	6.86499798387687e-52
IFIT2	0	4.02631962482437e-56	1.61243679282629	0.472	0.147	7.28602799308217e-52
FAM198B	0	4.64926647629994e-56	1.63807109377963	0.445	0.132	8.41331261551237e-52
EIF4A2	0	6.29185513322615e-56	1.24197508727154	0.849	0.538	1.1385741049086e-51
WLS	0	1.28007907439246e-55	2.23204534547834	0.33	0.075	2.3164310930206e-51
ENG	0	2.74803391378647e-55	0.731376746127097	0.628	0.235	4.972842170388e-51
REEP4	0	5.15367179852874e-55	2.30201267005738	0.307	0.065	9.32608448661761e-51
ALOX5	0	5.88857250899505e-55	1.87944149809313	0.372	0.094	1.06559608122774e-50
SETD5-AS1	0	1.03821546986729e-54	1.8100735325742	0.523	0.193	1.87875471427184e-50
POLR2A	0	1.12418837921818e-54	1.79648171459406	0.49	0.167	2.03433129103323e-50
ABCC5	0	1.64573301197851e-54	2.5406504215837	0.256	0.044	2.97811845847631e-50
GOLGA4	0	1.89790549541197e-54	1.55096591766496	0.586	0.238	3.4344497844975e-50
FYB	0	2.40124013313825e-54	1.33263863408814	0.55	0.191	4.34528414492697e-50
SYNGR2	0	3.1972556406374e-54	1.52819428052614	0.543	0.198	5.78575380729743e-50
TLR4	0	3.523391378106e-54	2.42166446501847	0.272	0.051	6.37592903782061e-50
IL18	0	6.11087692452173e-54	2.05892785356783	0.334	0.078	1.10582428826145e-49
PLK2	0	7.25996483671465e-54	2.20045407583008	0.339	0.082	1.31376323685188e-49
H2AFX	0	1.24294395743141e-53	1.61641691456293	0.526	0.189	2.24923138536789e-49
NISCH	0	1.89122646325701e-53	1.95150120075171	0.392	0.11	3.42236340790988e-49
BLVRA	0	2.63624644310572e-53	1.78204033099026	0.423	0.127	4.7705515634441e-49
HSPA8	0	4.71590664013964e-53	0.945537801956119	0.918	0.661	8.53390465599669e-49
DUSP3	0	5.48077904971494e-53	2.27490082444014	0.31	0.069	9.91801776836415e-49
EMB	0	7.63144187839062e-53	1.47770461471858	0.521	0.184	1.38098572231357e-48
ATP6AP1	0	7.75361379580369e-53	1.54349093252472	0.559	0.22	1.40309395248864e-48
PTAFR	0	1.36590669967035e-52	2.47193767149969	0.269	0.052	2.47174476372347e-48
RNF13	0	1.45101658355087e-52	1.39203380590748	0.621	0.268	2.62575960959365e-48
IL8	0	2.43492622569513e-52	0.451323741063185	0.501	0.163	4.40624249801791e-48
RHBDF2	0	2.74106262255719e-52	1.78302420673963	0.412	0.121	4.96022692177949e-48
RAB32	0	3.13628186205921e-52	1.76449116425354	0.472	0.163	5.67541565758235e-48
CD86	0	6.32655693624464e-52	1.36179389838279	0.465	0.145	1.14485374318283e-47
CHORDC1	0	8.97109499814258e-52	1.8426356317678	0.416	0.126	1.62340935086388e-47
NAMPT	0	1.05655905196981e-51	1.05396900991981	0.67	0.283	1.91194926044456e-47
TUBA1B	0	1.81869051056426e-51	1.06913861162999	0.889	0.579	3.29110234791708e-47
FOSB	0	2.82742560241588e-51	1.02796988313735	0.931	0.706	5.11650937013177e-47
ACP2	0	3.14878891193483e-51	2.01401435936767	0.336	0.084	5.69804841503727e-47
CXCL16	0	4.36324989226597e-51	1.36925200752513	0.494	0.167	7.8957370050445e-47
NCKAP1L	0	5.33977471474031e-51	1.67298519043778	0.423	0.129	9.66285632379407e-47
SPATS2L	0	5.49310361275065e-51	1.61688600741079	0.459	0.151	9.94032029763357e-47
IQGAP2	0	1.4390803841119e-50	1.82132712854302	0.343	0.086	2.60415986308889e-46
UBB	0	4.1951393034993e-50	0.573158819313651	0.989	0.914	7.59152408361233e-46
BNIP3L	0	4.99714543953596e-50	1.32944115858302	0.617	0.275	9.04283438738428e-46
SH2B3	0	6.62953946154958e-50	1.86235138380971	0.381	0.11	1.19968146096201e-45
MTRNR2L2	0	7.13898627017299e-50	1.43207321062175	0.753	0.424	1.2918709554505e-45
KCNQ1OT1	0	1.10245713087651e-49	2.19052473635104	0.474	0.183	1.99500642403413e-45
LCP2	0	1.41763967916386e-49	1.58990100885398	0.416	0.126	2.56536076341493e-45
FCHO2	0	1.47102764976393e-49	2.04924659967741	0.336	0.087	2.66197163501281e-45
CXCL3	0	3.79698068212728e-49	0.720305224341598	0.376	0.102	6.87101624237752e-45
JUN	0	4.65662079298455e-49	0.683029787371906	0.973	0.819	8.42662098698485e-45
UCP2	0	7.92117453011724e-49	1.35559371026222	0.588	0.247	1.43341574297002e-44
CCNL1	0	8.01420458696795e-49	1.03157878632927	0.846	0.55	1.45025046205772e-44
FAM46A	0	9.78387622973082e-49	2.03919817048739	0.365	0.105	1.77049024253209e-44
RAC1	0	1.32718527072865e-48	0.930923960434481	0.871	0.55	2.40167446591057e-44
TNFRSF1B	0	1.58879682455644e-48	1.33644814766858	0.55	0.212	2.87508673371733e-44
DRAM2	0	2.0458651377465e-48	1.37263833098901	0.584	0.243	3.70219755326606e-44
BRD2	0	2.97268387869199e-48	1.36906049085939	0.722	0.401	5.37936874688102e-44
RUNX1	0	5.38075830118182e-48	1.45525893035306	0.539	0.217	9.73702022181861e-44
SGPL1	0	8.95423653373872e-48	2.34455836502346	0.254	0.05	1.62035864314536e-43
NUPR1	0	1.12698531248808e-47	2.15824090705308	0.361	0.105	2.03939262147843e-43
ARPC5	0	1.56310179980763e-47	0.974994028161276	0.831	0.496	2.82858901693188e-43
LHFPL2	0	2.16918257233349e-47	2.32571693064865	0.267	0.057	3.92535278289468e-43
COMT	0	2.24864602136738e-47	1.21491589551625	0.675	0.328	4.06914984026641e-43
MTRNR2L8	0	2.29486375016905e-47	1.25601870399802	0.764	0.46	4.15278544230591e-43
SLC15A3	0	2.33056605742819e-47	1.83791435232765	0.37	0.108	4.21739233752205e-43
CDKN1C	0	3.56878961931894e-47	1.95933539384105	0.345	0.096	6.45808169511956e-43
ACSL1	0	4.33496702319436e-47	1.86569161241057	0.307	0.074	7.84455632517251e-43
TLR2	0	5.23421311244977e-47	2.11239528481255	0.285	0.065	9.4718320482891e-43
STAC3	0	5.86379470474723e-47	2.14557733029707	0.269	0.058	1.06111228977106e-42
LINC00998	0	5.86611924373776e-47	1.91900402497117	0.33	0.086	1.06153293834679e-42
GIMAP5	0	4.24307220667506e-46	1.46204486674126	0.392	0.117	7.67826346519918e-42
RHOG	0	6.16828684480552e-46	1.73118049817111	0.394	0.124	1.11621318743601e-41
FAM105A	0	1.09101666283782e-45	1.76096728586643	0.339	0.092	1.97430375307133e-41
NEAT1	0	1.36010211079913e-45	0.603137064173645	0.998	0.976	2.4612407797021e-41
MEF2A	0	2.28225833952761e-45	1.3105828214378	0.595	0.268	4.12997469120916e-41
SLC38A6	0	2.55488089147301e-45	2.19383581757695	0.256	0.054	4.62331246120956e-41
NFKBIA	0	2.58606940568333e-45	0.421873833448875	0.944	0.675	4.67975119652455e-41
NAGA	0	2.918770007971e-45	2.01401435936767	0.323	0.087	5.28180620642432e-41
AMDHD2	0	6.37365024861141e-45	1.97443801202887	0.305	0.077	1.15337574898872e-40
GADD45G	0	7.97267678758853e-45	2.5032532119659	0.278	0.066	1.44273559148202e-40
CLN6	0	9.11285626923043e-45	2.14154799786413	0.269	0.061	1.64906247047994e-40
AGFG1	0	9.51957281140033e-45	1.55674051253568	0.439	0.153	1.722661895951e-40
IER5	0	1.08430669143954e-44	1.47422222469424	0.563	0.248	1.96216138882899e-40
IFITM3	0	1.42740001263885e-44	0.489378851544414	0.978	0.644	2.58302306287126e-40
DCTN4	0	1.85226477752727e-44	1.86272762453186	0.334	0.093	3.35185834141335e-40
FCGR1B	0	2.07124294414148e-44	2.10137480136145	0.267	0.06	3.74812123171843e-40
BST2	0	2.32283392253057e-44	0.687952308256694	0.976	0.847	4.20340026621132e-40
LYL1	0	3.97161414584029e-44	1.74984535381501	0.396	0.132	7.18703295831259e-40
ARAP1	0	1.25796222923154e-43	1.86020826121575	0.332	0.093	2.27640845001739e-39
SYK	0	1.53154279073549e-43	1.73185610411163	0.354	0.105	2.77147983411494e-39
HLA-DOA	0	2.05189856831691e-43	2.02196638211146	0.292	0.073	3.71311564922628e-39
LAPTM4A	0	2.08103763832153e-43	0.924765414792313	0.811	0.471	3.76584571030665e-39
OAZ1	0	2.2633095171405e-43	0.518459601917883	1	0.979	4.09568490221745e-39
SCAMP2	0	2.38127176103114e-43	1.34506786120753	0.539	0.227	4.30914937876196e-39
GM2A	0	3.03606517351678e-43	1.99049894649834	0.339	0.1	5.49406353799597e-39
LMO2	0	3.13094478034634e-43	1.08656014574109	0.434	0.145	5.66575767451473e-39
QKI	0	3.87139532576012e-43	1.14936132001149	0.621	0.286	7.00567698149551e-39
CREM	0	4.04390278275282e-43	0.957633181982169	0.637	0.287	7.31784647566951e-39
VAV1	0	5.01316448556731e-43	1.90388855371488	0.29	0.071	9.07182245308261e-39
GPR137B	0	5.75270655709535e-43	2.08228549064076	0.261	0.059	1.04100977857197e-38
SGK1	0	7.48350323783156e-43	0.902872797658742	0.633	0.287	1.354214745918e-38
MANBA	0	1.52262137613304e-42	2.01522214097097	0.283	0.07	2.75533564225034e-38
ITPR2	0	2.1351145666155e-42	1.66150991539246	0.412	0.143	3.8637033197474e-38
HAVCR2	0	2.6558432059454e-42	1.36667788376124	0.394	0.125	4.80601386547879e-38
HLA-DQA1	0	3.91637259398523e-42	0.540267477212793	0.577	0.236	7.08706784607568e-38
MIR22HG	0	4.42298963339341e-42	1.64000472672142	0.428	0.155	8.00384204058871e-38
ALOX5AP	0	4.73733797196754e-42	1.6675727920479	0.365	0.113	8.57268679407246e-38
LAMP2	0	5.73713008165173e-42	1.16026979794364	0.653	0.334	1.0381910595757e-37
EGR3	0	6.44246464675857e-42	1.83320391433755	0.341	0.102	1.16582840247743e-37
AKR1B1	0	6.48502229582619e-42	1.74112430431508	0.392	0.134	1.17352963465271e-37
DDIT3	0	7.99051832893907e-42	1.37551484140082	0.648	0.34	1.44596419680481e-37
RNASE2	0	8.56330177887394e-42	1.72470374187966	0.274	0.066	1.54961508990503e-37
EPS15	0	1.52030052310113e-41	1.31376481081443	0.499	0.198	2.7511358266038e-37
RTN3	0	3.92557463806703e-41	1.44316129507951	0.465	0.181	7.1037198650461e-37
TOB1	0	4.07758152086326e-41	1.36559380933588	0.53	0.227	7.37879152015416e-37
C4orf48	0	5.631696642809e-41	1.03683025461988	0.753	0.436	1.01911182448272e-36
ZFAND5	0	6.16318865190924e-41	1.15742704817481	0.61	0.288	1.1152906184495e-36
MGST2	0	6.41336506620387e-41	1.07845631558729	0.423	0.143	1.16056254238025e-36
APMAP	0	6.54872208302238e-41	1.44689508444663	0.434	0.159	1.18505674814373e-36
ICAM1	0	6.61869598221958e-41	1.34733666056687	0.474	0.184	1.19771922494245e-36
LAP3	0	8.08983214390715e-41	0.866018027531824	0.846	0.546	1.46393602476144e-36
HNRNPU-AS1	0	9.39273792193233e-41	1.90715305271616	0.352	0.112	1.69970985435288e-36
MERTK	0	2.33840293650459e-40	2.1420167858588	0.256	0.061	4.23157395389871e-36
ZFHX3	0	2.39797975123005e-40	1.80635671057025	0.321	0.094	4.3393841578259e-36
CHCHD7	0	3.11816884972371e-40	1.42408615323771	0.499	0.211	5.64263835046003e-36
DNAJA1	0	5.54462175051279e-40	0.925002392365488	0.866	0.63	1.0033547519728e-35
C5AR1	0	6.26465183668742e-40	1.23293053631235	0.339	0.098	1.13365139636696e-35
MT-ND1	0	7.47423284755993e-40	0.686178936290774	0.998	0.953	1.35253717609444e-35
TNFAIP2	0	9.14179908312634e-40	1.13725887458887	0.508	0.206	1.65429996208254e-35
LIPA	0	1.96001791988584e-39	2.02847785174176	0.365	0.124	3.54684842782541e-35
KIAA1598	0	3.80018361660807e-39	1.96876926194218	0.256	0.062	6.87681227261397e-35
ABHD12	0	4.52505039817655e-39	1.61793265614326	0.381	0.13	8.18853120054029e-35
OSBPL1A	0	5.32822558605865e-39	1.77022292451654	0.327	0.1	9.64195702053173e-35
DENND3	0	9.3773098149577e-39	1.46147067244862	0.381	0.128	1.69691798411474e-34
FAM49B	0	9.84962208361609e-39	0.969604068334563	0.666	0.318	1.78238761225117e-34
P4HA1	0	1.33832198550273e-38	1.81819118880664	0.303	0.087	2.42182746496573e-34
SH3BGRL	0	1.37218184849697e-38	0.849240088414947	0.84	0.538	2.48310027304011e-34
PCF11	0	5.40438496137892e-38	1.61395667637212	0.392	0.141	9.7797750261113e-34
PPT1	0	5.90200514668395e-38	1.1322202631688	0.57	0.264	1.06802685134393e-33
CORO7	0	8.18272454933459e-38	1.47193767149969	0.343	0.106	1.48074583444759e-33
CCL4	0	9.25937633287072e-38	1.10472284108901	0.519	0.234	1.67557674119629e-33
EFR3A	0	1.00288579192446e-37	1.73941798236468	0.336	0.108	1.81482212906651e-33
HLA-A	0	1.18322113802436e-37	0.536571023532515	0.996	0.935	2.14115697136889e-33
DOK2	0	1.22131307649608e-37	1.31967970745228	0.434	0.165	2.21008814322731e-33
FAM213A	0	1.74733927065587e-37	1.85168642077539	0.301	0.088	3.16198514417886e-33
MARCH2	0	1.89380136755089e-37	1.24252823710384	0.499	0.209	3.4270229547201e-33
EMILIN2	0	2.00655080659723e-37	1.75274677906146	0.292	0.082	3.63105433961835e-33
GNPDA1	0	2.63704338339129e-37	1.88361615868862	0.278	0.076	4.77199370658487e-33
LILRB2	0	2.82649283640065e-37	1.48953173151443	0.316	0.093	5.11482143675061e-33
ZFAND2A	0	3.03382937757519e-37	1.34287509844558	0.423	0.169	5.49001764166007e-33
ARHGAP12	0	3.34457803779145e-37	1.75387603505837	0.305	0.09	6.0523484171874e-33
DNPH1	0	4.04901311144574e-37	1.23506100391691	0.481	0.195	7.32709412647221e-33
PPP1R10	0	4.04901962355294e-37	1.13784769181082	0.717	0.399	7.32710591078139e-33
GLB1	0	4.23382623150473e-37	1.90573609888719	0.265	0.069	7.66153194853097e-33
CD53	0	4.52474867269891e-37	0.960684856961543	0.702	0.367	8.18798519811595e-33
EIF4A1	0	5.17267336414946e-37	0.644330325415636	0.949	0.815	9.36046971976486e-33
SNX18	0	6.20867855990179e-37	1.89724350623236	0.274	0.074	1.12352247219983e-32
FAM91A1	0	6.3683333940608e-37	1.70422855390238	0.343	0.113	1.15241361098924e-32
TM2D2	0	9.15363662324597e-37	1.59942740662161	0.365	0.128	1.65644208334259e-32
ST3GAL1	0	1.56252969005306e-36	1.75614610043789	0.292	0.084	2.82755372712002e-32
SNX9	0	2.62240325622857e-36	1.88375126990425	0.283	0.081	4.74550093247122e-32
ARPC4	0	3.69100767188446e-36	1.08126472062005	0.599	0.299	6.67924748304213e-32
GALM	0	5.03910807027553e-36	1.68687778913244	0.31	0.094	9.1187699639706e-32
CRYL1	0	7.96134388044194e-36	1.64714815610607	0.345	0.117	1.44068478860477e-31
KLF2	0	8.79806837550636e-36	0.698500520668337	0.604	0.278	1.59209845323163e-31
GIMAP4	0	8.99821001167742e-36	1.17041853660273	0.465	0.185	1.62831608371315e-31
NASP	0	1.06524127306619e-35	1.33648488731452	0.477	0.203	1.92766060774058e-31
HEXB	0	1.52897387747493e-35	1.31858689459289	0.499	0.226	2.76683112867863e-31
PPP1R18	0	1.59304800337174e-35	1.24763818439858	0.49	0.212	2.88277966690149e-31
WDR74	0	1.71671596120033e-35	1.47406084339266	0.445	0.183	3.10656920338811e-31
TCN2	0	2.23516524132407e-35	1.8760868546358	0.298	0.092	4.04475502070003e-31
BIN1	0	2.2930599062009e-35	1.44866789217684	0.394	0.146	4.14952120626115e-31
SCPEP1	0	3.3471708922798e-35	1.18147543723268	0.526	0.238	6.05704044666953e-31
YME1L1	0	5.36024574323555e-35	1.27638686238188	0.503	0.225	9.69990069695905e-31
FGL2	0	6.28207261888965e-35	0.775020237973551	0.508	0.199	1.13680386111427e-30
DDX5	0	7.16958581034939e-35	0.657949657109638	0.971	0.906	1.29740824824083e-30
LAMTOR2	0	7.33823161102679e-35	1.00058398027154	0.67	0.382	1.32792639233141e-30
HCST	0	8.06603450325673e-35	0.723071523922542	0.855	0.475	1.45962960370934e-30
EFHD2	0	1.22608520111413e-34	0.941989272783015	0.637	0.316	2.21872377993612e-30
ATF3	0	1.32100407138643e-34	0.71185806641509	0.697	0.378	2.39048896758089e-30
HCK	0	1.73803400660595e-34	1.36192866671927	0.35	0.118	3.14514633835412e-30
TOB2	0	2.28702712445666e-34	1.89656121960773	0.272	0.078	4.13860428441678e-30
EPN1	0	5.13559613545046e-34	1.46305952015324	0.414	0.167	9.29337476671114e-30
ACTB	0	5.28222685805585e-34	0.557054285137641	1	0.98	9.55871772233787e-30
BLOC1S1	0	5.57491894054981e-34	0.799991869183894	0.806	0.54	1.00883733148189e-29
IL4R	0	6.55200971350788e-34	1.70006646238528	0.285	0.085	1.18565167775639e-29
RHOB	0	6.64962734914155e-34	0.822635529727981	0.719	0.409	1.20331656510066e-29
TNS3	0	6.88111822089911e-34	1.58296898388843	0.325	0.108	1.2452071532539e-29
MYO1F	0	8.38745931276681e-34	1.32245677282447	0.394	0.147	1.51779463723828e-29
GPX4	0	1.25826847139429e-33	0.621191464368286	0.924	0.731	2.27696262583511e-29
GATM	0	1.32773941251805e-33	1.48881149006409	0.254	0.068	2.40267724089266e-29
RP11-386I14.4	0	2.12658968486129e-33	1.437281189424	0.408	0.163	3.84827669372499e-29
INTS6	0	2.63123453969317e-33	1.4266136809902	0.416	0.169	4.76148202302876e-29
ADRBK1	0	2.73240946549597e-33	1.08254660883359	0.55	0.261	4.9445681687615e-29
SLC8A1	0	3.58924938054076e-33	1.57503116446379	0.316	0.104	6.49510567902656e-29
TLR1	0	3.91173054496581e-33	1.62394076494474	0.301	0.095	7.07866759417013e-29
STX7	0	5.36852371140188e-33	1.27671864989347	0.434	0.179	9.71488050815285e-29
PLSCR1	0	6.79642282737871e-33	0.756252577754477	0.71	0.36	1.22988067484245e-28
CAT	0	7.63567177710882e-33	1.47857076383214	0.376	0.144	1.38175116478561e-28
APIP	0	1.03769058216548e-32	1.576468254971	0.336	0.118	1.87780487748665e-28
NUCB1	0	1.33657350699605e-32	1.13516181220501	0.53	0.259	2.41866341826006e-28
PTGS2	0	1.87182727327318e-32	1.41898879155073	0.267	0.077	3.38725863371515e-28
GIMAP6	0	2.1583440232379e-32	1.43083246817002	0.327	0.11	3.90573934445131e-28
KIAA1033	0	3.47693752143531e-32	1.28751310036226	0.443	0.19	6.29186613878934e-28
FERMT3	0	4.38338184368126e-32	1.06151680029122	0.506	0.226	7.93216778432561e-28
EGR2	0	4.71720705192108e-32	1.90408550120095	0.318	0.112	8.53625788115639e-28
SH3BP2	0	4.90200104980168e-32	1.40073072100727	0.332	0.113	8.87066109972112e-28
IRF8	0	5.73480164986312e-32	1.09741874924702	0.301	0.095	1.03776970655923e-27
SMS	0	6.02446777400161e-32	1.19575946543706	0.499	0.232	1.09018768838333e-27
DDX60L	0	6.25177402155678e-32	1.11449809197739	0.463	0.196	1.13132102694092e-27
PLEKHB2	0	6.41187689535827e-32	1.44926859614997	0.376	0.147	1.16029324298403e-27
MMP14	0	1.04265478175014e-31	1.10175440800511	0.278	0.083	1.88678809305505e-27
ZSWIM6	0	1.06383038912467e-31	1.63767487597857	0.267	0.079	1.92510747216001e-27
SOAT1	0	1.14451904823012e-31	1.7124774395464	0.269	0.081	2.07112166967722e-27
C5orf45	0	1.96531356446151e-31	1.85280856762734	0.258	0.076	3.55643142624955e-27
EPB41L2	0	2.90632873853735e-31	1.80327809072439	0.29	0.095	5.25929248525718e-27
AGTRAP	0	2.93611935863274e-31	1.14198503046791	0.439	0.186	5.31320159138181e-27
PTPN18	0	3.69185229073966e-31	1.54106203215451	0.321	0.112	6.68077590532249e-27
NECAP2	0	3.82071740289696e-31	1.362670459931	0.363	0.137	6.91397021228233e-27
SRSF3	0	7.52296911887888e-31	0.739211145145998	0.9	0.698	1.36135649175232e-26
CAPZA2	0	7.64750124962835e-31	0.915221608503343	0.637	0.351	1.38389182613275e-26
HOMER3	0	1.02020483977587e-30	1.55088901289451	0.31	0.106	1.84616267805841e-26
ARPC3	0	1.11822655891779e-30	0.522530243773388	0.964	0.825	2.02354278101764e-26
HLA-DQA2	0	1.36897711987536e-30	0.47193767149969	0.706	0.371	2.47730099612646e-26
C10orf11	0	2.31833661454421e-30	1.68766636255513	0.261	0.079	4.1952619376792e-26
TPD52L2	0	2.69543442514169e-30	1.41438664893753	0.339	0.124	4.8776581357364e-26
UBE2D1	0	3.98863891022084e-30	1.36966962016064	0.367	0.143	7.21784097193562e-26
INPP5D	0	4.15713516580451e-30	1.45656244561277	0.281	0.088	7.52275179603984e-26
MSRB2	0	8.42400446846428e-30	1.2888153676758	0.439	0.198	1.5244078486133e-25
NAGK	0	8.64426691842678e-30	1.13255237953578	0.506	0.246	1.56426654155851e-25
LAMTOR3	0	8.95176494496533e-30	1.44022881177235	0.334	0.123	1.61991138444093e-25
KIAA0930	0	2.01786472143002e-29	1.20026434739202	0.392	0.16	3.65152799989976e-25
MKNK2	0	2.25620953429563e-29	1.33373107997712	0.454	0.215	4.08283677326138e-25
HSPD1	0	3.16114962619167e-29	1.10865426945971	0.61	0.35	5.72041636355645e-25
NUDT16	0	4.44619288998084e-29	1.5412003339368	0.305	0.108	8.04583065370932e-25
CSF2RA	0	7.11808322762039e-29	1.4052666318544	0.276	0.088	1.28808834087019e-24
ATP6V1B2	0	8.0776852975865e-29	1.46204486674126	0.354	0.141	1.46173793145125e-24
PABPC1	0	1.274072244395e-28	0.541047756596395	0.958	0.791	2.30556113345719e-24
SNX8	0	1.29876680370545e-28	1.50899976572123	0.281	0.093	2.35024840798537e-24
PEPD	0	1.34530117517505e-28	1.37053563929148	0.37	0.151	2.43445700659676e-24
ADCY7	0	1.78280694957495e-28	1.40978119543712	0.31	0.11	3.22616745595083e-24
TUBB4B	0	3.39364986185253e-28	0.610294222618967	0.846	0.616	6.14114879000834e-24
SIPA1	0	3.62318417385588e-28	1.15649361018253	0.401	0.169	6.5565140810096e-24
SLC16A3	0	3.90718565555434e-28	1.32447033983532	0.376	0.156	7.07044316229113e-24
HNRNPA2B1	0	5.48373646184206e-28	0.708920311376893	0.947	0.874	9.92336950134939e-24
RASGEF1B	0	6.34203148976472e-28	1.18547892015457	0.396	0.167	1.14765401838782e-23
ACTR2	0	6.42509454876613e-28	0.857069257521431	0.673	0.411	1.16268510954472e-23
SKAP2	0	6.85012572185658e-28	1.13537423024393	0.437	0.196	1.23959875062717e-23
UQCR10	0	7.95616031541988e-28	0.687950856066508	0.829	0.634	1.43974677067838e-23
TNFSF12	0	8.46370703584202e-28	1.17670444327775	0.414	0.181	1.53159242520597e-23
FUOM	0	1.14269335377815e-27	1.22097609796647	0.416	0.186	2.06781789299695e-23
PQLC1	0	1.41362125828727e-27	1.28024204738616	0.361	0.145	2.55808902899664e-23
SIRT1	0	1.492592681187e-27	1.69687228739859	0.256	0.083	2.700995715876e-23
STOM	0	2.34456910413375e-27	0.599381688780875	0.499	0.23	4.24273225084044e-23
C9orf72	0	2.70884918722664e-27	1.02833102002407	0.383	0.154	4.90193348920533e-23
CMTM7	0	2.92071288879572e-27	1.38502960627652	0.303	0.108	5.28532204356474e-23
DNAJB6	0	3.02631950694755e-27	0.911148844420115	0.699	0.454	5.47642777977228e-23
SAP18	0	3.26405194201095e-27	0.734823964295944	0.86	0.68	5.90662839426301e-23
APH1A	0	3.49137793231701e-27	1.16937490147926	0.434	0.2	6.31799750632086e-23
LAMTOR4	0	3.60346563225098e-27	0.66505553169796	0.853	0.661	6.52083140812138e-23
IFI30	0	4.35374619085065e-27	0.783545581123128	0.499	0.233	7.87853910696333e-23
DHRS3	0	5.31031792389364e-27	0.876460949034597	0.49	0.228	9.60955131507794e-23
TMEM219	0	5.79229577988528e-27	0.860502959417342	0.67	0.42	1.04817384432804e-22
PLEKHM2	0	8.93734705736145e-27	1.45037232166476	0.305	0.113	1.61730232350013e-22
DNM2	0	1.27509954454491e-26	1.21640079824331	0.374	0.156	2.30742013580847e-22
ATP6V0D1	0	1.42902284538148e-26	1.07600899516855	0.488	0.245	2.58595974100233e-22
CYBA	0	1.47767270136415e-26	0.317740059302613	1	0.877	2.67399652038857e-22
HCLS1	0	2.56568910627106e-26	0.896797813257081	0.572	0.299	4.64287100670811e-22
CCL3L1	0	2.75108039974119e-26	0.714615718184315	0.307	0.11	4.97835509137166e-22
TCP1	0	4.0041401406344e-26	1.21477983200257	0.441	0.214	7.24589199849202e-22
HIST2H2AA3	0	5.36062451725399e-26	1.14331492403832	0.399	0.178	9.70058612642283e-22
RSAD2	0	8.15775725129503e-26	1.13394120798467	0.37	0.155	1.47622775219435e-21
VAMP5	0	2.02025155928657e-25	0.916954328271403	0.697	0.468	3.65584722168497e-21
IFNGR2	0	2.0449026264526e-25	0.978123058836729	0.514	0.271	3.70045579282862e-21
NUP62	0	2.04986738619891e-25	1.4266136809902	0.276	0.098	3.70944002206556e-21
ADPGK	0	2.44703586203251e-25	1.26335104968827	0.334	0.134	4.42815609593403e-21
TGFB1	0	3.01460226943484e-25	0.697870450541386	0.639	0.352	5.45522426676929e-21
MEPCE	0	3.01579926162901e-25	1.48544193584944	0.281	0.102	5.45739034384386e-21
GYPC	0	4.16405561632083e-25	0.868526133678757	0.624	0.354	7.53527504329417e-21
SLC12A9	0	4.33042743437574e-25	1.54010917414127	0.256	0.088	7.83634148524633e-21
RGS19	0	5.25608856783027e-25	1.00228748049515	0.428	0.197	9.51141787234565e-21
SPINT2	0	5.91070534576049e-25	0.92700206465011	0.459	0.214	1.06960123936882e-20
MTRNR2L12	0	5.91705516813454e-25	0.605942651190413	0.991	0.958	1.07075030322563e-20
EIF5	0	6.28755479847666e-25	0.869578120543999	0.648	0.403	1.13779591633234e-20
DOCK2	0	6.32829375118191e-25	1.20968926134913	0.31	0.118	1.14516803721388e-20
JAK2	0	6.3549031697455e-25	1.40376616885811	0.29	0.108	1.14998327759715e-20
NR4A2	0	7.50890354421939e-25	0.951547172074617	0.619	0.363	1.35881118536194e-20
KPNA2	0	8.17939975968372e-25	1.46707191632787	0.269	0.096	1.48014418051237e-20
USP36	0	9.26309305910539e-25	1.51696159618569	0.287	0.108	1.67624931997571e-20
C1orf63	0	1.54164995478584e-24	0.901505484845918	0.657	0.404	2.78976975818045e-20
C6orf48	0	1.60344216730816e-24	1.35938384928652	0.352	0.152	2.90158894596085e-20
EHBP1L1	0	1.62629940498439e-24	1.09727452012696	0.394	0.177	2.94295140325975e-20
RNF144B	0	1.64349102363833e-24	1.07645296964225	0.254	0.085	2.97406135637593e-20
PRKACA	0	1.90657396936773e-24	1.48361947654732	0.252	0.086	3.45013625496784e-20
SFPQ	0	2.04771562866153e-24	0.733321081493312	0.773	0.554	3.70554620162591e-20
DNAJC5	0	2.30744515897353e-24	1.4029903177822	0.276	0.1	4.17555275967851e-20
ATP5E	0	2.71931255030722e-24	0.350377561830099	1	0.995	4.92086799103594e-20
DRAM1	0	2.91669097027147e-24	1.22239550199401	0.341	0.142	5.27804397980325e-20
PLXNB2	0	3.21940399685572e-24	1.19865316897214	0.341	0.142	5.82583347271011e-20
MYO5A	0	3.42340896895221e-24	1.40900641577323	0.29	0.11	6.19500087021592e-20
PIK3CD	0	3.54480586739668e-24	1.30823924442227	0.258	0.089	6.41468069764102e-20
MEF2C	0	3.59946110149241e-24	0.627919812684309	0.78	0.509	6.51358480926067e-20
CLCN7	0	3.72158385548086e-24	1.37171022376104	0.274	0.1	6.73457814487817e-20
C1orf54	0	3.9974250399951e-24	0.934023743582965	0.332	0.135	7.23374035237513e-20
H2AFZ	0	4.87937343556758e-24	0.859425985030176	0.829	0.654	8.82971416900308e-20
RNF149	0	5.90082205792617e-24	1.07266748807916	0.37	0.16	1.06781275960232e-19
GIMAP1	0	7.0247564754016e-24	0.938736598468275	0.394	0.172	1.27119993178867e-19
SERTAD1	0	7.5601137724146e-24	0.751132781398519	0.69	0.429	1.36807818825615e-19
H1F0	0	8.36460848834774e-24	1.30496598744672	0.285	0.107	1.51365955205141e-19
IFITM2	0	8.3707057494087e-24	0.514986467352545	0.869	0.592	1.514762912413e-19
EPSTI1	0	1.26411368115532e-23	0.715431890937838	0.606	0.332	2.28754011741867e-19
SFT2D1	0	1.2853739364697e-23	0.796272264094147	0.586	0.327	2.32601267543557e-19
SAMHD1	0	1.45042039882858e-23	0.746587492052265	0.575	0.306	2.6246807537202e-19
OSTF1	0	1.60817147922903e-23	0.740795619776057	0.615	0.348	2.91014710881286e-19
DNAJC13	0	1.66954200060875e-23	1.45007823753595	0.252	0.088	3.0212032043016e-19
RBMS1	0	2.20226506806118e-23	0.929679621732772	0.412	0.188	3.98521886716351e-19
TSPYL2	0	2.2410266655769e-23	0.904897078775796	0.401	0.182	4.05536185402795e-19
GNAQ	0	2.32921410732672e-23	1.26548679403226	0.314	0.128	4.21494584861843e-19
ATP6V1F	0	2.48327541868408e-23	0.760292823393294	0.753	0.524	4.49373519765071e-19
VAMP3	0	2.72835626878785e-23	1.2586331229912	0.339	0.146	4.9372335039985e-19
EIF4A3	0	2.93175759064386e-23	0.739221550334841	0.548	0.295	5.30530853602912e-19
PRDX3	0	3.05735041091688e-23	1.08237085973696	0.432	0.218	5.53258130359518e-19
RNU12	0	3.2530412242446e-23	1.00166061218338	0.343	0.143	5.88670339939303e-19
GNB2	0	6.00781830180494e-23	1.04895767061403	0.479	0.255	1.08717479989462e-18
M6PR	0	6.3028771122957e-23	0.961694524158239	0.481	0.253	1.14056864224103e-18
SRGN	0	6.3932072190911e-23	0.300717030059305	0.962	0.828	1.15691477836673e-18
7SK.2	0	8.24910184330537e-23	0.787761743161702	0.506	0.272	1.49275746956454e-18
CITED2	0	8.74257012743113e-23	0.490426113856932	0.575	0.312	1.58205549025994e-18
NRIP1	0	9.24400920814731e-23	1.29810821560146	0.29	0.114	1.67279590630634e-18
GLIPR1	0	9.52647935335872e-23	0.974031905047757	0.506	0.269	1.72391170378379e-18
LTBR	0	9.99728939575494e-23	1.35019239914732	0.294	0.118	1.80910948905581e-18
ATP6AP2	0	1.17828717344492e-22	0.676038452637751	0.724	0.464	2.13222846906592e-18
WDR26	0	1.31996772879924e-22	1.14841631853666	0.343	0.147	2.3886136020351e-18
PREX1	0	1.36383501692752e-22	1.0338165591078	0.345	0.146	2.46799584663204e-18
CALM2	0	1.52600739115883e-22	0.328847492885717	0.958	0.806	2.76146297504101e-18
HMHA1	0	1.86555083177527e-22	0.975921364540705	0.392	0.178	3.37590078518052e-18
MTMR6	0	1.92055945374085e-22	1.35399641412827	0.265	0.098	3.47544438748945e-18
HEBP1	0	1.99468897436863e-22	1.14839852670634	0.332	0.142	3.60958916801747e-18
SLC7A7	0	2.30909839902548e-22	1.06721522783015	0.359	0.159	4.17854446287651e-18
GAK	0	2.66861224240702e-22	1.18458980832247	0.301	0.12	4.82912071385975e-18
DDAH2	0	2.88490934639343e-22	1.00136549525719	0.428	0.21	5.22053195323355e-18
WAS	0	2.89305756534434e-22	0.885454142655683	0.477	0.245	5.23527697024711e-18
ATP6V0E1	0	3.8639268649694e-22	0.516521033993574	0.904	0.715	6.99216205484863e-18
RGS2	0	4.32743883294878e-22	0.662701790843321	0.514	0.261	7.83093331210411e-18
MYO9B	0	4.56665712040063e-22	1.24212777860076	0.332	0.145	8.26382272507698e-18
SNORD3B-2	0	5.64830341795696e-22	1.21895693032982	0.301	0.122	1.02211698651349e-17
IVNS1ABP	0	5.83970846425798e-22	0.851069142256355	0.443	0.217	1.05675364369212e-17
IFIT1	0	6.0725334491578e-22	0.895089989510425	0.454	0.232	1.0988856529596e-17
SLC43A2	0	6.5427224489547e-22	1.31705206952152	0.283	0.112	1.18397105436284e-17
FAM20C	0	6.71601041870924e-22	0.98836322426408	0.283	0.108	1.21532924536962e-17
COMMD9	0	8.77898588755904e-22	1.24566181567601	0.312	0.131	1.58864528621268e-17
CLEC7A	0	1.10341530219029e-21	0.663838900474388	0.374	0.161	1.99674033084356e-17
STAT6	0	1.19395570571585e-21	1.40055303826292	0.258	0.097	2.1605822450634e-17
TUBA1C	0	1.54717748578649e-21	1.17279297225662	0.336	0.149	2.79977237827923e-17
IFI44	0	2.00891611693224e-21	0.616051158344945	0.715	0.44	3.63533460520059e-17
HSPE1	0	2.07629105598507e-21	0.620153345582477	0.862	0.69	3.75725629491058e-17
SLA	0	2.15411222756393e-21	0.859283436909485	0.325	0.135	3.89808148699968e-17
SLC4A7	0	2.31142776448552e-21	1.16577689247064	0.318	0.136	4.182759682613e-17
MIR24-2	0	2.43860614483602e-21	1.03472879122223	0.412	0.202	4.41290167969526e-17
SRSF7	0	2.54382148576624e-21	0.568193631208035	0.871	0.658	4.60329936064259e-17
PLBD1	0	2.58689777602348e-21	1.35561355353246	0.252	0.094	4.68125021549208e-17
TSPO	0	2.95253685975134e-21	0.600359556577858	0.802	0.545	5.34291070140603e-17
TCF7	0	3.39024538133887e-21	1.14284978503946	0.312	0.13	6.13498804207082e-17
MIDN	0	3.76931988614029e-21	0.81358191202985	0.514	0.277	6.82096126595946e-17
MT-CO3	0	3.89856450531981e-21	0.433441082211025	1	0.994	7.05484232882673e-17
CMPK2	0	4.03000137052592e-21	0.871788766963858	0.412	0.199	7.29269048010371e-17
KIAA0247	0	4.86244651357986e-21	1.17444379492252	0.278	0.11	8.79908321097412e-17
ZNF330	0	6.27422620873767e-21	1.373022645427	0.281	0.114	1.13538397473317e-16
SNX3	0	6.7464076642333e-21	0.595311934366157	0.806	0.587	1.22082993091966e-16
RTCB	0	7.94285923488024e-21	1.10068186424876	0.345	0.157	1.43733980714393e-16
CNDP2	0	8.77248120451539e-21	1.05203441704903	0.379	0.181	1.5874681987691e-16
TPM3	0	9.72346705638261e-21	0.590776352673329	0.786	0.548	1.759558598523e-16
TFPT	0	1.01814385144623e-20	1.32679577098727	0.263	0.103	1.8424331135771e-16
HN1	0	1.11903760834473e-20	0.769935749588314	0.537	0.296	2.02501045606062e-16
OAS2	0	1.40485249621574e-20	0.942470283370237	0.381	0.179	2.54222107715201e-16
SNX5	0	1.42156457664722e-20	1.19296172179687	0.29	0.119	2.57246325790081e-16
DEK	0	1.54926511383833e-20	0.886975170778533	0.452	0.233	2.80355015000185e-16
STMN1	0	1.90442599635631e-20	0.805336701754176	0.352	0.158	3.44624928300638e-16
MXD1	0	2.10797016343804e-20	0.838065570297587	0.37	0.171	3.81458280775747e-16
GNA13	0	4.63436805585866e-20	1.12993379984767	0.301	0.128	8.38635243388184e-16
SERPINB6	0	4.64580661861081e-20	0.844239288902171	0.432	0.22	8.40705165703813e-16
ARL8A	0	5.91619835788939e-20	1.07200706461105	0.347	0.161	1.07059525484366e-15
GPR155	0	7.20758539254603e-20	1.0006319525741	0.285	0.116	1.30428465263513e-15
ARF3	0	7.63018255895581e-20	1.1068519941962	0.352	0.166	1.38075783586864e-15
MGAT1	0	8.20736150080498e-20	0.588546858409545	0.619	0.354	1.48520413718567e-15
NPTN	0	9.08417954210762e-20	1.07397368557979	0.325	0.146	1.64387312993979e-15
SRGAP2	0	1.28373259016733e-19	1.12160586160866	0.31	0.136	2.3230424951668e-15
PML	0	1.4299916663855e-19	1.16060469185153	0.305	0.133	2.5877129194912e-15
TSC22D2	0	1.7482081614565e-19	1.21073992414551	0.256	0.1	3.16355748897169e-15
GRB2	0	1.83008875499836e-19	0.653544477989637	0.635	0.393	3.31172861104502e-15
CAB39	0	1.8902059239126e-19	1.06001278408818	0.33	0.149	3.42051663991223e-15
DPYSL2	0	2.13112238868473e-19	0.918545249779403	0.396	0.196	3.85647907456388e-15
ANXA5	0	2.70298251102838e-19	0.43943614636564	0.797	0.57	4.89131715195696e-15
SNORD3D	0	2.81734959963829e-19	1.17052217393804	0.285	0.12	5.09827583550544e-15
UBA7	0	2.86604459619554e-19	1.32346997813867	0.261	0.106	5.18639430127545e-15
NUP214	0	2.94015591773557e-19	1.11153542879769	0.285	0.12	5.32050614873429e-15
BCL3	0	3.72505421160247e-19	1.2032661581388	0.287	0.123	6.74085810131583e-15
TYMP	0	5.15289475993818e-19	0.272462663743712	0.96	0.782	9.32467835758414e-15
IFI6	0	7.01125248045507e-19	0.447783060188828	0.902	0.716	1.26875624886315e-14
IFIT3	0	7.37318026112152e-19	0.877963929483565	0.365	0.176	1.33425070005255e-14
ATP6V0A1	0	7.38252318630306e-19	1.20091047491237	0.278	0.119	1.3359413957934e-14
UBE2S	0	7.56591424389465e-19	0.580479205735004	0.706	0.491	1.36912784157518e-14
TNF	0	7.61148064870938e-19	0.484296913828183	0.339	0.153	1.37737353819045e-14
JDP2	0	8.10088281597618e-19	1.25761855069892	0.252	0.101	1.46593575437905e-14
CYTH1	0	9.82366016678295e-19	1.04936649953544	0.332	0.153	1.77768954378104e-14
VEGFB	0	1.11533787100009e-18	0.835336362153451	0.474	0.267	2.01831541136177e-14
CTSH	0	1.12519951551139e-18	0.474921529938511	0.526	0.281	2.03616104326941e-14
BNIP2	0	1.21747182123885e-18	0.886975170778533	0.412	0.213	2.20313700771383e-14
IL13RA1	0	1.24191877500207e-18	1.02535865493446	0.316	0.143	2.24737621524375e-14
CMTM6	0	1.29028774572579e-18	0.627291974444377	0.595	0.361	2.3349047046654e-14
CBR1	0	1.39345480505549e-18	0.873919017953087	0.396	0.199	2.52159581522841e-14
SCARB2	0	1.43000352327614e-18	0.734479773953552	0.481	0.265	2.58773437572051e-14
B4GALT1	0	1.53859321890669e-18	0.867279369437614	0.356	0.169	2.78423828893354e-14
AHSA1	0	1.58141110640647e-18	1.18673760986343	0.321	0.151	2.86172153815315e-14
CD164	0	1.70722373767691e-18	0.658815806223199	0.615	0.386	3.08939207570013e-14
ZDHHC12	0	1.87468262225585e-18	1.21255104268104	0.258	0.106	3.39242567323418e-14
CD300A	0	1.93257247799301e-18	0.750402117903089	0.354	0.161	3.49718315617616e-14
UGP2	0	1.96420065085813e-18	0.985473804600436	0.43	0.236	3.55441749779288e-14
CASP1	0	2.0165963504663e-18	0.71144935448006	0.401	0.198	3.64923275580382e-14
ATF6	0	2.16110987806801e-18	1.04886285315543	0.332	0.157	3.91074443535187e-14
HSPA6	0	2.28487240068675e-18	0.746797512730273	0.296	0.131	4.13470509628275e-14
SPG21	0	2.3689939051673e-18	1.02447869452847	0.388	0.201	4.28693137079075e-14
PDE4DIP	0	2.38238797224974e-18	1.02791777849524	0.294	0.128	4.31116927458314e-14
GNG2	0	2.61077403128562e-18	0.882466745106787	0.365	0.175	4.72445668701446e-14
SECISBP2	0	2.91405835502851e-18	1.10448123675496	0.388	0.203	5.27327999925959e-14
ADIPOR1	0	3.18261691361146e-18	0.95408936663707	0.383	0.195	5.7592635668713e-14
SNAP23	0	4.69907318720691e-18	1.14830325466192	0.312	0.145	8.50344283956962e-14
METTL12	0	4.76301499024975e-18	1.37367365518482	0.307	0.143	8.61915192635595e-14
CEP170	0	4.95149622277733e-18	1.10033943348574	0.312	0.145	8.96022756473786e-14
PPP3R1	0	4.99057269920749e-18	1.19962002483156	0.269	0.115	9.03094035648587e-14
RPS20	0	5.36659401115743e-18	0.658621191203369	0.588	0.358	9.71138852259048e-14
GNPTG	0	5.76858459358764e-18	0.923044425486055	0.372	0.185	1.04388306805562e-13
PRKACB	0	6.41202602563903e-18	0.822647595674337	0.388	0.193	1.16032022959964e-13
TXNIP	0	8.08062027657267e-18	0.543749587480632	0.604	0.36	1.46226904524859e-13
FAM133B	0	8.29156862964531e-18	0.93004389267042	0.396	0.208	1.50044225922061e-13
NTAN1	0	9.61340744472248e-18	1.07007556096858	0.307	0.141	1.73964221119698e-13
PICALM	0	1.49052200388182e-17	0.88881182925815	0.425	0.23	2.69724861822454e-13
AKR1A1	0	1.60047315160814e-17	0.448221602525882	0.697	0.446	2.89621621515009e-13
ATOX1	0	1.72856209035319e-17	0.646474675235017	0.733	0.517	3.12800595870314e-13
PTBP3	0	1.99947807629938e-17	0.835047378734673	0.363	0.177	3.61825552687136e-13
MT-ND3	0	2.65571026850914e-17	0.332934426410168	1	0.999	4.80577330189413e-13
CRTAP	0	3.42897265722237e-17	0.927052610153869	0.379	0.195	6.2050689205096e-13
TK2	0	3.71141037934986e-17	1.17028197163859	0.254	0.107	6.7161682224715e-13
SERINC1	0	3.83253207633032e-17	0.80586211183357	0.477	0.275	6.93535004532735e-13
SPP1	0	3.94613816503773e-17	2.8583339447008	0.265	0.122	7.14093162345228e-13
SUMO3	0	4.2367599287182e-17	0.862929696811882	0.416	0.228	7.66684076700845e-13
IDI1	0	4.26222250226232e-17	0.699659596646797	0.479	0.269	7.71291784009389e-13
OAS3	0	5.16790179352817e-17	1.02833102002407	0.307	0.144	9.35183508556857e-13
MRPL18	0	7.00094083496374e-17	1.00841329822851	0.394	0.216	1.26689025349504e-12
TMEM173	0	8.5015628300147e-17	0.844132169772798	0.339	0.164	1.53844280971946e-12
FLI1	0	8.95064767124461e-17	1.11830071688499	0.272	0.12	1.61970920258842e-12
SAMSN1	0	1.05888119228616e-16	0.476481596644637	0.49	0.261	1.91615140556104e-12
MT1X	0	1.10955405388804e-16	0.681474528840859	0.37	0.184	2.00784901591581e-12
MT-ND2	0	1.11567189842801e-16	0.389240537687675	0.996	0.979	2.01891986739533e-12
MAP3K1	0	1.23175066707664e-16	0.973597525526284	0.283	0.126	2.2289760071419e-12
KLF10	0	1.7676961702867e-16	0.804057168363144	0.421	0.23	3.19882298975082e-12
GPR65	0	1.78481045151943e-16	0.652400127176016	0.365	0.179	3.22979299306955e-12
ATF5	0	1.87504157127924e-16	1.00378883576128	0.294	0.137	3.39307522738691e-12
ARHGDIB	0	2.74368203811801e-16	0.346406789415831	0.84	0.546	4.96496701617834e-12
RNF145	0	2.79588907364059e-16	0.861977354068804	0.428	0.24	5.05944086766e-12
GTF3C6	0	3.39726451519708e-16	0.790250399316812	0.454	0.261	6.14768986670063e-12
USF2	0	3.58650674412551e-16	0.758478830218113	0.468	0.271	6.49014260416952e-12
CSTB	0	4.33224358455591e-16	0.560449364152743	0.744	0.538	7.83962799061238e-12
PNRC1	0	5.28954110354828e-16	0.536166476314652	0.702	0.486	9.57195358098096e-12
SCP2	0	6.21937837151949e-16	0.719809799986711	0.575	0.377	1.12545871011017e-11
CSTA	0	6.27623893709372e-16	0.524739087237634	0.296	0.131	1.13574819805648e-11
OTUD1	0	6.86620240486292e-16	0.962132530347273	0.267	0.119	1.24250798718399e-11
ACAP2	0	7.58115041770314e-16	0.821493167696069	0.374	0.197	1.37188497958756e-11
PFKFB3	0	7.89108411469645e-16	0.924843356368977	0.325	0.161	1.42797058139547e-11
NHLRC3	0	8.14221105338896e-16	1.0079905717399	0.312	0.153	1.47341451222127e-11
ARPC1B	0	8.72426738499802e-16	0.374529304722497	0.895	0.699	1.57874342598924e-11
FCHSD2	0	8.7759990175505e-16	0.894548390483334	0.33	0.164	1.58810478221594e-11
MX2	0	9.30239221388428e-16	0.673031114640179	0.479	0.275	1.6833608950245e-11
CTA-29F11.1	0	1.03204686746732e-15	0.642533226075565	0.401	0.212	1.86759201136886e-11
PAPD4	0	1.03856009645231e-15	1.06195339994713	0.274	0.125	1.87937835054011e-11
P2RX4	0	1.33641555911154e-15	1.07377399078524	0.256	0.113	2.41837759576824e-11
PARP14	0	1.3525307599442e-15	0.676848030891334	0.586	0.378	2.44753966319503e-11
CD37	0	1.63302496196424e-15	0.500614262433976	0.604	0.358	2.95512197117049e-11
GGA2	0	1.71406701512568e-15	1.04592905439984	0.267	0.122	3.10177567057143e-11
DTX3L	0	2.02073299785377e-15	1.0164381758768	0.305	0.149	3.65671843291618e-11
EHD4	0	2.20003034913859e-15	1.06512067902581	0.256	0.114	3.98117491980119e-11
BASP1	0	2.21242201971203e-15	0.702399143545131	0.401	0.216	4.00359888687089e-11
YWHAH	0	2.71796943243149e-15	0.709812003435083	0.474	0.281	4.91843748492803e-11
MAP1LC3B	0	2.87727648579846e-15	0.559668440462843	0.679	0.488	5.2067195287009e-11
FEZ2	0	3.25300879404835e-15	0.787439497227619	0.323	0.158	5.88664471370989e-11
KDM6B	0	3.71435135175886e-15	0.590792488727727	0.41	0.218	6.72149020614283e-11
CBX4	0	5.52827407633445e-15	0.940842042757269	0.321	0.163	1.00039647685348e-10
PARVG	0	7.16388028831247e-15	0.831340471805715	0.347	0.179	1.29637577697302e-10
IQGAP1	0	8.81842616858322e-15	0.674715332177866	0.508	0.311	1.59578239946682e-10
NFKBID	0	1.08226856062496e-14	0.822844833358818	0.303	0.147	1.95847318730693e-10
FAM96A	0	1.18986994812343e-14	0.790113631525944	0.43	0.251	2.15318865812416e-10
VTI1B	0	1.41858122359352e-14	0.833645668372407	0.394	0.224	2.56706458221484e-10
SEPHS2	0	1.43901353442433e-14	1.12857819608082	0.263	0.124	2.60403889189427e-10
SPPL2A	0	1.481282090946e-14	0.7637037958768	0.394	0.217	2.68052807177587e-10
SPTLC2	0	1.51496925216518e-14	0.947096163216105	0.283	0.135	2.74148835871811e-10
MAN1A1	0	1.58869469846332e-14	0.967205783671924	0.341	0.183	2.87490192633922e-10
H2AFY	0	1.79756080468275e-14	0.711208909313441	0.448	0.263	3.2528660321539e-10
HSPB1	0	2.3599056578391e-14	0.602773335555739	0.653	0.45	4.27048527842564e-10
DYNLT1	0	2.42474214967105e-14	0.653856342849027	0.63	0.438	4.38781339404472e-10
ANKRD13D	0	3.0912014317752e-14	0.904993005837295	0.323	0.167	5.59383811094041e-10
CARD16	0	3.53927801267254e-14	0.425595656139617	0.512	0.295	6.40467749173223e-10
SLC39A1	0	3.57787865880481e-14	0.93588477125948	0.314	0.162	6.47452922097319e-10
REL	0	3.58396223061827e-14	0.623536025135411	0.341	0.174	6.48553805252682e-10
MOB1A	0	4.84843097592698e-14	0.642365091557872	0.526	0.338	8.77372069403747e-10
INSIG1	0	5.32872280574235e-14	0.706402925136713	0.376	0.205	9.64285678927136e-10
NFIC	0	7.25821053910985e-14	0.947561323639573	0.287	0.143	1.31344577915732e-09
PARL	0	8.97899001379325e-14	0.798165903820677	0.354	0.192	1.62483803289603e-09
BAZ1A	0	1.00944341382985e-13	0.864038359501374	0.347	0.188	1.8266888016665e-09
ETNK1	0	1.01422605550143e-13	0.791279518235438	0.374	0.208	1.83534347003538e-09
LY6E	0	1.01514304762269e-13	0.37190114911858	0.938	0.804	1.83700285897802e-09
IFIH1	0	1.10771181123446e-13	0.927307264813751	0.254	0.119	2.00451529360987e-09
BEX4	0	1.17316567179928e-13	0.839880053043232	0.361	0.198	2.12296059968797e-09
BCAP31	0	1.44277716476579e-13	0.650754895586798	0.535	0.347	2.61084955736017e-09
TSPAN14	0	1.65957865373152e-13	0.908303680219045	0.292	0.147	3.00317353179256e-09
TGOLN2	0	1.97584252574207e-13	0.674557633895642	0.479	0.303	3.57548463458285e-09
TMC6	0	2.07889571592088e-13	0.711260488786015	0.325	0.167	3.76196968753042e-09
JMJD6	0	2.10354778144251e-13	0.804981798581226	0.31	0.16	3.80658006529837e-09
DICER1	0	2.20824079550022e-13	0.867422373357133	0.31	0.161	3.99603254353719e-09
PPP4C	0	2.25797042704163e-13	0.684869763587071	0.459	0.28	4.08602328477454e-09
AFF4	0	2.31085301123714e-13	0.905916734431994	0.367	0.209	4.18171960913473e-09
RNF114	0	2.52429490834114e-13	1.00003783526517	0.332	0.184	4.56796406613412e-09
DPP7	0	2.66176489272686e-13	0.404326765345012	0.742	0.521	4.81672974987853e-09
BROX	0	2.80407663744645e-13	0.766574074719312	0.339	0.18	5.0742570831231e-09
DMXL1	0	3.12734545387551e-13	0.994459597444939	0.254	0.122	5.65924433333312e-09
TGFBR2	0	3.29139071939157e-13	0.56827200627322	0.359	0.189	5.95610064581098e-09
PHACTR4	0	3.3762342087665e-13	1.01347789192972	0.263	0.128	6.10963342418386e-09
HLA-E	0	3.87823869229146e-13	0.251000802707314	0.989	0.925	7.01806073757063e-09
MAP3K11	0	4.44483416754278e-13	1.00026245710765	0.252	0.121	8.04337190958542e-09
UBAC1	0	4.75220592963751e-13	0.960291848421454	0.283	0.144	8.59959185027204e-09
PRDX1	0	5.34266667558347e-13	0.336095282119676	0.955	0.842	9.66808961613584e-09
POU2F2	0	6.18950532313476e-13	0.886975170778534	0.292	0.151	1.12005288327447e-08
GALNT1	0	7.28904411747174e-13	0.751580080054058	0.316	0.167	1.31902542349769e-08
CTDNEP1	0	8.24770045335565e-13	0.875570407506284	0.312	0.167	1.49250387403924e-08
DUSP23	0	1.14963533017252e-12	0.477735516037802	0.352	0.187	2.08038009348019e-08
UBE2L6	0	1.35006411073838e-12	0.568221323686315	0.517	0.326	2.44307601479218e-08
TWF2	0	1.44283927165656e-12	0.800114330388542	0.343	0.191	2.61096194598972e-08
LAMTOR1	0	1.9132133124553e-12	0.551888262795642	0.599	0.425	3.46215081021912e-08
NUDT3	0	2.29933249157732e-12	0.678388548967116	0.41	0.242	4.16087207675832e-08
TMEM123	0	2.59895265617858e-12	0.491148275465524	0.543	0.349	4.70306472662077e-08
MPDU1	0	3.26671714927837e-12	0.969437330970506	0.272	0.14	5.91145135333414e-08
CPQ	0	3.63351276886967e-12	0.819498716276313	0.325	0.18	6.57520470654655e-08
STX4	0	3.81037376822602e-12	0.659439446166126	0.303	0.159	6.8952523709818e-08
AP2M1	0	3.89838085016638e-12	0.576073412848689	0.535	0.358	7.05450998646109e-08
ZFYVE16	0	4.37515581725421e-12	0.807358002715166	0.278	0.143	7.91728196690321e-08
SHKBP1	0	4.78076244927656e-12	0.900982028772412	0.272	0.141	8.65126772821087e-08
CFL1	0	6.06038514942943e-12	0.27173875969178	0.98	0.92	1.09668729664075e-07
MFSD12	0	8.84899936638571e-12	0.851526334774244	0.343	0.197	1.60131492534116e-07
MT-ATP6	0	9.49711592447631e-12	0.280790719383389	1	0.995	1.71859809769323e-07
PRR13	0	1.19206800720355e-11	0.680100656531998	0.394	0.232	2.15716626583554e-07
SERPINB1	0	1.32089413221028e-11	0.475622718307546	0.459	0.284	2.39029002164772e-07
UQCR11.1	0	1.32998685024633e-11	0.334493602326874	0.893	0.836	2.40674420420575e-07
GBAS	0	1.58545166043643e-11	0.916418948671015	0.263	0.136	2.86903332472576e-07
RTN4	0	2.02630941092278e-11	0.47193767149969	0.555	0.365	3.66680951000587e-07
EIF4EBP1	0	2.22679091831755e-11	0.700206659172807	0.318	0.176	4.02960084578744e-07
MRPL14	0	2.813041396731e-11	0.734972077333483	0.363	0.216	5.09047971152441e-07
MT-ND5	0	2.84385580724483e-11	0.35978195903692	0.973	0.91	5.14624146879025e-07
GOLIM4	0	3.38142972381528e-11	0.916928392880161	0.261	0.136	6.11903522821614e-07
DBNL	0	3.45448359488245e-11	0.68653172227573	0.405	0.25	6.25123351329929e-07
CAPZA1	0	3.46413236459609e-11	0.535818877515914	0.503	0.332	6.26869392697309e-07
HMGN2	0	3.49233106099813e-11	0.598054181779489	0.771	0.614	6.31972228798222e-07
RALGDS	0	3.58588224576037e-11	0.883793923533853	0.265	0.138	6.48901251192797e-07
IRAK1	0	4.51865114327347e-11	0.815421909753499	0.314	0.179	8.17695110886767e-07
PARP12	0	5.76494741507913e-11	0.741811822813946	0.285	0.153	1.04322488423272e-06
AOAH	0	7.36611355702122e-11	0.537313680351714	0.294	0.154	1.33297190927856e-06
FBXL5	0	7.58367997477505e-11	1.02775382656133	0.256	0.137	1.37234272823529e-06
NSL1	0	9.1793481408898e-11	0.904764484222061	0.261	0.139	1.66109483957542e-06
LBR	0	1.05586005966982e-10	0.757880384643527	0.278	0.15	1.91068436397851e-06
ATP5J2	0	1.10702985874592e-10	0.397390718134636	0.813	0.695	2.00328123238661e-06
TACC1	0	1.14318014147416e-10	0.622669107708691	0.343	0.199	2.06869878401165e-06
MAPRE1	0	1.23341507731427e-10	0.696736590543233	0.334	0.194	2.23198792390791e-06
GNB1	0	1.2534951106642e-10	0.608847615714039	0.421	0.265	2.26832475225794e-06
ZC3HAV1	0	1.87140824523805e-10	0.656251474850131	0.272	0.145	3.38650036058278e-06
NUDT1	0	1.97748356466226e-10	0.80077413572923	0.287	0.16	3.57845425861282e-06
RBBP6	0	2.11352466757866e-10	0.811295572513428	0.336	0.204	3.82463423845035e-06
TLE4	0	2.21255446915664e-10	0.468262013356292	0.437	0.27	4.00383856738586e-06
NR4A1	0	2.2203296140203e-10	0.329120037167643	0.639	0.449	4.01790846953114e-06
CTSA	0	2.50422562134921e-10	0.680994456274659	0.432	0.293	4.53164668439354e-06
PPP1CA	0	2.7260530721766e-10	0.709847483177867	0.29	0.16	4.93306563941078e-06
TXN2	0	3.20422677562883e-10	0.691566067702633	0.405	0.262	5.79836877317793e-06
SFT2D2	0	3.25245455626683e-10	0.781939700080244	0.252	0.133	5.88564176502046e-06
OAZ2	0	3.42363155946755e-10	0.658947214772653	0.281	0.153	6.19540367001247e-06
VMA21	0	3.49613413774959e-10	0.753708639915069	0.334	0.201	6.32660433567165e-06
MAX	0	4.13162887833334e-10	0.691250699904165	0.298	0.168	7.47659561823201e-06
CYSLTR1	0	4.53928342785124e-10	0.773155271221371	0.265	0.145	8.21428729103961e-06
AXL	0	5.08448291279522e-10	0.494768379880575	0.312	0.175	9.20088027899423e-06
HNRNPC	0	5.13915163236779e-10	0.442342889311394	0.579	0.401	9.29980879393276e-06
C20orf27	0	5.2727957471752e-10	0.579222844655539	0.292	0.161	9.54165118408824e-06
LASP1	0	6.22307684831351e-10	0.814825385022698	0.281	0.157	1.12612798647081e-05
TNKS2	0	6.91193793139707e-10	0.70775060859846	0.254	0.135	1.25078428806561e-05
CHMP3	0	7.75175048432285e-10	0.695494025969773	0.296	0.169	1.40275676764306e-05
ENY2	0	8.59016859757511e-10	0.480096194886853	0.588	0.422	1.55447690941719e-05
OS9	0	9.52821935197166e-10	0.530576669928378	0.47	0.313	1.72422657393279e-05
ALDH2	0	1.1439675194637e-09	0.715305043877407	0.281	0.159	2.07012362322152e-05
LPCAT2	0	1.25725159686061e-09	0.818910895833379	0.252	0.138	2.27512248967897e-05
PGLS	0	1.2866118216088e-09	0.433546541362865	0.528	0.356	2.32825275238328e-05
FGD5-AS1	0	1.34627806931135e-09	0.761716932566012	0.285	0.163	2.43622479422582e-05
ASPH	0	1.41690798312821e-09	0.699566741202285	0.292	0.167	2.56403668626881e-05
CYB5R1	0	1.66214813064161e-09	0.697819078916017	0.278	0.157	3.00782325720906e-05
APPL1	0	1.78672383344474e-09	0.793865766387052	0.283	0.163	3.2332554490016e-05
ITSN2	0	1.81618853756592e-09	0.681860740873921	0.281	0.159	3.28657477757928e-05
COX6B1	0	1.95853721168093e-09	0.273760748983008	0.918	0.839	3.54416893825781e-05
ARL8B	0	2.15214604487347e-09	0.786197400688657	0.254	0.14	3.89452348280303e-05
ANP32A	0	2.50906201668462e-09	0.628663175187143	0.363	0.227	4.54039862539249e-05
OGFR	0	3.03843649659426e-09	0.676599714217303	0.292	0.167	5.49835468423697e-05
VPS35	0	3.05105413615774e-09	0.569492980922363	0.361	0.222	5.52118756479105e-05
OAS1	0	3.1274837310071e-09	0.444727364340311	0.454	0.294	5.65949455963046e-05
STX12	0	3.22685557537888e-09	0.720782888212551	0.312	0.187	5.83931784920562e-05
THEMIS2	0	4.01603750364492e-09	0.338081924764899	0.439	0.279	7.26742146659585e-05
PTTG1IP	0	4.51076695420595e-09	0.60231184824019	0.365	0.232	8.16268388033108e-05
LITAF	0	5.10488890182787e-09	0.416796117307229	0.441	0.28	9.23780695674772e-05
DDX58	0	6.57996818669403e-09	0.681261490588716	0.298	0.176	0.000119071104306415
FOSL2	0	6.64524557414798e-09	0.574507405140237	0.33	0.198	0.000120252363909782
IL10RA	0	7.13212381395458e-09	0.342756940707476	0.535	0.363	0.000129062912537322
USP9X	0	7.23815669363422e-09	0.72089689212176	0.281	0.165	0.000130981683528005
WASH4P	0	8.35665152067923e-09	0.424284695908274	0.372	0.227	0.000151221965918211
GIMAP7	0	1.44415006119257e-08	0.393205235353886	0.269	0.149	0.000261333395073407
FLOT1	0	1.51134645832234e-08	0.448173626804861	0.477	0.323	0.000273493255098011
SHISA5	0	1.58033630282909e-08	0.580229274033137	0.39	0.257	0.000285977657359952
RNPEPL1	0	1.61211619163264e-08	0.72777657592928	0.258	0.149	0.000291728546037843
YWHAB	0	1.62948903830318e-08	0.309305162623733	0.757	0.582	0.000294872336371343
RABGAP1L	0	1.72997296510395e-08	0.496404538975261	0.374	0.237	0.000313055907765212
RAB7A	0	1.75463485215838e-08	0.507016181317423	0.463	0.319	0.00031751872284658
PARP9	0	1.85571704934394e-08	0.547253680471014	0.383	0.248	0.000335810557249279
HNRNPU	0	1.86010011257268e-08	0.40726252109257	0.615	0.464	0.000336603716371151
HSD17B11	0	2.45424809766024e-08	0.546604470937706	0.388	0.251	0.000444120735752597
SNRPC	0	3.01399399550603e-08	0.709549480453577	0.261	0.152	0.000545412353426772
RAP1A	0	3.19789864116826e-08	0.50964883723208	0.45	0.315	0.000578691738105809
MCL1	0	3.29687186753015e-08	0.274082274040368	0.822	0.677	0.000596601933148255
SH3KBP1	0	3.33801549971266e-08	0.537155330946171	0.334	0.208	0.000604047284828004
GTF2B	0	3.60267039330692e-08	0.598046440649513	0.359	0.23	0.00065193923437282
RAB10	0	3.76068044044759e-08	0.573255889166704	0.35	0.224	0.000680532732503395
VPS26A	0	3.88292042385778e-08	0.698599687668521	0.274	0.164	0.000702653279901304
JKAMP	0	4.0660395123054e-08	0.631293431231815	0.303	0.186	0.000735790510146785
NMI	0	4.08089519692125e-08	0.649760409736562	0.298	0.182	0.00073847879483487
SETX	0	4.51259197418938e-08	0.493083480371238	0.341	0.213	0.000816598643649311
DGKZ	0	5.41251503080043e-08	0.477330930269908	0.263	0.15	0.000979448719973646
PHACTR2	0	5.74537409194601e-08	0.60014765377943	0.263	0.153	0.00103968289567855
RAB1B	0	6.76905041844546e-08	0.626707199236116	0.272	0.161	0.00122492736372189
PABPC4	0	7.11211184957507e-08	0.427421780033893	0.503	0.352	0.0012870077602991
SCO2	0	7.18315739590132e-08	0.382960189647352	0.363	0.23	0.0012998641623623
TALDO1	0	7.62645929936135e-08	0.503260982699862	0.454	0.318	0.00138008407481243
TMEM70	0	7.6801402509465e-08	0.591948533027885	0.307	0.19	0.00138979817981128
PDXK	0	7.8173243594141e-08	0.491943363302737	0.388	0.256	0.00141462301607957
RNF213	0	1.04661523623092e-07	0.2846986162081	0.704	0.525	0.00189395493148347
ETF1	0	1.06424411109708e-07	0.61429059491102	0.29	0.177	0.00192585614344128
ZYX	0	1.16252849604057e-07	0.536754124422369	0.383	0.257	0.00210371156643501
CLK1	0	1.31352645910904e-07	0.403224921415675	0.508	0.365	0.00237695748040371
PLA2G16	0	1.33446684485153e-07	0.55576926230316	0.341	0.22	0.00241485120244332
RNASEH2B	0	1.39939825264255e-07	0.600521877561103	0.263	0.156	0.00253235107798196
BCKDK	0	1.49698109397016e-07	0.626353299020131	0.267	0.161	0.0027089369876484
IST1	0	1.51543461620301e-07	0.681972886316154	0.278	0.171	0.00274233048148096
HELZ	0	1.57186293119311e-07	0.585994014336083	0.274	0.165	0.00284444316028705
SAMD9L	0	1.62511361974994e-07	0.432532704228912	0.434	0.299	0.00294080560629949
PHF11	0	1.67043543927583e-07	0.446531064501146	0.359	0.233	0.00302281997091354
G3BP1	0	1.78432050430168e-07	0.593074109001325	0.285	0.175	0.00322890638458433
TM9SF2	0	2.41423284218885e-07	0.501434568744187	0.365	0.245	0.00436879575122494
CECR1	0	2.58328143441938e-07	0.493083480371238	0.327	0.209	0.00467470608372531
WBP2	0	2.59937215613469e-07	0.622559534546379	0.314	0.202	0.00470382385374133
PFKL	0	2.82392564288896e-07	0.576442356825521	0.301	0.19	0.00511017584337186
PDCD6IP	0	3.21050057376548e-07	0.515881019087287	0.321	0.205	0.00580972183828601
PPP1R15B	0	3.40135608494968e-07	0.528032233570616	0.298	0.188	0.00615509397132494
DHRS4L2	0	4.37221430555021e-07	0.595371612747969	0.252	0.151	0.00791195900732366
ILF3-AS1	0	4.82251836591204e-07	0.344304391773816	0.294	0.183	0.00872682923495443
VASP	0	5.41930167562177e-07	0.576907231101232	0.301	0.193	0.00980676831220515
ARL6IP5	0	6.57124895944324e-07	0.364514088518463	0.479	0.342	0.0118913321170085
NOP56	0	7.22744072122222e-07	0.639394417351252	0.263	0.163	0.0130787767291237
LYSMD2	0	7.25025377624996e-07	0.522351432625851	0.316	0.204	0.0131200592335019
KLF3	0	7.48795068486798e-07	0.499952047669286	0.298	0.19	0.0135501955593371
MTCH1	0	7.81483466324125e-07	0.454611795339407	0.437	0.31	0.0141417248066014
MT-ATP8	0	8.23199115145444e-07	0.286045093924605	0.702	0.553	0.014896611187672
ARL5B	0	8.26044392974332e-07	0.559653817120953	0.263	0.163	0.0149480993352635
ABRACL	0	9.4511001211484e-07	0.320679964297462	0.405	0.273	0.0171027107792301
POLR2E	0	1.01014676919898e-06	0.537577472706765	0.314	0.204	0.0182796159354248
YBX3	0	1.15316252174956e-06	0.371877476931949	0.37	0.249	0.0208676289935801
ST8SIA4	0	1.18245160671267e-06	0.467957820587144	0.323	0.212	0.0213976442750725
EWSR1	0	1.1857282957166e-06	0.473807658852736	0.341	0.229	0.0214569392392876
PVRL2	0	1.46115246385023e-06	0.459293462247467	0.258	0.159	0.0264410149858338
PIGT	0	1.58629575829776e-06	0.550222428447748	0.274	0.173	0.0287056080421563
RAB14	0	1.74412585474065e-06	0.604297891973665	0.281	0.181	0.0315617014673869
BAZ2B	0	2.2586668847628e-06	0.474165772391807	0.298	0.193	0.0408728359466677
SERPINB9	0	2.28786838280878e-06	0.305078973105161	0.269	0.167	0.0414012662553076
RAB1A	0	2.29887465347116e-06	0.53956210433645	0.345	0.24	0.041600435729214
WNK1	0	2.69913119958249e-06	0.552324224451264	0.265	0.168	0.0488434781876447
CD3D	1	1.01196968335555e-279	3.27620612506691	0.82	0.081	1.8312603390002e-275
GZMA	1	2.35813513984737e-271	3.51361906363503	0.778	0.075	4.26728134906781e-267
CD69	1	3.86164413602668e-263	4.05095274924703	0.856	0.139	6.98803122855387e-259
CCL5	1	1.34148368471167e-259	3.67676324495929	0.816	0.106	2.42754887585423e-255
CD2	1	4.75014738729674e-246	2.81078840838502	0.82	0.099	8.59586671205217e-242
CD3E	1	2.37310552520975e-238	3.48970309881447	0.681	0.061	4.29437175841956e-234
CD3G	1	3.38254458225226e-218	3.62012674141193	0.603	0.047	6.12105267604369e-214
IL32	1	3.74541538152242e-213	2.8776307970227	0.816	0.139	6.77770367440297e-209
LCK	1	2.79890086639284e-210	3.57002836399069	0.574	0.043	5.06489100782449e-206
CD52	1	4.76160596295776e-209	2.95684050578897	0.806	0.143	8.61660215056835e-205
RPS27	1	8.99084657025535e-196	1.47811518102352	1	0.999	1.62698359535341e-191
KLRB1	1	6.96194128255337e-195	3.71491564802825	0.598	0.064	1.25983289449086e-190
CXCR4	1	2.33695761963217e-191	3.15652388039985	0.887	0.284	4.22895850848637e-187
CD96	1	7.5177805659741e-181	3.52406604756008	0.518	0.042	1.36041757121867e-176
GZMK	1	2.64828572174759e-176	3.66710796306261	0.515	0.045	4.79233784207443e-172
CTSW	1	2.81684790879796e-165	3.21831076674167	0.546	0.063	5.09736797576079e-161
RPS3	1	3.24789444358508e-165	1.18359955907788	1	0.995	5.87738978511157e-161
GZMM	1	3.23205558620068e-164	3.71548729250878	0.444	0.031	5.84872778878874e-160
CD7	1	6.88918682646033e-164	3.5054329076848	0.572	0.075	1.24666724811626e-159
SPOCK2	1	1.78513005864995e-162	3.28609450025287	0.534	0.059	3.23037135413295e-158
IL7R	1	1.63487314310428e-155	2.76098398472546	0.629	0.103	2.9584664397615e-151
RPS15A	1	2.11022824532624e-153	1.1028310256768	1	0.995	3.81866903274237e-149
BTG1	1	2.43892620024601e-148	2.29284167307678	0.953	0.615	4.41348085196518e-144
TNFAIP3	1	1.07499061835696e-146	2.70853195184238	0.783	0.235	1.94530302297875e-142
CST7	1	2.36928251491127e-143	2.82500172969824	0.563	0.083	4.28745363898344e-139
RPS27A	1	2.67588637386664e-142	0.999916561944638	1	0.998	4.84228398214907e-138
NKG7	1	5.83591184035063e-142	3.59747020996178	0.428	0.039	1.05606660662985e-137
RPL30	1	1.77983908983228e-140	1.01439592054134	1	0.999	3.22079681696049e-136
RPS29	1	3.05583669492554e-136	1.2443647142804	0.998	0.961	5.52984208313725e-132
RPS25	1	5.49370611098002e-136	1.03465692475985	1	0.991	9.94141057842945e-132
PTPRCAP	1	5.69392743328364e-135	2.36733459099391	0.773	0.229	1.03037310832701e-130
LTB	1	2.91915100991214e-134	2.72936288433732	0.544	0.085	5.28249566753701e-130
CRIP1	1	2.92082533199205e-134	2.42174674030862	0.804	0.263	5.28552552077281e-130
CORO1A	1	4.4201486584625e-129	2.14325943886959	0.823	0.318	7.99870101235374e-125
CD247	1	3.69818048044577e-125	3.4017042208912	0.383	0.035	6.69222739741467e-121
RPL28	1	5.22404831016964e-119	0.848827879447278	1	0.999	9.45343782208298e-115
STK17A	1	4.80479562418365e-115	2.30544335846764	0.69	0.199	8.69475816152273e-111
RPS12	1	5.11054610911196e-114	0.819265496996855	1	0.999	9.248044239049e-110
S100A4	1	5.48515316778006e-111	1.51460463400735	0.962	0.538	9.9259331724148e-107
RARRES3	1	2.74015423773041e-108	2.20949935314858	0.747	0.299	4.95858310859694e-104
RPS21	1	5.75462519753132e-108	0.976273296441964	1	0.985	1.04135697574527e-103
RPL13	1	1.16030552207575e-107	0.781862129531851	1	1	2.09968887274828e-103
PTMA	1	1.58891352103795e-107	0.953736018837576	1	0.995	2.87529790767028e-103
RCAN3	1	1.61743641394246e-105	3.31466365244964	0.395	0.052	2.92691293467028e-101
EVL	1	2.09221896680833e-103	2.13472343518644	0.697	0.241	3.78607944233636e-99
SAMD3	1	9.10023870631211e-103	3.07122651556885	0.343	0.036	1.64677919629424e-98
RPL19	1	1.08628516591476e-101	0.733706401245677	1	0.999	1.96574163623935e-97
TC2N	1	3.16839646654679e-100	2.68486852811193	0.376	0.046	5.73353024586308e-96
RPL32	1	2.53197253589398e-99	0.778286728021658	1	1	4.58185750095374e-95
JUND	1	5.01541450310007e-98	1.14536622682027	1	0.959	9.07589408480989e-94
MATK	1	2.53227308044567e-97	4.31444263444218	0.272	0.02	4.58240136637448e-93
RPL14	1	8.85581945904621e-97	0.889438648561831	1	0.99	1.602549089309e-92
PTPRC	1	2.19200352501988e-94	1.48812259425484	0.889	0.476	3.96664957887597e-90
CD6	1	1.01948386543429e-91	3.33851039440401	0.307	0.032	1.84485800288988e-87
RPL10	1	3.82503963207327e-89	0.696475783552144	1	1	6.92179171819979e-85
OXNAD1	1	7.25352687609237e-88	2.97258310675027	0.336	0.044	1.31259822349768e-83
RPS18	1	1.05650878801992e-87	0.731676138973724	1	1	1.91185830280086e-83
RPL41	1	1.9608243420427e-87	0.612266754213674	1	1	3.54830772936047e-83
RPS14	1	3.49050025803905e-86	0.753642711141456	1	0.996	6.31640926694747e-82
LAT	1	9.16107974401021e-86	2.64307988650538	0.352	0.05	1.65778899047609e-81
FLT3LG	1	1.0678634170184e-85	2.90617485526341	0.362	0.055	1.9324056394365e-81
RPS19	1	2.33164788255762e-84	0.874402625395598	1	0.999	4.21935000827627e-80
RPS26	1	4.0165860183501e-84	0.791978936823054	1	0.991	7.26841405880634e-80
FAU	1	5.28264675760715e-84	0.686076863415917	1	0.995	9.5594775725659e-80
RPL39	1	6.66061140105915e-83	0.639965730423846	1	0.999	1.20530423913566e-78
RPL23A	1	1.66702651671723e-82	0.864456246223906	0.991	0.963	3.0166511846515e-78
HOPX	1	2.75785296144595e-82	2.46583348037971	0.402	0.074	4.9906107190326e-78
TMSB4X	1	5.88989627269206e-82	0.911895450452126	1	0.967	1.06583562950636e-77
RPS24	1	4.71734186274648e-81	0.623395306299307	1	0.999	8.53650183482603e-77
SKAP1	1	1.6457986893281e-80	2.92140154510547	0.35	0.056	2.97823730820812e-76
RPS3A	1	6.97253109540235e-80	0.704565781149559	1	0.998	1.26174922702401e-75
TBC1D10C	1	1.00458371920182e-79	2.17640875226091	0.527	0.146	1.81789469826761e-75
LEPROTL1	1	2.81568342879607e-78	2.00361000237089	0.676	0.321	5.09526073274936e-74
RPSA	1	4.87585251127493e-78	1.08764455061044	0.946	0.873	8.82334270440312e-74
MYL12A	1	3.85531041062426e-77	1.11354402940373	0.981	0.804	6.97656971906567e-73
PRKCQ-AS1	1	2.21693066106387e-76	3.06396200055317	0.267	0.029	4.01175772426117e-72
PPP2R5C	1	3.69058800422629e-76	1.86665537131965	0.688	0.315	6.67848805244789e-72
RUNX3	1	1.70054816875363e-75	2.76012706359394	0.383	0.076	3.07731196617658e-71
PTPN22	1	3.16787433267957e-75	2.60400254366165	0.416	0.092	5.73258539241695e-71
LIMD2	1	1.40051565851132e-74	1.82102087965537	0.652	0.255	2.53437313564208e-70
RPL10A	1	5.65198864121478e-74	0.879042670480135	0.998	0.938	1.02278386451423e-69
ACAP1	1	9.57949112555891e-74	2.21844288772174	0.496	0.137	1.73350471408114e-69
ZFP36L2	1	4.56392823401658e-73	1.81405506746678	0.797	0.538	8.25888453227639e-69
RPL34	1	7.31979078719748e-72	0.661338571104571	1	0.999	1.32458934085126e-67
LYAR	1	4.16875241971487e-71	2.67720301691667	0.388	0.085	7.54377437871603e-67
SH3BGRL3	1	7.40788508803268e-70	0.982075403628839	0.972	0.833	1.34053088553039e-65
ETS1	1	7.48898448848317e-70	1.99518183308034	0.546	0.178	1.35520663303591e-65
SOCS1	1	5.30172344548055e-69	2.52473946238818	0.456	0.128	9.59399874694161e-65
RPL35A	1	2.49957213249786e-68	0.67642699665397	1	0.99	4.52322573096813e-64
RPL26	1	1.67720477837047e-67	0.665164803252296	1	0.993	3.03506976693919e-63
RPS15	1	2.43276221250528e-67	0.551626327847596	1	0.999	4.40232649974955e-63
JUNB	1	2.44269470736857e-67	1.23634681432303	0.993	0.926	4.42030034245416e-63
ZNF331	1	1.90081735145857e-65	2.35535089476097	0.494	0.153	3.43971907919943e-61
RPLP2	1	3.9190507764708e-65	0.708763219351185	0.995	0.984	7.09191428510157e-61
HCST	1	7.75659469941747e-65	1.11613402450355	0.882	0.475	1.40363337680659e-60
RPL11	1	2.40854190296054e-64	0.591950724026775	1	0.999	4.3584974275974e-60
RP11-489E7.4	1	1.02663428986076e-63	2.47864826549288	0.374	0.085	1.85779741093203e-59
RPS7	1	1.42691298426205e-62	0.644918494471593	1	0.99	2.58214173632061e-58
TSC22D3	1	1.76509126178449e-62	1.44451278902661	0.792	0.511	3.19410914732522e-58
RGCC	1	3.16082862704128e-62	1.90920353317677	0.671	0.33	5.71983548349389e-58
SRSF7	1	9.1876873220137e-62	1.24704320786396	0.858	0.663	1.6626038977916e-57
RPS23	1	2.16960882323383e-61	0.60230625824243	1	0.998	3.92612412652394e-57
KLRG1	1	2.17299440696237e-60	2.88544341367933	0.267	0.042	3.93225067883911e-56
RPL21	1	2.62817807957505e-60	0.76440387786735	1	0.971	4.75595105279901e-56
RPL12	1	1.08199717325097e-59	0.583283488281094	1	0.998	1.95798208471496e-55
RPS5	1	2.1609109504669e-59	0.771499374553276	0.993	0.964	3.91038445596489e-55
RPL18A	1	4.32293531141325e-58	0.589885670870446	1	0.995	7.82278373953342e-54
ARHGDIB	1	2.22042182323666e-57	1.24284079998962	0.799	0.555	4.01807533132907e-53
RPL37	1	9.60567442507737e-57	0.602787215400231	1	0.996	1.738242843962e-52
TMEM66	1	1.56076524060795e-56	1.09099837048724	0.877	0.793	2.82436077940415e-52
LCP1	1	2.01056490294515e-56	1.51217776991377	0.669	0.338	3.63831824836953e-52
HNRNPA1	1	9.92347768183487e-55	0.954184235718166	0.92	0.853	1.79575252130484e-50
RPL9	1	1.17978453186163e-52	0.63481109964671	1	0.99	2.1349380888568e-48
RPL18	1	1.38794217687121e-52	0.576116427762495	1	0.996	2.51162016326615e-48
PFN1	1	1.70418109128571e-52	0.917818833789154	0.965	0.88	3.08388610279063e-48
CALM1	1	4.23076879162859e-52	0.961510221041001	0.879	0.782	7.6559992053311e-48
C12orf75	1	6.4110875138586e-52	2.10463992260214	0.329	0.077	1.16015039650785e-47
TTC39C	1	1.27095860769864e-50	2.19909547351895	0.326	0.079	2.29992669649147e-46
PYHIN1	1	8.84724559065308e-50	2.45433115154241	0.265	0.051	1.60099756208458e-45
RAC2	1	1.16431107944606e-48	1.61234058403658	0.586	0.283	2.10693732936559e-44
CIB1	1	2.2449050861293e-48	1.42780527071772	0.683	0.458	4.06238024385958e-44
RPLP1	1	2.356647074554e-48	0.48675480245198	1	1	4.26458854611292e-44
RORA	1	3.48012781766654e-48	2.32322276331259	0.324	0.083	6.29763929884937e-44
ZFAS1	1	2.36913694172286e-47	1.33185085868067	0.716	0.494	4.28719020974169e-43
ITM2A	1	2.84436337235765e-47	2.24176973956566	0.329	0.086	5.14715995861841e-43
AES	1	4.95234180499162e-46	1.34182530322702	0.697	0.481	8.96175773031284e-42
HLA-A	1	2.71836711505015e-44	0.683386953096801	0.993	0.936	4.91915713139475e-40
EEF1A1	1	4.34010033701112e-44	0.449809760659111	1	1	7.85384556985532e-40
TUBA4A	1	4.99239824935663e-44	1.87032693384612	0.454	0.172	9.03424387203575e-40
OCIAD2	1	8.54213809968659e-44	1.72112126581657	0.47	0.19	1.54578531051928e-39
PPDPF	1	7.78126848679918e-43	0.807607967284271	0.872	0.75	1.40809834537118e-38
RPL36	1	2.41474879843773e-42	0.466162092800758	1	0.999	4.36972942565291e-38
CKLF	1	6.50796664625342e-42	1.27840953240969	0.655	0.409	1.17768164430602e-37
APOBEC3G	1	7.50358676310748e-42	1.96684853732183	0.421	0.162	1.35784906065193e-37
PDCD4	1	4.76763438579365e-41	1.58102792033576	0.53	0.254	8.62751118453218e-37
YPEL5	1	5.83963008598824e-41	1.28986148679179	0.667	0.437	1.05673946036043e-36
SEPT1	1	5.15574115619608e-40	1.76483128955284	0.376	0.126	9.32982919625242e-36
NR4A2	1	1.37535013625305e-39	1.21712516646269	0.65	0.36	2.48883360656351e-35
RPL3	1	1.08284657403256e-38	0.483419753249069	1	0.995	1.95951916036932e-34
RPS13	1	9.66333257821735e-38	0.466422830160657	1	0.995	1.74867666335421e-33
HLA-E	1	1.27108392977063e-37	0.636097460399829	0.995	0.925	2.30015347931293e-33
DUSP2	1	3.22187196046942e-37	0.533768341014766	0.707	0.375	5.83029949966546e-33
RPL29	1	3.4246075320218e-37	0.472838113610345	1	0.994	6.19716978994664e-33
RPS28	1	4.98944986908029e-37	0.382676096551155	1	1	9.02890848308769e-33
CDC42SE2	1	5.968700013358e-37	1.56197664909177	0.48	0.221	1.08009595441726e-32
GMFG	1	1.6353875130826e-36	0.95736150322254	0.761	0.594	2.95939724367427e-32
C9orf142	1	1.65319322869041e-36	1.27519192815985	0.638	0.424	2.99161846663816e-32
UBE2S	1	7.53118071073523e-36	1.10646913378048	0.714	0.491	1.36284246141465e-31
UBA52	1	9.72393279304486e-36	0.562802415575526	0.988	0.963	1.7596428782294e-31
LBH	1	4.26533551995502e-35	1.80412599285504	0.265	0.071	7.71855115691061e-31
TMA7	1	4.68439802390432e-35	0.621209913174601	0.967	0.931	8.47688666405725e-31
CD27	1	2.47799540166668e-34	1.77606751341854	0.31	0.095	4.48418047885602e-30
TRAF3IP3	1	2.33475111833501e-33	1.82975106340314	0.31	0.1	4.22496562373903e-29
TUBB4B	1	2.5784254572498e-33	0.889328872460467	0.792	0.628	4.66591870743925e-29
CD48	1	7.02343999134919e-33	1.32119237718194	0.447	0.19	1.27096170083455e-28
PARP8	1	6.13252375813162e-32	1.80287040058931	0.338	0.123	1.1097414992715e-27
PIK3IP1	1	1.08120795748616e-31	1.9917458661962	0.322	0.116	1.95655391986696e-27
FYN	1	7.9887254597503e-31	1.83195183730047	0.293	0.099	1.44563975919641e-26
RPS16	1	8.74194745261193e-31	0.56393629144346	0.962	0.938	1.58194281102466e-26
HMGN1	1	1.09518095461868e-30	0.914865474586063	0.747	0.66	1.98183945547796e-26
RPL6	1	3.57316590039679e-30	0.481924614404735	0.998	0.98	6.46600101335803e-26
IRF1	1	3.94864850941478e-30	1.29688054330549	0.603	0.395	7.14547434263699e-26
CD44	1	3.94939647296508e-30	1.21695866257439	0.593	0.367	7.1468278574776e-26
RPL27	1	7.85864192962569e-30	0.502371936459381	0.972	0.972	1.42209984358506e-25
RPL38	1	1.29293399363658e-29	0.57843363592004	0.957	0.936	2.33969335488476e-25
IL2RG	1	1.51030595869466e-29	1.5761290810799	0.343	0.13	2.73304966285385e-25
RPL24	1	1.55144899043777e-29	0.414336229502816	0.993	0.992	2.80750209309618e-25
STK17B	1	1.61512037281838e-29	1.33186402935799	0.518	0.294	2.92272182665214e-25
SYNE2	1	1.79255315329714e-29	1.17105364855244	0.487	0.235	3.2438041862065e-25
TPT1	1	2.07798932414383e-29	0.400217747542912	1	1	3.76032948097068e-25
ARAP2	1	2.14161633379895e-29	1.61129257959213	0.345	0.134	3.87546891764259e-25
RPS2	1	3.25880495120811e-29	0.458714014212927	1	0.986	5.89713343970619e-25
WIPF1	1	8.03378869398182e-29	1.42979274759513	0.499	0.292	1.45379440206295e-24
ARHGEF1	1	1.87416411274351e-28	1.45912657100481	0.44	0.215	3.39148737842066e-24
CLEC2D	1	2.97661009961518e-28	1.72590029695714	0.27	0.087	5.38647363626363e-24
ANXA1	1	9.52796318013272e-28	1.19566806842854	0.716	0.588	1.72418021707682e-23
RPS10	1	3.70971889509183e-27	0.654156343268468	0.879	0.857	6.71310731255818e-23
CLEC2B	1	9.00324977568575e-27	1.12290860460318	0.622	0.462	1.62922807940809e-22
COMMD6	1	1.1358547843778e-26	0.76581210292088	0.778	0.726	2.05544281781007e-22
LSP1	1	1.59306137437537e-26	1.13890136871185	0.52	0.3	2.88280386306966e-22
RPL7A	1	8.32322234256367e-26	0.345697774765233	1	0.995	1.50617031511032e-21
RPL27A	1	1.16811120248256e-25	0.548279270157908	0.927	0.923	2.11381403201244e-21
PIK3R1	1	1.99124201647114e-25	2.00408384053355	0.331	0.143	3.60335155300617e-21
TSTD1	1	2.9736414998834e-25	1.10968298015496	0.511	0.284	5.38110165818901e-21
RPS6	1	3.76532407662342e-25	0.462741094820276	0.998	0.978	6.81373044905774e-21
MYL12B	1	2.38915280302743e-24	0.583938825769071	0.835	0.747	4.32341091235845e-20
H3F3B	1	3.57842345197995e-24	0.328945941812528	1	0.991	6.47551507870291e-20
DDIT4	1	3.96127907852921e-24	1.07170575111811	0.567	0.367	7.16833062050645e-20
IFITM1	1	3.98888042027384e-24	0.729974992342566	0.797	0.658	7.21827800852753e-20
CCND3	1	8.33322392428353e-24	1.58783360676814	0.331	0.145	1.50798020133835e-19
TCF7	1	1.2082619462409e-23	1.74148137239801	0.31	0.132	2.18647081791754e-19
BTF3	1	2.83205338627197e-23	0.569924476567004	0.868	0.874	5.12488380779776e-19
CFL1	1	1.81546051746999e-22	0.509577072208704	0.981	0.92	3.2852573524137e-18
RASAL3	1	2.5506920926506e-22	1.55032690909583	0.26	0.095	4.61573241086053e-18
CD37	1	6.7226582698509e-22	0.943593235842981	0.567	0.367	1.21653224051222e-17
FOS	1	7.21260342058329e-22	0.427535143589639	0.998	0.929	1.30519271498875e-17
SRSF3	1	8.72271573129123e-22	0.77365026538948	0.745	0.726	1.57846263873446e-17
DDX24	1	8.81220393004537e-22	1.08351706685174	0.553	0.386	1.59465642318101e-17
SEPT9	1	1.21399185654054e-21	1.36080448875266	0.411	0.226	2.19683966359576e-17
PRMT10	1	2.57981799863568e-21	1.54487031036068	0.317	0.143	4.66843865033112e-17
PIP4K2A	1	3.12087026648998e-21	1.58101296710645	0.34	0.167	5.64752683424026e-17
PTGER4	1	1.02115862335041e-20	1.59836096646094	0.3	0.132	1.84788864481491e-16
SEPT6	1	1.3120202927897e-20	1.35393288003403	0.385	0.201	2.37423192183224e-16
CCDC109B	1	2.17383116117936e-20	1.38198903107089	0.371	0.192	3.93376486927017e-16
SLC38A1	1	2.49494210532742e-20	1.44823942036497	0.31	0.137	4.5148472338005e-16
SEPT7	1	2.78487810289404e-20	0.74489943560934	0.674	0.565	5.03951541499706e-16
RPL15	1	2.97355168287399e-20	0.3356554510743	1	0.992	5.38093912532876e-16
LDHA	1	4.46168114004941e-20	0.711580886270536	0.766	0.737	8.07385819103342e-16
SERTAD1	1	5.51997957524238e-20	0.984610563099034	0.6	0.447	9.98895503935861e-16
PBXIP1	1	8.23258046548394e-20	1.59918071838842	0.307	0.141	1.48976776103397e-15
ABHD17A	1	1.89492323445202e-19	1.3846884372712	0.421	0.257	3.42905308506438e-15
RPL35	1	1.60820907978441e-18	0.297099500089174	1	0.996	2.91021515077786e-14
MSN	1	2.01996049820291e-18	1.10816417839308	0.482	0.317	3.65532051754798e-14
HMGB2	1	2.49444703884304e-18	1.29388850368396	0.466	0.3	4.51395136149036e-14
EZR	1	2.912015631879e-18	1.29898203021737	0.371	0.203	5.26958348744825e-14
KLF6	1	5.35553540224905e-18	0.831459128576835	0.678	0.587	9.69137686390988e-14
LOH12CR1	1	6.58980673852315e-18	1.66661072015226	0.253	0.108	1.19249142740315e-13
CCNH	1	6.9173057805638e-18	1.50733916924387	0.369	0.212	1.25175565405083e-13
FXYD5	1	7.06325298121209e-18	0.809286960843425	0.622	0.51	1.27816625948014e-13
SAMSN1	1	1.02966582559379e-17	1.25041074226675	0.433	0.273	1.86328327799452e-13
RPL8	1	1.32918766259664e-17	0.277087133378115	1	0.999	2.40529799423487e-13
RGS1	1	2.19538804219452e-17	0.630580463090796	0.707	0.518	3.97277420115521e-13
FUS	1	2.39573072406166e-17	0.889767098741799	0.612	0.503	4.33531431826199e-13
TAGAP	1	2.5498116027997e-17	1.10931944354201	0.454	0.279	4.61413907642634e-13
GPSM3	1	2.74791648351508e-17	1.03165761997874	0.499	0.349	4.97262966856888e-13
JAK1	1	4.18467121129436e-17	1.18808102198487	0.442	0.285	7.57258102395827e-13
RPS9	1	4.48888002661154e-17	0.284394151837919	1	0.994	8.12307729615624e-13
RPL22	1	5.59704770069231e-17	0.421306876327151	0.957	0.965	1.01284175191728e-12
TSPYL2	1	5.91886798808953e-17	1.63523102181171	0.348	0.193	1.07107835112468e-12
GTF3A	1	1.74196734212539e-16	1.0305633617878	0.52	0.408	3.1522641023101e-12
SLC2A3	1	1.88839081028969e-16	1.20696648468955	0.407	0.244	3.41723201030022e-12
AAK1	1	2.72116628735245e-16	1.20359503653943	0.388	0.231	4.92422251359299e-12
TUBA1A	1	2.9963486959455e-16	0.59691865844573	0.515	0.323	5.42219260018298e-12
RPS4X	1	3.99854426451466e-16	0.264595751563668	1	0.99	7.23576570106573e-12
DNAJA1	1	8.65928269199172e-16	0.566885748576656	0.719	0.658	1.56698379594282e-11
ELF1	1	8.91498257378164e-16	1.0459771286492	0.487	0.348	1.61325524655153e-11
C1orf63	1	1.02267196090445e-15	0.842480665215597	0.556	0.424	1.8506271804527e-11
NACA	1	1.25343321348305e-15	0.321882437619848	1	0.985	2.26821274311893e-11
APRT	1	1.63676961332799e-15	0.732394646135723	0.66	0.656	2.96189829227833e-11
CDKN1B	1	2.01074791015083e-15	1.22018658944891	0.364	0.205	3.63864941820895e-11
CREM	1	2.17964910277865e-15	1.19697088039787	0.461	0.321	3.94429301638824e-11
EEF1B2	1	2.18442915318481e-15	0.332453696433133	0.974	0.942	3.95294299560323e-11
RPS8	1	2.41659767463522e-15	0.277116094891528	1	0.996	4.37307515201989e-11
SUN2	1	6.19671640952359e-15	1.42425513858528	0.274	0.137	1.12135780146739e-10
GPBP1	1	8.11236182670234e-15	0.784543885840868	0.577	0.48	1.46801299616006e-10
RBM8A	1	1.09490544860514e-14	0.848949109582322	0.586	0.511	1.98134089979585e-10
PPP1R2	1	1.1333014889601e-14	1.30793888929609	0.362	0.219	2.0508223744222e-10
CLDND1	1	6.37180491300932e-14	1.26888084624099	0.404	0.276	1.15304181705817e-09
ARPC2	1	6.72315940890266e-14	0.538914972436847	0.745	0.801	1.21662292663502e-09
IDS	1	8.18498905746758e-14	1.09850523524303	0.395	0.251	1.48115561983933e-09
ABRACL	1	3.42659629663415e-13	1.16796386694745	0.407	0.275	6.20076865838916e-09
CHCHD2	1	6.40252081500267e-13	0.426386295532616	0.794	0.845	1.15860016668288e-08
CMC1	1	6.65959061856727e-13	2.11875336520134	0.284	0.166	1.20511951833593e-08
EMB	1	8.26974164867331e-13	1.02707614101737	0.359	0.215	1.49649244874392e-08
SNHG12	1	9.2893302094733e-13	0.650572053061186	0.449	0.294	1.68099719470629e-08
SOD1	1	1.03535377539407e-12	0.836596634505343	0.605	0.551	1.87357619195312e-08
PABPC1	1	1.10799744753871e-12	0.487104892706417	0.82	0.816	2.00503218106604e-08
CD99	1	1.2101948888568e-12	0.65647444270237	0.624	0.571	2.18996867087527e-08
EEF1D	1	1.2395613312462e-12	0.27813791889886	0.983	0.955	2.24311018502312e-08
TLE4	1	1.58355613077627e-12	1.10953468442159	0.404	0.277	2.86560317425274e-08
CD97	1	2.04661283212889e-12	1.30831015662831	0.286	0.158	3.70355058102045e-08
CNOT6L	1	2.17627715829814e-12	1.12844685205279	0.317	0.183	3.93819114565631e-08
FAM177A1	1	2.70737432731241e-12	1.56784453993788	0.376	0.267	4.89926458270455e-08
GPR65	1	3.27746650411879e-12	1.19043414775115	0.322	0.188	5.93090338585337e-08
FOSB	1	4.72508048330606e-12	0.280767859787552	0.844	0.723	8.55050564259064e-08
ARL4C	1	6.81585816386245e-12	0.922346229670878	0.392	0.257	1.23339769333255e-07
SNHG8	1	9.44716265161495e-12	0.917058500047853	0.534	0.463	1.70955855343624e-07
ANAPC16	1	1.39612680650436e-11	0.722069662209682	0.558	0.493	2.5264310690503e-07
RBL2	1	1.50023019162417e-11	1.31663589478124	0.258	0.139	2.71481655476311e-07
FNBP1	1	1.7987158449849e-11	0.910257989805428	0.376	0.248	3.25495619308468e-07
ODF2L	1	2.06799106924094e-11	1.12834826185297	0.277	0.153	3.74223663889841e-07
MT-ND4L	1	2.40077242321786e-11	0.28713587057851	0.988	0.976	4.34443777705503e-07
LYST	1	3.45171997828489e-11	1.5440242743449	0.277	0.163	6.24623247270434e-07
ODC1	1	5.13885865745422e-11	0.6718351399204	0.414	0.281	9.29927862652915e-07
TOMM7	1	8.41765486882949e-11	0.4062179256774	0.835	0.877	1.52325882506338e-06
TNFAIP8	1	1.7166227029739e-10	0.855039282050453	0.364	0.239	3.10640044330157e-06
TGFB1	1	1.75510625443947e-10	0.951207706321326	0.473	0.383	3.17604027803367e-06
STK4	1	2.28449604849607e-10	0.653944489560299	0.463	0.337	4.1340240493585e-06
CAPG	1	2.3457202143026e-10	0.889576517795225	0.336	0.212	4.24481529980198e-06
TRAPPC6A	1	3.93978205150934e-10	1.05840247521127	0.312	0.196	7.1294296004113e-06
FAM107B	1	4.26796740989143e-10	0.76607981748798	0.447	0.326	7.72331382493953e-06
SLFN5	1	4.87800136671332e-10	0.995790497911593	0.362	0.243	8.82723127320443e-06
YWHAZ	1	6.9402443510062e-10	0.819084138351285	0.499	0.417	1.25590661775808e-05
RPL5	1	7.07805393491712e-10	0.29238752296769	0.972	0.928	1.2808446400626e-05
CYTIP	1	8.30882966774516e-10	0.561287533550886	0.485	0.335	1.50356581667516e-05
GBP5	1	2.08077025163513e-09	1.10279659456972	0.274	0.164	3.76536184735893e-05
SLA	1	2.47778341983209e-09	1.29703375842785	0.255	0.149	4.48379687652816e-05
SLC38A2	1	3.85513228753395e-09	0.507378974865318	0.69	0.662	6.97624738752144e-05
HSPA8	1	5.7886905828528e-09	0.28060478647179	0.733	0.695	0.000104752144787304
GLIPR2	1	8.379671250664e-09	0.875485222322406	0.314	0.201	0.000151638530952016
IDI1	1	1.29696868501219e-08	0.955707833325042	0.385	0.286	0.000234699453239807
HINT1	1	1.74738076250074e-08	0.423766623638816	0.733	0.774	0.000316206022782134
HNRNPDL	1	2.13875202442606e-08	0.470431327479337	0.712	0.8	0.000387028566340139
CHD1	1	2.25824705701089e-08	1.06152707163612	0.284	0.182	0.000408652387436691
VAMP2	1	2.62799416851283e-08	0.753865702923235	0.47	0.398	0.000475561824734081
PSMB9	1	3.1568827183596e-08	0.552210448092747	0.626	0.622	0.000571269496714352
RP11-138A9.2	1	4.08486627524864e-08	0.992493570302542	0.27	0.167	0.000739197401168995
NDNL2	1	4.66945586443265e-08	1.12709056124168	0.265	0.169	0.000844984733227732
CCSER2	1	7.0189069398654e-08	0.938260112122774	0.272	0.173	0.00127014139983804
BRD2	1	9.59682743841538e-08	0.541004994942263	0.525	0.437	0.00173664189325565
AKIRIN1	1	1.09806692200313e-07	1.13535486339506	0.277	0.183	0.00198706190205686
N4BP2L2	1	2.05868278633174e-07	0.384425984323209	0.704	0.742	0.00372539237014591
TOB1	1	2.50431527848953e-07	0.857902659723666	0.355	0.259	0.00453180892795465
CCDC107	1	3.76363467111855e-07	0.839179320891134	0.378	0.297	0.00681067330085613
SPTAN1	1	4.37848826027904e-07	0.858480334678518	0.359	0.277	0.00792331235580096
CHD2	1	4.53899406929035e-07	0.700184668084125	0.426	0.352	0.00821376366778781
SRSF2	1	6.6196059934731e-07	0.487898027183806	0.648	0.681	0.0119788390057889
IER5L	1	6.85909706656585e-07	0.675754245218466	0.428	0.337	0.0124122220516576
TIPARP	1	7.49219616108342e-07	0.979919465273537	0.281	0.192	0.0135578781730965
UPP1	1	8.39407572121582e-07	0.694764128439072	0.357	0.261	0.0151899194251121
CYLD	1	8.45853420638314e-07	0.840259526876182	0.322	0.232	0.0153065634998709
C9orf78	1	1.54534133104932e-06	0.970838003511742	0.251	0.164	0.0279644967266685
CD53	1	1.70051590901865e-06	0.506695914752512	0.489	0.406	0.0307725358896015
RNF19A	1	1.94420168436686e-06	0.779274093257177	0.255	0.169	0.0351822736803027
NCL	1	2.23948687364125e-06	0.682123262524282	0.527	0.522	0.040525754465412
RPS11	1	2.33449352999537e-06	0.26836504937174	0.882	0.925	0.0422449949187962
GNG2	1	2.64780559125913e-06	0.947179429811296	0.277	0.192	0.0479146899794251
ITGA4	1	2.70252410280032e-06	0.863231522609848	0.274	0.186	0.0489048761642746
DERL3	2	1.98690338902966e-222	3.10877724617103	0.925	0.153	3.59550037278808e-218
RP11-731F5.2	2	5.73549633751851e-219	2.98388371685468	0.972	0.199	1.03789541723735e-214
SDC1	2	9.29780478824404e-212	2.96040124810417	0.888	0.14	1.68253075448064e-207
SPAG4	2	1.75245268195242e-211	2.97878169752758	0.91	0.149	3.17123837326111e-207
MZB1	2	2.28774768718602e-207	2.93356154480038	1	0.266	4.13990821473181e-203
JSRP1	2	1.91060035542811e-199	2.88134778394354	0.876	0.144	3.45742240318271e-195
SEL1L3	2	2.00428056934888e-195	2.94989705722761	0.851	0.144	3.62694611829373e-191
FKBP11	2	4.75043555320059e-194	2.7475286562511	0.997	0.294	8.59638817707179e-190
PIM2	2	3.34373464884929e-188	2.75843535397964	0.901	0.181	6.05082222055767e-184
PRDX4	2	7.42587649541377e-176	2.64057828644532	0.997	0.364	1.34378661061007e-171
FCRL5	2	1.20246767951814e-169	2.79840681574865	0.764	0.119	2.17598551285603e-165
IGJ	2	2.48594445888757e-169	2.84539205194427	0.975	0.308	4.49856509280295e-165
TP53INP1	2	2.35033279803211e-166	2.65472603471525	0.848	0.179	4.2531622313189e-162
SEC11C	2	2.37971493311782e-166	2.53555424239715	0.975	0.334	4.30633214297001e-162
POU2AF1	2	7.92288005349721e-165	2.88253031286335	0.73	0.11	1.43372437448086e-160
CD79A	2	8.56311259176996e-163	2.71548907094928	0.758	0.122	1.54958085460669e-158
SEL1L	2	1.46842794284482e-159	2.68664646924342	0.904	0.249	2.65726720537198e-155
SSR4	2	1.94750076158893e-159	2.68037286336335	1	0.872	3.52419737817132e-155
PPAPDC1B	2	2.71660486353986e-153	2.43283889713624	0.885	0.214	4.91596816106173e-149
XBP1	2	1.05523263204778e-149	2.64331674675087	1	0.669	1.90954897095367e-145
PDK1	2	1.59981729682832e-148	2.64926678560809	0.752	0.139	2.89502938034053e-144
SPCS2	2	3.38643717760008e-147	2.14877122153965	0.997	0.65	6.1280967165851e-143
FKBP2	2	4.14808402731722e-143	2.16423651132095	0.994	0.591	7.50637285583323e-139
FAM46C	2	4.53753952666106e-143	2.37892682060386	0.854	0.206	8.21113152744586e-139
RAB30	2	8.81457438752608e-142	2.66990534999298	0.711	0.123	1.59508538116672e-137
TMEM59	2	1.64127133157508e-135	1.87450341736971	0.997	0.842	2.97004460161826e-131
SPCS3	2	5.80512523231111e-133	2.07435650685509	0.975	0.524	1.05049546203902e-128
HERPUD1	2	1.0166571507416e-131	2.14197700032924	1	0.713	1.839742779982e-127
RP11-16E12.2	2	2.43720414148954e-130	2.7810952710973	0.59	0.086	4.41036461443946e-126
SSR3	2	1.85529551793644e-129	2.08341772090854	0.963	0.509	3.35734276925779e-125
CDK14	2	2.36657608711182e-129	2.27001742148591	0.696	0.129	4.28255608723755e-125
CPEB4	2	5.31296475314257e-128	2.22259377444785	0.86	0.264	9.6143410172868e-124
TNFRSF17	2	5.5100539662786e-128	3.04701150030013	0.559	0.079	9.97099365737775e-124
TXNDC11	2	1.12033318494742e-127	2.58003115233306	0.73	0.157	2.02735493148085e-123
TPD52	2	1.31990998647028e-124	2.3056147942577	0.739	0.155	2.38850911151661e-120
HIST1H1C	2	6.8975237828068e-123	2.67677474243455	0.742	0.168	1.24817590373672e-118
ISG20	2	1.80908390413108e-122	2.10300969120745	0.96	0.414	3.27371823291561e-118
HSP90B1	2	1.07786983994198e-121	1.81797751449557	0.994	0.783	1.95051326235901e-117
SPCS1	2	2.18244046192232e-120	1.86242196114286	0.972	0.662	3.94934425989463e-116
CYBA	2	2.39234066846921e-120	1.39114496995671	1	0.883	4.32917967366188e-116
SEC61B	2	1.46474492771137e-119	1.6011590968926	0.991	0.79	2.6506024211865e-115
PTP4A3	2	2.98104991461416e-119	2.52282664870491	0.72	0.162	5.39450792548578e-115
HLA-C	2	3.87943327933933e-117	1.22745074014648	1	0.987	7.02022246229245e-113
FBXW7	2	1.24909246463613e-116	2.23872153742931	0.752	0.182	2.26035772400554e-112
HSH2D	2	4.61134631149502e-115	2.40612966610926	0.748	0.193	8.34469228528139e-111
KRTCAP2	2	1.17026686617972e-113	1.81656780370868	0.963	0.592	2.11771492103882e-109
SLAMF7	2	1.40310793587319e-113	2.56008591150916	0.649	0.132	2.53906412075612e-109
ZBP1	2	1.9368643290387e-113	2.32717529584645	0.727	0.174	3.50494968982843e-109
ITM2C	2	3.40175055689313e-111	2.10457910481657	0.851	0.276	6.15580780775381e-107
RP11-685N3.1	2	6.95579706392183e-111	3.16083602758056	0.438	0.052	1.25872103668729e-106
NUCB2	2	1.503872485104e-108	2.08877685673201	0.829	0.264	2.72140764904421e-104
IL16	2	4.08119934804665e-106	2.33398196435134	0.736	0.191	7.38533834022523e-102
GAS6	2	1.05876383772205e-105	1.78589736420468	0.941	0.421	1.91593904074182e-101
RPL36AL	2	1.07701420557896e-105	1.27391990506779	1	0.93	1.94896490641569e-101
MANEA	2	8.14410290387839e-105	2.3615012397252	0.658	0.148	1.47375686148583e-100
SDF2L1	2	1.55024941943082e-104	1.95403406071021	0.876	0.334	2.80533134940201e-100
ERN1	2	4.43226446725186e-104	2.33868410359487	0.823	0.281	8.02062577993896e-100
VIMP	2	9.30263628513843e-102	1.90982081129358	0.904	0.416	1.68340506215865e-97
PAIP2B	2	3.20725004411946e-101	2.49127190427202	0.525	0.087	5.80383967983857e-97
TRAM1	2	1.54084985080396e-99	1.76518031937658	0.935	0.501	2.78832189001484e-95
TMEM258	2	4.27633808441311e-99	1.46826200564398	0.969	0.748	7.73846139755396e-95
LMAN1	2	5.52090797837977e-99	2.04500042112862	0.845	0.325	9.99063507767603e-95
TPST2	2	2.08079575527253e-97	2.12652057184087	0.745	0.219	3.76540799874118e-93
SRPRB	2	1.38541241883313e-96	2.26978816817409	0.671	0.166	2.50704231312044e-92
CLPTM1L	2	1.09306743795592e-95	2.11457192086906	0.736	0.215	1.97801483572503e-91
SELM	2	4.24307621725336e-95	1.6381891139396	0.944	0.448	7.67827072274169e-91
ANKRD36	2	9.31391886860968e-95	2.0033542117057	0.711	0.192	1.68544675846361e-90
SERPINI1	2	9.98046334039331e-93	2.6128677343416	0.488	0.084	1.80606464607757e-88
FCRL2	2	1.01744472390273e-92	2.78148072299232	0.457	0.073	1.84116797237437e-88
B2M	2	5.45872638507713e-92	0.735342539468122	1	1	9.87811126643557e-88
TXNDC15	2	1.33416836854612e-91	2.06751195239917	0.761	0.253	2.41431107972107e-87
STARD5	2	3.97992370011674e-91	2.4366223408232	0.497	0.089	7.20206992773125e-87
KDELR2	2	2.97862478993349e-88	1.73172894580006	0.894	0.437	5.39011941986364e-84
COBLL1	2	5.07146540320735e-88	2.20348663758982	0.602	0.141	9.17732379364402e-84
RRBP1	2	1.01438541345846e-86	2.02031325953183	0.792	0.3	1.83563184419442e-82
AC074212.5	2	2.57621432856993e-85	2.77319509201127	0.41	0.062	4.66191744898014e-81
CRELD2	2	3.59448313108615e-85	2.11320780444867	0.696	0.214	6.5045766740135e-81
PNOC	2	4.14797754417004e-85	2.6409611934721	0.419	0.065	7.5061801639301e-81
RABAC1	2	5.70709284365121e-85	1.48132523509476	0.935	0.617	1.03275552098712e-80
CUTA	2	5.83624487513948e-85	1.56216861157209	0.929	0.571	1.05612687260524e-80
CD38	2	6.60102220538036e-85	2.03059318871222	0.72	0.22	1.19452097828563e-80
SUB1	2	8.20633165597154e-85	1.24746377876603	0.988	0.903	1.48501777646461e-80
HLA-B	2	1.72130410018807e-84	0.895403768675261	1	0.984	3.11487189970033e-80
NDUFB11	2	1.78899482551203e-82	1.37872051466331	0.944	0.686	3.23736503624657e-78
ERLEC1	2	3.63674484872924e-82	2.12707345995199	0.661	0.197	6.58105347826043e-78
RPLP1	2	2.80221104272151e-81	0.685268399615315	1	1	5.07088110290884e-77
SPATS2	2	3.32239098621578e-81	2.38832932060987	0.509	0.108	6.01219872865608e-77
ST6GAL1	2	5.06070637836653e-81	2.20712967985449	0.655	0.193	9.15785426229208e-77
H1FX	2	2.05470190932876e-80	2.00070619955441	0.904	0.571	3.71818857512133e-76
ICAM3	2	4.4360333021269e-80	1.74659718742025	0.786	0.275	8.02744586352883e-76
LMTK3	2	1.18040848885036e-79	3.01313673672474	0.335	0.042	2.13606720142361e-75
TMEM208	2	5.18257118480444e-79	1.79428444223858	0.798	0.322	9.37838081602211e-75
FAM92B	2	2.8965075511825e-78	2.46902021594965	0.382	0.057	5.24152006461985e-74
KLF13	2	9.26339694579611e-78	2.05802192467567	0.655	0.201	1.67630431131126e-73
MALAT1	2	9.94975261064933e-78	0.758205346093575	0.997	0.992	1.8005072324231e-73
CPNE5	2	1.38702813998663e-77	2.4312102115366	0.429	0.076	2.5099661221198e-73
SYVN1	2	2.53972118480121e-77	2.27761664756541	0.512	0.114	4.59587945601628e-73
ALG5	2	5.07084026068821e-75	1.91074935967987	0.72	0.255	9.17619253574138e-71
BTG2	2	9.12418493935489e-75	1.4098008509127	0.957	0.646	1.65111250662566e-70
KDELR1	2	9.85379333661196e-75	1.70704151647036	0.823	0.387	1.7831424421933e-70
MBTPS1	2	1.83216886576447e-74	1.91312444873576	0.655	0.202	3.31549277948739e-70
SEC61G	2	2.85995650999073e-74	1.21821824971653	0.969	0.818	5.17537730047922e-70
PDIA6	2	3.04022574889999e-74	1.48512696211818	0.904	0.548	5.50159251520942e-70
TMEM156	2	8.8133494175829e-74	2.17718996133675	0.531	0.127	1.5948637106058e-69
DERL1	2	1.11589937062151e-73	1.91860117979762	0.686	0.227	2.01933150107669e-69
GSTP1	2	1.25805390242693e-73	1.16465100126473	0.966	0.85	2.27657434183177e-69
TMBIM6	2	1.65820317315275e-72	1.12761565221044	0.978	0.87	3.00068446213721e-68
SYTL1	2	1.0348191015042e-71	1.84861608303601	0.612	0.167	1.87260864608201e-67
ELL2	2	2.29302662759372e-71	2.12236802308952	0.559	0.151	4.14946098529359e-67
EAF2	2	4.46876774295538e-71	2.13637244173129	0.562	0.151	8.08668210765205e-67
PKHD1L1	2	5.03073568548651e-71	2.58763553398569	0.36	0.058	9.10361929645638e-67
MEI1	2	9.67151116382577e-71	2.22707917236967	0.45	0.091	1.75015666020591e-66
LAX1	2	2.44853244444534e-70	2.39171990981065	0.413	0.078	4.43086431146829e-66
SIL1	2	5.08806445290581e-70	1.88049772565917	0.693	0.252	9.20736143397836e-66
COX5A	2	9.63294018246126e-70	1.67904227974376	0.835	0.42	1.74317685541819e-65
MRPS31	2	1.33226393306602e-68	2.12772771576862	0.547	0.147	2.41086481327626e-64
LINC00582	2	1.85590142033388e-68	2.87684641535314	0.314	0.044	3.35843921023619e-64
OST4	2	1.93987538871066e-68	0.95615667672527	0.988	0.909	3.51039850341081e-64
C12orf45	2	2.72735130386156e-68	2.37747522358316	0.509	0.131	4.93541491946787e-64
DPM3	2	1.92156632702181e-67	1.68793376914581	0.773	0.337	3.47726642537867e-63
C11orf24	2	2.1166583480593e-67	2.15988301970209	0.497	0.12	3.83030494664811e-63
PRDM1	2	2.2459414385845e-67	1.90009228414058	0.655	0.22	4.0642556272625e-63
RALGPS2	2	2.36696189065469e-67	2.39214698634882	0.429	0.089	4.28325423732872e-63
PYCR1	2	5.41639618093869e-67	2.2496083596543	0.425	0.087	9.80151052902665e-63
SERP1	2	7.11903146630357e-67	1.15301105060422	0.947	0.751	1.28825993414229e-62
SEC62	2	1.52297149507223e-66	1.50921827646072	0.854	0.462	2.75596921748271e-62
RP11-290F5.1	2	6.27905472257646e-66	2.42260268725115	0.36	0.061	1.13625774259744e-61
UBE2J1	2	8.33679052227336e-66	2.08068738939282	0.627	0.209	1.50862561291059e-61
C11orf80	2	1.22955937066528e-65	2.85340750238831	0.326	0.052	2.22501063715589e-61
RPL8	2	7.65184927071767e-65	0.695334339448852	1	0.999	1.38467864402907e-60
CH17-132F21.1	2	2.65011223920555e-64	3.32345622839964	0.289	0.04	4.79564310806636e-60
TOR3A	2	3.82630461708033e-64	1.68453059037887	0.63	0.199	6.92408083506856e-60
TMEM238	2	6.69584031759378e-64	1.93145881261181	0.584	0.173	1.21167926387177e-59
EEF1D	2	9.62804487663153e-64	0.891426979742623	0.984	0.956	1.74229100087524e-59
RPS4X	2	1.33242939994819e-63	0.755619904313223	1	0.99	2.41116424214624e-59
KRT10	2	2.01977489237011e-63	1.3727941898246	0.891	0.49	3.65498464523295e-59
CD79B	2	3.02354330181303e-63	2.08047641093423	0.469	0.113	5.47140395896086e-59
TMED10	2	6.47902091867468e-63	1.47169990369808	0.839	0.433	1.17244362544337e-58
AKR1A1	2	6.59399125743391e-63	1.54884653947104	0.826	0.442	1.19324865794524e-58
CREB3L2	2	7.97328797965428e-63	1.93838805494394	0.606	0.2	1.44284619279824e-58
CYTIP	2	1.3305135996297e-62	1.44168463992857	0.776	0.305	2.40769740988991e-58
DNAJB9	2	2.34031599981529e-62	1.49355291837878	0.736	0.279	4.23503583326575e-58
AC093818.1	2	4.28973108664598e-62	2.57082029913312	0.329	0.055	7.76269737439456e-58
SLC1A5	2	9.4571559482164e-62	1.85560505809256	0.612	0.204	1.71136694038924e-57
PPIB	2	1.26661616561181e-61	1.0113075114151	0.963	0.877	2.29206861329114e-57
LMAN2	2	2.94147014364871e-60	1.61590818866165	0.786	0.405	5.32288437194671e-56
ERGIC2	2	3.12306179627962e-60	1.64054155408018	0.724	0.305	5.65149262654761e-56
DNAJC3	2	9.59940046016525e-60	1.81232031034511	0.658	0.251	1.7371075072715e-55
COMMD3	2	1.17000647238997e-59	1.83231789700646	0.612	0.209	2.11724371243689e-55
FAM3C	2	1.44907846474319e-59	1.72242369870087	0.661	0.242	2.62225238979927e-55
PCMTD1	2	1.8115804558632e-59	1.53581834322529	0.78	0.36	3.27823599293005e-55
SEC61A1	2	2.16219141908945e-59	1.90871582627568	0.615	0.22	3.91270159198428e-55
REEP5	2	5.70689281572264e-59	1.39949948118327	0.86	0.545	1.03271932393317e-54
SELK	2	1.02758783257856e-58	1.08660463339477	0.935	0.649	1.85952294183416e-54
KCNN3	2	1.30580457638572e-58	2.87132941038557	0.28	0.041	2.3629839614276e-54
C19orf10	2	1.98207862880972e-58	1.33722873647964	0.866	0.566	3.58676948669407e-54
RPN2	2	2.86025783505789e-58	1.69512270798459	0.736	0.335	5.17592257832076e-54
EFCAB4A	2	4.02198741786615e-58	2.25779775746765	0.382	0.08	7.27818843137059e-54
BRSK1	2	1.22910231448609e-57	2.30640466290096	0.366	0.074	2.22418354829402e-53
MANF	2	2.70466131721026e-56	1.59932565928359	0.689	0.272	4.8943551196237e-52
SLC17A9	2	1.93315905912061e-55	2.53105200561932	0.323	0.06	3.49824463338466e-51
TMED9	2	5.44560165959151e-55	1.32603435784052	0.848	0.543	9.85436076319679e-51
TNFRSF18	2	1.02269621522644e-54	1.69368649578242	0.484	0.13	1.85067107107376e-50
A1BG	2	1.04985117875055e-54	1.65052323994108	0.63	0.234	1.89981069306699e-50
CEP128	2	1.13671104673688e-54	2.67842109094242	0.298	0.052	2.05699231017506e-50
UFM1	2	1.91357124108024e-54	1.49771365283344	0.758	0.372	3.4627985178588e-50
RPL7A	2	2.46746115220391e-54	0.66275573407852	1	0.995	4.4651177010282e-50
DPEP1	2	4.10430024089128e-54	2.53051984973968	0.286	0.047	7.42714171591686e-50
TECR	2	1.20545545036487e-53	1.43358811261657	0.758	0.352	2.18139218298027e-49
CNPY2	2	2.40437981381366e-53	1.57493640760535	0.705	0.32	4.3509657110772e-49
PRDX2	2	3.60967896792734e-53	1.38266615821697	0.792	0.41	6.53207506036131e-49
TXNDC5	2	7.13524362942057e-53	2.90099696090657	0.258	0.039	1.29119368717995e-48
C2orf88	2	1.03451637063774e-52	2.68299237182938	0.276	0.045	1.87206082430606e-48
CHST2	2	1.67895235010358e-52	2.35522876780922	0.391	0.097	3.03823217274744e-48
CLDN14	2	2.61837555695116e-52	2.72927120237621	0.276	0.046	4.73821240785882e-48
SEC14L1	2	8.4978514185408e-52	1.46407571730194	0.714	0.301	1.53777119269914e-47
FNDC3B	2	1.47256353108694e-51	1.73192083546633	0.581	0.211	2.66475096585492e-47
ZNF706	2	6.52062550393272e-51	1.23391204154788	0.851	0.574	1.17997239119166e-46
GLCCI1	2	1.10003827701171e-50	2.1384682145521	0.373	0.087	1.99062926608039e-46
ZNF215	2	4.76607732072615e-50	2.5550529832748	0.286	0.052	8.62469351958605e-46
HM13	2	4.78234626323081e-50	1.50744599905683	0.742	0.371	8.65413379794248e-46
AMPD1	2	7.39342392127611e-50	2.55540942429969	0.28	0.049	1.33791399279413e-45
CCPG1	2	7.76845306327337e-50	1.53493355360346	0.655	0.27	1.40577926632995e-45
EEF1B2	2	4.20125091235788e-49	0.784421754104121	0.981	0.942	7.60258365100282e-45
DENND5B	2	6.5539914017164e-49	2.92869562969255	0.258	0.043	1.1860102840546e-44
CHPF	2	7.5823709492874e-49	1.6702434774568	0.478	0.139	1.37210584698305e-44
B4GALT7	2	2.2392802255616e-48	1.78253224053563	0.525	0.176	4.05220149617627e-44
PRDX5	2	2.99003197380712e-48	1.08956620223071	0.882	0.605	5.41076185980137e-44
MAPKAPK2	2	9.01070826863675e-48	1.902081349124	0.568	0.22	1.63057776829251e-43
OSBPL3	2	2.04551377379932e-47	1.95452334591197	0.388	0.099	3.70156172506725e-43
FNDC3A	2	3.21764614963681e-47	1.75458444680244	0.537	0.19	5.82265247238276e-43
RPL18	2	1.15681525513146e-46	0.579312610826173	1	0.996	2.0933728856859e-42
DHRS9	2	2.69968183061609e-46	2.57153645454166	0.276	0.053	4.88534424068288e-42
ST6GALNAC4	2	3.21059149998605e-46	2.00904827782438	0.391	0.104	5.80988637837476e-42
IFNAR2	2	4.79881235093621e-46	1.61914453353021	0.578	0.223	8.68393083025416e-42
MSI2	2	5.60897056719133e-46	1.55649610397158	0.472	0.142	1.01499931383894e-41
RPL24	2	2.1473914901557e-45	0.589753277841026	1	0.991	3.88591964058575e-41
KIAA1524	2	3.46279034524464e-45	2.62740382749948	0.286	0.058	6.2662654087547e-41
VOPP1	2	4.7395601934307e-45	1.59602616721852	0.581	0.225	8.57670812603219e-41
TMEM214	2	5.64586976105698e-45	2.04917250876588	0.382	0.103	1.02167659196087e-40
XRN1	2	8.56008698369619e-45	1.52672587753031	0.68	0.317	1.54903334056966e-40
RPL6	2	1.16246110173753e-44	0.643492320013701	0.997	0.981	2.10358960970423e-40
HSPA13	2	1.43288014768446e-44	1.78258616519861	0.46	0.144	2.5929399152498e-40
MCEE	2	2.80017969795922e-44	2.11531082620346	0.366	0.096	5.06720518142701e-40
BHLHE41	2	1.04389734966424e-43	1.83350794495061	0.444	0.138	1.88903664395241e-39
CCDC14	2	1.59412946686187e-43	1.68948671348255	0.438	0.133	2.88473668323325e-39
AKAP9	2	1.62141999372185e-43	1.44310403538314	0.646	0.288	2.93412162063905e-39
PHPT1	2	3.04578129805799e-43	1.08386211877264	0.851	0.587	5.51164583696575e-39
QPRT	2	6.28001798606997e-43	1.9297917359912	0.41	0.121	1.13643205475922e-38
TMEM256	2	7.03142869112361e-43	1.4166282239554	0.705	0.346	1.27240733594573e-38
COPE	2	1.15170243453079e-42	0.992305608209999	0.898	0.689	2.08412072552691e-38
ACADVL	2	2.00781205196701e-42	1.32101305247131	0.727	0.365	3.63333668923951e-38
KNTC1	2	2.11656976192206e-42	2.22799454654824	0.307	0.07	3.83014464117416e-38
TMED2	2	1.20973748037683e-41	1.2812332389648	0.742	0.406	2.1891409444899e-37
ATP5D	2	3.60267408133642e-41	0.925168343873723	0.898	0.725	6.51939901758638e-37
AQP3	2	5.5470048436439e-41	1.59325560508764	0.382	0.104	1.0037859965058e-36
RPL3	2	1.27130582462387e-40	0.58260260475471	1	0.995	2.30055502023936e-36
SAR1B	2	6.31322207030664e-40	1.51545398357487	0.606	0.271	1.14244066584269e-35
ITGA6	2	7.79224010706804e-40	1.61025652088507	0.497	0.178	1.41008376977503e-35
TBCEL	2	8.9236741841805e-40	2.01094877937479	0.323	0.081	1.6148280803693e-35
B4GALT3	2	1.40274022406714e-39	1.9243660530296	0.379	0.11	2.5383987094719e-35
XIST	2	2.00377010734041e-39	0.829534742254502	0.935	0.727	3.6260223862432e-35
TAPBPL	2	2.25795196196162e-39	1.76859130479632	0.419	0.133	4.08598987036575e-35
OSTC	2	1.20332251977222e-38	1.06160747378405	0.842	0.598	2.17753243177982e-34
EIF1	2	1.23516324549178e-38	0.500163582668831	1	0.997	2.23515140904192e-34
EDF1	2	1.33222061042311e-38	0.712602615548125	0.925	0.866	2.41078641662166e-34
CYHR1	2	1.54730505938475e-38	1.54645078579339	0.519	0.199	2.80000323546264e-34
LY9	2	2.20895014394767e-38	1.89136716362212	0.32	0.082	3.9973161804877e-34
RPS28	2	5.55853023078975e-38	0.422644241811263	1	1	1.00587163056371e-33
RPN1	2	6.00253491919592e-38	1.50716900009477	0.54	0.218	1.08621871897769e-33
NDUFB10	2	1.56460624470367e-37	1.09709470208799	0.814	0.55	2.83131146041576e-33
DAD1	2	2.14312713669574e-37	0.939934958240209	0.866	0.67	3.87820286656461e-33
IRF4	2	2.29318312417671e-37	2.38738607439066	0.258	0.056	4.14974418151017e-33
C17orf62	2	3.41758057579553e-37	1.16510646495879	0.699	0.339	6.1844538099596e-33
PRDX1	2	4.92571576387688e-37	0.763077700567455	0.944	0.849	8.9135752463116e-33
ATP5L	2	5.66136044904875e-37	0.749714759139003	0.938	0.89	1.02447978685986e-32
EDEM1	2	7.7194045057067e-37	1.6848926974816	0.469	0.172	1.39690343935268e-32
SVIP	2	1.04053847445122e-36	1.53902216971821	0.503	0.194	1.88295842336693e-32
LRRK1	2	1.09512789798087e-36	2.53093612184554	0.252	0.055	1.98174344418619e-32
ARPC5L	2	1.14570754088206e-36	1.3447898220648	0.637	0.293	2.07327236598017e-32
ATP2A3	2	1.55963234079612e-36	1.5702463967026	0.348	0.096	2.82231068390466e-32
EIF2AK4	2	2.02623590819752e-36	1.51648669302548	0.475	0.175	3.66667649947424e-32
CTA-292E10.6	2	2.48782749628304e-36	2.08539347196288	0.351	0.105	4.50197263727379e-32
CHID1	2	3.9173082620712e-36	1.46621540388201	0.547	0.232	7.08876103104404e-32
RPL10	2	7.11934771282219e-36	0.503781576691419	1	1	1.2883171621123e-31
NDUFS8	2	8.19783352313784e-36	1.2707464909832	0.674	0.353	1.48347995434702e-31
TMED4	2	1.41411837561861e-35	1.35001412868862	0.571	0.244	2.55898861251943e-31
JTB	2	1.84872051249433e-35	1.14589181938319	0.745	0.412	3.34544463940974e-31
IRF3	2	2.84893436869321e-35	1.45679119993016	0.543	0.228	5.15543163358723e-31
RPS27L	2	3.80175299896388e-35	0.761534416281	0.932	0.715	6.87965222692505e-31
SMDT1	2	4.6463302414087e-35	1.16008351341542	0.761	0.471	8.40799920485318e-31
MIF	2	8.32235509633707e-35	0.783622375661244	0.91	0.785	1.50601337823316e-30
UQCRQ	2	1.99991033156139e-34	0.827732316096223	0.885	0.71	3.61903773599349e-30
DNAJC1	2	2.59240318664413e-34	1.51202704483478	0.46	0.173	4.69121280655123e-30
FAM214A	2	3.01281461323254e-34	1.48322423889373	0.425	0.148	5.4519893241056e-30
TSPAN13	2	3.30514271060038e-34	1.87678384047768	0.329	0.095	5.98098624910245e-30
SEMA4D	2	3.88690493569388e-34	1.56452260252287	0.438	0.157	7.03374317163164e-30
TSTD1	2	4.56843793116314e-34	1.14331668534549	0.63	0.278	8.26704528023281e-30
RPL41	2	8.79639516278717e-34	0.404180729797273	1	1	1.59179566865797e-29
SERF2	2	1.71356996443925e-33	0.399269478086384	1	0.999	3.10087620764926e-29
ICAM2	2	2.14416332447635e-33	1.30972785167036	0.422	0.144	3.88007795197241e-29
BLNK	2	3.57311630058199e-33	1.73233626849515	0.335	0.1	6.46591125753317e-29
UBE2G1	2	9.85723941503877e-33	1.71963998039233	0.407	0.144	1.78376604454542e-28
YPEL3	2	1.01161727262069e-32	1.13137014974949	0.736	0.418	1.8306226165344e-28
ATP5G1	2	1.07434587269986e-32	1.12192595788083	0.724	0.429	1.94413629123767e-28
COMTD1	2	1.35949682902684e-32	1.51732134450429	0.394	0.133	2.46014546180697e-28
FAM173A	2	1.88561692712357e-32	1.31656516571752	0.565	0.26	3.41221239132281e-28
ISOC1	2	4.2853301412176e-32	1.83068742588823	0.295	0.081	7.75473342354737e-28
DPP7	2	4.74113198306004e-32	0.994507056839943	0.814	0.523	8.57955243654544e-28
PLCG2	2	5.30726339680308e-32	1.77158616974691	0.326	0.098	9.60402384285486e-28
MBNL2	2	6.52185077170905e-32	1.36228761027864	0.519	0.217	1.18019411564847e-27
NXPE3	2	7.18430360484148e-32	1.89739551476565	0.314	0.092	1.30007158033211e-27
OGT	2	9.65482321338887e-32	1.36177954470129	0.488	0.199	1.74713680869485e-27
RPL5	2	2.62502079632778e-31	0.621254647395533	0.972	0.93	4.75023763303476e-27
IRF7	2	3.9554233259332e-31	1.10338575539666	0.798	0.52	7.15773405060872e-27
PDIA4	2	1.15161736788695e-30	1.36375694233538	0.556	0.262	2.08396678892822e-26
ERP29	2	1.4152391020682e-30	0.952943175939226	0.82	0.587	2.56101667910262e-26
CFLAR	2	1.54549922508094e-30	1.08201912799376	0.708	0.395	2.79673539770647e-26
C4orf3	2	1.66901404482134e-30	0.820167857772512	0.882	0.75	3.0202478155087e-26
RGS1	2	1.7626737253105e-30	0.661998445601313	0.839	0.509	3.18973437332189e-26
COX7A2	2	2.27597035995715e-30	0.744969428681523	0.91	0.809	4.11859596337845e-26
NUDT22	2	2.52300038527113e-30	1.26214776320595	0.534	0.237	4.56562149718663e-26
SRP54	2	3.31285689651102e-30	1.42215977592821	0.478	0.201	5.99494583992634e-26
NDUFA3	2	3.69559638701502e-30	0.808561178154949	0.866	0.735	6.68755122194238e-26
THEMIS2	2	1.48718788718898e-29	1.30989544516066	0.562	0.272	2.69121520065719e-25
AURKAIP1	2	1.79310297317067e-29	1.06469782503948	0.736	0.481	3.24479914024964e-25
SLC1A4	2	1.99454652387871e-29	1.90170305942909	0.264	0.071	3.60933138961092e-25
RPL35	2	2.17023491862131e-29	0.378056674890233	1	0.997	3.92725710873712e-25
ATRAID	2	2.62359896918715e-29	1.12045497072873	0.699	0.443	4.74766469464106e-25
RPLP0	2	4.3628324952899e-29	0.646248798943971	0.953	0.887	7.8949816834766e-25
CCS	2	5.01841239261299e-29	1.26346650755434	0.565	0.277	9.08131906567247e-25
SRRD	2	5.28105087062266e-29	1.79916445760432	0.286	0.083	9.55658965547877e-25
CSNK1E	2	5.49619269436826e-29	1.50634679692547	0.46	0.194	9.9459102997288e-25
ARSA	2	5.901402122177e-29	1.46298996988247	0.425	0.168	1.06791772802915e-24
RP6-109B7.3	2	7.31579794930484e-29	1.71299238321847	0.307	0.094	1.3238667969062e-24
ACSS1	2	7.84013888345877e-29	1.75529741693846	0.289	0.084	1.4187515323507e-24
ANKRD36C	2	9.88372229902149e-29	1.36157325385359	0.401	0.146	1.78855838723093e-24
EDEM2	2	1.26303310923597e-28	1.51575705712569	0.444	0.187	2.28558471447341e-24
HIST1H2AC	2	1.68722906952081e-28	1.54048422076216	0.354	0.124	3.05320972420485e-24
NDUFC2	2	3.59031002915845e-28	0.959436938024726	0.804	0.603	6.49702502876513e-24
SSR2	2	3.84194667113133e-28	0.964588712957967	0.795	0.628	6.95238669607926e-24
POMC	2	4.42914989077209e-28	1.42802805888801	0.354	0.121	8.01498964234118e-24
MZT2B	2	4.82201332510151e-28	0.78097166626158	0.86	0.678	8.7259153131037e-24
USP48	2	1.21964249738649e-27	1.3082716029925	0.46	0.19	2.2070650632706e-23
RPS8	2	1.56894690363835e-27	0.401893603071288	1	0.996	2.83916631682396e-23
TMEM184B	2	2.03170212561039e-27	1.7592250633316	0.283	0.085	3.67656816650456e-23
SEC24A	2	2.27130282155544e-27	1.69449603960108	0.304	0.096	4.11014958588672e-23
SLC44A1	2	2.45567722002622e-27	1.34883099661107	0.41	0.159	4.44379349735944e-23
ANKRD28	2	6.3153419103112e-27	1.0432626064562	0.525	0.235	1.14282427208991e-22
YIPF1	2	8.25021702084717e-27	1.75504237254533	0.314	0.105	1.4929592720925e-22
NME1	2	1.08132043459464e-26	1.17374934638372	0.553	0.269	1.95675745844247e-22
ATPIF1	2	1.98411802960904e-26	1.02061095040915	0.758	0.558	3.59045998638052e-22
ATM	2	2.03775711582299e-26	1.22836130622885	0.559	0.275	3.68752527679328e-22
FBXO18	2	2.17351959111138e-26	1.64158432276205	0.323	0.11	3.93320105207515e-22
GLRX	2	2.83534642771895e-26	1.13351542158105	0.599	0.308	5.13084289560022e-22
CIRBP	2	3.02452550384221e-26	0.782582340992767	0.857	0.672	5.47318135175287e-22
HMCES	2	3.61781384722328e-26	1.87008624353494	0.261	0.077	6.54679593793525e-22
EHMT1	2	4.36294624624936e-26	1.49356782356199	0.382	0.149	7.89518752721285e-22
GPR160	2	4.83592501051107e-26	1.88807267422015	0.273	0.084	8.75108989902082e-22
NUP210	2	7.33597666027345e-26	1.57469147432225	0.28	0.085	1.32751833644308e-21
TCEA1	2	1.62228724328602e-25	1.21597758177302	0.562	0.298	2.93569099545039e-21
SRPR	2	1.86026183715451e-25	1.35348110552295	0.416	0.171	3.36632982051481e-21
KLHL6	2	3.55808006600573e-25	1.60342924937996	0.323	0.114	6.43870168744397e-21
NANS	2	5.31272771560947e-25	1.21516318996992	0.506	0.242	9.6139120741669e-21
YIPF3	2	5.50185880166877e-25	1.35055212431805	0.469	0.22	9.95616368749981e-21
CCDC88C	2	8.63214301109159e-25	1.5821759435879	0.298	0.098	1.56207259928713e-20
FAM195A	2	9.05792015153254e-25	1.54806764769731	0.366	0.145	1.63912123062133e-20
ORMDL1	2	1.55845452116468e-24	0.974139679508001	0.655	0.369	2.82017930149961e-20
ERGIC3	2	1.88346206849494e-24	1.23239534120698	0.457	0.202	3.40831295914844e-20
ARFGAP3	2	2.05154371341625e-24	1.37199698119011	0.398	0.165	3.71247350379805e-20
HDLBP	2	2.05841418527271e-24	1.1509302846074	0.516	0.252	3.72490630966949e-20
LY96	2	2.09185296569187e-24	0.784998538625154	0.798	0.513	3.78541712671601e-20
MOGS	2	2.66040828905096e-24	1.34453361707454	0.335	0.12	4.81427483986662e-20
APOL6	2	2.73280472480303e-24	1.14886338591448	0.559	0.279	4.94528343000357e-20
SND1	2	3.49593893539786e-24	1.32711325200773	0.391	0.158	6.32625109749597e-20
AARS	2	3.86207914766237e-24	1.64000386427912	0.283	0.093	6.98881842560982e-20
TRAM2	2	4.09319581954579e-24	1.72702194312253	0.283	0.094	7.40704715505006e-20
DENND1B	2	4.77852354901112e-24	1.56528211559169	0.36	0.142	8.64721621429052e-20
PREB	2	4.78770403605005e-24	1.64965403431284	0.276	0.089	8.66382922363617e-20
SLC25A6	2	4.94757695689437e-24	0.975362105768964	0.717	0.494	8.95313526119606e-20
P4HB	2	8.79886085843588e-24	0.750539131534502	0.823	0.595	1.59224186094256e-19
IL10RA	2	9.42712267882299e-24	1.03081408520008	0.634	0.359	1.70593211995981e-19
PUS7L	2	1.2131919302433e-23	1.19456868871399	0.413	0.172	2.19539211696828e-19
DNASE2	2	1.50761955817137e-23	1.19030418788359	0.422	0.18	2.72818835246692e-19
TMEM205	2	1.68076444868466e-23	1.32436018202647	0.463	0.217	3.04151134633976e-19
ZNF593	2	2.30933335711453e-23	1.26898483143618	0.441	0.2	4.17896964303446e-19
DEF8	2	2.30972674413413e-23	1.35718824685411	0.394	0.165	4.17968151618513e-19
HINT2	2	2.50638238522096e-23	1.18947676565841	0.506	0.256	4.53554956429585e-19
SRM	2	2.62396295603935e-23	1.15024461631284	0.531	0.272	4.74832336524881e-19
RPS6KB2	2	3.26281852740338e-23	1.25556621016906	0.429	0.187	5.90439640718916e-19
STK4	2	3.84471123168728e-23	0.875374622443522	0.618	0.322	6.9573894448613e-19
C12orf23	2	5.23485493582732e-23	1.36318250671525	0.37	0.151	9.47299349187312e-19
PDXK	2	6.1597463542357e-23	1.15567226968445	0.503	0.248	1.11466770026249e-18
TMEM147	2	6.24006701682527e-23	1.06960010738983	0.575	0.316	1.1292025273647e-18
USO1	2	7.11994669496659e-23	1.35657591194582	0.373	0.152	1.28842555392115e-18
SEC63	2	8.930998437288e-23	1.2460348156292	0.432	0.196	1.61615347721164e-18
UBR2	2	9.21557296694859e-23	1.33883432955855	0.36	0.142	1.66765008409902e-18
DNAJC4	2	9.62211537364504e-23	1.26335234319241	0.441	0.203	1.74121799801481e-18
GOLGA3	2	1.01404124282896e-22	1.32636497759634	0.332	0.124	1.83500903302329e-18
CTA-384D8.34	2	1.16513635502201e-22	1.38549044350652	0.307	0.11	2.10843074804783e-18
FUT8	2	1.37541862665224e-22	1.49608550096575	0.264	0.085	2.4889575467899e-18
CCDC69	2	1.67168992908434e-22	1.45227560513469	0.32	0.119	3.02509009567103e-18
ZBTB8OS	2	1.93580083200472e-22	1.23234102798191	0.469	0.227	3.50302518559575e-18
BST2	2	2.03942471693717e-22	0.567886233144506	0.957	0.856	3.6905429677695e-18
MXD4	2	2.09935037612628e-22	1.03982062661919	0.581	0.314	3.79898444063812e-18
NHP2L1	2	2.66539393176043e-22	0.942412508447056	0.708	0.461	4.82329685891367e-18
FGFR1OP2	2	2.78055077458247e-22	1.03371164961062	0.547	0.28	5.03168468168444e-18
WIPI1	2	2.84040599684302e-22	1.59291977866486	0.273	0.092	5.13999869188714e-18
MRPL52	2	2.95578996961244e-22	0.973333117291899	0.652	0.395	5.34879752901068e-18
BET1L	2	3.56027533531527e-22	1.53504602252114	0.283	0.097	6.44267424678652e-18
ATF4	2	4.80069610226827e-22	0.923351622733856	0.668	0.405	8.68733966666466e-18
EMC7	2	4.99053403959258e-22	1.159461232054	0.503	0.257	9.03087039804674e-18
AGA	2	6.98584312775473e-22	1.5681378780798	0.255	0.082	1.2641581723985e-17
EMP3	2	8.55864904671452e-22	0.662535353840623	0.845	0.621	1.54877313149346e-17
CCDC117	2	8.60207614604231e-22	1.71547959415498	0.255	0.084	1.55663169938782e-17
TMEM19	2	8.7415815883098e-22	1.62315296327889	0.298	0.11	1.58187660422054e-17
HAX1	2	1.23388273991e-21	1.10594953440446	0.519	0.269	2.23283420614113e-17
NME4	2	1.32603375755822e-21	1.17378764107471	0.45	0.215	2.39959068767735e-17
INSIG2	2	1.53945889809317e-21	1.38206256220751	0.323	0.123	2.78580482198939e-17
PIGP	2	1.54385275752306e-21	1.09540391845132	0.5	0.254	2.79375595001372e-17
RPS19BP1	2	1.98034787528016e-21	1.0011441788536	0.615	0.368	3.58363751510699e-17
ECI1	2	1.99235072965282e-21	1.42178711891386	0.373	0.161	3.60535788037974e-17
SLC39A7	2	2.1434984140851e-21	1.3117636867299	0.354	0.144	3.8788747301284e-17
SNRNP70	2	2.6774326584425e-21	0.902993045271891	0.599	0.331	4.84508213871755e-17
FAM107B	2	3.08070138609684e-21	1.01438830257958	0.581	0.314	5.57483722828085e-17
FAM136A	2	3.42955797689637e-21	1.2841490844146	0.342	0.134	6.20612811499167e-17
RPS15	2	3.96678078040128e-21	0.326936030476311	1	0.999	7.17828650021415e-17
RSL24D1	2	4.44951151834322e-21	0.825393126218715	0.724	0.468	8.0518360435939e-17
MPZL1	2	5.19608985971981e-21	1.48276412246792	0.304	0.115	9.40284421014897e-17
NDUFB4	2	5.44790912841861e-21	0.814021972223957	0.752	0.552	9.85853635878632e-17
SAT2	2	5.62744182399332e-21	0.961210791922826	0.63	0.389	1.01834187246983e-16
RHOH	2	5.95130880441548e-21	1.23132554610646	0.283	0.098	1.07694884124702e-16
CALCOCO1	2	6.36209261895685e-21	1.52019422606315	0.298	0.111	1.15128428032643e-16
SLC38A10	2	6.40118192457218e-21	1.24768644150036	0.407	0.183	1.15835788107058e-16
AUP1	2	6.48533424006548e-21	1.13363166951962	0.447	0.212	1.17358608408225e-16
CCNC	2	8.36600999701855e-21	1.25733154481506	0.404	0.18	1.51391316906048e-16
IFI35	2	8.83332203538845e-21	1.10568387922386	0.578	0.343	1.59847795552389e-16
GYPC	2	9.24726025971636e-21	0.842423533939197	0.652	0.364	1.67338421659827e-16
HSD17B8	2	1.07070881273113e-20	1.4933364623274	0.267	0.092	1.93755466751825e-16
SH3GLB2	2	1.08786123552379e-20	1.23417069853899	0.391	0.172	1.96859369180385e-16
MSL3	2	1.81723885591224e-20	1.20934448944057	0.429	0.202	3.2884754336588e-16
PQBP1	2	2.07171375730561e-20	1.33621545911498	0.354	0.15	3.74897321522023e-16
UPF2	2	2.287710758696e-20	1.24818616268336	0.429	0.205	4.13984138893628e-16
PRR5	2	2.2961454225308e-20	1.15487149471596	0.407	0.18	4.15510475661173e-16
TMEM134	2	2.82416909652748e-20	1.12911110086499	0.491	0.249	5.11061639707613e-16
C10orf118	2	4.1908474668583e-20	1.1890697083095	0.329	0.129	7.58375757602678e-16
SNHG9	2	4.84802979171667e-20	0.839453736176823	0.637	0.377	8.77299471109049e-16
WDR45	2	4.88280535000077e-20	1.26968816851779	0.388	0.175	8.8359245613614e-16
NMRK1	2	6.24518961091435e-20	1.19539324961693	0.37	0.159	1.13012951199106e-15
TRABD	2	6.47943506842372e-20	0.95071570052308	0.602	0.337	1.17251856998196e-15
MEF2C	2	6.89987801855667e-20	0.7348938151237	0.776	0.522	1.24860192623802e-15
RPL18A	2	7.15012608667215e-20	0.324485105899249	1	0.995	1.29388681664419e-15
ARMCX3	2	7.42202434345441e-20	1.13340689523046	0.441	0.216	1.34308952519151e-15
METTL7A	2	8.65248038011884e-20	1.39942372286895	0.311	0.122	1.5657528495863e-15
MARS	2	9.77104071152688e-20	1.38801580322242	0.298	0.114	1.7681675271579e-15
EEF2	2	1.08448797636565e-19	0.705538208450275	0.82	0.666	1.96248944203129e-15
ZBTB38	2	1.19078453505524e-19	1.26274980480419	0.391	0.181	2.15484369463597e-15
U2AF1L4	2	1.51630866300095e-19	1.23214651866653	0.354	0.149	2.74391215656651e-15
APOA1BP	2	1.55192972368474e-19	1.26915761963219	0.36	0.157	2.80837202797991e-15
UFC1	2	1.63122558399212e-19	0.978586807757651	0.615	0.385	2.95186581679213e-15
PTPRCAP	2	1.95594589541493e-19	0.422516051908631	0.578	0.274	3.53947969234286e-15
DUS1L	2	1.9731970812656e-19	1.16260729243275	0.391	0.178	3.57069743825824e-15
NGLY1	2	2.14238171817802e-19	1.24146518634569	0.363	0.158	3.87685395721494e-15
C8orf59	2	2.19334610327492e-19	0.8254323965839	0.711	0.5	3.9690791084863e-15
DENND6B	2	2.45635585434406e-19	1.73605055175015	0.255	0.09	4.44502155402102e-15
NDUFV3	2	2.88184598394836e-19	1.11108561604017	0.481	0.252	5.21498849255294e-15
MRPL40	2	2.96164761132826e-19	1.08739337571161	0.484	0.257	5.35939751745961e-15
ACADM	2	3.25136299875712e-19	1.31459346247104	0.366	0.165	5.88366648255088e-15
ARF4	2	4.42533990961002e-19	0.749043631923892	0.742	0.53	8.0080951004303e-15
STARD7	2	6.14192948489486e-19	1.27886528772841	0.416	0.203	1.11144355958657e-14
LSM10	2	8.5647405058552e-19	1.15932772107528	0.469	0.249	1.54987544193956e-14
SYNGR1	2	9.68768269840019e-19	1.21824418874496	0.385	0.178	1.7530830611025e-14
UNC93B1	2	1.05056790409979e-18	0.841210412300235	0.556	0.298	1.90110767925899e-14
ARRDC3	2	1.0805933911332e-18	0.85442887945107	0.531	0.283	1.95544180059463e-14
RAB3GAP1	2	1.68327998010631e-18	1.11175782929929	0.385	0.175	3.04606345200039e-14
ARL1	2	1.81149161029244e-18	1.00673053649349	0.475	0.241	3.2780752179852e-14
PSME2	2	2.55422344347909e-18	0.694794110822435	0.835	0.722	4.62212274331975e-14
ALKBH7	2	3.16868200715479e-18	0.919662575156564	0.565	0.337	5.73404696014731e-14
EIF2S2	2	3.29128063013219e-18	0.982725186585647	0.543	0.316	5.95590142828721e-14
NENF	2	3.76986042837636e-18	0.885828980080689	0.624	0.383	6.82193943118985e-14
QTRT1	2	4.34204502400156e-18	1.13715240338779	0.351	0.155	7.85736467543322e-14
PPM1K	2	5.54467569436602e-18	1.08188468618574	0.435	0.215	1.00336451365247e-13
RPS19	2	5.74364841205742e-18	0.26676958553119	1	0.999	1.03937061664591e-13
TIMM17B	2	5.80985694142662e-18	1.09488576485566	0.388	0.182	1.05135171212056e-13
ISG15	2	6.19872579339155e-18	0.841733822677774	0.947	0.934	1.12172141957214e-13
MAN1A2	2	6.66993259851657e-18	1.33494041345406	0.323	0.139	1.20699100302756e-13
NPAT	2	7.56662537360553e-18	1.2704253657954	0.283	0.11	1.36925652760766e-13
C15orf57	2	8.2321080031264e-18	1.28072034652328	0.345	0.155	1.48968226424575e-13
RNASEH2C	2	8.37472530837509e-18	0.994491375944314	0.512	0.29	1.51549029180356e-13
SDHA	2	9.43949381781602e-18	1.13158539448265	0.385	0.181	1.70817080127199e-13
SURF1	2	1.43077494038861e-17	0.966748975464256	0.484	0.261	2.58913033212723e-13
NDUFA1	2	1.66465714917522e-17	0.603774807514398	0.842	0.743	3.01236357714748e-13
APOL2	2	1.76958766043577e-17	1.262047230469	0.273	0.105	3.20224583032456e-13
BCL2L1	2	1.83720851519678e-17	1.27421084735848	0.314	0.133	3.32461252910009e-13
SLC33A1	2	2.7312676603282e-17	1.34169398369779	0.258	0.097	4.94250195812991e-13
IFT20	2	3.60231113634022e-17	1.1648049297835	0.401	0.202	6.51874223232126e-13
BET1	2	3.67124672118122e-17	1.36356141546093	0.298	0.125	6.64348806664953e-13
RER1	2	3.74800990742264e-17	0.880964592080661	0.602	0.374	6.78239872847201e-13
CASP3	2	5.10052201694586e-17	1.28529067310508	0.301	0.126	9.22990464186523e-13
TUFM	2	5.85192758598523e-17	0.91386652444455	0.593	0.382	1.05896481595989e-12
U2SURP	2	6.04264943279913e-17	1.02677158779739	0.441	0.227	1.09347784135933e-12
DERL2	2	6.11532979781824e-17	1.11862946745987	0.394	0.192	1.10663008021319e-12
GNG7	2	6.36060277414077e-17	1.17533559727567	0.314	0.134	1.15101467800851e-12
RBM6	2	8.89802193702313e-17	0.967708997607287	0.385	0.18	1.61018604972371e-12
DCXR	2	9.35290376642652e-17	0.972490150865057	0.469	0.25	1.69250146557254e-12
HYOU1	2	1.02956673920317e-16	1.107724691121	0.301	0.125	1.86310397126206e-12
NDUFB7	2	1.12241320257914e-16	0.722543176001412	0.73	0.594	2.03111893138721e-12
DOK3	2	1.19014105374748e-16	1.37531783257417	0.255	0.098	2.15367925086144e-12
LRPAP1	2	1.26557700976234e-16	0.863756190680773	0.609	0.384	2.29018815686594e-12
C5orf56	2	1.6984143590755e-16	1.04433280244318	0.382	0.182	3.07345062418302e-12
CD40	2	2.08634790028686e-16	1.04351038576825	0.401	0.2	3.77545516035911e-12
SCAND1	2	2.08958201009375e-16	0.718836712416186	0.699	0.461	3.78130760546565e-12
SSSCA1	2	3.0439433320783e-16	1.05237217678198	0.36	0.169	5.50831985372889e-12
PGM3	2	3.51982359035255e-16	1.25939986206415	0.267	0.107	6.36947276910198e-12
PPP1CC	2	3.72875165056926e-16	1.01554115253978	0.497	0.289	6.74754898687013e-12
TARSL2	2	3.74089355476558e-16	1.21930559949077	0.289	0.119	6.76952097670379e-12
CDK5RAP3	2	3.76983461931288e-16	0.92748409315962	0.472	0.254	6.82189272710858e-12
TAPBP	2	4.08916029675904e-16	0.789057090978254	0.646	0.424	7.39974447301517e-12
PABPC4	2	5.24636230124243e-16	0.839951221908884	0.578	0.351	9.49381722032829e-12
UBXN4	2	6.2294480466929e-16	0.883474840247663	0.59	0.369	1.12728091852955e-11
C1GALT1C1	2	6.49678020878577e-16	1.1868312361135	0.342	0.159	1.17565734658187e-11
MRPL20	2	7.01440500783918e-16	0.941983963949359	0.55	0.345	1.26932673021858e-11
PSMB6	2	1.06480873505927e-15	0.763988946321285	0.686	0.49	1.92687788696325e-11
CHST12	2	1.22456283607472e-15	1.11927349900527	0.326	0.148	2.21596890816081e-11
MRP63	2	1.9245587831829e-15	0.872003724509039	0.584	0.376	3.48268157404778e-11
UBA5	2	1.9519831558644e-15	1.35315400087562	0.286	0.124	3.53230871885222e-11
GADD45GIP1	2	2.23012019768623e-15	0.766695869194981	0.606	0.39	4.035625509733e-11
TTC3	2	2.42146336152309e-15	0.911003803727747	0.491	0.276	4.38188009901219e-11
SSR1	2	2.67178206250408e-15	0.943425637028642	0.5	0.295	4.83485682030738e-11
NAGLU	2	2.74877278174321e-15	1.24468887841455	0.286	0.123	4.97417922584252e-11
SEC24D	2	2.75245089293046e-15	1.26407186997406	0.292	0.129	4.98083513584696e-11
MRPS34	2	2.79084302191476e-15	0.892720426413138	0.503	0.291	5.05030953245695e-11
ADAR	2	3.25590518445455e-15	0.898336845288755	0.559	0.344	5.89188602178895e-11
CCM2	2	3.70216779868515e-15	0.908512101828766	0.413	0.21	6.69944284850064e-11
IFNAR1	2	3.94938604501125e-15	0.991894039576083	0.491	0.296	7.14680898705235e-11
STAT2	2	4.33086075000686e-15	0.768395565695426	0.571	0.349	7.83712561321241e-11
ATP5I	2	4.33644356932256e-15	0.512093826223741	0.879	0.799	7.84722828304611e-11
PARK7	2	4.62583881548478e-15	0.748242659404513	0.683	0.486	8.37091792050126e-11
HMGN3	2	4.89799333529988e-15	0.737930284968376	0.693	0.489	8.86340873955866e-11
FDPS	2	5.45340448201425e-15	0.863932682251022	0.453	0.245	9.86848075065299e-11
DDOST	2	5.79119226151955e-15	1.00464590681487	0.543	0.349	1.04797415164458e-10
ZCCHC11	2	6.31219046919917e-15	1.06823572839368	0.357	0.172	1.14225398730628e-10
DNAJC15	2	6.34015221977566e-15	1.16351016187888	0.332	0.159	1.1473139456906e-10
STAT1	2	8.35295024668616e-15	0.980102451769055	0.624	0.432	1.51154987664033e-10
MAGED1	2	8.39332613534938e-15	1.23191912564204	0.258	0.106	1.51885629745282e-10
MRPL51	2	9.38307572624438e-15	0.782665911025284	0.587	0.384	1.69796138342118e-10
SLC35B1	2	1.02724657624966e-14	1.16876294335219	0.335	0.162	1.85890540438138e-10
MFSD11	2	1.18868851128784e-14	1.19131552753875	0.289	0.128	2.15105073002647e-10
FAM174A	2	1.19191519692233e-14	1.2675078824131	0.283	0.125	2.15688974035065e-10
MT-ND5	2	1.20089273960879e-14	0.406933344068431	0.941	0.917	2.17313550159607e-10
DPM2	2	1.5518541678676e-14	1.03802901503733	0.363	0.182	2.80823530217321e-10
PRKD3	2	1.81233569695313e-14	1.09974561934979	0.311	0.143	3.27960267720639e-10
LSM5	2	1.87727962736057e-14	0.797080887038541	0.522	0.311	3.39712521367169e-10
SELT	2	2.2464957505325e-14	0.609547887861862	0.717	0.528	4.06525871016362e-10
COPZ1	2	2.27063811372948e-14	1.00649806496736	0.447	0.255	4.10894673060487e-10
ADI1	2	2.27235308040628e-14	0.809109385414882	0.531	0.321	4.11205013430321e-10
NACA	2	2.28321765696807e-14	0.335745496604066	0.991	0.987	4.13171067204942e-10
TM9SF2	2	2.45817751018715e-14	0.982839319812074	0.438	0.242	4.44831802243467e-10
SMCHD1	2	3.11556593217828e-14	0.73934956205371	0.581	0.353	5.63792811086982e-10
GORASP2	2	3.1360233057122e-14	1.32854672515672	0.273	0.121	5.6749477740168e-10
METTL23	2	3.75368862195577e-14	0.910309893622788	0.419	0.224	6.79267493029116e-10
MESDC2	2	4.04070020996928e-14	0.914161533467408	0.429	0.234	7.3120510999604e-10
TMED5	2	4.58242794564331e-14	0.965736202491188	0.404	0.214	8.29236161043614e-10
DAP	2	4.64537934899134e-14	0.987708594099902	0.429	0.243	8.40627846993473e-10
RNF113A	2	5.60690516740335e-14	0.996998356017161	0.267	0.113	1.01462555909331e-09
ODF3B	2	6.43459343235448e-14	0.924315878690017	0.5	0.3	1.16440402751887e-09
RILP	2	9.0716759182447e-14	1.29232846790313	0.255	0.11	1.64161047416556e-09
CREBZF	2	1.17568690717232e-13	1.00868572786622	0.267	0.114	2.12752302721904e-09
UQCRH	2	1.1810674464792e-13	0.620377352965167	0.783	0.688	2.13725965114876e-09
ABHD14A	2	1.29857517657918e-13	1.05320303341276	0.307	0.143	2.34990163953768e-09
NT5C3A	2	1.45089901531087e-13	0.958481359480656	0.382	0.199	2.62554685810656e-09
PSENEN	2	1.68195901245307e-13	0.960935966692757	0.413	0.228	3.04367302893507e-09
MLEC	2	1.8198020954324e-13	0.919295438044769	0.453	0.266	3.29311387189447e-09
CD1D	2	1.88480446212657e-13	0.947229524744832	0.295	0.134	3.41074215466425e-09
METRN	2	1.95242709910553e-13	0.487838679373767	0.394	0.199	3.53311207854137e-09
TOP1	2	2.03432025507215e-13	1.061620988555	0.407	0.23	3.68130593357857e-09
CISD2	2	2.04185427438865e-13	0.888114567361086	0.441	0.252	3.6949394949337e-09
PGRMC2	2	3.33694773761487e-13	1.21597758177302	0.255	0.111	6.03854062598786e-09
NEDD9	2	3.71744915870439e-13	1.11644190822211	0.301	0.143	6.72709599759147e-09
UFL1	2	3.9328762305444e-13	1.13063578980486	0.323	0.162	7.11693282679315e-09
NCOA3	2	4.02143779978785e-13	1.00670867333697	0.342	0.173	7.27719384249610e-09
ANKRD12	2	4.8588938859358e-13	0.745013567268097	0.584	0.385	8.79265437598942e-09
NRD1	2	5.43074425904459e-13	1.07882761642233	0.345	0.179	9.8274748111671e-09
STUB1	2	5.51370485548974e-13	0.749963713188205	0.556	0.355	9.97760030649424e-09
BAG1	2	6.56597746782373e-13	0.839132494144485	0.494	0.305	1.18817928257738e-08
RPL15	2	7.18674892262616e-13	0.259900693931439	0.997	0.993	1.30051408503843e-08
RPS7	2	1.194598316914e-12	0.263093588903657	0.997	0.991	2.16174511428758e-08
NCOA7	2	1.20546299217641e-12	0.669303565776237	0.444	0.252	2.18140583064242e-08
OS9	2	1.2747155536091e-12	0.807881037072572	0.5	0.317	2.30672526581103e-08
CHD9	2	1.40209402411509e-12	0.731869689670313	0.528	0.332	2.53722934603866e-08
PET100	2	1.48541225172915e-12	0.716806993402622	0.593	0.412	2.68800201072907e-08
HERPUD2	2	1.59741862079956e-12	1.23988512125962	0.261	0.119	2.89068873619888e-08
HERC5	2	1.76743476278911e-12	0.988567085669947	0.413	0.238	3.19834994674317e-08
GARS	2	1.95561447458257e-12	1.07099893746094	0.27	0.124	3.53887995320462e-08
SCYL1	2	2.09705767338588e-12	1.04351038576825	0.283	0.133	3.79483556575908e-08
GRB2	2	2.09902661183478e-12	0.677420963995387	0.615	0.408	3.79839855677621e-08
SEC31A	2	2.10201418927608e-12	0.925801966170086	0.379	0.206	3.80380487691399e-08
LRRC59	2	2.90451614591113e-12	0.968688287778413	0.335	0.172	5.25601241764078e-08
RPL35A	2	3.15663677649098e-12	0.267697629566355	1	0.991	5.71224991073808e-08
AZIN1	2	3.27165833871015e-12	1.06397448832797	0.366	0.204	5.92039292972988e-08
GOLGB1	2	3.49511746666496e-12	0.909960642553587	0.41	0.235	6.32476456767692e-08
FAM101B	2	3.57021793367879e-12	0.923402705146569	0.292	0.138	6.46066637278514e-08
ATP5J	2	3.94356657401742e-12	0.60244356145072	0.77	0.63	7.13627807234193e-08
FAM89B	2	4.54544819710046e-12	0.854126513138748	0.447	0.262	8.22544305747299e-08
PRCP	2	4.62904938796953e-12	0.708290794528501	0.379	0.206	8.37672777246966e-08
NDUFB1	2	4.98097508030979e-12	0.513560706971665	0.798	0.693	9.01357250532859e-08
C19orf66	2	5.80445012571938e-12	0.83495059768075	0.457	0.276	1.05037329475018e-07
SLC38A1	2	6.5094470970735e-12	0.753527140019394	0.304	0.144	1.17794954668642e-07
LINC00493	2	7.10548988929323e-12	0.810830832015823	0.488	0.305	1.2858094503665e-07
GPAA1	2	8.1587442833241e-12	0.821698642660973	0.413	0.235	1.47640636551033e-07
PSMD8	2	8.83516515997406e-12	0.727955200605727	0.581	0.406	1.59881148734891e-07
SOS1	2	9.12083269245799e-12	0.927912938751942	0.298	0.146	1.6505058840272e-07
C10orf54	2	1.16498788546716e-11	0.608610313271402	0.55	0.338	2.10816207754138e-07
STT3B	2	1.22384679800669e-11	0.778572269465721	0.422	0.244	2.2146731656729e-07
EIF2AK2	2	1.3903619578913e-11	0.764089677159204	0.59	0.414	2.5159989990001e-07
RAB30-AS1	2	1.40506070558553e-11	1.05029955143089	0.28	0.135	2.54259785282757e-07
ANKRD49	2	1.41844468050484e-11	0.923796830279709	0.276	0.131	2.56681749384156e-07
ACP1	2	1.66435259304112e-11	0.785211582672477	0.45	0.268	3.01181245236721e-07
PTOV1	2	1.72259431123533e-11	0.98680662780551	0.298	0.149	3.11720666561145e-07
NSUN5	2	2.05474959474548e-11	0.963461047853225	0.295	0.146	3.71827486665141e-07
EIF4B	2	2.35813554443312e-11	0.718537558746454	0.54	0.355	4.26728208120618e-07
UFSP2	2	2.36368577371747e-11	1.119651464698	0.28	0.139	4.27732577611914e-07
FCHSD2	2	2.37477355438773e-11	1.07954851339717	0.326	0.173	4.29739022402003e-07
MDM2	2	2.55273710688381e-11	0.982648067773273	0.357	0.199	4.61943306861695e-07
GLTSCR2	2	2.60665557951453e-11	0.586669127791099	0.643	0.446	4.71700393668949e-07
GNB2L1	2	2.62753225470269e-11	0.379476314055899	0.904	0.905	4.75478236810998e-07
MBD2	2	3.09045246394929e-11	0.939995187384402	0.413	0.244	5.59248277876263e-07
CCDC53	2	3.097732068261e-11	1.06711419585854	0.366	0.208	5.6056559507251e-07
RPL29	2	3.13169406318916e-11	0.250603924882652	1	0.994	5.6671135767471e-07
KMT2E-AS1	2	3.17402131604536e-11	0.960574375741291	0.478	0.289	5.74370897351569e-07
YIF1A	2	3.5230237173994e-11	0.825035758111639	0.438	0.267	6.37526371900596e-07
THAP7	2	3.59654111246496e-11	1.09797130472338	0.28	0.139	6.50830079711659e-07
RBBP4	2	3.72035251437277e-11	0.844117740471053	0.401	0.231	6.73234991000896e-07
SLC2A5	2	3.75941022777611e-11	0.977038851556689	0.283	0.139	6.80302874818364e-07
ANAPC5	2	4.18139642140229e-11	0.966600618732069	0.382	0.218	7.56665496416958e-07
BCL2L11	2	4.40833479537276e-11	1.47849031157839	0.252	0.121	7.97732264570655e-07
IER3IP1.1	2	4.86421062816631e-11	0.909590337781435	0.416	0.25	8.80227555272975e-07
NCF1	2	5.63941695831956e-11	0.470670495012777	0.543	0.335	1.02050889277751e-06
GHITM	2	5.72444339844338e-11	0.791528054801633	0.491	0.326	1.03589527738231e-06
MBD4	2	6.70196137935548e-11	0.949823834095047	0.276	0.135	1.21278693120817e-06
GALNT2	2	7.38451886404679e-11	1.20900802695818	0.264	0.13	1.33630253363791e-06
ISCU	2	8.56853474609481e-11	0.679832387444502	0.624	0.445	1.55056204765332e-06
NDUFAB1	2	1.02188540834392e-10	0.659246191998536	0.584	0.411	1.84920383493916e-06
SRA1	2	1.12799000060042e-10	0.747122709249096	0.463	0.291	2.04121070508652e-06
SEPT1	2	1.1395752200296e-10	0.602720134083854	0.298	0.145	2.06217531816556e-06
CANX	2	1.24869766375318e-10	0.681153093263119	0.609	0.445	2.25964329232776e-06
ITFG1	2	1.41220975875054e-10	0.923796830279709	0.366	0.214	2.55553477943498e-06
PSMB1	2	1.82233580091759e-10	0.49361986367493	0.758	0.624	3.29769886534048e-06
FIS1	2	1.91147383419542e-10	0.494833810713899	0.748	0.58	3.45900305036003e-06
TCF25	2	1.96625911827652e-10	0.659766431972192	0.599	0.425	3.55814250043318e-06
ERGIC1	2	2.23942049421426e-10	0.914210781450511	0.283	0.143	4.05245532633013e-06
NDUFA11	2	2.56834801525044e-10	0.561462870179853	0.696	0.559	4.6476825683972e-06
PSMB9	2	2.69451061046493e-10	0.504188558969932	0.745	0.608	4.87598640069734e-06
TYMP	2	2.73665427038914e-10	0.311680278054826	0.919	0.796	4.95224956769618e-06
ATP6V1G1	2	3.00476008428574e-10	0.514380749349528	0.792	0.713	5.43741384852348e-06
EBAG9	2	3.26041461012882e-10	0.992453190946652	0.264	0.132	5.90004627848911e-06
LAMP2	2	3.42262290429328e-10	0.61248748219349	0.543	0.363	6.19357840760912e-06
POLR1D	2	3.53945224539615e-10	0.657996269324627	0.531	0.359	6.40499278326886e-06
C14orf2	2	3.67835410640777e-10	0.467701535219516	0.773	0.644	6.6563495909555e-06
TRAPPC3	2	3.97037833538092e-10	0.872390605755885	0.332	0.185	7.18479663570532e-06
CHCHD10	2	4.02239564060138e-10	0.573176489499872	0.612	0.441	7.27892715123226e-06
PNISR	2	4.061688803815e-10	0.573588856960083	0.593	0.405	7.35003205938363e-06
IDH2	2	4.68700918176617e-10	0.857523610860543	0.354	0.203	8.48161181532407e-06
WDR33	2	4.987486151908e-10	0.872702191741953	0.391	0.23	9.02535494049272e-06
GUK1	2	6.33760441160899e-10	0.373274974887583	0.87	0.816	1.14685289432476e-05
RSBN1L	2	6.6016708099779e-10	0.86980194063898	0.292	0.152	1.1946383497736e-05
TRMT112	2	6.67392571242871e-10	0.50241191679981	0.773	0.709	1.2077135969211e-05
CLIC4	2	8.12877515004857e-10	0.496011895953576	0.429	0.251	1.47098315115279e-05
NDUFAF3	2	9.22196989041379e-10	0.622127277731349	0.528	0.358	1.66880767136928e-05
HYI	2	1.05972660988376e-09	0.969100192146918	0.289	0.154	1.91768127324566e-05
POU2F2	2	1.1884450098568e-09	0.911439623759726	0.295	0.157	2.15061008983687e-05
STX5	2	1.28864497340771e-09	0.839369668988029	0.317	0.174	2.3319319438786e-05
PDXDC1	2	1.3563428997634e-09	0.807697448669485	0.286	0.15	2.45443811141185e-05
CTBS	2	1.79529319350437e-09	0.831801046198936	0.373	0.223	3.24876256296551e-05
NOL7	2	1.80902946931263e-09	0.758832688992331	0.391	0.236	3.27361972766813e-05
TXNL4A	2	1.82301850342898e-09	0.721355565838791	0.475	0.309	3.29893428380508e-05
KMT2A	2	1.82355055507666e-09	0.74461647576456	0.307	0.164	3.29989708446673e-05
SETDB2	2	1.96211596979407e-09	0.805809122015912	0.28	0.146	3.55064505893935e-05
NDUFC1	2	2.21818522370662e-09	0.629511490461476	0.54	0.367	4.01402798081951e-05
MPST	2	2.29629491481179e-09	1.06597684123912	0.252	0.13	4.15537527784342e-05
CEP350	2	2.99140515155744e-09	0.847890497420746	0.289	0.155	5.41324676225834e-05
NDUFB3	2	3.05456649009107e-09	0.632105965822849	0.519	0.356	5.52754352046879e-05
SURF4	2	3.16834811037847e-09	0.813670641194174	0.388	0.238	5.73344274054089e-05
TAPSAR1	2	3.25843651898283e-09	0.871329410385574	0.273	0.143	5.89646672475134e-05
SCFD1	2	3.33041241003311e-09	0.783978976711815	0.351	0.204	6.02671429719592e-05
FDX1	2	4.58243400225137e-09	0.777258163462515	0.37	0.223	8.29237257047408e-05
BSG	2	4.92301352318063e-09	0.430482093679155	0.699	0.544	8.90868527154768e-05
GTF2A1	2	5.15614536196841e-09	1.06556073921992	0.28	0.155	9.33056064701803e-05
UQCC2	2	5.44177150642574e-09	0.729470690887059	0.453	0.299	9.84742971802801e-05
COX17	2	5.68908436637991e-09	0.550262883180365	0.609	0.442	0.000102949670694011
CECR1	2	5.95308311474443e-09	0.693977391043192	0.36	0.21	0.000107726992044415
MRPS16	2	5.99024866024478e-09	0.889991270311304	0.339	0.202	0.000108399539755789
MRPS33	2	6.29078629757128e-09	0.847371112657643	0.283	0.154	0.00011383806884085
ROMO1	2	6.45054160959644e-09	0.542539177092207	0.59	0.421	0.000116729000967257
COPB2	2	7.81338859827893e-09	0.956661464185336	0.267	0.145	0.000141391080074455
RAC2	2	7.93634860253163e-09	0.351715620855285	0.497	0.306	0.000143616164311412
MIS18BP1	2	8.36552227747999e-09	0.860482028148581	0.345	0.207	0.000151382491133278
EVI2B	2	8.57523643591152e-09	0.877254244342679	0.292	0.162	0.000155177478544255
PRELID1	2	9.21575299879011e-09	0.45978330962532	0.748	0.633	0.000166768266266106
DNAJB11	2	9.95430878273811e-09	0.748198620422202	0.401	0.255	0.000180133171732429
FUCA2	2	1.03533402942284e-08	0.772370930297405	0.354	0.212	0.000187354045964357
CLPTM1	2	1.0369174714358e-08	0.963461047853225	0.28	0.155	0.000187640585631022
PSME1	2	1.05903991388658e-08	0.499299001751799	0.708	0.605	0.000191643862816915
GFER	2	1.11059841565904e-08	0.88911156406999	0.264	0.141	0.00020097388929766
NDUFV2	2	1.11972541334656e-08	0.555633269209726	0.621	0.471	0.000202625510799193
EIF2A	2	1.21569137380379e-08	0.641903397194599	0.398	0.244	0.000219991511003534
ATP5G2	2	1.24888378155533e-08	0.317008762774564	0.885	0.868	0.000225998009110252
CYC1	2	1.26730642699315e-08	0.819676645075762	0.357	0.219	0.000229331771028681
LINC-PINT	2	1.36274759036268e-08	0.818817573224432	0.345	0.206	0.000246602803952031
SRRM2	2	1.56798258053513e-08	0.490360092392589	0.689	0.558	0.000283742127773636
DDX17	2	1.63837263250105e-08	0.423217777876921	0.683	0.511	0.000296479911577391
UQCRB	2	1.67972010420744e-08	0.339629720790096	0.888	0.874	0.000303962150057379
CCT8	2	1.68771277261228e-08	0.668157084617038	0.391	0.241	0.000305408503331918
GBP5	2	1.82285821301958e-08	0.499284382633074	0.304	0.164	0.000329864422228023
PAPSS1	2	2.37011010662982e-08	0.884568433874772	0.27	0.149	0.000428895124895731
LUC7L3	2	2.54498817871701e-08	0.555100103839485	0.438	0.28	0.00046054106082063
MRPL41	2	2.65409450083915e-08	0.512454119774651	0.584	0.418	0.000480284940871853
GS1-251I9.4	2	2.66666754534358e-08	0.757808545971132	0.404	0.258	0.000482560159005373
PPP2R5C	2	2.81435584885082e-08	0.368542745953099	0.528	0.349	0.000509285834408044
PSMB8	2	3.00062966822879e-08	0.573080311967722	0.615	0.479	0.000542993944762682
C7orf50	2	3.00659971463325e-08	0.549401315498212	0.497	0.333	0.000544074284360033
UNC50	2	3.16753122985494e-08	0.798701610298176	0.339	0.206	0.000573196451354549
RPL22L1	2	3.17816421282444e-08	0.458182111234166	0.733	0.618	0.00057512059595271
ATP5A1	2	3.32054964219696e-08	0.792006957724168	0.388	0.249	0.000600886663251962
MRPL54	2	3.42435629280881e-08	0.570667306498864	0.553	0.389	0.000619671514746682
ADAM28	2	3.4540163942063e-08	0.889627690301065	0.273	0.151	0.000625038806695572
REXO2	2	3.9221420716064e-08	0.612613866247612	0.444	0.286	0.000709750829277893
MTERFD2	2	3.93153545151981e-08	0.822966388824175	0.252	0.134	0.000711450655307024
LMO4	2	3.94136710761406e-08	0.563273490079769	0.441	0.284	0.000713229791793841
MPC2	2	4.12730277252751e-08	0.58074187457064	0.441	0.283	0.000746876709716577
LSM3	2	4.1678730495686e-08	0.604928153453381	0.475	0.319	0.000754218307049934
CD320	2	4.30410686530394e-08	0.670265897134357	0.295	0.164	0.000778871178345401
ZC3H11A	2	5.07685794445199e-08	0.695683204984611	0.348	0.207	0.000918708213628033
RAB8A	2	5.47414182699416e-08	0.688792133021135	0.429	0.287	0.000990600705012864
GALK1	2	5.75530993342324e-08	0.921930471622411	0.258	0.142	0.00104148088555227
TCIRG1	2	5.92878762503332e-08	0.72357006474573	0.429	0.287	0.00107287340862603
LARP1	2	6.14954923545112e-08	0.834298679440607	0.295	0.172	0.00111282242964724
RNF115	2	6.91076920857997e-08	0.885828980080689	0.27	0.153	0.00125057279598463
PLP2	2	7.26524217695305e-08	0.656550173159001	0.339	0.203	0.00131471822434142
HAGH	2	7.34662113825137e-08	0.714887638306883	0.326	0.195	0.00132944456117797
CCDC50	2	8.4184207091723e-08	0.581822793190589	0.382	0.235	0.00152339741153182
C21orf33	2	9.50420379817434e-08	0.673022607573439	0.363	0.228	0.00171988071931763
TMEM230	2	9.78220708040622e-08	0.45738722927984	0.581	0.404	0.00177018819327031
NDUFA13	2	1.06472534129894e-07	0.488574210125066	0.634	0.49	0.00192672697761456
EMC3	2	1.0687685086449e-07	0.734625828458678	0.317	0.189	0.00193404349324382
CALU	2	1.08050723927523e-07	0.563086493390222	0.351	0.211	0.00195528590019245
ANAPC16	2	1.14863916846138e-07	0.510395555153066	0.63	0.486	0.00207857743924771
SP100	2	1.17738896983887e-07	0.530445588007847	0.556	0.411	0.00213060307982043
NAP1L4	2	1.2292506432655e-07	0.769434892568953	0.342	0.209	0.00222445196405325
GLG1	2	1.24159907357825e-07	0.888172920548988	0.264	0.149	0.00224679768354719
HSPB11	2	1.27431936074629e-07	0.617030851616162	0.401	0.258	0.00230600831520649
RAB2A	2	1.2914659518315e-07	0.633891320418635	0.497	0.354	0.00233703678643429
AKAP17A	2	1.37226211803029e-07	0.895227678082938	0.255	0.142	0.00248324552878761
CCDC88A	2	1.44404188524507e-07	0.804019475426148	0.304	0.182	0.00261313819553949
TMF1	2	1.51953987344523e-07	0.727477920553155	0.326	0.194	0.0027497593549865
PHF1	2	1.64829956391333e-07	0.644820880576894	0.286	0.161	0.00298276289085756
EMC6	2	1.65246360297603e-07	0.709915908798779	0.342	0.211	0.00299029813594542
WBSCR22	2	1.8880645324773e-07	0.710864738192328	0.357	0.227	0.00341664157797093
ATRX	2	2.01052506246657e-07	0.511945261719713	0.494	0.338	0.0036382461530395
XAF1	2	2.0653558827568e-07	0.56873403892927	0.516	0.367	0.0037374680054367
RPL17	2	2.09035424229706e-07	0.578968333282268	0.45	0.304	0.00378270503686077
C17orf89	2	2.27131083143462e-07	0.399031855158967	0.457	0.295	0.00411016408056408
PTPN2	2	2.27446190527304e-07	0.599880182298893	0.419	0.28	0.0041158662637821
CSDE1	2	2.37410639928491e-07	0.441919070190538	0.649	0.534	0.00429618294014598
SLC50A1	2	2.41501162180957e-07	0.810603179844896	0.27	0.156	0.00437020503082661
ARF1	2	2.6483880632922e-07	0.455532376992652	0.696	0.587	0.00479252303933356
CRIPT	2	2.7416593025015e-07	0.747698061217197	0.289	0.169	0.00496130667380672
NDUFA2	2	2.96693069667741e-07	0.594219819340057	0.556	0.43	0.00536895778870744
MGAT1	2	3.09121283222724e-07	0.582637447774912	0.528	0.379	0.00559385874119842
DUSP22	2	3.14944372005222e-07	0.823562991454846	0.261	0.149	0.0056992333558065
COPA	2	3.57223034661415e-07	0.730977524326608	0.326	0.202	0.00646430803523297
KIAA0930	2	3.65915127426339e-07	0.804019475426148	0.301	0.182	0.00662160014590703
SIK1	2	3.74526415766978e-07	0.453476895499676	0.441	0.289	0.00677743001971923
TRIB1	2	3.77223619719305e-07	0.579817303975647	0.286	0.166	0.00682623862244054
PPA1	2	3.87251451972081e-07	0.388381867277791	0.522	0.356	0.00700770227488677
LRP10	2	3.90764323771525e-07	0.77650586418398	0.32	0.197	0.00707127120296951
UBL5	2	3.96521664217572e-07	0.266686957226131	0.913	0.911	0.00717545603568118
ECH1	2	3.99257730907941e-07	0.72577241567854	0.413	0.289	0.0072249678985101
LSMD1	2	4.02750127576016e-07	0.444694849017364	0.652	0.515	0.00728816630861559
MYCBP2	2	4.22639966277714e-07	0.592282686563149	0.376	0.238	0.00764809282976152
GTF3A	2	4.949285801033e-07	0.480036447114366	0.553	0.408	0.00895622758554931
TMEM243	2	5.13931726702049e-07	0.59792828899352	0.36	0.229	0.00930010852640028
CDKN1A	2	5.34394046771609e-07	1.36512102107883	0.519	0.408	0.00967039467037903
LMF2	2	5.4642030565899e-07	0.622297863950755	0.289	0.17	0.00988802185120508
TSC22D3	2	6.08943781079029e-07	0.344503079645245	0.674	0.536	0.0110194466624061
MRPL43	2	6.32029013375544e-07	0.688757032660059	0.373	0.246	0.0114371970260438
VAMP2	2	6.4143873569321e-07	0.468435702020353	0.547	0.391	0.0116074753611043
ASH1L	2	6.6950126071875e-07	0.712064765631724	0.342	0.22	0.0121152948139665
HPCAL1	2	7.38249907717344e-07	0.632105965822849	0.32	0.196	0.0133593703300531
EIF1AX	2	8.12477474109984e-07	0.58811712261415	0.516	0.382	0.0147025923714943
C1orf122	2	8.43217602812447e-07	0.518576894683836	0.438	0.294	0.015258865740494
CLPP	2	8.70333325180596e-07	0.706520354165582	0.292	0.176	0.0157495518524681
COX6A1	2	8.77928646581339e-07	0.431972231911317	0.64	0.524	0.0158869967885359
MX1	2	9.17467238914344e-07	0.522165728370256	0.649	0.528	0.016602487155394
PTPMT1	2	9.61220509013101e-07	0.766377266329042	0.283	0.17	0.0173942463311011
RBM39	2	1.03739141688288e-06	0.349854637524935	0.671	0.531	0.0187726350799127
DUSP5	2	1.23883855189364e-06	0.896299596581533	0.32	0.208	0.0224180224350673
RAPGEF1	2	1.28363143007522e-06	0.774304955990709	0.292	0.18	0.0232285943586413
ZNF280D	2	1.47262028922902e-06	0.757052438493176	0.276	0.167	0.0266485367538884
FASTK	2	1.49783859820149e-06	0.692508008454865	0.255	0.147	0.0271048872730541
UBE2E3	2	1.78762845604488e-06	0.751799792295889	0.311	0.198	0.0323489245405882
DHRS7	2	2.03421510459424e-06	0.616218079123783	0.407	0.28	0.0368111565327373
UBALD2	2	2.07249773369956e-06	0.411346829342921	0.463	0.319	0.0375039189890272
ATXN1	2	2.09031874233534e-06	0.724991229260877	0.264	0.157	0.0378264079613003
MTIF3	2	2.17728058386886e-06	0.541902567631327	0.351	0.226	0.0394000694456908
NSD1	2	2.20111854177525e-06	0.575186692739841	0.286	0.171	0.039831441131965
TRADD	2	2.4237349664004e-06	0.554218331795987	0.357	0.235	0.0438599079519817
SF3B1	2	2.51598973442363e-06	0.400294785563453	0.606	0.464	0.0455293502341301
RP11-731F5.2	3	4.0798264860302e-180	2.5696121292547	0.996	0.211	7.38285400912025e-176
SPAG4	3	4.14784235837132e-177	2.4640005454215	0.93	0.161	7.50593553170874e-173
DERL3	3	1.28995778517627e-162	2.17744223757228	0.93	0.167	2.33430760805498e-158
CD79A	3	2.05431699181062e-156	2.59513227806094	0.801	0.13	3.71749202838049e-152
MZB1	3	6.03420963194465e-153	2.40241962113042	1	0.28	1.0919505749967e-148
TPD52	3	6.99287767102786e-152	2.52133576772149	0.841	0.156	1.2654311433492e-147
JSRP1	3	1.62551318614965e-148	2.37210374295388	0.856	0.16	2.9415286616564e-144
SDC1	3	1.62467256501821e-147	2.29993454878809	0.863	0.157	2.94000747365696e-143
IGJ	3	2.15221687029914e-143	2.42107416495599	0.996	0.318	3.89465164849333e-139
SEC11C	3	1.79329034137586e-140	2.34088715768989	0.985	0.345	3.24513820175375e-136
FKBP11	3	3.2827829559062e-140	2.15807010143047	1	0.308	5.94052403700786e-136
ANKRD37	3	3.11099206987554e-137	4.0075419633555	0.804	0.199	5.62965124964677e-133
PRDX4	3	1.19975708709249e-129	2.24480991978925	0.985	0.377	2.17108042480257e-125
PPAPDC1B	3	1.50281688242426e-129	2.22518991180518	0.893	0.226	2.71949743043495e-125
JUN	3	2.21732212985576e-128	2.58183715481326	0.993	0.828	4.01246612618699e-124
PIM2	3	4.90304732928352e-127	1.92423519745975	0.897	0.195	8.87255444707145e-123
HERPUD1	3	7.1271040152413e-127	2.43215551343194	1	0.718	1.28972074259807e-122
FCRL5	3	1.93753792108401e-126	2.14811980902709	0.753	0.133	3.50616862199362e-122
CHAC1	3	3.30695946145036e-125	4.84837117348414	0.292	0.01	5.98427384144057e-121
HSPA1B	3	7.46319868016076e-125	2.44365826263931	0.996	0.688	1.35054043316189e-120
DNAJB9	3	8.54653611507557e-124	2.43163384531141	0.904	0.271	1.54658117538408e-119
ZNF296	3	2.81358908095399e-121	4.42684666127031	0.384	0.028	5.09147080089434e-117
CDK14	3	3.32820975197939e-121	2.47859539729479	0.727	0.136	6.02272836718191e-117
DUSP1	3	2.51216682279179e-118	2.52587563251264	0.993	0.856	4.54601708252402e-114
PAIP2B	3	3.05665192020713e-116	2.84405199723187	0.587	0.09	5.53131731480682e-112
XBP1	3	1.58363917888403e-114	2.2820959384963	1	0.676	2.86575345810853e-110
SPCS2	3	4.73582818466e-114	1.8719970506178	1	0.656	8.56995468296073e-110
HIST1H2BJ	3	1.54106606064762e-113	4.75310717695371	0.358	0.027	2.78871314334794e-109
UBC	3	2.0486341058657e-113	1.91741159565115	1	0.989	3.70720827797457e-109
FOS	3	4.96253349518899e-113	2.06790352263351	1	0.933	8.98020061289399e-109
BTG2	3	1.09403218314997e-112	2.16767560533386	0.985	0.649	1.97976063862819e-108
TNFRSF17	3	1.43785629181711e-108	2.56387092091628	0.568	0.087	2.60194474567225e-104
ANKRD28	3	1.81451754913125e-108	2.49712025159752	0.793	0.213	3.28355095690791e-104
ITM2C	3	3.40889741457605e-107	2.0280594505154	0.897	0.283	6.16874076141681e-103
SSR4	3	1.10198923463446e-106	2.15572775532471	1	0.874	1.99415971899451e-102
RAB30	3	2.62199104466631e-106	2.094651372753	0.69	0.136	4.74475499442815e-102
UBB	3	8.5481612556127e-105	2.31862375064349	0.996	0.918	1.54687526081567e-100
CRELD2	3	3.30844966852088e-104	2.14681228143129	0.797	0.213	5.98697052015539e-100
PYCR1	3	6.29631611394168e-103	2.69586322511923	0.535	0.082	1.13938136397889e-98
RGS1	3	9.13262865649065e-103	2.30802906152802	0.963	0.503	1.65264048167855e-98
TOR3A	3	1.13699538178414e-102	2.58430309630076	0.753	0.195	2.05750684287658e-98
JUND	3	1.4096943773065e-102	1.64846426641215	1	0.962	2.55098294517385e-98
SSR3	3	1.37409204993651e-101	1.77127206453776	0.978	0.516	2.48655697356511e-97
TMEM59	3	8.51032337258575e-101	1.58934437004619	0.996	0.845	1.54002811750312e-96
RP11-16E12.2	3	2.37738480007787e-99	2.31911596199171	0.576	0.097	4.30211553422092e-95
SEL1L	3	4.84430983849987e-99	1.55470922762796	0.908	0.261	8.76626308374936e-95
SDF2L1	3	1.09866138358292e-98	1.9008908658847	0.919	0.34	1.98813763973166e-94
ST6GALNAC4	3	8.72803102381386e-98	2.61722623355474	0.55	0.093	1.57942449406936e-93
FCRL2	3	9.00199958540206e-98	2.4628731199143	0.509	0.075	1.62900184497436e-93
IL16	3	1.18169309357775e-97	2.09842201935737	0.771	0.197	2.1383918221383e-93
SPCS1	3	7.9407227266793e-97	1.56472186308148	0.993	0.666	1.43695318461989e-92
DPEP1	3	3.27222114843313e-96	3.42921756573306	0.384	0.041	5.92141139020459e-92
SEC61B	3	4.72133147765571e-96	1.47905936097169	0.993	0.794	8.54372144196577e-92
PTP4A3	3	1.11546630251445e-95	2.34731252658537	0.716	0.173	2.01854782103015e-91
NUCB2	3	6.94358051745033e-95	1.9415816458669	0.86	0.272	1.25651033043781e-90
SELK	3	3.34225933020603e-94	1.68262915067584	0.996	0.648	6.04815248394083e-90
ISG20	3	5.10115754955851e-94	1.75587593599441	0.97	0.424	9.23105470168108e-90
TXNDC15	3	8.50202326008977e-94	2.09013246182103	0.812	0.257	1.53852612914584e-89
SRPRB	3	3.10841972362572e-93	2.16831558129002	0.701	0.172	5.62499633187311e-89
TMEM238	3	1.79879354849965e-91	2.01753481808737	0.712	0.168	3.25509680536496e-87
EIF1	3	7.62808858891052e-91	0.954637428091786	1	0.997	1.38037891104925e-86
PNOC	3	3.3614751507833e-90	2.69937519301592	0.461	0.067	6.08292543285746e-86
SPCS3	3	2.15022280613398e-89	1.70735886395706	0.963	0.534	3.89104318998004e-85
FKBP2	3	2.72724212419929e-89	1.56675216095475	0.993	0.598	4.93521734795104e-85
POU2AF1	3	5.30002638604679e-89	1.82954463292387	0.642	0.131	9.59092774819026e-85
HSPA1A	3	1.85931716292596e-87	2.06170834323492	0.974	0.775	3.36462033803082e-83
SERPINI1	3	6.65779199105905e-87	2.39304395317958	0.513	0.089	1.20479403870205e-82
CLPTM1L	3	6.76937490041114e-87	1.93678379117422	0.768	0.222	1.2249860819784e-82
KLF2	3	4.99494880680454e-86	2.75461238883222	0.775	0.282	9.03885936079349e-82
HLA-C	3	5.61541410491149e-86	0.978860818466663	1	0.987	1.01616533642478e-81
GAS6	3	5.67809895066436e-86	1.6205342421557	0.945	0.43	1.02750878611222e-81
PKHD1L1	3	1.00688991478601e-85	2.97623736104768	0.417	0.058	1.82206798979677e-81
ICAM3	3	1.94943598612436e-85	1.79118845103273	0.852	0.278	3.52769936049064e-81
CD38	3	3.28318663672377e-84	1.85006706534615	0.768	0.225	5.94125453781534e-80
VIMP	3	2.25013465564743e-83	1.69391043253911	0.915	0.424	4.07184367285959e-79
NFKBIA	3	5.72835906941218e-83	2.08056063475823	0.967	0.691	1.03660385720083e-78
TXNDC11	3	6.12722625934732e-83	1.86365825313491	0.69	0.172	1.10878286389149e-78
HIST1H1C	3	2.06335243200425e-82	1.98143969206228	0.686	0.185	3.73384256095489e-78
EAF2	3	4.6756380963819e-82	2.21543827470132	0.627	0.152	8.46103469921269e-78
PDK1	3	3.77731981253313e-81	1.64577453770791	0.672	0.159	6.83543793275996e-77
LMAN1	3	1.20980657127054e-80	1.64740331690505	0.875	0.332	2.18926597137117e-76
SUB1	3	1.23914915721368e-80	1.24832044118056	0.993	0.904	2.24236431489387e-76
CYBA	3	3.45679893942661e-79	1.10152892791908	1	0.885	6.2554233607864e-75
MANEA	3	7.23791566220753e-79	2.08811621081842	0.638	0.16	1.30977321823307e-74
HSP90AA1	3	1.50606636516814e-78	1.89105204631705	0.982	0.905	2.72537769440827e-74
CH17-132F21.1	3	1.62015386034499e-78	2.71833889916534	0.343	0.04	2.93183042568029e-74
IER2	3	2.64516838993598e-78	1.97561743883771	1	0.855	4.78669671842814e-74
STARD5	3	1.13884628802754e-77	2.15265828629098	0.506	0.096	2.06085624281464e-73
TMEM107	3	1.14445734980446e-77	2.32718687104039	0.723	0.232	2.07101002020615e-73
HSPA5	3	2.56726372765976e-77	1.82906732418786	0.978	0.682	4.6457204415731e-73
HIST1H2AE	3	2.82492095309529e-77	3.84742234409059	0.269	0.023	5.11197695672123e-73
HSP90B1	3	1.89663270490326e-76	1.36128220582861	1	0.787	3.43214654279294e-72
HSH2D	3	8.4112854448283e-76	1.76219405798954	0.723	0.206	1.52210621409613e-71
CYTIP	3	8.14082470407457e-75	1.61024839104138	0.856	0.306	1.47316363844933e-70
RP11-290F5.1	3	2.87151384405691e-74	2.71234657866012	0.402	0.063	5.19629145220538e-70
AC074212.5	3	1.05118158293808e-73	2.36660558843338	0.421	0.067	1.90221819248475e-69
FAM92B	3	1.87454923476694e-73	2.85413479573856	0.395	0.062	3.39218429523425e-69
CUTA	3	2.72391527434898e-73	1.46169875120663	0.948	0.576	4.92919708046192e-69
SLAMF7	3	1.03645790515396e-72	1.78479349756451	0.613	0.145	1.87557422516661e-68
GADD45B	3	1.03883579402602e-72	1.84467816932758	0.996	0.826	1.87987725286949e-68
DNAJB1	3	1.82892106382254e-71	1.77327833944652	0.952	0.645	3.30961555709327e-67
PPP1R15A	3	1.8654118083861e-71	2.09419690376342	0.963	0.678	3.37564920845549e-67
NR4A1	3	2.00115707822899e-71	1.88096149400828	0.882	0.437	3.62129384876318e-67
MRPS31	3	2.74622138672356e-71	1.92368953250631	0.605	0.149	4.96956222141496e-67
ERLEC1	3	1.97172127300642e-70	1.916806297464	0.683	0.203	3.56802681563241e-66
JUNB	3	2.50238834597773e-70	1.38721190156511	1	0.929	4.5283219508813e-66
SIK1	3	7.96381205966102e-70	2.15107116287361	0.731	0.262	1.44113143031626e-65
H1FX	3	8.24601463411065e-70	1.72045678505207	0.926	0.575	1.49219880818866e-65
SELM	3	9.69898259976594e-70	1.33126010380409	0.974	0.455	1.75512789125365e-65
TPST2	3	9.97171770980025e-70	1.93842644592605	0.708	0.233	1.80448203676545e-65
DUSP2	3	1.64163885258531e-69	2.56611488617866	0.834	0.381	2.97070966763838e-65
RPL36AL	3	4.11212018943725e-69	1.07415434832808	0.996	0.932	7.44129269480566e-65
FAM46C	3	5.98526835980274e-69	1.47529128274932	0.753	0.229	1.0830941623899e-64
TRAM1	3	7.72940646700721e-69	1.42595307496681	0.941	0.508	1.39871339426963e-64
TMEM258	3	1.35364812042944e-68	1.20343548978889	0.959	0.753	2.44956163872911e-64
CITED2	3	1.53216485936427e-68	2.31401696513707	0.764	0.31	2.77260552950558e-64
FOSB	3	2.85238255583205e-68	1.4261913673633	0.982	0.716	5.16167147303367e-64
SERP1	3	3.71878488891629e-68	1.29993454878809	0.982	0.751	6.72951313498292e-64
KDELR1	3	4.30935835041029e-68	1.44589847912629	0.886	0.389	7.79821487090247e-64
TSC22D3	3	6.88510721387784e-68	1.88883499903409	0.908	0.515	1.24592900142333e-63
ZBP1	3	9.18540188372564e-68	1.60510394364635	0.679	0.189	1.66219032487899e-63
CPEB4	3	1.70203555554378e-67	1.05851395606036	0.827	0.279	3.08000354131203e-63
BRSK1	3	2.09655977950781e-67	2.40684975270461	0.417	0.075	3.79393457699733e-63
CLDN14	3	4.77438594502116e-67	2.79903631285541	0.328	0.045	8.63972880611029e-63
ALG5	3	5.76503535339518e-67	1.72227684869017	0.742	0.262	1.04324079755039e-62
DERL1	3	1.4499020968271e-66	1.76199738289283	0.708	0.233	2.62374283441832e-62
QPRT	3	2.00300570270539e-66	2.14509150355808	0.509	0.116	3.62463911961567e-62
LY9	3	4.77366933889023e-66	2.75670878033976	0.413	0.077	8.63843203565576e-62
TMEM156	3	1.2289275733933e-65	1.89988976398472	0.554	0.133	2.22386733681251e-61
DUSP5	3	1.5041365896769e-65	2.35637524313218	0.609	0.181	2.72188557267932e-61
H3F3B	3	2.21335927950564e-65	1.27447015796449	1	0.992	4.00529495219341e-61
LINC00582	3	3.23010629054989e-65	2.81450772161785	0.332	0.048	5.84520034337908e-61
RP11-81H14.2	3	6.36194507565859e-65	3.01283643806383	0.317	0.044	1.15125758089118e-60
SEC61G	3	4.36542540500932e-64	1.13337169065465	0.989	0.819	7.89967381290486e-60
SYTL1	3	4.54036589178606e-64	1.68654363974042	0.635	0.173	8.21624611777606e-60
KLF13	3	7.74321058702941e-64	1.72199931496091	0.672	0.208	1.40121138782884e-59
ODC1	3	1.49558304977131e-63	2.42153055008229	0.697	0.26	2.70640708686616e-59
TP53INP1	3	2.8306608547998e-63	0.882207961981611	0.712	0.206	5.12236388284572e-59
AMPD1	3	3.44428272151703e-63	2.78345178594971	0.328	0.049	6.23277401285722e-59
KDELR2	3	1.49948641815582e-62	1.39546559880212	0.9	0.445	2.71347062229477e-58
TAS1R3	3	1.51286073261607e-62	2.87292440784317	0.288	0.036	2.73767278174204e-58
CD79B	3	1.52705822586799e-62	2.13865364175503	0.498	0.117	2.76336456553072e-58
MANF	3	1.68468273423343e-61	1.68994043360581	0.749	0.274	3.04860187586881e-57
TMEM208	3	5.3003295704387e-61	1.47027802595224	0.823	0.329	9.59147639066587e-57
B4GALT7	3	5.77730865026839e-61	1.88563330624423	0.598	0.175	1.04546177335257e-56
RABAC1	3	8.11139027662794e-61	1.22591526032036	0.952	0.621	1.46783718445859e-56
E2F5	3	9.77910948420939e-61	3.01495759007362	0.277	0.034	1.76962765226253e-56
AQP3	3	4.01620883070155e-60	2.17533353785527	0.461	0.101	7.26773150003753e-56
PRDX2	3	1.19926005741831e-59	1.42432541102528	0.882	0.408	2.17018099990418e-55
SAR1B	3	1.41669231071189e-59	1.66556442792186	0.723	0.266	2.56364640546423e-55
HIST1H2BC	3	2.05413334366067e-59	3.44578541525155	0.31	0.047	3.71715969868834e-55
NRARP	3	4.09017345875726e-59	2.41748609444589	0.491	0.121	7.40157789096713e-55
SQSTM1	3	8.28357261295086e-59	1.67120470329045	0.904	0.587	1.49899530003959e-54
TSPAN13	3	3.44902749901392e-58	2.24452142846949	0.424	0.09	6.2413601622156e-54
ERGIC2	3	9.60130503033634e-58	1.49048876398642	0.775	0.308	1.73745215828966e-53
TUBA4A	3	3.03404449180031e-57	1.97340943979064	0.59	0.174	5.49040691236184e-53
FBXW7	3	3.71820728008077e-57	1.46131062981868	0.657	0.202	6.72846789403417e-53
RNU12	3	4.99466394001202e-57	2.38085454417166	0.506	0.14	9.03834386584576e-53
RP11-727F15.9	3	9.3059252974135e-57	2.91660590923659	0.343	0.062	1.68400024181995e-52
HIST1H4H	3	2.17207403366063e-56	3.45521277426601	0.255	0.032	3.93058517131228e-52
CDKN1A	3	9.7438944191853e-56	1.7777078034149	0.804	0.381	1.76325513409577e-51
FAM3C	3	1.02808903506499e-55	1.43996500056707	0.708	0.245	1.86042991785361e-51
YPEL5	3	1.26368187278292e-55	1.98366350495816	0.815	0.435	2.28675871698796e-51
KMT2E-AS1	3	2.32635930638428e-55	1.75797657457132	0.701	0.27	4.20977980083299e-51
MEI1	3	2.58405583372136e-55	2.0369001429543	0.439	0.099	4.67610743670217e-51
SIL1	3	4.05769761554069e-55	1.57879392178357	0.697	0.26	7.34280960508244e-51
KRTCAP2	3	1.15044190684708e-54	1.1899000030274	0.923	0.603	2.08183967463048e-50
HSD17B8	3	1.00594576814968e-53	2.17853944127344	0.395	0.083	1.82035946204367e-49
C12orf45	3	1.51159912547379e-53	1.97552119051114	0.506	0.139	2.73538977745738e-49
ZFP36	3	2.08421660543703e-53	1.54408364422429	0.911	0.68	3.77159836919885e-49
GPR160	3	4.1894025866092e-53	2.28834657451288	0.376	0.077	7.581142920728e-49
CNPY2	3	1.06072103371547e-52	1.5652555769247	0.749	0.323	1.91948078261151e-48
PDIA6	3	1.52890956846562e-52	1.23773165993949	0.911	0.554	2.76671475509538e-48
NANS	3	1.5558048790867e-52	1.77679936245491	0.638	0.233	2.81538450919529e-48
TMED2	3	8.37539316054312e-52	1.36826328482756	0.815	0.405	1.51561114633188e-47
UFM1	3	1.27979039851991e-51	1.33896097316041	0.819	0.374	2.31590870516162e-47
TNFRSF18	3	1.33910262397854e-51	1.69603048441348	0.506	0.135	2.42324010835156e-47
HIST1H2AC	3	1.72305673708688e-51	2.35095855181256	0.454	0.118	3.11804347143241e-47
CHPF	3	1.89176232638407e-51	1.79423532659159	0.513	0.142	3.4233331058246e-47
KIAA1524	3	1.94842347043148e-51	2.41096586117684	0.325	0.059	3.52586711209281e-47
UBE2J1	3	4.29131893499446e-51	1.50808504754876	0.635	0.216	7.76557074476597e-47
CDK2AP2	3	4.90830533973094e-51	2.35476559000288	0.561	0.189	8.8820693427771e-47
TXNDC5	3	1.28833227629706e-50	2.67922202311774	0.273	0.042	2.33136608718716e-46
SNORD3D	3	2.06719275219264e-50	1.90169229205223	0.45	0.114	3.7407920043678e-46
CENPM	3	2.16545729266299e-50	3.09531682917962	0.258	0.037	3.91861151680294e-46
SEC62	3	2.57196819937781e-50	1.22068886993619	0.878	0.467	4.65423365359408e-46
HIST1H2BK	3	4.10648735310517e-50	2.3274152852102	0.45	0.121	7.43109951417911e-46
SYVN1	3	4.45641443733676e-50	1.88489704950925	0.472	0.126	8.06432756580461e-46
RP11-685N3.1	3	4.86600188613157e-50	2.12305678670402	0.351	0.069	8.80551701314369e-46
A1BG	3	1.31070732810327e-49	1.54504704662463	0.657	0.239	2.37185598093568e-45
COMMD3	3	1.50935992069332e-49	1.60338641261643	0.62	0.216	2.73133771248664e-45
COX5A	3	1.69634474612452e-49	1.35859138747734	0.819	0.43	3.06970545258694e-45
NMRK1	3	2.12607404107611e-49	1.83025283345704	0.509	0.148	3.84734358473132e-45
HSPA13	3	2.83744193369888e-49	1.89045657485115	0.502	0.146	5.13463492322149e-45
GADD45A	3	6.75611820639082e-49	1.97531234473147	0.579	0.2	1.22258715062848e-44
TAPBPL	3	1.78905096363e-48	2.0234617686295	0.472	0.133	3.23746662378486e-44
RP5-821D11.7	3	2.57110990810412e-48	2.94763280485721	0.255	0.038	4.65268048970522e-44
RP1-313I6.12	3	3.16888991425257e-48	3.3802766571057	0.328	0.067	5.73442318883145e-44
NUDT22	3	4.39047822800191e-48	1.63980557991367	0.631	0.233	7.94500940139226e-44
COBLL1	3	1.15328150023795e-47	1.57865057685416	0.531	0.157	2.08697820283059e-43
SEL1L3	3	2.60002585004289e-47	0.997739672443223	0.609	0.182	4.70500677823761e-43
ANKRD36	3	3.52489439516234e-47	1.19688439106094	0.635	0.21	6.37864889748577e-43
NDUFB11	3	4.44931773347172e-47	1.02045772979829	0.926	0.692	8.05148537049043e-43
ARF4	3	4.85318434905152e-47	1.26071765398691	0.882	0.52	8.78232239804364e-43
COMTD1	3	6.88997133252026e-47	1.81692025569324	0.469	0.13	1.24680921233287e-42
TMEM45A	3	7.74680857229314e-47	2.29993454878809	0.314	0.059	1.40186247924217e-42
GSTP1	3	1.23318664270855e-46	0.884161441203061	0.967	0.852	2.23157454864539e-42
TBCC	3	1.32026363335569e-46	2.17508306160301	0.406	0.1	2.38914907092045e-42
SLC1A5	3	1.39437518600933e-46	1.67409976665141	0.594	0.214	2.52326133660249e-42
PDXK	3	1.60066062996572e-46	1.53983368847575	0.642	0.239	2.89655547598596e-42
C11orf80	3	1.93589247215583e-46	2.24719308671612	0.31	0.058	3.50319101761319e-42
HIST2H2AA3	3	3.31033798941064e-46	1.95114699383479	0.539	0.178	5.9903876256375e-42
SVIP	3	4.25295031628734e-46	1.60307916799604	0.572	0.193	7.69613889235356e-42
C19orf10	3	5.78626740891648e-46	1.12248302069488	0.889	0.57	1.04708295031753e-41
UBA5	3	1.6538517672333e-45	1.91611192017479	0.428	0.112	2.99281015798537e-41
EHMT1	3	1.79972325373413e-45	1.60822523575154	0.487	0.142	3.25677919995729e-41
SPATS2	3	1.90004185375888e-45	1.79943240115575	0.45	0.122	3.43831573856208e-41
EBAG9	3	2.40546710110695e-45	1.93574072692372	0.435	0.117	4.35293326616314e-41
AC093818.1	3	3.00164217046315e-45	2.21901455340453	0.314	0.061	5.43177167167012e-41
CTA-384D8.34	3	3.29890584457046e-45	2.21917353682426	0.402	0.105	5.96970001633471e-41
EEF1D	3	4.72680039260494e-45	0.729339595017688	0.996	0.955	8.55361799045789e-41
IRF1	3	5.44505725345634e-45	1.7681622930361	0.775	0.389	9.8533756058546e-41
SNHG9	3	1.55789151666193e-44	1.50284234334871	0.76	0.369	2.81916048855143e-40
KRT10	3	1.11755505218283e-43	1.1079296096571	0.893	0.498	2.02232762243006e-39
JTB	3	1.86374502463574e-43	1.22970279776768	0.804	0.412	3.37263299658083e-39
NME1	3	2.27895758890765e-43	1.37001298452424	0.664	0.263	4.12400165288728e-39
DNAJC1	3	2.30664830394103e-43	1.63473798876708	0.528	0.172	4.17411077081168e-39
PIM3	3	5.59385688036532e-43	1.5179181195063	0.731	0.345	1.01226434107091e-38
PCMTD1	3	7.1045949374051e-43	1.20434605975384	0.786	0.367	1.28564749987283e-38
LMAN2	3	7.34914628812377e-43	1.24814955752313	0.812	0.409	1.32990151229888e-38
TMED10	3	8.30370429600673e-43	1.15374878193836	0.83	0.442	1.50263832940538e-38
USP48	3	1.07335998901857e-42	1.44367002624954	0.557	0.185	1.94235223612801e-38
RRBP1	3	1.72892317723283e-42	1.17425376852332	0.742	0.315	3.12865938152052e-38
ECI1	3	1.79270352567935e-42	1.73146017085551	0.487	0.153	3.24407630006936e-38
CHST2	3	1.91622374388468e-42	1.61565749414875	0.402	0.101	3.46759848693372e-38
TUBB4B	3	2.02175820930695e-42	1.41515779295838	0.897	0.626	3.65857365556186e-38
REEP5	3	3.48911394314816e-42	1.02151317765093	0.897	0.547	6.31390059152091e-38
MTRNR2L2	3	3.59381291581251e-42	1.14034852695989	0.834	0.438	6.50336385245433e-38
EEF1B2	3	4.95837194585749e-42	0.774667238929722	0.996	0.942	8.97266987322372e-38
SMDT1	3	5.12529568614077e-42	1.11574994688623	0.841	0.468	9.27473507364034e-38
TMBIM6	3	7.12884039712333e-42	0.805596879400933	0.978	0.872	1.29003495826344e-37
DCXR	3	8.99393452557381e-42	1.49336348713602	0.624	0.238	1.62754239174784e-37
HSPB1	3	1.02947015099168e-41	1.99950618800671	0.771	0.451	1.86292918523454e-37
C11orf24	3	1.42462162729224e-41	1.73891774369197	0.446	0.132	2.57799529674804e-37
DHRS9	3	4.10789593805865e-41	2.38172863995174	0.284	0.056	7.43364848951093e-37
PQBP1	3	5.1074988913573e-41	1.80808145245842	0.461	0.143	9.24252999380017e-37
TMED9	3	9.65004339033299e-41	1.13827410773991	0.867	0.547	1.74627185191466e-36
SOCS3	3	1.06675622643081e-40	1.36305936166381	0.875	0.555	1.9304020673492e-36
LMTK3	3	1.07328727104716e-40	2.42809090027878	0.277	0.054	1.94222064568694e-36
BCAS2	3	1.38705629458574e-40	2.30648333461703	0.59	0.24	2.51001707068236e-36
ASNS	3	1.43902334025516e-40	2.20125027392869	0.299	0.062	2.60405663652574e-36
GLRX	3	1.97619115489579e-40	1.43564578086325	0.679	0.306	3.57611551389942e-36
ZFAND2A	3	2.94351095167003e-40	2.80121855416312	0.502	0.178	5.32657741814209e-36
COPE	3	2.97457993294648e-40	0.909161767528291	0.937	0.689	5.38279984665996e-36
IRF4	3	9.51099441995221e-40	2.14465632331018	0.284	0.057	1.72110955023455e-35
EFCAB4A	3	1.10497923198087e-39	1.88795684925831	0.358	0.088	1.99957041819258e-35
EIF2AK4	3	1.21637661231951e-39	1.56783236654093	0.517	0.177	2.20115511765339e-35
RNF113A	3	1.48161239678659e-39	1.99681085533879	0.384	0.104	2.68112579322501e-35
SNORD3B-2	3	2.00308592104982e-39	1.8356535304894	0.417	0.122	3.62478428273176e-35
TMEM256	3	2.99890523096526e-39	1.24120072399763	0.734	0.35	5.42681890595474e-35
ZNF706	3	5.33476920263267e-39	1.02064155809051	0.904	0.574	9.65379834908408e-35
GTPBP1	3	5.59713963995257e-39	2.16421653893053	0.369	0.099	1.01285838924582e-34
SRRD	3	6.07689070885616e-39	2.14612921270906	0.336	0.082	1.09967414267461e-34
UBALD2	3	1.05220009477421e-38	1.57880065279659	0.668	0.3	1.90406129150342e-34
PSAT1	3	2.65626071610541e-38	2.29993454878809	0.266	0.052	4.80676939186435e-34
LINC00649	3	2.98207104025908e-38	2.9081668288321	0.266	0.055	5.39635575445284e-34
TM7SF2	3	3.38360717082779e-38	2.19354520419612	0.303	0.068	6.12297553632998e-34
RPS4X	3	4.07102947799952e-38	0.600578770266448	0.996	0.991	7.36693494338793e-34
C2orf88	3	8.09416108264845e-38	2.2647451203258	0.262	0.051	1.46471938951606e-33
RALGPS2	3	1.11998066609201e-37	1.64388895000546	0.38	0.101	2.0267170133601e-33
RPS27L	3	1.38022204990107e-37	0.791548871339748	0.982	0.714	2.49764982150097e-33
TBCEL	3	1.97461369791681e-37	2.09711766578841	0.336	0.085	3.57326094775027e-33
HM13	3	3.94613998172888e-37	1.14245738160858	0.764	0.376	7.14093491093658e-33
TAGAP	3	5.11695480746587e-37	1.3487792054242	0.642	0.27	9.25964141959024e-33
MALAT1	3	6.58379593135639e-37	0.471703881065258	1	0.992	1.19140371173825e-32
IFNAR2	3	7.1219317132978e-37	1.39778187218624	0.579	0.229	1.28878476283837e-32
HIST1H4C	3	8.78652554311694e-37	1.87782252374898	0.391	0.115	1.59000966228244e-32
PPP1R10	3	1.95245506500253e-36	1.14815274455905	0.786	0.413	3.53316268562858e-32
TMED4	3	2.1642159737046e-36	1.39763122267523	0.601	0.247	3.91636522601584e-32
LMF1	3	2.65376698364527e-36	2.31593502748181	0.306	0.074	4.80225673360448e-32
SEC14L1	3	2.95637089800292e-36	1.12408471338868	0.705	0.31	5.34984877702609e-32
DPM3	3	4.29937564808318e-36	1.11729849559623	0.749	0.348	7.78015017277133e-32
ARPC5L	3	5.06031689624612e-36	1.27854421876526	0.664	0.297	9.15714945544698e-32
CPNE5	3	5.16366494434617e-36	1.60603767651377	0.351	0.09	9.34416808328883e-32
TSTD1	3	6.53624512643511e-36	1.17479279551061	0.668	0.281	1.1827989180797e-31
RPL8	3	6.741706723261e-36	0.491926925766442	1	0.999	1.21997924864131e-31
ID1	3	8.18214018509928e-36	1.20697902366089	0.472	0.155	1.48064008789557e-31
TECR	3	8.64917439655451e-36	1.13482218120968	0.745	0.361	1.5651545988005e-31
SRP54	3	9.41594589750384e-36	1.35240196868223	0.546	0.199	1.7039095696123e-31
OST4	3	2.84470753026495e-35	0.675935138877992	0.985	0.91	5.14778274676745e-31
P4HB	3	4.42974339984783e-35	0.952335847695828	0.882	0.594	8.01606365636464e-31
GLA	3	4.57511449766377e-35	2.09808662202848	0.443	0.155	8.27912719497235e-31
TMEM134	3	4.96112106241755e-35	1.30619353925978	0.598	0.243	8.97764467455079e-31
BHLHE41	3	8.08221542797372e-35	1.54504704662463	0.443	0.143	1.46255770384612e-30
YPEL3	3	1.01032108961682e-34	1.05694165785739	0.801	0.417	1.8282770437706e-30
PGM3	3	1.18377129286241e-34	1.75596045951778	0.362	0.1	2.14215253156382e-30
PTCH2	3	1.32656009671528e-34	2.52806333967369	0.295	0.072	2.40054315101596e-30
RPS19BP1	3	1.59963942838541e-34	1.14311653598726	0.731	0.361	2.89470750960623e-30
SYNGR1	3	1.66283938091569e-34	1.56526076612988	0.483	0.172	3.00907414370504e-30
ERN1	3	2.74273106094671e-34	0.879964753967021	0.705	0.303	4.96324612788917e-30
RPS6KB2	3	2.95308413259106e-34	1.41153332474644	0.506	0.184	5.34390104633678e-30
ARSA	3	3.28113071398739e-34	1.56778597091966	0.476	0.168	5.93753414003157e-30
FAM117A	3	3.3451496717647e-34	1.92569758063469	0.347	0.097	6.0533828460254e-30
RP6-109B7.3	3	3.99036501746651e-34	1.98959442817594	0.343	0.095	7.2209645356074e-30
ZBTB10	3	4.34066663134292e-34	2.09630018573901	0.391	0.124	7.85487033607815e-30
AKR1A1	3	4.67101943708577e-34	1.03207889041938	0.812	0.451	8.45267677335041e-30
PPP1CC	3	4.70224390419293e-34	1.31157446434397	0.627	0.28	8.50918056902752e-30
SLC38A2	3	4.94743531945926e-34	1.04060088487016	0.893	0.643	8.95287895409348e-30
B4GALT3	3	7.37871182088069e-34	1.7040837319242	0.384	0.115	1.33525169110657e-29
MRPL40	3	9.70786058882618e-34	1.29359302191427	0.598	0.25	1.75673445215398e-29
HAX1	3	1.58607987061241e-33	1.32187710166877	0.605	0.265	2.87017013386022e-29
PRDX1	3	1.828160969455e-33	0.756406939998857	0.959	0.849	3.30824009032577e-29
VOPP1	3	1.96731500847213e-33	1.3849551332024	0.568	0.233	3.56005323933117e-29
FAM195A	3	2.1461522962846e-33	1.55147331578406	0.432	0.143	3.88367719535661e-29
TIFA	3	3.0025187807574e-33	2.27155274741827	0.328	0.09	5.43335798565859e-29
CFLAR	3	3.72496105977508e-33	1.04114961595566	0.764	0.395	6.74068953376899e-29
HMCES	3	1.20333713572675e-32	1.88489704950925	0.303	0.076	2.17755888081113e-28
PRDX5	3	1.59984599652157e-32	0.919330546573125	0.886	0.61	2.89508131530544e-28
SLC25A4	3	2.31138552971688e-32	2.33609421208351	0.269	0.064	4.18268325457566e-28
RASD1	3	3.6757006707902e-32	2.94197814471652	0.255	0.059	6.65154793386194e-28
BLNK	3	4.65442237812463e-32	1.88344345236775	0.351	0.103	8.42264273545433e-28
OSTC	3	5.54653703298402e-32	0.86438622610633	0.875	0.599	1.00370134148879e-27
AURKAIP1	3	9.23923620384421e-32	0.974550895264513	0.815	0.478	1.67193218344765e-27
FNDC3A	3	1.37930500891772e-31	1.26781698831633	0.513	0.199	2.49599034413751e-27
ARL1	3	1.54252325809247e-31	1.24131438235188	0.568	0.236	2.79135008784413e-27
LAX1	3	2.68384704050479e-31	1.48231129127666	0.336	0.092	4.85668960449747e-27
RPL7A	3	2.70645658893639e-31	0.489250755783492	1	0.996	4.8976038433393e-27
SPTAN1	3	6.123871356928e-31	1.47479681034754	0.583	0.259	1.10817576074969e-26
ZNF215	3	6.92732040162023e-31	1.82806582691257	0.258	0.059	1.2535678998772e-26
FBXO18	3	7.90098818904889e-31	1.69151307524295	0.362	0.11	1.42976282269029e-26
CTA-292E10.6	3	9.97869177528693e-31	1.72190809527731	0.358	0.109	1.80574406365592e-26
SLC39A7	3	1.329099377306e-30	1.5244157138525	0.417	0.142	2.40513823317294e-26
SH3GLB2	3	3.33778056126093e-30	1.48892569052428	0.458	0.169	6.04004770365778e-26
MSL3	3	3.38869235347997e-30	1.56997698140708	0.498	0.199	6.13217768285735e-26
APOA1BP	3	4.14557728384921e-30	1.54575966458967	0.432	0.154	7.50183665285354e-26
PHPT1	3	4.20779794591274e-30	0.811738476066509	0.904	0.586	7.61443116292369e-26
HSPA8	3	4.24908581167971e-30	1.38763451661742	0.871	0.683	7.6891456848156e-26
ATF3	3	4.47301296912389e-30	1.93529477792932	0.679	0.401	8.09436426892658e-26
DNASE2	3	6.44074881587332e-30	1.46690623284106	0.472	0.179	1.16551790572044e-25
MCEE	3	7.15753822129892e-30	1.63114045726347	0.347	0.103	1.29522811652625e-25
ERP29	3	7.24423717152833e-30	0.859502058887136	0.878	0.586	1.31091715855977e-25
RPL10	3	7.99418371528219e-30	0.47528820006536	1	1	1.44662748511746e-25
FAM173A	3	8.68811747426684e-30	1.26340867276298	0.587	0.264	1.57220173814333e-25
WDR33	3	1.07040029515182e-29	1.3071300501923	0.528	0.22	1.93699637410673e-25
YIPF1	3	1.11795277962463e-29	1.73549437194028	0.347	0.106	2.02304735000874e-25
NME4	3	1.20980733612292e-29	1.22691975148987	0.528	0.211	2.18926735544803e-25
KCNA3	3	2.10714955375988e-29	2.32850370098487	0.251	0.06	3.81309783248388e-25
ATP5L	3	2.3933063735312e-29	0.591458790703194	0.982	0.886	4.33092721354205e-25
DAD1	3	2.95078303574896e-29	0.773055627323587	0.919	0.669	5.33973698149132e-25
KNTC1	3	2.95669807216882e-29	1.60394073567819	0.292	0.076	5.3504408313967e-25
THEMIS2	3	3.39072362110088e-29	1.06546929515107	0.613	0.272	6.13585346474416e-25
PRDM1	3	4.01240961126774e-29	1.0083572810882	0.576	0.237	7.2608564325501e-25
SSR2	3	4.40325353888858e-29	0.94113606164697	0.867	0.624	7.96812760397278e-25
ZBTB8OS	3	7.79823752955947e-29	1.2334059811255	0.539	0.224	1.41116906334908e-24
FGFR1OP2	3	1.04354970661441e-28	1.12173098323418	0.613	0.278	1.88840754908943e-24
CD40	3	1.12540403507248e-28	1.35006798226274	0.487	0.195	2.03653114186716e-24
CCDC53	3	1.70198970599915e-28	1.40218460703605	0.487	0.199	3.07992057197605e-24
SRPR	3	1.71354186097961e-28	1.32972915104845	0.458	0.172	3.10082535162871e-24
PRR5	3	1.76144257834893e-28	1.43147353967343	0.461	0.179	3.18750648978023e-24
CCPG1	3	1.77819261526302e-28	1.11903842952478	0.609	0.282	3.21781735657997e-24
DNAJB4	3	1.882880584433e-28	2.07318890910282	0.517	0.232	3.40726070558996e-24
DPP7	3	2.1030897915073e-28	0.954299663931816	0.815	0.528	3.80575128671161e-24
QTRT1	3	3.72888786778056e-28	1.34973278190625	0.424	0.151	6.7477954855357e-24
SDHA	3	4.08175708168307e-28	1.43015712619668	0.458	0.178	7.38634761501368e-24
ST6GAL1	3	5.03621420442322e-28	1.07196893511271	0.528	0.215	9.11353322432426e-24
B2M	3	7.28731348490774e-28	0.353505460606873	1	1	1.3187122482289e-23
RHOH	3	1.19806523331041e-27	1.59263650514289	0.325	0.097	2.16801884619852e-23
MARCKSL1	3	1.47022713494135e-27	1.1072894708457	0.568	0.247	2.66052302338986e-23
SEC61A1	3	1.74977481392395e-27	1.16358703074175	0.546	0.234	3.16639250327678e-23
IFNAR1	3	2.28048696929152e-27	1.12668765999075	0.609	0.288	4.12676921962993e-23
ACADVL	3	2.74113697925355e-27	0.96936753562686	0.708	0.374	4.96036147765722e-23
UBE2G1	3	3.49609476507066e-27	1.4390678419821	0.413	0.149	6.32653308687187e-23
SLC17A9	3	4.60660791481988e-27	1.6448459616763	0.269	0.07	8.33611768265806e-23
DNAJA1	3	6.60648388331298e-27	1.17665896080775	0.849	0.648	1.19550932352432e-22
HLA-B	3	1.23200711791504e-26	0.432136411259332	1	0.985	2.22944008057906e-22
IRF7	3	1.62822414407391e-26	1.0147043968401	0.819	0.523	2.94643441111615e-22
CHID1	3	1.97173422859369e-26	1.19947436700888	0.539	0.239	3.56805026006315e-22
SFXN4	3	2.14689621687055e-26	1.90507493144688	0.262	0.07	3.88502339404895e-22
CFL2	3	2.31906166455548e-26	1.58739499700747	0.369	0.127	4.1965739881796e-22
ACP1	3	2.81425054401562e-26	1.17984070329779	0.561	0.26	5.09266778445066e-22
NCLN	3	3.20259821521738e-26	1.66352528264826	0.314	0.096	5.79542173025737e-22
NGLY1	3	3.77611626296617e-26	1.46956101012776	0.413	0.157	6.83325998946358e-22
GNL3	3	4.40077034750163e-26	1.26934622895467	0.413	0.153	7.96363402083895e-22
PIM1	3	5.87762949638847e-26	1.40315526914687	0.454	0.181	1.06361583366646e-21
SCAND1	3	8.03773291021472e-26	0.921725345625796	0.764	0.459	1.45450814743246e-21
ARFIP2	3	1.02570872652642e-25	1.81806554103104	0.28	0.081	1.85612251152221e-21
IFT20	3	1.22733050314623e-25	1.30635129045996	0.472	0.198	2.22097727849342e-21
TMEM147	3	1.29235223892569e-25	1.09182635345789	0.62	0.316	2.33864061155993e-21
SIAH2	3	1.37522319540987e-25	1.71885548255417	0.339	0.115	2.48860389441371e-21
DEF8	3	1.66145606033319e-25	1.38385059909695	0.428	0.166	3.00657088677895e-21
CDK5RAP3	3	2.57803509529157e-25	1.11414314188676	0.554	0.25	4.66521230843963e-21
CBX4	3	2.82250290598088e-25	1.39979844325747	0.424	0.163	5.10760125866299e-21
ARFGAP3	3	2.93750984580284e-25	1.25523474131728	0.432	0.166	5.31571781696482e-21
ALKBH7	3	3.31949335655862e-25	1.05036916000391	0.642	0.334	6.00695517802848e-21
LSM10	3	4.48594500330842e-25	1.10683643424569	0.546	0.245	8.11776607798691e-21
CIRBP	3	5.02658527936209e-25	0.758225246020823	0.897	0.672	9.09610872153364e-21
PSENEN	3	5.33670737548238e-25	1.16733879780229	0.509	0.222	9.65730566667291e-21
FAM136A	3	6.6163500609027e-25	1.63191630833938	0.373	0.135	1.19729470702095e-20
CYCS	3	7.67380342326144e-25	0.787041468195363	0.815	0.542	1.38865146747339e-20
MBTPS1	3	8.11339897359098e-25	1.03061388010687	0.524	0.224	1.46820067826102e-20
CSNK1E	3	8.49200949040638e-25	1.16319821199636	0.476	0.198	1.53671403738394e-20
GNG7	3	9.10942190959977e-25	1.45193764223315	0.369	0.132	1.64844098876117e-20
ELL2	3	1.29791478099314e-24	1.22550970766154	0.435	0.171	2.34870658768518e-20
CDKN2C	3	1.3003580444569e-24	1.7093254849258	0.266	0.075	2.3531279172492e-20
SHMT2	3	1.62755075269037e-24	1.62806398284377	0.31	0.099	2.94521584206849e-20
EDEM2	3	1.68277637838891e-24	1.32360345468173	0.454	0.191	3.04515213433257e-20
ATP5G1	3	1.76050423843155e-24	0.866681582646211	0.749	0.432	3.18580846986573e-20
FNDC3B	3	3.54432759177495e-24	1.00700632562328	0.517	0.224	6.41381521007595e-20
MAPKAPK2	3	3.66794672577537e-24	1.13985733330213	0.517	0.232	6.63751639496311e-20
DDOST	3	3.77420088167846e-24	1.04324166982813	0.642	0.343	6.82979391548534e-20
PPIB	3	3.87320856846494e-24	0.557110838321359	0.985	0.876	7.00895822549415e-20
FAM89B	3	6.27422751389721e-24	1.19313087477314	0.539	0.257	1.13538421091484e-19
POMC	3	7.78026326860396e-24	1.47426472935041	0.354	0.126	1.40791644108657e-19
NARF	3	8.32367820061787e-24	1.40503754917416	0.417	0.166	1.50625280718381e-19
HINT2	3	8.84052102511077e-24	1.14250685642088	0.55	0.257	1.59978068470405e-19
COPZ1	3	8.86928508467966e-24	1.12590514901305	0.539	0.249	1.60498582892363e-19
MKNK2	3	1.02312737252248e-23	1.24029160236069	0.506	0.226	1.85145129331668e-19
TMEM214	3	1.28820634176101e-23	1.31428984176516	0.336	0.113	2.33113819605073e-19
TMEM39A	3	1.58282528444607e-23	1.77497935743122	0.269	0.08	2.8642806347336e-19
BRD2	3	1.66904975687367e-23	0.946694647992025	0.716	0.423	3.0203124400386e-19
DNAJC3	3	1.67611899562826e-23	1.03979052648185	0.561	0.269	3.0331049344889e-19
ABHD14A	3	1.67862275462303e-23	1.38847122338975	0.376	0.139	3.03763573676583e-19
MSI2	3	1.9077887440707e-23	1.10445478914167	0.41	0.155	3.45233451127035e-19
PRCC	3	2.05422750368461e-23	1.79961186156428	0.306	0.1	3.71733009066768e-19
RNASEH2C	3	3.30266594227024e-23	1.04638119596519	0.583	0.287	5.97650428913222e-19
SURF1	3	3.31079980544307e-23	1.13759072633018	0.539	0.26	5.99122332792977e-19
MGAT2	3	3.59078742744358e-23	1.74144425942813	0.306	0.103	6.49788892870189e-19
FCGR2B	3	3.70133189971895e-23	0.412566511444395	0.59	0.254	6.6979302057314e-19
PPP1R15B	3	3.8338082498042e-23	1.48608586464499	0.428	0.182	6.93765940884568e-19
LRRC59	3	4.0225083537567e-23	1.43505147970115	0.41	0.167	7.27913111695813e-19
TMEM19	3	4.20385498703628e-23	1.53608126536708	0.325	0.111	7.60729598454086e-19
RPLP1	3	4.61136825526482e-23	0.324407362645077	1	1	8.34473199472721e-19
ITFG1	3	4.70925626668427e-23	1.1893207432872	0.476	0.205	8.52187014019186e-19
HSPE1	3	5.22368724747635e-23	1.27856500964936	0.849	0.703	9.4527844430332e-19
TXNL4A	3	5.53628866047657e-23	1.08555594889842	0.583	0.301	1.00184679599984e-18
C4orf3	3	7.95516573069587e-23	0.652346712912738	0.934	0.747	1.43956679062673e-18
GYPC	3	8.78343390483549e-23	0.825370341654276	0.705	0.364	1.58945019941903e-18
TCEA1	3	9.26537698861928e-23	1.01291206884893	0.598	0.3	1.67666261986054e-18
ADI1	3	1.16245869928664e-22	0.949920940676271	0.627	0.315	2.1035852622291e-18
COX7A2	3	1.25127010688579e-22	0.600886184830346	0.963	0.806	2.26429838542053e-18
TRIB1	3	1.33366150485268e-22	1.77864942000699	0.384	0.158	2.4133938591814e-18
RPN2	3	1.59430671028093e-22	0.857212172572092	0.657	0.351	2.88505742292436e-18
DERL2	3	1.83156329730795e-22	1.37437158312913	0.439	0.191	3.31439694280847e-18
C17orf62	3	1.86006025527593e-22	0.961349109947124	0.649	0.351	3.36596503794732e-18
PREB	3	2.13519313552904e-22	1.57655801936984	0.288	0.092	3.86384549805335e-18
ATP5D	3	2.20348592945229e-22	0.608637756194067	0.919	0.726	3.98742813793687e-18
NDUFB4	3	2.56125931690401e-22	0.776510458376071	0.812	0.55	4.6348548598695e-18
ISCU	3	3.09278552241624e-22	0.897312117617596	0.738	0.437	5.59670468136442e-18
BIRC3	3	3.34122571552198e-22	1.51018561521748	0.376	0.145	6.04628205480858e-18
BET1	3	4.15174624906969e-22	1.47566183629694	0.339	0.124	7.51300001231652e-18
ATPIF1	3	4.81577283307139e-22	0.765615718519806	0.801	0.558	8.71462251872599e-18
CCM2	3	5.02634231134123e-22	1.2575289825231	0.465	0.209	9.0956690466031e-18
CENPT	3	7.50124483725039e-22	1.398114942727	0.314	0.106	1.35742526574883e-17
CISD2	3	9.24890695983686e-22	1.12919607394341	0.517	0.248	1.67368220345208e-17
RGCC	3	9.78667384796781e-22	0.987731684158755	0.686	0.348	1.77099649952826e-17
HSP90AB1	3	9.88136546792326e-22	0.927627086740829	0.897	0.785	1.78813189507539e-17
HYI	3	1.35824215973559e-21	1.33078051574085	0.376	0.147	2.45787501225753e-17
WBSCR22	3	1.56565346524523e-21	1.14060702100691	0.48	0.217	2.83320651070777e-17
UFC1	3	1.65194217739457e-21	0.985238023131808	0.675	0.383	2.98935456421322e-17
SEMA4A	3	2.19091827025907e-21	1.67134511566668	0.255	0.077	3.96468570186082e-17
CDKN1B	3	2.59080103580995e-21	1.15501355347568	0.461	0.205	4.68831355440169e-17
IRF3	3	3.67687480827183e-21	1.0154811593194	0.513	0.238	6.65367265304871e-17
C15orf57	3	4.50766307025482e-21	1.29993454878809	0.384	0.155	8.15706709193313e-17
UAP1	3	5.89812283143018e-21	1.54595297760629	0.321	0.118	1.06732430757561e-16
FAM53C	3	6.0341864203822e-21	1.17852437561442	0.424	0.179	1.09194637463236e-16
GGCX	3	6.73306502601001e-21	1.55356150136619	0.314	0.113	1.21841544710677e-16
HSPD1	3	9.01530906502413e-21	1.30517119715424	0.635	0.365	1.63141032840677e-16
RPL3	3	9.69477628534909e-21	0.377929147133694	1	0.995	1.75436671659677e-16
FAM174A	3	1.49265638215326e-20	1.49443757295107	0.328	0.123	2.70111098914454e-16
BET1L	3	1.57739504105659e-20	1.54618437032632	0.292	0.1	2.85445406629601e-16
ATF4	3	1.66292073311559e-20	0.804358366415703	0.708	0.406	3.00922135864596e-16
NDUFB10	3	1.75452252584978e-20	0.738502206208809	0.808	0.556	3.17498396277776e-16
MRPL52	3	1.95680140782142e-20	0.862110517847502	0.686	0.396	3.54102782759364e-16
RPL5	3	2.3691646083429e-20	0.497973402518524	0.974	0.93	4.28724027525731e-16
KLHL6	3	2.62658363570169e-20	1.26991206568864	0.325	0.118	4.75306574716578e-16
PIGP	3	2.86067346280804e-20	1.1112729847642	0.52	0.257	5.17667469829743e-16
ZNF593	3	3.62390303965885e-20	1.1361097468822	0.45	0.203	6.55781494056665e-16
NHP2L1	3	3.9726673059422e-20	0.841977324802259	0.734	0.463	7.188938756833e-16
NEU1	3	4.13639260394261e-20	1.18126269976853	0.601	0.313	7.48521605609455e-16
MIF	3	4.40459232861119e-20	0.558793278650695	0.963	0.782	7.97055027785481e-16
MARS	3	5.58450017844496e-20	1.52020066901615	0.314	0.116	1.0105711522914e-15
LMO4	3	6.30396620952564e-20	0.989441348963016	0.554	0.275	1.14076572527576e-15
CCDC14	3	6.97311206893131e-20	1.14381534687081	0.369	0.146	1.26185435999381e-15
LSM5	3	7.00677383576922e-20	0.859182885219063	0.594	0.308	1.2679457933208e-15
PSMD8	3	7.0280179060598e-20	0.806706600942755	0.686	0.398	1.27179012028058e-15
C1orf122	3	8.3036983206574e-20	0.934812936797412	0.554	0.285	1.50263724810616e-15
MDM2	3	8.50862032388378e-20	1.51857483526344	0.428	0.195	1.53971993381001e-15
MYADM	3	1.00689514291138e-19	1.06269107608288	0.48	0.226	1.82207745061244e-15
CYHR1	3	1.11105956067832e-19	1.06107491586288	0.461	0.211	2.01057338100348e-15
CCNC	3	1.13540984621414e-19	1.3312500892543	0.406	0.184	2.05463765770912e-15
RSL24D1	3	1.47368663307113e-19	0.753446195881574	0.76	0.469	2.66678333120552e-15
RPL18	3	1.55759551717875e-19	0.360554715928673	1	0.996	2.81862484788666e-15
CCS	3	1.76147255940443e-19	0.991121953690991	0.55	0.284	3.18756074349826e-15
SLC3A2	3	2.28991500484337e-19	1.04508258945032	0.668	0.393	4.14383019276457e-15
UBE2S	3	2.69884857738643e-19	1.01518473248784	0.749	0.501	4.88383638563849e-15
SNHG8	3	2.97937102730292e-19	0.786891227687328	0.749	0.445	5.39146981100737e-15
ANKRD36C	3	3.09800403944355e-19	0.988977571721736	0.38	0.153	5.60614810977705e-15
ABHD3	3	3.11430399694367e-19	1.48869619224326	0.314	0.12	5.63564451286926e-15
DNAJB11	3	3.98264566174341e-19	1.08868268505685	0.502	0.247	7.20699558949088e-15
CREB3	3	4.32988213118491e-19	1.36457201435442	0.314	0.117	7.83535470459222e-15
XRN1	3	4.50629065334863e-19	0.679782619604639	0.627	0.329	8.15458356629968e-15
MED8	3	5.55941401678235e-19	1.41729149942625	0.332	0.13	1.00603156047693e-14
U2AF1L4	3	5.73841740510524e-19	1.31707568160949	0.365	0.152	1.03842401362784e-14
RP3-395M20.12	3	6.01703778270818e-19	1.89275916728222	0.258	0.087	1.08884315715887e-14
BAG1	3	8.55141840287265e-19	0.959705637157789	0.565	0.301	1.54746467418383e-14
SLC35B1	3	9.76442551558466e-19	1.24854916252118	0.376	0.161	1.7669704413002e-14
LRPAP1	3	1.1170323069685e-18	0.782251000967954	0.668	0.383	2.02138166269019e-14
RPL24	3	1.13674766682466e-18	0.388955292329254	0.996	0.992	2.0570585778859e-14
EFHC1	3	1.24070764497429e-18	1.39786096947735	0.273	0.094	2.24518455434548e-14
DNAJC4	3	1.25234878276366e-18	1.06546929515107	0.446	0.207	2.26625035728911e-14
UPF2	3	1.27584542816188e-18	1.11090072439808	0.443	0.208	2.30876988680174e-14
FAM107B	3	1.36980363641091e-18	0.984851994815135	0.583	0.319	2.47879666044919e-14
PABPC4	3	1.89406049600014e-18	0.797434208258912	0.631	0.35	3.42749187356185e-14
H2AFX	3	2.04953749406177e-18	1.17750696328921	0.454	0.219	3.70884304925417e-14
GFER	3	3.48301663754149e-18	1.35288342873705	0.336	0.136	6.30286690729508e-14
CBWD1	3	3.51740783039393e-18	1.50638542625552	0.273	0.097	6.36510120988086e-14
CREB3L2	3	3.95871345975697e-18	0.829430772651854	0.476	0.221	7.16368787677622e-14
FDPS	3	4.0015292226689e-18	0.878052668467196	0.506	0.244	7.24116728134164e-14
EIF2A	3	4.03682172143312e-18	1.08303393096513	0.48	0.239	7.30503258710538e-14
TRABD	3	4.87999091805213e-18	0.76023678180272	0.631	0.339	8.83083156530713e-14
ATRAID	3	5.45543129841418e-18	0.725303412203835	0.723	0.445	9.87214847761031e-14
PHF1	3	5.62239484363564e-18	1.1582733995645	0.369	0.155	1.01742857090431e-13
SCFD1	3	5.91152777715009e-18	1.06058102166929	0.432	0.199	1.06975006655308e-13
MPST	3	6.15185084789027e-18	1.25286629513132	0.321	0.126	1.11323892943422e-13
YIPF3	3	6.52039688068237e-18	1.08103957168787	0.461	0.226	1.17993101952828e-13
GRB2	3	7.23696010905539e-18	0.749852088643827	0.697	0.403	1.30960030133466e-13
FDX1	3	9.64072047285072e-18	1.02167268876073	0.454	0.217	1.74458477676707e-13
RPL6	3	1.09368971771162e-17	0.386498078066862	0.996	0.981	1.97914091317095e-13
PSMB6	3	1.13403988935879e-17	0.707413257043989	0.756	0.487	2.05215858378366e-13
TRAPPC3	3	1.20612459902147e-17	1.16195243984854	0.399	0.181	2.18260307438925e-13
STARD7	3	1.23143049372012e-17	1.05580860550437	0.435	0.205	2.22839662143592e-13
NDNL2	3	1.49198422370604e-17	1.48091670920491	0.369	0.164	2.69989465121845e-13
TIMM17B	3	1.54664189515319e-17	1.16290629931058	0.402	0.184	2.79880317346921e-13
TMEM70	3	1.91886227891781e-17	1.07603853686126	0.41	0.187	3.47237317992966e-13
SRSF2	3	2.31562611790425e-17	0.629694336291065	0.867	0.657	4.19035702295953e-13
ATP2A3	3	2.78537569524386e-17	1.06565913593573	0.292	0.106	5.04041585811329e-13
PDIA4	3	3.00722020617932e-17	0.996485874508393	0.52	0.272	5.44186568510209e-13
ACSS1	3	3.38849842172627e-17	1.41196116652221	0.258	0.091	6.13182674395587e-13
C1GALT1C1	3	3.7647680088899e-17	1.2284285838124	0.365	0.16	6.81272418888717e-13
PNP	3	3.95350667256094e-17	1.62828231387164	0.362	0.163	7.15426567466628e-13
MRPL51	3	3.98295664767295e-17	0.790430081374421	0.653	0.381	7.20755834962896e-13
FAM214A	3	4.73596673603929e-17	0.955286377400649	0.373	0.158	8.5702054055367e-13
ACBD3	3	4.77655664623359e-17	1.36133509345224	0.351	0.152	8.6436569070243e-13
MFSD11	3	5.03123934656232e-17	1.30334115023134	0.317	0.128	9.10453072153917e-13
TXNL1	3	5.19927400449265e-17	0.911829377296249	0.542	0.29	9.4086062385299e-13
AARS	3	5.77141046921714e-17	1.36425552975495	0.269	0.098	1.04439443850953e-12
TUFM	3	6.06358965774942e-17	0.761969527604108	0.649	0.381	1.09726718446634e-12
OTUD5	3	9.41593672539756e-17	1.14495988881175	0.317	0.126	1.70390790982794e-12
RALY	3	1.03833449141059e-16	1.01042793159311	0.465	0.235	1.8789700956566e-12
HNRNPUL1	3	1.06032342142616e-16	1.25381250291866	0.417	0.203	1.91876126341277e-12
MTRNR2L8	3	1.30529162745621e-16	0.695152504774225	0.76	0.48	2.36205572904476e-12
METTL23	3	1.46517682170324e-16	1.02420507010593	0.454	0.224	2.65138397655419e-12
AKAP9	3	1.47826739954124e-16	0.7077040476029	0.576	0.302	2.67507268620984e-12
ARMCX3	3	1.61803806272593e-16	1.15385628930015	0.439	0.22	2.92800167830883e-12
DDIT3	3	1.6290706390473e-16	0.890771965468168	0.635	0.362	2.94796622841999e-12
NDUFS8	3	2.1427589633787e-16	0.765057279503248	0.627	0.364	3.87753662013009e-12
UBXN4	3	2.62220829341446e-16	0.734449422566242	0.642	0.368	4.7451481277628e-12
EDF1	3	2.84422420466523e-16	0.453452481633001	0.952	0.864	5.1469081207622e-12
SSSCA1	3	2.8919517939958e-16	1.06546929515107	0.38	0.171	5.2332759664148e-12
TCIRG1	3	2.91060923648925e-16	0.863607081163646	0.531	0.279	5.26703847435094e-12
SELT	3	3.38653586932259e-16	0.708188686371548	0.764	0.527	6.12827530912616e-12
LINC00152	3	3.6070313558139e-16	1.48982507688961	0.561	0.353	6.52728394148083e-12
TRAPPC2L	3	4.08353668399904e-16	0.907958956372476	0.528	0.281	7.38956798336466e-12
MXD4	3	4.09172627598152e-16	0.775817603287466	0.579	0.319	7.40438786901615e-12
NDUFV3	3	4.35111785826023e-16	0.921112968493558	0.491	0.256	7.87378287630771e-12
SRA1	3	4.81633274777693e-16	0.892056841082117	0.528	0.288	8.71563574037714e-12
DPM2	3	5.46190850314372e-16	1.01542041554385	0.395	0.182	9.88386962728887e-12
C8orf59	3	5.68625066189497e-16	0.646677584968378	0.749	0.5	1.02898391977651e-11
MXD1	3	7.56876568276365e-16	1.10860832553201	0.387	0.182	1.36964383795291e-11
IER3IP1.1	3	9.11282142980155e-16	0.910972232267715	0.48	0.247	1.64905616593689e-11
EMC6	3	9.11863073092803e-16	1.06166438294764	0.421	0.206	1.65010741706874e-11
B4GALT4	3	1.05190923870414e-15	1.48768082731765	0.251	0.093	1.90353495835901e-11
PUS7L	3	1.16969730733473e-15	0.944583452363282	0.391	0.179	2.11668424735292e-11
CD27	3	1.17985326409148e-15	1.1202285265532	0.284	0.11	2.13506246669994e-11
TMEM205	3	1.39855412222809e-15	0.981595249385397	0.443	0.223	2.53082353958395e-11
WIPI1	3	1.43022780872287e-15	1.37768970630254	0.258	0.097	2.58814024266491e-11
MRPL55	3	1.44797691158749e-15	1.03897447119216	0.421	0.208	2.62025901920873e-11
WDR45	3	1.49961335966595e-15	1.18445733136816	0.38	0.179	2.7137003356515e-11
AHNAK	3	1.57775757886797e-15	1.14064697832804	0.616	0.384	2.85511011471948e-11
C12orf23	3	1.87871169551956e-15	1.12214742957281	0.351	0.157	3.39971668421219e-11
TRMT112	3	1.98662372433258e-15	0.549912801796442	0.871	0.7	3.59499429155224e-11
GADD45GIP1	3	2.0171251311707e-15	0.685545934133721	0.661	0.388	3.65018963736649e-11
IQCB1	3	2.04331351158146e-15	1.30462624411282	0.251	0.092	3.6975801305578e-11
RPL22L1	3	2.10141049178857e-15	0.718155049999884	0.808	0.613	3.80271242594059e-11
ODF3B	3	2.59277837264828e-15	0.832944969874529	0.542	0.3	4.69189174314432e-11
EIF4A3	3	2.64319000821025e-15	0.642976602513539	0.579	0.308	4.78311663885727e-11
UQCRQ	3	3.00225178949886e-15	0.51506364088187	0.908	0.711	5.43287483827714e-11
HDLBP	3	3.06310147617559e-15	0.930700739122376	0.483	0.261	5.54298843128734e-11
SF3B5	3	3.07320857801898e-15	0.966771912709239	0.635	0.385	5.56127824278315e-11
MPG	3	3.25768274385751e-15	0.73328392634388	0.524	0.273	5.89510269328455e-11
HDDC3	3	3.31718959967188e-15	1.33225226906082	0.255	0.095	6.00278629956623e-11
TOPORS-AS1	3	5.17077402693089e-15	1.13282456295284	0.332	0.145	9.35703267913414e-11
C5orf56	3	6.63428508105833e-15	0.94741813406731	0.391	0.185	1.20054022826832e-10
GPANK1	3	7.39166763384134e-15	1.23981355635052	0.288	0.118	1.33759617501993e-10
ZFP36L2	3	7.55077645122747e-15	0.609221278318047	0.786	0.554	1.36638850661412e-10
PSMD7	3	8.03565365370949e-15	0.998630126026584	0.435	0.223	1.45413188517527e-10
IFI35	3	8.58213692826395e-15	0.756845001103888	0.59	0.346	1.55302349853864e-10
HPCAL1	3	9.15527157046695e-15	0.96255280149422	0.399	0.19	1.6567379433917e-10
ITGA6	3	9.71073890247722e-15	0.611191590163952	0.417	0.192	1.75725531179228e-10
MESDC2	3	1.04312876051858e-14	0.928751339098679	0.454	0.235	1.88764580503442e-10
SCYL1	3	1.05607977681948e-14	1.28638801695015	0.306	0.133	1.91108196413254e-10
FUCA2	3	1.29799541856219e-14	1.09504587509095	0.41	0.209	2.34885250943014e-10
TARSL2	3	1.31540460557934e-14	1.1598865886804	0.295	0.122	2.38035617425637e-10
MRP63	3	1.6374751766993e-14	0.711114572397425	0.635	0.375	2.96317507975505e-10
TCF25	3	1.66883502331468e-14	0.612544235142741	0.683	0.42	3.01992385819025e-10
GOLT1B	3	2.26147743955729e-14	1.19163493344121	0.292	0.122	4.09236957462288e-10
THAP7	3	2.66795414378979e-14	1.08162908497489	0.317	0.138	4.827929818602e-10
MOGS	3	2.7285357388277e-14	1.11643114084524	0.303	0.128	4.93755827298261e-10
ERGIC3	3	2.88024247279192e-14	0.941186180355795	0.417	0.211	5.21208677876426e-10
NDUFA6	3	3.15342367681268e-14	0.76410882672974	0.568	0.337	5.70643548556022e-10
PRELID1	3	3.4360924816857e-14	0.561199861768833	0.838	0.626	6.21795295485844e-10
ICAM2	3	3.64413242752445e-14	0.7850681750548	0.351	0.157	6.59442204084824e-10
SLC50A1	3	3.86162377512193e-14	1.16771025653101	0.332	0.152	6.98799438346065e-10
MRPS34	3	4.39581679283339e-14	0.855149706115199	0.524	0.293	7.95467006831129e-10
SRM	3	4.57235047702504e-14	0.86980370412376	0.502	0.28	8.27412542322452e-10
HSPB11	3	6.29448709536654e-14	0.864198056841415	0.469	0.254	1.13905038477753e-09
ZBTB38	3	6.30678535907314e-14	0.981833233441245	0.384	0.185	1.14127587857788e-09
HSCB	3	6.42781740613612e-14	1.30408619205856	0.273	0.113	1.16317783781439e-09
HMGB2	3	7.32113467749215e-14	0.584838134582479	0.542	0.302	1.32483253123898e-09
SERTAD1	3	7.50707946365122e-14	0.537712536465954	0.72	0.444	1.35848109974233e-09
VEGFA	3	7.89719262614357e-14	0.710138894330995	0.369	0.17	1.42907597762694e-09
SNRNP25	3	1.35956589349794e-13	1.17065153184313	0.292	0.126	2.46027044087387e-09
DOK3	3	1.37905820499788e-13	1.38391294142745	0.251	0.102	2.49554372776416e-09
AUP1	3	1.40601071324263e-13	0.972396485558149	0.421	0.219	2.54431698668386e-09
SAT2	3	1.50258028857752e-13	0.600780846219505	0.661	0.39	2.71906929020989e-09
AKAP17A	3	1.62131697658614e-13	1.15488421598481	0.31	0.139	2.93393520083029e-09
SLC2A5	3	1.64047777158719e-13	0.963284948193967	0.314	0.139	2.96860857546417e-09
PPA1	3	1.69564446135861e-13	0.572678165601817	0.609	0.35	3.06843821727453e-09
CCT8	3	1.7935105921146e-13	0.912778831125113	0.443	0.239	3.24553676749058e-09
RHEB	3	1.97850656496444e-13	0.706033891935679	0.657	0.412	3.58030547995965e-09
SURF4	3	2.25146685564885e-13	0.84212302581896	0.446	0.235	4.07425442198216e-09
VAMP2	3	2.36865984506244e-13	0.58649749011813	0.649	0.384	4.286326855625e-09
FASTK	3	2.61213573691999e-13	1.12397315761511	0.314	0.143	4.72692082953042e-09
GARS	3	3.13823432151103e-13	1.15879244797481	0.288	0.125	5.67894882820636e-09
GLCCI1	3	3.51506364581956e-13	1.0088857667847	0.258	0.104	6.36085917347507e-09
IFRD1	3	3.59388987701087e-13	0.909043136840954	0.472	0.262	6.50350312143887e-09
MPC2	3	4.18884080663177e-13	0.820681489238054	0.494	0.281	7.58012632368086e-09
CLINT1	3	4.994254279524e-13	1.05655710232231	0.343	0.165	9.03760254422663e-09
MBD2	3	6.32366720696574e-13	0.88118900073169	0.446	0.244	1.14433081777252e-08
NOL7	3	6.40365367282036e-13	0.869846891732942	0.435	0.235	1.15880516863357e-08
MORF4L2	3	6.96231814656879e-13	0.855914655783645	0.535	0.322	1.25990109180309e-08
RELB	3	7.07252117900434e-13	1.22389035803347	0.284	0.125	1.27984343255262e-08
LY96	3	7.46671680453052e-13	0.42475742916913	0.804	0.518	1.35117707294784e-08
GS1-251I9.4	3	8.24685226714384e-13	0.805996221762336	0.465	0.254	1.49235038626235e-08
TMEM243	3	9.57959799522142e-13	0.863531953622509	0.424	0.225	1.73352405321527e-08
REXO2	3	1.00164062754579e-12	0.797823547092981	0.494	0.284	1.81256887960686e-08
SLC38A10	3	1.01572748736145e-12	0.930700739122376	0.376	0.19	1.83806046112929e-08
CHST12	3	1.08557499404434e-12	0.887551502955229	0.328	0.151	1.96445650922263e-08
TNFAIP2	3	1.14132700982811e-12	0.836074570924577	0.439	0.233	2.06534535698494e-08
DCPS	3	1.18147801782672e-12	1.15309316045882	0.258	0.108	2.13800262105923e-08
SLC38A1	3	1.19825456668951e-12	0.776958934962639	0.325	0.145	2.16836146388134e-08
MBNL2	3	1.2791756441953e-12	0.634553365611641	0.443	0.23	2.31479624573582e-08
SEC24D	3	1.46422684032489e-12	1.01331332263669	0.295	0.132	2.64966489025192e-08
MAD2L2	3	1.50193885421457e-12	1.0666208410743	0.306	0.141	2.71790855058668e-08
MRPS33	3	1.59279866177946e-12	0.986866430820961	0.325	0.152	2.88232845835611e-08
MTIF3	3	1.68310788416585e-12	0.93499356494064	0.413	0.222	3.04575202718651e-08
EIF2S2	3	2.29727038146132e-12	0.697817327027872	0.542	0.321	4.1571404822924e-08
GORASP2	3	2.35580394153094e-12	1.20801205934706	0.277	0.124	4.26306281259439e-08
DAPP1	3	2.48263596792629e-12	0.952011245367788	0.31	0.142	4.49257804755941e-08
C10orf54	3	2.53944779070469e-12	0.610037208278667	0.576	0.34	4.59538472205921e-08
IDH2	3	2.54490508105811e-12	0.765461818520632	0.399	0.201	4.60526023468276e-08
SGSM3	3	2.80141615056626e-12	1.06394918282767	0.277	0.121	5.06944266606471e-08
GHITM	3	3.17815416458623e-12	0.712616627068809	0.542	0.324	5.75118777623524e-08
RAB30-AS1	3	3.81683002525229e-12	1.11671272473232	0.295	0.136	6.90693561369655e-08
NDUFA1	3	4.06878150203364e-12	0.442314092220662	0.889	0.74	7.36286700608008e-08
ANAPC16	3	4.73599883792555e-12	0.52268165851991	0.723	0.48	8.57026349711007e-08
EMP3	3	7.03028777314176e-12	0.371789034859396	0.863	0.623	1.27220087542773e-07
NT5C3A	3	7.22385668965576e-12	0.903805512059316	0.387	0.202	1.30722910656011e-07
PSME2	3	7.93006857054341e-12	0.43450666115078	0.893	0.718	1.43502520852553e-07
INSIG2	3	8.48746806512202e-12	0.978006453900733	0.288	0.13	1.53589222106448e-07
EIF5	3	9.27749629948986e-12	0.585867483103261	0.649	0.419	1.67885573035568e-07
NENF	3	9.35889678026986e-12	0.572892447397165	0.624	0.388	1.69358596135763e-07
CD1D	3	9.42919166736151e-12	0.904871749270517	0.299	0.137	1.70630652412574e-07
MYL6B	3	9.94325236441022e-12	0.865463674594389	0.347	0.172	1.79933094786367e-07
DAP	3	1.00912720108675e-11	0.775126921298773	0.443	0.245	1.82611658308659e-07
NDUFA11	3	1.01187720134708e-11	0.530493746271198	0.768	0.555	1.83109298355768e-07
BTN3A2	3	1.07435857657322e-11	0.845844272945476	0.354	0.176	1.9441592801669e-07
BCKDK	3	1.14714016857011e-11	0.997750389199147	0.328	0.162	2.07586484904447e-07
SRSF7	3	1.36544457861683e-11	0.702463473537133	0.834	0.676	2.47090850946502e-07
GFPT1	3	1.47277662599369e-11	1.10386940988199	0.255	0.111	2.66513658239819e-07
NDUFV1	3	1.4756245401458e-11	0.798067663830401	0.413	0.221	2.67029016784785e-07
PSMD5-AS1	3	1.49826683729099e-11	1.02812993332657	0.262	0.115	2.71126366876178e-07
CASP3	3	1.76025579323208e-11	1.08556826799056	0.284	0.132	3.18535888343277e-07
METTL12	3	1.83204322354124e-11	0.921422925534365	0.317	0.153	3.31526541732024e-07
MED29	3	1.85333627157343e-11	1.30286983981264	0.306	0.154	3.35379731703927e-07
ORMDL1	3	1.93637498662122e-11	0.496774730125201	0.62	0.378	3.50406417578977e-07
C7orf50	3	2.05368097071971e-11	0.685082476148013	0.546	0.331	3.71634108461439e-07
NDUFC2	3	2.29137769231012e-11	0.527982066665901	0.804	0.607	4.14647707200439e-07
SRP19	3	2.34764144631151e-11	0.871240605027668	0.395	0.212	4.24829196124531e-07
FIS1	3	2.36487446071571e-11	0.480922445464265	0.797	0.578	4.27947682411115e-07
ILF2	3	2.65912564561928e-11	0.898779762750157	0.384	0.206	4.81195376831264e-07
EIF1AX	3	2.97676000409938e-11	0.601780107603366	0.601	0.376	5.38674490341824e-07
CDKN2AIP	3	3.0143662557168e-11	1.09979493429877	0.266	0.12	5.45479717634511e-07
ATP5A1	3	3.37557264494134e-11	0.77354258894111	0.439	0.247	6.10843625828584e-07
RBBP6	3	3.48049013451825e-11	1.20732339860322	0.38	0.208	6.29829494742422e-07
SMARCB1	3	4.26115079340976e-11	0.916930877148964	0.351	0.182	7.71097847575429e-07
GMDS	3	4.35674403316944e-11	1.06114768920098	0.251	0.11	7.88396400242343e-07
UBE2M	3	4.99912691003884e-11	0.584303096300765	0.59	0.365	9.04642005640629e-07
EXOSC1	3	5.39476834607938e-11	1.07134763514883	0.266	0.121	9.76237279906524e-07
UXT	3	6.16101529442520e-11	0.572115289822797	0.642	0.426	1.11489732767918e-06
OSBPL3	3	6.51375034762158e-11	0.922699082221635	0.262	0.117	1.1787282629056e-06
UBE2D2	3	6.55786407698565e-11	0.617281707136538	0.576	0.369	1.18671108337132e-06
PSME1	3	6.84982603523995e-11	0.4404675942112	0.801	0.597	1.23954451933702e-06
PET100	3	7.31574781675473e-11	0.531442449067945	0.642	0.411	1.32385772491994e-06
MPC1	3	8.04854488483138e-11	0.764532097179683	0.439	0.25	1.45646468235909e-06
NEDD9	3	8.35615094451703e-11	0.884897049509251	0.303	0.146	1.5121290749198e-06
RGS2	3	8.73241362923465e-11	1.2416452564928	0.454	0.284	1.5802175703463e-06
SEMA4D	3	9.47477016980151e-11	0.744545163450286	0.343	0.172	1.71455440992728e-06
PSMD9	3	1.01553117623687e-10	0.948913542380406	0.332	0.172	1.83770521651823e-06
ANAPC5	3	1.02635599271419e-10	0.75298537400367	0.402	0.22	1.8572938044156e-06
RP11-138A9.2	3	1.42043765514128e-10	0.96586589102852	0.325	0.167	2.57042398074366e-06
PIH1D1	3	1.4304964903301e-10	0.877910619193144	0.336	0.171	2.58862644890134e-06
EGR1	3	1.43985593197403e-10	0.3043532200551	0.657	0.447	2.6055632945002e-06
PRKRA	3	1.54431790649583e-10	1.04855973372604	0.28	0.135	2.79459768359486e-06
STX5	3	1.55693492829151e-10	0.940204421188348	0.336	0.175	2.81742944623631e-06
RHOB	3	1.70385800538388e-10	0.39106449477498	0.675	0.434	3.08330144654267e-06
CLK4	3	1.71547812245686e-10	0.909215680234812	0.277	0.129	3.10432921039794e-06
RER1	3	1.75031521148788e-10	0.576518445230387	0.59	0.379	3.16737040670847e-06
NFKB2	3	1.77156250735106e-10	1.16048450568613	0.28	0.138	3.20581951330248e-06
EPB41L4A-AS1	3	1.86735177856875e-10	0.892759167282222	0.303	0.148	3.37915977849801e-06
MRPL20	3	1.87011798837714e-10	0.588024119369902	0.557	0.348	3.38416551176728e-06
BCL2L11	3	1.94446707734766e-10	1.05764257001394	0.262	0.123	3.51870762316832e-06
ITM2A	3	2.16709104724933e-10	0.539122212667521	0.251	0.108	3.92156795910239e-06
KCNQ1OT1	3	2.26340655392156e-10	0.451430454658616	0.395	0.21	4.09586049997645e-06
NACA	3	2.28866681243295e-10	0.262364505848109	0.996	0.986	4.14157146377866e-06
RP11-489E7.4	3	2.29576257008223e-10	1.17282263088476	0.251	0.114	4.15441194682079e-06
CHCHD10	3	2.46943086183557e-10	0.495241426454005	0.672	0.438	4.46868208757765e-06
USO1	3	2.60494986028552e-10	0.909544574580449	0.317	0.161	4.71391726717267e-06
KLHDC2	3	2.84595355778402e-10	0.974804021862389	0.288	0.141	5.15003755816596e-06
PAPSS1	3	2.91370859352239e-10	1.05666339777573	0.295	0.149	5.27264707083812e-06
SS18L2	3	2.91963163858872e-10	0.86090610294275	0.354	0.189	5.28336541319015e-06
EMC7	3	2.98399232326999e-10	0.721111185164345	0.454	0.267	5.39983250818937e-06
MTERFD2	3	3.46954162239734e-10	0.914581073759099	0.28	0.133	6.27848251989022e-06
R3HCC1	3	3.50516085956577e-10	1.07086606259583	0.251	0.116	6.34293909147021e-06
RBM6	3	3.53913942728319e-10	0.654547106393884	0.358	0.186	6.40442670761165e-06
LINC-PINT	3	3.68699706068891e-10	0.545895441262947	0.391	0.204	6.67198988102265e-06
SLC25A6	3	3.69400854444691e-10	0.526526958653828	0.686	0.502	6.68467786203113e-06
DUS1L	3	3.86949548626657e-10	0.838243422968672	0.351	0.187	7.00223903194798e-06
ASXL1	3	4.12895878117095e-10	0.957722182446378	0.317	0.161	7.47176381040695e-06
NDUFB3	3	4.13675064798025e-10	0.647554286706832	0.55	0.356	7.48586397258506e-06
CYP20A1	3	4.23949101304153e-10	1.08595436726785	0.266	0.127	7.67178293719995e-06
PSMB1	3	4.34280157810309e-10	0.441253046222196	0.819	0.62	7.85873373573535e-06
DTWD1	3	4.55630724825974e-10	1.04754738715381	0.266	0.127	8.24509359645082e-06
GLS	3	4.83525571310299e-10	0.617917364019779	0.487	0.289	8.74987873843117e-06
EDEM1	3	4.98907933265972e-10	0.602038519300481	0.358	0.189	9.02823796038103e-06
NDUFC1	3	5.21532897337293e-10	0.580954700095251	0.587	0.366	9.43765931021566e-06
LSMD1	3	5.8259952298606e-10	0.511721164222373	0.727	0.51	1.05427209679557e-05
CLK1	3	5.9240394868335e-10	0.515663239843532	0.579	0.367	1.07201418553739e-05
MRPS18B	3	6.22983166182066e-10	1.05062712606581	0.31	0.165	1.12735033752307e-05
NAGLU	3	6.24441122504296e-10	1.08321533586684	0.266	0.129	1.12998865528377e-05
STUB1	3	6.56159091833011e-10	0.637305554476615	0.554	0.359	1.18738549258102e-05
PDE4B	3	6.72283516368614e-10	0.595177535532224	0.413	0.229	1.21656425122064e-05
MRPL54	3	8.85410121914697e-10	0.607984070812325	0.583	0.389	1.60223815661683e-05
HAGH	3	9.53599875490452e-10	0.937043906122234	0.351	0.195	1.72563433468752e-05
LENG1	3	1.09591119020998e-09	1.14922015131162	0.255	0.121	1.98316088980398e-05
CCDC69	3	1.18078433528054e-09	0.959106248557453	0.266	0.128	2.13674733312366e-05
TIMM17A	3	1.24130398273548e-09	0.948122173954834	0.28	0.139	2.24626368715812e-05
CDYL	3	1.46375369401539e-09	0.994685195047363	0.269	0.132	2.64880868469024e-05
NUDT16L1	3	1.47161514040158e-09	1.25190185236629	0.251	0.121	2.66303475807069e-05
COMMD1	3	1.52227616651761e-09	0.803349931733332	0.369	0.206	2.75471095093027e-05
ACADM	3	1.54809202679063e-09	0.789965537355062	0.328	0.173	2.80142733168032e-05
NDUFV2	3	1.5984183101202e-09	0.520663920901898	0.661	0.47	2.89249777399351e-05
SARS	3	1.70296427926937e-09	0.840502930150798	0.38	0.216	3.08168415976586e-05
PNPLA2	3	1.85150395968654e-09	0.882776997634881	0.28	0.139	3.35048156544876e-05
SSR1	3	1.94103097891845e-09	0.622109026570922	0.487	0.3	3.51248965945082e-05
RAB2A	3	1.9700310139241e-09	0.554863904984834	0.554	0.351	3.56496812279705e-05
MCTS1	3	2.04410465073662e-09	0.705385999237741	0.421	0.248	3.69901177597298e-05
SEC63	3	2.23327172128651e-09	0.851391246293534	0.365	0.207	4.04132850684006e-05
PTPN2	3	2.28012021663682e-09	0.477204400843575	0.476	0.277	4.12610554402598e-05
IL2RG	3	2.31276972250841e-09	0.732074475757652	0.295	0.147	4.18518808985122e-05
NDUFA2	3	2.85000193233862e-09	0.537615383060324	0.624	0.426	5.15736349675997e-05
MRPL3	3	2.85996559605493e-09	0.873669794085997	0.306	0.16	5.17539374262101e-05
RPLP0	3	2.98766683988873e-09	0.303402812594493	0.963	0.888	5.40648191346264e-05
CHCHD1	3	3.00818285532867e-09	0.794198739217514	0.376	0.218	5.44360769500276e-05
DNAJC7	3	3.04002432345296e-09	0.776918138224779	0.362	0.201	5.50122801572047e-05
MTX1	3	3.08952782884244e-09	1.01371051558241	0.284	0.146	5.59080955907328e-05
NDUFB7	3	3.16492976132713e-09	0.457875702687258	0.775	0.592	5.72725689609757e-05
RABGGTB	3	3.30373194903194e-09	0.716808706546556	0.391	0.224	5.97843333496819e-05
STOML2	3	3.55451488346468e-09	0.764252950838157	0.395	0.231	6.43225013311769e-05
PTOV1	3	3.61634888427036e-09	0.986688697000533	0.292	0.152	6.54414494097565e-05
UQCRH	3	4.19566741498309e-09	0.395491273598319	0.845	0.683	7.5924797541534e-05
USE1	3	4.28166453595668e-09	0.919394293785688	0.266	0.132	7.74810014426721e-05
LMNA	3	4.31686372538538e-09	0.632221400793501	0.568	0.353	7.81179659745739e-05
ARF1	3	4.51619227127759e-09	0.438535777933311	0.775	0.581	8.17250153410394e-05
TAF9	3	4.84610586533238e-09	0.577715539991075	0.48	0.3	8.76951317390548e-05
RAB8A	3	4.93864310043826e-09	0.714972048066939	0.458	0.287	8.93696855455307e-05
POLR1D	3	5.04934188472707e-09	0.534986542096008	0.554	0.36	9.13728907460211e-05
ROMO1	3	5.25794772795153e-09	0.530971861412903	0.616	0.421	9.5147822085011e-05
RRP36	3	5.39433683257272e-09	0.996153800610992	0.255	0.125	9.7615919322236e-05
NDUFAF3	3	6.44147043166316e-09	0.526340032631166	0.557	0.358	0.000116564848931377
MRPL34	3	6.61837878643999e-09	0.720170954741258	0.402	0.239	0.000119766182519418
NCOA7	3	6.74179288797574e-09	0.368362720674097	0.443	0.256	0.000121999484100809
CLPTM1	3	6.80594564375548e-09	0.750528417475984	0.299	0.155	0.000123160392369399
PINK1	3	7.38265818665337e-09	0.985238023131808	0.258	0.129	0.000133596582545679
HBP1	3	7.70329590052233e-09	0.663766276736714	0.413	0.244	0.000139398842615852
BSG	3	7.8355801816126e-09	0.343451270882596	0.753	0.541	0.000141792658966462
VDAC2	3	7.99487614515384e-09	0.622123269643267	0.483	0.308	0.000144675278722704
PITHD1	3	8.71051732488738e-09	1.01249483028602	0.321	0.182	0.000157625521511162
CD320	3	8.80129761687866e-09	0.800799096177047	0.31	0.165	0.000159268281675036
IL10RA	3	9.48319952032646e-09	0.500176774570049	0.579	0.37	0.000171607978519828
CCDC90B	3	1.02003297591488e-08	0.80808145245842	0.339	0.19	0.000184585167321556
CIR1	3	1.02980920129757e-08	0.619418285040074	0.402	0.233	0.000186354273066808
NUDT4	3	1.10622504087028e-08	0.565173225548619	0.369	0.204	0.000200182483395886
GUSB	3	1.15415800394283e-08	0.761514634003969	0.376	0.221	0.000208856432393494
MLEC	3	1.15628598522493e-08	0.575508150282235	0.446	0.27	0.000209241511886303
ZRANB2	3	1.18738964333037e-08	0.708602523191211	0.339	0.187	0.000214870029857064
CYB5R4	3	1.24617447236039e-08	0.811401810750031	0.339	0.191	0.000225507732518335
EMC3	3	1.36669834627916e-08	0.849901628153047	0.336	0.19	0.000247317732742676
TMEM230	3	1.36782082957363e-08	0.504453727018782	0.598	0.406	0.000247520857319645
TMEM14B	3	1.41650808625514e-08	0.643937796141158	0.428	0.26	0.00025633130328873
C21orf2	3	1.48780662427158e-08	0.981405030362597	0.258	0.132	0.000269233486728185
SLC7A7	3	1.59430584877644e-08	0.755213895260128	0.321	0.176	0.000288505586394584
TMED5	3	1.69379410450737e-08	0.749474895466878	0.376	0.221	0.000306508981151653
ACYP2	3	1.76089856487533e-08	0.84772725691871	0.284	0.148	0.000318652204299839
OS9	3	1.82311910680989e-08	0.560643901675645	0.502	0.32	0.000329911633568318
DCTN3	3	1.88678922064947e-08	0.572783244448845	0.502	0.318	0.000341433377368728
HYOU1	3	1.89007932574577e-08	1.00748365497757	0.258	0.132	0.000342028754786955
DNAJC15	3	2.08887171942624e-08	0.890372179575402	0.303	0.165	0.000378002226347373
COQ4	3	2.09000874972314e-08	0.916451783384096	0.251	0.126	0.000378207983349899
MCL1	3	2.29283891043324e-08	0.510248902974048	0.804	0.689	0.000414912129231999
SOCS1	3	2.37356172358281e-08	0.867983666572905	0.299	0.162	0.000429519729499544
CTA-29F11.1	3	2.43123928931189e-08	0.685909582464476	0.384	0.226	0.00043995706179388
NPM1	3	2.57479290466835e-08	0.352915840474267	0.893	0.75	0.000465934524028784
WIPI2	3	2.69421717950677e-08	0.734144357341785	0.321	0.178	0.000487545540803545
C11orf73	3	2.79731070035374e-08	0.772687545923226	0.354	0.207	0.000506201344336013
C11orf83	3	2.97955046129842e-08	0.766197371422112	0.288	0.153	0.000539179451476561
RBM39	3	3.01261744100653e-08	0.360603781795018	0.727	0.528	0.000545163252124542
TOP1	3	3.03613813327597e-08	0.705124262110591	0.391	0.235	0.000549419556597619
RPL17	3	3.03947714969552e-08	0.539530041657061	0.483	0.303	0.000550023785008902
FAM96A	3	3.30313767529765e-08	0.717999740764507	0.424	0.264	0.000597735793721863
MDFIC	3	3.41251005845745e-08	0.614570151109101	0.354	0.198	0.000617527820178461
YIF1A	3	3.52415817033545e-08	0.54182314575034	0.446	0.269	0.000637731662503903
NDUFS7	3	3.53817552813488e-08	0.554769684063668	0.524	0.342	0.000640268243571288
MRPL22	3	3.59520078185217e-08	0.812056242623757	0.321	0.18	0.000650587533483968
SRP72	3	3.60924917459823e-08	0.742412576157474	0.347	0.2	0.000653129730635296
CCNL1	3	3.76301322974185e-08	0.509579535077254	0.764	0.578	0.000680954874054084
IFI30	3	4.1618303592327e-08	0.559130819639097	0.432	0.257	0.000753124821806749
METTL7A	3	4.50401281038542e-08	0.936464191657549	0.255	0.131	0.000815046158167346
RBBP4	3	4.66186095707315e-08	0.653877450820099	0.391	0.235	0.000843610358791957
ARHGAP9	3	4.96715819301528e-08	0.714972048066939	0.251	0.125	0.000898856946608046
TAP2.1	3	5.12470555408861e-08	0.915945485768481	0.277	0.148	0.000927366717067876
MZT2B	3	5.49796230054115e-08	0.357733177970475	0.815	0.686	0.000994911257905927
DESI1	3	5.57096453379678e-08	1.00782210833629	0.258	0.137	0.00100812174203586
CCNDBP1	3	5.89411232155419e-08	0.555572226487337	0.362	0.204	0.00106659856570845
HNRNPH1	3	6.11326865318382e-08	0.451396191657869	0.812	0.67	0.00110625709548014
ANKRD12	3	6.17830690848785e-08	0.365766538926721	0.594	0.388	0.00111802641815996
ATP6V1G1	3	6.3418982768018e-08	0.373160528849028	0.856	0.708	0.00114762991217005
NFKBID	3	6.38868005064428e-08	0.900527701223015	0.288	0.159	0.00115609554196459
SRSF9	3	6.43861751644851e-08	0.448704817352408	0.793	0.617	0.00116513222577652
UNC50	3	6.87311414624814e-08	0.848110379255472	0.347	0.207	0.00124375873590506
EIF5A	3	7.41514381395228e-08	0.445100916563607	0.635	0.449	0.0013418444245728
TPGS1	3	7.63095689436292e-08	0.691338391563204	0.351	0.204	0.00138089795960391
VKORC1	3	7.94858059740764e-08	0.564257650590461	0.439	0.282	0.00143837514490689
CRIPT	3	8.40582330276638e-08	0.849443963891084	0.303	0.17	0.0015211177848686
TRAPPC2P1	3	8.74962405474521e-08	0.827113552923618	0.266	0.14	0.00158333196894669
PTPMT1	3	9.60033568822834e-08	0.806395075830533	0.303	0.17	0.0017372767461418
FCHSD2	3	1.01551338300452e-07	0.688254709691159	0.314	0.177	0.00183767301788498
NDUFB5	3	1.04916936016684e-07	0.484931126160818	0.576	0.393	0.00189857687415792
CHD2	3	1.06169232147135e-07	0.442178675770816	0.535	0.345	0.00192123842493456
C10orf118	3	1.06224455086603e-07	0.828891639780509	0.262	0.14	0.00192223773924718
YIPF5	3	1.12268074979528e-07	0.640624706606858	0.336	0.192	0.00203160308482953
PPP2R5C	3	1.14324367628473e-07	0.416947139706063	0.55	0.35	0.00206881375660484
NXT1	3	1.23571580622321e-07	0.714972048066939	0.299	0.166	0.00223615132294152
RAB9A	3	1.33035515747303e-07	0.649807001400482	0.328	0.187	0.00240741069296319
WDR74	3	1.33815470312988e-07	0.62546079664585	0.351	0.21	0.00242152475078382
CALR	3	1.36097088588671e-07	0.345903473483488	0.911	0.852	0.00246281291510059
MZT2A	3	1.36357656913508e-07	0.45252279537071	0.428	0.255	0.00246752815950684
EIF5B	3	1.36745701179205e-07	0.651452310610158	0.384	0.234	0.0024745502085389
SRSF6	3	1.36924666669701e-07	0.620507364063446	0.387	0.233	0.00247778876805491
PSMD13	3	1.40688322922849e-07	0.549040115990486	0.413	0.249	0.00254589589161187
C12orf57	3	1.40783780946241e-07	0.761696574232584	0.627	0.449	0.00254762330000318
PPM1K	3	1.51476505495833e-07	0.634353587858654	0.376	0.225	0.00274111884345259
PMVK	3	1.51492827227985e-07	0.787641115765171	0.303	0.172	0.00274141420151761
PSMB5	3	1.53437155037704e-07	0.577139854753926	0.395	0.239	0.00277659875756229
MRPS16	3	1.57303427579218e-07	0.679457761454	0.347	0.204	0.00284656282547353
CTBS	3	1.58704417217939e-07	0.650504514188778	0.373	0.226	0.00287191513397583
MGAT1	3	1.65346668849404e-07	0.444834417629132	0.565	0.378	0.00299211331949881
METRN	3	1.80900521149651e-07	0.257878400837528	0.362	0.206	0.00327357583072409
NDUFAB1	3	1.87887135538413e-07	0.447210811285207	0.598	0.413	0.00340000560470312
PSMA2.1	3	2.05455748152196e-07	0.519214753233957	0.48	0.309	0.00371792721856214
PAIP2	3	2.06977842929218e-07	0.478041606187413	0.601	0.43	0.00374547104564714
TCEAL3	3	2.16653188213281e-07	0.733384085180819	0.292	0.163	0.00392055609390753
UFSP2	3	2.25241004682467e-07	0.944275596588183	0.262	0.143	0.00407596122073393
SMAP2	3	2.34243882508697e-07	0.622123269643267	0.424	0.269	0.00423887729787738
AZIN1	3	3.07215412619839e-07	0.745345697110457	0.343	0.209	0.0055593701067686
TM9SF2	3	3.27279689222806e-07	0.578433215119173	0.402	0.249	0.00592245325617589
ADAM28	3	3.2962887436098e-07	0.600770987334273	0.28	0.152	0.0059649641104363
ATP5I	3	3.35406866565867e-07	0.303168962748518	0.882	0.801	0.00606952265737592
ZFAND1	3	3.55949335523636e-07	0.833792708561245	0.251	0.134	0.00644125917563572
MKKS	3	3.75564330643283e-07	0.752293674272673	0.351	0.217	0.00679621212732085
OCIAD1	3	4.1630937968274e-07	0.392654614345507	0.624	0.44	0.00753353453473886
DHPS	3	4.46991183789399e-07	0.810319924654419	0.273	0.152	0.00808875246185297
MEF2D	3	4.60984493665378e-07	0.779677737454754	0.284	0.161	0.00834197539736869
CYSLTR1	3	4.8600867868358e-07	0.750161476529239	0.273	0.152	0.00879481304945806
ATP5J	3	5.0067061421056e-07	0.356518077154462	0.775	0.632	0.00906013543475429
IGBP1	3	5.35768604557581e-07	0.775558200927978	0.255	0.138	0.00969526866807398
NR1H2	3	5.41897818397373e-07	0.724074255174191	0.325	0.194	0.00980618292171886
DDX39A	3	5.49613523181881e-07	0.654089805919916	0.354	0.214	0.00994580631549931
LINC00493	3	5.67705621393575e-07	0.512828310574296	0.469	0.31	0.0102732009247381
TXNDC17	3	5.70559712762702e-07	0.5163282295031	0.465	0.308	0.0103248485621539
CLPP	3	5.91376275239183e-07	0.687395803714514	0.306	0.176	0.0107015450767283
PPP1R35	3	5.91567395321108e-07	0.580155465438565	0.336	0.196	0.0107050035857308
NOP56	3	6.03770750716589e-07	0.730078940457147	0.292	0.167	0.0109258355049674
GOLGA3	3	6.08234051046871e-07	0.766994260415221	0.251	0.136	0.0110066033877442
NDUFA13	3	6.24139520094319e-07	0.413105727512549	0.657	0.49	0.0112944287556268
NCOA3	3	6.40602460450872e-07	0.654430506131888	0.31	0.179	0.011592342124319
UBE2B	3	6.58399569615619e-07	0.450858588300351	0.638	0.483	0.0119143986117642
MAP1LC3B	3	6.59999095226114e-07	0.549322138516589	0.653	0.504	0.0119433436272118
C17orf89	3	6.63188045699691e-07	0.468863557756683	0.458	0.298	0.0120010508749816
UNC93B1	3	6.7519547000909e-07	0.416922916488531	0.48	0.311	0.0122183372252845
ITGAE	3	7.22333733924569e-07	0.675443683880301	0.28	0.156	0.013071351249099
UQCC2	3	7.32233366637474e-07	0.534399802425118	0.454	0.302	0.0132504950026717
SUGT1	3	7.6940203058989e-07	0.853048183469911	0.262	0.147	0.0139230991455547
SH3GLB1	3	7.96011400155457e-07	0.407128615185593	0.52	0.348	0.0144046222972131
UBE2E3	3	8.77311275373895e-07	0.706333129793066	0.328	0.198	0.015875824839166
PMF1	3	8.91218000601119e-07	0.678446172041824	0.299	0.172	0.0161274809388778
VPS51	3	9.12924933236875e-07	0.770530024557251	0.251	0.137	0.0165202895918545
TRADD	3	9.17379554041866e-07	0.65528805768389	0.373	0.235	0.0166009004099416
LAMP2	3	9.22458599192391e-07	0.392119444951278	0.542	0.367	0.0166928108109855
SEPT1	3	1.20883595447315e-06	0.42241855531309	0.277	0.15	0.0218750954321462
SMIM7	3	1.22401357400922e-06	0.385101932050772	0.491	0.314	0.0221497496352708
SND1	3	1.23379839038943e-06	0.702372011287305	0.295	0.172	0.0223268156724872
DDX24	3	1.27010665113499e-06	0.412569746879428	0.565	0.394	0.0229838499589388
AIG1	3	1.40851063485018e-06	0.853355532222861	0.258	0.147	0.0254884084482489
NDFIP1	3	1.48056212964546e-06	0.414223989029036	0.568	0.404	0.0267922522980642
TOB1	3	1.50541744744453e-06	0.47627781440139	0.41	0.259	0.0272420341289563
POLR2J	3	1.57227885197135e-06	0.410117466538518	0.472	0.306	0.0284519581052735
GTF3A	3	1.74997264911008e-06	0.30435773582228	0.598	0.407	0.0316675050582959
RNF181	3	1.77461430665714e-06	0.510152256178441	0.491	0.339	0.0321134204932677
ECH1	3	1.84745196917734e-06	0.469098193391328	0.443	0.288	0.0334314908342332
MAP2K2	3	1.91412452824397e-06	0.492579626730491	0.491	0.337	0.0346379974631028
COX17	3	1.91752748038319e-06	0.378837460681302	0.627	0.443	0.0346995772850142
TSEN34	3	1.94699375559649e-06	0.817541781707486	0.266	0.153	0.035232799001274
UFL1	3	2.0602552814841e-06	0.656699006491597	0.288	0.168	0.0372823795737363
ZNF580	3	2.09519482958402e-06	0.689208952001857	0.251	0.139	0.0379146456361525
U2SURP	3	2.15462820739875e-06	0.492579626730491	0.38	0.237	0.0389901520410877
ATP5G3	3	2.19652559856439e-06	0.328154422435553	0.815	0.636	0.0397483272316212
NDUFA5	3	2.20939239946116e-06	0.537917582566521	0.435	0.286	0.0399811648606491
SAR1A	3	2.3006316725525e-06	0.543255101243472	0.421	0.275	0.04163223074651
AAMP	3	2.33072005827463e-06	0.790920901300237	0.277	0.163	0.0421767101745376
DUSP22	3	2.49679931587807e-06	0.741607174570405	0.266	0.151	0.0451820804201295
TMEM167A	3	2.52002023408517e-06	0.460506920958315	0.52	0.364	0.0456022861560053
TOMM5	3	2.58659723821256e-06	0.663625168066718	0.292	0.172	0.0468070636226946
RP11-386I14.4	3	2.71578436185824e-06	0.640056341289028	0.314	0.189	0.0491448338121867
TSTA3	3	2.75851877192915e-06	0.658828970029405	0.317	0.194	0.0499181556968299
CD2	4	6.33954096527632e-174	3.05279535237364	0.847	0.14	1.1472033330764e-169
CD3D	4	1.09707532267167e-123	2.61087116705532	0.728	0.135	1.98526750390666e-119
IL7R	4	3.17111411507199e-101	2.906534971316	0.64	0.134	5.73844810263426e-97
GZMA	4	2.43410513276935e-95	2.36695239963809	0.644	0.131	4.40475664825941e-91
CCL5	4	4.12033301081685e-92	2.08088746333078	0.697	0.161	7.45615461637418e-88
CD52	4	1.27760207801395e-89	2.23828147023025	0.72	0.192	2.31194872037404e-85
KLRB1	4	1.46369479593687e-79	2.15091931503206	0.536	0.102	2.64870210272735e-75
LTB	4	3.83867943203132e-79	2.8500411519197	0.536	0.114	6.94647430020388e-75
IL32	4	2.33269812073313e-76	2.32217149015834	0.667	0.194	4.22125051927867e-72
CD3E	4	1.9391569603666e-74	2.36314832349632	0.533	0.113	3.5090984354794e-70
RPS27	4	2.28878295117637e-73	1.03327386725048	1	0.999	4.14178162844876e-69
PTPRC	4	2.26678975116431e-69	1.81717083077938	0.885	0.501	4.10198273370693e-65
TC2N	4	2.71146460158436e-66	3.03386973069375	0.379	0.065	4.90666634302706e-62
RPS29	4	1.13038451418938e-59	1.04210913484228	1	0.963	2.0455438168771e-55
CD3G	4	7.12850046607136e-57	2.27670460209941	0.437	0.097	1.28997344434027e-52
SPOCK2	4	5.29925150474804e-56	2.29182826263666	0.433	0.097	9.58952552299205e-52
S100A4	4	5.60619315940751e-54	1.20151842455315	0.973	0.563	1.01449671412638e-49
LAT	4	1.6606992998797e-53	2.8761483950134	0.349	0.068	3.00520145306231e-49
SAMD3	4	1.26884760881152e-51	2.76837841483982	0.322	0.056	2.29610663290532e-47
CD96	4	2.58989310480938e-50	2.34972508331615	0.383	0.084	4.68667056246306e-46
CD7	4	5.91928641286726e-50	2.0390881912548	0.452	0.117	1.07115406927246e-45
RPS25	4	7.89716838976138e-47	0.798445454106534	1	0.992	1.42907159181122e-42
RPS27A	4	9.05616106928021e-47	0.726961055612495	1	0.999	1.63880290709695e-42
GZMK	4	1.3171110472091e-46	2.2113296306099	0.379	0.087	2.38344415102959e-42
RPS15A	4	1.36624306496643e-46	0.75507297606249	1	0.995	2.47235345036326e-42
CTSW	4	7.51950568728886e-46	2.30042498322401	0.414	0.105	1.36072974917179e-41
RPS21	4	9.28455832053429e-46	0.813961486587389	1	0.986	1.68013367368388e-41
RPS3	4	3.40920037959558e-45	0.814001839164804	1	0.995	6.16928900691617e-41
LCK	4	2.4377241979317e-44	2.29121407660847	0.379	0.094	4.41130570857721e-40
CD247	4	2.89668312269221e-44	2.44598762108997	0.314	0.062	5.24183777882382e-40
LIMD2	4	5.34812996618618e-44	1.977172577786	0.617	0.282	9.67797598681052e-40
PRKCQ-AS1	4	8.34113692748983e-43	2.73396838405399	0.261	0.044	1.50941213839856e-38
KLRG1	4	8.9952719139178e-43	2.44703571052283	0.287	0.054	1.62778440554257e-38
STK17A	4	1.07595951647781e-42	1.77665384628801	0.59	0.239	1.94705634101824e-38
PTPRCAP	4	4.3120955787731e-42	1.66576285662919	0.632	0.275	7.8031681593478e-38
TBC1D10C	4	1.13748097067907e-41	2.14962602149716	0.483	0.173	2.05838556454085e-37
ETS1	4	2.78018817161209e-41	1.90234104019617	0.529	0.202	5.03102851534924e-37
CORO1A	4	1.13842330336687e-39	1.66660941102506	0.674	0.363	2.06009080977269e-35
RPL13	4	4.34774409220617e-39	0.569700664678943	1	1	7.86767770925629e-35
RPL30	4	6.50466883135264e-39	0.657791552266249	1	0.999	1.17708487172157e-34
CD6	4	6.93816534414688e-38	2.35957286927249	0.268	0.053	1.25553040067682e-33
RPS18	4	3.05597713305042e-37	0.585423048379895	1	1	5.53009621996804e-33
RPS19	4	8.98082999677449e-37	0.755645413989082	1	0.999	1.62517099621631e-32
RPL32	4	1.50851680995155e-34	0.578653639334737	1	1	2.72981201928832e-30
OXNAD1	4	1.83037265688472e-34	2.29959076444426	0.287	0.066	3.31224235989859e-30
TRAF3IP3	4	5.04202517639529e-34	2.27426555664799	0.356	0.108	9.12404875920491e-30
EVL	4	6.62161817927134e-34	1.80870356721975	0.567	0.281	1.19824802572094e-29
RPL39	4	1.02721774173644e-33	0.527243549637221	1	0.999	1.85885322544626e-29
BTG1	4	8.65556646210421e-33	0.885431849648768	0.9	0.64	1.56631130698238e-28
SH3BGRL3	4	1.00365342915661e-32	0.854094299027784	0.996	0.839	1.8162112454018e-28
RPL23A	4	4.59261062688236e-32	0.735276651893618	1	0.964	8.31078819040631e-28
N4BP2L2	4	6.24812718728687e-32	0.978286115712392	0.866	0.724	1.13066109581143e-27
TTC39C	4	2.17550878268799e-30	2.44514860097857	0.318	0.095	3.93680069315219e-26
RPL34	4	3.20268975598692e-30	0.535351679685269	1	0.999	5.79558738243394e-26
RPS24	4	4.58419704374958e-30	0.488627969448199	1	0.999	8.29556297036923e-26
RPL28	4	6.04274020401305e-30	0.50472813563469	1	0.999	1.0934942673182e-25
GZMM	4	1.34495923358104e-28	2.14769831985005	0.276	0.072	2.43383822908826e-24
MALAT1	4	1.37044501215627e-28	0.480694088232965	1	0.992	2.47995729399798e-24
PYHIN1	4	1.6605257187671e-28	2.19321448285037	0.261	0.065	3.00488734068095e-24
CST7	4	1.73555245002156e-28	1.79087875769609	0.379	0.13	3.14065571355901e-24
RORA	4	2.79802713621372e-28	2.28416546661447	0.314	0.099	5.06330990569235e-24
RPLP2	4	5.07754385838352e-28	0.617360776605529	1	0.984	9.18832336613082e-24
MYL12A	4	2.74312952021946e-27	0.81972820360394	0.989	0.814	4.96396717978914e-23
RPL37	4	1.58014723300661e-26	0.547846761623245	1	0.996	2.85943443284876e-22
RPS12	4	2.38805952730149e-26	0.478119508994689	1	0.999	4.32143252060477e-22
RPL19	4	3.98486567202208e-26	0.499985225852147	1	0.999	7.21101292009115e-22
MT-ND2	4	4.41744538026685e-26	0.697854665785818	0.989	0.981	7.9938091601309e-22
RPS14	4	1.98366110243238e-25	0.535435863754147	1	0.996	3.58963313096164e-21
MT-CO1	4	2.4030039442982e-25	0.481728331183249	1	0.998	4.34847593760202e-21
ACAP1	4	2.52151683369966e-25	1.84412736241985	0.406	0.168	4.5629368622629e-21
RPS7	4	5.07924751850722e-25	0.529505086517107	1	0.991	9.19140630949067e-21
HCST	4	5.44872233748671e-25	0.820751014931286	0.858	0.502	9.86000794191596e-21
MT-ATP6	4	6.69197290852626e-25	0.569508766650593	1	0.995	1.21097941752691e-20
MT-ND4L	4	9.53719815039269e-25	0.62417841061783	1	0.976	1.72585137729506e-20
HOPX	4	1.86761655960399e-24	1.95852864207315	0.31	0.102	3.37963892625937e-20
RPL14	4	9.58991511093952e-24	0.55106744205738	1	0.99	1.73539103847561e-19
NKG7	4	1.62090063994942e-23	2.19258674650157	0.264	0.078	2.93318179805247e-19
RARRES3	4	2.31575386235089e-23	1.36625374324804	0.571	0.343	4.19058818931017e-19
RASAL3	4	2.01566501564998e-22	2.11271520759532	0.291	0.102	3.64754741232021e-18
RPL10A	4	3.12067591278691e-22	0.665142560453953	0.996	0.941	5.64717513177919e-18
HLA-A	4	3.18013789607519e-22	0.664236170745073	0.996	0.939	5.75477753673767e-18
AES	4	4.18747276150179e-22	1.15805368518576	0.659	0.498	7.57765070921364e-18
MT-CO3	4	5.22148052864984e-22	0.482715065004553	1	0.994	9.44879116464475e-18
RBL2	4	8.1891863778068e-22	1.90087414119751	0.341	0.138	1.48191516692792e-17
CD69	4	1.19957646202331e-21	0.699397021345129	0.494	0.218	2.17075356567738e-17
MT-CO2	4	1.88488966282107e-21	0.436830810968902	1	0.999	3.41089633384101e-17
TMA7	4	2.0241716867584e-21	0.657676067264695	0.981	0.932	3.662941084358e-17
RPS23	4	2.44734438236009e-21	0.460583594573887	1	0.998	4.42871439431882e-17
MT-ND4	4	4.80918797889947e-21	0.502101245529005	1	0.997	8.70270656661648e-17
SYNE2	4	5.8271049149364e-21	1.51157596271754	0.471	0.252	1.05447290540689e-16
FLT3LG	4	2.26562513211073e-20	1.98019450220123	0.257	0.084	4.09987523906759e-16
RPL27A	4	1.22752988531773e-19	0.601977200442664	0.985	0.918	2.22133808047097e-15
RPL36	4	1.4204273339856e-19	0.426842434795394	1	0.999	2.57040530358034e-15
RPL41	4	1.52043709205947e-19	0.342358532361664	1	1	2.75138296179082e-15
FAU	4	1.66157937981975e-19	0.432195817428745	1	0.995	3.00679404572183e-15
RPL11	4	2.24771795858582e-19	0.382430989732205	1	0.999	4.0674704178569e-15
CRIP1	4	6.06771435257365e-19	0.985080141119383	0.556	0.32	1.09801358924173e-14
RPL9	4	7.2196248505679e-19	0.485528366433883	1	0.99	1.30646331295877e-14
LCP1	4	8.89611087495267e-19	1.17545398624743	0.575	0.367	1.60984022393143e-14
MT-ND3	4	1.31519057421107e-18	0.446972862142682	1	0.999	2.37996886309236e-14
RPS15	4	3.05198257365361e-18	0.359439094406536	1	0.999	5.52286766528357e-14
PFN1	4	3.94846969329055e-18	0.660914622904449	0.989	0.883	7.14515075697857e-14
RPSA	4	5.41608685828902e-18	0.721028222039988	0.969	0.875	9.80095077875981e-14
PDE7A	4	1.02461531624195e-17	2.02230846400273	0.264	0.101	1.85414387627144e-13
RPL18A	4	1.27312462739389e-17	0.421736240149196	1	0.996	2.30384632573198e-13
RPS26	4	1.59030098460371e-17	0.439931149397687	1	0.991	2.87780866173888e-13
AAK1	4	1.63173791764218e-17	1.54158277825291	0.421	0.237	2.95279293576529e-13
CXCR4	4	2.51662426777073e-17	0.665975677195016	0.59	0.35	4.55408327495792e-13
RPL35	4	4.30405629764109e-17	0.410060112497485	1	0.997	7.78862027621131e-13
RPL26	4	5.91537990636578e-17	0.4482866017372	1	0.993	1.07044714785595e-12
CLEC2D	4	5.97875295761871e-17	2.03557044614727	0.257	0.099	1.08191513521068e-12
SEPT1	4	2.18761714569824e-16	1.81187762626803	0.318	0.146	3.95871198685553e-12
TNFRSF25	4	2.34509960166011e-16	2.04878533199033	0.253	0.098	4.24369223916413e-12
ARAP2	4	3.50810891249341e-16	1.93093776659293	0.318	0.15	6.34827388804807e-12
RPL21	4	3.68573449862731e-16	0.48542629747855	1	0.973	6.66970514871598e-12
TMSB4X	4	4.12303485505075e-16	0.450533702178485	1	0.969	7.46104387369984e-12
RPS3A	4	4.25127551265819e-16	0.430727897444871	1	0.998	7.69310816770627e-12
RAC2	4	4.64629002766818e-16	1.36854302277705	0.49	0.311	8.40792643406834e-12
RPL35A	4	9.82886683042629e-16	0.432661440399652	1	0.991	1.77863174163394e-11
RPL10	4	1.05061217939903e-15	0.355398291731341	1	1	1.90118779984049e-11
CD44	4	2.73330624558849e-15	1.15418867949942	0.548	0.385	4.94619098201694e-11
CD48	4	9.92175824767285e-15	1.42350490263826	0.391	0.211	1.79544137249888e-10
RPS2	4	1.61962708561062e-14	0.434635166727066	1	0.987	2.93087717412098e-10
PARP8	4	1.88608539250615e-14	1.64171609805399	0.299	0.14	3.41306012627914e-10
MT-CYB	4	2.84036950567799e-14	0.559635418777374	0.985	0.945	5.13993265747489e-10
KIAA1551	4	4.05756770560092e-14	1.60725086064214	0.398	0.242	7.34257452005542e-10
PDCD4	4	8.1340974188994e-14	1.30178937268686	0.444	0.279	1.47194626892404e-09
OCIAD2	4	8.48169996121949e-14	1.36112165636798	0.387	0.215	1.53484842498228e-09
SEPT9	4	8.98550580589733e-14	1.42044193666377	0.395	0.239	1.62601713063518e-09
RPL38	4	1.20320571133868e-13	0.475774037159007	0.985	0.935	2.17732105523847e-09
C9orf142	4	1.3115133552616e-13	1.21673483522113	0.544	0.446	2.3733145676814e-09
ANXA1	4	2.12627473527601e-13	0.514998532696073	0.812	0.587	3.84770676095546e-09
EMB	4	2.52002556221135e-13	1.32729646624874	0.383	0.221	4.56023825737767e-09
CDC42SE2	4	3.19823523740814e-13	1.46847906566447	0.395	0.244	5.78752648561376e-09
RPL18	4	5.41185920290981e-13	0.35229311073154	1	0.996	9.7933004135856e-09
CD27	4	5.81379172415143e-13	1.50385492565349	0.261	0.113	1.05206375040244e-08
SLFN5	4	6.11589936515383e-13	1.50140556368545	0.395	0.247	1.10673314911824e-08
LEPROTL1	4	7.08916631886954e-13	1.19430787641852	0.494	0.36	1.28285553706263e-08
ARHGDIB	4	9.12450288935025e-13	0.767768169732492	0.697	0.58	1.65117004285682e-08
GOLGA8A	4	1.04763999267319e-12	1.68101100149905	0.31	0.161	1.8958093307414e-08
COMMD6	4	2.79279139241448e-12	0.61448776987265	0.854	0.722	5.05383530371324e-08
BCL2	4	2.91785148023891e-12	1.68548447807835	0.264	0.126	5.28014403864033e-08
STK17B	4	3.29311381823128e-12	1.04626934697689	0.471	0.312	5.95921876547132e-08
IFITM1	4	3.49928839960152e-12	0.494132717157479	0.874	0.658	6.33231228791891e-08
MTRNR2L12	4	7.57484948016623e-12	0.50593080986926	0.992	0.96	1.37074476193088e-07
MBNL1	4	8.61155958481389e-12	1.15354389414493	0.529	0.423	1.55834782246792e-07
GMFG	4	1.27471995888908e-11	0.746090328541289	0.701	0.61	2.30673323760569e-07
PPDPF	4	2.81910378207219e-11	0.496074869177357	0.9	0.755	5.10145020403784e-07
PBXIP1	4	7.46277115283703e-11	1.45268227366398	0.291	0.153	1.35046306781739e-06
RPL22	4	8.77408243084236e-11	0.469022001827866	1	0.961	1.58775795668523e-06
MYL12B	4	1.06042612057682e-10	0.395484701857443	0.935	0.743	1.91894710779581e-06
SYNRG	4	1.37864957330596e-10	1.66925736840511	0.253	0.128	2.49480426785447e-06
ARHGEF1	4	1.4102476718943e-10	1.35287821669849	0.368	0.236	2.55198418705993e-06
GIMAP7	4	1.7660490240635e-10	1.46777160978692	0.291	0.156	3.19584231394532e-06
NKTR	4	2.18205323647953e-10	1.21595574207045	0.429	0.304	3.94864353673336e-06
RPL12	4	3.33408598500633e-10	0.308454828579383	1	0.999	6.03336199846746e-06
CKLF	4	3.71664938420161e-10	0.878006802331054	0.548	0.434	6.72564872565124e-06
WIPF1	4	4.93862216141194e-10	1.18111623420907	0.429	0.311	8.93693066329104e-06
SLC38A1	4	1.31834491240538e-09	1.36705445064195	0.28	0.15	2.38567695348877e-05
ARGLU1	4	1.39941411294099e-09	0.804746086524657	0.51	0.412	2.53237977877802e-05
EEF1A1	4	1.4803123168914e-09	0.282777550599345	1	1	2.67877316864668e-05
IKZF1	4	1.78003540430788e-09	1.48930679887651	0.261	0.14	3.22115206763554e-05
RPS5	4	2.85577827912307e-09	0.339424898957903	0.996	0.965	5.16781637390112e-05
SUN2	4	2.92574784887528e-09	1.43757538127377	0.268	0.146	5.29443330732471e-05
HNRNPA1	4	2.93163120613364e-09	0.499812014099842	0.916	0.858	5.30507983061944e-05
IL2RG	4	6.30162117186107e-09	1.39609874529761	0.272	0.15	0.000114034136725998
RPS28	4	6.3443299231834e-09	0.253965983718509	1	1	0.000114806994289927
STK4	4	7.67647467024949e-09	1.04528034373347	0.452	0.345	0.000138913485632835
PIK3IP1	4	8.18265888340717e-09	1.43130862287141	0.253	0.135	0.000148073395154136
PTMA	4	1.43617419831303e-08	0.250138645761216	1	0.995	0.000259890082926725
RNF213	4	2.5710161561784e-08	0.707157488032493	0.609	0.546	0.000465251083622043
RPS6	4	3.18412266788376e-08	0.307783566918876	1	0.979	0.000576198837980245
TOMM7	4	4.44727163142706e-08	0.432986472323057	0.943	0.864	0.000804778274423041
SENP7	4	5.0016531976972e-08	1.39299587080994	0.261	0.151	0.000905099162655284
RPL29	4	7.12561158964985e-08	0.271984864699221	1	0.994	0.00128945067326304
TNFAIP8	4	7.75364553514824e-08	1.13295173448086	0.356	0.247	0.00140309969604043
SEPT6	4	9.13589369206465e-08	1.29718597018083	0.326	0.218	0.00165323132251602
ITGA4	4	1.14873648174375e-07	1.38117932546187	0.295	0.19	0.0020787535373635
CCSER2	4	1.20952894067964e-07	1.45033833319568	0.284	0.178	0.00218876357105387
CIB1	4	1.31009883253554e-07	0.836956839404471	0.54	0.486	0.00237075484735631
ARHGAP15	4	1.78100416204159e-07	1.34641464739321	0.314	0.214	0.00322290513163045
RPL13A	4	2.57749722779935e-07	0.559311729378803	0.801	0.759	0.0046642389834257
GSTK1	4	3.87298857329739e-07	0.78479855650697	0.579	0.564	0.00700856012223896
MBP	4	3.9672695187129e-07	1.19296822612179	0.287	0.182	0.00717917092106287
RPS10	4	4.17725300709474e-07	0.410891646557475	0.95	0.851	0.00755915704163865
UBA52	4	9.08241237002212e-07	0.34670990501088	0.996	0.964	0.016435533424792
TXNIP	4	1.27757374761962e-06	0.893649539083426	0.471	0.39	0.0231189745369247
MT-ND1	4	1.30311325168208e-06	0.370866922887529	0.981	0.958	0.0235811374024389
APRT	4	1.84396209805895e-06	0.54126764765435	0.682	0.654	0.0333683381264747
LSP1	4	2.48250637024083e-06	0.829925417427538	0.425	0.322	0.0449234352758781
RPS16	4	2.67220550149605e-06	0.31087959818673	0.973	0.938	0.0483562307550725
IL1B	5	1.07470734977354e-286	6.37262471951895	0.879	0.062	1.94479042015019e-282
BCL2A1	5	1.40914919801149e-217	5.00063812135116	0.96	0.139	2.54999638872159e-213
IL1A	5	2.10059914342064e-215	6.92915975944955	0.444	0.008	3.80124420993399e-211
CCL3L1	5	9.44290580104875e-193	4.67684171697801	0.813	0.092	1.70878823375778e-188
CXCL3	5	1.94301060042339e-183	5.14693521565904	0.798	0.097	3.51607198252617e-179
IL8	5	4.35362089595651e-181	4.65491766161813	0.924	0.164	7.8783123733229e-177
CXCL2	5	1.62672692270387e-168	4.10922792554284	0.924	0.175	2.94372503932492e-164
OLR1	5	2.21419122099202e-164	4.5769173869066	0.551	0.037	4.00680043350716e-160
C5AR1	5	1.42098796057226e-157	3.76844884453829	0.742	0.091	2.57141981345155e-153
LUCAT1	5	1.43280624226701e-153	5.21866637664454	0.379	0.012	2.59280617600638e-149
GPR84	5	5.77988534613185e-151	3.84084378532715	0.586	0.05	1.04592805223602e-146
SERPINA1	5	1.9933896088231e-149	3.42701592092341	0.854	0.147	3.60723783612628e-145
PLAUR	5	3.53531393739333e-148	3.97814383506362	0.965	0.255	6.39750410110697e-144
CSTA	5	2.5086406225477e-142	2.97992287313144	0.783	0.111	4.53963607056231e-138
FCN1	5	9.53456642519005e-141	3.66211507989835	0.576	0.053	1.72537514030239e-136
CCRL2	5	3.57156935073205e-140	4.40956915822206	0.49	0.035	6.46311189708472e-136
HCAR3	5	1.43310593008085e-135	5.48826409224968	0.298	0.007	2.5933484910743e-131
CD83	5	8.40795865497616e-135	2.8164028980353	0.965	0.234	1.52150419820449e-130
SOD2	5	4.42349418591328e-125	3.72678326035033	0.995	0.443	8.00475507882868e-121
CLEC7A	5	2.29737211264735e-123	2.6773061238377	0.828	0.147	4.15732457504664e-119
PTGS2	5	2.49342341065257e-119	3.73025569103547	0.586	0.071	4.51209900391688e-115
THAP2	5	7.22225022520972e-119	3.94520149395307	0.53	0.057	1.30693840075395e-114
NLRP3	5	1.88580210037556e-116	4.15333050937974	0.51	0.053	3.41254748083961e-112
IER3	5	2.92644688958406e-114	3.23689942271388	0.995	0.631	5.29569829139132e-110
LST1	5	1.01110504232436e-113	2.27286065894421	0.98	0.247	1.82969568459016e-109
LYZ	5	2.56852395804958e-113	3.21370688960213	1	0.473	4.64800095448651e-109
LGALS2	5	1.64139170060502e-111	2.71917072866591	0.596	0.073	2.97026242141484e-107
NAMPT	5	1.93840827401858e-110	2.83130531235262	0.929	0.3	3.50774361266403e-106
OSM	5	8.20644884910758e-110	3.84776811527165	0.556	0.07	1.48503898373451e-105
ARL5B	5	8.53942034607296e-109	3.01828000134373	0.737	0.138	1.54529350582536e-104
CCL3	5	6.58201024899511e-108	3.81171416278762	0.919	0.332	1.19108057465815e-103
TNF	5	7.68487121473759e-108	3.2831918724525	0.732	0.141	1.39065429501892e-103
PILRA	5	2.29440999298197e-104	2.37233137801767	0.783	0.151	4.15196432330018e-100
FTH1	5	9.62766671384157e-103	2.12907340002429	1	0.997	1.74222256853677e-98
CLEC4E	5	7.06192736104032e-102	3.80483162444735	0.369	0.026	1.27792637525386e-97
GK	5	1.49482686583996e-101	2.89315342558382	0.611	0.092	2.705038696424e-97
C15orf48	5	2.60830184359007e-101	3.85910075669775	0.5	0.06	4.71998301616059e-97
CD300E	5	7.09699012336187e-101	3.88751625110713	0.374	0.028	1.28427133272356e-96
EREG	5	8.90852309795887e-99	5.59188672332384	0.348	0.025	1.61208633980664e-94
PLEK	5	1.45066169668115e-96	2.6250980853557	0.808	0.193	2.6251174063142e-92
IFI30	5	8.81133658807931e-96	2.33615674007672	0.879	0.23	1.59449946897883e-91
KDM6B	5	1.58624324242644e-95	2.53870028289137	0.823	0.206	2.87046577149489e-91
FGL2	5	4.76049109179736e-95	2.26875470311071	0.838	0.203	8.6145846797165e-91
AQP9	5	6.8031275249633e-95	4.87411839589159	0.253	0.01	1.23109395691736e-90
APOBEC3A	5	7.53696140243012e-95	4.28493804619942	0.293	0.016	1.36388853538375e-90
NFKBIA	5	6.76986044328151e-94	2.19780190380533	1	0.696	1.22507394581622e-89
FCGR2A	5	8.14483523544337e-94	2.09983900747372	0.914	0.247	1.47388938420583e-89
SRGN	5	4.75594421260197e-92	1.91058438295923	1	0.837	8.60635664712452e-88
IL1RN	5	7.36867985039633e-92	3.67235730732727	0.444	0.05	1.33343630572772e-87
RASGEF1B	5	4.35781906487174e-91	2.51969660008634	0.742	0.163	7.8859093797919e-87
ASGR1	5	5.33502533712599e-91	2.81988991642856	0.51	0.067	9.65426185006318e-87
PPIF	5	1.97883471760738e-90	3.13199636770086	0.677	0.145	3.58089930498232e-86
NCF2	5	2.81275131756399e-90	2.95938368143768	0.51	0.069	5.08995478426379e-86
CLEC10A	5	4.11899478926903e-90	2.23443872546136	0.616	0.1	7.45373297066124e-86
LILRA5	5	3.18135438613312e-89	3.39718005890309	0.404	0.041	5.7569788971465e-85
NFKBIZ	5	1.96167683329833e-87	2.09977853106195	0.919	0.292	3.54985039753665e-83
GLUL	5	2.66036390890594e-87	2.00593132961355	0.939	0.296	4.81419452955619e-83
MNDA	5	5.09613860402645e-86	1.95911298155118	0.869	0.224	9.22197241784627e-82
MAFB	5	6.15490078281259e-86	2.12985628404421	0.838	0.219	1.11379084565777e-81
AIF1	5	3.17004297624028e-85	1.90085029495772	1	0.384	5.73650976980441e-81
CTSS	5	6.72254230768022e-85	1.9601010025364	0.995	0.538	1.21651125599781e-80
CCL4L2	5	7.62527661380805e-85	3.34502189152643	0.465	0.061	1.3798700560347e-80
PHACTR1	5	2.27271511000187e-84	2.72556704524184	0.571	0.095	4.11270526305938e-80
FCER1G	5	5.36484266886594e-84	1.83532670735659	0.99	0.358	9.70821929357981e-80
S100A9	5	2.203746028381e-83	3.2991733340424	0.833	0.24	3.98789881295826e-79
CYBB	5	7.63000746736035e-83	1.59066094709362	0.889	0.213	1.38072615129353e-78
LINC00936	5	1.69169171330012e-82	2.84134335979997	0.576	0.104	3.0612853243879e-78
HLA-DRB5	5	3.73288402875591e-82	1.93259154854863	0.975	0.397	6.75502693843669e-78
PPP1R15A	5	5.47763862307427e-82	1.7927843695047	0.995	0.683	9.91233485231521e-78
SPI1	5	8.72307504266493e-82	1.83203058360573	0.924	0.278	1.57852765972065e-77
CSF3R	5	2.53859817113452e-81	2.69154475090941	0.551	0.092	4.59384725048503e-77
S100A8	5	4.94759276013236e-81	3.94373497975903	0.535	0.09	8.95316385873552e-77
ZNF267	5	5.22717087786602e-81	2.9698017439469	0.576	0.108	9.45908842058636e-77
KB-1507C5.4	5	6.75735115894902e-81	3.9638372110823	0.308	0.024	1.22281026572341e-76
KLF4	5	8.10521547532667e-81	1.89007664545067	0.848	0.228	1.46671979241512e-76
HLA-DRA	5	2.08946390866616e-80	2.06087671116014	1	0.627	3.78109388912229e-76
CLEC12A	5	4.86012137949666e-80	2.67617901827968	0.475	0.066	8.79487564833716e-76
CPVL	5	8.04310291116027e-80	1.68023963954816	0.909	0.246	1.45547990280356e-75
C1orf162	5	2.79933156858147e-79	1.86794802203082	0.848	0.224	5.06567040650503e-75
GPR183	5	5.2433007227636e-79	3.25616241124276	0.646	0.153	9.48827698791301e-75
AOAH	5	2.20359172324145e-78	2.27160099785344	0.667	0.14	3.98761958237774e-74
LILRB2	5	5.36987501363177e-78	2.68904116921673	0.551	0.097	9.71732582466805e-74
MS4A6A	5	8.32921552918071e-78	1.72345682640214	0.965	0.313	1.50725484216054e-73
RP11-290F20.3	5	9.58025773991053e-78	3.37661873642077	0.369	0.039	1.73364344061421e-73
LY86	5	1.40910998532129e-76	1.99240636327907	0.727	0.166	2.54992542943741e-72
SGK1	5	3.04414973998629e-76	2.12311399813595	0.879	0.301	5.5086933694792e-72
NR4A3	5	1.01790454748632e-75	2.65655021153075	0.571	0.109	1.84200006913125e-71
IL10	5	1.27088727846549e-75	4.29959631619693	0.333	0.033	2.29979761911115e-71
EIF4A3	5	1.47086488699547e-75	2.50630490106419	0.833	0.297	2.66167709950701e-71
ICAM1	5	1.59670077627624e-75	2.46645300877939	0.727	0.192	2.88938972474949e-71
STX11	5	1.67665449685879e-75	3.07143390536799	0.48	0.077	3.03407397751566e-71
HCK	5	2.08261600320937e-75	2.41866954036957	0.606	0.12	3.76870191940768e-71
HLA-DPB1	5	3.18160373784169e-75	1.91767986554558	0.98	0.531	5.75743012399831e-71
RILPL2	5	5.94663621710992e-75	2.57855656817291	0.662	0.158	1.07610328984821e-70
CD86	5	1.02945686195746e-74	2.19769092859751	0.692	0.158	1.86290513739821e-70
CD68	5	1.56511391022193e-74	1.5098494136853	0.944	0.265	2.83223013193761e-70
HLA-DRB1	5	2.62859347110676e-74	1.91870066303871	0.995	0.723	4.7567027453148e-70
RBKS	5	4.82700055556169e-74	2.97831087579963	0.424	0.057	8.73494020534443e-70
KYNU	5	7.95165352385548e-74	2.88391474355161	0.449	0.066	1.43893122167689e-69
TYROBP	5	9.76162503749873e-74	1.80693511867693	1	0.475	1.76646366678577e-69
RNF130	5	1.36217359007672e-73	1.92120763605916	0.818	0.237	2.46498932860282e-69
METRNL	5	2.01191380253571e-73	1.82531840306115	0.919	0.325	3.64075921706862e-69
MAFF	5	4.19876713755582e-73	2.64297896796134	0.662	0.164	7.598089012121e-69
CCL4	5	4.64148078830234e-73	3.15628133562855	0.747	0.243	8.39922363451192e-69
SDCBP	5	1.51206793359785e-71	1.82302040660895	0.955	0.474	2.73623813263866e-67
CFP	5	1.83535912170913e-71	3.2225476861793	0.374	0.046	3.32126586664484e-67
FAM26F	5	2.53022724300997e-71	2.11940445102648	0.732	0.187	4.57869921895083e-67
TREM1	5	1.09125787170132e-70	3.56678282485941	0.303	0.028	1.9747402446307e-66
RP11-22N19.2	5	1.55726831537645e-70	3.42301164190522	0.333	0.035	2.81803274350523e-66
HLA-DPA1	5	1.76874575786232e-69	1.80137084079576	0.985	0.669	3.20072232342765e-65
CYB5D1	5	5.28867786015758e-68	3.25399944975682	0.364	0.045	9.57039145574116e-64
CFD	5	8.07884896562364e-68	1.19513229326982	0.904	0.254	1.46194850881925e-63
FCGR3A	5	1.47884970977003e-67	1.81000625714221	0.808	0.231	2.67612643479984e-63
MXD1	5	1.9579238077329e-67	2.49193202053664	0.657	0.168	3.54305892247345e-63
ATF3	5	4.39318935208002e-67	1.82507226259117	0.904	0.392	7.94991545152401e-63
DUSP2	5	6.13462100806158e-67	1.69960594921271	0.904	0.388	1.11012101761882e-62
CD14	5	1.49543715767205e-66	1.35976960223745	0.995	0.389	2.70614308052335e-62
TNFAIP3	5	3.38094100416194e-66	1.8491095958471	0.838	0.276	6.11815084113144e-62
ZFP36	5	2.63586338505577e-65	1.52934000545896	0.99	0.68	4.76985838159691e-61
ITGAX	5	5.39121173273619e-65	2.8391846057822	0.394	0.056	9.75593675155942e-61
CEBPB	5	1.20696441894532e-64	1.72484014812624	0.955	0.474	2.18412281252346e-60
UBAC2	5	2.66497956403509e-64	2.20669373497846	0.641	0.158	4.8225470190779e-60
CTSH	5	1.69535853896554e-63	1.91583564692035	0.813	0.282	3.06792081211205e-59
IRF8	5	4.4930049991628e-63	2.46467491308597	0.505	0.099	8.13054184648501e-59
HLA-DQB1	5	4.71482493376516e-63	1.74803346824963	0.874	0.386	8.53194720014143e-59
C9orf72	5	8.334543930212e-63	2.19517974696142	0.631	0.157	1.50821906961116e-58
CD300A	5	1.19785874225451e-62	2.11967067274109	0.636	0.159	2.16764517998376e-58
ZEB2-AS1	5	2.13871561391723e-62	3.68340334504759	0.283	0.028	3.87021977494462e-58
ZNF385A	5	2.60563578638926e-62	2.42408547525654	0.495	0.094	4.71515851905001e-58
LITAF	5	5.80870270470026e-62	2.03691593980543	0.793	0.269	1.05114284144256e-57
RNASE2	5	6.8876399523037e-62	2.76270486200349	0.434	0.073	1.24638732576888e-57
TGIF1	5	9.76264800368388e-62	2.23677507421632	0.611	0.151	1.76664878274664e-57
TNFSF13B	5	1.14347937127654e-61	1.68033921283546	0.833	0.267	2.06924027026203e-57
PRMT10	5	1.63258430724626e-61	2.01117533395745	0.596	0.137	2.95432456239283e-57
GCA	5	2.14108007627377e-61	1.8909555762103	0.783	0.26	3.87449850602502e-57
LYN	5	4.35830962649072e-61	1.99518962978475	0.657	0.17	7.88679710009761e-57
PLIN2	5	6.82426479337384e-61	2.97072122537196	0.551	0.129	1.23491895700893e-56
G0S2	5	3.16708620122028e-60	5.01096926410409	0.293	0.033	5.73115918972821e-56
PTPRE	5	3.47269199515604e-60	2.21644171153002	0.606	0.153	6.28418343443438e-56
NAF1	5	4.73999080257738e-60	2.93699559886366	0.394	0.062	8.57748735634402e-56
CHMP1B	5	7.71948556816993e-60	2.6323086328931	0.687	0.224	1.39691810841603e-55
MS4A4A	5	3.65920421711125e-59	1.32573160436047	0.823	0.23	6.62169595128452e-55
HLA-DMA	5	4.55548010768129e-59	1.51964747640278	0.97	0.518	8.24359680286006e-55
NFIL3	5	5.8017242702345e-59	2.91427552236357	0.434	0.079	1.04988002394164e-54
FTL	5	1.13439297792073e-58	1.30097973558587	1	0.999	2.05279753284535e-54
CEBPD	5	4.50513682907047e-58	1.85607489492604	0.864	0.357	8.15249560588592e-54
MS4A7	5	2.0482048850244e-57	1.39432073815423	0.798	0.235	3.70643155994016e-53
TNFAIP2	5	3.80228025949568e-57	1.99185291092187	0.702	0.22	6.88060635758339e-53
CST3	5	1.42384410779527e-56	1.19116586845758	1	0.802	2.57658829746631e-52
TBXAS1	5	1.65446968959756e-56	1.78697974849014	0.631	0.157	2.99392835029575e-52
ARRB2	5	2.02698934265181e-56	1.71247239708913	0.758	0.235	3.66803991446272e-52
FPR1	5	3.6310043948259e-56	2.3523711901741	0.46	0.089	6.57066555287694e-52
PLBD1	5	4.49371071075366e-56	2.49397568705893	0.465	0.093	8.13181890217983e-52
CXCL16	5	4.58486158226602e-56	1.69256182076688	0.677	0.183	8.29676551926859e-52
IGSF6	5	4.7031424013542e-56	2.77744237647992	0.379	0.061	8.51080648949057e-52
INSIG1	5	6.72450559395811e-56	2.16188593961978	0.667	0.199	1.21686653228266e-51
KLF10	5	2.18386604489747e-55	1.94305682546463	0.717	0.226	3.95192399484647e-51
GPX1	5	3.53774756477554e-55	1.34571835572125	0.995	0.854	6.40190799321781e-51
VCAN	5	4.64761758627626e-55	1.75635918358632	0.52	0.114	8.41032878412551e-51
GPR132	5	1.22393592160452e-54	3.2591611548726	0.263	0.028	2.21483444373554e-50
TNFRSF1B	5	2.7158810813346e-54	1.79165623569962	0.727	0.23	4.91465840478309e-50
GLA	5	3.00192135828881e-54	2.29486954636483	0.581	0.153	5.43227688995944e-50
RAB20	5	1.03673482579839e-53	2.20669373497846	0.515	0.117	1.87607534076477e-49
IL10RB-AS1	5	1.14944148385163e-53	3.23706738402198	0.278	0.033	2.08002930917792e-49
PLSCR1	5	2.48569211174478e-53	1.51299559471642	0.894	0.379	4.49810844541336e-49
TYMP	5	2.73659348345728e-53	1.28524520645422	0.995	0.796	4.95213956766429e-49
EMR2	5	3.63488437618944e-53	2.66333213872408	0.364	0.059	6.57768676715241e-49
MSR1	5	4.24427229289202e-53	1.66344625341988	0.672	0.19	7.6804351412174e-49
HLA-DQA1	5	1.0531233740712e-52	1.74327020446444	0.753	0.255	1.90573205771925e-48
GRASP	5	1.26962209646126e-52	2.28788981782644	0.52	0.125	2.2975081457563e-48
GAPT	5	5.12252438541319e-52	2.7711921331399	0.308	0.042	9.26972012784371e-48
SERPINB9	5	7.50598418358037e-52	2.31620721972495	0.571	0.155	1.3582828978607e-47
AC079305.10	5	3.10100554600843e-51	3.00207601536999	0.303	0.042	5.61157963605686e-47
HMOX1	5	3.95887866020468e-51	1.45448826275196	0.667	0.194	7.16398682350639e-47
NFKB1	5	9.10505232108666e-51	2.33657401752537	0.495	0.116	1.64765026802384e-46
ARPC3	5	9.61725095233298e-51	0.990025427829548	1	0.835	1.74033773233418e-46
SDS	5	9.89312001301867e-51	3.45692036451163	0.288	0.038	1.79025899755586e-46
CD74	5	2.84553355214498e-50	1.22020559323938	1	0.87	5.14927751596156e-46
AMICA1	5	4.83215161599542e-50	1.86161879386718	0.556	0.139	8.74426156430532e-46
NFKBID	5	8.01985319821513e-50	1.99827733262814	0.556	0.143	1.45127263474901e-45
MIR29A	5	1.85938282561389e-49	2.90971199722133	0.389	0.075	3.3647391612309e-45
PFKFB3	5	2.1996749819372e-49	1.92606526912993	0.581	0.158	3.98053184731356e-45
HLA-DQA2	5	2.31407519238974e-49	1.54265966326611	0.864	0.39	4.18755046814848e-45
CKS2	5	5.78826515049611e-49	1.81981976617701	0.768	0.302	1.04744446163378e-44
PIM3	5	7.06313435164219e-49	1.87564279907747	0.793	0.351	1.27814479227317e-44
CSF1R	5	1.0491557391573e-48	1.05430494575758	0.803	0.241	1.89855222557906e-44
NR4A2	5	1.71829575263382e-48	1.56178038499695	0.843	0.37	3.10942799396616e-44
SLC43A2	5	2.65510162598062e-48	2.1096692805836	0.485	0.113	4.80467190237452e-44
ASAH1	5	3.152713075555e-48	1.45636975795723	0.904	0.431	5.70514958152433e-44
FCGR1A	5	4.49734051613676e-48	1.80364878223591	0.551	0.141	8.13838739800109e-44
REL	5	3.07082182015945e-47	1.85804363303352	0.596	0.171	5.55695916576054e-43
DSE	5	5.27154059563798e-47	1.93335432075293	0.556	0.15	9.5393798618665e-43
FGR	5	5.78883927184726e-47	2.82041522868104	0.283	0.039	1.04754835463348e-42
RP6-99M1.2	5	8.4475918834642e-47	2.73025569103547	0.333	0.057	1.52867622723168e-42
MPEG1	5	1.50862207353444e-46	1.7535881948661	0.576	0.157	2.73000250426793e-42
NAIP	5	1.58565805550498e-46	1.43311535806497	0.702	0.222	2.86940681724181e-42
LRRC25	5	1.75433999606053e-46	2.00738492675505	0.444	0.096	3.17465365687114e-42
DUSP1	5	1.92132864706446e-46	0.97226686996405	0.985	0.86	3.47683631972785e-42
SLC11A1	5	3.45636838080043e-46	2.13743107254135	0.414	0.085	6.25464422189645e-42
RELT	5	3.62418347642228e-46	2.16283944538903	0.455	0.104	6.55832241893376e-42
SLC31A2	5	4.7163037987848e-46	2.16275038739086	0.429	0.093	8.53462335428097e-42
UBE2D1	5	5.45361333343325e-46	2.01485037700162	0.545	0.151	9.86885868818081e-42
AP001055.6	5	7.39576169052477e-46	2.77059462017179	0.303	0.047	1.33833703551736e-41
FPR3	5	1.57848905170776e-45	1.96158123714193	0.485	0.116	2.85643378797036e-41
RNASET2	5	1.63954122091465e-45	1.30776066114886	0.96	0.538	2.96691379336715e-41
SAT1	5	1.71751259909401e-45	1.12996393192306	1	0.854	3.10801079932051e-41
ZNF331	5	2.14936633458913e-45	1.80318248908064	0.586	0.174	3.8894933190725e-41
FAM49B	5	2.87735647728905e-45	1.40943837811709	0.833	0.337	5.20686428130226e-41
LINC00847	5	4.13182436838368e-45	2.73956772455116	0.308	0.05	7.47694937702711e-41
PNRC1	5	4.73923865060768e-45	1.67138600709078	0.879	0.493	8.57612626213966e-41
ICAM4	5	1.55542424265342e-44	2.76417549927751	0.318	0.054	2.81469570950563e-40
STX4	5	2.07093599040091e-44	2.0136799170875	0.551	0.155	3.74756576822948e-40
CSRNP1	5	3.50004348839421e-44	1.76208312031627	0.596	0.183	6.33367869659816e-40
ALOX5	5	6.56855129571334e-44	2.02845909996023	0.465	0.113	1.18864504247229e-39
RGS18	5	1.20788067578899e-43	2.01085473268333	0.424	0.094	2.18578087090776e-39
SAV1	5	1.40912170010849e-43	2.82710507170391	0.343	0.065	2.54994662851633e-39
PLA2G7	5	1.68635402520856e-43	2.45775549914618	0.323	0.056	3.05162624401741e-39
LCP2	5	1.71161164729188e-43	1.79689288406576	0.535	0.144	3.09733243693939e-39
PLB1	5	1.71924770261568e-43	2.53039092271888	0.323	0.056	3.11115064265333e-39
LAPTM5	5	1.90696714038591e-43	1.07923687467661	0.975	0.468	3.45084773724234e-39
TBC1D7	5	1.99842877482346e-43	2.2920852262091	0.379	0.077	3.61635671092054e-39
DMXL2	5	3.61967759930648e-43	2.04553894316388	0.439	0.101	6.55016858370501e-39
S100A11	5	4.30142571973819e-43	0.971640887091469	1	0.885	7.78385998243823e-39
BNIP3L	5	9.83448171749626e-43	1.72032289008051	0.727	0.298	1.77964781159812e-38
TMEM176B	5	1.58154859356831e-42	1.00471715019611	0.778	0.25	2.86197033492121e-38
IL4I1	5	1.78976484874748e-42	2.40358578402104	0.333	0.061	3.23875847029345e-38
GZF1	5	2.59590340518102e-42	2.38869156872135	0.369	0.075	4.69754680201557e-38
FOSL2	5	2.62322259326322e-42	1.75584615975909	0.601	0.191	4.74698360476912e-38
ITGB2	5	2.75835191510319e-42	1.18250426941139	0.864	0.323	4.99151362557073e-38
SLC36A4	5	3.10655088155172e-42	2.16590812013196	0.409	0.091	5.62161447525599e-38
COTL1	5	3.3133097347979e-42	1.42468903300584	0.894	0.465	5.99576529609028e-38
HCST	5	4.09255487217146e-42	1.09686262971308	0.97	0.502	7.40588729668146e-38
ALDH2	5	6.22638101096485e-42	1.92266224784963	0.53	0.152	1.1267259077442e-37
NINJ1	5	7.60430158488271e-42	1.17936175300726	0.788	0.281	1.37607441480038e-37
JUNB	5	1.75540233999985e-41	0.932432073721412	1	0.931	3.17657607446373e-37
CD302	5	3.89453862535551e-41	1.45404651857998	0.641	0.205	7.04755709644334e-37
LACTB	5	4.17729620126605e-41	2.00110960132857	0.465	0.118	7.55923520581104e-37
STAC3	5	5.21887325090891e-41	2.30355527423105	0.354	0.071	9.44407303484476e-37
EFHD2	5	6.61790008877132e-41	1.48331720556021	0.783	0.335	1.19757520006406e-36
ZC3H12A	5	1.38693080701187e-40	2.22212377554807	0.374	0.08	2.50978998836868e-36
MGAT1	5	1.65113310070379e-40	1.3509611796439	0.818	0.364	2.98789045903359e-36
RIPK2	5	1.93445898210955e-40	2.40960714837468	0.364	0.077	3.50059697402543e-36
CTSZ	5	2.22540568042029e-40	1.21818937381629	0.949	0.566	4.02709411928855e-36
SERPINB1	5	3.32905048150011e-40	1.64326439580695	0.717	0.281	6.02424975132261e-36
GADD45B	5	3.69181756484751e-40	0.945693057949827	0.985	0.832	6.68071306534806e-36
NR4A1	5	5.29605139480618e-40	1.24163137067998	0.874	0.45	9.58373460404127e-36
HLA-DMB	5	5.84971736912001e-40	1.38226529956191	0.657	0.21	1.05856485511596e-35
SNORD3D	5	7.44263447819268e-40	2.17714945936445	0.46	0.123	1.34681913517375e-35
SOCS3	5	7.53231216618961e-40	1.27202500336215	0.899	0.561	1.36304720959367e-35
SNORD3B-2	5	8.37906336244576e-40	2.07412461549464	0.47	0.126	1.51627530606818e-35
NPL	5	8.74935365193884e-40	1.59038710592892	0.54	0.15	1.58328303685485e-35
NFE2L2	5	1.04659033641444e-39	1.79050438331037	0.697	0.303	1.89390987277557e-35
ZEB2	5	1.1879895678427e-39	1.31762088542059	0.747	0.277	2.14978592196815e-35
FOSB	5	4.25581575000267e-39	1.08103474201559	0.98	0.723	7.70132418120483e-35
SERTAD1	5	4.68632106561666e-39	1.30873278420676	0.848	0.442	8.48036660033991e-35
RNASE6	5	9.35258482200847e-39	1.29609282003157	0.712	0.256	1.69244374939065e-34
CMTM6	5	9.38497570080153e-39	1.27855095688242	0.823	0.366	1.69830520281704e-34
TMEM176A	5	1.37009703995733e-38	1.38018241474385	0.616	0.195	2.47932760350679e-34
ZFAND5	5	1.82675597221245e-38	1.56926381436317	0.732	0.309	3.30569760731566e-34
RNF141	5	2.54298619364796e-38	1.94500701260641	0.47	0.128	4.60178781602534e-34
MIR155HG	5	3.39402080025372e-38	2.78616024794476	0.303	0.057	6.14182004013914e-34
OAZ1	5	4.16479297923272e-38	0.686722979537211	1	0.981	7.53660937521953e-34
SCO2	5	4.70276356400758e-38	1.54632383159928	0.621	0.224	8.51012094542812e-34
MIR22HG	5	5.13501840724516e-38	1.76024328306815	0.545	0.172	9.29232930975084e-34
CTSB	5	5.5290663571638e-38	0.863896359278956	0.975	0.522	1.00053984799236e-33
PURB	5	5.85373689824253e-38	1.76440620129142	0.48	0.132	1.05929222910597e-33
IFNGR1	5	6.63465539525977e-38	1.40972083144798	0.717	0.289	1.20060724032621e-33
IFNGR2	5	7.34017747233355e-38	1.56926381436317	0.702	0.28	1.32827851539348e-33
H3F3A	5	9.64345790373122e-38	0.890122850260605	1	0.948	1.7450801422592e-33
FCGR2B	5	1.06953856846545e-37	1.67816717988702	0.652	0.259	1.93543699349508e-33
TESC	5	1.15336041329785e-37	2.51789542327276	0.298	0.055	2.0871210039038e-33
CLEC4A	5	1.55041769413168e-37	2.2134829006411	0.338	0.07	2.80563585930068e-33
EPSTI1	5	2.14834037968559e-37	1.40103610140002	0.768	0.346	3.88763675107904e-33
ARPC1B	5	4.09129881678677e-37	0.90940137281688	0.98	0.711	7.40361433885734e-33
LAT2	5	4.69953779659115e-37	1.78480256465855	0.465	0.127	8.50428359671135e-33
KLF6	5	5.89433006245546e-37	1.36839216339874	0.899	0.579	1.06663796810194e-32
GCH1	5	6.48566466916333e-37	2.21295272545014	0.328	0.067	1.1736458785318e-32
HNMT	5	6.64206606579049e-37	1.29879531883235	0.606	0.189	1.20194827526545e-32
PLXDC2	5	1.17894538373534e-36	1.6229369970027	0.515	0.152	2.13341956640747e-32
THAP9-AS1	5	1.76851649664099e-35	1.96929915030277	0.455	0.128	3.20030745232154e-31
TLR2	5	2.03072231780082e-35	2.03741265010157	0.354	0.08	3.67479510629236e-31
RP3-395M20.12	5	2.67445838620882e-35	2.4837252918915	0.359	0.085	4.83969989568349e-31
SNX2	5	6.13964810917432e-35	1.38467237085948	0.717	0.307	1.11103072183619e-30
OGFRL1	5	1.13906849426488e-34	1.52606612496207	0.53	0.166	2.06125834722172e-30
PYCARD	5	1.15238916739191e-34	1.23313740327283	0.803	0.354	2.08536343731241e-30
HES1	5	1.18708463494361e-34	2.077479077627	0.53	0.181	2.14814835539395e-30
EPB41L3	5	2.24069309382564e-34	1.66539246305344	0.485	0.144	4.05475822258688e-30
EIF4A1	5	2.7975587963789e-34	0.85243432536936	0.99	0.825	5.06246239792725e-30
HAVCR2	5	3.18911526623058e-34	1.65105790552682	0.485	0.143	5.77102298577086e-30
EGR1	5	3.48410233466991e-34	1.07698583361255	0.854	0.439	6.30483158481867e-30
SEMA6B	5	4.24208066361428e-34	1.79997150391162	0.354	0.08	7.67646916887641e-30
GRN	5	9.39393365340741e-34	0.951946698583047	0.919	0.517	1.69992623392061e-29
OSCAR	5	1.12002859648108e-33	2.41138415458145	0.278	0.053	2.02680374819216e-29
TKT	5	1.16113806385726e-33	1.59539084207852	0.621	0.244	2.1011954403561e-29
GNAI2	5	1.21718498443821e-33	0.862453623285685	0.99	0.737	2.20261794783938e-29
PMAIP1	5	1.36376489538045e-33	1.62245024500774	0.551	0.191	2.46786895468046e-29
LGALS9	5	2.74379869704024e-33	1.2367858001349	0.687	0.262	4.96517812216402e-29
CD37	5	2.7500731272614e-33	1.15808379075384	0.823	0.365	4.97653233109222e-29
ITM2B	5	3.77438980416725e-33	0.739804756514382	1	0.967	6.83013578962106e-29
CD36	5	5.68582038596252e-33	1.59717962895863	0.419	0.113	1.02890605704378e-28
MIDN	5	9.51377725462528e-33	1.44220707804835	0.682	0.287	1.72161313199699e-28
RPS9	5	1.2098404920403e-32	0.559201159494341	1	0.994	2.18932735439612e-28
CSF2RA	5	1.34539169757893e-32	1.79951835347259	0.384	0.098	2.43462081593882e-28
SNX10	5	1.35473387139658e-32	1.9067919464211	0.379	0.096	2.45152641367924e-28
MAFG	5	1.5744545480078e-32	1.98712735772078	0.348	0.083	2.84913295007491e-28
ADM	5	1.61193978258016e-32	2.12677019068151	0.404	0.112	2.91696623055706e-28
CYB561A3	5	3.59641428599474e-32	2.22356755354286	0.338	0.082	6.50807129193609e-28
TIPARP	5	3.74183123260895e-32	1.71073624031605	0.525	0.182	6.77121779852916e-28
PARVG	5	5.4152548454977e-32	1.47188302551593	0.54	0.181	9.79944516841263e-28
MAP3K8	5	5.81048212887076e-32	1.43762729764523	0.652	0.264	1.05146484604045e-27
CD1D	5	6.20245517194502e-32	1.71555325661382	0.444	0.131	1.12239628791517e-27
MX2	5	1.04811925625615e-31	1.39253733684881	0.672	0.279	1.89667660612114e-27
RGS19	5	1.14305056523743e-31	1.46215492110745	0.581	0.207	2.06846430285366e-27
GBP2	5	1.44037244202213e-31	1.6995718367089	0.434	0.125	2.60649797108325e-27
CD48	5	1.78383283053034e-31	1.465384850906	0.566	0.203	3.2280238901277e-27
TAGAP	5	2.16823182779087e-31	1.47158489144292	0.657	0.279	3.92363231557037e-27
CD163	5	2.34796426128011e-31	0.649958150646305	0.641	0.21	4.24887612721249e-27
PPT1	5	2.36670498119458e-31	1.301444345964	0.687	0.284	4.28278933396971e-27
EIF4E	5	3.87824464084593e-31	1.89785563953154	0.495	0.166	7.0180715020748e-27
SLC8A1	5	5.14237138225097e-31	1.68803360462546	0.414	0.116	9.30563525332135e-27
MAPK6	5	1.41266471227061e-30	2.04935719723037	0.338	0.083	2.5563580633249e-26
ARHGAP26	5	2.34713722450539e-30	1.88351709389384	0.354	0.09	4.24737952146495e-26
ZFP36L1	5	3.10436370003415e-30	0.941286474924081	0.939	0.587	5.61765655158181e-26
NPC2	5	3.80267737928636e-30	0.897063962602852	0.949	0.643	6.8813249855566e-26
DOK2	5	7.07448801270585e-30	1.36468778451618	0.535	0.182	1.28019935077925e-25
MARCH1	5	1.47599266600908e-29	1.37280309007891	0.485	0.155	2.67095632841003e-25
H3F3B	5	1.99400735962077e-29	0.546653994538495	1	0.992	3.60835571796974e-25
SLC7A7	5	2.3312871418923e-29	1.53751823035422	0.495	0.167	4.2186972119683e-25
SNORD3A	5	2.33585908796214e-29	1.98729135624782	0.313	0.074	4.22697060557629e-25
SDSL	5	2.9887314688536e-29	1.95766618713855	0.323	0.079	5.40840846603748e-25
CASP1	5	3.16386250789575e-29	1.64455194166741	0.545	0.206	5.72532559428815e-25
RNF19B	5	3.42000975869949e-29	2.06849644105844	0.293	0.066	6.1888496593426e-25
SLAMF8	5	3.82532298289693e-29	2.01753764311594	0.318	0.077	6.92230446985028e-25
ACSL1	5	4.40846328711518e-29	2.18719755935266	0.348	0.093	7.97755516436363e-25
SNHG15	5	5.80719403518687e-29	1.56977915462258	0.545	0.206	1.05086983260742e-24
CARD16	5	8.96110843569471e-29	1.2986162244195	0.692	0.302	1.62160218252332e-24
IER5	5	9.1352440861616e-29	1.35905790840059	0.641	0.272	1.6531137698318e-24
ETS2	5	9.75118504579372e-29	1.49148269345278	0.505	0.173	1.76457444588683e-24
PAK1	5	1.02658335656865e-28	1.75062896743956	0.364	0.098	1.85770524204664e-24
FCGRT	5	1.07289060210148e-28	0.425488979760667	0.944	0.556	1.94150283356284e-24
BID	5	1.6538700259447e-28	1.44533148650479	0.505	0.176	2.99284319894953e-24
ARMCX1	5	1.79544389387065e-28	2.48101394835877	0.273	0.061	3.24903527034834e-24
YBX1	5	2.56227723267519e-28	0.766900136614045	0.965	0.829	4.63669688024902e-24
STXBP2	5	3.42329850589492e-28	1.7507106857007	0.505	0.186	6.19480097626744e-24
NFKB2	5	4.09778778327305e-28	1.73821697673816	0.419	0.131	7.41535677261091e-24
YBX3	5	5.4973103872781e-28	1.43128603188415	0.601	0.244	9.94793287681846e-24
THBS1	5	9.7125663004051e-28	1.66979069031713	0.52	0.197	1.75758599772131e-23
LILRB4	5	1.06380814476914e-27	1.3953032996857	0.434	0.133	1.92506721877424e-23
NSMAF	5	1.13341448417869e-27	2.08965431378824	0.298	0.071	2.05102685056975e-23
TMEM123	5	1.28538331405103e-27	1.06883482385368	0.747	0.352	2.32602964510675e-23
RASSF4	5	1.37611518899768e-27	1.24790048559807	0.626	0.255	2.4902180460102e-23
FCGR1B	5	1.64115179443794e-27	1.94939569869381	0.308	0.076	2.96982828721489e-23
SCIMP	5	1.64977947160368e-27	2.06373578113642	0.288	0.067	2.98544093181402e-23
MID1IP1	5	1.87348229118931e-27	2.34129820068778	0.338	0.093	3.39025355413617e-23
MARCH2	5	2.2188203837863e-27	1.43410423108153	0.571	0.23	4.01517736649968e-23
IFITM3	5	3.34660840379753e-27	0.713341003239654	0.97	0.675	6.05602256751201e-23
VEGFA	5	3.69768319912275e-27	1.9078075151983	0.465	0.169	6.69132751713253e-23
RALGDS	5	4.26398942029089e-27	1.63770487046504	0.429	0.138	7.71611525495839e-23
WAS	5	5.12708879108134e-27	1.23706738402198	0.631	0.255	9.27797987634079e-23
IFI44L	5	8.08237176843272e-27	0.795158396655558	0.869	0.446	1.46258599521558e-22
PLAU	5	9.80306431684552e-27	2.11513979708902	0.434	0.15	1.77396251877637e-22
PIK3AP1	5	1.13773946755861e-26	1.58389916073156	0.399	0.121	2.05885334049407e-22
RGS10	5	2.13374347712281e-26	1.12470036278115	0.717	0.319	3.86122219620144e-22
UBE2S	5	3.14173127147886e-26	1.18856463187167	0.813	0.503	5.68527690886814e-22
TNFSF9	5	3.63102668505698e-26	1.47630079473574	0.338	0.092	6.57070588927911e-22
SMCO4	5	4.01532213826892e-26	1.743827710609	0.369	0.11	7.26612694141144e-22
LPXN	5	6.23607516638209e-26	1.62353347689129	0.384	0.116	1.1284801621085e-21
ATP6AP2	5	7.58309980989169e-26	0.988760961832712	0.838	0.48	1.372237741598e-21
RCBTB2	5	8.70116794734965e-26	1.7460135701439	0.333	0.091	1.57456335175239e-21
CACNA2D4	5	9.27654142978093e-26	2.18962022161952	0.258	0.058	1.67868293713316e-21
GBGT1	5	1.2614771399411e-25	2.02463340767723	0.268	0.062	2.28276903243742e-21
ATP6V1H	5	1.39904185625534e-25	1.84086921017829	0.338	0.095	2.53170614307967e-21
ATP6V1B2	5	1.56420772840468e-25	1.42983541368874	0.449	0.153	2.83059030532111e-21
LACC1	5	1.66645205886269e-25	1.9881952297465	0.258	0.058	3.01561164571792e-21
EMILIN2	5	1.73797041775163e-25	1.77304055753227	0.343	0.098	3.14503126796334e-21
GNB4	5	2.07047589746424e-25	1.77710792713046	0.343	0.098	3.74673318405129e-21
PLEKHO1	5	2.32879127060919e-25	0.988151582916605	0.742	0.344	4.21418068329439e-21
VAMP8	5	3.67264201423389e-25	0.847479270793218	0.914	0.589	6.64601298895765e-21
WTAP	5	3.7120386466396e-25	1.6393611282791	0.611	0.288	6.71730513495902e-21
ERICH1	5	3.71230357879826e-25	1.72593205347678	0.414	0.136	6.71778455619333e-21
IRAK3	5	3.80420251411963e-25	2.16780472158487	0.268	0.064	6.88408486955088e-21
ANXA5	5	3.81264286269403e-25	0.90589710456425	0.884	0.585	6.89935852433112e-21
GMPR	5	3.98650152140996e-25	1.91123785145229	0.293	0.075	7.21397315314346e-21
BLVRA	5	5.90313460651487e-25	1.58392920154492	0.439	0.153	1.06823123839493e-20
NINJ2	5	7.76428572766725e-25	2.04384325929642	0.258	0.06	1.40502514527866e-20
PLAC8	5	9.31852442075986e-25	1.54672124571208	0.338	0.094	1.68628017918071e-20
CYCS	5	1.02210863779006e-24	1.27876315510688	0.808	0.55	1.84960779094489e-20
NABP1	5	1.11310715822444e-24	0.996901350421646	0.687	0.298	2.01427871352295e-20
SAMHD1	5	1.37663023106084e-24	1.03245506193357	0.697	0.322	2.49115006612769e-20
PNP	5	1.72386962699452e-24	1.44700806431217	0.455	0.161	3.11951447700928e-20
SH3BGRL	5	1.88201444565699e-24	0.818641626180071	0.894	0.562	3.40569334086089e-20
LAIR1	5	1.8834500931308e-24	1.20669373497846	0.505	0.185	3.4082912885295e-20
TMEM251	5	2.43476925937131e-24	1.73194998957535	0.333	0.096	4.40595845175832e-20
LILRB1	5	2.47733644434742e-24	1.89401795332929	0.308	0.084	4.48298802969109e-20
VSIG4	5	2.59350913430826e-24	0.862947529885407	0.576	0.21	4.69321412944422e-20
IRS2	5	2.92347554606237e-24	1.87257623108318	0.263	0.062	5.29032134815447e-20
HSD17B11	5	2.95876743314048e-24	1.21437174693206	0.591	0.249	5.35418554701101e-20
ABI3	5	2.9614720049714e-24	1.73432306063366	0.323	0.09	5.35907974019625e-20
FOS	5	3.00487291571841e-24	0.576478455873121	0.99	0.935	5.43761802828403e-20
TET2	5	4.63188842877364e-24	1.64597878050398	0.359	0.108	8.38186530070879e-20
SPOPL	5	5.26608136002466e-24	1.95212090789286	0.268	0.066	9.52950082910063e-20
ETV3	5	6.16371006811153e-24	1.91546243731401	0.293	0.078	1.11538497392546e-19
C19orf38	5	9.9000998970952e-24	1.8448982569766	0.303	0.082	1.79152207737835e-19
IFIT2	5	9.93459633066458e-24	1.7003881781323	0.475	0.177	1.79776455199706e-19
RTCB	5	1.0735272004415e-23	1.40583452421363	0.46	0.166	1.94265482191894e-19
HBEGF	5	1.38250696753292e-23	1.55344387708924	0.419	0.145	2.50178460844757e-19
PGLS	5	1.67872352560322e-23	1.05815979730927	0.717	0.358	3.03781809193159e-19
MYO1F	5	1.74266669434527e-23	1.18603426441237	0.47	0.164	3.15352965008721e-19
CTSC	5	1.75819293739538e-23	0.949435067648825	0.843	0.493	3.18162593951068e-19
C1QC	5	2.78939932446146e-23	1.01649171696602	0.687	0.343	5.04769701754546e-19
UPP1	5	3.37513782236734e-23	1.33511636996653	0.581	0.253	6.10764940335593e-19
CAT	5	3.37720576920571e-23	1.32698796869617	0.449	0.16	6.11139155995466e-19
JUP	5	3.55946463477717e-23	1.73637380019843	0.298	0.081	6.44120720309277e-19
SPINT2	5	4.0050273202964e-23	1.27292743337855	0.551	0.23	7.24749743880837e-19
RNU12	5	4.00770570208434e-23	1.48058913344402	0.439	0.155	7.25234423849183e-19
TLR1	5	4.01654171593683e-23	1.66798186531306	0.354	0.11	7.26833388915929e-19
PSAP	5	4.25199683252389e-23	0.674570332073099	0.949	0.665	7.69441346813523e-19
SECTM1	5	4.54231016721301e-23	1.52933762995041	0.369	0.117	8.21976447858866e-19
TREM2	5	5.89951319054516e-23	1.63693364090097	0.333	0.099	1.06757590696105e-18
HIF1A	5	6.69974131524186e-23	0.923645539548789	0.783	0.442	1.21238518840617e-18
ATF5	5	7.42499236271974e-23	1.50015517456376	0.409	0.143	1.34362661795776e-18
NUP214	5	8.64174119500729e-23	1.6217312342573	0.384	0.128	1.56380948664852e-18
ADAP2	5	1.0759544747736e-22	1.72033883119796	0.313	0.09	1.9470472175503e-18
FNIP2	5	1.09873993988922e-22	1.92747009104534	0.273	0.071	1.98827979522353e-18
IER2	5	1.18762572681555e-22	0.652166153342701	0.98	0.86	2.14912751524541e-18
SLC16A3	5	1.1974525641909e-22	1.5056477150672	0.449	0.171	2.16691016015986e-18
STX7	5	1.62529133332788e-22	1.29055929512632	0.5	0.198	2.94112719679013e-18
BAZ1A	5	1.65941193058053e-22	1.35137348761765	0.49	0.192	3.00287182957853e-18
RASSF5	5	3.0897318074062e-22	1.25767766369727	0.424	0.147	5.59117867868226e-18
LIPA	5	3.56806447929607e-22	1.31717027134003	0.409	0.143	6.45676948173416e-18
CCR1	5	3.73100296907322e-22	1.10576482612768	0.47	0.171	6.75162297283489e-18
CDKN1A	5	4.05452294432231e-22	0.54695365263808	0.763	0.395	7.33706472004565e-18
ST3GAL6	5	4.20161869188843e-22	1.9343964078157	0.283	0.078	7.60324918484131e-18
CD72	5	4.55899256201971e-22	1.82818211172473	0.268	0.07	8.24995294023087e-18
CAPG	5	5.51272256019341e-22	1.01334984615251	0.52	0.209	9.975822744926e-18
SPHK1	5	1.02471034021007e-21	1.81967061186921	0.268	0.07	1.85431583164414e-17
MAP2K3	5	1.09647451292204e-21	1.66454431779628	0.364	0.123	1.98418027858372e-17
DNAJB6	5	1.09878862153427e-21	1.12592111127293	0.778	0.471	1.98836788952842e-17
SELL	5	1.27061675463254e-21	1.47877328041526	0.278	0.074	2.29930807918305e-17
ABHD5	5	1.42869286694141e-21	1.55097846133542	0.348	0.112	2.58536261201718e-17
TSPO	5	1.59378527724836e-21	0.852905641602856	0.864	0.564	2.88411383770863e-17
SIRPA	5	2.21904507034089e-21	1.28915589517043	0.404	0.14	4.01558395928887e-17
MRC1L1	5	3.36851311494788e-21	1.27932153506586	0.424	0.152	6.09566133280968e-17
LY96	5	3.42729613745099e-21	0.769235952447269	0.869	0.521	6.2020350903313e-17
HSPA1A	5	3.70240177185097e-21	0.75382174610717	0.924	0.784	6.69986624634152e-17
H2AFY	5	4.01951682899575e-21	1.09523330448992	0.596	0.269	7.27371765375071e-17
LINC00910	5	7.81657949088115e-21	1.4137899692184	0.283	0.08	1.41448822466985e-16
PPP1R15B	5	7.86644855669875e-21	1.35789953907418	0.465	0.186	1.42351253082021e-16
LYSMD2	5	9.66435769440674e-21	1.13309064493846	0.5	0.201	1.74886216837984e-16
ETF1	5	1.11172409927005e-20	1.34824787919248	0.449	0.176	2.01177593003908e-16
NAGK	5	1.13107424324275e-20	1.17746302365471	0.571	0.265	2.04679195057207e-16
HNRNPU-AS1	5	1.4467243959877e-20	1.46681654539235	0.379	0.132	2.61799246697935e-16
DNAJA1	5	2.16384809412033e-20	0.703649494333169	0.914	0.648	3.91569951112015e-16
BCL3	5	2.18689623411351e-20	1.49682180169453	0.374	0.132	3.9574074252518e-16
MIF4GD	5	2.90656985496974e-20	1.45285432224786	0.379	0.133	5.25972880955324e-16
OASL	5	4.10176091389787e-20	1.25361478236595	0.455	0.177	7.42254654978958e-16
NFKBIE	5	4.15293761167392e-20	1.7648561763559	0.308	0.097	7.51515590208512e-16
SIGLEC1	5	4.71261513852382e-20	0.721266907808218	0.505	0.191	8.5279483546727e-16
CLIC1	5	4.7384370329272e-20	0.601946448781767	0.99	0.869	8.57467565478506e-16
TFEC	5	4.90714492533514e-20	1.2360557946098	0.404	0.145	8.87996945688648e-16
MARCKS	5	6.58023911121284e-20	0.759952389237969	0.904	0.665	1.19076006956508e-15
OTUD1	5	9.03930195547712e-20	2.16064636745902	0.354	0.127	1.63575208186314e-15
CD4	5	9.54903175501387e-20	0.881154386538719	0.52	0.207	1.72799278638731e-15
AP1S2	5	9.91385951998253e-20	0.55522436109386	0.662	0.331	1.79401201873604e-15
ARL4A	5	1.14101451601364e-19	1.13291580883891	0.515	0.218	2.06477986817829e-15
CD53	5	1.27117181426835e-19	0.788192380396045	0.778	0.392	2.3003125151e-15
ZSWIM6	5	1.27489047509716e-19	1.61435170389171	0.303	0.094	2.30704180373583e-15
PTPN6	5	1.32106701975635e-19	1.24249445640631	0.429	0.165	2.39060287895109e-15
IL10RB	5	1.33528364691413e-19	1.48387232313252	0.364	0.128	2.41632928745581e-15
CMPK2	5	1.50425910937978e-19	1.30689871730542	0.49	0.213	2.72210728433364e-15
UCP2	5	1.83885130756768e-19	0.978192504059366	0.601	0.277	3.32758532617447e-15
NCF4	5	1.9286718096208e-19	1.07582940859156	0.561	0.253	3.4901245066898e-15
GABARAPL1	5	1.99549015959496e-19	1.52576217572658	0.379	0.138	3.61103899280304e-15
C1QA	5	2.10885663279173e-19	0.673069614841999	0.747	0.452	3.81618696269991e-15
ZYX	5	2.29209110932341e-19	1.00563282657285	0.576	0.254	4.14776807143164e-15
LPCAT1	5	2.4084387080302e-19	1.827154916921	0.288	0.088	4.35831068605145e-15
RBM47	5	2.45765624951008e-19	1.51481603034079	0.333	0.111	4.44737474911344e-15
BMP2K	5	3.7541275439937e-19	0.962505390040667	0.495	0.199	6.793469203611e-15
TMEM107	5	4.0936799676369e-19	1.22025618541952	0.545	0.258	7.40792326943574e-15
ARL8B	5	4.24258074126028e-19	1.39854937649027	0.384	0.141	7.6773741093846e-15
BRI3	5	4.61863081821286e-19	0.731480720670218	0.919	0.577	8.35787432863799e-15
TSPAN33	5	4.70819186176861e-19	1.31438793191654	0.379	0.136	8.51994399305648e-15
CNPY3	5	4.87453377255366e-19	0.928958279798237	0.631	0.302	8.8209563148131e-15
METTL21A	5	5.76611816319738e-19	1.73637380019843	0.273	0.08	1.0434367428122e-14
NUPL1	5	6.94060623727742e-19	1.49503922934144	0.318	0.104	1.25597210469772e-14
MFSD1	5	7.37560572453641e-19	0.985598118260464	0.556	0.25	1.33468961191211e-14
FOLR2	5	7.79563413230761e-19	0.463385401753145	0.576	0.233	1.41069795258238e-14
CD84	5	7.90944927056664e-19	1.41314461244589	0.343	0.118	1.43129394000174e-14
SNN	5	8.98338344288112e-19	1.6823575932088	0.263	0.076	1.62563306782377e-14
ADRBK2	5	9.1414487037582e-19	1.77785043617459	0.253	0.071	1.65423655743208e-14
GPSM3	5	1.21115224877225e-18	0.799405735304551	0.702	0.346	2.19170110937827e-14
CREG1	5	1.21377463340327e-18	0.743744103309787	0.606	0.271	2.19644657660655e-14
RIN3	5	1.54760029905357e-18	1.65210488330082	0.283	0.088	2.80053750116734e-14
SHKBP1	5	1.82681730179132e-18	1.24321961100357	0.389	0.144	3.30580858932156e-14
LTA4H	5	1.96292903612573e-18	1.63350840203366	0.323	0.111	3.55211638377311e-14
ATP13A3	5	2.12634237929168e-18	1.35595926585468	0.328	0.111	3.84782916956623e-14
HNRNPU	5	2.18414637242206e-18	1.07252849665375	0.753	0.468	3.95243127553495e-14
BLVRB	5	2.61641152558345e-18	0.693405432390276	0.727	0.385	4.7346582966958e-14
LPAR6	5	2.63362636704717e-18	0.931738303551328	0.51	0.22	4.76581027380856e-14
RNF149	5	2.71586265615569e-18	1.25964261492742	0.434	0.174	4.91462506257933e-14
DDIT3	5	3.43133356572083e-18	0.893747202640522	0.687	0.366	6.20934122052841e-14
JMJD6	5	3.52823565775351e-18	1.41073409385521	0.414	0.166	6.38469524627074e-14
WDR45B	5	3.83194259721214e-18	1.51195637620155	0.384	0.149	6.93428332391509e-14
IFITM2	5	3.96159121847754e-18	0.710504537907956	0.924	0.613	7.16889546895696e-14
PTPN18	5	4.11349397114319e-18	1.3441972587284	0.359	0.129	7.44377869018072e-14
ARPC5	5	4.13787631435765e-18	0.770594620171787	0.854	0.525	7.4879009784616e-14
DNAJB1	5	4.39286583059054e-18	0.708835634924724	0.899	0.657	7.94933000703663e-14
IL6R	5	4.41726067831415e-18	1.55688008990734	0.278	0.085	7.99347492347729e-14
NEAT1	5	4.56753265691491e-18	0.382586567952487	0.995	0.978	8.26540709595322e-14
NAAA	5	6.16433935827391e-18	1.56530580079448	0.313	0.107	1.11549885027325e-13
ATP6V0D1	5	6.2297645012467e-18	1.11146783323867	0.545	0.263	1.1273381841456e-13
RNF13	5	7.44761772885021e-18	0.995126087533603	0.606	0.301	1.34772090421273e-13
FAM105A	5	1.25896463598546e-17	1.42630586052113	0.328	0.115	2.27822240527928e-13
DNAJA4	5	1.29587141451987e-17	1.13034284884835	0.333	0.115	2.34500891171516e-13
RAB32	5	1.63123105639244e-17	1.07716092233711	0.46	0.193	2.95187571964775e-13
SLC7A5	5	2.06519387305759e-17	1.31204673512469	0.308	0.102	3.73717483268502e-13
PABPC4	5	2.48891319964712e-17	0.918671524788482	0.667	0.354	4.50393732608143e-13
SAP30	5	2.69258067302055e-17	1.51919681707655	0.348	0.131	4.87249398589799e-13
PNPLA8	5	3.98683249457959e-17	1.28031659812164	0.47	0.212	7.21457208219122e-13
MCL1	5	4.0420629134646e-17	0.706648210493128	0.909	0.684	7.31451704820555e-13
SCPEP1	5	4.78247201731926e-17	1.0420168114983	0.545	0.263	8.65436136254093e-13
MCTP1	5	5.85377887967571e-17	1.01793209152329	0.293	0.094	1.05929982606612e-12
ARRDC2	5	5.8725514248113e-17	1.51080408381517	0.268	0.084	1.06269690583385e-12
FBXO6	5	6.94423773217582e-17	1.45333370256159	0.318	0.112	1.25662926001454e-12
LCP1	5	7.52609683015685e-17	0.707271473365773	0.697	0.363	1.36192248238518e-12
CASP4	5	8.02425644895629e-17	1.03113772749063	0.566	0.278	1.45206944700313e-12
CTA-29F11.1	5	8.16362457160033e-17	1.05694661547378	0.495	0.222	1.4772895024768e-12
SYK	5	8.36190620388259e-17	1.26380437151324	0.348	0.128	1.51317054665459e-12
MYD88	5	9.04998445730767e-17	1.35308322195998	0.338	0.124	1.6376851873944e-12
NOTCH2	5	9.72218696173844e-17	1.56765456150151	0.283	0.094	1.75932695259619e-12
SKIL	5	1.09619305741616e-16	0.916397249140209	0.662	0.362	1.98367095670028e-12
CD33	5	1.18968342808534e-16	1.58433126245211	0.258	0.08	2.15285113146323e-12
DRAM2	5	1.21552306722596e-16	0.995868640971043	0.561	0.276	2.19961054245209e-12
AHR	5	1.27174070570634e-16	0.947307106159811	0.48	0.208	2.3013419810462e-12
IDI1	5	1.28974325247315e-16	1.06941214724018	0.561	0.282	2.33391938967541e-12
GLIPR1	5	1.44235937297811e-16	0.966742942257708	0.576	0.285	2.61009352134119e-12
NUMB	5	1.60676710749425e-16	1.29840990407008	0.384	0.154	2.90760575772159e-12
ATG3	5	2.0275614182921e-16	1.27795241814828	0.369	0.144	3.66907514254139e-12
PDCL3	5	2.24593625734501e-16	1.33734358768733	0.333	0.123	4.06424625129153e-12
KCTD12	5	2.26779276169205e-16	0.527199754796624	0.561	0.25	4.10379778155794e-12
RP11-386I14.4	5	2.46581206037051e-16	1.41624385110477	0.419	0.185	4.46213350444647e-12
C10orf54	5	2.71296952739093e-16	0.891974624689531	0.641	0.341	4.90938965676663e-12
HSPA6	5	3.49731351588086e-16	0.575561052824378	0.374	0.14	6.328738538338e-12
REV3L	5	3.56502610896395e-16	1.50744780676141	0.338	0.128	6.45127124678116e-12
ZFAS1	5	3.69505026457391e-16	0.766627441208094	0.803	0.506	6.68656295877295e-12
LRP1	5	3.74584491957429e-16	0.621731234257304	0.545	0.242	6.77848096646163e-12
LMO2	5	3.78855662397269e-16	1.00541430079521	0.414	0.173	6.85577206674098e-12
PTPLAD2	5	4.95036888924702e-16	1.33418347010038	0.313	0.111	8.95818754198141e-12
AXL	5	5.00234827539482e-16	1.148209379178	0.419	0.18	9.05224943915446e-12
GPCPD1	5	5.08845255224358e-16	1.30622940852937	0.369	0.146	9.20806373853999e-12
FLOT1	5	5.31854682705246e-16	0.937071150435555	0.621	0.326	9.62444233823413e-12
VASP	5	5.65014436946429e-16	1.18783470772714	0.439	0.193	1.02245012509826e-11
C10orf11	5	5.99322342069299e-16	1.58284222086371	0.278	0.094	1.0845337102086e-11
TRIB1	5	6.63257658883194e-16	1.28839837609769	0.394	0.163	1.20023105951503e-11
FAM46A	5	8.16014840126708e-16	1.21551758536547	0.343	0.13	1.47666045469329e-11
MPHOSPH6	5	8.28980806900642e-16	1.47424362193475	0.293	0.102	1.5001236681674e-11
C1QB	5	9.40948968880658e-16	0.790140488081009	0.667	0.403	1.70274125408644e-11
RGL1	5	1.14565862448801e-15	1.36001676908364	0.323	0.12	2.07318384687351e-11
OAS1	5	1.36354090682023e-15	0.890622686500637	0.591	0.299	2.46746362498189e-11
RGS2	5	1.53267289769164e-15	0.876876368516809	0.566	0.28	2.77352487566279e-11
TPP1	5	1.7271070984106e-15	0.856029112171546	0.581	0.29	3.12537300528383e-11
FERMT3	5	1.83352057715819e-15	0.900408617843599	0.525	0.251	3.31793883642546e-11
GRINA	5	2.20106624204017e-15	1.17803727635539	0.424	0.189	3.98304947159589e-11
GTF2B	5	2.49615745305498e-15	1.23666879442395	0.47	0.234	4.5170465270483e-11
CREM	5	2.55356622755795e-15	0.978720281378712	0.596	0.322	4.62093344538886e-11
ID2	5	2.59178591265395e-15	0.485605885316259	0.591	0.274	4.69009578753859e-11
NSUN6	5	2.86042748944844e-15	1.4883438189796	0.293	0.104	5.1762295849059e-11
GLIPR2	5	2.86508186401682e-15	1.06676347383399	0.449	0.2	5.18465214112483e-11
LAMTOR3	5	2.96396890610053e-15	1.26422749887458	0.354	0.141	5.36359813247951e-11
MOB1A	5	3.05985729992226e-15	0.898714457711996	0.626	0.348	5.53711776993932e-11
RB1	5	3.62431862872164e-15	0.952937142732677	0.52	0.248	6.55856699053467e-11
P2RX4	5	3.75157047850545e-15	1.35212417450002	0.323	0.121	6.78884193790347e-11
ATG16L2	5	3.90048067503525e-15	1.38072313475351	0.293	0.104	7.05830982954378e-11
CSGALNACT2	5	4.47535145433655e-15	1.29796179254577	0.359	0.145	8.09859599176742e-11
RARA	5	4.51369807254494e-15	1.52362114880746	0.268	0.091	8.16798803207732e-11
MPP1	5	4.82619087188418e-15	1.19155513814054	0.343	0.133	8.73347500176161e-11
PREX1	5	4.87013797944265e-15	1.10922792554284	0.389	0.161	8.81300168759941e-11
CECR1	5	5.05270461620604e-15	1.00187394308996	0.46	0.21	9.14337427348645e-11
PTPRC	5	5.2142704433996e-15	0.301552921319901	0.909	0.508	9.43574379437591e-11
TNFAIP8	5	5.30398147670286e-15	1.45856603452495	0.49	0.24	9.5980848802415e-11
FYB	5	5.62699809046312e-15	0.866494538084896	0.495	0.228	1.01826157445021e-10
ILF3-AS1	5	5.90192408461533e-15	1.52699808738616	0.404	0.185	1.06801218235199e-10
ITGAM	5	6.58457901669955e-15	1.35328623259015	0.298	0.108	1.19154541886195e-10
ETV6	5	6.63213029057981e-15	1.07606429232598	0.429	0.19	1.20015029738332e-10
IL18	5	6.8522538988757e-15	1.36281293689574	0.293	0.105	1.23998386554055e-10
FHL3	5	7.25955703147166e-15	1.50625401683737	0.258	0.086	1.31368944041511e-10
JDP2	5	7.3241274495027e-15	1.3221709523984	0.303	0.111	1.32537410326201e-10
SNAPC1	5	9.01930286310882e-15	1.85394051395396	0.253	0.085	1.63213304610817e-10
C3AR1	5	9.43033039115348e-15	1.07584625551884	0.338	0.129	1.70651258758313e-10
CREB5	5	9.64957432419858e-15	1.17175994486907	0.308	0.113	1.74618696970698e-10
CTD-2336O2.1	5	9.7997504527069e-15	1.31539999442096	0.293	0.105	1.77336284192184e-10
PQLC1	5	1.508836063937e-14	1.18499866387914	0.384	0.163	2.73038974130039e-10
TPMT	5	1.80249288486616e-14	1.26272776989279	0.328	0.128	3.2617911244538e-10
ZFYVE16	5	1.9766779936115e-14	1.26593293835314	0.359	0.15	3.57699649723936e-10
RAP2B	5	1.98589953758929e-14	0.957829102280821	0.419	0.181	3.59368380322157e-10
SLC25A5	5	2.11269474529304e-14	0.709163249019872	0.803	0.553	3.82313241108229e-10
PABPC1	5	2.3078266725784e-14	0.542659663266105	0.955	0.807	4.17624314669787e-10
FAM49A	5	2.56162779424323e-14	1.61673055319894	0.268	0.096	4.63552165646255e-10
PGS1	5	2.6849569878212e-14	1.48025880830442	0.258	0.088	4.85869816516124e-10
HES4	5	3.21377103193799e-14	1.84914173036038	0.293	0.112	5.81564005939498e-10
SAMSN1	5	3.28666933847764e-14	0.835147707674533	0.551	0.278	5.94755683490913e-10
BIRC3	5	3.50681398260583e-14	1.28015589691948	0.364	0.152	6.34593058292351e-10
WSB1	5	3.79065992752267e-14	0.700604255571713	0.783	0.481	6.85957820484503e-10
SH3BGRL3	5	3.84211943558621e-14	0.582637787937867	0.96	0.845	6.9526993306368e-10
RNF144B	5	4.37499088073269e-14	1.06637244658105	0.278	0.099	7.91698349777388e-10
SSB	5	4.75421093800438e-14	0.88824620882606	0.586	0.309	8.60322011341272e-10
MBP	5	5.33202060893603e-14	0.837971428612157	0.414	0.175	9.64882449393064e-10
SATB1	5	5.44012062034403e-14	1.41777606117753	0.258	0.089	9.84444227457456e-10
SPTLC2	5	5.96415198533392e-14	1.06919021122852	0.354	0.144	1.07927294326603e-09
DNTTIP2	5	5.98611177954882e-14	1.22950361788655	0.348	0.145	1.08324678762715e-09
DPYD	5	8.19215292153059e-14	1.29181034861641	0.298	0.113	1.48245199268018e-09
FXYD5	5	9.14478101631845e-14	0.588122841614484	0.833	0.504	1.65483957271299e-09
PTGER4	5	9.26949846488603e-14	1.15544203525476	0.348	0.142	1.67740844220578e-09
ABL2	5	1.03929306188625e-13	1.17566683935784	0.354	0.147	1.88070472478935e-09
CCNL1	5	1.10238811798691e-13	0.572891209867659	0.854	0.577	1.99488153830911e-09
GNA13	5	1.13875980756049e-13	1.15757596841377	0.343	0.141	2.06069974776147e-09
MAT2A	5	1.48392011284672e-13	0.911773621597111	0.475	0.228	2.68530183620743e-09
CR1	5	1.59856800497965e-13	1.08523022249279	0.308	0.117	2.89276866181117e-09
JOSD1	5	1.67518558205124e-13	1.06547431724665	0.384	0.167	3.03141582927992e-09
EHD1	5	1.7489612340922e-13	1.40491984518416	0.298	0.116	3.16492024921324e-09
MGAT4A	5	1.98255669372303e-13	0.885924896915938	0.52	0.264	3.5876345929612e-09
NUBP1	5	2.1200704253766e-13	1.36844480497507	0.293	0.113	3.8364794417615e-09
SETDB2	5	2.2154897233695e-13	1.11469795089769	0.348	0.147	4.00915020340945e-09
HN1	5	2.42526455212391e-13	0.850895439074292	0.576	0.315	4.38875873352344e-09
GIMAP1	5	2.64157956072324e-13	0.83699922116037	0.429	0.19	4.78020237308477e-09
TMEM55B	5	3.13090209613401e-13	1.21303526185229	0.333	0.139	5.6656804331641e-09
CD9	5	3.54430215630263e-13	0.736726283616574	0.535	0.266	6.41376918204524e-09
ARHGDIB	5	3.76677634043953e-13	0.507582552784204	0.874	0.57	6.81635846565938e-09
MAPKAPK3	5	4.07145357268843e-13	1.22757246465438	0.278	0.104	7.36770238513698e-09
SKAP2	5	4.08272586717158e-13	1.02243644252878	0.444	0.218	7.38810072923369e-09
MIIP	5	4.40566941318804e-13	1.25323632091549	0.298	0.116	7.97249937010507e-09
SH3BP1	5	4.86032675064727e-13	1.20669373497846	0.283	0.106	8.79524728797129e-09
TMSB10	5	4.9835627318871e-13	0.358946169675302	1	0.995	9.01825511962289e-09
RAB5C	5	5.0693385124983e-13	0.750144624874284	0.616	0.337	9.17347497221693e-09
TTYH3	5	5.44277285379205e-13	0.641239393146518	0.404	0.172	9.84924175622209e-09
MTMR14	5	5.44718117334357e-13	1.19908055086858	0.298	0.116	9.85721905128252e-09
CMTM7	5	5.46345514174619e-13	1.17475084247571	0.313	0.125	9.8866684245039e-09
MAP1LC3B	5	5.67068997210437e-13	0.818644750857988	0.737	0.501	1.02616805735201e-08
NUDT1	5	5.77327455935215e-13	0.981790094485963	0.379	0.165	1.04473176426037e-08
AP2S1	5	6.75259157793162e-13	0.709896778498854	0.768	0.516	1.22194897194251e-08
TNFRSF10B	5	7.04753067642486e-13	1.09883774521779	0.323	0.132	1.27532115120584e-08
MANBA	5	7.34316762708697e-13	1.42908615631491	0.253	0.092	1.32881961379766e-08
RBM22	5	7.50525433844027e-13	1.30622940852937	0.293	0.115	1.35815082508415e-08
QKI	5	7.94989097510674e-13	0.713998907344179	0.591	0.319	1.43861227085532e-08
SULT1A1	5	7.99272723168266e-13	1.40046547837514	0.268	0.101	1.44636391984529e-08
SNX18	5	8.06650862694568e-13	1.33222461706232	0.258	0.094	1.45971540113209e-08
B4GALT1	5	1.21081171317354e-12	1.17641116804242	0.394	0.183	2.19108487615884e-08
CDC42	5	1.26794279829846e-12	0.513770866954536	0.899	0.727	2.2944692878009e-08
ACTR2	5	1.31474420657659e-12	0.633733170710749	0.732	0.43	2.379161116221e-08
CD93	5	1.63657249652933e-12	0.463778874481068	0.424	0.189	2.96154158971948e-08
OSER1	5	1.6561088768945e-12	1.23404422312342	0.318	0.132	2.99689462362828e-08
CTSA	5	1.66489520308218e-12	0.810765058647321	0.545	0.297	3.01279435949752e-08
CACUL1	5	1.67483931568162e-12	1.21750048993504	0.308	0.126	3.03078922565745e-08
ARID3A	5	1.83678221510684e-12	1.26923520104717	0.263	0.098	3.32384109645734e-08
ATP2B1	5	2.01452124202674e-12	1.0077793751624	0.525	0.281	3.64547763957159e-08
SH2B3	5	2.16938059100736e-12	1.12039388858424	0.328	0.139	3.92571111748691e-08
DOCK2	5	2.20495187993625e-12	1.0831970692224	0.323	0.134	3.99008092193263e-08
GNPDA1	5	2.26410811912747e-12	1.32984196575133	0.258	0.096	4.09713005237307e-08
RAC1	5	3.14769121455723e-12	0.589034196437856	0.833	0.582	5.69606202186276e-08
SORL1	5	3.19795647345385e-12	1.15633953509141	0.268	0.101	5.78702203436208e-08
BTK	5	4.05989622075432e-12	1.23762559453035	0.268	0.102	7.34678820107701e-08
APLP2	5	4.59421972892625e-12	0.564456428905555	0.657	0.356	8.31370002146493e-08
SNX6	5	5.79602303891813e-12	0.703364338756954	0.677	0.431	1.04884832912263e-07
ARPC4	5	7.24959171594286e-12	0.680071979172389	0.601	0.327	1.31188611691702e-07
ZBTB10	5	7.75467391189991e-12	1.03409954676016	0.318	0.136	1.40328579109741e-07
ADCY7	5	8.05670013573487e-12	1.10473132403301	0.308	0.128	1.45794045656258e-07
HLA-DOA	5	8.16918938472345e-12	1.3109211038541	0.253	0.096	1.47829651105956e-07
LGALS3	5	8.22218936240716e-12	0.701784485823339	0.631	0.389	1.4878873870212e-07
RP11-138A9.2	5	8.52995554131412e-12	1.07073858276528	0.369	0.168	1.5435807547562e-07
GALM	5	9.20497962283596e-12	1.05812972550018	0.288	0.115	1.6657331125484e-07
SH3BP2	5	9.54033268134357e-12	1.05575183690372	0.318	0.134	1.72641860201593e-07
ADRBK1	5	9.5557459644758e-12	0.584843825830626	0.566	0.286	1.72920778973154e-07
CD55	5	1.03236511846054e-11	0.884765640091098	0.48	0.252	1.86816791836619e-07
MED29	5	1.20372523044373e-11	0.946333463442992	0.348	0.155	2.17826117701098e-07
ACTB	5	1.20803625621576e-11	0.47599853922394	1	0.981	2.18606240924804e-07
MYLIP	5	1.28812773094888e-11	0.869658747700889	0.328	0.139	2.33099594192509e-07
DPYSL2	5	1.62307016990338e-11	0.930964256296299	0.424	0.212	2.93710777945716e-07
RAB8A	5	1.68434274824619e-11	0.759947375972278	0.53	0.286	3.0479866372263e-07
CCDC109B	5	1.78855099400877e-11	0.820511098371801	0.424	0.203	3.23656187875828e-07
SLA	5	1.8218316743686e-11	0.758812979012599	0.348	0.151	3.29678659793743e-07
TRMT1	5	2.06527132912451e-11	0.816623151216191	0.429	0.207	3.73731499718372e-07
NAGA	5	2.25028186110385e-11	1.14881281889796	0.278	0.112	4.07211005585353e-07
M6PR	5	2.25192167243636e-11	0.772937038353027	0.51	0.271	4.07507745844083e-07
TUBB4B	5	2.31145455326104e-11	0.52182004111861	0.864	0.636	4.18280815958117e-07
C20orf27	5	2.39704518493354e-11	0.82126269778494	0.369	0.168	4.33769296665574e-07
TCOF1	5	2.474944579168e-11	1.16362501308657	0.323	0.144	4.47865971046241e-07
HSPA9	5	2.6978718274591e-11	0.829647892943925	0.439	0.221	4.88206885896998e-07
OSTF1	5	2.80718085721724e-11	0.63661805265717	0.641	0.371	5.07987447922032e-07
LAP3	5	3.00930442274861e-11	0.588751464119582	0.808	0.576	5.44563728340588e-07
ADPGK	5	3.02236499037117e-11	1.03885204803664	0.338	0.152	5.46927168657568e-07
TGFB1	5	3.10205695498618e-11	0.626296728703096	0.646	0.378	5.613482265743e-07
RPS24	5	3.20486739751922e-11	0.261058384004158	1	0.999	5.79952804255078e-07
CTNNBL1	5	3.2381710908362e-11	1.24811366235844	0.253	0.098	5.85979440597718e-07
JAK2	5	3.56692629050375e-11	0.984301313642012	0.298	0.124	6.45470981529559e-07
HSP90AA1	5	3.99101386070354e-11	0.25275416126235	0.96	0.909	7.22213868232913e-07
LPCAT2	5	4.11593060349e-11	1.04110766926049	0.323	0.143	7.4481880200755e-07
CCL2	5	4.36858826163265e-11	0.743561947498571	0.444	0.236	7.90539731825044e-07
ARID5A	5	4.82012562785965e-11	0.883832158957987	0.409	0.197	8.72249933617482e-07
NKIRAS2	5	5.22915394471837e-11	1.25223451888865	0.273	0.112	9.46267697836237e-07
STX10	5	5.73426440340647e-11	1.12733594336518	0.278	0.114	1.03767248644044e-06
ZBTB1	5	5.9502309478143e-11	1.11457553299003	0.343	0.159	1.07675379231648e-06
WDR74	5	6.35409057598466e-11	1.00522196526911	0.414	0.209	1.14983623063018e-06
ST3GAL1	5	6.5801433673886e-11	1.14675119452218	0.263	0.105	1.19074274376264e-06
RBPJ	5	6.71572400581608e-11	0.494450570223485	0.662	0.368	1.21527741609248e-06
PSEN1	5	6.91111238771771e-11	1.20669373497846	0.258	0.103	1.2506348976814e-06
FES	5	7.16085924824616e-11	1.12524392135872	0.288	0.123	1.29582908956262e-06
PLK3	5	8.33578737156315e-11	0.887516251107132	0.389	0.192	1.50844408275807e-06
ERP44	5	8.51638567084703e-11	0.84616280086735	0.475	0.257	1.54112515099648e-06
IFRD1	5	1.04706458741439e-10	0.689672203409385	0.5	0.265	1.89476807738508e-06
STK38L	5	1.08113141595503e-10	1.15852645251795	0.263	0.106	1.95641541031222e-06
KPNA2	5	1.08287830672434e-10	1.05344747468278	0.273	0.112	1.95957658384837e-06
ATP6V1C1	5	1.18505954694899e-10	1.12762216398726	0.313	0.142	2.1444837561589e-06
NMI	5	1.21301117590474e-10	0.855221364477082	0.389	0.186	2.19506502391722e-06
BASP1	5	1.23044567098423e-10	1.09863398912101	0.429	0.23	2.22661448621306e-06
NUDT3	5	1.23211281230453e-10	0.720664404128178	0.48	0.252	2.22963134514628e-06
SNAPIN	5	1.27993232590914e-10	1.15287103547231	0.278	0.117	2.31616553696519e-06
CD44	5	1.29965541682582e-10	0.621097778685814	0.646	0.381	2.35185644228801e-06
BIRC2	5	1.34927230063563e-10	0.776808471292303	0.51	0.282	2.44164315523023e-06
IVNS1ABP	5	1.35463846196529e-10	0.693284495282338	0.46	0.237	2.4513537607724e-06
NCOA4	5	1.36984184624294e-10	0.733686167062286	0.46	0.236	2.47886580496122e-06
HSPH1	5	1.46348598903335e-10	0.664665030262639	0.49	0.266	2.64832424575475e-06
LAMTOR2	5	1.50081787741722e-10	0.621731234257304	0.667	0.408	2.71588003097421e-06
UBAC1	5	1.52573908347764e-10	0.955154967982496	0.333	0.153	2.76097744546114e-06
DEK	5	1.58528868151912e-10	0.717197243499171	0.475	0.251	2.868738398077e-06
COMMD9	5	1.95462273389881e-10	0.999764431029817	0.323	0.147	3.53708529926328e-06
SLC3A2	5	1.97642910665564e-10	0.563890642264317	0.652	0.401	3.57654611140405e-06
DDX60L	5	2.00279914895575e-10	0.806155805394731	0.434	0.222	3.62426533995032e-06
TWF2	5	2.01157551822932e-10	0.90953354524004	0.399	0.201	3.64014705778778e-06
TALDO1	5	2.02451505466983e-10	0.862914918869438	0.54	0.325	3.66356244293053e-06
GBP1	5	2.11848006960598e-10	0.961991151916924	0.379	0.186	3.83360153395897e-06
OSBPL1A	5	2.24105999082259e-10	1.06555163416518	0.288	0.124	4.05542215939255e-06
TNFSF12	5	2.24832630486033e-10	0.807253090750635	0.409	0.203	4.06857128127525e-06
ARHGAP18	5	2.25802195033021e-10	0.736063909736299	0.409	0.2	4.08611652131755e-06
CFL1	5	2.37279506100095e-10	0.334978728699016	0.995	0.924	4.29380994238731e-06
FMNL1	5	2.50573848127085e-10	0.685347333553275	0.394	0.186	4.53438435570773e-06
PER1	5	2.54824842927184e-10	1.01636252287431	0.298	0.131	4.61131035761033e-06
CTSL	5	2.66206716738189e-10	1.22477111418024	0.5	0.293	4.81727674609427e-06
LYL1	5	2.91546305164057e-10	0.908352460408714	0.343	0.16	5.27582193824878e-06
NQO2	5	2.98957016382576e-10	1.07196863296525	0.303	0.135	5.40992616845909e-06
GSTO1	5	3.2802135904062e-10	0.63026209174166	0.687	0.447	5.93587451319906e-06
SRA1	5	3.32054068852807e-10	0.750433572973103	0.52	0.295	6.0088504299604e-06
BTG1	5	3.86061900530341e-10	0.260030248297004	0.869	0.648	6.98617615199705e-06
MEF2A	5	3.9477164457989e-10	0.644814847370345	0.54	0.302	7.14378768031769e-06
HEXB	5	4.08815367887803e-10	0.805716179538154	0.465	0.253	7.39792289729768e-06
CMTM3	5	4.73909256366976e-10	1.04783697049235	0.283	0.123	8.57586190321679e-06
SIPA1L1	5	5.01983069319205e-10	1.1692190295598	0.253	0.104	9.08388562240033e-06
CYB5R4	5	5.32622697136099e-10	0.806410002389643	0.389	0.192	9.63834032737485e-06
HMGN2	5	5.62974534770886e-10	0.535316482439831	0.833	0.624	1.0187587181214e-05
YIF1B	5	5.99692968863372e-10	1.04219969735021	0.313	0.144	1.08520439645516e-05
SP110	5	6.50619566478609e-10	0.808261142803697	0.495	0.278	1.17736116749969e-05
PRDX3	5	6.54687381691581e-10	0.830698336427914	0.439	0.237	1.18472228590909e-05
AGFG1	5	7.04319262862125e-10	0.841898990479238	0.374	0.183	1.2745361380753e-05
DCK	5	7.8858905418469e-10	0.947959466578292	0.273	0.115	1.42703075245262e-05
LIMS1	5	8.64834819469573e-10	0.742412716679767	0.52	0.296	1.56500508931214e-05
TRAPPC2P1	5	9.32432134376742e-10	1.08795618839494	0.303	0.141	1.68732919036815e-05
ATF7IP2	5	9.42191907256029e-10	1.43757761720855	0.338	0.167	1.70499047537051e-05
POU2F2	5	9.63735319526476e-10	0.871090703194021	0.338	0.16	1.74397543421511e-05
COMMD8	5	9.63787008449058e-10	0.865170160015861	0.348	0.167	1.74406897048942e-05
UBE2A	5	1.02892541827808e-09	0.694643605171727	0.515	0.29	1.86194343691601e-05
RAB31	5	1.04667685275544e-09	0.859189393385081	0.343	0.165	1.89406643274625e-05
UBE2D3	5	1.06061010407142e-09	0.505035009548207	0.813	0.566	1.91928004432765e-05
FUOM	5	1.06741415322247e-09	0.861401647025587	0.404	0.208	1.93159265167139e-05
DOCK8	5	1.15822272612821e-09	0.769288422671162	0.384	0.191	2.09591984520161e-05
ST8SIA4	5	1.39717406243862e-09	0.779087562196561	0.414	0.216	2.52832618338892e-05
CTSD	5	1.44444269956174e-09	0.502724054124758	0.763	0.556	2.61386350912693e-05
ACAA1	5	1.47900390517435e-09	0.837459925312741	0.394	0.201	2.67640546680351e-05
CXorf21	5	1.51680977082952e-09	0.898571439616128	0.268	0.116	2.74481896129309e-05
CDC42SE1	5	1.5741583149281e-09	0.637328089308323	0.419	0.212	2.84859688669388e-05
RCSD1	5	1.77771647347429e-09	0.84962383397084	0.338	0.161	3.21695573039908e-05
BCAS2	5	1.92072848978795e-09	0.571519788303536	0.465	0.258	3.47575027512027e-05
RPS13	5	2.32045470191255e-09	0.274849702922319	0.995	0.996	4.19909482858095e-05
GLRX	5	2.49196109720701e-09	0.451688283663891	0.576	0.323	4.50945280150581e-05
IL13RA1	5	2.52110487594711e-09	0.997746844706964	0.323	0.158	4.56219138351389e-05
NUDT16	5	2.72896592140267e-09	1.00896336787628	0.283	0.128	4.93833673137027e-05
MPDU1	5	2.78517868455214e-09	0.984301313642012	0.313	0.149	5.04005934756555e-05
LAMTOR4	5	2.8621791466032e-09	0.444467090882954	0.884	0.676	5.17939938369315e-05
PSMB10	5	2.99035194699062e-09	0.744474298969544	0.414	0.217	5.41134088327422e-05
GIMAP4	5	3.07720375959952e-09	0.627909809186428	0.419	0.214	5.56850792337129e-05
NEU1	5	3.37496879883465e-09	0.609585804395215	0.551	0.324	6.10734353837118e-05
HOTAIRM1	5	3.39297802394273e-09	1.20669373497846	0.283	0.13	6.13993303212677e-05
RCC2	5	3.43342090879955e-09	1.11734624938318	0.268	0.12	6.21311847656367e-05
OSGEP	5	3.60528463856813e-09	0.921716776263989	0.288	0.131	6.52412308195289e-05
HPRT1	5	3.6353136431294e-09	0.830994383650117	0.359	0.179	6.57846356860696e-05
TSC22D2	5	3.65109077089026e-09	0.965685635474665	0.263	0.114	6.60701385900301e-05
HMHA1	5	3.78559704609178e-09	0.65528379396833	0.394	0.198	6.85041641460768e-05
N4BP2L1	5	3.92146237211658e-09	1.08470321059985	0.283	0.131	7.09627830858217e-05
EIF3H	5	3.95490136830504e-09	0.615618110530692	0.576	0.349	7.1567895160848e-05
PDE4B	5	4.04164065779337e-09	0.94110362424091	0.414	0.234	7.31375293434288e-05
CAPZB	5	4.48729315032295e-09	0.37894969256229	0.823	0.528	8.12020568482442e-05
KRAS	5	4.7288355148185e-09	0.876304061342902	0.318	0.152	8.55730074761555e-05
AKIRIN2	5	4.9283466044493e-09	0.905524200257895	0.359	0.185	8.91833601541146e-05
GPR108	5	5.03597955827966e-09	0.853056780363759	0.338	0.166	9.11310860866287e-05
ANP32A	5	5.31273789992684e-09	0.791656235699616	0.429	0.235	9.61393050370761e-05
GPR65	5	5.33882536565442e-09	0.634612525554036	0.389	0.194	9.66113838168823e-05
ATP6V1F	5	5.64195661704581e-09	0.606922548743225	0.732	0.546	0.000102096846942061
HNRNPF	5	5.8880195749163e-09	0.572916208822502	0.677	0.474	0.000106549602227685
COMT	5	6.37156380483553e-09	0.491229210023176	0.611	0.364	0.000115299818612304
RNPEP	5	6.8943046752151e-09	1.04790147587077	0.253	0.111	0.000124759337402692
SLC18B1	5	6.95618003805977e-09	0.938830797127837	0.273	0.123	0.00012587903396873
MIR24-2	5	7.14100578277174e-09	0.663332138724077	0.414	0.221	0.000129223640645037
HSPA1B	5	7.64727290240097e-09	0.253501488089742	0.843	0.707	0.000138385050441848
TPI1	5	7.98176728305664e-09	0.437980940597228	0.848	0.689	0.000144438060754193
ODF3B	5	8.27329990323157e-09	0.611883448300957	0.525	0.307	0.000149713635048878
TGFBI	5	8.28689115171377e-09	0.445408461616841	0.394	0.197	0.000149959582281412
SLC39A1	5	8.35295778755501e-09	0.875572286008476	0.343	0.174	0.000151155124123596
UBXN1	5	8.5826018584061e-09	0.511087170573311	0.667	0.412	0.000155310763229717
GBAS	5	9.29647355437743e-09	0.932885804141463	0.303	0.145	0.000168228985440014
NUP62	5	9.4451319382524e-09	1.10274277093955	0.258	0.116	0.000170919107554615
FAM198B	5	9.95457394391345e-09	0.675502490698284	0.343	0.168	0.000180137970089058
RTFDC1	5	1.02029473773579e-08	0.67205281923157	0.444	0.244	0.000184632535740669
ARF5	5	1.03906915751706e-08	0.552005824942229	0.652	0.411	0.000188029954744287
KIAA1033	5	1.11854616670118e-08	0.674390183529868	0.409	0.216	0.000202412114326246
YWHAH	5	1.18954055341769e-08	0.851145672598683	0.49	0.298	0.000215259258546465
LTBR	5	1.26431425821874e-08	0.873399385141153	0.288	0.135	0.000228790308167264
PNPT1	5	1.27735902440996e-08	0.817342879363266	0.348	0.176	0.000231150889057226
ABRACL	5	1.29560385757931e-08	0.576123235953961	0.495	0.279	0.000234452474067552
OAZ2	5	1.34877689886483e-08	0.894664101157336	0.323	0.162	0.00024407466761858
PLEKHB2	5	1.36999887229542e-08	0.825264628342436	0.338	0.171	0.00024791499593058
CEP170	5	1.38123272965097e-08	0.847054474358707	0.323	0.159	0.00024994787475764
SNAP23	5	1.39551957634215e-08	0.869513556230844	0.323	0.16	0.000252533222534875
FRMD4B	5	1.40298153251141e-08	0.673742032833847	0.379	0.195	0.000253883538123264
CDKN1C	5	1.42296281671977e-08	1.63162969532354	0.263	0.125	0.00025749935131361
HMGA1	5	1.63008966113199e-08	0.467925898178269	0.343	0.171	0.000294981025078445
SRSF5	5	1.63069606186062e-08	0.424677870940842	0.869	0.705	0.000295090759354298
ATF6	5	1.69332874190947e-08	0.83065036731548	0.338	0.172	0.000306424769135938
HSPE1	5	1.71455775597826e-08	0.562562335517169	0.793	0.711	0.000310266371521826
HOMER3	5	1.82206081312208e-08	0.980926586861355	0.273	0.127	0.000329720124742571
DMXL1	5	2.02397769571814e-08	0.859674659128268	0.283	0.132	0.000366259003817154
JMJD1C	5	2.04584974115215e-08	0.71433184123886	0.515	0.316	0.000370216969158892
DDX60	5	2.0829637244418e-08	0.752414604106766	0.313	0.152	0.000376933115574987
CAB39	5	2.24185033409751e-08	0.864118489248336	0.328	0.166	0.000405685236458285
GMFG	5	2.49098901386972e-08	0.418688707811788	0.838	0.602	0.000450769371949864
LGALS8	5	2.68816628712373e-08	0.98805344850312	0.253	0.114	0.00048645057131791
LAMP1	5	2.92679525467761e-08	0.566322539051046	0.626	0.404	0.000529632869286461
SMAP2	5	2.94180859381878e-08	0.5186377412932	0.485	0.269	0.000532349683137447
TLE3	5	2.98676880304923e-08	0.796347931024338	0.328	0.166	0.000540485682599788
GPR34	5	3.25261191434583e-08	0.401248402929487	0.308	0.142	0.000588592652020021
IQGAP2	5	3.53370562323287e-08	0.99858553964826	0.253	0.116	0.000639459369580221
VMP1	5	3.98463399164347e-08	0.490145097245566	0.687	0.466	0.000721059367127803
AGTRAP	5	4.03747990998041e-08	0.758233234162166	0.389	0.213	0.000730622364510055
DCP2	5	4.06689486473966e-08	0.895492046684156	0.283	0.135	0.00073594529472329
TANK	5	4.23069020101691e-08	0.773910685509662	0.399	0.22	0.00076558569877602
MIR142	5	4.25396444738444e-08	0.840787943030495	0.253	0.114	0.000769797406398687
SQRDL	5	4.99695723820418e-08	0.848949460747126	0.293	0.143	0.000904249381825429
IFIT1	5	5.01049434891427e-08	0.816950255863526	0.434	0.253	0.000906699057379525
NSL1	5	5.68682865604731e-08	0.84800709008098	0.298	0.147	0.00102908851359832
PEA15	5	5.97768475577156e-08	0.739744147057146	0.283	0.135	0.00108172183340442
EVI2B	5	6.04747702265348e-08	0.688292397931782	0.328	0.165	0.00109435144201937
OLFML2B	5	6.26337826748231e-08	0.49601483233253	0.313	0.151	0.0011334209312836
IFI6	5	6.30924828996844e-08	0.374167831863318	0.889	0.734	0.00114172157055269
CSK	5	6.46237457991445e-08	0.674446051055225	0.399	0.218	0.00116943130398132
CMIP	5	6.56823583871549e-08	0.759234758007239	0.298	0.146	0.00118858795737395
BCL7B	5	6.81993671314024e-08	0.860565945219768	0.313	0.159	0.00123413574760986
TNFSF10	5	7.08343131605766e-08	0.688073729086	0.561	0.354	0.0012818177309538
ATP1A1	5	7.51962171624154e-08	0.564487282422828	0.485	0.281	0.00136075074577107
RIN2	5	7.8683996213195e-08	1.00024285751103	0.268	0.129	0.00142386559547398
SPAG9	5	8.03895741469514e-08	0.966490037525552	0.293	0.147	0.00145472973376323
PARL	5	8.31562136980782e-08	0.773120284262189	0.374	0.206	0.00150479484308042
C6orf62	5	8.50444689225211e-08	0.318642659670814	0.636	0.377	0.00153896470962194
NCF1	5	8.78132724935599e-08	0.66345267637395	0.551	0.344	0.00158906897904346
ZFAND2A	5	9.40088257729686e-08	0.503137562829268	0.364	0.196	0.00170118371118764
OAS3	5	9.50784740125143e-08	0.784161699152692	0.313	0.158	0.00172054006573046
IL10RA	5	9.72886047792721e-08	0.336578830752501	0.631	0.372	0.00176053459208571
PHLDA2	5	1.1847240315695e-07	1.16310446643078	0.283	0.145	0.00214387660752817
SSH2	5	1.26110898738655e-07	0.825444549155899	0.263	0.124	0.0022821028235747
ATP6V0B	5	1.27003268300159e-07	0.349177750343517	0.899	0.713	0.00229825114315968
HSPA8	5	1.29189572122972e-07	0.412496064428271	0.838	0.69	0.0023378144971373
MKNK2	5	1.39701646472558e-07	0.643085112217689	0.419	0.24	0.0025280409945674
DYNLT1	5	1.4115770102914e-07	0.522570578915127	0.672	0.453	0.00255438975782331
CKLF	5	1.46560504312907e-07	0.414777544188852	0.641	0.43	0.00265215888604636
MAP3K1	5	1.48457505339379e-07	0.901134712498109	0.283	0.14	0.0026864870166214
PPP1CB	5	1.58706266455026e-07	0.582641046244388	0.596	0.384	0.00287194859777016
ARRDC1	5	1.59296644449008e-07	0.796538457079362	0.333	0.176	0.00288263207794924
SEPHS2	5	1.59985012564274e-07	1.22281340034174	0.268	0.136	0.0028950887873631
HSP90AB1	5	1.64946617437342e-07	0.425876465110961	0.884	0.789	0.00298487398914615
RAB21	5	1.71532721841889e-07	0.782554028592364	0.348	0.189	0.00310405613445083
FAM53C	5	1.73368770741706e-07	0.658793328478849	0.354	0.191	0.00313728127534191
SMU1	5	1.81206188682404e-07	0.904130964958029	0.283	0.142	0.00327910719039679
SDCCAG8	5	1.81628239859987e-07	0.999098315570093	0.253	0.121	0.00328674462850633
ZNRF2	5	1.82442877237516e-07	0.819312578602482	0.338	0.182	0.0033014863064901
TPD52L2	5	2.14892586111825e-07	0.978069359930498	0.288	0.148	0.00388869623827959
RAB7A	5	2.20703297890889e-07	0.576974656026786	0.52	0.328	0.00399384687863353
JARID2	5	2.22388371629076e-07	0.867525190002266	0.278	0.138	0.00402433997299976
PCBP1	5	2.26920584967504e-07	0.532364231551639	0.646	0.432	0.00410635490557195
RBBP6	5	2.33338878841281e-07	0.715158098225573	0.379	0.213	0.00422250035151182
SLC15A3	5	2.45496204592055e-07	0.815502977653984	0.278	0.139	0.00444249931829782
HIGD2A	5	2.76488106754384e-07	0.549445856862187	0.586	0.391	0.00500332877982732
ARL6IP1	5	2.82926046182287e-07	0.507236444550435	0.434	0.246	0.00511982973171467
SQSTM1	5	2.90554949634684e-07	0.415688301099365	0.778	0.605	0.00525788236858923
FAM45A	5	2.91366596061122e-07	0.840741016199099	0.313	0.166	0.00527256992232207
GIMAP6	5	3.06023853093757e-07	0.797782338496458	0.273	0.134	0.00553780764558462
ITPR2	5	3.09708362282078e-07	0.689936314886826	0.328	0.174	0.00560448252385647
GAA	5	3.15155241950464e-07	0.634612525554036	0.338	0.179	0.00570304925833559
GUSB	5	3.51637386853993e-07	0.66237321875465	0.394	0.224	0.00636323015250985
HCLS1	5	3.75921950526053e-07	0.456487641571928	0.54	0.327	0.00680268361671946
PAPD4	5	3.87552249155093e-07	0.788550324831795	0.278	0.139	0.00701314550071056
HNRNPC	5	4.20985483580296e-07	0.484227710507369	0.626	0.414	0.00761815331086904
COLGALT1	5	4.48259143003755e-07	0.602994671675718	0.318	0.165	0.00811169745179595
MKRN1	5	4.78866257132448e-07	0.907383942753117	0.273	0.139	0.00866556378906877
GPRIN3	5	4.88133333137118e-07	0.539999219857974	0.283	0.138	0.00883326079644929
SEC11A	5	5.02073506664151e-07	0.475642180234054	0.717	0.496	0.00908552217659448
PCF11	5	5.39802105297592e-07	0.708666871028585	0.318	0.169	0.00976825889746522
GNAI3	5	5.52568448254987e-07	0.781239619754278	0.313	0.167	0.00999927863962224
SRSF3	5	6.25525552661005e-07	0.321212760296545	0.884	0.718	0.0113195104009536
ZNF106	5	6.31471045463824e-07	0.56772657922477	0.308	0.162	0.0114271000387134
CCDC28A	5	6.36465131437657e-07	0.814792734497551	0.268	0.134	0.0115174730184958
VMA21	5	7.12270194468812e-07	0.625744296763927	0.374	0.21	0.0128892414391076
NCKAP1L	5	7.22280481371954e-07	0.659389360315829	0.313	0.164	0.0130703875909069
ALOX5AP	5	8.36139723968876e-07	0.825603567622954	0.278	0.142	0.0151307844449408
RHOG	5	8.56819836095486e-07	0.892802959156516	0.293	0.156	0.0155050117539839
IDH3B	5	9.66849297943489e-07	0.798228889623103	0.263	0.132	0.0174961048955854
ZNF524	5	9.92195374875817e-07	0.839065596086042	0.273	0.14	0.0179547675037528
SUMO3	5	1.02586851931083e-06	0.598299477216164	0.414	0.245	0.0185641167254488
CYSLTR1	5	1.04517388114578e-06	0.733708886490336	0.293	0.154	0.018913466553214
SUPT4H1	5	1.04874028268387e-06	0.651788468113484	0.409	0.243	0.0189780041554473
HBP1	5	1.05406201056188e-06	0.724393008794938	0.409	0.249	0.0190743061431278
CHST11	5	1.07187341990402e-06	0.921716776263989	0.253	0.127	0.0193966214065832
HMGB2	5	1.11847150861867e-06	0.348712739850888	0.51	0.311	0.0202398604199634
APOC1	5	1.15079962639106e-06	1.02132582273499	0.268	0.143	0.0208248700391726
GPX4	5	1.15567382832558e-06	0.359284125415496	0.869	0.753	0.0209130735973796
FAM96A	5	1.16572623763087e-06	0.591173767281334	0.439	0.267	0.0210949819961682
IGBP1	5	1.19886847346946e-06	0.769677866604122	0.273	0.14	0.0216947238959033
SYAP1	5	1.25916779297443e-06	0.917187117783475	0.308	0.17	0.0227859003816653
GPATCH2L	5	1.32388024322118e-06	0.831548962823129	0.253	0.127	0.0239569368813305
EIF3L	5	1.35828249199717e-06	0.581373496641163	0.409	0.241	0.0245794799751808
TPM3	5	1.37831230925428e-06	0.359149722805157	0.788	0.569	0.0249419395482655
PRR13	5	1.50443137090153e-06	0.415640625249956	0.429	0.245	0.0272241900878341
BLOC1S6	5	1.52482520462344e-06	0.849954876264283	0.369	0.221	0.0275932369028658
ABHD12	5	1.620383515185e-06	0.730960304012062	0.298	0.159	0.0293224600907878
DNAJB12	5	1.62154609633954e-06	0.857798592490828	0.253	0.128	0.0293434981593602
SLC2A3	5	1.82398702004523e-06	0.756680097456642	0.414	0.257	0.0330068691147384
TSC22D4	5	1.82639979714248e-06	0.715638368854839	0.303	0.164	0.0330505307290903
ATP1B3	5	1.9305537501137e-06	0.921207636059158	0.419	0.265	0.0349353006620575
PLIN3	5	1.94024519904686e-06	0.552190301004227	0.369	0.209	0.0351106771219519
TMEM55A	5	1.94921743783682e-06	0.877658753596838	0.253	0.129	0.0352730387550951
MAP3K2	5	2.00590916057416e-06	0.656496652417981	0.354	0.204	0.0362989321697501
RHBDF2	5	2.02470219988335e-06	0.709507194345745	0.293	0.156	0.0366390110090892
LSP1	5	2.07332670701694e-06	0.383882670853382	0.52	0.318	0.0375189200901785
CSNK1G2	5	2.16471993472745e-06	0.513449518241572	0.328	0.176	0.0391727719388279
SOCS1	5	2.3325432478442e-06	0.318240387626618	0.313	0.165	0.0422097026129887
AMZ2	5	2.41917579463177e-06	0.648698281857573	0.328	0.182	0.0437774051796565
CHPT1	5	2.48833797019642e-06	0.678492884117927	0.323	0.18	0.0450289639086743
MZB1	6	2.76153978092424e-68	1.32979872187288	0.989	0.302	4.9972823875605e-64
IGJ	6	2.65437942806954e-67	1.55449505939203	0.952	0.342	4.80336501303464e-63
TP53INP1	6	1.59440418153767e-58	2.85892741028247	0.681	0.223	2.88523380691058e-54
PIM2	6	2.68214783604736e-56	2.03443140904793	0.723	0.228	4.8536147241113e-52
XBP1	6	6.12878277343405e-56	1.46680880277771	0.995	0.686	1.10906453068063e-51
CPEB4	6	3.19176604318284e-52	2.73607836526209	0.718	0.303	5.77581983174367e-48
HERPUD1	6	1.46108271866672e-51	1.3239266271935	1	0.727	2.64397528769929e-47
SSR4	6	9.12524654197599e-49	1.38768592100197	1	0.878	1.65130461423598e-44
POU2AF1	6	2.34028138103669e-47	2.24527761215438	0.543	0.153	4.23497318712399e-43
SEL1L3	6	1.80837298035413e-45	2.31108383045806	0.596	0.196	3.27243174524884e-41
FCRL5	6	1.60325853241851e-42	2.08975016776722	0.548	0.165	2.90125664026453e-38
FBXW7	6	1.6431040893626e-42	2.24515675661962	0.606	0.219	2.97336116011057e-38
JSRP1	6	3.43139099290367e-42	1.51186304813224	0.644	0.195	6.20944514075847e-38
FKBP11	6	2.44046764788169e-41	1.28594211383752	0.835	0.34	4.4162702556067e-37
FAM46C	6	1.20353351280563e-40	2.02744359247344	0.649	0.251	2.17791424477307e-36
SEL1L	6	3.4980905584634e-40	1.8690311817689	0.691	0.295	6.33014467459537e-36
RP11-731F5.2	6	7.61629979334073e-38	0.95812252894115	0.761	0.251	1.37824561060294e-33
PDK1	6	1.45022578386619e-37	2.27193018450284	0.537	0.184	2.62432857848425e-33
SDC1	6	2.91591834387332e-36	1.54743517866905	0.59	0.197	5.27664583507316e-32
SPCS3	6	2.91950604869218e-36	1.31096094854998	0.888	0.552	5.28313814571337e-32
CDK14	6	9.24410571571587e-36	2.13941312690604	0.516	0.169	1.67281337031594e-31
DERL3	6	4.73481832160254e-34	1.44414436885345	0.612	0.212	8.56812723477195e-30
SPCS2	6	1.79354334141261e-33	1.05612499220945	0.957	0.67	3.24559603062026e-29
ZNF215	6	2.05096728439996e-30	2.53698051206322	0.293	0.063	3.71143039785017e-26
SEC11C	6	4.43426570733742e-30	1.07214211585626	0.793	0.378	8.0242472239978e-26
FKBP2	6	1.57472130373257e-29	1.15592292747642	0.904	0.616	2.84961567123446e-25
PTP4A3	6	3.76313092038345e-29	1.44858395179929	0.548	0.201	6.80976171352588e-25
ZBP1	6	2.2668411397312e-28	1.97914060039301	0.521	0.215	4.10207572645759e-24
PRDX4	6	2.92130305372018e-28	1.02187449962276	0.814	0.407	5.28639000601204e-24
H1FX	6	1.30892320149811e-27	1.48100746321284	0.872	0.59	2.36862742543097e-23
HSP90B1	6	3.32304947860345e-26	1.03402667818221	0.989	0.794	6.01339033648081e-22
MALAT1	6	5.86749317455101e-26	1.33234389157201	0.995	0.993	1.06178156486675e-21
BTG2	6	1.2042524238897e-25	0.957024691387192	0.952	0.661	2.17921518627081e-21
SPAG4	6	1.81372455757866e-25	1.13641720760992	0.559	0.21	3.28211595939434e-21
TXNDC11	6	2.26671594579127e-25	1.74171730889979	0.495	0.201	4.10184917550389e-21
COBLL1	6	5.57162256904885e-25	2.05555669119305	0.441	0.174	1.00824082009508e-20
GAS6	6	5.9547952242565e-25	1.15341794725325	0.777	0.457	1.07757974378146e-20
CPNE5	6	1.57735613961172e-24	2.4210144940149	0.33	0.1	2.85438367024137e-20
SSR3	6	3.54082146162335e-24	1.07744542936796	0.84	0.54	6.40747051695361e-20
ANKRD36	6	2.23860559372934e-23	2.19410225211843	0.495	0.232	4.05098068241261e-19
ISG20	6	2.54563027545734e-23	1.06325073237112	0.793	0.452	4.6065725464676e-19
RAB30	6	7.05638831848198e-23	1.89539197199827	0.436	0.17	1.2769240301125e-18
XIST	6	7.38474588360387e-23	1.69377766294189	0.894	0.739	1.33634361509696e-18
TMEM156	6	1.23643119831161e-22	1.99341021702024	0.41	0.155	2.23744589646469e-18
LAX1	6	2.96540375714692e-22	2.21859837737869	0.319	0.1	5.36619463893306e-18
CD79A	6	6.7422839258945e-22	1.46517003736673	0.457	0.174	1.22008369922987e-17
SEC61B	6	1.94844955659198e-21	0.833859508921416	0.984	0.8	3.52591431760885e-17
PPAPDC1B	6	3.13917725652899e-21	1.33095044233873	0.564	0.269	5.68065516341487e-17
RALGPS2	6	5.45603695316109e-21	2.12785663781719	0.33	0.113	9.8732444704403e-17
EHMT1	6	6.60967926694146e-21	2.29783678077502	0.394	0.159	1.19608756014573e-16
OGT	6	1.14085373458377e-20	1.97414952427425	0.457	0.215	2.06448891810279e-16
EIF2AK4	6	1.99093412481501e-20	1.92327709951167	0.431	0.193	3.60279439226524e-16
MBTPS1	6	2.23847738133798e-19	2.05036830895661	0.463	0.238	4.05074866926921e-15
RP11-16E12.2	6	2.3020433157325e-19	1.87624863281428	0.351	0.127	4.16577758414953e-15
CCDC14	6	3.68578550128147e-19	2.27662458467972	0.372	0.153	6.66979744311896e-15
SLAMF7	6	4.01889135727036e-19	1.68005583048283	0.41	0.173	7.27258580011644e-15
CREB3L2	6	6.94610670202997e-19	1.82766872078537	0.463	0.23	1.25696746879934e-14
ERN1	6	2.08617176743422e-18	1.62798169872103	0.564	0.325	3.77513643034896e-14
TMEM59	6	2.73382012625031e-18	0.776601484337124	0.995	0.85	4.94712090046255e-14
ATM	6	1.10354677246793e-17	1.63097160341107	0.511	0.292	1.99697823945796e-13
PRDM1	6	1.37355283427284e-17	1.78954443140773	0.479	0.254	2.48558120890014e-13
FNDC3A	6	1.98028972908042e-17	1.93138214914873	0.431	0.214	3.58353229374392e-13
TRAM1	6	3.1600455304718e-17	1.06213009969405	0.739	0.535	5.71841839194177e-13
CHST2	6	4.23990081356043e-17	2.03991963747672	0.314	0.116	7.67252451221895e-13
IL16	6	5.76166232999019e-17	1.34314427260478	0.479	0.235	1.04263041523502e-12
VIMP	6	1.11469528120344e-16	1.07214547476594	0.686	0.454	2.01715258086575e-12
RP11-290F5.1	6	5.64456816352858e-16	1.83996704329712	0.255	0.083	1.02144105487213e-11
NXPE3	6	1.3930278017435e-15	2.14001434071818	0.282	0.105	2.52082311003503e-11
HIST1H1C	6	2.56043606586345e-15	1.45163772268725	0.441	0.217	4.63336510478649e-11
ST6GAL1	6	2.91931356414372e-15	1.57361921175594	0.441	0.23	5.28278982567448e-11
MT-ND3	6	4.09967517214049e-15	0.584754484052025	1	0.999	7.41877219150543e-11
HSH2D	6	5.45697263551476e-15	1.29008812908396	0.468	0.239	9.87493768122751e-11
IGLL5	6	5.67871422348182e-15	7.11225531687218	0.324	0.135	1.02762012588127e-10
RABAC1	6	1.21534271493532e-14	0.888722771109349	0.803	0.641	2.19928417694696e-10
RRBP1	6	1.50592934653383e-14	1.38150076095606	0.537	0.342	2.72512974548762e-10
SELM	6	1.80043119325362e-14	0.761990323414288	0.787	0.483	3.25806028731175e-10
ELL2	6	4.30114032655163e-14	1.76553223505922	0.378	0.183	7.78334353492783e-10
SLC44A1	6	5.39441962341167e-14	1.97400383744532	0.356	0.175	9.76174175052576e-10
SPCS1	6	8.35176889144415e-14	0.796806152150393	0.872	0.684	1.51133609859573e-09
RPL36AL	6	4.7760527548063e-13	0.523715761545239	0.989	0.934	8.64274506509749e-09
EDEM1	6	5.10483761372458e-13	1.91539728045378	0.378	0.193	9.23771414579599e-09
NEAT1	6	9.61590765840096e-13	1.08508503041261	0.984	0.979	1.74009464986424e-08
MT-ND5	6	1.04476523149828e-12	0.761662781486489	0.979	0.916	1.89060716291928e-08
STARD5	6	1.80290628984421e-12	2.0656686644286	0.287	0.123	3.26253922210207e-08
ZNF706	6	2.7322781818785e-12	0.861445557723258	0.734	0.596	4.94433059792733e-08
MAPKAPK2	6	3.17009834965202e-12	1.42745737833367	0.431	0.247	5.73660997353029e-08
CYBA	6	3.80464046835036e-12	0.555944074101004	1	0.888	6.88487739152682e-08
TPD52	6	1.3390938263004e-11	1.22177467060298	0.404	0.206	2.4232241880732e-07
USP48	6	1.40825885318852e-11	1.64367351334543	0.372	0.209	2.54838522072994e-07
SDF2L1	6	1.40956029320158e-11	1.24078048443217	0.564	0.382	2.55074030657758e-07
AKAP9	6	1.42102453243993e-11	1.52616682929316	0.473	0.317	2.5714859939033e-07
MSI2	6	1.46948055345235e-11	1.88744321888278	0.335	0.168	2.65917200952737e-07
KLF13	6	1.66774816589611e-11	1.35213647730135	0.42	0.239	3.0179570810056e-07
METTL7A	6	1.72405841794295e-11	1.69367760104647	0.293	0.132	3.11985611310956e-07
XAF1	6	2.84596458065767e-11	1.50096073473091	0.511	0.374	5.15005750515811e-07
MT-ND4L	6	4.71061753237288e-11	0.53483853708343	0.995	0.977	8.52433348658196e-07
XRN1	6	4.71846933281937e-11	1.37210489353395	0.505	0.346	8.53854210466993e-07
SRRM2	6	6.24757348337221e-11	0.984548562237372	0.681	0.565	1.13056089755103e-06
ITM2C	6	6.5323996489412e-11	0.97834267338856	0.532	0.326	1.1821030404724e-06
EFCAB4A	6	6.94862515887079e-11	1.73417237927453	0.25	0.104	1.25742320874926e-06
CLPTM1L	6	7.15777805455274e-11	1.30032383382196	0.436	0.261	1.29527151675186e-06
KDELR1	6	1.15486845123957e-10	1.13537224740664	0.559	0.427	2.08984994936313e-06
FCRL2	6	1.47806063662656e-10	1.62678884390093	0.25	0.105	2.67469852803943e-06
TMEM258	6	2.74959537884701e-10	0.695608497238525	0.899	0.763	4.97566779756154e-06
SEC61G	6	2.91089473005654e-10	0.607344109476534	0.941	0.827	5.26755510351031e-06
ANKRD36C	6	4.24141405654885e-10	1.85558192690416	0.314	0.165	7.6752628767308e-06
RGS1	6	1.15203570504206e-09	0.371086037568728	0.777	0.529	2.08472381184411e-05
MANEA	6	1.4354551623224e-09	1.24906862791817	0.362	0.193	2.59759966173861e-05
ANKRD28	6	1.59156907119569e-09	1.07445942775644	0.431	0.255	2.88010339123572e-05
MBNL2	6	1.71727037123681e-09	1.53921164729017	0.383	0.241	3.10757246379014e-05
OSBPL3	6	1.77281532747649e-09	1.97324688616414	0.255	0.122	3.20808661660146e-05
TPST2	6	2.02465454901048e-09	1.11960341646805	0.431	0.266	3.66381487188937e-05
KRTCAP2	6	2.34616857867625e-09	0.803550070464428	0.734	0.625	4.24562665997255e-05
SUB1	6	2.89146874108642e-09	0.56305184366676	0.973	0.908	5.23240183386999e-05
SELK	6	3.12566148742735e-09	0.51644779898092	0.851	0.669	5.65619702764853e-05
RPS27L	6	4.77258633046409e-09	0.480659061834531	0.926	0.726	8.63647222360781e-05
SERP1	6	5.18885018970088e-09	0.570198418171262	0.899	0.763	9.3897433032827e-05
LMAN1	6	6.62201645472452e-09	0.968883875629563	0.527	0.372	0.000119832009764695
SPATS2	6	7.65029162834841e-09	1.54175501738357	0.282	0.144	0.000138439677306593
HLA-B	6	9.95325345546086e-09	0.436787834611427	1	0.985	0.00018011407453002
TMEM238	6	2.37293977369094e-08	1.15588433196266	0.362	0.209	0.000429407181447112
SYVN1	6	2.39148111614588e-08	1.60318706709856	0.282	0.149	0.000432762422777758
IL10RA	6	2.80951657626398e-08	1.10797392638613	0.5	0.382	0.000508410119640729
FAM214A	6	3.29782467811743e-08	1.59448612290238	0.303	0.17	0.000596774353752131
CD38	6	4.24366401169165e-08	1.13285236263767	0.41	0.266	0.000767933439555721
ADAR	6	5.27827063670777e-08	1.25951847540933	0.468	0.36	0.000955155854418639
HM13	6	5.28748954433414e-08	0.943055224120655	0.511	0.405	0.000956824107942706
SLC2A5	6	5.68163279628615e-08	1.49024679638844	0.277	0.146	0.00102814827081594
STAT2	6	7.30910723341685e-08	1.44330881978553	0.468	0.367	0.00132265604495911
CCDC69	6	7.96356639542662e-08	1.51177995793808	0.261	0.133	0.0014410869749164
STK4	6	7.9808386060191e-08	1.22802509371003	0.468	0.347	0.00144421255414522
KLHL6	6	1.29832568628713e-07	1.64928348168801	0.25	0.129	0.00234945016190519
TMBIM6	6	1.44678089876194e-07	0.542751697935048	0.957	0.876	0.0026180947143996
PCMTD1	6	1.53795564347942e-07	1.05551508359152	0.5	0.399	0.00278308453244035
MRPS31	6	1.65377522336596e-07	1.19284647883908	0.319	0.182	0.00299267164420305
TNFRSF17	6	1.74470725143317e-07	0.926052912927228	0.255	0.123	0.00315722224219346
ACADVL	6	1.86307865302252e-07	1.09041905912378	0.489	0.399	0.00337142713050954
QPRT	6	1.95614080179931e-07	1.39918813156172	0.271	0.144	0.00353983239493603
CUTA	6	2.46078188067213e-07	0.605123000938126	0.707	0.604	0.00445303089126429
SEC61A1	6	3.58182327433228e-07	1.2867134023033	0.378	0.255	0.00648166739723169
SYTL1	6	4.2960182610716e-07	1.18191721229169	0.34	0.207	0.00777407464523516
FNDC3B	6	4.48121007949736e-07	1.42657106588627	0.362	0.244	0.00810919775985842
TNFRSF18	6	5.90287387626826e-07	1.04080317426072	0.293	0.161	0.010681840566495
UFM1	6	5.98211457887337e-07	0.906751834162816	0.505	0.408	0.0108252345419293
HLA-C	6	1.05446041419921e-06	0.406706100845733	1	0.988	0.0190815156553489
ITGA6	6	1.23864247049442e-06	1.19211847002266	0.33	0.205	0.022414474146067
TXNDC15	6	1.38806595649797e-06	0.801112220786257	0.436	0.3	0.0251184415487872
TSC22D3	6	1.69785109041986e-06	0.381605012036795	0.707	0.54	0.0307243133322378
ORMDL1	6	2.10376805156755e-06	1.01411301977951	0.473	0.395	0.0380697866611664
NDUFB11	6	2.12660309248118e-06	0.506567426863485	0.787	0.709	0.0384830095615394
MEF2C	6	2.13132977067095e-06	0.821840664472053	0.638	0.544	0.0385685435300615
MNDA	7	2.68711326698485e-141	3.21548107044628	0.967	0.222	4.86260016793578e-137
FCN1	7	1.39201439240695e-129	3.88968985485491	0.578	0.057	2.51898924449962e-125
SERPINA1	7	1.022979529978e-125	2.81765841818167	0.85	0.151	1.85118375744818e-121
NAIP	7	6.33819497264263e-113	2.81043557414123	0.9	0.212	1.14695976224941e-108
FGL2	7	1.9772451116857e-112	2.75981592771344	0.889	0.204	3.57802275410645e-108
PILRA	7	5.06500790371123e-107	2.78383426106455	0.794	0.154	9.16563830255585e-103
CLEC7A	7	5.16728279047686e-103	2.66571726354572	0.789	0.154	9.35071493764692e-99
CPVL	7	1.98987577192306e-102	2.41758387139455	0.928	0.249	3.60087919687197e-98
LYZ	7	2.22921977340367e-100	3.32455270676123	0.994	0.477	4.03399610195127e-96
FCGR2A	7	3.25851754998334e-99	2.26996724610952	0.95	0.249	5.89661335844985e-95
FAM26F	7	1.46965833536296e-97	2.48456782444115	0.828	0.184	2.65949372367281e-93
LGALS2	7	1.69911025623751e-92	2.71705195059216	0.567	0.079	3.0747099196874e-88
MS4A6A	7	1.49736804830879e-91	2.24089874347429	0.967	0.317	2.70963722021959e-87
C9orf72	7	8.43109003105467e-90	2.62390292967957	0.733	0.154	1.52569005201965e-85
LST1	7	3.66199299281973e-89	2.31041337896418	0.917	0.256	6.62674251980659e-85
CSTA	7	7.10781555651269e-89	2.87970576628229	0.661	0.123	1.28623030310654e-84
AIF1	7	3.25966469187981e-88	2.10413039132261	0.994	0.388	5.8986892264257e-84
C1orf162	7	2.69968706030021e-87	2.25098377755235	0.861	0.227	4.88535370431925e-83
CTSS	7	8.28890320852959e-86	2.21490468014145	0.994	0.541	1.49995992461551e-81
CD14	7	4.58896935419951e-84	2.29073276209014	0.994	0.393	8.30419894335944e-80
FCER1G	7	1.52897302460486e-83	1.96676341302332	0.994	0.362	2.76682958532496e-79
CLEC10A	7	7.10111096087428e-83	2.91501263501824	0.6	0.105	1.28501703947981e-78
AOAH	7	4.15244670790347e-82	2.55379013547188	0.689	0.142	7.51426756262212e-78
CLEC12A	7	9.32107035650744e-82	3.25805929463247	0.489	0.067	1.68674089171359e-77
CYBB	7	6.70311974412278e-81	2.16932803500973	0.85	0.22	1.21299654889646e-76
TYROBP	7	2.8223006587722e-80	1.99119095134625	1	0.478	5.10723527211417e-76
HLA-DRB5	7	3.02752893296803e-78	2.10502961941619	0.961	0.402	5.47861635709895e-74
MSR1	7	1.49717577080539e-77	2.52813468584684	0.75	0.188	2.70928927484943e-73
SPI1	7	1.81499606543075e-76	2.04481977521828	0.911	0.283	3.28441688000349e-72
HLA-DMB	7	4.88937911817007e-76	2.1495453500212	0.794	0.204	8.84782045224056e-72
CSF3R	7	3.84705263071707e-75	3.01218058771696	0.544	0.095	6.96162644054561e-71
LILRB2	7	1.22001518097086e-74	2.71200704547012	0.561	0.099	2.20773947148486e-70
HLA-DPB1	7	1.30653271333577e-74	2.09206518024819	0.978	0.534	2.36430159805241e-70
CSF1R	7	4.26629458371832e-74	1.85020433939014	0.878	0.239	7.72028667869668e-70
HLA-DRA	7	5.79028162744788e-74	2.08172039794166	0.994	0.63	1.04780936330297e-69
HLA-DRB1	7	1.06937511451594e-73	2.1932278468644	0.983	0.725	1.93514120722805e-69
HLA-DPA1	7	1.26755726457868e-72	2.09881734726615	0.994	0.671	2.29377162598157e-68
S100A8	7	1.96275298931232e-72	2.99786371735444	0.533	0.093	3.55179780945957e-68
CD74	7	5.21777244942238e-72	1.88490585421768	1	0.871	9.44208102447473e-68
ITGB2	7	7.93990669119727e-72	1.85622292773277	0.939	0.322	1.43680551483906e-67
CST3	7	1.28788427975023e-71	1.64539486569096	1	0.803	2.33055539263601e-67
CEBPD	7	2.48082446280058e-71	2.0620476673764	0.928	0.356	4.48929994788393e-67
FCGR3A	7	7.5898466169446e-71	1.89370291736153	0.85	0.232	1.3734586438023e-66
ZEB2	7	3.349100324895e-70	2.22801178181868	0.844	0.274	6.06053194793e-66
HCK	7	2.35129865804993e-69	2.51554378116109	0.6	0.124	4.25491005160715e-65
CD86	7	3.10046335668635e-69	2.30833668542423	0.683	0.162	5.61059849025962e-65
HLA-DQB1	7	3.64721963398974e-69	1.83461600767637	0.928	0.386	6.60000864966783e-65
LPAR6	7	5.61475865397962e-69	2.28630916855059	0.744	0.206	1.01604672602415e-64
S100A9	7	6.95545625251292e-69	2.50008301276985	0.822	0.245	1.25865936345474e-64
FCGR1A	7	3.88924925641126e-66	2.49877885512712	0.622	0.139	7.03798545440182e-62
MAFB	7	5.68769799148436e-66	1.68632574433985	0.822	0.224	1.02924582853901e-61
GRN	7	7.53709924783633e-66	1.73610121082654	0.983	0.515	1.36391347988846e-61
HLA-DMA	7	1.26235469511197e-65	1.79569037244929	0.967	0.521	2.28435705627462e-61
LY86	7	2.3467274602559e-65	2.23764365954988	0.689	0.172	4.24663801207908e-61
CD68	7	2.70249919712597e-65	1.61074839759532	0.9	0.272	4.89044254711915e-61
CD300E	7	4.11790470574944e-65	3.36693377722816	0.322	0.034	7.45176035552418e-61
GPX1	7	2.89415894958133e-64	1.63605755899848	1	0.854	5.23727003516237e-60
TNFSF13B	7	3.09314361790079e-64	1.95215447244226	0.861	0.269	5.59735269095327e-60
CFD	7	3.38188770185511e-64	1.57994001775254	0.867	0.261	6.11986398527701e-60
TYMP	7	4.79896408097682e-64	1.66637693062736	0.983	0.798	8.68420540093566e-60
CARD16	7	1.16914421945319e-63	2.09996850625414	0.828	0.296	2.1156833795225e-59
NRG1	7	5.46218805498919e-63	3.76410172410372	0.261	0.021	9.88437550430844e-59
LILRA5	7	6.73827604344553e-63	3.38298091619684	0.361	0.046	1.2193584328219e-58
AMICA1	7	1.46942939162686e-62	2.42607896728334	0.606	0.139	2.65907942708797e-58
RNF130	7	1.92756469117332e-62	1.95958448046519	0.806	0.241	3.48812106514725e-58
CTSH	7	2.38972705046931e-62	2.02463928640255	0.828	0.285	4.32445007052926e-58
PLSCR1	7	5.52560997865202e-61	1.82013219531011	0.911	0.381	9.99914381736869e-57
ASGR1	7	1.00903739226004e-60	3.01720929003222	0.439	0.074	1.82595406503377e-56
CD302	7	1.07686284497819e-60	2.16699161517413	0.711	0.203	1.94869100427253e-56
SAMHD1	7	3.57072825897632e-60	1.8159801686719	0.872	0.313	6.46158985744354e-56
PYCARD	7	3.94111158360131e-60	1.84012758547642	0.878	0.352	7.13183552168493e-56
MARCH1	7	4.84405732603218e-60	2.2249036404925	0.622	0.148	8.76580613718783e-56
CXCL16	7	4.04490757028019e-59	2.03527547474753	0.694	0.186	7.31966473917903e-55
MPEG1	7	7.92027757868124e-59	2.06733276945806	0.639	0.155	1.43325343063816e-54
CLEC4E	7	9.94472346226738e-59	3.41922529624228	0.3	0.033	1.79959715773191e-54
CD163	7	1.23954517625644e-58	1.71176112896822	0.756	0.205	2.24308095095366e-54
LYN	7	1.48839274659469e-58	2.2097120932458	0.65	0.174	2.69339551423776e-54
CD300A	7	8.7107738169833e-57	2.19698749631329	0.628	0.162	1.5763016299213e-52
TBXAS1	7	1.09151944986995e-56	2.24182295128535	0.622	0.161	1.97521359648466e-52
ARRB2	7	4.2825418241552e-56	1.85246323030855	0.772	0.237	7.74968768499125e-52
TLR1	7	4.99586957164596e-56	2.46667689251536	0.5	0.102	9.04052557685052e-52
HLA-DQA2	7	5.1118352182679e-56	1.83252093591817	0.872	0.392	9.2503770109776e-52
HCST	7	1.30020596927477e-55	1.58012096984762	0.972	0.505	2.35285272199963e-51
LRRC25	7	5.0473278443013e-55	2.62125862994415	0.478	0.096	9.13364446704764e-51
CNPY3	7	2.32092382007075e-54	1.85053486432043	0.8	0.293	4.19994374480003e-50
IFI30	7	4.49850931117687e-54	1.64692918154118	0.778	0.241	8.14050244950566e-50
GAPT	7	1.38120521657817e-53	3.15791248374033	0.322	0.043	2.49942895991985e-49
RGS18	7	1.94270945772692e-53	2.56296077370373	0.467	0.093	3.51552703470263e-49
SLC8A1	7	3.92189228117373e-53	2.33036717529185	0.511	0.112	7.09705627201197e-49
MS4A7	7	6.99157803153726e-53	1.29718368628552	0.822	0.237	1.26519596058698e-48
VCAN	7	1.75800058439831e-52	2.54915366995975	0.517	0.117	3.18127785752719e-48
P2RY13	7	1.1088509001325e-51	3.09060254878091	0.339	0.05	2.00657658887977e-47
VSIG4	7	1.15019440497761e-51	1.83779881454836	0.7	0.205	2.08139179524748e-47
GCA	7	1.90198041768431e-51	1.76582496641597	0.778	0.264	3.44182376384153e-47
SIGLEC1	7	2.660886534466e-51	1.6279755909838	0.678	0.182	4.81514027276968e-47
IFNGR1	7	3.575133298085e-51	2.02773057661308	0.778	0.288	6.46956121621462e-47
LAIR1	7	3.77043131112111e-51	1.8750965130297	0.65	0.177	6.82297250060476e-47
CD36	7	5.22570846449213e-51	2.25666047331999	0.5	0.109	9.45644203734496e-47
TFEC	7	3.68697588130678e-50	2.18259141327847	0.556	0.137	6.67195155481275e-46
MS4A4A	7	6.33123329313991e-50	1.58041698484186	0.767	0.238	1.1456999767266e-45
GLUL	7	8.42962318267144e-50	1.47850223343836	0.867	0.305	1.52542461113622e-45
MARCKS	7	1.23789271175047e-49	1.53079033999994	0.972	0.662	2.24009065118366e-45
FCGR2B	7	4.75071521286734e-49	2.25688897315987	0.7	0.258	8.59689424920474e-45
TLR2	7	1.47969838107732e-48	2.58311880073747	0.411	0.078	2.67766219039752e-44
HLA-DQA1	7	2.8309261789202e-48	1.63760504534583	0.75	0.258	5.122844013374e-44
RASSF4	7	1.11248343041527e-47	1.60739354686048	0.75	0.25	2.01315001567947e-43
RP11-290F20.3	7	1.23091208153701e-47	3.12501257956674	0.311	0.045	2.22745850274938e-43
TMEM176B	7	3.0509840135122e-47	1.37793450675525	0.8	0.252	5.52106067085167e-43
CCR1	7	3.24740197197394e-47	1.84173791608327	0.606	0.164	5.87649860848404e-43
SCIMP	7	3.40745779857571e-47	2.67111914447087	0.367	0.064	6.16613563230261e-43
NUP214	7	5.31709817493938e-47	2.24974771146998	0.506	0.121	9.6218208573703e-43
SRGN	7	5.36446238289826e-47	1.12207168678246	1	0.838	9.70753112809268e-43
CFP	7	7.41568963318849e-47	2.80801534552571	0.328	0.051	1.34194319602179e-42
RNASE6	7	2.98762803920602e-46	1.84103467695607	0.728	0.258	5.40641169974721e-42
FPR1	7	5.73565556196131e-46	2.54912366247104	0.433	0.093	1.03792423049252e-41
MX2	7	6.94666323761847e-46	1.74549596663679	0.75	0.277	1.25706817947944e-41
RNASE2	7	1.10877473250266e-45	2.60768257722124	0.4	0.078	2.00643875593681e-41
RNASET2	7	2.16768386285502e-45	1.37125074185901	0.956	0.541	3.92264071822244e-41
IFI44L	7	5.40062604880553e-44	1.53149563608401	0.872	0.448	9.77297289791849e-40
CASP1	7	1.05467696368633e-43	1.94609399188278	0.633	0.203	1.90854343348678e-39
ARPC3	7	1.09488728342591e-43	1.05063614146326	0.989	0.837	1.98130802808752e-39
IFITM3	7	1.36110340240705e-43	1.13686275480786	0.994	0.675	2.4630527169958e-39
PPT1	7	1.62117113041928e-43	1.57862275259932	0.761	0.282	2.93367127760673e-39
LAPTM5	7	2.25042169358695e-43	1.28618477233295	0.95	0.473	4.07236309671494e-39
FYB	7	2.79287308477605e-43	1.57329001406311	0.683	0.217	5.05398313421075e-39
C5AR1	7	4.23917495850002e-43	1.84994183551546	0.478	0.112	7.67121100490163e-39
FCGRT	7	4.75686879410242e-43	0.873910347830097	0.983	0.556	8.60802976980773e-39
F13A1	7	1.13034486089422e-42	0.775537714548255	0.739	0.218	2.04547206027418e-38
FCGR1B	7	1.58928986218475e-42	2.57870351024947	0.372	0.073	2.87597893460952e-38
LRP1	7	3.47050469169372e-42	1.69831350288752	0.683	0.235	6.28022529008896e-38
NPC2	7	1.72598065117383e-41	1.22057950933067	0.972	0.643	3.12333458636416e-37
OGFRL1	7	2.37307559498454e-41	1.94080036352913	0.567	0.166	4.29431759668402e-37
EPSTI1	7	5.29524912479049e-41	1.52666483054468	0.811	0.346	9.58228281622087e-37
VMP1	7	8.41967617652138e-41	1.65129977112443	0.85	0.457	1.52362460090331e-36
PLEKHO1	7	9.79087073396359e-41	1.55009258676752	0.811	0.342	1.77175596801805e-36
ITM2B	7	1.12547993752235e-40	0.98828657943621	0.989	0.968	2.03666849494045e-36
VAMP8	7	1.87144397525345e-40	1.21786931729834	0.967	0.588	3.38656501761864e-36
TNFRSF1B	7	1.92078114655713e-40	1.5633879365502	0.694	0.235	3.47584556280978e-36
OAS3	7	2.34801561073349e-40	2.05754052805936	0.522	0.146	4.24896904918332e-36
PSAP	7	3.05098081423595e-40	1.25957982891123	0.956	0.667	5.52105488144138e-36
NUDT3	7	5.25943704544833e-40	1.69596027025313	0.672	0.241	9.5174772774433e-36
IFIT2	7	6.39396383567454e-40	1.99529146109172	0.561	0.173	1.15705169570366e-35
CLEC4A	7	1.20353382168523e-39	2.49304001128012	0.356	0.071	2.1779148037216e-35
SCO2	7	1.23028624466443e-39	1.84962197348352	0.644	0.225	2.22632598834476e-35
DSE	7	3.2283629773531e-39	1.88261484555869	0.539	0.153	5.84204564381817e-35
CD37	7	4.35946421119891e-39	1.33095145231726	0.844	0.367	7.88888643658555e-35
CTSB	7	5.61871239112906e-39	1.10605939751992	0.956	0.526	1.01676219429872e-34
STAB1	7	9.06355239352861e-39	0.835802655888133	0.811	0.3	1.64014044113294e-34
GK	7	1.10913396212729e-38	2.09758897909701	0.439	0.106	2.00708881786555e-34
WAS	7	1.6474131661315e-38	1.55136732171688	0.7	0.253	2.98115886543156e-34
TLR7	7	2.7184021397816e-38	2.48271690377963	0.344	0.068	4.91922051214878e-34
ALDH2	7	5.53832226525847e-38	1.97863981553721	0.522	0.155	1.00221479712117e-33
FTL	7	9.20187303230319e-38	0.813769419795671	1	0.999	1.66517094392559e-33
HNMT	7	1.42068917844359e-37	1.63954582670108	0.6	0.192	2.57087913731152e-33
FTH1	7	2.05801986434217e-37	0.869089942813574	1	0.997	3.7241927465136e-33
RGS19	7	4.20137976290846e-37	1.62044805119398	0.622	0.207	7.60281681895915e-33
COTL1	7	5.07713058492393e-37	1.36731999770138	0.872	0.469	9.18757550647834e-33
MRC1L1	7	5.189002303711e-37	1.89653539576931	0.511	0.149	9.39001856879543e-33
PTPRC	7	5.35315247265135e-37	1.15316856070701	0.928	0.51	9.68706471450989e-33
ZNF385A	7	8.5747705977192e-37	2.21097172574899	0.417	0.102	1.55169048736327e-32
PGLS	7	1.71808353544083e-36	1.52584238224848	0.783	0.357	3.10904396573373e-32
CD53	7	1.8300825430022e-36	1.31815609134098	0.839	0.39	3.31171736981677e-32
RHOG	7	3.71548362617444e-36	1.86644966958002	0.5	0.144	6.72353916992526e-32
RBPJ	7	4.22614771896735e-36	1.39175232718625	0.806	0.36	7.64763691224332e-32
FGR	7	4.52804887157591e-36	3.08061846020829	0.261	0.042	8.19395723800377e-32
C10orf54	7	4.76131182664733e-36	1.65739338572596	0.75	0.336	8.616069881501e-32
SLC11A1	7	5.75605606340701e-36	2.42127567149006	0.383	0.089	1.04161590523413e-31
TXNIP	7	1.61887590582017e-35	1.38172926164405	0.811	0.37	2.92951783917218e-31
GLIPR1	7	2.50589110436027e-35	1.3936816735101	0.722	0.278	4.53466054245034e-31
NAGK	7	3.25371294554952e-35	1.52964829821113	0.678	0.261	5.8879189462664e-31
HESX1	7	4.55146425471355e-35	2.80570518483851	0.261	0.043	8.23632971532963e-31
S100A11	7	6.50137740885238e-35	0.934007318702552	1	0.886	1.17648925590593e-30
TSPO	7	7.05504580644065e-35	1.24647234365445	0.911	0.563	1.2766810891335e-30
PLXDC2	7	8.06909253892222e-35	1.70258526343577	0.517	0.154	1.46018298584337e-30
LILRB4	7	9.12364939982471e-35	1.76591331421649	0.478	0.133	1.65101559539228e-30
LILRB1	7	1.28961278645671e-34	2.37031569576133	0.361	0.082	2.33368329837206e-30
IFIT1	7	1.48705114551742e-34	1.9581102791733	0.628	0.242	2.69096775292832e-30
TMEM176A	7	1.67717188219823e-34	1.44276284508768	0.606	0.199	3.03501023802591e-30
CLIC1	7	1.76686478649631e-34	0.932631732076218	0.983	0.87	3.19731851764372e-30
LMO2	7	2.5226415544007e-34	1.52172295639323	0.539	0.166	4.5649721568435e-30
RAB20	7	2.95923145811259e-34	1.97058956958029	0.45	0.124	5.35502524660055e-30
CEBPB	7	3.03476117243564e-34	1.34223219134245	0.878	0.482	5.49170381763954e-30
OSCAR	7	3.22483840651449e-34	2.65207669657969	0.289	0.054	5.83566758042863e-30
PLBD1	7	4.41378258076445e-34	2.08615664374971	0.4	0.1	7.98718095815134e-30
ALOX5	7	5.99398302555443e-34	2.05260408403869	0.433	0.117	1.08467116830433e-29
TNFSF10	7	9.45395798056314e-34	1.69628852851186	0.744	0.343	1.71078823616271e-29
IFIT3	7	1.42662778679637e-33	1.75626943300276	0.55	0.183	2.5816256429867e-29
TMSB10	7	1.66939950096048e-33	0.759016824274243	1	0.995	3.02094533693809e-29
DMXL2	7	1.73870762725087e-33	2.17540231959647	0.406	0.106	3.14636532227318e-29
SLAMF8	7	2.00644996862107e-33	2.32192809488736	0.344	0.077	3.63087186321668e-29
LAT2	7	2.38234369174085e-33	1.93174578429479	0.456	0.129	4.31108914457425e-29
CD48	7	2.5210869512256e-33	1.50535433758434	0.606	0.203	4.56215894693784e-29
MYD88	7	1.08532193776737e-32	1.9088521119418	0.433	0.119	1.96399857858383e-28
SAT1	7	1.33139249614048e-32	0.934652482561245	0.994	0.855	2.40928786101582e-28
MYO1F	7	2.03993033739331e-32	1.79484111587501	0.511	0.163	3.69145793854693e-28
PLAC8	7	7.64732183040646e-32	2.39294987863953	0.372	0.094	1.38385935843035e-27
MEF2C	7	8.42513881539359e-32	1.15369938410595	0.911	0.526	1.52461312003362e-27
IFITM2	7	8.87827861673761e-32	1.02620588404995	0.944	0.614	1.60661329848484e-27
DOK2	7	1.1924729272879e-31	1.60525155115739	0.556	0.183	2.15789900922018e-27
HAVCR2	7	1.48681037614214e-31	1.83943375102428	0.472	0.146	2.69053205666682e-27
DDX60L	7	1.66642443283898e-31	1.64597349629669	0.583	0.214	3.01556165366541e-27
IL1RN	7	2.21813694184197e-31	2.20679556628543	0.3	0.062	4.01394060995724e-27
METRNL	7	2.32471236910101e-31	1.26303440583379	0.772	0.339	4.20679950312519e-27
RB1	7	2.41511366812437e-31	1.61918257960454	0.617	0.244	4.37038969383786e-27
EFHD2	7	2.56260555508789e-31	1.41370352318668	0.739	0.341	4.63729101248704e-27
GPR65	7	2.68173921726547e-31	1.65473027119642	0.544	0.186	4.8528752875636e-27
PIK3AP1	7	3.85774586688694e-31	1.76867445389354	0.433	0.12	6.98097692071861e-27
MOB1A	7	4.21302290496609e-31	1.39944064422783	0.733	0.343	7.62388624882663e-27
ASAH1	7	4.76828962984805e-31	1.35951352095137	0.822	0.439	8.62869691417303e-27
TKT	7	5.32395490939905e-31	1.78606605677883	0.606	0.247	9.63422880404851e-27
CD4	7	2.10876602733017e-30	1.38605843230708	0.594	0.204	3.81602300305667e-26
IGSF6	7	2.19841603719821e-30	2.49525156003364	0.306	0.068	3.97825366091389e-26
FPR3	7	2.4285532667784e-30	2.01894156365346	0.422	0.123	4.39470999156218e-26
ATP8B4	7	2.61729671696081e-30	2.09562062354753	0.35	0.086	4.73626013901228e-26
EMR2	7	2.96136036649501e-30	2.42301065765536	0.3	0.065	5.35887771920936e-26
CREB5	7	3.54570390545882e-30	2.00809630250539	0.394	0.109	6.41630578731829e-26
LGALS9	7	3.94145523903341e-30	1.38372901977114	0.667	0.266	7.13245740055485e-26
BMP2K	7	8.56640261756267e-30	1.55451488438592	0.556	0.197	1.55017621767414e-25
MFSD1	7	8.83558701425682e-30	1.39427893911205	0.65	0.246	1.59888782609991e-25
CD1D	7	9.60786309843452e-30	1.81744232884357	0.444	0.133	1.73863890629271e-25
NCF2	7	1.48169759046714e-29	2.17960755483965	0.339	0.083	2.68127995970934e-25
SLC31A2	7	1.75289475435766e-29	2.08409343990735	0.372	0.099	3.17203834748563e-25
ASCL2	7	1.84251511318444e-29	2.43025823621761	0.278	0.057	3.33421534881856e-25
DOCK5	7	1.9161554621918e-29	2.27022094642706	0.272	0.054	3.46747492438228e-25
H2AFY	7	2.3010199747326e-29	1.50508929598553	0.639	0.268	4.16392574627611e-25
FOLR2	7	2.48955317853198e-29	1.09981453848202	0.644	0.231	4.50509543187148e-25
GIMAP1	7	4.55588020034229e-29	1.50409209185879	0.533	0.184	8.2443208105394e-25
STXBP2	7	5.07705826242648e-29	1.76344539764025	0.528	0.187	9.18744463168696e-25
GIMAP2	7	5.23452138600621e-29	1.97982211806237	0.333	0.079	9.47238990011684e-25
EMILIN2	7	9.39813354270399e-29	2.07825144566437	0.367	0.098	1.70068624588771e-24
ST8SIA4	7	2.55070754098768e-28	1.42295801511861	0.572	0.207	4.6157603661713e-24
HSD17B11	7	3.20543818645104e-28	1.42469025200814	0.617	0.25	5.80056094220181e-24
FGD2	7	3.21117047297705e-28	2.16263972955379	0.328	0.081	5.81093408789928e-24
SLC7A7	7	3.24888582724365e-28	1.74095369633509	0.494	0.17	5.87918379298011e-24
TNFAIP8L2	7	3.50994399234545e-28	2.41393746488251	0.272	0.057	6.35159464854832e-24
GIMAP4	7	4.05040274789239e-28	1.48574049062205	0.561	0.206	7.32960881258607e-24
JUP	7	6.49767107795565e-28	2.122799465022	0.328	0.08	1.17581855826685e-23
NAMPT	7	1.04579978408753e-27	1.24580429754111	0.706	0.319	1.89247928928479e-23
GNAI2	7	1.23300923153914e-27	0.884695678077477	0.944	0.742	2.23125350539323e-23
TLR4	7	2.18822077975065e-27	2.25127523698502	0.3	0.07	3.95980432303677e-23
RPS9	7	3.1711682966158e-27	0.608600497364752	1	0.994	5.73854614955596e-23
BLVRA	7	6.32099945582425e-27	1.60299642355142	0.467	0.153	1.14384806152596e-22
TGFBI	7	6.97630905086337e-27	1.21643086309773	0.544	0.189	1.26243288584424e-22
C1QC	7	7.21077047914973e-27	1.54592891702532	0.689	0.345	1.30486102590694e-22
AHR	7	1.1256208666107e-26	1.44180598554287	0.55	0.205	2.03692352021872e-22
P2RY6	7	1.80713445293031e-26	2.28767369223634	0.272	0.06	3.27019050602268e-22
FRMD4B	7	1.95394132958489e-26	1.43417166623556	0.522	0.187	3.53585223001681e-22
ARPC5	7	2.00835608567765e-26	1.01049237381764	0.9	0.524	3.63432117264228e-22
IFI44	7	2.20736135114168e-26	1.11791566323788	0.844	0.458	3.99444110102598e-22
RTCB	7	2.31729159730851e-26	1.73909346334383	0.472	0.167	4.19337087448947e-22
C20orf27	7	2.4658389000784e-26	1.5138468012238	0.478	0.162	4.46218207358188e-22
RGS10	7	2.69549618609269e-26	1.19396345054706	0.717	0.322	4.87776989835333e-22
NMI	7	3.49303271611774e-26	1.56784059791619	0.506	0.18	6.32099200308667e-22
APLP2	7	4.32589738184098e-26	1.10580215638215	0.761	0.351	7.82814390217944e-22
RNF141	7	5.62744121658972e-26	1.93199672051161	0.417	0.134	1.01834176255408e-21
ARPC1B	7	6.19647890690756e-26	0.886330658012543	0.961	0.714	1.12131482299399e-21
SLC43A2	7	6.38886716681992e-26	1.88585799326388	0.394	0.121	1.15612940250773e-21
SIRPA	7	9.91916944415638e-26	1.65806299164542	0.433	0.139	1.79497290261454e-21
SORL1	7	1.19133403763775e-25	1.74652517662579	0.356	0.096	2.15583807450927e-21
SPTLC2	7	1.84214756529549e-25	1.84173791608327	0.422	0.141	3.33355023415871e-21
SERPINB1	7	2.14982479084714e-25	1.28358945708644	0.65	0.288	3.89032294151699e-21
LY6E	7	2.39695300423297e-25	0.818511898057525	0.967	0.816	4.33752615645998e-21
SH3BGRL3	7	2.54361027847969e-25	0.994568717549236	0.972	0.845	4.60291715993684e-21
IFI16	7	3.06596531034791e-25	0.974749825101462	0.922	0.732	5.54817082560558e-21
AGTRAP	7	3.06757095415953e-25	1.50796510100599	0.533	0.204	5.55107639864708e-21
SRGAP2	7	3.11450805928578e-25	1.68130141905121	0.439	0.145	5.63601378408354e-21
CXorf21	7	3.91005520457647e-25	1.86619095980781	0.372	0.11	7.07563589820159e-21
PTPLAD2	7	4.32811837276105e-25	1.81084390813748	0.372	0.109	7.8321630073484e-21
KIAA1598	7	5.96118706562962e-25	2.01378695173008	0.306	0.078	1.07873641139634e-20
RBM47	7	7.42396121467196e-25	1.79175806700659	0.372	0.11	1.34344002140704e-20
MX1	7	7.57693217133803e-25	1.09240962878567	0.856	0.521	1.37112164572533e-20
IRF8	7	8.50911330071812e-25	1.39803107397315	0.378	0.11	1.53980914289795e-20
HSPA6	7	8.58652995020893e-25	0.751499310085412	0.433	0.138	1.55381845978981e-20
PARVG	7	1.33982464739462e-24	1.55322192957725	0.5	0.186	2.42454668192531e-20
CECR1	7	1.49331090259901e-24	1.51805197466473	0.528	0.207	2.70229540934317e-20
SCPEP1	7	1.86189123631552e-24	1.30462961387824	0.611	0.261	3.36927838123656e-20
CTSZ	7	2.25918805653892e-24	0.767988109903012	0.917	0.571	4.08822670711284e-20
H3F3A	7	2.75442316110232e-24	0.708924923593035	0.978	0.95	4.98440415233076e-20
BRI3	7	3.74000694044797e-24	0.92956779791906	0.9	0.58	6.76791655943465e-20
DRAM2	7	4.27615221106578e-24	1.3002964968477	0.628	0.273	7.73812504114464e-20
KYNU	7	6.3583744739929e-24	2.07352903542197	0.3	0.078	1.15061144481375e-19
OAZ1	7	7.35691622795812e-24	0.574745496680791	1	0.981	1.3313075606113e-19
ZYX	7	9.1994164583144e-24	1.32570821103399	0.594	0.255	1.66472640229657e-19
HMOX1	7	1.63355032039771e-23	0.703447803284067	0.556	0.204	2.9560726597917e-19
FMNL1	7	1.68322815872527e-23	1.48333747844751	0.489	0.182	3.04596967602925e-19
CD33	7	1.69954360187636e-23	1.97336487349653	0.3	0.078	3.07549410195547e-19
UNC93B1	7	2.26993698831616e-23	1.07198175838097	0.678	0.304	4.10767797405693e-19
GIMAP6	7	3.0042932541712e-23	1.67160703593338	0.394	0.127	5.43656907274821e-19
CYTH4	7	3.08147172912651e-23	1.3026530258959	0.539	0.207	5.57623124102734e-19
FAM49B	7	4.73274681294645e-23	1.07724964363752	0.728	0.347	8.5643786327079e-19
LPCAT2	7	5.12526997613633e-23	1.64672859430467	0.411	0.138	9.2746885488163e-19
CREG1	7	7.07712986960034e-23	0.958407936416037	0.644	0.27	1.28067742120288e-18
GAA	7	7.45914932038063e-23	1.41162013872111	0.472	0.171	1.34980766101608e-18
SUPT4H1	7	7.96720556238418e-23	1.31616224919604	0.561	0.234	1.44174551856904e-18
CSF2RA	7	1.25572120025634e-22	1.78402241822698	0.344	0.102	2.27235308398388e-18
IL13RA1	7	1.28318693943955e-22	1.56795607541547	0.433	0.152	2.32205508560981e-18
SDSL	7	1.42359202539631e-22	2.15760923727765	0.3	0.082	2.57613212915717e-18
C1QA	7	1.94867874577795e-22	1.13994422822864	0.761	0.453	3.52632905835977e-18
LAP3	7	2.25347608047498e-22	0.962933104357224	0.844	0.575	4.07789031522753e-18
AP2S1	7	3.3368654399951e-22	0.924432123409263	0.844	0.513	6.03839170021513e-18
RCBTB2	7	3.39847601367764e-22	1.94361753010248	0.322	0.093	6.14988219435106e-18
IFNGR2	7	5.0288220841194e-22	1.26154676258697	0.617	0.288	9.10015644342246e-18
HIF1A	7	7.44872590150897e-22	1.07058875918503	0.778	0.445	1.34792143913706e-17
MEF2A	7	7.91314506386136e-22	1.31558072835263	0.617	0.299	1.43196273075635e-17
TESC	7	9.76164371223767e-22	2.09863986784632	0.25	0.06	1.76646704616653e-17
ABI3	7	1.49385574095546e-21	1.92913912608679	0.317	0.092	2.703281348833e-17
ITGAM	7	1.6445944474215e-21	1.77860357113728	0.344	0.107	2.97605811205394e-17
CMPK2	7	1.72044147646983e-21	1.39787979257618	0.517	0.213	3.1133108958198e-17
MT-CO1	7	1.75429799480074e-21	0.501556842051523	1	0.998	3.17457765139142e-17
RPS24	7	2.17380523850897e-21	0.452165072194386	1	0.999	3.93371795960584e-17
CR1	7	2.42010296210069e-21	1.60107450539748	0.361	0.114	4.37941832021741e-17
LAMTOR2	7	2.78685183113149e-21	0.98768423583534	0.767	0.404	5.04308707361554e-17
ENTPD1	7	2.91505504013533e-21	1.44785229623235	0.389	0.129	5.27508360062889e-17
IFI6	7	3.07114338348336e-21	0.883852189228896	0.922	0.733	5.55754106675149e-17
CTSC	7	3.44967200528144e-21	0.965276144769942	0.828	0.496	6.2425264607573e-17
SNX2	7	3.92999430148024e-21	1.15126033865453	0.65	0.314	7.11171768795864e-17
PSTPIP2	7	4.31059279912819e-21	1.94542072119187	0.261	0.066	7.80044872930236e-17
SNX6	7	5.42182315659467e-21	1.16818133462804	0.75	0.428	9.81133118417371e-17
UCP2	7	8.14711576546775e-21	1.1893205997308	0.617	0.278	1.47430206891904e-16
LYSMD2	7	8.25179030576891e-21	1.334528131667	0.506	0.203	1.49324397373194e-16
FES	7	8.25808701349482e-21	1.66258719550385	0.361	0.119	1.49438342596202e-16
STAC3	7	9.6109553480177e-21	1.8572111284952	0.283	0.078	1.73919847977728e-16
DYNLT1	7	1.12968677487931e-20	1.16759994849607	0.761	0.448	2.0442811878216e-16
BLVRB	7	1.13913299873805e-20	0.942623711894651	0.728	0.387	2.06137507451638e-16
ATP6V1B2	7	1.38951377475366e-20	1.57677863332498	0.422	0.157	2.51446412679422e-16
TSPAN33	7	1.87092943645074e-20	1.54903264357313	0.394	0.137	3.38563390820126e-16
PTPN6	7	2.06081575559461e-20	1.27005032434173	0.45	0.165	3.72925219132401e-16
DPYD	7	2.37592555336241e-20	1.73531585694711	0.344	0.111	4.29947488136462e-16
LTA4H	7	2.68340550012208e-20	1.75881320537727	0.344	0.111	4.85589059302091e-16
GMPR	7	3.05920067995856e-20	2.08582540851903	0.278	0.077	5.53592955045301e-16
ACOT9	7	3.19691621078481e-20	1.64755067333247	0.378	0.131	5.78513957503619e-16
RNF13	7	3.38355813322063e-20	1.27196501704673	0.622	0.302	6.12288679787605e-16
PTPRE	7	5.25688092095303e-20	1.44755481800234	0.439	0.167	9.5128517145566e-16
LCP1	7	6.90436339320376e-20	1.03763497459475	0.717	0.364	1.24941359963415e-15
HCLS1	7	7.31356413247966e-20	1.07562597625755	0.656	0.321	1.32346256541352e-15
RAB32	7	7.43656022500315e-20	1.26893045731175	0.483	0.193	1.34571993831657e-15
DPYSL2	7	7.93456864633801e-20	1.26272845841649	0.506	0.208	1.43583954224133e-15
SLC9A9	7	9.65372892390869e-20	1.29135267636036	0.45	0.171	1.74693878607052e-15
CASP4	7	1.38596039222941e-19	1.24876783676075	0.583	0.278	2.50803392577833e-15
GSTK1	7	1.59017649336902e-19	0.838475646823316	0.839	0.547	2.87758338240057e-15
LIPA	7	1.74910441194138e-19	1.38060400221497	0.4	0.145	3.16517934384912e-15
LY96	7	1.95665575258172e-19	0.881379426610233	0.861	0.524	3.54076424987188e-15
ITGA4	7	2.13326047665786e-19	1.32021395307725	0.461	0.182	3.86034815856006e-15
PARP14	7	2.17855224099728e-19	1.07721507330111	0.717	0.389	3.94230813530869e-15
SMAP2	7	2.23449680307838e-19	1.17203014812475	0.572	0.264	4.04354541485063e-15
SP110	7	2.40009628140003e-19	1.02263935048149	0.606	0.272	4.34321423082149e-15
RSAD2	7	2.45602815860664e-19	1.3536369546147	0.444	0.171	4.44442855581458e-15
THEMIS2	7	2.52172608153798e-19	0.991386869695292	0.617	0.283	4.56331551715112e-15
SECTM1	7	2.62000625160092e-19	1.52590589652531	0.356	0.119	4.74116331289703e-15
CD9	7	2.80193565514685e-19	1.07743299845732	0.578	0.265	5.07038276155373e-15
RABGAP1L	7	2.99103607323993e-19	1.25323505765686	0.539	0.239	5.41257887813498e-15
GMFG	7	3.01795721352488e-19	0.818407544043869	0.906	0.6	5.46129537359461e-15
CAPG	7	3.25709995706101e-19	1	0.517	0.211	5.89404808229761e-15
CTSA	7	3.8078905317147e-19	0.986008815722282	0.633	0.293	6.89075870619092e-15
CD84	7	5.03798045837771e-19	1.49848993410018	0.356	0.118	9.11672943748031e-15
FERMT3	7	5.20593004901381e-19	1.27417496343899	0.55	0.251	9.4206510166954e-15
TNFRSF1A	7	5.32979846722266e-19	1.03786108670893	0.572	0.252	9.64480330628612e-15
BID	7	5.84701069575148e-19	1.42525988244521	0.45	0.182	1.05807505550319e-14
TALDO1	7	7.13835345076732e-19	1.18805088889673	0.633	0.32	1.29175644045085e-14
OAS1	7	1.07922437193865e-18	1.18533204884055	0.6	0.3	1.95296442346018e-14
VPS35	7	1.33748293916458e-18	1.34084540116933	0.511	0.226	2.42030912671223e-14
ARF5	7	1.36749192591541e-18	0.934372393885556	0.739	0.407	2.47461338913653e-14
CYFIP1	7	1.46356693655326e-18	1.26617411336436	0.428	0.163	2.64847072838678e-14
ADAM28	7	1.62271093181835e-18	1.70002710694397	0.389	0.15	2.93645770221848e-14
NSL1	7	1.66707964247209e-18	1.46010110489587	0.389	0.142	3.0167473210175e-14
C1QB	7	1.71052101692772e-18	1.26530175714996	0.667	0.404	3.0953588322324e-14
TPP1	7	1.78109608708702e-18	1.13349874473826	0.6	0.291	3.22307147919266e-14
HLA-DOA	7	1.84830066298053e-18	1.77354020906536	0.3	0.094	3.34468487972957e-14
SLCO2B1	7	1.96258727175143e-18	1.03055053365878	0.456	0.171	3.5514979269614e-14
SH3BGRL	7	2.27431944451839e-18	0.852609002416301	0.867	0.566	4.11560846680048e-14
MGST2	7	2.50694792500514e-18	0.970556222107518	0.444	0.169	4.53657296508931e-14
PANK2	7	2.80690706616101e-18	1.48082897106848	0.372	0.134	5.07937902692496e-14
NAPRT1	7	3.02731763616139e-18	1.55612981851344	0.339	0.114	5.47823399439765e-14
IL18	7	3.23634825884424e-18	1.71057149932998	0.317	0.104	5.85649580920454e-14
CKLF	7	3.63088066198717e-18	0.95029930546246	0.744	0.425	6.57044164593198e-14
GSTO1	7	3.91295217711799e-18	0.903639616982057	0.767	0.443	7.08087825971271e-14
QKI	7	3.91359327643356e-18	1.09060254878091	0.633	0.318	7.08203839303416e-14
CCL8	7	4.04283739100687e-18	2.30065947813371	0.267	0.079	7.31591854276604e-14
UVRAG	7	5.18751111391864e-18	1.62459827622012	0.333	0.113	9.38732011174718e-14
DENND4B	7	6.53815319391155e-18	1.82817546564221	0.283	0.086	1.18314420197023e-13
CCL2	7	8.4748951164706e-18	1.38720472308227	0.511	0.233	1.53361702027652e-13
USP15	7	8.87395614567452e-18	1.25314458670453	0.5	0.224	1.60583110412126e-13
TTYH3	7	9.3922226167785e-18	1.05070982165739	0.444	0.171	1.69961660473224e-13
SNX18	7	1.11996979657873e-17	1.68942770288381	0.294	0.092	2.02669734388887e-13
SSB	7	1.13961827128198e-17	1.1405899589344	0.606	0.31	2.06225322371186e-13
TRIM22	7	1.22303354410961e-17	0.982654635413792	0.544	0.238	2.21320150142076e-13
COMT	7	1.32756203802325e-17	0.99525135949507	0.661	0.363	2.40235626400687e-13
KDM7A	7	1.33535596639737e-17	1.75559462684955	0.278	0.084	2.41646015679268e-13
LYL1	7	1.48718181185555e-17	1.39927018342053	0.406	0.158	2.6912042067338e-13
ADPRHL2	7	1.53320160866021e-17	1.65425454325665	0.322	0.109	2.77448163103151e-13
RIN2	7	1.6002783075695e-17	1.57937281902552	0.35	0.125	2.89586362537777e-13
CEP170	7	1.74023714307051e-17	1.34034013200124	0.406	0.155	3.14913313410039e-13
SPINT2	7	1.78996990708224e-17	1.20216048831216	0.517	0.234	3.23912954385602e-13
PICALM	7	1.94332189028664e-17	1.13281866877636	0.533	0.242	3.5166352926627e-13
KIAA1033	7	2.12079942747863e-17	1.18187060634822	0.489	0.212	3.83779864396534e-13
MGAT1	7	2.52010429201892e-17	0.942666824934048	0.706	0.375	4.56038072683744e-13
GPR183	7	2.61446604766808e-17	0.65744849835274	0.444	0.17	4.73113775986017e-13
PTAFR	7	2.69994508756736e-17	1.81084390813748	0.256	0.074	4.8858206304619e-13
OASL	7	2.86119516272029e-17	1.35956178857181	0.433	0.18	5.17761876645865e-13
MARCH2	7	4.18947433413225e-17	1.11094837147199	0.522	0.236	7.58127275504573e-13
NAAA	7	4.22804398045116e-17	1.73458556331426	0.317	0.108	7.65106838702443e-13
NPL	7	4.51582865911763e-17	1.16686844300897	0.417	0.161	8.17184354153926e-13
ODF3B	7	6.18519181452397e-17	1.00480467602568	0.606	0.304	1.11927231075626e-12
FKBP15	7	6.34519178616724e-17	1.89084632388749	0.25	0.073	1.14822590562482e-12
MGAT4A	7	6.49604732568802e-17	1.02299164262623	0.561	0.263	1.1755247240565e-12
PTPN18	7	1.03710730388739e-16	1.49114047836464	0.356	0.13	1.87674937711462e-12
UBA52	7	1.03756042876296e-16	0.445789172176762	0.994	0.965	1.87756935188945e-12
DDX60	7	1.21620321384858e-16	1.26584135011969	0.389	0.148	2.20084133578038e-12
C1orf54	7	1.3370838358844e-16	1.12672197458756	0.389	0.151	2.41958690941641e-12
RNF213	7	1.41055847245345e-16	0.930759955241864	0.8	0.536	2.55254661175177e-12
C19orf38	7	1.47708564734522e-16	1.82841653758543	0.272	0.086	2.67293418743591e-12
COLGALT1	7	1.58213891309636e-16	1.31410859042806	0.406	0.16	2.86303857713917e-12
LAMTOR4	7	1.93604739442946e-16	0.734435909631783	0.878	0.678	3.50347136495955e-12
PHF11	7	2.24578446322792e-16	1.10632690107392	0.511	0.235	4.06397156465724e-12
DEK	7	2.40725393143186e-16	1.00877910441853	0.544	0.248	4.35616671431909e-12
CAPZA2	7	2.50126550348543e-16	0.923802453407776	0.689	0.375	4.52629005510724e-12
TET2	7	2.80429244162052e-16	1.6325689873287	0.317	0.113	5.07464760235649e-12
XRN2	7	3.34836423794886e-16	1.05221307949525	0.556	0.268	6.05919992499226e-12
ATP6AP2	7	3.47044901423723e-16	0.885738239376382	0.767	0.487	6.28012453616369e-12
TMEM123	7	3.5456786064837e-16	0.900896983534616	0.678	0.359	6.4162600062929e-12
PFDN5	7	3.72470347257039e-16	0.48897430237651	0.989	0.979	6.74022340396338e-12
STX7	7	4.85857977028881e-16	1.21530879806673	0.461	0.203	8.79208595231463e-12
ARHGAP26	7	5.28390520823413e-16	1.64486825227915	0.289	0.096	9.56175486482048e-12
ATP6V0A1	7	6.60261527550213e-16	1.39592867633114	0.35	0.13	1.19480926025486e-11
JAK2	7	6.95729656842851e-16	1.63820452199814	0.333	0.123	1.25899238702282e-11
AGO4	7	7.80655701812852e-16	1.66456605055281	0.25	0.075	1.41267455800054e-11
DENND3	7	8.82107699033471e-16	1.35905045080107	0.383	0.153	1.59626209217097e-11
PARL	7	9.75984016656562e-16	1.19673980981478	0.456	0.201	1.76614067654171e-11
SH3BP2	7	1.09620816910516e-15	1.45447764412153	0.35	0.133	1.9836983028127e-11
SDCBP	7	1.12308855318127e-15	0.662094083000303	0.828	0.485	2.03234104583682e-11
MANBA	7	1.33345516771958e-15	1.60658254282491	0.278	0.091	2.41302047150534e-11
ACTB	7	1.38813493515334e-15	0.478564862961719	1	0.982	2.51196897865349e-11
ZFP36L1	7	1.4268185301225e-15	0.779342977879486	0.844	0.596	2.58197081210968e-11
BNIP3L	7	1.59967460493329e-15	0.897407768015747	0.617	0.308	2.89477116508728e-11
TGFB1	7	1.97675690936447e-15	0.825669819437686	0.711	0.375	3.57713930318594e-11
SAMD4A	7	2.07979329606966e-15	1.69813546107739	0.25	0.077	3.76359394856766e-11
ATP6V0B	7	2.12805048286767e-15	0.65437082723294	0.894	0.714	3.85092015379733e-11
ADPGK	7	2.14852450523522e-15	1.33091687811462	0.378	0.15	3.88796994467366e-11
SMCO4	7	2.24568527085264e-15	1.58998931779599	0.317	0.115	4.06379206613495e-11
PPP1R18	7	2.81610614256774e-15	1.01652245591266	0.511	0.238	5.09602567559059e-11
ATG16L2	7	2.87716214947206e-15	1.5534775339613	0.3	0.105	5.20651262568464e-11
CTSD	7	2.94366091195185e-15	1.25262235213787	0.778	0.556	5.32684878626806e-11
PHACTR1	7	3.10657488615625e-15	1.4341933086631	0.317	0.115	5.62165791398836e-11
GRINA	7	3.17700421417457e-15	1.27780554165505	0.433	0.189	5.74910682597031e-11
NOTCH2NL	7	3.67803619358046e-15	1.45685767497347	0.322	0.118	6.6557742959032e-11
GLIPR2	7	3.91542415709416e-15	1.23989478856551	0.444	0.202	7.0853515546776e-11
RNF149	7	3.97021339000675e-15	1.37586690199817	0.411	0.178	7.18449815055622e-11
SGK1	7	4.16333405107983e-15	0.939719995229772	0.617	0.321	7.53396929883407e-11
KCTD12	7	4.90356637032197e-15	0.616671360448494	0.556	0.252	8.87349370373463e-11
GPSM3	7	5.01623586039541e-15	0.834776423381844	0.667	0.351	9.07738041297153e-11
SLC18B1	7	5.47189861730941e-15	1.32520854628818	0.328	0.12	9.90194773788311e-11
NRIP1	7	5.71330860940802e-15	1.30256277002043	0.339	0.128	1.03388032595848e-10
KLF3	7	6.13069209288483e-15	1.32716474325351	0.428	0.192	1.10941004112844e-10
PQLC1	7	6.32175343414568e-15	1.38840237277538	0.389	0.164	1.143984501443e-10
MIF4GD	7	6.41866667479615e-15	1.40844983924408	0.35	0.137	1.16152192147111e-10
TRMT1	7	6.66758824482651e-15	1.07197272994107	0.461	0.206	1.20656676878381e-10
GPR34	7	8.06957065348533e-15	1.20363899706003	0.361	0.14	1.4602695054547e-10
RPL26	7	1.04997343779915e-14	0.423031259820446	1	0.993	1.90003193304135e-10
NAGA	7	1.22350088361274e-14	1.51802377251558	0.306	0.111	2.21404719898562e-10
AXL	7	1.24158289830063e-14	1.37656335146421	0.411	0.182	2.24676841276481e-10
NCF4	7	1.48337343701807e-14	0.998693802499375	0.528	0.257	2.68431257162789e-10
ADRBK1	7	1.82914331163819e-14	0.968176035275737	0.567	0.288	3.31001773674048e-10
SAMD9L	7	1.88923063663086e-14	1.14852252471009	0.561	0.304	3.41875176004721e-10
NCOA4	7	2.0164180886219e-14	0.993461390370375	0.5	0.234	3.64891017317019e-10
ARHGAP30	7	2.03872779400525e-14	1.47164986741454	0.344	0.137	3.68928181603191e-10
DCP2	7	2.18639567850795e-14	1.39745318690719	0.339	0.132	3.95650161982799e-10
PSMB10	7	2.19935227422213e-14	1.08720397231904	0.467	0.215	3.97994787543236e-10
NISCH	7	2.48336741750945e-14	1.40002986009915	0.35	0.141	4.4939016787251e-10
NINJ1	7	2.64204262987998e-14	0.605053918660625	0.611	0.296	4.78104034303082e-10
NCKAP1L	7	2.79820221592538e-14	1.3660847888775	0.378	0.161	5.06362672993856e-10
DEGS1	7	3.05817062777943e-14	0.94009061313361	0.539	0.263	5.53406556802965e-10
SAMSN1	7	3.08788646005203e-14	0.918018577913405	0.556	0.279	5.58783933811016e-10
TREM2	7	3.14560088512095e-14	1.59257568483103	0.289	0.104	5.69227936171486e-10
SNX10	7	3.18181207607642e-14	1.59560974492066	0.289	0.104	5.75780713286789e-10
EPB41L3	7	3.41930074796325e-14	1.1609918766723	0.378	0.153	6.1875666335143e-10
ARHGDIB	7	3.60905280395891e-14	0.588026573501601	0.867	0.572	6.53094195404404e-10
MBP	7	4.34694695473463e-14	1.00272979275557	0.417	0.176	7.86623520928779e-10
RGL1	7	4.73193099185839e-14	1.54876729594669	0.317	0.122	8.56290232286695e-10
FAM105A	7	4.73676857825695e-14	1.50022945222639	0.311	0.117	8.57165641921378e-10
SFT2D2	7	5.10737388643351e-14	1.36913329093787	0.344	0.138	9.24230378489008e-10
ARHGAP27	7	5.85150366141493e-14	1.5833952055742	0.283	0.101	1.05888810256964e-09
RENBP	7	5.86499771915342e-14	1.56514105980841	0.267	0.091	1.061329987258e-09
DDAH2	7	5.89138112553628e-14	0.936930634975238	0.489	0.227	1.06610432847705e-09
CSK	7	5.99878920959063e-14	0.98177128947743	0.472	0.214	1.08554089536752e-09
CYBA	7	6.29681191835959e-14	0.369315597417145	1	0.889	1.13947108474635e-09
RHBDF2	7	6.62816091515311e-14	1.30301088154473	0.367	0.153	1.19943199920611e-09
VASP	7	8.26639407098981e-14	1.08366748221155	0.433	0.195	1.49588667108632e-09
NOTCH2	7	9.04567576355454e-14	1.63093205357366	0.272	0.096	1.63690548617283e-09
NHLRC3	7	9.21625655379279e-14	1.21511709053327	0.383	0.163	1.66777378597434e-09
HERC5	7	1.00579712362273e-13	1.18569231730063	0.483	0.243	1.82009047490768e-09
ATP6AP1	7	1.10990416692679e-13	0.911349420927656	0.528	0.255	2.00848258047071e-09
APPL1	7	1.11084016481133e-13	1.24199159878579	0.389	0.167	2.01017636224257e-09
SH3BP1	7	1.21154457787357e-13	1.53822226276314	0.289	0.107	2.19241106812001e-09
TNFSF12	7	1.35180858524792e-13	1.02281245923894	0.444	0.202	2.44623281586463e-09
REL	7	1.62872112333976e-13	0.96688849976728	0.422	0.185	2.94733374479563e-09
FAM208A	7	1.72412519939391e-13	1.2954223406694	0.361	0.151	3.11997696082323e-09
CTD-2521M24.9	7	1.79033041106339e-13	1.31968962269136	0.3	0.111	3.23978191186031e-09
CAT	7	1.88151175631509e-13	1.27734177422202	0.383	0.166	3.40478367422778e-09
RAP2B	7	1.99013706763772e-13	0.995040149679941	0.417	0.182	3.60135203759722e-09
CPQ	7	2.06725466186753e-13	1.15310396724199	0.417	0.188	3.74090403611548e-09
CMTM3	7	2.08436161454631e-13	1.32215872314153	0.317	0.121	3.77186077768299e-09
SYNGR2	7	2.46870425945777e-13	0.985192149639628	0.489	0.236	4.46736722791479e-09
TWF2	7	2.48598527897667e-13	1.20724746763318	0.428	0.201	4.49863896083619e-09
SLC22A18	7	2.79627984253982e-13	1.5462820325571	0.267	0.094	5.06014800306005e-09
NUDT1	7	2.86705245096413e-13	1.16852554935771	0.383	0.166	5.18821811526469e-09
TIMP2	7	4.02366735261508e-13	0.464187448788399	0.756	0.433	7.28122844129225e-09
ARPC4	7	4.62135810988163e-13	0.867570209473937	0.606	0.328	8.36280963564179e-09
TCIRG1	7	5.07350502833231e-13	0.827178172667434	0.561	0.286	9.18101469927014e-09
STAT2	7	5.12665569178153e-13	0.723350463384054	0.639	0.356	9.27719613984785e-09
ARAP1	7	6.16337327525555e-13	1.37225263278205	0.306	0.118	1.11532402789024e-08
NCF1	7	6.26605538450536e-13	1.12680956193791	0.6	0.342	1.13390538238009e-08
IQGAP2	7	6.46173865353067e-13	1.53223425807146	0.294	0.114	1.16931622674291e-08
MAP3K3	7	6.91809768101644e-13	1.50366239861931	0.261	0.092	1.25189895635673e-08
COMMD9	7	7.17057527078162e-13	1.35680423369338	0.344	0.146	1.29758730100064e-08
FCHO2	7	7.2069645623288e-13	1.43609911480667	0.294	0.114	1.30417230719902e-08
GRB2	7	7.22207943646126e-13	0.780061214195351	0.683	0.414	1.30690749482203e-08
MAP3K1	7	7.84215752028742e-13	1.35055756168273	0.333	0.138	1.41911682487121e-08
PLEK	7	8.25939520200153e-13	0.597182930857134	0.483	0.218	1.4946201557542e-08
SAT2	7	9.10894671474466e-13	0.872198229613347	0.644	0.4	1.64835499750019e-08
TMEM9B	7	9.21260327602688e-13	1.1073064786215	0.461	0.23	1.66711268882982e-08
SELO	7	9.33461359617875e-13	1.429585807848	0.267	0.096	1.68919167636451e-08
SYK	7	1.05875684857837e-12	1.31580488108896	0.322	0.131	1.91592639318741e-08
GNB4	7	1.06337593840261e-12	1.49737243207615	0.278	0.104	1.92428509813337e-08
SKAP2	7	1.07118650350259e-12	0.956566001865306	0.461	0.218	1.93841909673828e-08
ACTR2	7	1.08232999510739e-12	0.794695006435499	0.7	0.434	1.95858435914633e-08
UBAC2	7	1.11798627972716e-12	1.24445514372624	0.389	0.177	2.02310797179426e-08
ATP6V1F	7	1.32580509432648e-12	0.683888096911992	0.817	0.542	2.39917689869321e-08
P2RX4	7	1.37130538730976e-12	1.30275578561252	0.311	0.124	2.48151422887575e-08
ETV6	7	1.71247960586931e-12	1.23923758187761	0.406	0.193	3.0989030947811e-08
RAC1	7	1.79132190255408e-12	0.694249612766989	0.839	0.583	3.24157611486187e-08
CFL1	7	1.87511816501005e-12	0.432472878825981	0.994	0.925	3.39321383140218e-08
SAP30	7	1.88020190461256e-12	1.28099165278293	0.328	0.134	3.4024133665869e-08
RAB8A	7	2.11544522926255e-12	0.820956353946765	0.55	0.286	3.82810968687352e-08
SLA	7	2.71787100074896e-12	1.08824712778278	0.356	0.152	4.91825936295532e-08
UBE2D1	7	2.77617797205586e-12	1.15100778809968	0.372	0.165	5.02377165823228e-08
CTNND1	7	2.89745122415494e-12	1.43037639789841	0.306	0.125	5.24322773523078e-08
NBPF10	7	2.93473969412409e-12	1.41271618736872	0.261	0.095	5.31070495048695e-08
YIF1B	7	3.30365190540318e-12	1.32821435773479	0.333	0.143	5.97828848801759e-08
OSTF1	7	3.54125979919771e-12	0.730461017679651	0.661	0.371	6.40826373262817e-08
TRIM25	7	5.00999929561043e-12	1.44057259138598	0.261	0.096	9.06609472533663e-08
NUP62	7	5.20555175346346e-12	1.4413310155211	0.289	0.114	9.41996645306747e-08
DAZAP2	7	5.2381329101186e-12	0.820084984076467	0.561	0.295	9.47892531415062e-08
ITPR2	7	5.51696024126485e-12	0.997051209927128	0.383	0.171	9.98349125259288e-08
RCSD1	7	5.60257580573423e-12	1.06240565695025	0.367	0.161	1.01384211780567e-07
SEC11A	7	5.61062444490797e-12	0.761346040329231	0.728	0.497	1.01529859955055e-07
C7orf73	7	5.6511919128249e-12	0.745353379658925	0.611	0.341	1.02263968854479e-07
SAMD9	7	5.91551388655766e-12	0.827734438266401	0.644	0.389	1.07047139291147e-07
LACTB	7	6.54543737782276e-12	1.21277441877485	0.317	0.13	1.18446234789081e-07
PALLD	7	7.13838786901947e-12	1.16882771608641	0.25	0.089	1.29176266877776e-07
FAM46A	7	7.44150074325049e-12	1.12256229017845	0.322	0.133	1.34661397449861e-07
PSMA4	7	9.68567687085816e-12	0.875589657810056	0.628	0.377	1.75272008655049e-07
COMMD8	7	1.03730422618911e-11	1.22945754339397	0.367	0.167	1.87710572771181e-07
C3AR1	7	1.12937844784012e-11	1.20163386116965	0.317	0.132	2.04372323921148e-07
IFFO1	7	1.16383731537573e-11	1.32979021266033	0.289	0.114	2.10608000590392e-07
ANP32A	7	1.32831330721138e-11	1.01504026094151	0.456	0.234	2.40371576072971e-07
SOAT1	7	1.52163522337528e-11	1.41952489027116	0.261	0.1	2.75355110021991e-07
NUMB	7	1.54020798231465e-11	1.27197973504557	0.35	0.157	2.7871603647966e-07
IRF2	7	1.61270069206453e-11	0.98124379274435	0.422	0.208	2.91834317235997e-07
GNAQ	7	1.67628489082876e-11	1.24855490855714	0.333	0.145	3.03340513844372e-07
ACSL1	7	1.71234704537787e-11	1.45317262816561	0.261	0.1	3.09866321331578e-07
CCDC88A	7	1.75687430817269e-11	1.13559000355422	0.389	0.183	3.1792397480693e-07
RNF166	7	1.80905931646657e-11	0.923169414766251	0.417	0.198	3.2736737390779e-07
AP1S2	7	2.07683739685313e-11	0.265729865465273	0.6	0.337	3.75824495334543e-07
PQLC3	7	2.31743274227526e-11	1.19968558938013	0.344	0.155	4.1936262904213e-07
ISG15	7	2.32912156450826e-11	0.494701874941559	0.961	0.934	4.21477838313415e-07
GIMAP5	7	2.56149548459987e-11	1.1287333141222	0.339	0.147	4.63528222893192e-07
XRCC4	7	2.72375821662852e-11	1.4442823190547	0.25	0.094	4.92891286881097e-07
TPM3	7	2.89907540781657e-11	0.589558281084226	0.806	0.57	5.24616685798487e-07
SLC12A9	7	3.07438797841076e-11	1.32222400198324	0.267	0.103	5.56341248573212e-07
LSP1	7	3.11778579701786e-11	0.824496364165999	0.567	0.316	5.64194517828353e-07
DRAP1	7	3.41611412474812e-11	0.573916155944062	0.889	0.687	6.1818001201442e-07
ITSN2	7	3.48647032972036e-11	1.10538909143273	0.361	0.165	6.30911670866197e-07
ETS2	7	3.6673637928974e-11	0.908542221479677	0.394	0.182	6.63646151962713e-07
UBE2F	7	3.72255670880829e-11	1.21277441877485	0.311	0.132	6.73633862025948e-07
SH2B3	7	3.78963850894784e-11	1.07527089502492	0.328	0.14	6.85772984579201e-07
PHC2	7	4.0758380514754e-11	1.0962153152593	0.394	0.191	7.37563653794988e-07
CREBL2	7	4.1926380845702e-11	1.32053926643847	0.328	0.146	7.58699787783824e-07
S100A4	7	4.76846831582354e-11	0.431737692661349	0.828	0.584	8.62902026431428e-07
GUSB	7	4.7942592001349e-11	1	0.439	0.222	8.67569144856411e-07
VAMP5	7	5.1806037990401e-11	0.838462784050407	0.694	0.491	9.37482063474296e-07
NABP1	7	5.36272429073906e-11	0.597446793183596	0.578	0.308	9.7043858765214e-07
DOCK11	7	5.39630507150238e-11	1.23598536596043	0.256	0.097	9.76515365739071e-07
SUMO3	7	5.4459463786923e-11	0.875230555122231	0.472	0.242	9.85498456688159e-07
OAS2	7	5.46132771670734e-11	0.998680059339868	0.411	0.197	9.88281863615361e-07
HEXB	7	5.81299242226845e-11	0.851915396852546	0.483	0.253	1.0519191087337e-06
BNIP2	7	6.32627389505795e-11	0.956388768779385	0.45	0.23	1.14480252404969e-06
YWHAH	7	6.3319233673164e-11	0.906384830470687	0.533	0.296	1.14582485254958e-06
FAM91A1	7	6.40092835209148e-11	1.15919859484925	0.317	0.137	1.15831199459447e-06
MSRB2	7	6.47648555011414e-11	0.960852262182984	0.439	0.221	1.17198482514865e-06
ATG3	7	7.44185807061427e-11	1.16353407123476	0.333	0.148	1.34667863645836e-06
AP1B1	7	7.73764019890404e-11	0.889451806006769	0.4	0.187	1.40020337039367e-06
CYSLTR1	7	7.87212163965332e-11	1.15142241521588	0.339	0.151	1.42453913191166e-06
PARP9	7	8.44469991916488e-11	0.897122819359697	0.483	0.255	1.52815289737208e-06
RILPL2	7	9.5819319124162e-11	0.880921179194013	0.383	0.179	1.73394639887084e-06
CACUL1	7	9.80472219134731e-11	1.26124335030781	0.3	0.128	1.77426252774621e-06
FAM96A	7	1.05716514918247e-10	0.810039775102402	0.5	0.264	1.91304605396059e-06
PLEKHO2	7	1.07420244332283e-10	1.12323695467689	0.317	0.137	1.943876741437e-06
CELF2	7	1.12917835081706e-10	0.779939279989359	0.439	0.217	2.04336114363855e-06
N4BP2L1	7	1.20240139563209e-10	1.15683624718099	0.306	0.13	2.17586556553583e-06
DMXL1	7	1.30376122208409e-10	1.17104554133623	0.306	0.132	2.35928630748336e-06
CMTM6	7	1.35411214815991e-10	0.652393282682456	0.65	0.38	2.45040134331018e-06
BACH1	7	1.43687434430346e-10	0.7911118430133	0.456	0.229	2.60016781345155e-06
DICER1	7	1.47319726647055e-10	1.00549898040449	0.367	0.171	2.66589777340511e-06
SETX	7	1.47566967176448e-10	0.812755522357661	0.439	0.219	2.67037183802501e-06
GIMAP7	7	1.53559020935886e-10	1.01660196733713	0.344	0.156	2.77880404285579e-06
IQGAP1	7	1.57230714872526e-10	0.806467564751789	0.572	0.326	2.84524701633324e-06
UBE2L6	7	1.70663125773312e-10	0.818143130157844	0.572	0.341	3.08831992399386e-06
LTBR	7	1.77313989548321e-10	1.30301088154473	0.306	0.134	3.20867395486641e-06
NADK	7	1.81760329771539e-10	1.43996175443907	0.272	0.112	3.28913492754576e-06
UBE2E2	7	1.97279723447958e-10	1.36257007938471	0.261	0.105	3.56997387551425e-06
HEBP1	7	2.22297522507493e-10	0.969405502117031	0.35	0.159	4.02269596729559e-06
PIK3CD	7	2.24145143551879e-10	1.02583229339067	0.267	0.105	4.05613051771481e-06
TK2	7	2.89629248076583e-10	1.22132966251057	0.283	0.12	5.24113087319385e-06
DOCK8	7	3.12841124239005e-10	1.02354648977398	0.389	0.192	5.66117298422903e-06
TGOLN2	7	3.14086562380494e-10	0.823122237915921	0.544	0.316	5.68371043283741e-06
ATP2B1	7	3.30010486964976e-10	0.761771593638856	0.511	0.283	5.97186977211821e-06
OGFR	7	3.45038222583677e-10	1.00078428653244	0.367	0.175	6.24381167587423e-06
GPRIN3	7	3.72690696272682e-10	1.06327893872821	0.311	0.137	6.74421083975045e-06
AGFG1	7	3.84235407234795e-10	1.06487572366254	0.378	0.184	6.95312392932086e-06
IL10RA	7	4.19628093468936e-10	0.584881251880378	0.644	0.373	7.59358997941387e-06
MPP1	7	4.24175508205776e-10	1.04047906935507	0.311	0.137	7.67587999649173e-06
MKNK1	7	4.29482642440454e-10	1.09292760172715	0.317	0.141	7.77191789760245e-06
TRPS1	7	4.59497457114875e-10	1.37533202571402	0.267	0.112	8.31506598395077e-06
PLD3	7	4.66209365274437e-10	0.582401458363748	0.578	0.32	8.4365246740062e-06
UBE2R2	7	5.27127782958513e-10	1.13124453327825	0.339	0.158	9.53890436041725e-06
TMX1	7	6.05919139802035e-10	0.924325324353739	0.406	0.204	1.09647127538576e-05
PLA2G16	7	6.43903994902528e-10	0.960403825654205	0.428	0.226	1.16520866917562e-05
PREX1	7	6.53139059517511e-10	1.02815104031415	0.35	0.165	1.18192044210289e-05
HADHA	7	6.97257372146447e-10	0.975125331360971	0.4	0.203	1.26175694063621e-05
M6PR	7	7.20924168497432e-10	0.807668585509408	0.5	0.274	1.30458437531295e-05
CORO7	7	7.30260550616074e-10	1.1885777083442	0.3	0.132	1.32147949239485e-05
EIF4A1	7	7.60975154748762e-10	0.423320510085371	0.95	0.828	1.37706064003336e-05
SPPL2A	7	7.74479858411587e-10	0.873176380337808	0.439	0.231	1.40149875178161e-05
GABARAP	7	8.03673867747317e-10	1.18371195317239	0.294	0.129	1.45432823107555e-05
PLEKHB2	7	8.72908068850581e-10	1.01454830856916	0.356	0.171	1.57961444139201e-05
PTPN2	7	9.52390901931936e-10	0.69005474614344	0.517	0.281	1.72344657613603e-05
CTBS	7	9.52872982173974e-10	0.852030200389024	0.433	0.227	1.72431894854202e-05
PRR13	7	1.0520679800448e-09	0.871712975528757	0.456	0.244	1.90382221668907e-05
TMSB4X	7	1.09002638222482e-09	0.380518631257618	1	0.97	1.97251174127404e-05
ERICH1	7	1.09738247400005e-09	1.00886179101372	0.317	0.144	1.98582332495049e-05
ADCY7	7	1.22615443422606e-09	1.14796192822319	0.294	0.13	2.21884906417548e-05
SPG21	7	1.37309824367128e-09	0.918699897898152	0.417	0.217	2.48475858174755e-05
SASH3	7	1.39722154342025e-09	1.23606735823352	0.25	0.102	2.52841210497329e-05
CD93	7	1.49242930866241e-09	0.416797241364342	0.4	0.192	2.7007000769555e-05
JMJD1C	7	1.499285042877e-09	0.802716027254084	0.539	0.316	2.71310621359022e-05
GBP1	7	1.51108955440199e-09	1.06351759795801	0.372	0.188	2.73446765764584e-05
ATP6V0D1	7	1.51153125528446e-09	0.848213218878751	0.483	0.269	2.73526695956275e-05
SULT1A1	7	1.6362020512175e-09	1.30896790528097	0.25	0.103	2.96087123188319e-05
LYVE1	7	1.68165506473131e-09	0.673254888814862	0.344	0.158	3.04312300513778e-05
ATP5G2	7	2.04832018812929e-09	0.439461563912893	0.939	0.866	3.70664021243877e-05
CCDC109B	7	2.07769922315723e-09	0.901887676979335	0.4	0.206	3.75980451422532e-05
GNS	7	2.08027285228133e-09	0.995040149679941	0.394	0.205	3.7644617534883e-05
MAX	7	2.25497284991922e-09	0.961906828827926	0.361	0.177	4.08059886921382e-05
SDCCAG8	7	2.37556011719155e-09	1.31536693768698	0.272	0.121	4.29881358806983e-05
FBXL5	7	2.38207328881353e-09	1.09779805018511	0.311	0.145	4.31059982343697e-05
ZNRF2	7	2.75345723825012e-09	1.04685234598788	0.361	0.182	4.98265621833742e-05
CORO1A	7	2.82337927273567e-09	0.433001627230357	0.644	0.374	5.10918713194246e-05
HLA-A	7	2.91549420529227e-09	0.374976971369771	0.983	0.942	5.2758783138969e-05
GNB2	7	2.983683525084e-09	0.74517051698793	0.5	0.276	5.39927370699201e-05
NUB1	7	3.11931109041063e-09	1.02740872229371	0.311	0.143	5.64470534920708e-05
BAZ1A	7	3.14733428675936e-09	0.857826831630326	0.394	0.2	5.69541612531974e-05
DOCK10	7	3.27105984831898e-09	1.1801541337592	0.267	0.115	5.91930990151803e-05
RAB5C	7	3.63167490410649e-09	0.63713546300821	0.583	0.341	6.5718789064711e-05
PFN1	7	3.7770236228661e-09	0.318555780281162	0.989	0.886	6.8349019479385e-05
PTBP3	7	3.81659048474584e-09	1.04313003880716	0.372	0.194	6.90650214119606e-05
YBX1	7	3.82149824256379e-09	0.397791284220937	0.967	0.829	6.91538321974344e-05
PTRHD1	7	3.99972029237478e-09	1.01600395902146	0.328	0.157	7.2378938410814e-05
OLFML2B	7	4.2848101103968e-09	0.750058775726198	0.328	0.151	7.75379237577404e-05
FXYD5	7	4.5498150603863e-09	0.541848183691608	0.722	0.513	8.23334533327505e-05
APOL6	7	4.70439836340271e-09	0.609098140743694	0.522	0.296	8.51307927841354e-05
PNPT1	7	4.88203919423386e-09	0.945054477473156	0.356	0.177	8.83453812588559e-05
JAK3	7	5.08755271812192e-09	0.982799259246392	0.283	0.125	9.20643539871343e-05
FAM198B	7	5.36598135235707e-09	0.802716027254084	0.35	0.169	9.71027985522536e-05
BLOC1S1	7	5.52041603803525e-09	0.622592141840214	0.767	0.568	9.98974486242859e-05
EPN1	7	6.12959444204492e-09	0.891441021966529	0.378	0.193	0.000110921141023245
PAK1	7	6.16517246804858e-09	1.26303440583379	0.25	0.107	0.000111564960981807
RNPEP	7	6.23845846364195e-09	1.37415927848805	0.256	0.112	0.000112891144358065
ETHE1	7	6.40447559527442e-09	1.0707029913432	0.3	0.139	0.000115895390372086
INPPL1	7	6.49972394097787e-09	1.07647872984736	0.256	0.108	0.000117619004435936
DBNL	7	6.62153088369361e-09	0.791967715345382	0.467	0.261	0.00011982322287132
HADHB	7	6.97196498402442e-09	0.977770052616534	0.378	0.196	0.000126164678350906
LAMTOR1	7	7.31825052677033e-09	0.679977928313536	0.661	0.438	0.000132431061532436
TMEM173	7	7.8950588423421e-09	0.852184703518383	0.361	0.18	0.000142868984811023
APBB1IP	7	8.09418704429573e-09	1.09287272240573	0.261	0.113	0.000146472408753576
TMBIM4.1	7	8.86723121431566e-09	0.521654114312975	0.833	0.641	0.000160461416054256
CHMP5	7	8.90257900806233e-09	0.548573844065086	0.783	0.542	0.000161101069729896
ATF5	7	9.18362302920233e-09	0.931403953931653	0.317	0.151	0.000166186842336445
PAPD4	7	1.0030030399554e-08	1.19633956150014	0.294	0.138	0.000181503430110329
FKBP5	7	1.0090820568879e-08	1.13537241890093	0.25	0.107	0.000182603489014435
TMEM50A	7	1.07885096451456e-08	0.555384239664349	0.789	0.574	0.000195228870538554
MRPL28	7	1.22369079411145e-08	0.948122229454363	0.361	0.185	0.000221439086102409
OSBPL1A	7	1.24251339452922e-08	1.06890747768159	0.278	0.125	0.000224845223874008
TBC1D14	7	1.31624431809111e-08	1.01906148344414	0.272	0.121	0.000238187571801767
ZSWIM7	7	1.43206171577434e-08	1.0291800334166	0.344	0.176	0.000259145888086525
CHMP1A	7	1.55326967390434e-08	1.02682663834759	0.289	0.134	0.00028107968018973
RAB7A	7	1.61119796642503e-08	0.650887075786407	0.55	0.327	0.000291562384004274
HPRT1	7	1.61437605800648e-08	1.0187061945297	0.35	0.18	0.000292137491456852
WDR11	7	1.61490698416141e-08	1.08061846020828	0.261	0.115	0.000292233567853848
AKNA	7	1.65779142520367e-08	0.963566370852432	0.25	0.106	0.000299993936304856
RUNX1	7	1.68204830004379e-08	0.713018756368362	0.456	0.254	0.000304383460375925
PHACTR4	7	1.73333759428691e-08	1.09837989937263	0.294	0.139	0.000313664771062159
RAP2A	7	1.79531519151559e-08	1.1673639590849	0.25	0.109	0.000324880237056661
MAML2	7	1.81637196789037e-08	0.988640137835453	0.272	0.122	0.000328690671309442
TNFRSF14	7	1.95284454607511e-08	0.647727296116642	0.483	0.27	0.000353386749057752
HEXA	7	2.40315345972666e-08	0.833009095645668	0.422	0.234	0.000434874650072136
ARHGAP4	7	2.59820801436865e-08	0.681766388670379	0.439	0.236	0.00047017172228015
SEPP1	7	2.61785560665102e-08	0.697003853843884	0.511	0.327	0.000473727150579568
EIF3H	7	2.6438726300524e-08	0.689659879387849	0.561	0.351	0.000478435191134283
SNAP23	7	2.70794832754149e-08	0.868755466721747	0.328	0.161	0.000490030329351908
CRTAP	7	2.70990281430733e-08	0.827493098340428	0.394	0.212	0.000490384013277055
PPCS	7	2.78682275190062e-08	0.823706443245179	0.428	0.241	0.000504303445183936
PHACTR2	7	3.30999408162375e-08	0.914752713381489	0.322	0.16	0.000598976529010634
PML	7	3.36936757931464e-08	1.02740872229371	0.306	0.15	0.000609720757152777
ERP44	7	3.53802544668583e-08	0.81946256380772	0.45	0.26	0.000640241084832267
KIAA0247	7	3.5944091486861e-08	1.14213284942099	0.272	0.126	0.000650444279546236
SFT2D1	7	3.67848094132536e-08	0.68203454483162	0.561	0.354	0.000665657911142237
FNBP1	7	3.87886645845231e-08	0.425427637682711	0.472	0.253	0.00070191967432153
SNAPIN	7	4.05108851057101e-08	1.11516977042018	0.261	0.119	0.000733084976872929
SLC15A3	7	4.17490252094059e-08	1.091209871476	0.289	0.139	0.00075549036018941
GBP4	7	4.29793942460582e-08	0.947212585640564	0.289	0.137	0.000777755118276669
HIGD2A	7	4.38820072182152e-08	0.687144568396946	0.6	0.392	0.000794088802620823
CHCHD7	7	4.61029613998794e-08	0.805085094083229	0.433	0.243	0.000834279189492218
CYB5R4	7	4.61081519143705e-08	0.876191282106051	0.367	0.195	0.000834373117042449
MTMR14	7	4.81304775562117e-08	1.12004632667339	0.261	0.12	0.000870969121857208
GLRX	7	5.18392305921897e-08	0.534485605093249	0.556	0.326	0.000938082716796264
CLTA	7	5.27764627320165e-08	0.509263573004444	0.75	0.504	0.00095504286959857
BST2	7	5.7868131957547e-08	0.414537113688225	0.922	0.863	0.00104718171590377
PARP12	7	6.01340002608045e-08	0.983765771383992	0.322	0.163	0.00108818486871952
SQRDL	7	6.1774719431507e-08	1.04860063912611	0.294	0.143	0.00111787532283255
CLTC	7	6.28729346837745e-08	0.649337549368816	0.506	0.296	0.00113774862603758
PLIN3	7	6.73253956025045e-08	0.886061261322112	0.383	0.209	0.00121832035882292
WSB1	7	6.81727696013316e-08	0.532715118200663	0.7	0.488	0.0012336544387057
TPMT	7	6.88676655314551e-08	1.09614073232234	0.278	0.133	0.00124622927545721
EIF4E2	7	6.89293750452428e-08	0.920928429008801	0.333	0.172	0.00124734597081871
NT5C2	7	7.35365870953751e-08	1.15082007161501	0.25	0.114	0.00133071808007791
EIF3D	7	7.43022001566719e-08	0.816920898747604	0.478	0.294	0.00134457261403514
MAF1	7	7.81646179768187e-08	0.730706603694524	0.45	0.257	0.00141446692690851
FAM192A	7	8.25638352488252e-08	0.761721693251777	0.356	0.183	0.00149407516266274
ENY2	7	8.8280138784708e-08	0.655398449945893	0.622	0.436	0.00159751739144808
CORO1B	7	9.04837548454908e-08	0.546282032557097	0.539	0.317	0.001637394027684
SCAMP2	7	9.7495619622929e-08	0.692763309797848	0.461	0.263	0.00176428073269652
EHBP1L1	7	1.00887416802858e-07	1.03760946116702	0.361	0.2	0.00182565869446452
PLA2G15	7	1.04738098830446e-07	1.06295979371178	0.261	0.121	0.00189534063643574
LAMP1	7	1.05611754773488e-07	0.545918587526609	0.628	0.405	0.00191115031438105
APH1A	7	1.06786801848745e-07	0.815217039830575	0.4	0.225	0.0019324139662549
ELF1	7	1.11341641465179e-07	0.575660636002588	0.578	0.354	0.00201483834395387
DDX58	7	1.11794572243844e-07	0.876927344545568	0.35	0.185	0.0020230345793246
LBR	7	1.18322619722649e-07	0.880567333964442	0.317	0.16	0.00214116612650105
UBAC1	7	1.23924458878337e-07	1.07845711891882	0.306	0.156	0.00224253700786239
TMEM167A	7	1.2812325557467e-07	0.615683551412376	0.583	0.365	0.00231851843287922
NUCB1	7	1.31729326676447e-07	0.580079307269593	0.494	0.287	0.00238377389553699
SPG11	7	1.32689344717575e-07	1.01049237381764	0.261	0.122	0.00240114638200924
UBXN1	7	1.38644367938084e-07	0.59643687670844	0.622	0.417	0.00250890848220757
TMEM219	7	1.53657311953428e-07	0.629369250183087	0.65	0.445	0.00278058271710924
HIPK3	7	1.56423401566462e-07	1.00171954137268	0.317	0.164	0.0028306378747467
EIF2AK2	7	1.58571057574631e-07	0.489841338213012	0.644	0.419	0.00286950185787052
ARL6IP5	7	1.58755783020812e-07	0.575889260859416	0.561	0.35	0.00287284464954461
RELT	7	1.70217559954006e-07	1	0.256	0.119	0.00308025696492769
FAM111A	7	1.79949568440777e-07	0.842297317036724	0.317	0.159	0.0032563673905043
ARHGAP18	7	2.11890844198137e-07	0.705285747622063	0.378	0.204	0.00383437671660949
NECAP2	7	2.34820381274336e-07	1.05002073800428	0.311	0.162	0.00424930961954038
SNX13	7	2.37460214686184e-07	0.983525326217373	0.261	0.124	0.00429708004496118
ARL8B	7	2.48801617122882e-07	0.95345741406297	0.294	0.149	0.00450231406345567
RNF114	7	2.52988962911981e-07	0.929934594208729	0.356	0.197	0.0045780882728552
EIF3F	7	2.59991037631432e-07	0.54590252577051	0.633	0.426	0.0047047978169784
PRELID1	7	2.61704812102499e-07	0.529996948969607	0.806	0.635	0.00473581027980683
MAP3K11	7	2.63605831810096e-07	0.97849218245937	0.272	0.133	0.00477021113243549
ACAP2	7	2.76741609166503e-07	0.858872262865123	0.378	0.214	0.00500791615947705
DOCK2	7	2.82365562710239e-07	0.858872262865123	0.283	0.138	0.00510968722280449
XPO1	7	2.84230524435993e-07	0.834262795521121	0.311	0.158	0.00514343557019373
PLAU	7	2.86552979213087e-07	1.07487671888371	0.306	0.16	0.00518546271184002
SPNS1	7	3.32601306004874e-07	1.05032453789469	0.25	0.118	0.00601875323346419
PGK1	7	3.43533247320662e-07	0.546282032557096	0.667	0.448	0.00621657764351471
IFI35	7	3.56313296795079e-07	0.535021071432077	0.561	0.356	0.00644784541880375
MYO9B	7	3.61992049980184e-07	0.819813302885345	0.317	0.164	0.00655060813644141
CUL5	7	3.66697833315577e-07	0.837798814548365	0.289	0.143	0.00663576399167867
RTN3	7	3.76902601770172e-07	0.749257000066304	0.383	0.214	0.00682042948163303
SLC4A7	7	3.84091054291461e-07	0.820602245937405	0.306	0.154	0.00695051171845827
PAK2	7	3.85968297240678e-07	0.666059387410658	0.45	0.267	0.0069844823068673
CLNS1A	7	3.92365232782506e-07	0.752072486556415	0.428	0.249	0.00710024125243223
STAT1	7	4.01458323004869e-07	0.381830097866201	0.656	0.44	0.00726478981309612
IFIH1	7	4.32109195561335e-07	0.96949346328164	0.267	0.131	0.00781944800287791
FYTTD1	7	4.3648192278651e-07	0.828416537585433	0.311	0.161	0.00789857687474468
FLI1	7	4.48423539366305e-07	0.970031963172514	0.272	0.134	0.00811467236837266
LRPAP1	7	4.5046707827103e-07	0.644456833429918	0.6	0.396	0.00815165224839255
IRF7	7	4.66511186803571e-07	0.372506706668301	0.739	0.538	0.00844198643639742
EVI2B	7	5.25973747128559e-07	0.926300190385413	0.317	0.167	0.00951802092803839
TSPAN14	7	5.49699731865593e-07	0.894205335977403	0.306	0.16	0.00994736634783977
GNPTG	7	5.56705941298094e-07	0.869515143400372	0.361	0.204	0.0100741507137303
RHOA	7	5.57298264143628e-07	0.386562959341732	0.833	0.655	0.0100848693879431
POLD4	7	5.79049133804113e-07	0.540850703635357	0.656	0.463	0.0104784731253192
UQCRC1	7	6.12555083265231e-07	0.900046214566464	0.294	0.151	0.0110847967867676
DAPP1	7	6.76071990290596e-07	0.962667215297687	0.289	0.149	0.0122341987362986
C1GALT1	7	6.99475625027974e-07	0.777997232964608	0.328	0.173	0.0126577109105062
GDI2	7	8.15112572091811e-07	0.685180138378784	0.517	0.337	0.0147502771045734
POU2F2	7	8.24013555806943e-07	0.953295966542558	0.306	0.164	0.0149113493058824
NUDT16	7	8.26858053643299e-07	1.06999734445171	0.261	0.13	0.0149628233387291
PDCD6IP	7	8.71790898062591e-07	0.742202242532353	0.378	0.213	0.0157759280913407
DHRS4L2	7	8.90900380182488e-07	1.06225792308695	0.294	0.158	0.0161217332797823
GNA13	7	9.17519225374099e-07	0.94735192934482	0.283	0.146	0.0166034279023697
SSU72	7	9.45705000370828e-07	0.508088007340751	0.578	0.376	0.0171134776867105
RGS2	7	9.49066529913826e-07	0.699941979636625	0.472	0.288	0.0171743079253206
ABTB1	7	1.03103030627158e-06	0.820204754533627	0.283	0.143	0.0186575244222905
ADAM9	7	1.05149207979187e-06	0.904878837491855	0.306	0.162	0.0190278006759136
WASF2	7	1.07970947612387e-06	0.707273909229401	0.4	0.231	0.0195384226799375
IDH1	7	1.08676490670485e-06	0.668510291968112	0.294	0.15	0.019666097751731
RNASEK	7	1.10547205590525e-06	1.05686233695568	0.25	0.124	0.0200046223236613
PEPD	7	1.11750680548351e-06	0.846153206571262	0.322	0.175	0.0202224031520297
SH3KBP1	7	1.16621427582355e-06	0.687930043618316	0.383	0.217	0.021103813535303
ORAI1	7	1.22879319677271e-06	0.814387427938312	0.272	0.137	0.0222362416887989
GBP2	7	1.2453367201122e-06	1.05277047525517	0.267	0.138	0.0225356132871503
VPS29	7	1.27534679715135e-06	0.525491983155412	0.678	0.47	0.0230786756412509
ARF3	7	1.37165647167101e-06	0.875758581765625	0.333	0.186	0.0248214955113587
SLC39A1	7	1.4144357660555e-06	0.834262795521121	0.322	0.176	0.0255956296225403
TMUB2	7	1.51216547181051e-06	1.03170885972734	0.256	0.129	0.027364146377883
SDHD	7	1.61603769600333e-06	0.697148698183724	0.422	0.256	0.0292438181468763
GPR108	7	1.62104506480112e-06	0.883155128453597	0.311	0.169	0.0293344314926411
CLEC2B	7	1.62130878829329e-06	0.279821753386248	0.711	0.471	0.0293392038329553
PSMG2	7	1.74490076110013e-06	0.537648284223292	0.528	0.332	0.031575724172868
TOP1	7	1.75984403877724e-06	0.591796691809465	0.411	0.238	0.031846137725713
EIF3M	7	1.82519612744733e-06	0.750572647518233	0.394	0.233	0.0330287491222869
ATP6V0E1	7	1.8526191680864e-06	0.389893331728857	0.883	0.735	0.0335249964656914
SLC40A1	7	1.92433646514539e-06	0.960341234489923	0.278	0.145	0.034822792673271
MIS18BP1	7	1.93193019934789e-06	0.821273813523552	0.367	0.212	0.0349602088873994
VMA21	7	1.94624196295427e-06	0.772687516400168	0.367	0.212	0.0352191945616204
MCOLN1	7	2.00052998678653e-06	1.07730572616745	0.25	0.126	0.036201590640889
LPGAT1	7	2.02159495227876e-06	0.885488118876294	0.25	0.123	0.0365827822564364
IL10RB	7	2.12914966404719e-06	0.931935725054846	0.267	0.136	0.0385290923205979
FLOT1	7	2.14627706724568e-06	0.482423261263526	0.533	0.334	0.0388390298088777
ZNF106	7	2.15624955275411e-06	0.761721693251777	0.3	0.163	0.0390194919066384
TLN1	7	2.28061791801971e-06	0.693292642051407	0.383	0.222	0.0412700618444846
LINC00936	7	2.33275787686161e-06	0.924128972527523	0.256	0.128	0.0422135865396877
LRRFIP1	7	2.33325458149473e-06	0.57901323438997	0.461	0.285	0.0422225749067286
RAB31	7	2.4250400973796e-06	0.727451791167031	0.311	0.168	0.0438835256021812
SYF2	7	2.47013317940218e-06	0.618892600365173	0.5	0.329	0.0446995300144619
HMHA1	7	2.47151806807669e-06	0.726799098720955	0.356	0.201	0.0447245909599157
UBE2W	7	2.52241469897477e-06	0.982038716600754	0.272	0.143	0.0456456163926474
JARID2	7	2.67064206553252e-06	0.816970010934325	0.272	0.139	0.0483279388178766
LSM10	7	2.72459650041766e-06	0.635176829300568	0.428	0.263	0.049304298271558
ATP6V1C1	7	2.75995663308026e-06	0.855773024206236	0.278	0.145	0.0499441752322204
DCN	8	0	7.70062644542946	0.78	0.026	0
RARRES1	8	1.16231511998671e-299	8.12334546075328	0.667	0.016	2.10332544112796e-295
CDH11	8	1.17749323429671e-289	7.80992886572143	0.53	0.004	2.13079175678333e-285
CCDC80	8	9.45559907235058e-273	6.70959067937947	0.696	0.025	1.71108520813256e-268
LUM	8	5.83623319255933e-267	7.9019953079705	0.72	0.031	1.05612475852554e-262
PCOLCE	8	1.13519125535868e-262	6.21581646918727	0.679	0.025	2.05424209569707e-258
COL6A3	8	4.47780449779409e-259	6.99192669946432	0.601	0.016	8.10303501920818e-255
FAP	8	2.57336762886917e-254	6.53117622614071	0.631	0.021	4.65676606120166e-250
CTSK	8	1.23765264173325e-230	6.68317931958576	0.577	0.019	2.23965622048049e-226
COL3A1	8	1.92405794280624e-218	6.16882592479491	0.696	0.041	3.48177525330218e-214
MXRA5	8	2.08938290770528e-216	6.78135971352466	0.423	0.005	3.78094730978347e-212
GFPT2	8	1.72662190692203e-215	6.64265344269307	0.417	0.005	3.12449500276611e-211
LTBP2	8	2.73651116431281e-215	5.876516946565	0.565	0.021	4.95199060294046e-211
SFRP4	8	2.03926786697849e-208	9.0488955115934	0.429	0.007	3.69025913208427e-204
FHL2	8	1.7440677038926e-198	5.08392248354509	0.714	0.052	3.15606491696404e-194
COL1A1	8	2.05910996748915e-198	6.45532722030456	0.75	0.063	3.72616539716837e-194
HSPB6	8	1.03946410300628e-196	6.05410927419167	0.452	0.011	1.88101424080017e-192
PTGES	8	2.89655877638161e-190	7.05721815971604	0.375	0.005	5.24161276174017e-186
MFAP5	8	4.65243986184848e-183	8.98821128396533	0.339	0.003	8.41905517400101e-179
ITGBL1	8	8.88026457157378e-181	8.21431912080076	0.315	0.001	1.60697267687199e-176
FSTL1	8	1.47786406228714e-176	4.16940669892519	0.762	0.073	2.67434280711481e-172
IGFBP6	8	1.70436287099722e-176	5.57686591757945	0.875	0.125	3.08421505135657e-172
TPM2	8	1.41919135509125e-174	3.78314673536789	0.821	0.095	2.56816867617313e-170
C1S	8	3.06378056679246e-172	5.28766527037082	0.583	0.037	5.54421731366763e-168
POSTN	8	5.72671882251026e-172	6.0973056503969	0.661	0.053	1.03630703812146e-167
LTBP1	8	3.8430458795569e-171	5.02143297091514	0.488	0.021	6.95437582364617e-167
MMP2	8	8.36456150251486e-170	4.92953016232645	0.643	0.05	1.51365104949509e-165
PTGIS	8	2.13854450770915e-169	8.09750545581801	0.292	0.001	3.86991014115048e-165
BICC1	8	1.94245914171257e-167	6.62935662007961	0.333	0.004	3.51507406284306e-163
COL1A2	8	1.61761017787992e-163	5.30391817879041	0.833	0.117	2.92722737789149e-159
UCHL1	8	4.21350535405371e-163	5.79786234443659	0.53	0.031	7.6247592886956e-159
EFEMP2	8	5.22070576390779e-162	4.76199438865773	0.583	0.04	9.44738915036753e-158
RGS4	8	3.40901490898649e-160	6.74483383749955	0.357	0.008	6.16895337930195e-156
PAMR1	8	1.88514375742298e-159	6.47225565899488	0.345	0.006	3.41135614343262e-155
IGFBP2	8	3.76282371481921e-159	4.60923502415884	0.839	0.114	6.80920579433685e-155
TAGLN	8	3.69335051219074e-157	3.43838280697754	0.857	0.125	6.68348708686037e-153
FKBP10	8	2.54184132178439e-156	4.19223958732985	0.595	0.044	4.59971605590102e-152
GPC6	8	1.3853843160322e-155	6.01637974318886	0.357	0.008	2.50699145829186e-151
GPX8	8	2.91981785235278e-155	4.40803246613065	0.595	0.045	5.28370238561759e-151
RCN3	8	3.49164685268438e-154	4.4213270136118	0.673	0.065	6.31848414461766e-150
STEAP1	8	4.57677860338898e-154	6.8923910259134	0.298	0.003	8.28213856069271e-150
PLOD2	8	1.72771134340945e-153	5.34052621336848	0.476	0.024	3.12646644703373e-149
TFPI	8	5.49962122238019e-153	4.06092001644933	0.69	0.067	9.9521145640192e-149
LOX	8	3.3790579694755e-152	4.88089538707557	0.429	0.017	6.11474330156286e-148
LXN	8	6.69629322639474e-152	5.30112394833804	0.577	0.045	1.21176122224839e-147
COL6A1	8	6.93741993832734e-151	4.51751229271252	0.798	0.112	1.25539551203972e-146
DIO2	8	1.23595124536685e-149	7.59736650583517	0.327	0.006	2.23657737361585e-145
MEST	8	3.32365621110071e-149	5.87551720734901	0.405	0.015	6.01448827960784e-145
RARRES2	8	7.44968112301112e-149	6.32388694792542	0.429	0.019	1.34809429602009e-144
LAMA2	8	1.41440682706114e-145	6.16540952031982	0.321	0.006	2.55951059424985e-141
FBLN1	8	5.0074338421436e-145	5.96193195916648	0.429	0.019	9.06145228074306e-141
SERPINE1	8	1.80927247434515e-144	4.59693514238723	0.667	0.07	3.27405946957499e-140
COL5A1	8	3.33986447790972e-144	5.08662235474775	0.494	0.03	6.04381875922543e-140
FN1	8	6.74494691522864e-144	5.11374418554578	0.899	0.175	1.22056559377978e-139
PRRX2	8	6.39994221589218e-143	5.53743413063857	0.339	0.009	1.15813354338785e-138
CALD1	8	1.37401235423731e-142	3.04960375374587	0.851	0.131	2.48641275622784e-138
RP11-14N7.2	8	3.30023091467533e-142	4.2304061049684	0.643	0.064	5.97209786319648e-138
MGST1	8	1.40472057024581e-141	6.18574996860399	0.387	0.015	2.54198234391682e-137
NBL1	8	2.00906379567027e-140	4.57151254550732	0.637	0.066	3.63560184464492e-136
SPOCK1	8	2.86607927704714e-140	7.62935662007961	0.25	0.001	5.18645705974451e-136
FGF7	8	3.10565149187685e-140	8.04439411935845	0.292	0.005	5.61998693970035e-136
MOXD1	8	1.07343205795046e-139	4.95324623130026	0.381	0.014	1.94248265206714e-135
RP11-572C15.6	8	7.79204573846017e-139	7.00375213486111	0.268	0.003	1.41004859683175e-134
EDIL3	8	1.39038485917439e-138	4.18017089838892	0.482	0.029	2.51604044116197e-134
C1R	8	3.44034736277474e-137	5.00455385482666	0.607	0.06	6.22565258767718e-133
THBS2	8	5.74626438825629e-136	3.18071559057123	0.679	0.071	1.03984400369886e-131
LIF	8	7.86464676499592e-136	5.60448195144058	0.333	0.009	1.42318647859366e-131
NNMT	8	1.29837012850229e-135	3.60865762741177	0.815	0.126	2.34953058453775e-131
CTHRC1	8	5.06984763963328e-134	5.05990711872978	0.798	0.138	9.17439628868039e-130
LMO7	8	8.55691527656291e-134	5.38226375811484	0.357	0.013	1.54845938844682e-129
CERCAM	8	3.36570583010454e-133	4.30742852519225	0.542	0.044	6.09058127015718e-129
MXRA8	8	1.97154062789493e-131	3.89629548036932	0.589	0.055	3.56769992023867e-127
MYL9	8	3.60610900296634e-131	3.08286826717309	0.827	0.137	6.5256148517679e-127
SFRP2	8	3.24856784242003e-129	9.04889551159339	0.256	0.003	5.87860836764329e-125
EFEMP1	8	3.44181855273598e-129	2.57789045204565	0.554	0.044	6.22831485303104e-125
CACNA2D1	8	3.87994444302175e-129	5.91175635078034	0.345	0.012	7.02114746409216e-125
TPM1	8	8.32177427549044e-128	3.4323948621541	0.821	0.144	1.50590827289275e-123
PPIC	8	1.70954149433252e-127	3.71508649410549	0.631	0.068	3.09358628814413e-123
ISLR	8	6.3868198838203e-127	4.79562628259771	0.476	0.034	1.15575892617612e-122
COX7A1	8	8.92078357710338e-127	3.45482971667829	0.655	0.074	1.61430499611263e-122
VGLL3	8	1.85134455591468e-126	5.44294349584873	0.286	0.006	3.35019310838321e-122
COL6A2	8	9.97560271137272e-126	4.27647080450137	0.792	0.144	1.80518506665001e-121
TIMP3	8	1.394808397551e-125	3.92768239721357	0.78	0.118	2.5240452762083e-121
EMILIN1	8	8.2815023127734e-125	4.5566002776443	0.488	0.038	1.49862065851947e-120
CA12	8	1.64453620821597e-124	6.21431912080077	0.274	0.005	2.97595272238761e-120
COPZ2	8	1.87815216497964e-124	3.69473262893163	0.69	0.091	3.39870415774715e-120
CLDN11	8	5.69738058056441e-124	5.30535419695439	0.357	0.015	1.03099798985894e-119
TMEM158	8	5.77257703517905e-124	4.3510554575925	0.494	0.038	1.044605540286e-119
AEBP1	8	6.67891180443874e-124	4.01024589694661	0.589	0.06	1.20861588013123e-119
PRELP	8	2.93539771952818e-121	6.08307458752251	0.321	0.011	5.31189571325819e-117
ECM1	8	3.53776044448313e-121	4.08901711077908	0.56	0.055	6.40193130033668e-117
PFN2	8	7.59652927846883e-121	4.19481096191155	0.446	0.03	1.37466793823172e-116
FBN1	8	3.33910816014907e-119	4.25589822455217	0.53	0.049	6.04245012660575e-115
MXRA7	8	1.27272596497598e-118	3.86400130224008	0.768	0.133	2.30312490622053e-114
COL5A2	8	1.44835340307178e-118	3.91674629626249	0.548	0.053	2.62094031819868e-114
SCG5	8	1.89423829130117e-117	5.18641312423088	0.304	0.01	3.42781361193859e-113
LARP6	8	6.2176376923649e-117	4.62275388525536	0.405	0.025	1.12514371681035e-112
ANGPTL4	8	1.13292544853142e-116	5.15666035160937	0.482	0.04	2.05014189166246e-112
SNHG18	8	2.0192107266436e-116	4.42290574261218	0.351	0.016	3.65396373093426e-112
MGP	8	1.81436541277979e-115	5.03630344785341	0.833	0.182	3.28327565096631e-111
KRT19	8	4.84287477529792e-115	7.08621429505308	0.292	0.009	8.76366619337911e-111
TWIST1	8	1.41664395930153e-113	5.2667865406949	0.274	0.007	2.56355890875204e-109
MRC2	8	1.71184162732429e-113	4.40053792958373	0.387	0.022	3.09774860880604e-109
LOXL2	8	6.44527365238853e-113	5.00045077177086	0.417	0.028	1.16633672013623e-108
SRPX2	8	9.09012733386858e-113	4.65632366767988	0.357	0.018	1.64494944233686e-108
IGFBP7	8	9.46029499181291e-113	2.90641572360902	0.982	0.288	1.71193498171846e-108
KIAA1755	8	2.2474564878416e-111	5.49690632405596	0.31	0.012	4.06699726039816e-107
TPBG	8	1.77480573096961e-109	4.84584843997637	0.31	0.012	3.21168845076261e-105
TGM2	8	5.81039250813204e-109	4.50330311707321	0.542	0.06	1.05144862827157e-104
CD248	8	1.29775919293768e-107	3.83544722908696	0.357	0.019	2.34842503554002e-103
SULF1	8	2.16805644597438e-107	4.13736393736882	0.613	0.08	3.92331494463524e-103
IGFBP5	8	4.41495206105031e-105	3.20893662470807	0.548	0.061	7.98929724967663e-101
TMEM98	8	2.53636560125852e-104	3.82200169802201	0.417	0.031	4.58980719203741e-100
CDKN2A	8	5.4129219507311e-103	5.12329494710537	0.494	0.052	9.795223562043e-99
FBLN2	8	1.62461017764754e-101	4.3550364066993	0.417	0.033	2.93989457747099e-97
TUSC3	8	2.32682499123166e-101	3.67702305370992	0.446	0.039	4.21062250413282e-97
PTRF	8	6.89913324486725e-101	2.94370011973898	0.744	0.13	1.24846715199118e-96
CYGB	8	3.48399753122041e-100	4.05598209363367	0.369	0.024	6.30464193249645e-96
UACA	8	2.02283607265858e-99	3.54705307624104	0.607	0.084	3.66052415708296e-95
GGT5	8	5.02685207618778e-99	3.898543252895	0.446	0.04	9.09659151706941e-95
DCBLD2	8	6.22093004228837e-99	2.86905377443106	0.571	0.07	1.1257395004525e-94
KDELR3	8	3.60406335508567e-98	4.11785628129947	0.452	0.043	6.52191304736303e-94
CLEC11A	8	5.8002717176267e-96	3.41263740715836	0.577	0.081	1.04961717002173e-91
MFGE8	8	2.60934595439459e-95	2.88702926487796	0.655	0.1	4.72187243907245e-91
MEDAG	8	3.93498659710506e-95	4.57232567504323	0.274	0.011	7.12075174612132e-91
THY1	8	2.58859688779808e-94	2.59787838860644	0.411	0.034	4.68432492815941e-90
EVA1A	8	3.28071671795775e-94	3.97224433360262	0.369	0.027	5.93678497281634e-90
RND3	8	1.1423646601959e-93	2.79928162152192	0.583	0.078	2.06722308909051e-89
ANTXR1	8	9.09872887073724e-93	3.94485844580754	0.357	0.025	1.64650597644861e-88
PRRX1	8	2.22695452691807e-92	3.72477618515829	0.417	0.038	4.02989691191094e-88
HTRA1	8	3.5097863216555e-92	3.20516742243124	0.607	0.091	6.35130932766779e-88
COL8A1	8	1.71338861467247e-91	2.85909101675723	0.518	0.06	3.1005480371113e-87
C11orf96	8	9.92677570852444e-91	3.91155103185472	0.613	0.098	1.79634933221458e-86
NT5E	8	1.53583450797506e-90	3.93288580414146	0.399	0.035	2.77924612563166e-86
NUPR1	8	1.56071578668363e-90	2.74407248066047	0.667	0.113	2.8242712875827e-86
MICAL2	8	7.00417549768991e-90	4.04439411935845	0.381	0.031	1.26747559806197e-85
PDLIM3	8	4.62866139514682e-89	3.38142910663602	0.458	0.049	8.37602566065769e-85
DKK3	8	7.88891874613713e-88	2.79285535236249	0.524	0.065	1.42757873630097e-83
MMP14	8	9.40270051468538e-88	3.81945950345955	0.56	0.085	1.70151268513747e-83
LOXL1	8	1.39496800728039e-87	4.97039353791468	0.25	0.01	2.52433410597459e-83
MAP1B	8	2.94535624843382e-87	2.4496902241591	0.607	0.09	5.32991666716584e-83
VCAN	8	5.4839919746191e-87	3.13800717012995	0.643	0.111	9.92383187727072e-83
PARVA	8	7.51139192111504e-87	3.51278104323023	0.44	0.046	1.35926148204498e-82
LIMA1	8	3.03963451409152e-86	3.38031290151969	0.601	0.102	5.50052261670001e-82
S100A13	8	3.03945147046989e-85	3.05556342707657	0.714	0.155	5.50019138096231e-81
TIMP1	8	5.20005113054089e-85	4.01494702100789	1	0.887	9.41001252582679e-81
CFH	8	6.27261272568368e-85	3.58374701466668	0.643	0.119	1.13509199883972e-80
SPARC	8	6.53132408409579e-85	2.13700180402974	0.845	0.184	1.18190840625797e-80
TNFRSF12A	8	9.87184686701789e-85	2.73143448819298	0.637	0.111	1.78640940905556e-80
NFIX	8	2.04867743057251e-84	3.64846544302731	0.375	0.032	3.70728667836401e-80
GEM	8	1.24337590024525e-83	3.45609590607404	0.512	0.069	2.25001302908381e-79
SOD3	8	2.55000375826105e-83	1.88151698264539	0.518	0.065	4.6144868009492e-79
CNN3	8	2.83712659635953e-82	2.26464820634806	0.685	0.124	5.1340642887722e-78
SERPINF1	8	3.84745511267649e-82	4.55526332342479	0.482	0.066	6.96235477189938e-78
BGN	8	7.72751049956192e-82	2.63807383718072	0.542	0.076	1.39837030000072e-77
DDR2	8	6.54779907357565e-81	3.43627389765005	0.417	0.044	1.18488972035425e-76
CRISPLD2	8	1.71443238088361e-80	3.5444677224931	0.351	0.029	3.10243683644697e-76
CTGF	8	4.25816943128059e-80	2.5377650923158	0.679	0.134	7.70558340284536e-76
GDF15	8	1.90620869222973e-79	4.63395119415686	0.435	0.053	3.44947524945891e-75
IGFBP4	8	3.92038052760402e-79	3.44182221904392	0.756	0.206	7.09432060275223e-75
DPYSL3	8	4.35530655628203e-79	3.67624300771045	0.369	0.034	7.88136274424796e-75
ACTA2	8	5.3613231166453e-79	1.72496275720999	0.476	0.06	9.70185031188134e-75
UGDH	8	1.10090299332168e-78	4.15203484254642	0.411	0.046	1.99219405671491e-74
NGFRAP1	8	2.04185381953047e-78	2.12359595038684	0.75	0.167	3.69493867182233e-74
CKAP4	8	3.53317640487542e-78	3.56298781046389	0.482	0.066	6.39363602226256e-74
PDLIM7	8	9.72058577219155e-78	2.88882441089321	0.595	0.108	1.75903720133578e-73
LGALS1	8	1.88835445927561e-77	2.88808230935398	0.988	0.698	3.41716622950515e-73
FAT1	8	8.44096675262691e-77	3.46927940459364	0.375	0.036	1.52747734355537e-72
FAM229B	8	1.25413952718196e-76	3.29637333668325	0.393	0.041	2.26949088838848e-72
SRPX	8	2.27981452934953e-76	3.28737087285099	0.375	0.037	4.12555237231091e-72
CYR61	8	9.28243583314971e-76	2.85699415136151	0.571	0.096	1.67974958836677e-71
HILPDA	8	1.13239007232475e-75	4.93747891544194	0.345	0.032	2.04917307487887e-71
ACTN1	8	1.63066503706176e-75	2.66106547980695	0.601	0.108	2.95085145106695e-71
CCND1	8	5.97007311886777e-75	2.77457934998914	0.708	0.161	1.08034443159031e-70
KRT18	8	6.11719109518557e-75	3.56082763421374	0.548	0.093	1.10696690058478e-70
PLAC9	8	1.08046759782636e-74	2.52055340858298	0.53	0.079	1.95521416502659e-70
RBP1	8	1.21603889391087e-74	3.83435890454199	0.357	0.035	2.20054398242111e-70
CXCL12	8	2.9624182492792e-74	3.41553518872449	0.405	0.046	5.36079206389564e-70
LAMC1	8	3.51864852334545e-74	2.80211827369146	0.548	0.09	6.36734636784592e-70
ETV1	8	8.09751947925168e-73	3.70669870861277	0.345	0.033	1.46532712496538e-68
CTTN	8	5.08812731165499e-71	2.76199438865773	0.571	0.105	9.20747518317086e-67
RRAS	8	5.99907830504206e-71	2.56149058979847	0.72	0.18	1.08559321008041e-66
PKM	8	1.50282300593372e-69	2.59028938077013	0.94	0.455	2.71950851153765e-65
MAP1A	8	2.41663848495039e-69	4.04439411935845	0.256	0.017	4.37314900236622e-65
TUBB6	8	3.57989655919151e-69	2.82053031080534	0.524	0.088	6.47818081351296e-65
P4HA2	8	9.17403883613492e-69	3.41434372910876	0.357	0.038	1.66013406778697e-64
PERP	8	3.77715095640824e-67	2.79162804897849	0.488	0.076	6.83513237071635e-63
FKBP7	8	4.11062391845408e-67	3.27135927048472	0.375	0.044	7.43858504283451e-63
PHLDA3	8	1.91309262887877e-66	2.18210614011589	0.542	0.093	3.46193242121903e-62
CYBRD1	8	1.13776798098471e-65	3.10830588317865	0.512	0.092	2.05890493838993e-61
OSMR	8	1.93595622021928e-65	3.23026066466979	0.387	0.048	3.50330637610881e-61
ADIRF	8	9.2776991937913e-65	2.7658024326131	0.506	0.087	1.67889244610847e-60
TPM4	8	2.98240067814189e-64	2.12254866843829	0.923	0.429	5.39695226716556e-60
F2R	8	7.81216311785451e-64	3.26359261634217	0.482	0.083	1.41368903780695e-59
S100A6	8	1.61289024800031e-63	2.10630380059755	1	0.728	2.91868619278136e-59
RCN1	8	4.11070559432524e-63	2.59836224139235	0.661	0.171	7.43873284349096e-59
SMARCA1	8	8.52271091117473e-63	3.35989594508638	0.31	0.03	1.54226976648618e-58
BAG2	8	1.30534633287835e-62	3.42176120067124	0.31	0.031	2.36215472397666e-58
GOLM1	8	1.90136775725037e-62	3.4374053123073	0.315	0.032	3.44071509352026e-58
DST	8	2.30518327782321e-62	2.46285844932424	0.667	0.164	4.17145965954888e-58
VIM	8	7.54192332131647e-62	1.90663468867113	0.994	0.756	1.36478644422543e-57
NR2F2	8	2.93653594310914e-61	2.17130623184067	0.512	0.091	5.3139554426503e-57
SERPINH1	8	6.24676115961634e-61	3.04827755384568	0.494	0.091	1.13041389944417e-56
MT2A	8	9.56089815198794e-61	2.93214871667343	0.946	0.6	1.73014012958374e-56
DSTN	8	1.80393952548547e-60	1.75931586138969	0.905	0.384	3.2644089653185e-56
NTM	8	2.33575714462042e-60	2.30591069754999	0.357	0.042	4.22678612890511e-56
ENAH	8	1.68322656624442e-59	3.54189377882927	0.333	0.039	3.0459667942759e-55
MSRB3	8	3.42725210096024e-59	2.96245250582228	0.351	0.043	6.20195540189764e-55
CYB5R3	8	4.93121143116656e-59	2.18451559003534	0.75	0.224	8.92352020583901e-55
ANXA2	8	5.80324796365311e-59	2.53106949272595	0.917	0.442	1.05015575150267e-54
CAPN2	8	4.26801591274303e-58	2.4290978853474	0.69	0.206	7.72340159569979e-54
MCFD2	8	6.39077606583219e-58	2.59840803178611	0.607	0.154	1.15647483687299e-53
ITGB1	8	9.55473973186299e-58	2.09576251044886	0.881	0.363	1.72902570187793e-53
PDLIM2	8	1.05176628009924e-57	2.69992345582	0.631	0.166	1.90327626046758e-53
PRKCDBP	8	1.29951335651676e-57	1.48155002462202	0.637	0.138	2.35159936995274e-53
ESM1	8	1.41115302201104e-57	2.53132453711908	0.268	0.024	2.55362250863118e-53
FAM114A1	8	1.57408095859664e-57	2.71658945813442	0.458	0.08	2.84845690267648e-53
CD151	8	2.29623646623165e-57	2.3334789575588	0.762	0.267	4.1552695092928e-53
APOD	8	3.65081140023382e-57	8.02403855069758	0.464	0.092	6.60650830986312e-53
LHFP	8	8.31623182295281e-57	2.73829099163277	0.417	0.066	1.50490531068154e-52
TM4SF1	8	1.8889667676993e-56	1.16719520868674	0.512	0.092	3.41827426282865e-52
BCYRN1	8	9.14862508906573e-56	3.83026931400561	0.256	0.023	1.65553519611733e-51
LAMB1	8	1.07212582498368e-55	2.75371695845553	0.429	0.071	1.94011889289046e-51
VKORC1	8	1.10218944503294e-55	2.26285351497519	0.762	0.268	1.99452201973161e-51
PHLDA1	8	2.16643288196158e-54	2.52262544512449	0.637	0.172	3.92037694319768e-50
FZD1	8	2.47073983816248e-54	3.41503749927884	0.298	0.034	4.47105081113883e-50
AKAP12	8	4.79359378120896e-54	2.88992277032265	0.423	0.071	8.67448730647573e-50
KCNE4	8	1.16057945178028e-53	3.09264928796568	0.286	0.031	2.1001845759416e-49
CYP1B1	8	2.45626153294605e-53	4.33913738491959	0.304	0.037	4.44485087001918e-49
TEAD1	8	3.56902477380975e-53	2.85820406355336	0.387	0.06	6.45850723068613e-49
FRMD6	8	3.68926494800581e-53	3.19856504948621	0.304	0.036	6.67609384991131e-49
CALU	8	2.60451495267765e-52	2.46860326453555	0.655	0.201	4.71313025836548e-48
WWTR1	8	3.5324770542763e-52	1.990286714019	0.506	0.099	6.3923704774184e-48
PLAT	8	3.63924518657394e-52	3.0056480368662	0.476	0.094	6.5855780896242e-48
HGF	8	5.97324230721664e-52	3.48849408423976	0.345	0.051	1.08091792791392e-47
PDLIM4	8	1.56730491834613e-51	1.57242045512676	0.512	0.104	2.83619498023915e-47
WBP5	8	7.93723048539011e-51	1.76300094837391	0.643	0.174	1.43632122863619e-46
SPHK1	8	1.23806183501397e-50	3.05115148553376	0.387	0.065	2.24039669664128e-46
CD276	8	1.27632043129254e-50	2.83079864625916	0.405	0.071	2.30962945246698e-46
LRRC32	8	2.59981344595247e-50	2.71703213842046	0.369	0.057	4.70462241179559e-46
TGFBI	8	3.97831487307776e-50	2.73419898593711	0.613	0.186	7.19915859432152e-46
TNFAIP6	8	4.02386031758634e-50	3.00067274192914	0.274	0.03	7.28157763070424e-46
PPFIBP1	8	4.74676860715525e-50	1.96347412397489	0.446	0.08	8.58975247150814e-46
ABCA8	8	5.90642935923481e-50	3.02569802564855	0.315	0.041	1.06882745684713e-45
CAV2	8	9.01532415153284e-50	2.18697220001423	0.53	0.117	1.63141305846138e-45
GPC1	8	4.76047975015081e-49	2.89315053898222	0.321	0.044	8.61456415587291e-45
SDC2	8	1.57300752214212e-48	2.5193030746147	0.345	0.051	2.84651441206837e-44
MEG3	8	4.13472406229044e-48	3.5625946876927	0.429	0.084	7.48219666312079e-44
GNG12	8	7.68003370244199e-48	2.13925330569989	0.47	0.095	1.3897788987939e-43
IFI27	8	9.2928374654123e-48	1.15903668529958	0.97	0.414	1.68163186774101e-43
SGCB	8	1.10871133712525e-47	2.21883460192326	0.423	0.076	2.00632403566185e-43
FLNA	8	1.91187348676985e-47	2.0537928173607	0.708	0.24	3.45972626165873e-43
NDN	8	2.24235582991902e-47	2.92364195989784	0.31	0.042	4.05776710982146e-43
FERMT2	8	1.17341801793586e-46	2.92599941855622	0.327	0.049	2.12341724525673e-42
SEPT11	8	2.91961694267092e-46	2.42941904957086	0.458	0.096	5.28333881945729e-42
MYOF	8	3.4124309187195e-46	2.46434710905141	0.435	0.088	6.1751349905148e-42
ERRFI1	8	8.84482359055115e-46	3.36632221424582	0.292	0.04	1.60055927694614e-41
EHD2	8	8.90665062295272e-46	2.62468013287014	0.339	0.052	1.61174749672952e-41
TXN	8	1.0127280900673e-45	1.9514665176313	0.905	0.556	1.83263275178579e-41
SPON2	8	1.17799465198757e-45	2.71412672355836	0.393	0.074	2.13169912223671e-41
RHOBTB3	8	1.18985424630517e-45	2.6801197337615	0.399	0.075	2.15316024411384e-41
SPTBN1	8	1.7782386094787e-45	1.639099894243	0.619	0.165	3.21790058771266e-41
NR2F1	8	8.67350514673333e-45	2.95809427296423	0.286	0.038	1.56955749135286e-40
RBPMS	8	1.19182176156275e-44	2.65031623871526	0.339	0.054	2.15672065972395e-40
CFI	8	1.92773295944768e-44	2.64093613897449	0.464	0.107	3.48842556341652e-40
SYNPO2	8	1.96270761996644e-44	2.03946182381622	0.274	0.034	3.55171570909127e-40
TSPAN6	8	2.91803177350806e-44	3.13955135239879	0.25	0.029	5.28047029734018e-40
COL4A1	8	4.43765129211969e-44	1.69852032884606	0.482	0.106	8.03037377821979e-40
FHL1	8	7.61798942685078e-44	2.99907012884896	0.298	0.043	1.37855136668292e-39
ITGB5	8	1.39723952197935e-43	2.56522628265989	0.464	0.107	2.52844463897382e-39
PHLDA2	8	1.71283096887765e-43	2.38790586292748	0.512	0.133	3.099538921281e-39
SEMA3C	8	2.74879048859833e-43	2.16623524229325	0.298	0.041	4.97421126816754e-39
CD63	8	3.75563376553731e-43	1.23370497683833	1	0.94	6.79619486211632e-39
KRT8	8	4.06442657440978e-41	4.72665382143452	0.274	0.039	7.35498632905194e-37
PLSCR4	8	4.69442847296773e-41	3.2129937233342	0.268	0.037	8.4950377646824e-37
RPS27L	8	9.48106920713205e-41	1.33359426920425	0.982	0.724	1.71569428372262e-36
EPS8	8	1.29366440602558e-40	2.00450139223494	0.44	0.098	2.34101510914389e-36
YAP1	8	2.62830824650428e-40	2.72246602447109	0.262	0.035	4.75618660287415e-36
FAM127A	8	2.14095223273809e-39	2.37637587890974	0.405	0.088	3.87426716036284e-35
SLC20A1	8	2.21649218705296e-39	1.88724772263744	0.637	0.227	4.01096426169103e-35
CD59	8	4.17902116992331e-39	1.59917635994086	0.952	0.562	7.56235670909323e-35
TIMP2	8	4.61303729117318e-39	1.75347031635119	0.863	0.428	8.34775228210699e-35
ADD3	8	4.69442692614626e-39	2.20309186537751	0.476	0.122	8.49503496555427e-35
TCTN1	8	5.08084320046652e-39	2.68620248048432	0.298	0.048	9.19429385556422e-35
BSG	8	5.36255146553316e-39	1.69147421000746	0.905	0.54	9.70407313202881e-35
S100A11	8	5.49496970828501e-39	1.54861096045252	0.988	0.887	9.94369718411256e-35
RHOC	8	7.49692917791361e-39	1.50659672671598	0.762	0.29	1.35664430403525e-34
NPDC1	8	7.60167791884735e-39	1.12406738434424	0.458	0.101	1.37559963619462e-34
RAI14	8	9.49080970720045e-39	2.34395440121736	0.345	0.064	1.71745692461499e-34
ANXA5	8	2.13098336809173e-38	1.41393276341993	0.935	0.585	3.8562275028988e-34
PRSS23	8	2.34211781102815e-38	1.95247162991741	0.488	0.122	4.23829639083654e-34
ACTG1	8	2.44231706334265e-38	1.11458617523993	1	0.951	4.41961695782485e-34
GAPDH	8	3.56456475727105e-38	1.46401958280657	1	0.991	6.45043638475769e-34
EVA1B	8	3.77589764255953e-38	2.06254146606871	0.583	0.195	6.83286437397573e-34
PPDPF	8	8.30190441011942e-38	1.34395440121736	0.952	0.757	1.50231262205521e-33
FKBP9	8	1.20399823974873e-37	2.58939021276196	0.357	0.072	2.17875521464929e-33
TGFB1I1	8	1.77959512526972e-37	2.24329818777253	0.375	0.077	3.22035533868808e-33
DBN1	8	2.65601147885926e-37	2.79891808490896	0.286	0.046	4.80631837214372e-33
PSD3	8	6.42682610285556e-37	3.07610297908579	0.28	0.045	1.16299845157274e-32
ALDOA	8	9.85020926332011e-37	1.43622788695119	0.935	0.715	1.78249386829041e-32
ANKH	8	1.06321879293677e-36	2.699971386684	0.512	0.164	1.92400072769838e-32
LMNA	8	1.45744203973186e-36	1.39463128861701	0.798	0.347	2.63738711509878e-32
FAM129B	8	2.41774487906443e-36	2.09064971031933	0.429	0.103	4.37515113315499e-32
IFITM3	8	3.05674268736323e-36	1.26151435248027	0.976	0.677	5.5314815670525e-32
RAB34	8	3.62518190959102e-36	1.89162383895521	0.548	0.169	6.5601291835959e-32
ABCA6	8	3.67507074721709e-36	3.22623244234427	0.262	0.04	6.65040802416405e-32
NID1	8	9.0961277002366e-36	2.49958874510928	0.339	0.067	1.64603526863482e-31
PLS3	8	9.5149825672759e-36	1.76011331138896	0.446	0.108	1.72183124537425e-31
REXO2	8	1.15349223081921e-35	1.63367548177544	0.708	0.279	2.08735954089045e-31
CAV1	8	1.27434431091251e-35	1.61071282313014	0.613	0.204	2.30605346502727e-31
HSPB1	8	2.04768800144696e-35	1.12875326165092	0.893	0.456	3.70549620741841e-31
VCL	8	2.11440171169798e-35	2.21380689106313	0.369	0.08	3.82622133748867e-31
H2AFJ	8	2.86861606593493e-35	1.77724024701526	0.75	0.343	5.19104763291585e-31
CCL2	8	3.65427373946985e-35	2.83507567961605	0.589	0.229	6.61277375894463e-31
CD99	8	4.02970292976192e-35	1.46982539450649	0.887	0.56	7.29215042169717e-31
ITGA2	8	5.35799898177312e-35	2.80182381608437	0.262	0.041	9.69583495741663e-31
NCKAP1	8	6.32129797308628e-35	2.30331241672002	0.333	0.066	1.14390208120969e-30
SMAD3	8	6.9391895424063e-35	2.77047139738192	0.274	0.045	1.25571573959384e-30
MYL12B	8	3.58820353552828e-34	1.1234562129328	0.97	0.747	6.49321311789198e-30
LGALS3BP	8	4.42491654685312e-34	1.77137562495204	0.661	0.251	8.00732898318541e-30
EMP1	8	5.05769764767797e-34	1.58044701959866	0.452	0.112	9.15240966323805e-30
C12orf75	8	1.0422401342122e-33	2.57013508304352	0.393	0.097	1.8860377468704e-29
SERF2	8	2.06040228426185e-33	0.871213924335751	0.994	0.999	3.72850397360025e-29
PTMS	8	2.37974121925994e-33	1.40862027588159	0.792	0.358	4.30637971037278e-29
LGALS3	8	2.45535547669926e-33	1.21873628886036	0.815	0.38	4.44321127063498e-29
TUBB	8	7.19527948091779e-33	1.88778177266081	0.69	0.315	1.30205777486688e-28
SERPINE2	8	8.7701867599156e-33	0.753100144874079	0.452	0.12	1.58705299607433e-28
MGST3	8	8.85447801843528e-33	1.43253639157424	0.851	0.56	1.60230634221605e-28
PHLDB1	8	1.79139308254317e-32	2.56585367777345	0.304	0.059	3.24170492217012e-28
SOCS5	8	2.18302661044709e-32	2.79141337818858	0.262	0.045	3.95040495426506e-28
SPSB1	8	3.80484705384184e-32	2.66357233541752	0.25	0.041	6.88525122863219e-28
P4HB	8	9.64012689966011e-32	1.3899066976267	0.911	0.603	1.74447736376249e-27
LDHA	8	1.02527028189201e-31	1.5033192626383	0.923	0.73	1.85532910211179e-27
COL14A1	8	1.51597693841864e-31	1.96047163581336	0.28	0.05	2.74331186776237e-27
THBS1	8	2.10652516866211e-31	1.78177722041251	0.571	0.197	3.81196794521095e-27
PDLIM5	8	2.76690025934045e-31	1.84838846444605	0.464	0.134	5.00698270930248e-27
ZMAT3	8	2.91231917450967e-31	1.97513145692134	0.452	0.129	5.2701327781927e-27
CCND2	8	5.30357369572066e-31	1.8841749356728	0.589	0.215	9.59734695977611e-27
COL4A2	8	6.01187091953959e-31	1.43000089875837	0.44	0.115	1.08790816159988e-26
SGCE	8	6.16012777829534e-31	1.97910265910673	0.28	0.051	1.11473672276032e-26
SELM	8	7.40802124829976e-31	1.12819721107474	0.905	0.478	1.34055552509232e-26
PRAF2	8	7.45363280537311e-31	2.64584474286818	0.262	0.047	1.34880939246032e-26
ENO1	8	7.47563647493874e-31	1.65966129180768	0.839	0.472	1.35279117650491e-26
CLU	8	1.10928187030171e-30	2.4925984825725	0.298	0.06	2.00735647249798e-26
MAGED1	8	1.23891072276623e-30	2.16199808567068	0.399	0.106	2.24193284391776e-26
RABL5	8	1.5186449732612e-30	2.51387940265967	0.25	0.043	2.74813994361346e-26
FAM20C	8	1.92592642364104e-30	1.85491632049474	0.429	0.117	3.48515645622083e-26
SMIM14	8	2.10991224792356e-30	1.87838416791952	0.506	0.165	3.81809720384247e-26
IGFBP3	8	2.30883799658409e-30	0.920089452161165	0.31	0.064	4.17807323861856e-26
CSRP1	8	3.08427612733565e-30	1.23989460652766	0.685	0.28	5.58130608002659e-26
CYB5A	8	3.83363757481246e-30	1.9339701296648	0.411	0.11	6.93735055538062e-26
GSN	8	4.33548343669297e-30	1.32192809488736	0.696	0.303	7.84549082703959e-26
LTBP3	8	5.4340326538989e-30	2.0933037198394	0.5	0.168	9.83342549049545e-26
RGS3	8	6.23591785220673e-30	1.97459715240368	0.304	0.063	1.12845169453533e-25
PSMB5	8	9.08214666907629e-30	1.60092260862959	0.607	0.232	1.64350526123604e-25
POLR2L	8	1.71870832420251e-29	1.32469120228425	0.94	0.722	3.11017458347686e-25
PPP1R14B	8	1.7437746569846e-29	1.82083115431407	0.631	0.281	3.15553461927933e-25
FSTL3	8	2.59963065671698e-29	1.81392757598109	0.357	0.086	4.70429163639505e-25
ILK	8	5.37526411279421e-29	1.71837906694785	0.542	0.192	9.72707793851241e-25
LAPTM4B	8	5.64497645120439e-29	2.04439411935845	0.327	0.073	1.02151493860995e-24
BMP1	8	5.67282579216019e-29	2.49633120144883	0.28	0.056	1.02655455534931e-24
LAMA4	8	1.14936570115751e-28	1.44349007476828	0.417	0.109	2.07989217281464e-24
ARL2	8	1.69490766865881e-28	1.45216361817326	0.631	0.241	3.06710491720498e-24
CPED1	8	4.26770390983663e-28	2.68684211474037	0.268	0.054	7.72283699524036e-24
CISD1	8	5.22049710957866e-28	1.91638650698238	0.429	0.126	9.44701156949355e-24
CHPF	8	5.95116820061349e-28	1.85051438576442	0.482	0.158	1.07692339758302e-23
C17orf89	8	6.0936021739924e-28	1.61492369816223	0.643	0.293	1.10269824940566e-23
SEPW1	8	6.35067242918114e-28	0.936247904320544	0.851	0.444	1.14921768278462e-23
EID1	8	8.1041202817536e-28	1.35049724708413	0.726	0.341	1.46652160618613e-23
GNG11	8	9.10335158279613e-28	0.417772467000083	0.47	0.131	1.64734250242279e-23
NT5DC2	8	1.26179356181372e-27	2.58073791485943	0.262	0.052	2.28334162945811e-23
MT1E	8	2.07376049184294e-27	2.06113738319303	0.369	0.097	3.75267698603899e-23
ITGA1	8	2.13947910783135e-27	1.79416748982528	0.381	0.103	3.87160139353161e-23
PGAM1	8	3.96609113912559e-27	1.74921087970362	0.607	0.269	7.17703852536166e-23
RTN4	8	3.98291057249474e-27	1.572212712976	0.708	0.375	7.20747497198649e-23
HCFC1R1	8	4.06957321154725e-27	1.93176526424755	0.44	0.139	7.36429968361591e-23
TCEAL4	8	4.66677356026016e-27	1.56161201344378	0.548	0.202	8.44499343464679e-23
HIC1	8	6.7504207243342e-27	2.26777232484046	0.274	0.057	1.22155613427552e-22
NME1	8	1.53380621611548e-26	1.55603994243669	0.637	0.279	2.77557572868257e-22
LAPTM4A	8	1.76043569186141e-26	1.24633195111059	0.827	0.505	3.1856844279924e-22
CAMK2N1	8	1.89976956135853e-26	2.27066997518213	0.25	0.048	3.43782299823439e-22
S100A16	8	3.18583699778749e-26	1.68949689382641	0.405	0.115	5.76509063119624e-22
AK1	8	6.64035773613406e-26	2.40652008759885	0.363	0.1	1.20163913593082e-21
CLIC4	8	1.79320881485754e-25	1.53393348397802	0.595	0.25	3.2449906713662e-21
DYNC2LI1	8	2.12774980727554e-25	2.27705487614873	0.256	0.053	3.85037605124582e-21
DHRS3	8	2.17553732058492e-25	1.81105139846146	0.565	0.25	3.93685233533047e-21
TCEB2	8	3.57562467871763e-25	0.820218391193101	0.988	0.887	6.47045041860742e-21
TMED3	8	4.65542734299165e-25	1.920405402083	0.458	0.161	8.4244613198777e-21
MAP4	8	8.67334291893088e-25	1.6473465446673	0.458	0.154	1.56952813460973e-20
PDLIM1	8	1.22468642832249e-24	1.00455385482666	0.446	0.137	2.21619256069238e-20
VEGFA	8	1.40205459868482e-24	1.99914303826355	0.47	0.172	2.53715800178005e-20
BZW1	8	1.87633145389758e-24	1.58126233187856	0.601	0.274	3.39540939897307e-20
MIR4435-1HG	8	1.97579308098556e-24	1.34099016133976	0.554	0.208	3.57539515935147e-20
SNCG	8	2.25106816138521e-24	2.04439411935845	0.274	0.061	4.07353294484267e-20
DYNLL1	8	3.3274791999202e-24	0.968529189120803	0.935	0.712	6.0214063601756e-20
ID3	8	5.34333229336642e-24	1.88753794269044	0.607	0.297	9.66929411807587e-20
MDK	8	7.4971500703044e-24	2.09315994635372	0.411	0.137	1.35668427672228e-19
LRP1	8	9.73482551696356e-24	1.69075716474375	0.571	0.244	1.76161402554973e-19
CDC42BPA	8	9.84064425866114e-24	2.03808034542625	0.28	0.065	1.78076298504732e-19
NFIA	8	9.93983723496053e-24	2.10893437155316	0.333	0.092	1.79871294603846e-19
SYTL2	8	1.39865557194284e-23	1.93621246762904	0.28	0.065	2.53100712298776e-19
PPIB	8	1.44544684136776e-23	0.982855709049321	0.982	0.881	2.6156806041391e-19
MIF	8	1.65650547890566e-23	0.988206700006853	0.964	0.788	2.99761231462768e-19
S100A10	8	1.68466826856252e-23	1.51166960685761	0.851	0.586	3.04857569879073e-19
KDELR2	8	1.839535043955e-23	1.00415048741255	0.827	0.466	3.32882261554096e-19
MRPL17	8	2.08832679497838e-23	1.71662908444881	0.524	0.207	3.77903616819288e-19
CDC42EP5	8	2.08909953536753e-23	1.84523840659239	0.304	0.075	3.78043451920108e-19
GSTO1	8	2.67543870549873e-23	1.39985109546417	0.768	0.445	4.8414738814705e-19
OSTC	8	2.95725350775725e-23	1.1195017477846	0.875	0.61	5.35144594763753e-19
BDH2	8	3.78218554046084e-23	2.2048587915517	0.321	0.089	6.84424295401793e-19
GPNMB	8	3.82585204095762e-23	1.47214267038685	0.345	0.098	6.92326185331691e-19
CTSB	8	5.20247288425873e-23	0.912487293843009	0.905	0.531	9.41439493135459e-19
TUBA1C	8	6.48017047089546e-23	1.89317531244584	0.446	0.161	1.17265164841324e-18
ARHGAP29	8	6.94087720403057e-23	0.742050420789493	0.333	0.083	1.25602113884137e-18
PHPT1	8	8.33071714707666e-23	0.972303773482357	0.905	0.598	1.50752657493499e-18
SERPING1	8	9.43077724270724e-23	1.39919651150393	0.542	0.215	1.7065934498403e-18
RDH10	8	1.49833994307633e-22	2.6020360140801	0.25	0.057	2.71139596099092e-18
PAM	8	1.74768629352905e-22	1.94412999588502	0.315	0.085	3.16261311677017e-18
YIF1A	8	1.7819693076463e-22	1.47681369686553	0.589	0.267	3.22465165911674e-18
NDUFS5	8	2.06504248659455e-22	1.02287370432258	0.929	0.71	3.73690088374149e-18
TXNDC17	8	2.17174365515936e-22	1.75977918293915	0.619	0.305	3.92998731837638e-18
COPS8	8	2.49439482353378e-22	1.59206938721542	0.393	0.123	4.51385687266673e-18
TAX1BP3	8	2.8057920814968e-22	2.11504867292224	0.31	0.084	5.07736135067662e-18
GTF2H5	8	2.80740770857383e-22	1.29452469196161	0.56	0.224	5.08028498943519e-18
MAP1LC3A	8	3.83052212903248e-22	1.69176922724817	0.393	0.127	6.93171284469718e-18
ANXA4	8	4.52996383255733e-22	1.7870960830738	0.435	0.154	8.19742255139575e-18
BACE2	8	4.78784994860282e-22	1.83247502925151	0.315	0.085	8.66409326699166e-18
CSTB	8	7.88386089758887e-22	1.37196877738696	0.81	0.554	1.42666346802768e-17
HDLBP	8	8.47941349341879e-22	1.291953344683	0.607	0.262	1.53443466576906e-17
MYL6B	8	1.79713902762614e-21	1.68906286620388	0.458	0.171	3.25210278439225e-17
MYL6	8	1.89288536827239e-21	0.936831000292693	0.988	0.98	3.42536536242572e-17
PGRMC1	8	2.02705242121161e-21	1.42914905170125	0.482	0.182	3.66815406142453e-17
MYLK	8	2.5009854374823e-21	1.26303440583379	0.286	0.072	4.52578324766798e-17
ARF4	8	3.09452718748173e-21	1.02859896025349	0.839	0.536	5.59985639846694e-17
P4HA1	8	4.14195080917059e-21	1.86353127143125	0.345	0.106	7.4952741842751e-17
NRP2	8	5.13342292570314e-21	2.09502019242842	0.321	0.095	9.28944212635241e-17
AP1S1	8	6.42796855008682e-21	1.65886586224233	0.369	0.117	1.16320518882371e-16
SEC61G	8	7.37528346583809e-21	0.809904980239673	0.964	0.826	1.33463129597806e-16
APP	8	8.23280481614446e-21	0.979572118302211	0.512	0.193	1.4898083595295e-16
CALM2	8	9.72617338128992e-21	0.973177320815814	0.935	0.823	1.76004833507822e-16
HOXB2	8	1.84345108961004e-20	1.76060115335786	0.327	0.097	3.33590909175832e-16
PRDX6	8	2.64153981119009e-20	1.21490474899671	0.69	0.402	4.78013044232959e-16
PEBP1	8	3.08025527168419e-20	0.937435102482317	0.804	0.466	5.57402993963971e-16
RPL37A	8	5.73805185050429e-20	0.74031953044576	1	0.944	1.03835786286726e-15
ZNHIT1	8	6.52623202994312e-20	1.02386978194416	0.81	0.462	1.18098694813851e-15
QSOX1	8	7.73031444849366e-20	2.13750352374993	0.351	0.117	1.39887770259941e-15
CETN2	8	8.36768321888804e-20	2.27469173878025	0.262	0.069	1.51421595528998e-15
CRTAP	8	8.42624636505147e-20	1.55896729218821	0.488	0.207	1.52481354221971e-15
AP2M1	8	9.18244290370025e-20	1.18277760351438	0.69	0.366	1.6616548678536e-15
PRR24	8	1.94207367848739e-19	1.77942190928317	0.304	0.088	3.51437652859078e-15
MINOS1	8	1.97098827108542e-19	1.07412841760893	0.804	0.495	3.56670037535617e-15
YWHAQ	8	2.30694254975548e-19	1.23308118373217	0.661	0.348	4.17464323803751e-15
RAB13	8	4.41599900973294e-19	1.9535940223038	0.518	0.241	7.99119180801272e-15
ARPC1A	8	4.48299996413454e-19	1.65930102334761	0.482	0.21	8.11243673509786e-15
SOX4	8	4.69710335349123e-19	1.70891949263314	0.339	0.109	8.49987822847772e-15
SLC39A13	8	4.77610371450577e-19	2.03796785019902	0.268	0.073	8.64283728176965e-15
ASPH	8	8.42604528380038e-19	1.57895876737568	0.44	0.171	1.52477715455652e-14
PPP1R14A	8	1.48598285875509e-18	1.03296353858205	0.25	0.064	2.68903458120321e-14
SRM	8	1.61701100860343e-18	1.33264894034398	0.571	0.284	2.92614312116876e-14
MRPL36	8	2.37588737149294e-18	1.48229572698903	0.452	0.183	4.29940578745363e-14
C5orf15	8	2.46665152877605e-18	1.87014319251335	0.327	0.107	4.46365260647314e-14
LINC00116	8	3.85767731557167e-18	1.27957874226537	0.518	0.225	6.98085287025849e-14
ANXA1	8	4.70745960240326e-18	0.277886485345897	0.929	0.587	8.51861889650894e-14
ACTN4	8	4.85682183010216e-18	1.02971422405334	0.667	0.33	8.78890478375286e-14
NFE2L1	8	5.58787163378669e-18	1.6192607423441	0.381	0.137	1.01118125085004e-13
HEG1	8	7.05865105609506e-18	1.72736482388393	0.25	0.066	1.27733349511096e-13
SEC23A	8	7.37562085279251e-18	1.59624830826767	0.339	0.112	1.33469234952133e-13
LAMB2	8	8.76675971054985e-18	1.75198511139115	0.298	0.092	1.5864328372211e-13
ANAPC11	8	1.07475311471275e-17	1.17837580516546	0.649	0.348	1.94487323638419e-13
COL18A1	8	1.0852426374708e-17	1.02319495365262	0.387	0.137	1.96385507676716e-13
PDCD5	8	1.20874426407135e-17	1.35789359217523	0.512	0.228	2.18734362026351e-13
WDR1	8	1.33080123718427e-17	1.20543453713593	0.536	0.243	2.40821791880866e-13
PRDX5	8	1.60521077840609e-17	0.863064354643892	0.887	0.62	2.90478942460366e-13
NAP1L1	8	3.96043754354686e-17	1.08188954853894	0.685	0.392	7.1668077788024e-13
GOLIM4	8	4.55489371003182e-17	1.51714711649358	0.381	0.141	8.24253565767358e-13
RRAGA	8	5.51367026541092e-17	1.44854330249456	0.405	0.157	9.97753771228761e-13
TAGLN2	8	5.710542579158e-17	0.780164793585768	0.839	0.481	1.03337978512443e-12
ARL1	8	6.8576194628591e-17	1.12168681828716	0.548	0.25	1.24095481799898e-12
TTC3	8	7.64650762081122e-17	1.27306186612139	0.56	0.284	1.383712019062e-12
HSBP1	8	8.68283642378592e-17	0.850651902778751	0.798	0.466	1.5712460792483e-12
SLIRP	8	1.25685407418627e-16	1.045535943748	0.637	0.334	2.27440313264748e-12
IL6ST	8	1.45195185972964e-16	1.41273838318926	0.476	0.212	2.62745208536676e-12
PHC2	8	1.51869671815899e-16	1.52695117978113	0.44	0.189	2.74823358118051e-12
DYNLT3	8	1.56003690698471e-16	1.46898592535055	0.417	0.168	2.82304278687952e-12
ZCCHC24	8	1.98610802448812e-16	2.07330681127369	0.25	0.073	3.5940610811137e-12
HIGD1A	8	2.20872792272796e-16	1.27786521075959	0.518	0.24	3.99691404896851e-12
VAT1	8	2.26529748524056e-16	1.48800077083407	0.375	0.141	4.09928232929132e-12
RFNG	8	2.26858622417423e-16	1.62264327599317	0.327	0.113	4.10523363126569e-12
TP53I3	8	2.50214888912587e-16	1.78427130894456	0.286	0.091	4.52788862976217e-12
PLOD3	8	2.91301140635085e-16	1.47528556983813	0.327	0.111	5.2713854409325e-12
PIGT	8	3.08942037283569e-16	1.54189377882927	0.417	0.175	5.59061510668346e-12
ITPRIPL2	8	3.36071705838062e-16	1.60932704912036	0.339	0.12	6.08155358884557e-12
ARHGAP1	8	3.90855793552887e-16	1.55442813257304	0.321	0.11	7.07292644013305e-12
PLIN3	8	4.41328621573313e-16	1.5298209465287	0.452	0.206	7.98628273599068e-12
BCAP29	8	4.49213360342465e-16	1.38353985323183	0.446	0.193	8.12896496875725e-12
SH3PXD2A	8	5.7083540293767e-16	1.68634659866444	0.256	0.076	1.03298374515601e-11
SKP1	8	5.95793655491201e-16	0.739786934733818	0.923	0.758	1.07814819897688e-11
TSPAN4	8	6.14541452468889e-16	1.11728664004047	0.518	0.233	1.1120742123877e-11
ACTB	8	7.86224782650411e-16	0.591100869559819	0.994	0.982	1.42275236668418e-11
TPI1	8	7.87965283674127e-16	1.04439411935845	0.899	0.687	1.4259019773367e-11
ENDOD1	8	8.92747750025376e-16	1.02449456192075	0.286	0.087	1.61551632844592e-11
SPATS2L	8	9.12188441014257e-16	1.36238818503398	0.435	0.183	1.6506962028594e-11
PLAU	8	1.1095838201105e-15	2.08553281415194	0.375	0.156	2.00790288087196e-11
SEC31A	8	1.64490753792936e-15	1.26838332562923	0.47	0.21	2.97662468063698e-11
SDC4	8	1.69805426883531e-15	1.60698880705115	0.28	0.089	3.07279900488437e-11
ISOC2	8	1.7018274864813e-15	1.60469456584534	0.369	0.144	3.07962701953656e-11
EPAS1	8	1.85800692106266e-15	1.03893968926635	0.363	0.133	3.362249324355e-11
CLTA	8	2.14521243786979e-15	0.742225621348272	0.815	0.501	3.88197642756917e-11
ARL3	8	2.89147843207248e-15	1.48439853415387	0.333	0.121	5.23241937067836e-11
PDIA3	8	3.02257288102309e-15	0.939564146138026	0.774	0.491	5.46964788549938e-11
NRP1	8	3.25579378285755e-15	1.40098534625374	0.399	0.162	5.89168442945903e-11
ESD	8	4.25890760542817e-15	1.18988810392995	0.512	0.244	7.70691920278283e-11
CYSTM1	8	4.52410891662703e-15	1.227334933979	0.464	0.21	8.18682749552827e-11
PLEC	8	5.15766882766114e-15	1.74712807870536	0.375	0.157	9.3333175105356e-11
PPP2R1A	8	5.16715688866393e-15	1.4964258261195	0.357	0.137	9.35048710572624e-11
MYH9	8	8.07987712819373e-15	1.18123397904353	0.506	0.244	1.46213456511794e-10
NFIC	8	9.40457582690382e-15	1.51230389192006	0.375	0.152	1.70185204163651e-10
DDT	8	9.57860617031793e-15	1.05131353329824	0.667	0.402	1.73334457258073e-10
TSC22D1	8	1.08078610392713e-14	1.25243929059459	0.423	0.182	1.95579053366654e-10
EIF6	8	1.09823646373286e-14	1.28950661719498	0.482	0.23	1.98736870477099e-10
NENF	8	1.11046761463896e-14	1.02106161552783	0.673	0.394	2.00950219545066e-10
ECI2	8	1.14487320252964e-14	1.97163777692314	0.25	0.079	2.07176254729764e-10
CCDC71L	8	1.22795441615326e-14	1.34778626280839	0.298	0.101	2.22210631147093e-10
C1orf122	8	1.46376665909967e-14	1.21723071622067	0.542	0.296	2.64883214630676e-10
OST4	8	1.5092100889216e-14	0.624724646527096	0.964	0.915	2.73106657691254e-10
RCN2	8	1.74324328552891e-14	0.962416817191844	0.542	0.255	3.15457304949311e-10
VEGFB	8	1.94356613859705e-14	1.47255905262291	0.53	0.284	3.51707728440521e-10
KTN1	8	2.01594904522275e-14	1.15591814344843	0.619	0.357	3.64806139223508e-10
CDK4	8	2.05379318638808e-14	1.50558007944119	0.381	0.158	3.71654415008787e-10
TNFRSF1A	8	2.21325267108566e-14	0.94813226630005	0.542	0.255	4.00510203359662e-10
METAP2	8	2.42962198742903e-14	1.3149101065617	0.405	0.171	4.39664394845158e-10
CAPNS1	8	2.47819126463186e-14	1.23555722999962	0.53	0.261	4.48453491247781e-10
MRPL27	8	2.52402268550348e-14	1.52552080909507	0.327	0.122	4.5674714516871e-10
NOP10	8	2.57098912805181e-14	0.997341353654277	0.69	0.446	4.65246192612256e-10
TMSB10	8	2.66152325719742e-14	0.650475322798238	1	0.995	4.81629248622446e-10
C19orf10	8	2.83793604867919e-14	0.877778052946717	0.821	0.586	5.13552907368986e-10
C12orf23	8	2.93346642121157e-14	1.27098652922419	0.393	0.162	5.30840083582446e-10
AP3S1	8	2.9908784457448e-14	1.34310750067007	0.494	0.241	5.41229363541979e-10
DLC1	8	3.18081283167136e-14	1.02856915219677	0.292	0.096	5.75599890019249e-10
USMG5	8	3.4522657470661e-14	0.70793864405529	0.935	0.735	6.24722009589081e-10
SRP14	8	3.53624574395472e-14	0.527971890385176	0.982	0.927	6.39919029826046e-10
LPP	8	3.75265896668247e-14	1.45775113499838	0.411	0.177	6.7908116661086e-10
CFL2	8	4.87963296847641e-14	1.31965881397766	0.351	0.137	8.83018381975491e-10
CTNNAL1	8	6.02286728036035e-14	1.57389034322221	0.256	0.082	1.08989806305401e-09
TIMM13	8	6.10658995787749e-14	1.25575550357061	0.512	0.26	1.10504851877751e-09
PALLD	8	7.53474023818508e-14	2.10811971696884	0.262	0.089	1.36348659350197e-09
PVRL2	8	8.21442391458527e-14	1.21150410519371	0.393	0.161	1.48648215158335e-09
UQCRQ	8	8.22595343112467e-14	0.693551936219865	0.905	0.719	1.48856853289632e-09
HES1	8	9.0914454431031e-14	1.29647211082001	0.423	0.192	1.64518796738394e-09
NES	8	9.84995141388589e-14	0.893946492415445	0.262	0.082	1.78244720785679e-09
BHLHE40	8	9.97577471822319e-14	1.0811455750949	0.524	0.261	1.80521619300967e-09
UBE2E2	8	1.06164010125815e-13	1.5298209465287	0.292	0.104	1.92114392723675e-09
IKBIP	8	1.14245911572339e-13	1.50172334035374	0.333	0.131	2.06739401581305e-09
RAN	8	1.5388922187995e-13	0.879425134610237	0.798	0.582	2.78477935913957e-09
SF3B14	8	1.60741128471037e-13	0.816811293257578	0.732	0.472	2.90877146081189e-09
FAM127B	8	1.65984566996955e-13	1.72246602447109	0.274	0.096	3.0036567243769e-09
ADAM9	8	1.85232530391994e-13	1.3682837305791	0.375	0.158	3.35196786997353e-09
NTMT1	8	1.91640256483621e-13	1.34659912247293	0.387	0.167	3.46792208132761e-09
CCT3	8	1.95807477369922e-13	1.26125282930216	0.446	0.207	3.5433321104861e-09
GCSH	8	2.35670451187229e-13	1.58496250072116	0.286	0.102	4.26469248468409e-09
CNIH4	8	2.76283264184351e-13	1.16544040025306	0.375	0.153	4.99962194868002e-09
IPO5	8	2.8382092487831e-13	1.51714711649358	0.274	0.095	5.1360234565979e-09
DYNC1H1	8	2.97710183729571e-13	1.17156535982357	0.47	0.226	5.38736348477031e-09
MRFAP1	8	3.18695246227878e-13	0.998153940834627	0.571	0.305	5.76710917573967e-09
RAB2A	8	3.4347637367904e-13	0.968684459533792	0.613	0.355	6.21554845809591e-09
NDUFA12	8	5.00006352904414e-13	1.12596792050703	0.613	0.36	9.04811496215828e-09
BRK1	8	5.03346153984732e-13	0.958461177552533	0.69	0.425	9.10855200250771e-09
ATP6V1D	8	5.09806745603469e-13	1.41868527629399	0.321	0.126	9.22546286844037e-09
ST13	8	5.26456704839077e-13	0.859202361262831	0.679	0.4	9.52676053076794e-09
ITGB1BP1	8	5.96254103637471e-13	1.06203427849418	0.387	0.161	1.07898142594237e-08
TUBA1A	8	6.15780661981627e-13	0.984917640944955	0.589	0.336	1.11431668592195e-08
RHOQ	8	8.29745101519636e-13	1.36063314236399	0.375	0.163	1.50150673570993e-08
CTSL	8	1.00598165334544e-12	0.920439622010678	0.554	0.292	1.8204243998939e-08
POMP	8	1.00646513275777e-12	0.720486566066495	0.887	0.715	1.82129930423847e-08
SLC25A37	8	1.01488744272709e-12	2.31504170930212	0.256	0.095	1.83654031635894e-08
LDHB	8	1.02536634486556e-12	1.17722980206555	0.536	0.294	1.85550293766871e-08
SWI5	8	1.07956785741339e-12	1.39062246071865	0.304	0.115	1.95358599477528e-08
CTSA	8	1.15853266751809e-12	1.64245680775141	0.53	0.301	2.09648071514074e-08
ABHD2	8	1.23409471700158e-12	1.34234694139548	0.315	0.123	2.23321779988606e-08
MDH1	8	1.27073090276161e-12	0.954639466600125	0.512	0.253	2.2995146416374e-08
GGCT	8	1.31002777079656e-12	1.45498571360611	0.286	0.105	2.37062625403345e-08
ATP6V0E1	8	1.41088968318673e-12	0.731319031025064	0.917	0.733	2.55314597069471e-08
CRIP2	8	1.8782792562181e-12	0.7804492085775	0.333	0.126	3.39893414205228e-08
IFI27L2	8	1.92831615558371e-12	0.698515098003886	0.774	0.478	3.48948091514429e-08
C4orf48	8	1.93478913169755e-12	0.799556551497197	0.744	0.469	3.50119441271989e-08
FKBP1A	8	2.35743538402497e-12	0.49368468578665	0.798	0.495	4.26601507093159e-08
PEA15	8	2.36625459780951e-12	1.41523181472676	0.327	0.133	4.2819743201961e-08
CD9	8	2.70951072919666e-12	0.97187516700228	0.524	0.269	4.90313061555428e-08
ATP5H	8	4.96527404611374e-12	0.895098618276896	0.637	0.393	8.98515991384743e-08
DAD1	8	4.97822527878522e-12	0.628555853672323	0.935	0.677	9.00859646448973e-08
SHFM1	8	5.33366362304145e-12	0.6596719135749	0.815	0.565	9.6517976922558e-08
ADH5	8	9.98394156368746e-12	1.29796819594318	0.357	0.157	1.80669406536488e-07
SBDS	8	1.01309203900087e-11	0.848203463222335	0.53	0.272	1.83329135377597e-07
NCOR2	8	1.2622988440832e-11	1.23132554610646	0.345	0.148	2.28425598825296e-07
TMCO3	8	1.5382605626155e-11	1.57216121849807	0.25	0.091	2.78363631410901e-07
FBXW5	8	1.83101346197264e-11	1.26960705975728	0.399	0.188	3.31340196078569e-07
CTSF	8	1.88272240014985e-11	1.6990070516471	0.262	0.1	3.40697445531118e-07
TUBA1B	8	2.09637361707921e-11	0.964232863930241	0.827	0.614	3.79359769746654e-07
TMEM14C	8	2.13745228002482e-11	0.776913808493467	0.685	0.429	3.86793364593292e-07
MRPS21	8	2.20460019963078e-11	0.824789515393625	0.744	0.478	3.98944452125186e-07
SMIM4	8	2.48390763758534e-11	1.12140502018529	0.435	0.214	4.49487926097442e-07
MYL12A	8	2.67408243949873e-11	0.493119786981168	0.976	0.821	4.8390195825169e-07
MAP4K4	8	2.74316496491208e-11	1.47130571892559	0.28	0.109	4.9640313205049e-07
TMEM167A	8	3.1115986120206e-11	0.964940709038818	0.589	0.366	5.63074884831248e-07
AXL	8	3.20445534702713e-11	0.871329410385574	0.405	0.183	5.79878239598029e-07
RPL26L1	8	3.21999963637772e-11	1.13344530717558	0.369	0.165	5.82691134198913e-07
CCT5	8	3.33863808679374e-11	1.41042427790084	0.345	0.155	6.04159948186196e-07
BASP1	8	3.43391054553097e-11	1.28358178323788	0.44	0.232	6.21400452319284e-07
OSBPL8	8	3.77469977430953e-11	1.09378214632062	0.375	0.168	6.83069671159052e-07
ITGAV	8	4.15075226038307e-11	1.31815493178531	0.327	0.141	7.51120129038921e-07
TRIP6	8	5.30878383827055e-11	1.5220626069077	0.25	0.093	9.60677523373438e-07
CST3	8	5.54440086884015e-11	0.266294661685778	0.982	0.805	1.00331478122531e-06
TGFBR2	8	5.85188458436015e-11	0.982780928951293	0.423	0.203	1.05895703438581e-06
MRPL51	8	5.86346259389191e-11	0.829994488775536	0.643	0.392	1.06105219099068e-06
JOSD2	8	6.13863818790591e-11	1.14704729642081	0.399	0.195	1.11084796648345e-06
SEPT7	8	6.81528243253472e-11	0.638840869422999	0.821	0.566	1.23329350899148e-06
RNH1	8	7.08878401941867e-11	0.81454160936947	0.655	0.407	1.282786356154e-06
BOLA3	8	7.27008387668504e-11	1.16231984392114	0.399	0.189	1.31559437832492e-06
YWHAE	8	7.41641825551606e-11	0.849378136953311	0.69	0.452	1.34207504751819e-06
MVP	8	8.85426380648739e-11	1.07834145128179	0.399	0.191	1.60226757842196e-06
COX7A2L	8	9.54675227491073e-11	0.844721774522089	0.661	0.421	1.72758029166785e-06
COPB2	8	1.04868801628091e-10	1.16707663913328	0.339	0.147	1.89770583426193e-06
ROMO1	8	1.24008297078749e-10	0.847118629771185	0.667	0.425	2.24405414393704e-06
TOMM7	8	1.28953719366835e-10	0.423947905694101	0.964	0.865	2.33354650566225e-06
CD81	8	1.34275125535802e-10	0.573890343222212	0.94	0.728	2.42984267169587e-06
HDDC2	8	1.4977584952071e-10	1.21818017004953	0.345	0.157	2.71034377292677e-06
ARHGDIA	8	1.54983548418713e-10	0.742833822165053	0.726	0.462	2.80458229218503e-06
RPL7	8	1.69791508979834e-10	0.527344870202159	0.946	0.817	3.07254714649908e-06
MORF4L1	8	1.91067898019738e-10	0.658755319119747	0.827	0.604	3.45756468256519e-06
WIPI1	8	1.92610427674046e-10	1.38429728857652	0.262	0.103	3.48547829918953e-06
YBX3	8	2.18219257404266e-10	0.683844730443784	0.5	0.254	3.9488956819876e-06
SOD1	8	2.54076152466985e-10	0.685851252722787	0.804	0.544	4.59776205504256e-06
GPAA1	8	2.81398292186872e-10	1.01602326213016	0.458	0.242	5.09218349541364e-06
ENG	8	3.28077914312062e-10	0.555490079030118	0.518	0.282	5.93689793739107e-06
MTCH1	8	4.61368378897566e-10	0.829044975026125	0.554	0.316	8.34892218453036e-06
RSU1	8	4.62506333198516e-10	1.2088881569867	0.298	0.126	8.36951460556035e-06
PDE4DIP	8	5.40031946426507e-10	1.26843439357638	0.321	0.143	9.77241810253406e-06
NEDD8	8	5.49076162504906e-10	0.709453487246612	0.833	0.608	9.93608223668877e-06
COMMD6	8	6.18425365481287e-10	0.522126060285829	0.911	0.723	1.11910254137494e-05
GINM1	8	6.40207869475181e-10	1.25258004819663	0.357	0.172	1.15852016060229e-05
TBCA	8	6.55896752150509e-10	0.629726210203544	0.815	0.553	1.18691076269156e-05
PCBD1	8	7.05625478221066e-10	1.0979751595633	0.357	0.168	1.27689986538884e-05
GUK1	8	8.71458468553094e-10	0.565141059808412	0.946	0.814	1.57699124469368e-05
MALSU1	8	9.24242982445752e-10	1.21512442087241	0.292	0.125	1.67251010103383e-05
DNAJC10	8	9.42130992175254e-10	1.10422736887564	0.369	0.18	1.70488024344034e-05
MORF4L2	8	9.94366400817939e-10	0.765660559133693	0.565	0.328	1.79940543892014e-05
RPL22L1	8	1.05193022730337e-09	0.916821695508695	0.786	0.622	1.90357293932818e-05
NDUFA4	8	1.3769321290405e-09	0.588458355930732	0.923	0.867	2.49169638071168e-05
PROS1	8	1.45354612043569e-09	0.785659850958285	0.274	0.11	2.63033705954042e-05
RCAN1	8	1.83719819138283e-09	0.807051356556034	0.262	0.104	3.32459384712637e-05
ATP5G1	8	2.14984052988229e-09	0.716325435693469	0.673	0.448	3.89035142287499e-05
BLOC1S2	8	2.16528357117554e-09	0.943307994244139	0.423	0.219	3.91829715039926e-05
C19orf53	8	2.42872380903292e-09	0.577547752177845	0.804	0.57	4.39501860482596e-05
SHC1	8	3.03295672698746e-09	1.22994977251453	0.28	0.121	5.48843849315651e-05
OAT	8	3.28481972656877e-09	1.10938345950726	0.405	0.213	5.94420977719885e-05
ERH	8	3.36381285501265e-09	0.632075096559276	0.78	0.557	6.08715574243089e-05
TMED10	8	3.5007247505712e-09	0.478448844807669	0.75	0.461	6.33491150863364e-05
REEP3	8	3.62844405020296e-09	1.21707078106825	0.351	0.176	6.56603235324727e-05
PARK7	8	3.64867590064692e-09	0.605426603280872	0.744	0.494	6.60264390981067e-05
GLT8D1	8	3.71635188947198e-09	1.12382858685286	0.292	0.128	6.7251103791885e-05
AP2B1	8	3.77249802904728e-09	0.973492197735997	0.345	0.162	6.82671243336396e-05
PTP4A2	8	4.03030475377317e-09	0.616972895623777	0.786	0.535	7.29323948242793e-05
RECQL	8	4.06052473541663e-09	1.31647366479525	0.268	0.115	7.34792556120994e-05
ATP2A2	8	4.44633277545258e-09	1.17301428536555	0.363	0.18	8.04608379045898e-05
HEXA	8	4.73338139796623e-09	0.846180073484717	0.44	0.234	8.56552697775968e-05
ATP5J2	8	5.26350953179615e-09	0.62565756352983	0.887	0.703	9.52484684873831e-05
IFT57	8	5.74726738960802e-09	1.19325750527294	0.268	0.114	0.000104002550682347
MAGED2	8	5.97062671336957e-09	0.870181759513043	0.446	0.24	0.000108044461005136
MGAT4B	8	5.98057438083878e-09	1.1613502657043	0.298	0.135	0.000108224473995659
PHB	8	6.07484998808055e-09	0.965302839553231	0.494	0.291	0.000109930485384306
MRPL41	8	7.58813841221538e-09	0.810160085377489	0.619	0.425	0.00013731495270745
BANF1	8	8.40544873567791e-09	0.775562206650572	0.524	0.3	0.000152105000320827
AAMDC	8	9.14520064468419e-09	1.19239528224601	0.268	0.116	0.000165491550866205
PPP2R4	8	9.8529842231761e-09	1.47453851102751	0.268	0.119	0.000178299602502595
NDUFC1	8	1.00500731574131e-08	0.703850346303744	0.607	0.373	0.000181866123856547
SNX3	8	1.03672336819241e-08	0.519344520054619	0.81	0.609	0.000187605460708099
LINC00152	8	1.03984547261092e-08	0.356017619364611	0.619	0.357	0.000188170436723672
SEC24D	8	1.04503311319256e-08	1.19024498582191	0.298	0.137	0.000189109192163326
HMGA1	8	1.07638522532584e-08	1.74786280153657	0.333	0.173	0.000194782670374964
ATP5I	8	1.09599983873773e-08	0.537808570689282	0.964	0.799	0.00019833213081798
NHP2	8	1.24739424409246e-08	0.974720591551642	0.417	0.225	0.000225728462410971
COPS7A	8	1.33132998350385e-08	1.25913296815147	0.25	0.106	0.000240917473814856
CNPY2	8	1.38762540517321e-08	0.667700221040199	0.577	0.35	0.000251104693320144
MDM2	8	1.69400620675749e-08	1.18300973732371	0.387	0.206	0.000306547363174836
LRRC59	8	1.7379305414412e-08	1.00460925325259	0.357	0.18	0.0003144959107792
RALA	8	1.91742126431077e-08	1.32269528184556	0.256	0.113	0.000346976551989678
BRI3	8	2.14088328932064e-08	0.533017334502115	0.81	0.587	0.000387414240035463
EMC10	8	2.18317152299149e-08	1.22336426040377	0.321	0.161	0.00039506671880054
EGR2	8	2.25643811030709e-08	1.04859410788774	0.292	0.135	0.000408325040441171
PSMC5	8	2.60433810204049e-08	0.805075782498467	0.5	0.296	0.000471281022945248
KRT10	8	2.65749204763227e-08	0.534764943862586	0.75	0.521	0.000480899760939535
MRPL13	8	2.72831998464121e-08	1.04712908707969	0.333	0.165	0.000493716784420673
NDUFA13	8	2.82835133244796e-08	0.656439858107378	0.726	0.492	0.000511818457119783
GIPC1	8	2.93750802188716e-08	1.07534704768737	0.268	0.118	0.000531571451640701
TCEAL8	8	2.97132481043206e-08	0.928916901938517	0.387	0.209	0.000537690937695785
PSMB1	8	3.11119575677013e-08	0.611614029097169	0.804	0.629	0.000563001984145123
CARHSP1	8	3.34635696468478e-08	1.05968399038305	0.351	0.181	0.000605556756329359
RPL4	8	3.53138150769688e-08	0.54061626609115	0.893	0.678	0.000639038797632827
CCT6A	8	3.63660301267086e-08	0.903038270112912	0.399	0.215	0.000658079681172919
ATOX1	8	3.6548670084297e-08	0.63850768054026	0.774	0.537	0.000661384733845438
YIPF5	8	4.00018020920819e-08	0.851148043681522	0.375	0.195	0.000723872610658314
TFG	8	4.39011410243155e-08	1.04439411935845	0.345	0.179	0.000794435047976013
EEA1	8	4.39675788428161e-08	1.06760151051978	0.262	0.116	0.0007956373067396
ITGA5	8	4.68639610379942e-08	1.24822293579353	0.256	0.112	0.000848050238943543
RPL13A	8	4.95321565823076e-08	0.529820946528695	0.923	0.753	0.000896333905513439
SNRPG	8	5.24076701503206e-08	0.611213930837615	0.744	0.546	0.000948369199040201
NDUFS4	8	5.9798602199481e-08	0.835540751675723	0.357	0.18	0.00108211550540181
GARS	8	6.00974653564751e-08	1.15754127698648	0.28	0.131	0.00108752373309077
AP2S1	8	6.30643319581503e-08	0.492827674598157	0.75	0.52	0.00114121215111469
CNIH1	8	7.15902584857825e-08	1.11839470080223	0.31	0.153	0.00129549731755872
SCARB2	8	7.29766620505756e-08	0.660145134702088	0.494	0.286	0.00132058567646722
BMPR2	8	7.38288460410093e-08	0.981953544582547	0.274	0.125	0.0013360067979581
NIT2	8	7.77087914026825e-08	1.1097203672364	0.25	0.11	0.00140621828922294
GFPT1	8	7.92084328530007e-08	1.17240173173453	0.256	0.116	0.0014333558009079
EPB41L2	8	8.83763886590845e-08	1.23703919730085	0.256	0.117	0.00159925912917479
PON2	8	8.8547928610996e-08	1.1441518997593	0.268	0.123	0.00160236331614458
RBMS1	8	8.88811602411883e-08	0.975723308693355	0.387	0.212	0.00160839347572454
ATRAID	8	1.14902557037637e-07	0.669354688011529	0.661	0.46	0.00207927667215308
EMP3	8	1.18019363440393e-07	0.999485761876256	0.786	0.637	0.00213567840081734
MAPK3	8	1.28277043087192e-07	1.26829013128529	0.268	0.128	0.00232130137170583
NDUFB7	8	1.28730852630348e-07	0.467085191180732	0.839	0.595	0.00232951350919877
CBX6	8	1.33495392783823e-07	1	0.31	0.152	0.00241573262781606
PSMA1	8	1.3611512800693e-07	0.719639980392328	0.595	0.376	0.00246313935641341
NUMB	8	1.49324816376223e-07	1.23162570111449	0.31	0.161	0.00270218187714413
PRKAR1A	8	1.5154808821674e-07	0.88407111702744	0.488	0.311	0.00274241420437013
VPS25	8	1.55552659628319e-07	0.933063771826989	0.345	0.18	0.00281488092863407
RAB1A	8	1.58593597589251e-07	0.767553913999629	0.435	0.246	0.00286990974197508
SRI	8	1.62458528435874e-07	0.780542090923637	0.542	0.346	0.00293984953057557
C19orf70	8	1.63705624205353e-07	0.62827066215036	0.613	0.41	0.00296241697562006
EIF5A	8	1.69205034844959e-07	0.750894432797608	0.631	0.456	0.00306193431055437
CASC4	8	1.69426611533932e-07	1.18411888302507	0.286	0.14	0.00306594396231804
AHI1	8	1.96904198456038e-07	1.01137906213049	0.268	0.125	0.00356317837526047
DYNC1I2	8	1.97013814980573e-07	0.804443326637701	0.44	0.255	0.00356516199588844
RABAC1	8	1.97521607256889e-07	0.336203791403354	0.899	0.636	0.00357435100492066
COX6A1	8	2.04915212080918e-07	0.602197785492808	0.738	0.525	0.00370814567781629
UAP1	8	2.17464340056226e-07	1.22421515694327	0.268	0.128	0.00393523469765747
ZYX	8	2.28788242420305e-07	0.897950551255304	0.44	0.266	0.00414015203483785
MPZL1	8	2.52842406087055e-07	1.20540758825174	0.268	0.128	0.00457543618055134
KDELR1	8	2.75892800698295e-07	0.45318347097212	0.649	0.422	0.00499255612143635
FAM200B	8	2.77513801795297e-07	1.1057946640226	0.262	0.122	0.0050218897572877
NDUFB2	8	2.7940444328892e-07	0.518059348608006	0.869	0.713	0.00505610280575629
MPRIP	8	2.92779440698006e-07	1.02992363655012	0.274	0.13	0.00529813675887112
DPYSL2	8	3.23635319560398e-07	0.978971044360405	0.381	0.217	0.00585650474276497
TPGS1	8	3.36272534089424e-07	1.05261462616342	0.369	0.208	0.00608518777688222
PSMD8	8	3.71968460903062e-07	0.645773267476607	0.607	0.414	0.00673114126850181
TBCB	8	3.81774769113529e-07	0.74043945821135	0.458	0.27	0.00690859622187842
SNRPF	8	3.81962264096275e-07	0.712197689017264	0.524	0.331	0.0069119891310862
GPX4	8	3.89877941194e-07	0.541308625691705	0.905	0.752	0.00705523122384663
MPV17	8	4.1449267380032e-07	1.11094531226706	0.292	0.148	0.00750065942509059
LINC00657	8	4.92528378541744e-07	0.720195850846264	0.5	0.306	0.0089127935380914
PSMA7	8	5.12206844461915e-07	0.665425874787131	0.732	0.528	0.00926889505738281
CHCHD2	8	5.14482666455142e-07	0.426632737599991	0.946	0.831	0.00931007833217224
AKR7A2	8	5.70598706063741e-07	0.96128987671301	0.357	0.198	0.0103255541849295
PFDN2	8	5.93159579368488e-07	0.625053522813147	0.577	0.376	0.0107338157482522
CCPG1	8	6.25845157469679e-07	0.829696089812006	0.488	0.301	0.0113252939695713
ANXA11	8	6.42355959611535e-07	0.739159611290326	0.47	0.285	0.0116240734451303
FAM162A	8	6.43439552183923e-07	0.937478915441941	0.387	0.224	0.0116436821363203
PFDN4	8	6.60019075714743e-07	1.01885902725132	0.304	0.157	0.011943705194134
CALR	8	7.01094154999898e-07	0.44371536826123	0.952	0.852	0.0126869998288782
SDF4	8	7.44219520839935e-07	0.860290182746379	0.393	0.227	0.0134673964491195
VGLL4	8	7.44857525262223e-07	1.16886769465927	0.268	0.134	0.0134789417771452
ADI1	8	7.46535927454471e-07	0.773976750005972	0.512	0.334	0.0135093141432161
FSCN1	8	7.50546749612129e-07	0.965442777963631	0.256	0.122	0.0135818939809811
BBX	8	7.82222416086101e-07	0.948997096565897	0.304	0.158	0.0141550968414941
MYEOV2	8	7.83472927933687e-07	0.526147114744536	0.708	0.506	0.014177726103888
COX20	8	8.10977380924355e-07	0.874469117916141	0.345	0.189	0.0146754466852071
SNRPD2	8	8.30239490822268e-07	0.622035933631214	0.524	0.339	0.0150240138259198
PSMD2	8	8.57021586152038e-07	0.906890595608519	0.351	0.193	0.0155086626230073
PMP22	8	9.08836039454827e-07	0.330779012469628	0.405	0.22	0.0164462969699745
KPNB1	8	9.36498237518249e-07	0.988540884624936	0.327	0.179	0.0169468721061302
EEF2	8	9.63669570524401e-07	0.440651152431573	0.869	0.671	0.0174385645482096
RHOB	8	1.00255407978876e-06	0.453537904408423	0.661	0.444	0.0181422186278574
OPTN	8	1.02647078026451e-06	0.702566467033386	0.351	0.187	0.0185750152396665
IMPAD1	8	1.037365537877e-06	0.918863237274595	0.286	0.143	0.0187721667734223
PTPLAD1	8	1.0476748666475e-06	0.900140525518338	0.31	0.162	0.0189587243868532
PRDX1	8	1.07945736929806e-06	0.534757191792964	0.964	0.853	0.0195338605548177
C12orf57	8	1.08467275515719e-06	0.292005656518778	0.69	0.452	0.0196282381773246
NPTN	8	1.16354887240761e-06	0.980263781938738	0.31	0.165	0.0210555803950882
UBA1	8	1.17639453536133e-06	0.951284714966972	0.298	0.154	0.0212880355118986
MVB12A	8	1.20594879222355e-06	0.975752453753322	0.298	0.155	0.0218228493440773
SURF4	8	1.25231462390926e-06	0.643796138783399	0.423	0.245	0.022661885434262
NDUFAF3	8	1.32162932822475e-06	0.715704133762198	0.554	0.365	0.0239162043235551
EDF1	8	1.38421541942677e-06	0.394464362321835	0.958	0.867	0.0250487622299468
TIMM8B	8	1.402977270986e-06	0.738233340329407	0.542	0.355	0.0253882766957626
MRPL52	8	1.42053234700022e-06	0.73486305062056	0.583	0.413	0.0257059533513159
UBE2Z	8	1.46705391642873e-06	0.920065984356252	0.268	0.132	0.0265478076716943
PSMD1	8	1.550363516689e-06	1.04439411935845	0.268	0.133	0.0280553781980041
MRPL12	8	1.56951591373815e-06	0.974550130744344	0.304	0.162	0.0284019599750055
GALNT1	8	1.68583826431259e-06	1.30742852519225	0.321	0.181	0.0305069292310006
MMP24-AS1	8	1.7765782745861e-06	0.960883869733614	0.363	0.207	0.03214896045691
TCEB1	8	1.79135534237257e-06	0.751840626604605	0.494	0.333	0.0324163662755741
SCOC	8	1.85362067359914e-06	0.815575428862573	0.363	0.202	0.03354311970945
PXDC1	8	2.10508121638308e-06	1.03785127349168	0.262	0.131	0.0380935496916682
ARL6IP5	8	2.15404922808988e-06	0.613972091554191	0.542	0.352	0.0389796748315146
RAC1	8	2.17304106773362e-06	0.436461095987659	0.833	0.585	0.0393233511617075
RPL23	8	2.42378917429152e-06	0.462112378233449	0.905	0.782	0.0438608888979794
CNN2	8	2.49558687392798e-06	0.840860725273322	0.31	0.164	0.0451601400706008
SLC25A6	8	2.64781227305336e-06	0.501235193407451	0.708	0.507	0.0479148108931736
SEP15	8	2.73314428877097e-06	0.553935605100532	0.679	0.472	0.0494589790495996
RAMP2	9	0	7.94847680178496	0.986	0.015	0
ELTD1	9	0	6.6936946281196	0.98	0.031	0
VWF	9	0	7.63431644188019	1	0.051	0
ARHGAP29	9	0	5.53977330345361	0.98	0.051	0
PALMD	9	0	6.4343217715858	0.953	0.024	0
CLEC14A	9	0	8.697061479218	0.926	0.005	0
EMCN	9	0	7.39354800402914	0.926	0.011	0
CDH5	9	0	9.07893211456164	0.919	0.004	0
ECSCR	9	0	8.66229606105732	0.912	0.005	0
ESAM	9	0	5.95972217826538	0.919	0.023	0
CRIM1	9	0	5.72976171162883	0.939	0.045	0
SOX18	9	0	8.02934565886072	0.899	0.012	0
CALCRL	9	0	5.76318807410426	0.912	0.038	0
CLDN5	9	0	8.24544936504	0.892	0.018	0
CYYR1	9	0	7.60686367024642	0.872	0.006	0
BCAM	9	0	4.76863337790787	0.892	0.037	0
NFIB	9	0	5.62808933713888	0.885	0.032	0
CD34	9	0	8.0363716523336	0.858	0.006	0
MMRN2	9	0	8.19845926330003	0.845	0.005	0
NUAK1	9	0	6.95247264384877	0.851	0.013	0
ACVRL1	9	0	6.18516244068657	0.851	0.018	0
PTPRB	9	0	6.99891513394232	0.845	0.013	0
PREX2	9	0	8.69048882529451	0.831	0.003	0
CXorf36	9	0	9.05432264721764	0.818	0.003	0
PLVAP	9	0	7.85586851617616	0.757	0.008	0
HOXD9	9	0	8.79562531370159	0.743	0.003	0
RAMP3	9	0	8.47659650645267	0.743	0.008	0
GJA1	9	0	5.54069892821675	0.75	0.019	0
ROBO4	9	0	8.26737720397476	0.73	0.004	0
SDPR	9	0	6.35962038495931	0.736	0.013	0
MPZL2	9	0	6.62368829288778	0.736	0.015	0
IL33	9	0	7.53952020223152	0.723	0.009	0
FLT1	9	0	6.83032801008146	0.723	0.01	0
RASIP1	9	0	8.13379404959616	0.709	0.003	0
THSD7A	9	0	8.59788607412716	0.709	0.004	0
EDN1	9	0	8.56298886086834	0.703	0.006	0
JAM2	9	0	7.42433057477384	0.703	0.006	0
TM4SF18	9	0	7.98716412824996	0.689	0.005	0
MYCT1	9	0	8.99251736274417	0.649	0.001	0
ERG	9	0	8.70794979536074	0.649	0.002	0
LDB2	9	0	7.91945390055445	0.649	0.004	0
RAPGEF5	9	0	6.82259236130186	0.655	0.01	0
MMRN1	9	0	9.10704575077056	0.622	0.003	0
PODXL	9	0	7.12215264316077	0.622	0.008	0
TIE1	9	0	8.54748512316749	0.608	0.002	0
MECOM	9	0	8.62009949740312	0.574	0.002	0
LINC01013	9	0	8.88868155175963	0.574	0.003	0
PCDH17	9	0	8.45486057680137	0.574	0.003	0
ZNF385D	9	0	7.90059487330313	0.561	0.003	0
KDR	9	0	7.98179095615111	0.561	0.003	0
SEMA3F	9	0	7.8621207254885	0.554	0.003	0
NOSTRIN	9	4.74313272092345e-308	7.41554765277654	0.595	0.006	8.58317297178308e-304
KCNJ2	9	6.85944647335699e-304	6.87321843437183	0.622	0.009	1.24128543381868e-299
ACKR3	9	9.56225440452961e-304	5.92459207480425	0.77	0.024	1.73038555704368e-299
FAM167B	9	1.35493008213667e-296	6.82680461258877	0.682	0.016	2.45188147663452e-292
SPARCL1	9	4.50231447022843e-296	5.48510043453392	0.993	0.063	8.14738826532537e-292
FLNB	9	8.51073791265883e-293	5.00900548553274	0.811	0.03	1.54010313267474e-288
NOTCH4	9	9.48101016225895e-292	5.79562531370159	0.723	0.021	1.71568359896238e-287
IL3RA	9	1.90544324882082e-289	5.9177495943422	0.649	0.013	3.44809010306616e-285
TM4SF1	9	2.71553988986155e-289	6.19598216322221	0.993	0.069	4.91404098469346e-285
SHANK3	9	3.71075976138972e-288	7.82259236130186	0.5	0.002	6.71499086421084e-284
AC011526.1	9	3.0548790183414e-287	8.99251736274417	0.473	0.001	5.5281090715906e-283
SPNS2	9	1.12666489583866e-286	7.00814801445794	0.547	0.005	2.03881279550964e-282
EVA1C	9	1.85281614156182e-283	5.77649594671241	0.669	0.016	3.35285608977027e-279
EFNA1	9	3.34205060806528e-281	7.18937469197348	0.547	0.006	6.04777478035493e-277
SOX17	9	6.40477204067451e-281	7.96009588505179	0.5	0.003	1.15900754848046e-276
COL15A1	9	1.13459963705388e-278	5.95865391087789	0.669	0.017	2.0531715032127e-274
NPDC1	9	1.67291475511959e-275	5.41876964951894	0.993	0.075	3.0273065408644e-271
INSR	9	7.630754691183e-268	5.80333780422191	0.892	0.054	1.38086136891648e-263
JAG2	9	1.10239072758243e-266	6.85060673747146	0.588	0.011	1.99488626063317e-262
BMX	9	6.3721816712004e-266	8.61266929192763	0.446	0.001	1.15310999522042e-261
F8	9	2.79340764104005e-265	6.88672269872157	0.541	0.008	5.05495046722608e-261
C2CD4B	9	5.4809621917021e-262	9.05525311809213	0.446	0.001	9.91834918210411e-258
SYNPO	9	7.35803370001291e-262	5.16607659955567	0.791	0.036	1.33150977835434e-257
HSPG2	9	4.91002680956812e-261	5.76567632168873	0.993	0.084	8.88518451459447e-257
TEK	9	1.15349752006344e-257	8.35864526154207	0.439	0.001	2.0873691123068e-253
SHE	9	2.25338279301176e-257	7.12215264316077	0.48	0.004	4.07772150223408e-253
HYAL2	9	7.37476807849327e-257	5.76151678455009	0.899	0.06	1.33453803148414e-252
RP11-536O18.2	9	3.31111323971777e-253	8.12840079082594	0.432	0.001	5.99179051859328e-249
CCL14	9	1.53068576355818e-251	7.697061479218	0.48	0.005	2.76992895773488e-247
GPR116	9	2.51029974754669e-251	4.49270298071181	0.77	0.034	4.54263842316049e-247
FAM69B	9	3.65141869499493e-249	8.5006642664145	0.426	0.001	6.60760727046283e-245
CDA	9	3.00026552764511e-248	4.71406790452369	0.689	0.025	5.42928049882659e-244
FZD4	9	7.03889110491926e-248	6.11733562686299	0.527	0.009	1.27375773434619e-243
INHBB	9	3.99714734274704e-247	6.72591634189019	0.493	0.006	7.23323783143505e-243
MTUS1	9	3.1570889877862e-246	4.8048903595684	0.818	0.045	5.71306823229791e-242
LIMCH1	9	1.28061391813731e-245	6.80647269593858	0.466	0.004	2.31739894626128e-241
SLCO2A1	9	5.61433802019845e-245	8.84643910325623	0.419	0.001	1.01597060813511e-240
EPHB4	9	9.11892732025405e-244	6.14452045618922	0.541	0.01	1.65016108787317e-239
FILIP1	9	9.49622757832231e-241	5.31380154106611	0.635	0.02	1.71843734257321e-236
TMEM88	9	1.92454269900161e-239	5.94142859081171	0.649	0.023	3.48265246811332e-235
PLXNA2	9	1.24713385281868e-235	6.06075209849662	0.507	0.009	2.25681342006069e-231
KANK3	9	2.61467589522811e-233	6.38649324649519	0.493	0.008	4.73151750000478e-229
CPLX1	9	1.05636536485891e-231	6.16362927913693	0.5	0.009	1.91159876424869e-227
RP11-490M8.1	9	3.10893710850878e-230	6.42525686375647	0.466	0.006	5.62593259155749e-226
VEGFC	9	5.33808370681307e-227	5.89904442173973	0.52	0.011	9.65979627584894e-223
DLL4	9	1.2448929582466e-226	6.19456113868882	0.561	0.015	2.25275829724304e-222
MALL	9	1.53020924022621e-219	5.56657838314584	0.473	0.008	2.76906664111335e-215
CRIP2	9	3.64492529367539e-219	4.25961421041622	0.966	0.094	6.59585681143498e-215
GNG11	9	5.19673414951155e-219	5.21363700495891	0.973	0.106	9.4040101169561e-215
RPS6KA2	9	3.87080060111437e-218	5.77012494140772	0.486	0.009	7.00460076777657e-214
ADM5	9	6.76647644682002e-215	7.49244375960953	0.405	0.004	1.22446157781655e-210
EGFL7	9	3.40818103456041e-214	5.10819804315694	0.986	0.115	6.16744440014053e-210
EFNB2	9	3.41860094460301e-214	6.8942533464293	0.507	0.012	6.18630026935361e-210
PKP4	9	5.35073913088016e-214	5.55313168630863	0.541	0.015	9.68269753124074e-210
IGFBP3	9	9.31753723241664e-214	6.76150077799255	0.73	0.043	1.68610153757811e-209
ADAMTS9	9	1.02021680255797e-213	5.72144563784496	0.568	0.019	1.84618432590891e-209
CDC42EP5	9	1.36086187242133e-213	4.1629324933031	0.791	0.051	2.46261564433365e-209
ANGPT2	9	3.94903737684419e-212	5.80296355455293	0.723	0.043	7.14617803713724e-208
SEMA6B	9	4.91494945673356e-210	4.39103977524	0.818	0.061	8.89409253690505e-206
FAM110D	9	4.49916887708667e-208	7.46644855107658	0.378	0.003	8.14169599997603e-204
MAST4	9	7.12576211219351e-208	5.07490036054259	0.608	0.025	1.28947791182254e-203
HOXD10	9	1.20579400468229e-206	8.21948251387044	0.358	0.001	2.18200483087306e-202
DARC	9	4.83659471362256e-206	8.07262753770743	0.486	0.012	8.75230179377139e-202
EPAS1	9	3.06011203578746e-204	4.09226925647997	0.966	0.102	5.537578739961e-200
S1PR1	9	9.29355099006522e-204	5.06147290542688	0.628	0.029	1.6817609871622e-199
SELP	9	1.7190464246344e-203	7.43200790574755	0.392	0.004	3.11078641001841e-199
TGFBR3	9	7.22170394063755e-203	5.78864502937852	0.507	0.014	1.30683954509777e-198
CNTNAP3B	9	4.77194587277443e-202	8.19182617096758	0.345	0.001	8.6353132513726e-198
ADAMTS18	9	5.68223126116591e-202	9.7454245007794	0.331	0	1.02825656902058e-197
TINAGL1	9	6.40172752923395e-202	3.36363774549281	0.777	0.05	1.15845661369018e-197
VWA1	9	2.14901254516663e-200	3.86720793292116	0.845	0.067	3.88885310173354e-196
HOXD8	9	6.26830287501972e-200	5.32509270183104	0.547	0.019	1.13431208826357e-195
COL4A1	9	8.15828049929454e-200	3.99495640819559	0.905	0.086	1.47632243915234e-195
SNCG	9	1.40467857275885e-199	4.19736599036698	0.703	0.04	2.54190634526441e-195
TSPAN7	9	1.45047462617035e-199	6.45394776750747	0.392	0.004	2.62477888351786e-195
MKL2	9	5.25447534506959e-199	4.85060673747146	0.635	0.031	9.50849858443793e-195
TPD52L1	9	1.07753721482483e-197	6.17622931591656	0.426	0.007	1.94991134394702e-193
ABLIM1	9	2.68807886003618e-196	4.30753187381086	0.682	0.038	4.86434750512147e-192
DOCK9	9	4.8284407620247e-194	5.2726768076799	0.547	0.02	8.7375464029599e-190
CLU	9	4.91342457160334e-194	4.48843796408124	0.689	0.041	8.8913331047734e-190
AQP1	9	9.76447718234894e-194	5.25311510807812	0.642	0.034	1.76697979091786e-189
ADCY4	9	1.44772946199105e-192	5.31735705305144	0.5	0.015	2.61981123441901e-188
PDLIM1	9	3.34983999072343e-192	4.47590816732892	0.946	0.113	6.06187044721312e-188
COL4A2	9	5.63622539222063e-192	3.64812915215108	0.919	0.092	1.01993134697625e-187
FGD5	9	9.69467879414536e-191	6.28202397993916	0.392	0.005	1.75434907458854e-186
MANSC1	9	2.43039060596296e-190	5.96009588505179	0.405	0.006	4.39803484055057e-186
WWTR1	9	3.10249884132934e-189	4.03399549753162	0.865	0.083	5.61428190326958e-185
NXN	9	1.21995760511142e-186	5.30977964633654	0.473	0.013	2.20763528220963e-182
EFEMP1	9	1.7004165911723e-186	5.4860174904501	0.669	0.042	3.07707386338539e-182
NR5A2	9	3.41775926568905e-186	6.53531040922139	0.365	0.004	6.18477716719091e-182
EXOC6	9	2.88439950994701e-185	4.21706853809839	0.784	0.065	5.21960935320011e-181
SWAP70	9	3.80266476310154e-183	4.6636028375407	0.811	0.076	6.88130215530854e-179
BMP4	9	5.64904750248904e-181	8.32509270183104	0.311	0.001	1.02225163605042e-176
LIMS2	9	9.7574808655185e-181	4.76580633521028	0.581	0.028	1.76571373742423e-176
LEPR	9	6.41073480994962e-180	5.4932847360489	0.493	0.017	1.16008657120848e-175
RAI14	9	3.01372119435403e-179	4.19721559213479	0.696	0.047	5.45362987330305e-175
FAM171A1	9	7.26720400316826e-179	6.25648888783202	0.385	0.006	1.31507323641333e-174
ITGA5	9	9.7688687168171e-178	4.02131195365394	0.838	0.082	1.76777448299522e-173
HTRA1	9	4.69170549311955e-177	3.54364346610469	0.851	0.081	8.49011026034914e-173
RALGAPA2	9	2.05677702517186e-175	4.76456023993044	0.595	0.032	3.72194370475099e-171
SLC9A3R2	9	5.19755815783186e-175	4.54642255327893	0.791	0.072	9.40550124241254e-171
ADAM15	9	9.56317496562542e-174	4.62841981361287	0.716	0.057	1.73055214177958e-169
S100A16	9	2.0525888370431e-172	2.90572917961856	0.899	0.091	3.7143647595132e-168
MAGI1	9	5.36400747492612e-172	4.60627445437509	0.534	0.024	9.70670792662631e-168
TJP1	9	1.38556448813135e-169	4.1177900905747	0.642	0.041	2.50731749772249e-165
SPRY1	9	1.53429122110978e-168	4.73103842341242	0.791	0.078	2.77645339372027e-164
FAM107A	9	2.75052301466507e-168	7.9380695787218	0.291	0.001	4.97734644733791e-164
IPO11	9	3.67112202610537e-168	4.704755871008	0.527	0.024	6.64326241844028e-164
NOVA2	9	4.12201181494772e-168	8.6638946152828	0.277	0	7.4591925803294e-164
TMCC3	9	1.20553476177458e-164	5.04093794957561	0.473	0.018	2.18153570490727e-160
SORBS2	9	1.58140634531506e-164	4.26832665780362	0.534	0.025	2.86171292248213e-160
EMP1	9	3.48299488654925e-164	3.20314148419541	0.865	0.093	6.30282754669953e-160
MCAM	9	3.71079403417721e-164	3.16401995342939	0.743	0.061	6.71505288424708e-160
SOX7	9	4.22151641056656e-164	7.9655503151439	0.284	0.001	7.63925609656125e-160
ARHGEF15	9	4.52961889516412e-164	7.79221871225834	0.284	0.001	8.196798352689e-160
BCAR1	9	2.19507395339552e-163	4.19660259232065	0.581	0.033	3.97220582606453e-159
APP	9	3.69847212729914e-163	3.94675055532698	0.986	0.17	6.69275516156052e-159
CTGF	9	2.11301718758253e-162	4.06001515442871	0.926	0.125	3.82371590264934e-158
PTPRM	9	7.04386270361861e-162	4.55226546290171	0.601	0.038	1.27465739484682e-157
ABCG2	9	4.12019872662406e-161	5.40398824700282	0.432	0.014	7.4559116156989e-157
CD93	9	2.46142738384063e-160	4.00386967906371	0.973	0.164	4.454198993798e-156
RBP5	9	7.14274905005942e-160	7.72948295691038	0.277	0.001	1.29255186809875e-155
LHX6	9	1.06383165965412e-159	8.76119181663772	0.264	0	1.9251097713101e-155
BACE2	9	1.76020142238894e-159	3.86599914881706	0.73	0.064	3.18526049395503e-155
GALNT18	9	1.84531008947356e-159	5.27325377031142	0.426	0.014	3.33927313791136e-155
NTN4	9	3.66286633046442e-158	4.9509164582774	0.493	0.022	6.62832291160842e-154
PLLP	9	1.12559088564825e-157	6.49138645282649	0.318	0.004	2.03686926666908e-153
TGM2	9	2.35874639653073e-157	2.95947416772225	0.696	0.055	4.26838747916201e-153
PDE10A	9	1.58887950893315e-156	7.20725621153718	0.284	0.002	2.87523635936544e-152
HEG1	9	1.73356214325702e-156	4.45875731468057	0.635	0.047	3.1370540544379e-152
KIAA0355	9	2.9260472509649e-155	3.9864975438032	0.655	0.051	5.29497510534608e-151
RHOJ	9	4.17136310960729e-155	4.84683990754854	0.466	0.019	7.54849868314536e-151
SMAD9	9	9.09442693382882e-155	5.9204396847	0.345	0.006	1.64572749794566e-150
LIFR	9	8.28821591530051e-154	5.41165926035575	0.405	0.013	1.49983555203278e-149
MYO10	9	1.07250883646988e-153	4.95752194138797	0.446	0.017	1.9408119904759e-149
SNRK	9	2.00037965666041e-153	3.69156871067594	0.797	0.086	3.61988702669267e-149
GJA5	9	4.02258937131981e-153	8.23067709993894	0.304	0.004	7.27927772634033e-149
YES1	9	6.15645668370999e-153	3.94091232849062	0.628	0.046	1.11407240148416e-148
DCHS1	9	8.39663114540196e-153	5.03599599941105	0.432	0.016	1.51945437207194e-148
FAT4	9	6.12481229911923e-152	7.77368276082091	0.27	0.001	1.10834603364862e-147
CYR61	9	9.41591166253665e-152	3.72098731846348	0.797	0.088	1.70390337445263e-147
TLL1	9	1.50009479161176e-151	7.99251736274417	0.264	0.001	2.71457153490063e-147
NOS3	9	2.74973015307321e-151	6.4786379600845	0.297	0.003	4.97591168500129e-147
MCTP1	9	8.13089676215496e-151	4.3802342560235	0.73	0.074	1.47136707807956e-146
MET	9	1.10309517968082e-150	4.92212803485277	0.446	0.018	1.99616103715041e-146
GPR146	9	1.118616663879e-150	6.41983319180145	0.311	0.004	2.02424871495544e-146
BMPR2	9	2.0869935953032e-149	3.92317412075272	0.804	0.098	3.77662361006066e-145
COX7A1	9	2.44842968929395e-149	2.86115594252575	0.77	0.072	4.43067836574633e-145
APLN	9	3.46024874859323e-149	9.52303207944295	0.277	0.002	6.26166613545432e-145
RGS3	9	6.39888336608074e-149	4.9554866317992	0.622	0.048	1.15794193392597e-144
FLT4	9	8.2587604212853e-149	6.88970655716039	0.277	0.002	1.49450528583579e-144
TNFAIP1	9	1.06810070218158e-148	4.19412822194412	0.547	0.033	1.93283503066779e-144
NRN1	9	2.11247546359048e-148	3.9359741607196	0.615	0.045	3.82273559891333e-144
PPIC	9	4.24114214215895e-148	3.3469465549242	0.723	0.067	7.67477082045083e-144
GRB10	9	8.37770255241669e-148	4.83130957840297	0.446	0.019	1.51602905388532e-143
LMCD1	9	7.15435136764885e-147	3.80322703643493	0.642	0.051	1.29465142348974e-142
CLEC1A	9	1.54918734837861e-146	6.18104633221434	0.304	0.004	2.80340942562593e-142
CFI	9	2.51887779582981e-146	3.46990201264381	0.797	0.092	4.55816125933362e-142
SEMA3G	9	9.65039755155255e-146	7.44708322620965	0.277	0.003	1.74633594092895e-141
CAV2	9	1.49787455768382e-145	3.17137877874186	0.851	0.103	2.71055379958464e-141
PTRF	9	1.98144782446074e-145	2.92188696290955	0.919	0.125	3.58562798314416e-141
TMEM255B	9	9.33295257985743e-145	4.48665740842062	0.48	0.024	1.688891098851e-140
BGN	9	1.95422291108592e-144	2.87293348008761	0.736	0.069	3.53636177990109e-140
SELE	9	2.23809053478877e-144	9.6470207967184	0.264	0.002	4.05004863175376e-140
HSPA12B	9	1.71482593997228e-143	7.27325377031142	0.257	0.001	3.10314902097383e-139
MGST2	9	2.27742036924815e-142	3.78910851607923	0.899	0.148	4.12121990019146e-138
LAPTM4B	9	3.09285853509936e-142	3.58261986233129	0.662	0.057	5.59683680511579e-138
KCNJ2-AS1	9	3.57703543557264e-142	6.49396961384049	0.277	0.003	6.47300332421225e-138
PRSS23	9	7.82371509179918e-142	3.57828516353697	0.831	0.107	1.41577948301198e-137
CCDC3	9	3.14329069591983e-140	4.75468829680006	0.412	0.016	5.68809884333652e-136
PRRG1	9	2.74141985882788e-139	5.46002228191715	0.338	0.008	4.96087337653493e-135
PDLIM5	9	5.74584015725267e-139	3.46351126799703	0.845	0.116	1.03976723485644e-134
NNMT	9	7.05089892869722e-139	2.67620287432034	0.919	0.125	1.27593067013705e-134
HERC2	9	1.2639460151753e-137	3.80665081743284	0.804	0.106	2.28723670906122e-133
C4orf32	9	4.62346795928391e-137	3.7132089017946	0.669	0.063	8.36662761912015e-133
TCF4	9	1.78023199235024e-136	3.48053606491355	0.973	0.191	3.221507813357e-132
CCM2L	9	2.01518444750009e-136	6.82259236130186	0.257	0.002	3.64667777619616e-132
PIK3C2B	9	2.39116714542814e-135	4.52425108673211	0.5	0.031	4.32705606636676e-131
CALD1	9	1.19019754990462e-134	1.55231197319517	0.939	0.132	2.15378148630739e-130
SPARC	9	1.42173951126872e-134	2.96815584403876	0.98	0.182	2.57277981959188e-130
PIK3R3	9	2.69423402364821e-133	3.83348067744459	0.601	0.05	4.8754858891938e-129
CAV1	9	4.91994065795397e-133	3.98240890926988	0.939	0.189	8.9031246146335e-129
TSPAN9	9	7.63355580000585e-133	4.75220303341046	0.405	0.017	1.38136825756906e-128
THBS1	9	1.06144615234329e-132	3.32234248655103	0.959	0.179	1.92079295728042e-128
BCR	9	7.60576079726556e-132	4.25357140444972	0.486	0.029	1.37633847387318e-127
CFH	9	8.97006499217188e-132	2.89763962002492	0.831	0.112	1.62322296098342e-127
A4GALT	9	2.74430730780405e-131	4.27510456599937	0.459	0.025	4.96609850420222e-127
FSTL1	9	5.24658198927796e-131	2.36442239122847	0.75	0.078	9.4942147677974e-127
CDC42BPA	9	5.06911425345014e-130	3.72795548716378	0.595	0.05	9.17306915304337e-126
COL18A1	9	1.36365495680354e-129	2.12982657104619	0.865	0.114	2.46767000983169e-125
MFAP3	9	1.38472900454331e-128	4.3472543517552	0.459	0.026	2.50580560662158e-124
PTPRG	9	2.66095830423295e-128	4.54505838577295	0.439	0.023	4.81527014733994e-124
FZD6	9	2.81600326804648e-128	3.71231030628695	0.561	0.044	5.09583951385692e-124
PTPRK	9	3.90802617752747e-128	4.73066987186082	0.399	0.018	7.07196417085371e-124
FRY	9	6.31309748034861e-128	4.98970234713712	0.358	0.013	1.14241812004389e-123
NCKAP1	9	6.87518887415068e-127	3.6999730746379	0.601	0.053	1.24413417866631e-122
TANC1	9	3.12395089207576e-125	3.88655542003382	0.527	0.039	5.65310153430029e-121
SERPINA5	9	4.19014985251345e-125	5.55955795546806	0.277	0.005	7.58249517310834e-121
PVRL2	9	1.28662397837329e-124	3.21639106420636	0.858	0.138	2.3282747512643e-120
ID1	9	2.25652874344103e-124	3.81003998934558	0.858	0.148	4.08341441413088e-120
SPTBN1	9	8.80331676183555e-124	2.88181278459777	0.905	0.153	1.59304820122176e-119
CD200	9	6.03810385179849e-123	4.8118659547088	0.372	0.015	1.09265527302145e-118
NDST1	9	5.90249337041675e-122	4.39682845542996	0.405	0.02	1.06811520031062e-117
ARHGEF12	9	1.204580776911e-121	3.33596777977399	0.655	0.068	2.17980937389814e-117
PCDH1	9	2.17994095758635e-121	5.54575215594303	0.291	0.007	3.94482115684825e-117
SCARF1	9	6.92748095555959e-121	3.90505452149383	0.5	0.036	1.25359695371806e-116
ARL15	9	1.61945701325034e-120	5.27118242029173	0.453	0.029	2.93056941117781e-116
PKIG	9	4.34175564665176e-120	3.06863174323124	0.703	0.082	7.85684101818102e-116
ICAM2	9	9.0267871348642e-119	3.35144976013786	0.838	0.139	1.63348739992503e-114
ENG	9	1.28904882956418e-117	3.78755748701502	0.966	0.26	2.33266276197935e-113
DYSF	9	3.87713043430039e-117	3.91570176569334	0.466	0.031	7.01605523390999e-113
PLEKHG1	9	5.48448465408388e-117	4.63899242296247	0.378	0.018	9.92472343003018e-113
SMAD1	9	8.91012965120631e-117	5.12081619559795	0.358	0.015	1.61237706168229e-112
ALDH1A1	9	2.09170619732522e-116	3.57760441088552	0.642	0.071	3.78515153467972e-112
PTPN14	9	2.77410925024064e-116	4.56947342433315	0.385	0.019	5.02002809923546e-112
FAM84B	9	7.23932268753966e-116	5.5006642664145	0.277	0.006	1.31002783353718e-111
GFOD1	9	7.40133252938062e-116	5.06254315402261	0.331	0.012	1.33934513451672e-111
ZNF521	9	2.61674705122474e-115	5.30474405643924	0.284	0.007	4.73526546389628e-111
DOCK6	9	2.13165735875698e-114	4.55365735402838	0.358	0.016	3.85744715640663e-110
PDGFB	9	2.72852743331583e-114	3.52368091913947	0.595	0.06	4.93754324332832e-110
FAM89A	9	1.12992913070718e-113	3.97459545474691	0.554	0.052	2.04471975492771e-109
TSPAN18	9	1.80147489201201e-113	5.62994728335946	0.257	0.005	3.25994896458494e-109
PCGF2	9	3.06423663749688e-113	4.12515513132229	0.426	0.026	5.54504261921436e-109
GPRC5B	9	8.82906748720616e-113	5.704755871008	0.264	0.006	1.59770805248483e-108
IGFBP7	9	1.0875163232913e-112	3.3135756704393	1	0.292	1.96796953862794e-108
PPAP2B	9	1.45960488470999e-112	4.10487465172893	0.439	0.029	2.64130099937119e-108
TMTC1	9	2.01683725287889e-112	4.34146567156524	0.365	0.017	3.64966869280963e-108
RCAN1	9	9.82572309643783e-112	3.34581151231012	0.669	0.084	1.77806285153139e-107
ADAMTS6	9	1.09720604572202e-111	4.52886115824515	0.385	0.02	1.98550406033857e-107
STC1	9	6.25460289173191e-111	5.90748125888837	0.331	0.014	1.13183293928781e-106
ANKRD29	9	1.36695615395654e-110	4.63617923707098	0.345	0.015	2.47364385619975e-106
LRRC32	9	1.80393852306707e-110	3.49238478864993	0.547	0.05	3.26440715134218e-106
A2M	9	3.94496559158637e-110	3.79490880261614	0.986	0.284	7.13880973453469e-106
STOM	9	4.42054395721866e-110	3.36966356454753	0.953	0.235	7.99941634498289e-106
LMO2	9	1.65290896352061e-109	3.38385060143175	0.845	0.154	2.99110406038689e-105
TCF7L1	9	1.7868789355756e-108	4.57866677841577	0.338	0.015	3.23353612181761e-104
MAPK12	9	2.13920859219309e-108	4.4302749385231	0.351	0.016	3.87111186843262e-104
FAM43A	9	2.76257980901888e-108	3.54124607719112	0.568	0.058	4.99916442240056e-104
TSPAN12	9	8.99749788796958e-108	5.17051566472217	0.27	0.007	1.62818721780698e-103
LAMB1	9	5.71234970904106e-107	3.10664454840474	0.601	0.064	1.03370680334807e-102
CTTN	9	2.98043079269258e-106	2.67980348979706	0.736	0.1	5.39338756245649e-102
SLC44A2	9	5.50703589823917e-105	3.31027516241247	0.561	0.056	9.9655321614536e-101
EHD2	9	7.30059408009477e-105	3.22997628803727	0.514	0.045	1.32111550473395e-100
CSGALNACT1	9	2.14009056092023e-104	3.94982754959797	0.432	0.031	3.87270787904126e-100
ADAMTS1	9	4.0419079090772e-104	4.36154246426618	0.486	0.042	7.3142365522661e-100
ESM1	9	1.15853865016263e-103	5.46002228191715	0.365	0.02	2.09649154133429e-99
RPGR	9	1.30684111720902e-103	3.71278835229712	0.486	0.042	2.36485968570145e-99
ARHGEF28	9	7.53077980187221e-103	5.37513338433064	0.25	0.006	1.3627699129468e-98
TGFBR2	9	5.56619587162834e-102	2.96426831658501	0.858	0.181	1.00725880492986e-97
PIK3C2A	9	5.67280803937031e-102	3.15441649233172	0.703	0.102	1.02655134280445e-97
TMEM204	9	1.74906164074978e-101	3.82259236130186	0.446	0.035	3.1651019451008e-97
KIAA1462	9	2.47630726917244e-101	4.21378311862633	0.345	0.018	4.48112563429445e-97
FKBP1A	9	1.02614813720349e-100	3.37590923540655	0.993	0.487	1.85691766908344e-96
SULF2	9	1.42390281897461e-100	3.41046645744292	0.574	0.065	2.57669454121645e-96
PAWR	9	6.34901170413394e-100	3.97459545474691	0.412	0.029	1.14891715798008e-95
LRP6	9	1.58249049133487e-99	4.67058926785681	0.311	0.014	2.86367479311958e-95
PLS3	9	1.77588512540006e-99	2.78136969857535	0.696	0.097	3.21364172292396e-95
TUBB6	9	2.33952393192421e-99	2.96933972929541	0.649	0.085	4.23360250721005e-95
SERPINH1	9	4.75451935262452e-99	2.7711261932679	0.655	0.085	8.60377822050934e-95
FN1	9	2.47651952397902e-98	1.71713870873535	0.885	0.181	4.48150973059243e-94
C8orf4	9	8.99063109053957e-98	2.67026141987428	0.581	0.065	1.62694460214404e-93
YBX3	9	1.25523993218748e-97	2.73356295427497	0.919	0.233	2.27148218128647e-93
CUBN	9	4.35145163623749e-97	5.53308574410687	0.25	0.007	7.87438688093536e-93
APBB2	9	6.15720023377144e-97	3.81274457534551	0.419	0.032	1.11420695430328e-92
SHROOM4	9	6.83992416329377e-97	5.2044629966455	0.25	0.007	1.23775267658964e-92
RAPGEF4	9	9.46931149672253e-97	5.07161990914177	0.257	0.008	1.71356660844691e-92
FOXO1	9	1.26038866718667e-96	3.38796413366513	0.52	0.053	2.280799332141e-92
ELK3	9	3.61057986622489e-96	2.88424895265065	0.831	0.172	6.53370532592057e-92
S100A13	9	6.13422564094727e-96	2.40861605739333	0.831	0.153	1.11004947198582e-91
LAMA5	9	1.08010899041322e-95	3.37703291724612	0.534	0.058	1.95456522905176e-91
MIR4435-1HG	9	2.06955257663811e-94	2.93862490997346	0.872	0.193	3.74506234268432e-90
PEAR1	9	2.61692192658292e-94	4.2376298605807	0.324	0.017	4.73558191834445e-90
FEZ2	9	2.68345827128905e-94	2.87263304380145	0.784	0.152	4.85598608772467e-90
CRNDE	9	1.20784097346677e-92	3.2376298605807	0.534	0.059	2.18570902558546e-88
RBPMS	9	1.23311205357156e-92	3.11345044935997	0.493	0.048	2.23143957214309e-88
FGF2	9	2.83170452822565e-92	3.82684183430322	0.426	0.035	5.12425251427713e-88
PBX1	9	3.88605563075315e-92	4.13227686043447	0.351	0.022	7.0322062694109e-88
DBN1	9	1.55297023116911e-91	3.46002228191715	0.446	0.039	2.81025493032362e-87
IL6	9	3.32188688157137e-91	4.05830616113614	0.297	0.014	6.01128650089155e-87
CTNNAL1	9	5.77207301309499e-91	3.12397307878514	0.561	0.067	1.04451433244967e-86
TENC1	9	7.06037363053971e-91	3.58721429837093	0.419	0.034	1.27764521218247e-86
FRYL	9	6.12838350432711e-90	2.76556141626548	0.716	0.119	1.10899227894303e-85
FKBP9	9	1.86135045593373e-89	3.21808967418506	0.541	0.064	3.36829978505768e-85
SEPW1	9	4.01436615745312e-89	2.80174921062223	0.98	0.44	7.26439699852717e-85
ECE1	9	1.39768368963619e-88	2.79874561934749	0.757	0.14	2.52924840476565e-84
ENPP2	9	4.44176982799081e-88	4.38830877307837	0.723	0.145	8.03782668073217e-84
IGFBP4	9	5.37242440787762e-88	1.91026787964271	0.899	0.203	9.72193920849535e-84
ID3	9	7.71115203500172e-88	2.62238017481419	0.946	0.282	1.39541007225391e-83
SOX4	9	1.3384115282668e-87	2.74425091002007	0.642	0.095	2.4219895015516e-83
LPHN2	9	2.16060355073966e-87	4.12397307878514	0.338	0.021	3.90982818541849e-83
FAM198B	9	5.43622401206717e-87	2.98129010732092	0.75	0.15	9.83739097223676e-83
AFF3	9	8.93936003527327e-87	4.11606788069979	0.385	0.031	1.61766659198305e-82
LAMA4	9	8.9599710900131e-87	2.60693627146129	0.662	0.098	1.62139636844877e-82
HEY1	9	1.37492350120724e-86	5.17406473180324	0.304	0.017	2.48806156778462e-82
ARAP3	9	1.62360860881856e-86	4.82259236130186	0.25	0.009	2.93808213851807e-82
MLLT4	9	2.46329540866764e-86	4.29009728047484	0.318	0.019	4.45757937152496e-82
FILIP1L	9	3.01251104217873e-86	3.12397307878514	0.514	0.059	5.45143998192663e-82
UACA	9	4.47073232072223e-86	2.42926002814646	0.622	0.087	8.09023720757894e-82
OSMR	9	4.91950197125226e-86	3.14170544058217	0.466	0.047	8.90233076717809e-82
PRKCDBP	9	5.12845013288553e-86	2.19941776948747	0.764	0.135	9.28044336046965e-82
CCDC85B	9	7.28903291818259e-86	2.41608205434815	1	0.446	1.31902339687432e-81
IFI27	9	1.75387374968239e-84	2.64248679304952	1	0.416	3.17380993742526e-80
FBLIM1	9	4.10781620425336e-84	3.14491948676593	0.466	0.048	7.43350420321687e-80
ITPRIP	9	7.41846459031566e-84	3.56827517256917	0.439	0.043	1.34244535226352e-79
RELL1	9	1.40064250045043e-83	3.63771701839357	0.399	0.034	2.5346026688151e-79
ENTPD1	9	1.72961193687208e-83	3.05320528944328	0.669	0.117	3.12990576096372e-79
CMIP	9	1.91277590993148e-83	2.85516022375829	0.703	0.128	3.46135928661201e-79
MYO1B	9	3.33016384094237e-83	3.20156060587318	0.405	0.035	6.02626448656931e-79
KAZN	9	4.14685491067547e-83	4.36887439385896	0.277	0.014	7.50414864635834e-79
HDGFRP3	9	7.5720030297714e-83	3.30371905103847	0.432	0.042	1.37022966826743e-78
ZEB1	9	9.30554377300895e-83	3.19277562479644	0.486	0.054	1.6839312011637e-78
NRP1	9	2.42115546566729e-82	2.50266940230487	0.757	0.145	4.38132293067154e-78
MGP	9	8.95430539367187e-82	1.52967509367071	0.824	0.187	1.62037110403886e-77
CMTM8	9	1.39037249522274e-81	4.04815206171699	0.324	0.021	2.51601806735507e-77
EOGT	9	2.03736040189147e-81	3.66647315938458	0.399	0.036	3.68680738326281e-77
MYH9	9	2.68074610643851e-81	2.36270699363082	0.892	0.226	4.85107815421113e-77
FBLN5	9	6.41661708104921e-81	5.91710996008615	0.311	0.02	1.16115102698666e-76
HES1	9	6.96138790209831e-81	3.08130246253911	0.77	0.175	1.25973275476371e-76
PPAP2A	9	7.17911030330841e-81	4.37726439659533	0.486	0.059	1.29913180048669e-76
LDLR	9	3.16617467151546e-80	3.46167013479863	0.5	0.062	5.72950968557438e-76
MATN2	9	3.40770919505107e-80	4.55250319793411	0.27	0.014	6.16659055936442e-76
TTC28	9	3.22778507625897e-79	4.00316460694368	0.311	0.02	5.84099987399823e-75
NOTCH1	9	3.96752582276927e-79	3.35180088050001	0.466	0.053	7.17963472888328e-75
LAMC1	9	1.70256478349133e-78	2.36004140082038	0.608	0.09	3.08096123220591e-74
MPDZ	9	2.44399847333207e-78	4.15356559579223	0.297	0.018	4.42265963734172e-74
CTNNB1	9	5.33958544143663e-78	2.68983715245009	0.791	0.19	9.66251381482372e-74
F2R	9	6.2752850178569e-78	2.51773777977344	0.574	0.081	1.13557557683138e-73
ICA1	9	8.76786403251424e-78	3.85060673747146	0.324	0.023	1.58663267532378e-73
RAB11A	9	1.20255193196556e-77	2.63854049015677	0.845	0.227	2.17613797608488e-73
BMP6	9	2.1405703950988e-77	4.20520838288832	0.277	0.015	3.8735761869708e-73
C10orf10	9	2.78852901239474e-77	4.70788070242517	0.473	0.06	5.04612210082953e-73
CTTNBP2NL	9	4.58514109974727e-77	3.16234173327647	0.48	0.058	8.29727133410266e-73
GRASP	9	7.02277957685395e-77	1.87146472565791	0.703	0.122	1.27084219222749e-72
MYO6	9	3.48207359457092e-76	3.42404298481158	0.385	0.035	6.30116037673554e-72
TSPAN2	9	5.67688669108415e-76	4.55410352537596	0.284	0.017	1.02728941561859e-71
TFPI	9	2.49754381412483e-75	2.16846783607331	0.561	0.078	4.5195552860403e-71
NREP	9	2.64219702865047e-75	3.82259236130186	0.392	0.039	4.78131974304589e-71
PPP1R3B	9	5.59007949985936e-75	3.47776386430442	0.419	0.044	1.01158078629455e-70
NQO1	9	5.68821347497659e-75	3.94544910908739	0.291	0.018	1.02933911043176e-70
PLXND1	9	8.05091574304798e-75	2.52735913307992	0.736	0.156	1.45689371286196e-70
SNTB2	9	1.12896313018958e-74	3.22055634722176	0.446	0.051	2.04297168039107e-70
ANKRD50	9	1.89513082368925e-74	3.31876662330611	0.392	0.038	3.42942873854807e-70
PTMS	9	3.00574797856304e-74	2.07281899083503	0.973	0.351	5.43920154200768e-70
C11orf96	9	3.19995572169043e-74	1.74319179211549	0.628	0.101	5.790639873971e-70
APOLD1	9	3.33905600884613e-74	3.37513338433064	0.432	0.048	6.04235575360796e-70
GAS2L1	9	4.03935652736099e-74	3.68900920692327	0.372	0.034	7.30961957191245e-70
CNN3	9	1.82698492313437e-73	1.40848886115725	0.736	0.126	3.30611191690395e-69
ACTN1	9	7.96060417460142e-73	2.58227803196815	0.628	0.11	1.44055093143587e-68
ZDHHC13	9	1.31606787880317e-72	3.70157696034049	0.351	0.031	2.38155643348222e-68
NEDD4	9	1.55766366592283e-72	3.86566108319374	0.311	0.023	2.81874816985396e-68
ARHGAP23	9	8.48699295783656e-72	3.6266721513266	0.338	0.028	1.5358062456501e-67
ATP11C	9	2.38696437572508e-71	3.20327835578993	0.446	0.054	4.31945073431211e-67
RHOC	9	2.53977660988901e-71	2.00316460694368	0.932	0.285	4.59597975325515e-67
CD151	9	7.11643335373961e-71	1.84107793214704	0.926	0.261	1.28778977969272e-66
SYCE1L	9	1.43427780155992e-70	2.93096852234665	0.5	0.07	2.59546910970283e-66
DUSP6	9	1.58410355349067e-70	2.46164785396619	0.777	0.184	2.86659379039671e-66
NGFRAP1	9	2.2269208276046e-70	1.52974459843649	0.804	0.168	4.02983592963328e-66
DUSP23	9	3.30657694758705e-70	2.99602093020508	0.73	0.185	5.98358164435352e-66
PALM	9	7.52929726199443e-70	4.42607494999381	0.25	0.014	1.36250163253051e-65
CDC42EP1	9	1.19857596330323e-69	2.98765160757236	0.446	0.054	2.16894306319353e-65
RCN1	9	1.38278192140833e-69	2.13491102548374	0.764	0.169	2.50228216498051e-65
CLDN15	9	1.67714622139932e-69	4.05865971953538	0.291	0.021	3.0349638022442e-65
ITGB1	9	5.00942907049755e-69	1.8995163379524	0.973	0.362	9.06506284597236e-65
SASH1	9	7.09697105130197e-69	3.2376298605807	0.405	0.045	1.2842678814436e-64
IL6ST	9	1.08433203361682e-68	2.42178347762946	0.784	0.198	1.96220724803301e-64
FOXC1	9	2.75336923365634e-68	3.81539685989766	0.291	0.021	4.98249696522451e-64
SHC1	9	5.46944696141932e-68	2.66091135395445	0.595	0.105	9.89751122138439e-64
EPB41L4A	9	7.05363961383653e-68	4.07097999117125	0.27	0.018	1.27642662451986e-63
IL1R1	9	1.22450646231115e-67	3.49738913438164	0.365	0.037	2.21586689419825e-63
YPEL2	9	3.96122234060746e-67	3.03855851347887	0.486	0.07	7.16822794756326e-63
LMBR1	9	4.12022266586493e-67	3.51064835498712	0.351	0.034	7.45595493614918e-63
FAM101B	9	5.2587955889918e-67	2.58934142449072	0.649	0.128	9.51631649783956e-63
MACF1	9	7.38237151835842e-67	2.13151282821478	0.831	0.217	1.33591394996214e-62
RNF144B	9	8.8117778405056e-67	3.57840401636407	0.527	0.089	1.59457931801789e-62
CYTL1	9	1.13257872001879e-66	4.62757637889672	0.318	0.028	2.049514451746e-62
NUDT14	9	2.13863054496168e-66	2.54529726234289	0.649	0.135	3.87006583416266e-62
DOCK1	9	2.2768257863197e-66	3.14648197252251	0.405	0.047	4.12014394292413e-62
CYB5A	9	2.96116970231301e-66	2.60291432466245	0.581	0.103	5.35853269330563e-62
PRKCH	9	7.5793936669222e-66	2.61313899567291	0.473	0.064	1.37156707796624e-61
SEPT10	9	1.82997577401536e-65	2.90018876632202	0.439	0.057	3.3115241606582e-61
FABP5	9	3.25642523162313e-65	2.98425556579748	0.723	0.181	5.89282709914522e-61
JAG1	9	4.37350713354883e-65	3.54003850474864	0.405	0.049	7.91429850886996e-61
BHLHE40	9	4.888009659657e-65	2.1896618273971	0.845	0.246	8.84534228011531e-61
TSC22D1	9	7.19395216238093e-65	1.96386904815385	0.736	0.167	1.30181758330445e-60
FADS3	9	1.31687914262307e-64	3.33073926497218	0.466	0.068	2.3830244964907e-60
ETS2	9	1.96219016561396e-64	2.63716626631936	0.696	0.169	3.55077932369502e-60
CTNND1	9	2.27323790611928e-64	2.57785877221101	0.595	0.112	4.11365131491345e-60
GNAQ	9	2.59636385951431e-64	2.45668656935389	0.642	0.131	4.69838004017709e-60
PLSCR4	9	7.17087637970859e-64	3.27184557591862	0.345	0.034	1.29764178967207e-59
LPCAT2	9	1.21047215567787e-63	2.5289319914373	0.635	0.13	2.19047041291468e-59
CDK17	9	1.18062173643294e-62	2.5546030735253	0.561	0.099	2.13645309424905e-58
LAYN	9	1.43020266847954e-62	3.76814457727948	0.297	0.025	2.58809474888057e-58
HEBP1	9	2.02462093299719e-62	2.37193095229229	0.662	0.145	3.66375404035172e-58
RAB13	9	2.56600144151881e-62	1.95677770869626	0.811	0.227	4.64343620857243e-58
VCAM1	9	3.97615399127258e-62	3.37193095229229	0.331	0.033	7.19524826260687e-58
FBN1	9	4.2387206429673e-62	2.68068173602914	0.432	0.058	7.67038887551363e-58
GIMAP7	9	4.32895959064269e-62	2.44954895068764	0.655	0.142	7.83368527522701e-58
HIP1R	9	1.86795588975394e-61	3.37513338433064	0.331	0.033	3.38025297809873e-57
DSTN	9	2.14171414430674e-61	1.48360643247825	0.946	0.386	3.87564591553748e-57
IFITM3	9	3.27544950450727e-61	1.79846340482347	1	0.678	5.92725342335636e-57
PPP3CA	9	4.09426209371614e-61	2.51516383610961	0.635	0.134	7.40897668478873e-57
MAPK3	9	5.74964042151838e-61	2.55714474881526	0.581	0.112	1.04045493067797e-56
SERPINB6	9	7.34752898195921e-61	2.18872026009976	0.791	0.223	1.32960884457534e-56
PXDN	9	1.76666349379947e-60	4.29057874052966	0.304	0.028	3.19695425837952e-56
ANXA2	9	1.9457419362574e-60	1.56464261206232	0.973	0.442	3.52101460785139e-56
DGKH	9	2.67149763191438e-60	3.26272084154353	0.331	0.034	4.83434211471225e-56
HES4	9	3.23497362479143e-60	2.72215902410637	0.547	0.101	5.85400827142258e-56
CNKSR3	9	3.33049334352081e-60	3.61614148383443	0.304	0.028	6.02686075443525e-56
ATP1B3	9	4.9324441559929e-60	2.18239319513522	0.811	0.247	8.92575094468476e-56
VIM	9	5.49385967108566e-60	1.68901481294252	1	0.757	9.94168846079661e-56
PLEKHA1	9	5.73741783818566e-60	2.98212912743232	0.426	0.059	1.03824313199808e-55
BNC2	9	7.03545068713947e-60	3.55580582060696	0.277	0.023	1.27313515634476e-55
EGLN1	9	2.33117052680006e-59	2.75816048870686	0.52	0.092	4.21848618529739e-55
PON2	9	2.82046664228103e-59	2.59328881278061	0.561	0.108	5.10391643587176e-55
SESN3	9	1.18878454143632e-58	3.4014826719035	0.493	0.087	2.15122450618317e-54
PPP1R13B	9	2.26801737271109e-58	3.9095756628965	0.257	0.02	4.10420423765799e-54
CD59	9	2.31982184838736e-58	1.82150640337261	0.973	0.563	4.19794961684177e-54
TSPAN15	9	3.41537031193861e-58	3.70103038142095	0.351	0.041	6.18045411648411e-54
GNG12	9	4.03747103064339e-58	2.21332395406457	0.541	0.094	7.30620757705227e-54
ACTN4	9	1.9981693860212e-57	1.76492903513531	0.912	0.319	3.61588732094395e-53
NFIA	9	2.00079376717356e-57	2.58203181726649	0.5	0.085	3.62063640107728e-53
SEC14L1	9	2.36530772759398e-57	1.90405140595441	0.892	0.318	4.28026086385406e-53
PARVB	9	8.10466732961359e-57	2.12591947308369	0.669	0.154	1.46662059996688e-52
MDK	9	8.19308572519829e-57	2.00829137363139	0.615	0.128	1.48262079283188e-52
F11R	9	1.22419784217985e-56	3.38058781442275	0.318	0.033	2.21530841520867e-52
UTRN	9	2.97182106464526e-56	2.16339610373989	0.791	0.23	5.37780739858206e-52
TOX2	9	5.63272939913529e-56	3.57281405217033	0.25	0.019	1.01929871206752e-51
GJA4	9	7.24571131949576e-56	3.93972499489986	0.264	0.022	1.31118392037595e-51
MYL12B	9	1.56011748049002e-55	1.60647939178761	0.959	0.749	2.82318859269475e-51
GFOD2	9	3.33043599941323e-55	3.37660627372951	0.304	0.031	6.02675698453818e-51
PHACTR2	9	1.29001539935765e-54	2.30256859228102	0.635	0.145	2.3344118666776e-50
RALB	9	1.81070691118589e-54	2.60959863796766	0.541	0.108	3.27665522648198e-50
MARCKSL1	9	1.83115045517713e-54	2.38108738889557	0.764	0.25	3.31364986368853e-50
SYPL1	9	2.28743218261952e-54	1.99477333668454	0.764	0.218	4.13933727766828e-50
LAMB2	9	3.25626612317103e-54	2.29121090078555	0.486	0.083	5.89253917649029e-50
AGPAT5	9	3.54728260181645e-54	3.05503844730223	0.365	0.047	6.41916259624704e-50
HLX	9	4.99779204311343e-54	3.27610400839534	0.324	0.037	9.04400448121807e-50
CADPS2	9	8.39288119015411e-54	3.64202011566004	0.264	0.023	1.51877578017029e-49
CYB5R3	9	1.11932949762574e-53	1.87099699326491	0.777	0.226	2.02553865890355e-49
PTTG1IP	9	2.07599823842453e-53	1.96317427566708	0.764	0.225	3.75672641225304e-49
CPD	9	2.36339816564174e-53	2.57555843416178	0.466	0.079	4.2768053205453e-49
LIMA1	9	1.28152077480398e-52	1.79149506455686	0.561	0.107	2.31903999408529e-48
TMEM181	9	1.66193724433789e-52	3.0633789337356	0.372	0.051	3.00744163735385e-48
ROCK2	9	1.68715932302801e-52	2.46152587250754	0.568	0.125	3.05308351095148e-48
GPR126	9	6.84600947477531e-52	4.31824832078899	0.284	0.03	1.23885387455534e-47
ORAI1	9	1.11504311718818e-51	2.35208858516562	0.568	0.122	2.01778202486373e-47
MMP28	9	1.2144266112408e-51	3.182134747989	0.297	0.032	2.19762639570135e-47
CCDC50	9	1.400599866898e-51	1.93883826449127	0.757	0.224	2.53452551913862e-47
PPP2R5A	9	1.69646558408487e-51	2.56693748583366	0.486	0.09	3.06992412095999e-47
GSN	9	1.83762187486436e-51	1.23598638779137	0.899	0.295	3.32536054475454e-47
TMOD3	9	2.23608372103745e-51	2.06617900490743	0.608	0.136	4.04641710158937e-47
SRP14	9	3.37699891333863e-51	1.51121485086784	0.986	0.927	6.11101723357759e-47
TAGLN2	9	4.10026501561753e-51	1.60338645708833	0.966	0.476	7.41983957226148e-47
CAMSAP2	9	4.813735768233e-51	2.88296497928134	0.372	0.052	8.71093624619443e-47
LEPROT	9	5.0305687815091e-51	1.95267339949765	0.75	0.221	9.10331726701888e-47
KCTD10	9	6.56270235755549e-51	3.08825223654248	0.324	0.039	1.18758661862324e-46
THBD	9	7.5595252261486e-51	2.68621991957057	0.399	0.061	1.36797168492385e-46
DPYSL3	9	8.85287056517175e-51	2.97666978298477	0.324	0.039	1.60201545747348e-46
RRAGA	9	1.06498462420279e-50	2.10298033388592	0.622	0.148	1.92719617595737e-46
CDC42BPB	9	1.06926960438709e-50	2.6022624064223	0.439	0.074	1.93495027609888e-46
ABCB1	9	1.5477369859414e-50	3.29421338894707	0.297	0.033	2.80078484975955e-46
CPXM2	9	3.48038203855378e-50	3.01207016016557	0.324	0.04	6.29809933696692e-46
BCAP29	9	1.2587229388634e-49	2.05765119447447	0.676	0.182	2.27778503016722e-45
NFAT5	9	1.31458670001523e-49	2.3909806374875	0.547	0.119	2.37887609234757e-45
ARL2	9	2.28661033464939e-49	1.69573608175143	0.791	0.235	4.13785006158153e-45
TSPAN6	9	2.56411386761397e-49	3.33278709362104	0.277	0.029	4.64002045483424e-45
PXN	9	2.69163215811407e-49	2.4710605533696	0.466	0.086	4.87077755332323e-45
PTPN12	9	3.24375247275409e-49	2.28442407205964	0.534	0.111	5.86989447469579e-45
PTPLAD1	9	3.43892371965478e-49	2.19359709251804	0.608	0.147	6.22307636308729e-45
ASPH	9	4.09519488961613e-49	2.07760332020463	0.642	0.162	7.41066467224934e-45
RBMS3	9	4.29480990263501e-49	2.80738995465819	0.345	0.046	7.77188799980832e-45
UCK2	9	6.53817252053403e-49	3.49346876501029	0.25	0.023	1.18314769931584e-44
RDX	9	7.49456362461221e-49	1.89976022182432	0.669	0.173	1.35621623350983e-44
TAOK2	9	8.70925226721055e-49	2.96754069721296	0.331	0.043	1.57602629027442e-44
SEPN1	9	1.43751219832743e-48	2.1329674992089	0.52	0.106	2.60132207409332e-44
RBFOX2	9	1.61049105540163e-48	3.25305990115031	0.284	0.031	2.91434461385479e-44
INPP1	9	4.00428672981541e-48	2.60894598243023	0.399	0.063	7.24615726627397e-44
NID1	9	4.2009425680994e-48	2.64688500726554	0.405	0.066	7.60202567123268e-44
RASAL2	9	6.96655683254184e-48	3.00443068428767	0.318	0.04	1.26066812441677e-43
ITGA6	9	7.34926014409796e-48	1.97148954387909	0.689	0.187	1.32992211567597e-43
AKR1C3	9	7.80705064380202e-48	3.26737720397475	0.277	0.03	1.41276388450241e-43
CEP68	9	7.89453701236192e-48	2.95621692543205	0.365	0.054	1.42859541775701e-43
TSHZ2	9	1.21790891016036e-47	2.76294941487446	0.372	0.056	2.2039279638262e-43
SH2D3C	9	1.31966895122777e-47	3.19881061169017	0.311	0.039	2.38807293414177e-43
C9orf3	9	1.3709715027267e-47	2.67203268472648	0.392	0.062	2.48091003133423e-43
TRIM47	9	1.87585068130104e-47	2.83745032002897	0.345	0.048	3.39453939288236e-43
CRYBG3.1	9	2.58986975041755e-47	3.41717928091141	0.27	0.029	4.68662830035559e-43
SERPINE1	9	3.99572513128805e-47	2.39276275417836	0.459	0.085	7.23066419757886e-43
EHD4	9	5.33305062881e-47	2.46278236510239	0.52	0.116	9.65068841789457e-43
TNKS1BP1	9	6.16354781570734e-47	3.11733562686299	0.284	0.032	1.1153556127304e-42
CRYBG3	9	7.66280718367069e-47	3.22674154443797	0.331	0.045	1.38666158795705e-42
UGCG	9	1.04609342239213e-46	2.40911032852506	0.608	0.162	1.8930106571608e-42
MXRA7	9	1.43862334648842e-46	1.42864015643215	0.622	0.145	2.60333280780544e-42
MSRB3	9	1.45209043334434e-46	2.5548200364614	0.338	0.046	2.62770284817992e-42
PHLDB2	9	1.58197046934287e-46	3.27157719250404	0.257	0.026	2.86273376132286e-42
CD109	9	1.70332096086107e-46	2.52036006775542	0.365	0.054	3.08232961077419e-42
HHEX	9	2.17174798380113e-46	2.20877499790852	0.527	0.114	3.92999515148652e-42
PAM	9	2.54686311517018e-46	2.51139067300756	0.439	0.08	4.60880349321197e-42
FGFR1	9	6.05675227581111e-46	3.1560999750841	0.27	0.03	1.09602989183078e-41
RIMKLB	9	7.69805251175155e-46	2.74429783532511	0.365	0.056	1.39303958252656e-41
FLI1	9	9.3614021849182e-46	2.15885274719659	0.541	0.122	1.6940393393828e-41
MYOF	9	2.11376002237956e-45	2.34588275123273	0.459	0.089	3.82506013649806e-41
CXCL12	9	5.99654848980394e-45	3.29938087167215	0.345	0.052	1.08513541471492e-40
LRRC8C	9	8.33948600180634e-45	2.60959863796766	0.378	0.061	1.50911338688688e-40
POMP	9	8.71981848743949e-45	1.599155895746	0.953	0.713	1.57793835348705e-40
HDAC7	9	1.0658871039566e-44	2.31563237258198	0.493	0.104	1.92882930331986e-40
BTBD3	9	1.55468122665518e-44	3.25411798336927	0.264	0.029	2.81335114775522e-40
CDC37	9	4.80804778530638e-44	1.59304337717313	0.878	0.356	8.70064327229043e-40
FAM65A	9	6.19911928328898e-44	2.43876973268855	0.432	0.082	1.12179262550397e-39
FAR1	9	7.4649797221966e-44	2.25596168335296	0.527	0.122	1.3508627305287e-39
EMP2	9	1.63225510730314e-43	2.26439677014349	0.399	0.068	2.95372884217575e-39
NCOA7	9	3.50370472385133e-43	2.62764509338511	0.689	0.251	6.34030406828136e-39
GPR56	9	3.58157015733519e-43	2.55771895580428	0.297	0.038	6.48120935671376e-39
VASH1	9	1.21757972076918e-42	2.84277024323949	0.324	0.048	2.20333226270391e-38
POSTN	9	1.42696599819979e-42	1.43395176763245	0.399	0.072	2.58223767034233e-38
AFAP1	9	1.78142541451852e-42	2.95752194138797	0.291	0.038	3.22366743011271e-38
ARHGAP31	9	2.00106205734039e-42	3.19323574122225	0.277	0.035	3.62112189896317e-38
CTNNA1	9	2.28692871712495e-42	1.92095749114484	0.588	0.149	4.13842620650931e-38
MAP3K11	9	2.75746268275849e-42	2.16945835793912	0.52	0.121	4.98990447071977e-38
TUSC1	9	3.33118176938278e-42	2.92212803485277	0.284	0.036	6.02810652987508e-38
ARGLU1	9	7.70706843823003e-42	2.51869379882222	0.885	0.396	1.39467110458211e-37
NRARP	9	9.3878002428635e-42	1.59533418479359	0.554	0.134	1.69881633194858e-37
CPNE2	9	9.58264656362408e-42	3.07413112829782	0.291	0.039	1.73407572215341e-37
ARRDC3	9	1.03076280652626e-41	1.98286191530304	0.764	0.287	1.86526837468993e-37
TBCD	9	1.20051854446069e-41	2.44486247474614	0.399	0.072	2.17245835805607e-37
ADAMTS4	9	1.37688143185212e-41	3.09745220253244	0.25	0.028	2.4916046390796e-37
SLC25A13	9	4.32999189750487e-41	2.40890128773053	0.399	0.073	7.83555333772482e-37
PROS1	9	1.06652602926675e-40	1.70259258519123	0.473	0.101	1.9299855025611e-36
MRPL33	9	1.10088730286905e-40	1.73693627675715	0.838	0.412	1.99216566327183e-36
TPM4	9	1.24872694814907e-40	1.35134954464747	0.926	0.432	2.25969628537056e-36
PTK2	9	1.91612341062233e-40	2.00413973036092	0.412	0.077	3.46741692386217e-36
FYN	9	2.10528306722103e-40	1.90043500904003	0.493	0.107	3.80972023844318e-36
RFK	9	2.5636084136275e-40	2.38615238529079	0.405	0.077	4.63910578530033e-36
WBP5	9	5.82444603679246e-40	1.20009224466205	0.655	0.177	1.05399175481796e-35
RHOB	9	1.3429649047213e-39	2.01978630478895	0.851	0.436	2.43022929158366e-35
CDC42EP3	9	2.27641312942708e-39	2.2876705430803	0.439	0.093	4.11939719901125e-35
MAP1LC3A	9	2.74233049984061e-39	1.97582275813091	0.514	0.122	4.96252127251157e-35
SHROOM1	9	6.2676576568184e-39	3.41096146346626	0.257	0.033	1.13419532957786e-34
LUZP1	9	6.28896965487761e-39	2.46440072242772	0.331	0.053	1.13805194874665e-34
TLE1	9	6.33897056832257e-39	3.07716518838746	0.311	0.048	1.14710011404365e-34
MRPL17	9	6.8548266512676e-39	1.8863578041112	0.649	0.203	1.24044943081338e-34
EID1	9	6.87277908257201e-39	1.4209791908931	0.851	0.337	1.24369810278223e-34
PRMT1	9	9.19884130398444e-39	1.76737901873624	0.709	0.241	1.66462232236902e-34
WARS	9	1.01470687462488e-38	1.59902939625747	0.622	0.172	1.83621356032118e-34
FDPS	9	1.2875015601279e-38	1.88890170634962	0.703	0.245	2.32986282320744e-34
EBPL	9	1.52464439276124e-38	1.81797573323149	0.628	0.183	2.75899649314074e-34
FAM129B	9	2.80597881295894e-38	1.94311722327374	0.466	0.104	5.0776992599305e-34
SUN1	9	3.17249579410432e-38	2.18318207655833	0.446	0.097	5.74094838901117e-34
MYL12A	9	3.36109632236822e-38	1.15690466165636	0.973	0.822	6.08223990495753e-34
PPM1F	9	3.93357737626383e-38	2.49569801352115	0.351	0.062	7.11820162008703e-34
DPYSL2	9	7.75515412435956e-38	1.828238924443	0.649	0.204	1.40337269034411e-33
DPP8	9	8.77479831865292e-38	2.33992843642684	0.439	0.097	1.58788750374343e-33
KTN1	9	2.95951417553089e-37	1.45026641371056	0.845	0.347	5.3555368520407e-33
FLNA	9	4.38944991988135e-37	1.20858706134329	0.75	0.241	7.94314857501728e-33
ADARB1	9	7.5653973923496e-37	2.51433920331157	0.318	0.052	1.36903431211958e-32
MYO1C	9	1.1118275588786e-36	2.26006724970046	0.426	0.093	2.01196315054672e-32
GOLM1	9	4.86494313752248e-36	2.87854876727587	0.264	0.037	8.80360110166067e-32
C10orf128	9	7.82172212204737e-36	2.45335855163614	0.378	0.076	1.41541883520569e-31
VAT1	9	9.47324003626123e-36	1.88890170634962	0.52	0.135	1.71427751696183e-31
LMNA	9	1.64700275216647e-35	1.29950930816738	0.865	0.347	2.98041618032045e-31
WWC2	9	2.10556888774127e-35	2.87084752990908	0.25	0.034	3.8102374592566e-31
NLK	9	2.18222862368301e-35	2.97983210311306	0.264	0.038	3.94896091741678e-31
SPRY4	9	2.27152200890461e-35	2.68123651205632	0.27	0.039	4.11054622731378e-31
PLOD2	9	2.30602684678005e-35	1.97203974984315	0.27	0.038	4.17298618193318e-31
ABL2	9	2.42736024631967e-35	1.91041716256507	0.527	0.141	4.39255110174007e-31
ETS1	9	2.93331689846907e-35	1.37413186048556	0.682	0.207	5.30813025946964e-31
TRIOBP	9	2.97761224899927e-35	2.4582290000941	0.372	0.075	5.38828712578908e-31
SNRPE	9	6.89835110330875e-35	1.50380397394506	0.764	0.29	1.24832561565475e-30
PDLIM4	9	8.36971905636338e-35	0.649968210258591	0.48	0.109	1.51458436043952e-30
GINM1	9	1.19737847122972e-34	1.8035913993718	0.561	0.162	2.16677608153731e-30
CAPNS1	9	1.61977438717609e-34	1.58812710766484	0.703	0.254	2.93114373103385e-30
TAF1C	9	2.72170476334216e-34	2.75958256377606	0.27	0.041	4.92519693974398e-30
LIMS1	9	3.11525949075464e-34	1.55866986985006	0.743	0.288	5.63737357446959e-30
PSMB5	9	4.24194124197589e-34	1.6003839689268	0.676	0.231	7.67621687147958e-30
LPP	9	5.66672561176507e-34	1.41374904143222	0.581	0.17	1.02545066670501e-29
FLOT2	9	7.0718815184916e-34	2.21490978408062	0.378	0.078	1.27972767958624e-29
COL6A2	9	1.06891620844389e-33	0.401212472920635	0.595	0.159	1.93431077080007e-29
TNFSF10	9	1.16846105342681e-33	1.23952939349618	0.851	0.342	2.11444712228116e-29
SH3BP5	9	1.43361337615689e-33	2.22236310392739	0.446	0.11	2.59426676549351e-29
FERMT2	9	1.61773630958475e-33	2.41096146346626	0.304	0.052	2.92745562582456e-29
ITGB4	9	1.90266202264599e-33	2.24445112643672	0.297	0.049	3.44305719618018e-29
LATS2	9	3.34302091679878e-33	2.53719014243961	0.304	0.053	6.04953065103908e-29
PFKP	9	4.58859232272012e-33	2.82259236130186	0.257	0.038	8.30351666719433e-29
MT-CYB	9	4.68020711021111e-33	1.05423615411085	0.993	0.946	8.46930278663802e-29
ASRGL1	9	4.83542166796511e-33	2.95290038364759	0.284	0.048	8.75017905034967e-29
EFCAB14	9	5.12642272531639e-33	2.09561085570827	0.459	0.117	9.27677456373254e-29
CHSY1	9	6.06361859655033e-33	2.07788623548662	0.439	0.107	1.09727242123175e-28
DDX21	9	6.16475085447733e-33	1.52555544195621	0.628	0.197	1.11557331462622e-28
FAM213A	9	6.27127937477016e-33	2.00733224115891	0.432	0.104	1.13485071565841e-28
ADD1	9	6.92936158679575e-33	2.14916895976729	0.588	0.194	1.25393727274656e-28
IL13RA1	9	7.27258982199414e-33	1.93544570099176	0.52	0.15	1.31604785418806e-28
SLC39A10	9	1.19264386730904e-32	1.8979374862175	0.527	0.152	2.15820834228243e-28
MAFK	9	1.22981494531395e-32	2.36973339658805	0.345	0.068	2.22547312504013e-28
ARHGAP17	9	2.1864789706497e-32	2.58128272662278	0.291	0.05	3.9566523452877e-28
PPFIBP1	9	2.79206785281602e-32	1.52491181266117	0.399	0.086	5.05252598645588e-28
TMEM30A	9	2.89423339253273e-32	1.65543379415092	0.696	0.259	5.23740474712723e-28
HSD17B12	9	3.46032099581287e-32	2.21636124382705	0.466	0.126	6.26179687402297e-28
TWSG1	9	3.57890056089286e-32	2.37867374203589	0.318	0.059	6.47637845499172e-28
RGL2	9	3.9232405898225e-32	1.9631489280958	0.426	0.101	7.0994961713428e-28
NUDCD1	9	4.24440161901089e-32	2.79221871225834	0.27	0.044	7.6806691697621e-28
EI24	9	5.22547135647351e-32	1.89213329455494	0.486	0.132	9.45601296667446e-28
STK25	9	6.14710733459837e-32	2.48555737402429	0.324	0.063	1.11238054326892e-27
AGRN	9	7.70332001828651e-32	2.36316074266456	0.358	0.076	1.39399279050913e-27
DLC1	9	8.71822107379486e-32	1.48809559291144	0.412	0.091	1.57764928551392e-27
RNF145	9	9.9711015282485e-32	1.53411074950764	0.682	0.247	1.80437053255185e-27
PRCP	9	1.27148992069039e-31	2.67556776196963	0.554	0.207	2.30088816048134e-27
CAPZA2	9	1.43486261890037e-31	1.39819275881932	0.824	0.372	2.59652739516211e-27
FOXP1	9	1.79224281009866e-31	1.92875791851879	0.507	0.144	3.24324258915453e-27
CPT1A	9	1.9485532811351e-31	2.37309327787582	0.324	0.063	3.52610201754208e-27
CD46	9	2.067891483058e-31	1.68772241766	0.743	0.345	3.74205642774176e-27
TNFRSF10B	9	2.22763955651985e-31	1.99370427769461	0.473	0.127	4.03113654147832e-27
POLE4	9	2.51026688316339e-31	1.66915548264812	0.628	0.218	4.54257895177247e-27
NR2F2	9	3.5120774814445e-31	1.56331987426426	0.419	0.098	6.35545541042197e-27
IFT43	9	3.65192415956691e-31	2.11109745465177	0.378	0.084	6.60852195915227e-27
GRK5	9	4.10766185486429e-31	2.80076599884868	0.25	0.039	7.43322489256242e-27
MSMO1	9	4.55572331954298e-31	2.68229252896882	0.311	0.061	8.24403691904498e-27
GNS	9	6.17563132658095e-31	1.6198115317075	0.601	0.196	1.11754224485809e-26
FCHO2	9	7.14243916741256e-31	2.00059066327985	0.432	0.109	1.29249579173498e-26
RSU1	9	9.52965575955278e-31	1.9230251064992	0.453	0.119	1.72448650624867e-26
IRF2BP2	9	1.09291929499994e-30	1.74721299636655	0.601	0.208	1.97774675623188e-26
TEAD1	9	1.12649117912458e-30	2.17501788328102	0.331	0.066	2.03849843774384e-26
ATP8A1	9	1.23400034333609e-30	2.5416360474708	0.291	0.053	2.23304702130099e-26
ENAH	9	1.41492814558136e-30	2.10165219106173	0.27	0.044	2.56045397224403e-26
SEPT8	9	1.55039878664688e-30	2.76907685197486	0.25	0.039	2.80560164431619e-26
ZFYVE21	9	1.62174847441386e-30	2.21877083332939	0.405	0.1	2.93471603929932e-26
LSMD1	9	1.72043979814481e-30	1.27452325540564	0.872	0.511	3.11330785872285e-26
GBP4	9	1.84736146848701e-30	2.05830616113614	0.466	0.129	3.34298531337409e-26
ATP11A	9	1.97904701314089e-30	2.25640706761133	0.345	0.073	3.58128347497975e-26
MFNG	9	3.19008177410004e-30	1.74257433221268	0.486	0.134	5.77277197841144e-26
TGFB1I1	9	4.83729554406674e-30	1.61439734293183	0.372	0.08	8.75357001654318e-26
CFDP1	9	7.47432452902988e-30	1.95709339689027	0.486	0.142	1.35255376677325e-25
YWHAE	9	1.04905481526858e-29	1.21648592998476	0.878	0.444	1.89836959371002e-25
HMOX2	9	1.16691615705541e-29	1.96461136617429	0.446	0.119	2.11165147780747e-25
EML3	9	1.19298235731226e-29	2.08562676713565	0.338	0.07	2.15882087379227e-25
GIMAP4	9	1.21904394005467e-29	1.59498483223787	0.608	0.207	2.20598191392294e-25
VGLL4	9	1.41002650007625e-29	1.85111805948315	0.459	0.125	2.55158395453798e-25
TMEM245	9	1.43960681932234e-29	2.00059066327985	0.378	0.087	2.6051125002457e-25
MYC	9	1.54971374080978e-29	2.39917372123536	0.304	0.059	2.80436198536938e-25
KIAA1147	9	1.67169227841481e-29	2.78042290705792	0.284	0.053	3.02509434701945e-25
SYNCRIP	9	1.98085171058672e-29	1.53078425479083	0.615	0.213	3.58454925547773e-25
WASF2	9	2.05277150104797e-29	1.56999970218971	0.628	0.221	3.71469530829641e-25
NDUFA8	9	2.20522317699118e-29	1.65266735985955	0.554	0.176	3.99057186108324e-25
C1orf54	9	2.42442063828274e-29	1.68014809628165	0.5	0.148	4.38723158703645e-25
RCN2	9	3.36419612520859e-29	1.36455667411444	0.682	0.25	6.08784930817746e-25
PUM1	9	3.74541168610419e-29	1.91209952901314	0.446	0.12	6.77769698717415e-25
SCARB1	9	4.9039244619463e-29	2.86106650911649	0.264	0.047	8.87414170633803e-25
PKN2	9	5.00779287761553e-29	1.63576529994913	0.547	0.172	9.06210199133306e-25
NDRG1	9	1.08064961266631e-28	2.10543524821583	0.446	0.124	1.95554353908095e-24
BNIP2	9	1.08432542195151e-28	1.4519428558211	0.635	0.223	1.96219528356346e-24
GABARAPL2	9	1.16609274959742e-28	1.22217620817419	0.878	0.544	2.11016143967149e-24
LHFP	9	1.76102204190987e-28	1.29618204293582	0.345	0.072	3.1867454870401e-24
LRCH1	9	2.34960897953963e-28	2.66315973367719	0.264	0.047	4.25185240937492e-24
FOSL2	9	2.38839788746782e-28	1.75149738651897	0.574	0.199	4.32204481716176e-24
OCIAD2	9	2.46086940959502e-28	1.44719824155957	0.615	0.21	4.45318928360316e-24
VAMP5	9	4.43339542201715e-28	1.03390665068832	0.912	0.481	8.02267235568223e-24
ATP2B4	9	4.64330866221472e-28	1.72200656393346	0.473	0.136	8.40253135514375e-24
CTHRC1	9	5.38639888776588e-28	1.04170965060545	0.507	0.158	9.74722742730113e-24
ABI2	9	6.51676143704402e-28	2.12771216850267	0.345	0.078	1.17927314964749e-23
SYNE2	9	7.56000275243497e-28	1.38677329988651	0.682	0.249	1.36805809808063e-23
TBC1D15	9	9.02550643785407e-28	1.65266735985955	0.52	0.161	1.63325564499407e-23
GIT1	9	1.00798708637024e-27	2.5006642664145	0.277	0.053	1.82405343149559e-23
NUCB1	9	1.09823024998721e-27	1.34930361172607	0.703	0.279	1.98735746037685e-23
SSFA2	9	1.11997116601257e-27	1.73315727771991	0.48	0.142	2.02669982201635e-23
ATN1	9	1.31109233071987e-27	2.03599599941105	0.405	0.107	2.37255268167067e-23
DOCK4	9	1.38750778982554e-27	2.45627014705604	0.277	0.053	2.5108340964683e-23
GNA11	9	1.40532378295136e-27	2.44472609482064	0.257	0.045	2.54307391762877e-23
PEA15	9	1.5308172653111e-27	1.75913151014072	0.453	0.128	2.77016692330697e-23
STARD4	9	1.87625419904513e-27	2.27469195480225	0.351	0.083	3.39526959859206e-23
TMEM43	9	2.0799496173776e-27	1.88665323318284	0.372	0.089	3.7638768276065e-23
ELOVL1	9	2.15195915657673e-27	1.97728956391617	0.399	0.104	3.89418528974124e-23
SNRPD1	9	2.16970347744438e-27	1.34567331593572	0.676	0.256	3.92629541278334e-23
PLEC	9	2.44944400480643e-27	1.62352101420003	0.5	0.152	4.43251387109772e-23
AKT3	9	3.54276517424419e-27	2.55173845100877	0.257	0.046	6.41098785931229e-23
CD320	9	3.97074750059477e-27	1.65266735985955	0.514	0.161	7.18546467707629e-23
RPS6	9	4.11609914130273e-27	0.769984935095722	0.993	0.98	7.44849300610141e-23
STX12	9	4.50630814324145e-27	1.71011763204345	0.547	0.188	8.15461521600973e-23
HSPB1	9	5.27129728764323e-27	0.817318704737921	0.878	0.46	9.53893957171919e-23
TSPAN14	9	6.99669524033525e-27	1.55955795546806	0.5	0.152	1.26612197069107e-22
CISD1	9	7.29004966250623e-27	1.73186919088793	0.446	0.127	1.31920738692713e-22
LRRC8A	9	1.12985171116128e-26	2.1538615028881	0.297	0.061	2.04457965651744e-22
GIMAP8	9	1.18857016724466e-26	2.31479772110316	0.297	0.062	2.15083657464593e-22
NEDD9	9	1.21752556242024e-26	1.83884584230071	0.473	0.144	2.20323425775567e-22
TSPAN13	9	1.38778999377997e-26	1.74286516883112	0.405	0.106	2.51134477274424e-22
APOL1	9	1.61966324134154e-26	1.92535193572706	0.372	0.092	2.93094260153165e-22
SHFM1	9	1.69513716494796e-26	1.0462756490996	0.892	0.563	3.06752021368983e-22
SOCS2	9	2.28553215522574e-26	1.6800735172002	0.324	0.07	4.1358989880965e-22
PDCL	9	2.35941329593556e-26	2.05121673634982	0.351	0.085	4.26959430032499e-22
WSB1	9	2.42036911005834e-26	1.11479756711865	0.919	0.479	4.37989994156158e-22
AHR	9	2.84341137790415e-26	1.69473141942609	0.574	0.207	5.14543722945535e-22
MSN	9	2.98606394859893e-26	1.26404820888524	0.743	0.32	5.40358132138462e-22
STMN1	9	3.17046679886077e-26	2.65424493797288	0.493	0.172	5.73727671921845e-22
CRK	9	3.37597728439108e-26	2.07880256802172	0.351	0.085	6.1091684938341e-22
CHMP3	9	4.08770343567695e-26	1.51031443644822	0.527	0.17	7.39710813720102e-22
HIP1	9	6.16164524852961e-26	2.40650677259015	0.257	0.048	1.11501132417392e-21
DUT	9	6.52608417685128e-26	1.29242233342108	0.709	0.296	1.18096019264301e-21
C1orf21	9	6.70066120319153e-26	2.37601334473662	0.25	0.045	1.21255165132954e-21
CCT2	9	7.15871896402849e-26	1.63707050480853	0.507	0.164	1.2954417837306e-21
IFITM2	9	8.86029577652491e-26	0.951485018012918	0.939	0.618	1.60335912371995e-21
ASAP1	9	9.08677652060322e-26	1.83459216239227	0.439	0.13	1.64434307916836e-21
ELK4	9	9.2487991528415e-26	1.81087894073807	0.399	0.106	1.6736626946982e-21
MAP4	9	9.50593078978155e-26	1.46844964154933	0.493	0.155	1.72019323571887e-21
ITGA1	9	1.04287029263916e-25	1.22906784707728	0.405	0.104	1.88717808155982e-21
NAA10	9	1.14922803350604e-25	1.43186118941505	0.635	0.246	2.07964304943253e-21
MGMT	9	1.49114503260922e-25	1.45161984092145	0.581	0.206	2.69837605100965e-21
FSCN1	9	3.42955702422988e-25	1.90652233891894	0.412	0.114	6.20612639104639e-21
SCAMP1	9	3.93447419156914e-25	1.96461136617429	0.358	0.09	7.11982449706352e-21
CPNE8	9	5.46256485827967e-25	2.37780751862896	0.291	0.063	9.88505736754289e-21
CNST	9	5.53210326098955e-25	2.09177899411725	0.291	0.062	1.00108940610867e-20
TNFRSF1A	9	5.58273691055473e-25	1.20471523810797	0.669	0.25	1.01025207133398e-20
SOS1	9	9.34760230705375e-25	1.83274897633803	0.459	0.146	1.69154211348445e-20
PDE4D	9	1.08071949265906e-24	1.83950213981194	0.324	0.075	1.95566999391583e-20
TCEAL4	9	1.08646455056584e-24	1.1470273117998	0.588	0.203	1.96606625070394e-20
LRRFIP1	9	1.57994983188802e-24	1.31689313910536	0.662	0.276	2.85907721578455e-20
TNFRSF4	9	2.18721111069366e-24	2.88818070292944	0.311	0.074	3.95797722591125e-20
CSRP1	9	3.12797993188604e-24	0.674200521409188	0.723	0.281	5.66039248474097e-20
PPP2R2A	9	3.76632107074051e-24	1.61950049592435	0.48	0.156	6.81553460961204e-20
ERC1	9	3.94477220814852e-24	2.14311226179641	0.291	0.064	7.13845978786556e-20
CYB5B	9	4.95578611297598e-24	2.05739985074665	0.345	0.088	8.96799055004133e-20
RNF7	9	6.0191444009436e-24	1.28093364480156	0.75	0.356	1.08922437079475e-19
CD2AP	9	7.54362059997896e-24	1.76632414165511	0.426	0.128	1.36509358377219e-19
TNS1	9	8.50107398073505e-24	1.94158039751895	0.27	0.056	1.53835434755382e-19
AK1	9	8.95410901724746e-24	1.59902939625747	0.378	0.101	1.6203355677611e-19
ARL4A	9	9.53173983387657e-24	1.72795548716378	0.574	0.22	1.7248636403383e-19
CDC27	9	9.53614017254621e-24	1.63733570610356	0.453	0.141	1.72565992562396e-19
CCDC104	9	9.58674162471025e-24	2.11733562686299	0.284	0.062	1.73481676440757e-19
NAP1L1	9	1.02471970938522e-23	1.13489175499144	0.804	0.388	1.85433278610349e-19
CNRIP1	9	1.1579252365894e-23	2.18700378751073	0.27	0.057	2.09538150813218e-19
C5orf42	9	1.28549781949656e-23	1.93277527905228	0.304	0.07	2.32623685416097e-19
NHP2	9	1.34702714767206e-23	1.38963295402575	0.581	0.218	2.43758032642737e-19
CRBN	9	1.37221946636941e-23	1.58440983145599	0.48	0.158	2.48316834634209e-19
TCEA2	9	1.59797406217871e-23	1.71156104891312	0.432	0.131	2.8916938629186e-19
OSBPL1A	9	1.60354101478666e-23	1.86588264428469	0.405	0.12	2.90176782035794e-19
PITPNC1	9	1.84585704718638e-23	2.30634261066472	0.257	0.053	3.34026291258847e-19
B4GALT5	9	1.96045768169218e-23	2.31824832078899	0.264	0.055	3.54764422079017e-19
NAV1	9	2.58236688701168e-23	2.2376298605807	0.257	0.052	4.67305111873634e-19
ZNF638	9	2.73994641616052e-23	1.38752529106376	0.534	0.185	4.95820703468407e-19
NFE2L1	9	2.90442244704975e-23	1.58934142449072	0.439	0.135	5.25584286018123e-19
FLOT1	9	2.9962378919932e-23	1.16568001870169	0.736	0.326	5.4219920893509e-19
ABCD4	9	3.23508344944326e-23	1.87737364703424	0.331	0.082	5.85420701011252e-19
EIF4G1	9	3.68399207778717e-23	1.59377367080598	0.486	0.165	6.66655206396366e-19
CD9	9	3.97969964785764e-23	1.15329041314806	0.642	0.265	7.20166448276319e-19
PDLIM2	9	4.3740551771499e-23	1.15643377773272	0.527	0.175	7.91529024857047e-19
SEPT2	9	4.92224971032088e-23	1.0489682965568	0.791	0.357	8.90730307579667e-19
SLC30A1	9	7.21752699493719e-23	2.09897632079467	0.318	0.079	1.30608368500383e-18
DHRS7B	9	8.34116823889029e-23	2.2101491241586	0.297	0.071	1.50941780450959e-18
SIGIRR	9	9.2321672155671e-23	1.2361152199787	0.622	0.239	1.67065297932902e-18
SNX3	9	9.93054998494336e-23	1.02329720903821	0.885	0.607	1.79703232527535e-18
SAMD4A	9	1.00830813342872e-22	2.03117898311328	0.311	0.076	1.8246343982526e-18
PARVA	9	1.01928161041488e-22	1.95046718385402	0.27	0.058	1.84449200220677e-18
GABPA	9	1.03818167256908e-22	1.99884300099359	0.304	0.072	1.87869355468102e-18
PDLIM7	9	1.10146420178933e-22	1.44036375614668	0.419	0.121	1.99320961955797e-18
HDAC2	9	1.15852541017334e-22	2.01523743924425	0.351	0.096	2.09646758224968e-18
VAMP3	9	1.16888772104192e-22	1.50523699620432	0.48	0.159	2.11521921999747e-18
AHNAK	9	1.38607511591251e-22	0.830921345496321	0.851	0.382	2.50824152975527e-18
PYURF	9	1.38670318134862e-22	1.12215264316077	0.736	0.324	2.50937807696847e-18
FRMD4B	9	1.79902367373622e-22	1.17199888675085	0.547	0.189	3.25551323999306e-18
YWHAG	9	2.06317985195132e-22	1.68391829384399	0.405	0.122	3.7335302600911e-18
ADIPOR2	9	2.06756258273178e-22	2.28121912912839	0.25	0.052	3.74146124971143e-18
MTX2	9	2.42431015515194e-22	1.63303855311061	0.432	0.135	4.38703165676296e-18
HERC1	9	2.61142860444141e-22	1.63374649796232	0.48	0.167	4.72564120259718e-18
KIAA0020	9	2.6888031215684e-22	2.01944969053117	0.291	0.068	4.86565812879019e-18
HSBP1	9	3.27219201874398e-22	1.07361029121083	0.838	0.467	5.92135867711911e-18
TRIQK	9	3.32054401109651e-22	2.1393277869689	0.257	0.054	6.00885644248024e-18
SLC2A3	9	3.47372402960027e-22	1.29939302810484	0.615	0.249	6.28605100396465e-18
KIAA1430	9	3.57599996164193e-22	1.30308292206932	0.534	0.191	6.47112953058724e-18
RAC1	9	3.85514842527557e-22	0.846642723779912	0.946	0.581	6.97627659037867e-18
PDCD6	9	4.23095390750858e-22	1.14677643012959	0.716	0.326	7.65633419102753e-18
C5orf24	9	5.0276917171154e-22	1.52867864258409	0.412	0.124	9.09811093129203e-18
NDUFA12	9	5.05864762012481e-22	1.14918056114431	0.736	0.356	9.15412873337785e-18
ENO1	9	5.32917168328489e-22	0.954810802732457	0.858	0.474	9.64366907807234e-18
UHRF2	9	6.21720311903664e-22	1.88665323318284	0.331	0.087	1.12506507642087e-17
TNPO1	9	6.73453071191047e-22	1.60868966279894	0.419	0.13	1.21868067762732e-17
BCL10	9	6.98124904865018e-22	1.78746413789826	0.399	0.122	1.26332682784374e-17
SERINC3	9	8.25554675790755e-22	1.33622331463091	0.601	0.244	1.49392374131095e-17
PIP5K1C	9	8.84847987369628e-22	2.28343355019383	0.27	0.062	1.60122091794408e-17
PLSCR1	9	1.0064312762483e-21	0.961930351103316	0.818	0.392	1.82123803749892e-17
AAMDC	9	1.03493284835979e-21	1.82536944597243	0.378	0.111	1.87281448239188e-17
TNIP2	9	1.09515740894247e-21	1.71596994176806	0.385	0.114	1.98179684722229e-17
KIF1C	9	1.69098223515245e-21	2.19323574122225	0.25	0.054	3.06000145273187e-17
FNIP2	9	1.82957797450236e-21	2.06770485913839	0.297	0.074	3.31080430265947e-17
PDLIM3	9	1.89972310159293e-21	1.04628587550348	0.277	0.062	3.43773892464257e-17
SF3B14	9	2.07417748373103e-21	1.01735645314916	0.845	0.468	3.75343157455967e-17
SQLE	9	2.11384936238053e-21	2.09886579062485	0.277	0.065	3.82522180616381e-17
PHF10	9	2.55100003363902e-21	2.18451852412114	0.304	0.078	4.61628966087316e-17
PRKDC	9	4.2558074481062e-21	1.54898871375788	0.453	0.155	7.70130915809297e-17
PSMG4	9	4.62832657791225e-21	1.76495373543391	0.385	0.118	8.37541977539e-17
SMURF2	9	4.79622025504546e-21	1.62505512865169	0.385	0.115	8.67924017353027e-17
PGM2	9	6.36289284944288e-21	2.1672405326893	0.264	0.061	1.15142909003518e-16
PHF14	9	6.41340301965207e-21	1.50264191585494	0.432	0.14	1.16056941043624e-16
TES	9	6.47676963760843e-21	1.95005327048412	0.297	0.075	1.17203623362162e-16
PNP	9	7.0449984292851e-21	1.29192001608166	0.48	0.165	1.27486291576343e-16
MGST3	9	7.0853036863102e-21	0.851571428273624	0.899	0.559	1.28215655507469e-16
BAG5	9	7.09266117722961e-21	1.87357629002066	0.324	0.087	1.28348796663147e-16
TMEM109	9	7.11902119907198e-21	1.35180088050001	0.52	0.19	1.28825807618407e-16
IVNS1ABP	9	9.55528188566288e-21	1.67805267827946	0.561	0.235	1.72912381002956e-16
IL15	9	9.70192541357164e-21	2.14299298644263	0.304	0.08	1.75566042283992e-16
OAF	9	9.93648657679074e-21	1.90944277522166	0.27	0.063	1.79810661093605e-16
GFM1	9	1.08793336493686e-20	2.12757631511579	0.25	0.055	1.96872421718974e-16
HECTD1	9	1.13853114389501e-20	1.33731191889567	0.493	0.174	2.06028595799241e-16
APLP2	9	1.2809097684813e-20	0.886846903021155	0.784	0.355	2.31793431704375e-16
DDX17	9	1.28788995265843e-20	0.836687191187645	0.905	0.51	2.33056565833069e-16
C16orf80	9	1.29976768631269e-20	1.91016358215191	0.297	0.075	2.35205960515145e-16
NTAN1	9	1.3031995349689e-20	1.42752956178428	0.453	0.152	2.35826987847971e-16
EIF6	9	1.37178872189688e-20	1.18451852412114	0.581	0.227	2.48238887114459e-16
METTL9	9	1.45122095397095e-20	1.1879990928561	0.581	0.227	2.62612943830584e-16
GIMAP1	9	1.72655893373848e-20	1.34639586018516	0.514	0.189	3.12438104649316e-16
PXDC1	9	1.81512428594016e-20	1.76788095095789	0.392	0.125	3.28464890783731e-16
HINT1	9	1.85162098369536e-20	0.764582225429457	0.926	0.76	3.35069333209513e-16
ADIRF	9	1.90772624986669e-20	1.32036231492633	0.351	0.098	3.45222142175877e-16
RALGAPA1	9	1.9470543433817e-20	1.88546956427392	0.378	0.118	3.52338953978353e-16
MOB2	9	1.97771307978139e-20	1.7711261932679	0.392	0.124	3.5788695891724e-16
SMC6	9	2.15376944450784e-20	1.86417146505326	0.277	0.066	3.89746118678139e-16
ELAVL1	9	2.29589551862098e-20	1.46553604301089	0.446	0.151	4.15465253049653e-16
GGT5	9	2.3802589667831e-20	1.30998070480539	0.25	0.054	4.30731662629069e-16
CAMTA1	9	2.43656314830841e-20	1.0738361690081	0.696	0.309	4.40920467317891e-16
ADSS	9	2.580620683918e-20	1.52939598495781	0.412	0.133	4.66989118961801e-16
PICALM	9	2.67427162695397e-20	1.23297349814948	0.595	0.242	4.8393619361359e-16
ERO1L	9	2.72577946770503e-20	1.62882061790518	0.473	0.175	4.93257052475902e-16
PPIA	9	3.10750755559257e-20	0.547235806509928	0.973	0.934	5.62334567260031e-16
LAMTOR5	9	3.52317863361149e-20	1.11325544752942	0.703	0.33	6.37554405538336e-16
NDUFC1	9	3.97241747614429e-20	1.06396002889587	0.757	0.367	7.1884866648307e-16
MT-CO3	9	4.14850391864564e-20	0.699054527629137	1	0.994	7.50713269118116e-16
RUVBL1	9	4.52427330220906e-20	1.97889559218053	0.27	0.065	8.18712496767751e-16
MLEC	9	4.67518994676811e-20	1.29948833098774	0.608	0.269	8.46022372767157e-16
SERBP1	9	4.93210652581811e-20	1.00391620635682	0.811	0.425	8.92513996912045e-16
PCNX	9	5.14830861465027e-20	1.62072446735679	0.372	0.112	9.31637926907112e-16
DST	9	5.19757680184503e-20	1.12119626590275	0.5	0.177	9.40553498061877e-16
CNIH4	9	5.67470730420623e-20	1.40305346978807	0.446	0.15	1.02689503376916e-15
VCL	9	5.77324029450223e-20	1.52260681929517	0.318	0.085	1.04472556369312e-15
EIF3B	9	6.00873478366137e-20	1.54758531380199	0.432	0.146	1.08734064645136e-15
DDIT4	9	7.35898959190083e-20	1.3430700668829	0.716	0.379	1.33168275655037e-15
ESF1	9	7.51303245293981e-20	1.27776925143392	0.486	0.173	1.35955835268399e-15
SHISA5	9	7.54364649702457e-20	1.22906784707728	0.608	0.259	1.36509827010157e-15
FLYWCH2	9	8.05904431083676e-20	1.48274235841723	0.446	0.155	1.45836465848902e-15
OAZ2	9	8.50970735484921e-20	1.59567738127472	0.446	0.158	1.53991664293351e-15
IFITM1	9	1.04504974440881e-19	1.1200363232259	0.865	0.668	1.89112201748219e-15
LAPTM4A	9	1.17234217848171e-19	0.97358268177384	0.851	0.506	2.12147040618051e-15
DCTPP1	9	1.88170179598887e-19	1.82954512194363	0.318	0.088	3.40512757002145e-15
MAFF	9	1.89480152207792e-19	1.28676156791158	0.493	0.182	3.42883283435221e-15
CTSF	9	1.92688739270471e-19	1.68417833260476	0.338	0.097	3.48689542583844e-15
PGS1	9	1.97144151721612e-19	1.79631303650301	0.318	0.088	3.5675205695543e-15
ATRX	9	2.01155685979419e-19	1.03218120270265	0.709	0.336	3.64011329348357e-15
TXNDC9	9	2.28487676841584e-19	1.45556138013396	0.446	0.157	4.1347130001253e-15
ODF2L	9	2.98446113745603e-19	1.31303726323872	0.453	0.156	5.40068087434043e-15
BCAP31	9	3.19255622225373e-19	0.982277240469856	0.743	0.356	5.77724973979034e-15
G3BP1	9	3.87698586079054e-19	1.35057444655745	0.48	0.177	7.01579361368656e-15
PTMA	9	4.10332809766437e-19	0.553898485394301	1	0.995	7.42538252553344e-15
CDC123	9	4.31329669812539e-19	1.57249701117556	0.405	0.135	7.8053417049277e-15
JMJD1C	9	4.56475569946527e-19	1.2539316729098	0.655	0.312	8.26038191375236e-15
INF2	9	5.13379782809025e-19	1.97459545474691	0.27	0.068	9.29012054971212e-15
GIMAP6	9	5.95288419549949e-19	1.5006642664145	0.399	0.13	1.07723392401759e-14
MBNL2	9	6.12113746640177e-19	1.17171574384936	0.574	0.232	1.10768103592006e-14
USP22	9	6.51232369049767e-19	1.47641672016782	0.378	0.118	1.17847009503246e-14
REXO2	9	6.56600891386191e-19	0.950310802623482	0.669	0.284	1.18818497305245e-14
HDAC1	9	6.58823748590008e-19	1.72355084601606	0.378	0.125	1.19220745544848e-14
MAP4K4	9	8.61390504253224e-19	1.63672581599052	0.351	0.107	1.55877225649663e-14
ZNF22	9	8.80911823784941e-19	2.00684965375154	0.284	0.076	1.59409803632123e-14
GDF15	9	1.00395199945912e-18	1.13237007284225	0.264	0.065	1.81675153822122e-14
KBTBD2	9	1.11828892771323e-18	1.75138541080944	0.351	0.108	2.02365564358986e-14
DFFA	9	1.18449758584804e-18	1.94344675617624	0.264	0.066	2.1434668313506e-14
MPRIP	9	1.22961875072776e-18	1.29999574154108	0.392	0.125	2.22511809131696e-14
RPS6KA3	9	1.41865202169238e-18	1.33073926497218	0.419	0.14	2.56719269845453e-14
TPRKB	9	1.58417598326313e-18	1.41745089816551	0.459	0.169	2.86672485931297e-14
ENY2	9	1.59374257930951e-18	0.954428855190739	0.784	0.429	2.88403657151849e-14
SCOC	9	1.75251949741595e-18	1.18003355924127	0.514	0.195	3.1713592825239e-14
PLOD1	9	1.87120404724326e-18	1.84029436303532	0.25	0.06	3.38613084389141e-14
BMP1	9	2.05417688960609e-18	1.69765481463286	0.25	0.059	3.71723849943118e-14
FKBP10	9	2.06001512036416e-18	1.69811033062071	0.264	0.065	3.72780336181099e-14
CD99	9	2.1078142677395e-18	0.825421730792533	0.905	0.561	3.8143006989014e-14
PRKAA1	9	2.2108772924572e-18	1.68417833260476	0.324	0.095	4.00080354843054e-14
NCK1	9	2.63435109619538e-18	1.46644855107658	0.419	0.145	4.76712174367515e-14
CCT6A	9	2.74929663487473e-18	1.13367889654179	0.534	0.209	4.97512719046932e-14
ATP2A2	9	2.76740224778124e-18	1.26723632266603	0.473	0.176	5.00789110758493e-14
MMP2	9	2.92088684497395e-18	1.70036410189084	0.277	0.073	5.28563683466485e-14
CTBP2	9	3.09220532187589e-18	2.08707018400532	0.27	0.071	5.59565475046662e-14
ABCE1	9	3.11873346153267e-18	1.51303282384491	0.432	0.157	5.64366007198953e-14
RNF11	9	3.5907462619372e-18	1.7415486409458	0.318	0.092	6.49781443560156e-14
CLTB	9	3.75302409848597e-18	0.943009111689076	0.689	0.318	6.79147240862022e-14
JUP	9	3.86816188850088e-18	1.94695269967778	0.297	0.085	6.99982575343119e-14
UBE2G2	9	3.92641236785592e-18	1.58993160451158	0.351	0.109	7.10523582087208e-14
SLFN12	9	3.96330141049514e-18	1.92227441961683	0.27	0.07	7.171990232432e-14
ARID5B	9	3.9864318211747e-18	1.68846808128739	0.426	0.154	7.21384702359773e-14
EGLN2	9	4.06764847856018e-18	1.58889144942623	0.358	0.113	7.36081668680251e-14
KMT2E	9	4.23453427421205e-18	1.03599599941105	0.615	0.266	7.66281322261413e-14
FOXK1	9	4.37893285398817e-18	1.86839605091498	0.264	0.067	7.92411689257699e-14
CSNK1A1	9	4.38346397182578e-18	0.952993200261698	0.716	0.334	7.93231640341594e-14
WDR1	9	5.2455390669251e-18	1.10987431338233	0.581	0.243	9.49232749550766e-14
DNAJC10	9	6.27177210559854e-18	1.37728185090921	0.466	0.176	1.13493988022911e-13
SERINC1	9	6.37014110534598e-18	1.01483495771259	0.642	0.288	1.15274073442341e-13
FAM160B1	9	6.44851954468992e-18	1.55859903549864	0.304	0.085	1.16692409680709e-13
TM9SF3	9	6.5873570374969e-18	1.1017804876417	0.628	0.279	1.19204812950544e-13
SULF1	9	6.62663394655098e-18	2.02571077047376	0.318	0.1	1.19915567896787e-13
DAPK3	9	6.82499115036632e-18	1.94046967084228	0.277	0.074	1.23505039857029e-13
RTN4	9	8.86881929943016e-18	0.970331489944331	0.743	0.375	1.60490154042488e-13
CASP10	9	9.36002750457007e-18	1.92160236713302	0.277	0.075	1.693790577227e-13
EEF1A1	9	9.6192668275716e-18	0.422018392629683	1	1	1.74070252511736e-13
PANK3	9	1.07678842276915e-17	1.74193469795663	0.304	0.087	1.94855632984306e-13
DLD	9	1.10953776778957e-17	1.81493878875842	0.291	0.081	2.00781954459201e-13
MYL6	9	1.12238798768943e-17	0.444486839407233	1	0.979	2.03107330252279e-13
PIM3	9	1.39271129052589e-17	0.930559724420453	0.703	0.364	2.52025035133565e-13
BTBD7	9	1.44252336075964e-17	1.66143756948728	0.324	0.098	2.61039027363065e-13
DENND5A	9	1.4783412553928e-17	1.84671515550203	0.297	0.086	2.67520633575882e-13
LINC00116	9	1.69501255075375e-17	1.11923515977847	0.547	0.225	3.06729471184399e-13
S100A10	9	2.35218259630844e-17	0.849712186007814	0.892	0.586	4.25650962627975e-13
LYPLA1	9	2.52130331833918e-17	1.16873477936963	0.534	0.221	4.56255048486659e-13
SH2B3	9	2.8845649701912e-17	1.58910223108208	0.392	0.139	5.21990877005799e-13
KLF7	9	3.00658968264554e-17	1.94672866131396	0.27	0.073	5.44072468971537e-13
TIMM8B	9	3.01774308700991e-17	1.04300608996842	0.682	0.348	5.46090789025313e-13
NDUFAF4	9	3.13000131812206e-17	1.7579394029596	0.284	0.079	5.66405038527368e-13
LTBR	9	3.3618618617091e-17	1.5039468504038	0.385	0.132	6.08362522494879e-13
CCT3	9	3.37261182210521e-17	1.25156905153858	0.507	0.205	6.10307835328158e-13
PAIP1	9	3.52437070948413e-17	1.24549197835367	0.507	0.208	6.37770123588247e-13
TPR	9	3.62564523535877e-17	1.2746240680629	0.446	0.167	6.56096761790523e-13
LGALS9	9	3.68981021398038e-17	0.924150955529158	0.635	0.272	6.67708056321889e-13
PRKAR1A	9	3.87509994387169e-17	0.978895592180534	0.662	0.303	7.0123808584302e-13
DHX40	9	3.91935130010167e-17	1.87917588966823	0.25	0.064	7.09245811266398e-13
KCTD12	9	4.00324882688144e-17	1.57807804343886	0.574	0.255	7.24427907712465e-13
SSBP4	9	4.12658182216204e-17	1.16468482778555	0.507	0.202	7.46746246538442e-13
OPTN	9	4.47081974360991e-17	1.23560502510321	0.473	0.181	8.0903954080365e-13
NASP	9	5.16109667459709e-17	1.10952503483302	0.547	0.229	9.33952054235089e-13
HRAS	9	5.53463918311102e-17	1.52090877168867	0.365	0.122	1.00154830657577e-12
SH3GLB1	9	6.34627276161532e-17	1.0513813467628	0.689	0.346	1.14842151894191e-12
SPTLC2	9	7.65348573350473e-17	1.40112859286358	0.405	0.145	1.38497477833502e-12
LPAR6	9	8.36391773636502e-17	0.836595220700833	0.561	0.222	1.51353455357261e-12
SLC25A37	9	8.80959623762432e-17	1.45425380145754	0.311	0.093	1.5941845351605e-12
ITM2B	9	9.06577147675459e-17	0.481139021168941	1	0.967	1.64054200643351e-12
POLR2H	9	9.67144705940473e-17	1.31163044202448	0.432	0.16	1.75014505986988e-12
MT-ATP6	9	1.34540023439137e-16	0.561586723061146	1	0.995	2.43463626415463e-12
ARPC1A	9	1.37433370589336e-16	1.13835275769826	0.514	0.211	2.48699427418462e-12
TSPAN4	9	1.39725575790897e-16	1.05542652935995	0.547	0.234	2.52847401951208e-12
SNRPG	9	1.42745814558462e-16	0.849456925113227	0.838	0.543	2.58312826024993e-12
FAM60A	9	1.55535204413424e-16	1.61084718416492	0.304	0.091	2.81456505906533e-12
SLIRP	9	1.56222438407457e-16	0.973922712817773	0.676	0.335	2.82700124542134e-12
ZNHIT1	9	1.61524981578124e-16	0.760361556797625	0.851	0.462	2.92295606663774e-12
LINC00152	9	1.8100742427047e-16	0.829409943209314	0.723	0.353	3.27551034959843e-12
ISYNA1	9	1.89216273539928e-16	1.6638946152828	0.25	0.065	3.42405768597853e-12
BAZ2B	9	1.94715796523302e-16	1.22151019521743	0.486	0.195	3.52357705388567e-12
PPM1G	9	1.99512325965578e-16	1.19153344599125	0.473	0.185	3.61037505067311e-12
PCBP2	9	2.62796436573289e-16	0.795545485507302	0.865	0.554	4.75556431623024e-12
TMEM165	9	2.87853925725351e-16	1.189695383517	0.554	0.249	5.20900463992595e-12
TCEAL8	9	3.18034241675872e-16	1.14120924279881	0.5	0.204	5.75514763736659e-12
PIEZO1	9	3.28968859508459e-16	1.70548405830299	0.297	0.089	5.95302048166507e-12
MED10	9	3.5070767766023e-16	1.09055344821558	0.547	0.237	6.34640613493953e-12
ATL3	9	3.63496807049479e-16	1.35804661096792	0.385	0.135	6.57783822036737e-12
NTPCR	9	3.64033389157159e-16	1.64480524208658	0.345	0.116	6.58754821018795e-12
BST2	9	3.74111004467586e-16	0.682000148403904	0.973	0.861	6.76991273684544e-12
DYNC1I2	9	3.85402868873578e-16	1.05744695377295	0.574	0.249	6.97425031513626e-12
STRN4	9	4.20532467517349e-16	1.83363063275431	0.257	0.07	7.60995553219394e-12
AAED1	9	4.39443704634714e-16	1.59093837010784	0.338	0.112	7.95217327906979e-12
ACTG1	9	4.47749966696626e-16	0.630890417464295	1	0.951	8.10248339734215e-12
IFIT1	9	4.51697709539959e-16	1.2542071404339	0.554	0.25	8.1739217518351e-12
ATOX1	9	4.60266592250787e-16	0.775556426444371	0.851	0.534	8.32898425337024e-12
PPP1R14B	9	4.69803146594817e-16	0.806354369504979	0.628	0.284	8.50155774077982e-12
PRKD3	9	5.09453010630569e-16	1.30621694583811	0.405	0.148	9.21906168037078e-12
ATP1A1	9	5.41915805142767e-16	1.03312759814014	0.608	0.278	9.80650840986352e-12
MRTO4	9	5.43985931773526e-16	1.74286516883112	0.277	0.08	9.84396942137373e-12
EIF4G2	9	5.95008520038771e-16	0.868956865320836	0.831	0.535	1.07672741786216e-11
MFSD10	9	6.04789723741244e-16	1.23490006782513	0.419	0.154	1.09442748408216e-11
HIAT1	9	6.16715075391423e-16	1.66915548264812	0.284	0.083	1.11600760042832e-11
CARD16	9	6.34645748817919e-16	0.844331346270839	0.669	0.311	1.14845494706091e-11
SNCA	9	8.37601184091579e-16	1.34082304570121	0.318	0.1	1.51572310273212e-11
CDC26	9	8.71091098342035e-16	1.18980133549009	0.5	0.21	1.57632645155975e-11
MAPK8	9	9.55562073571476e-16	1.70389268321472	0.264	0.074	1.72918512833494e-11
AHCTF1	9	9.74656365676216e-16	1.49039593096067	0.311	0.096	1.76373815932768e-11
PTRHD1	9	9.93368389490304e-16	1.31503436426631	0.412	0.155	1.79759943762165e-11
FNDC3B	9	1.08977650836483e-15	1.05957697825499	0.541	0.236	1.972059569537e-11
PPA1	9	1.1066249761193e-15	1.05483505888735	0.696	0.357	2.00254855678548e-11
CNIH1	9	1.13376247611562e-15	1.43322222257344	0.399	0.15	2.05165657677883e-11
GAPDH	9	1.37104925781639e-15	0.337258879221805	1	0.991	2.48105073694454e-11
C1QBP	9	1.38561525661571e-15	0.931157237388567	0.649	0.312	2.50740936837179e-11
CCNL2	9	1.39113921659453e-15	1.16588525307729	0.439	0.168	2.51740552634946e-11
TIMM13	9	1.41293685437565e-15	1.03386611074281	0.574	0.259	2.55685053167818e-11
SLC39A13	9	1.54681139682178e-15	1.72908047537871	0.264	0.075	2.7991099036887e-11
REV3L	9	1.55009418080743e-15	1.39983720530229	0.372	0.13	2.80505042958913e-11
APPBP2	9	1.66040707456073e-15	1.68893090384632	0.284	0.085	3.0046726421251e-11
BZW1	9	1.74912207055253e-15	0.963230135775926	0.608	0.276	3.16521129887186e-11
KIF5B	9	1.84341939930111e-15	0.838124106832409	0.709	0.337	3.33585174497529e-11
ATXN3	9	1.9149399162288e-15	1.83100460111806	0.257	0.072	3.46527527240764e-11
CCDC25	9	1.93776660983908e-15	1.59102829406716	0.277	0.081	3.5065824571648e-11
ACLY	9	2.09797863457924e-15	1.79540753197563	0.27	0.08	3.79650213713458e-11
PRKAG2	9	2.30792287120341e-15	1.6391208280216	0.311	0.1	4.17641722772969e-11
HIF1A	9	2.36965762121999e-15	0.834274166349494	0.804	0.447	4.2881324313597e-11
QSOX1	9	2.39159748150349e-15	1.47488024064426	0.345	0.119	4.32783480252872e-11
PBDC1	9	2.91960102725911e-15	1.57643177403246	0.284	0.085	5.28331001892808e-11
CTNNBIP1	9	3.04142200733096e-15	1.66231752989327	0.304	0.098	5.5037572644661e-11
PFDN2	9	3.18085675020037e-15	0.973593930901836	0.696	0.371	5.7560783751626e-11
CANX	9	3.23093147344253e-15	0.759776253115262	0.818	0.444	5.84669359434161e-11
BTF3	9	3.67256541291208e-15	0.609398876811875	0.919	0.871	6.6458743712057e-11
RNF19A	9	3.81068368128732e-15	1.33676305259995	0.432	0.168	6.89581318965753e-11
LGALS3	9	3.95743295915364e-15	0.393406392218959	0.743	0.387	7.16137068288444e-11
MIB1	9	4.01920141047787e-15	1.74752654620099	0.291	0.091	7.27314687240075e-11
PGRMC1	9	4.98862220614839e-15	1.12009898439279	0.459	0.185	9.02741074424613e-11
SNRPF	9	5.63062628523367e-15	0.942795426575615	0.655	0.325	1.01891813257589e-10
PSMB2	9	5.96885591947805e-15	0.904831680474422	0.649	0.318	1.08012416718875e-10
HPCAL1	9	6.53422042306411e-15	1.24791283384256	0.466	0.196	1.18243252775768e-10
AFF1	9	6.56749049480726e-15	1.39235245537934	0.358	0.127	1.18845307994032e-10
SNRPD3	9	7.18047555814877e-15	1.00208607159295	0.601	0.29	1.2993788570026e-10
RPL3	9	7.25987847001489e-15	0.511387145364128	0.993	0.996	1.31374760793389e-10
PITPNB	9	7.47771654346926e-15	1.27857948875997	0.405	0.154	1.3531675857062e-10
ACER3	9	7.93555117282201e-15	1.69408728723953	0.297	0.096	1.43601734023387e-10
TAOK1	9	8.24432179404333e-15	1.30449516572166	0.399	0.152	1.49189247185008e-10
TRIAP1	9	8.41584435558053e-15	1.59652428182201	0.277	0.084	1.52293119458585e-10
RASSF3	9	9.80551256320008e-15	1.64177904371681	0.27	0.081	1.77440555343669e-10
CAST	9	1.02805566530663e-14	0.912475461611032	0.649	0.32	1.86036953193888e-10
NMI	9	1.04065322410016e-14	1.244084882718	0.453	0.187	1.88316607433164e-10
PPP4C	9	1.10057203564278e-14	0.921055000187547	0.615	0.291	1.99159515569918e-10
SMAD5	9	1.19189894162192e-14	1.30217011277541	0.365	0.131	2.15686032475904e-10
VEZT	9	1.20329160722139e-14	1.5006642664145	0.297	0.094	2.17747649242783e-10
SENP6	9	1.25324460346919e-14	1.20943296875005	0.439	0.176	2.26787143443785e-10
PNPLA6	9	1.31513331426089e-14	1.64247159275366	0.284	0.088	2.3798652454865e-10
PDCD4	9	1.36311663635762e-14	0.953708088273085	0.595	0.278	2.46669586515274e-10
CLIC4	9	1.45655053813993e-14	1.00378898508177	0.561	0.255	2.63577385381801e-10
GSDMD	9	1.46237497143333e-14	0.934747521383887	0.622	0.303	2.64631374830575e-10
TRAPPC1	9	1.51328065559277e-14	0.817298061632346	0.676	0.328	2.73843267436068e-10
COMMD2	9	1.68046573248108e-14	1.54575215594303	0.311	0.104	3.04097078949776e-10
RABGAP1	9	1.86185816784424e-14	1.85296601034538	0.25	0.073	3.36921854053093e-10
ZHX1	9	1.96368461477679e-14	1.69330934435689	0.277	0.087	3.55348367890007e-10
SMIM4	9	2.1897281319657e-14	1.01707878606842	0.5	0.212	3.96253202760512e-10
ELOVL5	9	2.24126251087135e-14	1.24610801450501	0.372	0.136	4.05578863967279e-10
GNAI2	9	2.36757107929948e-14	0.643890480829756	0.966	0.743	4.28435662510033e-10
GNB1	9	2.44703914567196e-14	1.08610141594431	0.568	0.274	4.42816203800797e-10
SEPT11	9	2.8171301172794e-14	1.38963295402575	0.318	0.106	5.09787866022879e-10
SNRPB	9	2.89977003144247e-14	0.839969116727632	0.709	0.376	5.24742384889829e-10
VAPA	9	3.08102486355074e-14	0.859118237326973	0.791	0.47	5.57542259308143e-10
CEBPG	9	3.46750644450717e-14	1.62095850013221	0.277	0.087	6.27479966198017e-10
ITPR1	9	3.4706042404296e-14	1.82259236130186	0.27	0.085	6.28040543348141e-10
OCIAD1	9	3.47719039381938e-14	0.831336751468528	0.764	0.441	6.29232373665555e-10
ATP5J	9	3.9338489812153e-14	0.690708330958455	0.845	0.635	7.11869311640721e-10
IMP3	9	4.14764451776188e-14	1.2043537057064	0.439	0.18	7.5055775193419e-10
ANKRD10	9	4.16809139849647e-14	0.908577331259959	0.541	0.242	7.5425781947192e-10
SEPT7	9	4.47786041396109e-14	0.632550643538179	0.872	0.566	8.10313620510399e-10
VAMP4	9	4.63586618339044e-14	1.58897268454216	0.284	0.091	8.38906344546333e-10
MORF4L1	9	4.88703395256675e-14	0.697269447251239	0.858	0.604	8.8435766405648e-10
TMSB10	9	5.24287486512313e-14	0.558379058953882	1	0.995	9.48750635592682e-10
CD81	9	5.95190863052134e-14	0.529181216774618	0.98	0.728	1.07705738577914e-09
EIF3I	9	6.11075284612205e-14	1.02706287464104	0.554	0.262	1.10580183503425e-09
LSM14A	9	7.08273279377896e-14	1.13434205216868	0.412	0.161	1.28169132636224e-09
PINK1	9	7.20253559820407e-14	1.38136533804215	0.351	0.129	1.30337084185101e-09
KLF9	9	7.66272651203936e-14	1.28255573146222	0.311	0.104	1.38664698961864e-09
TRAF7	9	8.02463940247094e-14	1.63707050480853	0.284	0.092	1.45213874627114e-09
AP2B1	9	9.02644856477949e-14	1.30592090212069	0.399	0.16	1.6334261322825e-09
AK2	9	9.1980589331542e-14	1.24024580878771	0.412	0.165	1.66448074454358e-09
BRK1	9	9.48090304401239e-14	0.718156441447806	0.77	0.423	1.71566421484448e-09
GTF2I	9	9.83119999854155e-14	1.13393855753848	0.514	0.245	1.77905395173608e-09
MRPL32	9	1.05603087759913e-13	1.31038620301602	0.372	0.142	1.91099347610339e-09
PDCD5	9	1.16637491563038e-13	1.04738487475879	0.507	0.23	2.11067204732474e-09
HIPK3	9	1.26828317378229e-13	1.32296191438046	0.399	0.161	2.29508523127644e-09
STAT5B	9	1.57966815782718e-13	1.62559911666138	0.257	0.079	2.85856749840407e-09
CHIC2	9	1.6950853151034e-13	1.06770485913839	0.466	0.201	3.06742638621111e-09
SCP2	9	1.70287513357355e-13	0.849306981306969	0.703	0.391	3.08152284171469e-09
SMARCA5	9	1.70374493330549e-13	0.993974470605018	0.507	0.223	3.08309683130962e-09
XRN2	9	1.8182865546922e-13	0.92258815127858	0.574	0.27	3.290371349371e-09
RC3H2	9	1.97360786731196e-13	1.62559911666138	0.25	0.076	3.57144079668773e-09
MAP3K13	9	2.04268966035314e-13	1.11122551776853	0.473	0.21	3.69645120937504e-09
CARD8	9	2.15582656472029e-13	1.02261696960985	0.486	0.212	3.90118375151784e-09
SBDS	9	2.21113427206136e-13	0.739987083700821	0.595	0.27	4.00126857872224e-09
SDCBP	9	2.43463854571678e-13	0.571681870784262	0.858	0.487	4.40572191232909e-09
ECI2	9	2.71061691932741e-13	1.60757947033101	0.257	0.08	4.90513237721487e-09
DYNC1H1	9	2.95817902653332e-13	1.06930874484098	0.5	0.226	5.3531207664147e-09
AP2M1	9	3.01910820539029e-13	0.797588355171964	0.709	0.367	5.46337820847426e-09
RRAS	9	3.06965761154299e-13	0.595028733991602	0.48	0.197	5.55485241384819e-09
EPHX1	9	3.09124718113252e-13	0.845312437801942	0.426	0.166	5.5939208989774e-09
TBC1D1	9	3.27854433166923e-13	1.62003635561958	0.291	0.099	5.93285382258864e-09
GTF2A2	9	3.31773314708232e-13	0.805518847942917	0.676	0.352	6.00376990296016e-09
YWHAH	9	3.4465183557132e-13	1.04160742243599	0.581	0.296	6.2368196164986e-09
ABI3	9	3.46066362095961e-13	1.36887439385896	0.291	0.096	6.26241688848852e-09
MVB12A	9	3.61550908011738e-13	1.19615322460454	0.385	0.152	6.54262523138041e-09
PFDN4	9	3.78054583627082e-13	1.13329320076597	0.392	0.154	6.84127574531567e-09
DHX15	9	3.8675968939315e-13	1.40946647624319	0.331	0.122	6.99880333925844e-09
FBL	9	3.94889003821686e-13	1.57789959145757	0.277	0.092	7.14591141315724e-09
RAB1B	9	4.0953728708094e-13	1.19323574122225	0.405	0.166	7.41098674701669e-09
CARHSP1	9	4.27574762216772e-13	1.2529197316053	0.419	0.178	7.73739289707471e-09
CCT7	9	4.32983191603292e-13	1.07920049797622	0.466	0.205	7.83526383525317e-09
SRSF11	9	4.44189026518259e-13	0.814615640579026	0.635	0.321	8.03804462387442e-09
UBE2J1	9	4.59423026260594e-13	0.977507050166812	0.52	0.24	8.31371908321172e-09
HNRNPR	9	4.76706369743091e-13	0.979385056151604	0.507	0.23	8.62647846687097e-09
AK3	9	4.97087262377469e-13	1.51031443644822	0.277	0.091	8.99529109998267e-09
PDCD2	9	5.04919522026029e-13	1.37046554328779	0.331	0.122	9.13702367058301e-09
MGLL	9	5.33079991065512e-13	1.84073970801212	0.257	0.084	9.6466155183215e-09
RAB14	9	5.39989531222064e-13	1.12065373908735	0.432	0.184	9.77165055699447e-09
WDFY1	9	6.20462881100345e-13	1.60430433829815	0.264	0.085	1.12278962963918e-08
ALDH9A1	9	6.62935293615866e-13	1.31107223151611	0.385	0.157	1.19964770732727e-08
WDR11	9	7.09379397919361e-13	1.34781277833113	0.318	0.114	1.28369295847488e-08
NOP10	9	7.12253639811015e-13	0.737093038613732	0.764	0.444	1.28889418660201e-08
PRKD2	9	7.13234278844647e-13	1.33248904692214	0.311	0.11	1.29066875099727e-08
GSTO1	9	7.53307876713223e-13	0.777552307282564	0.757	0.448	1.36318593370025e-08
SRFBP1	9	7.58511989866904e-13	1.40380272716191	0.318	0.115	1.37260329686315e-08
ADAM10	9	8.07645365197268e-13	1.13481905499693	0.459	0.206	1.46151505286098e-08
SMAD2	9	8.27402003686178e-13	1.42672587144203	0.331	0.123	1.49726666587051e-08
MKKS	9	8.70668334370344e-13	1.03146871000267	0.48	0.216	1.57556141787658e-08
MBOAT7	9	8.88844805124764e-13	1.55078774584033	0.257	0.082	1.60845355935377e-08
BANF1	9	9.65570859147136e-13	0.995361214870991	0.581	0.299	1.74729702671266e-08
PAFAH1B2	9	1.07270863081181e-12	1.5006642664145	0.311	0.114	1.94117353831706e-08
EIF4B	9	1.13345674717308e-12	0.703956588556401	0.696	0.358	2.05110332968441e-08
RHEB	9	1.22771942305289e-12	0.759907093085916	0.73	0.419	2.22168106795651e-08
RAB6A	9	1.33744909206767e-12	1.33891319641788	0.338	0.129	2.42024787700565e-08
NRP2	9	1.41835089351792e-12	1.52534852979509	0.284	0.098	2.56664777691004e-08
ZC3H11A	9	1.45815141656112e-12	1.06946746783765	0.473	0.21	2.638670803409e-08
SMARCE1	9	1.4897637532435e-12	1.28965207292898	0.351	0.136	2.69587648786944e-08
SYMPK	9	1.50886620845527e-12	1.53965839803036	0.27	0.091	2.73044429082065e-08
RYK	9	1.51721059891004e-12	1.50256379932998	0.25	0.079	2.7455442997876e-08
MT-CO2	9	1.56088865568361e-12	0.438292589973392	1	0.999	2.82458411132505e-08
TEX264	9	1.57335630488253e-12	1.03847414781464	0.446	0.194	2.84714556931543e-08
PTBP3	9	1.68861257144509e-12	0.994773336684539	0.446	0.192	3.05571330928704e-08
TUBB	9	1.72555354634514e-12	0.67767924786762	0.635	0.321	3.12256169746616e-08
LSM6	9	1.74540198644169e-12	0.871865856843259	0.547	0.257	3.15847943466489e-08
CSNK1E	9	1.77456830528469e-12	0.879219874943642	0.48	0.21	3.21125880524318e-08
LYPLA2	9	1.93690113484586e-12	1.48274235841723	0.277	0.094	3.50501629361706e-08
MKLN1	9	2.03814041504848e-12	1.4605688608367	0.304	0.11	3.68821889507174e-08
TTC19	9	2.1615805912576e-12	1.27869251720259	0.311	0.111	3.91159623793975e-08
MAPK1IP1L	9	2.23770348401662e-12	1.0633789337356	0.439	0.192	4.04934822467648e-08
MOB4	9	2.30720585414833e-12	1.06968522326663	0.453	0.203	4.17511971366681e-08
CSNK2B	9	2.35798430137507e-12	0.970843319885801	0.507	0.236	4.26700839176832e-08
BAD	9	2.44546948058848e-12	1.08213192977367	0.419	0.178	4.42532157207291e-08
KPNA3	9	2.66213185467927e-12	1.47433011860103	0.318	0.12	4.81739380422761e-08
EIF3J	9	2.67978494346995e-12	1.06043685867435	0.466	0.214	4.84933883370322e-08
KPNA4	9	2.71922367458735e-12	1.19323574122225	0.399	0.167	4.92070716153327e-08
NES	9	2.85240458183186e-12	0.786418748748373	0.264	0.083	5.16171133128292e-08
SMARCA2	9	2.86023676146317e-12	1.43871177567174	0.291	0.103	5.17588444354376e-08
FUNDC2	9	2.95747950135453e-12	1.00904294694144	0.48	0.221	5.35185490565116e-08
CBX3	9	3.03584654573092e-12	0.749540414923109	0.689	0.371	5.49366790915467e-08
SOCS3	9	3.1808375577041e-12	0.695980727769684	0.851	0.57	5.75604364442135e-08
PLCG2	9	3.20491698935987e-12	1.23071044664091	0.311	0.113	5.79961778394563e-08
RECQL	9	3.20505735600373e-12	1.32306533708676	0.311	0.114	5.79987179142435e-08
PPP1CB	9	3.40442026309883e-12	0.788521685212166	0.696	0.383	6.16063890810364e-08
CNOT6L	9	3.66342810670338e-12	0.898936883213935	0.446	0.189	6.62933950189043e-08
XRCC5	9	3.96206663793764e-12	0.830812868106827	0.561	0.273	7.16975578801195e-08
PTBP1	9	4.06585976355326e-12	0.965705145635995	0.5	0.236	7.35757982812598e-08
COX6C	9	4.42124304819019e-12	0.511675122192412	0.932	0.803	8.00068142000497e-08
CCZ1	9	4.4700868776914e-12	1.46774964394176	0.25	0.081	8.08906921387036e-08
EBNA1BP2	9	4.68161859743432e-12	1.46578922513604	0.284	0.1	8.47185701391715e-08
ZNRF1	9	4.77000638065969e-12	1.28731698468106	0.291	0.102	8.63180354644178e-08
MRPL12	9	4.91943429105296e-12	1.16778587196659	0.385	0.159	8.90220829308944e-08
PSMA7	9	5.12010365109348e-12	0.658860401740201	0.818	0.525	9.26533956701876e-08
FIS1	9	5.46639815431016e-12	0.627576378896716	0.865	0.584	9.89199410003966e-08
SNAP23	9	5.47390252106359e-12	1.26754543848499	0.378	0.16	9.90557400211667e-08
PDIA3	9	5.76047126947102e-12	0.721854942541191	0.777	0.493	1.04241488092348e-07
SETX	9	5.81032306320511e-12	1.07797319459222	0.473	0.22	1.0514360615176e-07
CSNK1G3	9	6.10506744490135e-12	1.3905044098305	0.277	0.096	1.10477300482935e-07
UPF3A	9	6.2618395725397e-12	1.18609955994062	0.345	0.134	1.13314248904678e-07
RBM25	9	6.44085980398406e-12	0.832137049054209	0.581	0.287	1.16553799012896e-07
FBXL5	9	7.12403644471019e-12	1.24355469453781	0.358	0.144	1.28916563503476e-07
QKI	9	7.52611304897341e-12	0.667648751397961	0.649	0.321	1.36192541734223e-07
DDX60L	9	8.04939488228485e-12	1.11733562686299	0.473	0.224	1.45661849789827e-07
CLTA	9	8.08087842609011e-12	0.558610234156074	0.838	0.503	1.46231575998527e-07
TXNDC17	9	8.11061651117808e-12	0.708376792445834	0.601	0.308	1.46769716386279e-07
SPTAN1	9	8.3685656735509e-12	1.00654989212832	0.534	0.276	1.51437564428577e-07
FXYD5	9	9.0674341835459e-12	0.623563014667023	0.838	0.509	1.64084288985447e-07
NDUFS4	9	9.3356763514585e-12	1.07730685824969	0.412	0.179	1.68938399255993e-07
EEF1E1	9	9.38410401746916e-12	1.20686760681002	0.351	0.14	1.69814746300122e-07
NCBP2-AS2	9	9.82177861562819e-12	1.3209582441796	0.304	0.112	1.77734905828408e-07
NAA20	9	9.85455016227192e-12	1.14028174626755	0.439	0.201	1.78327939736473e-07
NUDCD2	9	9.93643431430386e-12	0.97182977807185	0.466	0.213	1.79809715351643e-07
DDX52	9	1.04213748653343e-11	1.45213437248684	0.25	0.082	1.88585199563089e-07
GUK1	9	1.08617068370863e-11	0.539967227110184	0.953	0.815	1.96553446923914e-07
FXR1	9	1.09789836603649e-11	1.15516770038873	0.392	0.169	1.98675688317964e-07
ABHD17A	9	1.13989860433568e-11	0.763984382723705	0.554	0.266	2.06276051440585e-07
CYSTM1	9	1.2168383585256e-11	0.865296812256097	0.466	0.211	2.20199069358793e-07
TP53I3	9	1.2983653405638e-11	1.32160825322006	0.27	0.093	2.34952192028424e-07
COMT	9	1.3174914304698e-11	0.937202834904262	0.628	0.368	2.38413249257816e-07
EEA1	9	1.34559320647265e-11	1.39435536426816	0.304	0.115	2.43498546643291e-07
GLRX5	9	1.4609992234307e-11	0.954078437406396	0.466	0.214	2.64382419472019e-07
PSMC5	9	1.47189295954193e-11	0.808079531602967	0.581	0.293	2.66353749958707e-07
RANBP1	9	1.47525019579725e-11	0.766919786789424	0.669	0.367	2.66961275431471e-07
EVA1B	9	1.52654013404213e-11	0.992384768190437	0.453	0.205	2.76242702656263e-07
GIMAP5	9	1.52969289139678e-11	1.30316302061976	0.358	0.148	2.76813225627161e-07
HK1	9	1.61151318708937e-11	1.44156074606961	0.304	0.116	2.91619426335693e-07
WDR13	9	1.6350255848262e-11	1.24063861045304	0.351	0.143	2.95874229830149e-07
TOR1AIP2	9	1.64794576858646e-11	1.17978578600842	0.338	0.133	2.98212266283406e-07
IARS2	9	1.65667941266293e-11	1.46422227044644	0.264	0.091	2.99792706515484e-07
PSMA3	9	1.96522261860976e-11	0.844107681956658	0.595	0.315	3.55626685063623e-07
TPM3	9	1.97312097675428e-11	0.576899852241581	0.878	0.568	3.57055971953454e-07
MESDC1	9	2.00785058809495e-11	1.51031443644822	0.264	0.092	3.63340642421662e-07
MT-ND2	9	2.04587206111087e-11	0.458741293448455	1	0.98	3.70221008178623e-07
RSF1	9	2.16004249819641e-11	1.20088931376568	0.365	0.152	3.90881290473623e-07
TAX1BP3	9	2.21253626687837e-11	1.47512917430736	0.257	0.088	4.00380562854309e-07
ATP6V1A	9	2.30592932698364e-11	1.38732279333855	0.304	0.117	4.1728097101096e-07
LDHA	9	2.34270628389387e-11	0.461806376356373	0.926	0.731	4.23936129133435e-07
RORA	9	2.36159613751312e-11	0.775725756263884	0.304	0.108	4.27354437044375e-07
TBCB	9	2.40431437921565e-11	0.72501820408423	0.554	0.266	4.35084730062864e-07
DCAF13	9	2.52327652558632e-11	1.34281209727276	0.297	0.111	4.566121200701e-07
ZYX	9	2.87315512348317e-11	1.02123042933889	0.52	0.263	5.19926151145515e-07
USP34	9	3.01230492304496e-11	0.932775279052282	0.412	0.178	5.45106698874216e-07
GANAB	9	3.04022224257136e-11	1.16783289362593	0.351	0.143	5.50158617015713e-07
PCMTD1	9	3.3438551826441e-11	0.659593417525219	0.696	0.39	6.05104033851276e-07
PDCD6IP	9	3.35674606773646e-11	1.0412326477772	0.453	0.211	6.0743676841759e-07
CCT5	9	3.507744570168e-11	1.06499047444135	0.372	0.155	6.34761457417601e-07
CTDSP1	9	3.54081495055897e-11	1.11807838165351	0.385	0.166	6.40745873453151e-07
TMEM50B	9	3.55897941710811e-11	1.01831683217623	0.405	0.177	6.44032915319883e-07
SPG20	9	3.74113837642927e-11	1.3948696023919	0.277	0.101	6.76996400598641e-07
NSRP1	9	4.02810794646571e-11	1.22408332874276	0.324	0.128	7.28926413992435e-07
MAGOH	9	4.03359372769369e-11	0.902903007166683	0.534	0.273	7.2991912096345e-07
MCFD2	9	4.35742945416823e-11	0.882787143220605	0.399	0.168	7.88520434026283e-07
MRFAP1	9	4.41020671170548e-11	0.755307401989149	0.595	0.306	7.98071006550224e-07
NPTN	9	4.54702994774252e-11	1.29197995729283	0.372	0.163	8.22830539343487e-07
SRSF1	9	4.57039145836208e-11	1.01682369013621	0.392	0.169	8.27058038305202e-07
FURIN	9	4.70745556792111e-11	1.45293553593427	0.297	0.115	8.51861159571004e-07
MPLKIP	9	4.70996321954978e-11	1.0828117515286	0.392	0.172	8.52314944209729e-07
JAK1	9	4.76054339186833e-11	0.682769391648965	0.588	0.293	8.61467932192494e-07
MT-ND1	9	4.90748102112667e-11	0.426818862509736	1	0.958	8.88057765583083e-07
UBE2K	9	4.98792217720449e-11	0.998163925885313	0.426	0.194	9.02614397186924e-07
GNB2L1	9	5.01516771007921e-11	0.459882622568062	0.966	0.901	9.07544748815934e-07
ILF2	9	5.16171051748004e-11	1.11040931009263	0.439	0.211	9.34063135243189e-07
TMCO1	9	5.6510009561746e-11	0.818323455577918	0.601	0.327	1.02260513302936e-06
DYNC1LI2	9	5.75003766007203e-11	1.00640867986952	0.378	0.16	1.04052681496663e-06
PTBP2	9	5.79850032811044e-11	1.37118019100068	0.25	0.086	1.04929661937486e-06
FAM127B	9	5.89762101061808e-11	1.31706432807511	0.27	0.097	1.06723349808145e-06
ITGAV	9	6.05962760867698e-11	1.126494190346	0.345	0.142	1.09655021206619e-06
CHMP2A	9	6.1565517659298e-11	0.680213686745209	0.703	0.401	1.11408960756266e-06
TSPAN3	9	6.40357712963263e-11	1.10450477734134	0.412	0.189	1.15879131737832e-06
BSG	9	7.64700144329926e-11	0.516228163004721	0.824	0.547	1.38380138117943e-06
AHCYL1	9	7.92687969518824e-11	1.2376298605807	0.345	0.145	1.43444814964126e-06
CHD3	9	8.46732579604062e-11	1.39409260221645	0.257	0.091	1.53224727605151e-06
KHDRBS1	9	8.94691984674315e-11	0.882895620610098	0.527	0.265	1.61903461546664e-06
CCNY	9	9.30520391226402e-11	1.37582715450072	0.297	0.115	1.6838696999633e-06
NIPSNAP3A	9	9.4371600048425e-11	1.56777846227303	0.257	0.093	1.7077484744763e-06
PUM2	9	9.53115813889921e-11	1.22408332874276	0.324	0.131	1.7247583768152e-06
GRAMD1A	9	9.73847949722917e-11	1.13329320076597	0.372	0.161	1.76227524981859e-06
ARL2BP	9	1.01843365615403e-10	1.09426568540952	0.378	0.167	1.84295754417634e-06
EIF5B	9	1.04186094636643e-10	0.797057269194721	0.493	0.235	1.88535156854469e-06
SLC25A3	9	1.09435210749168e-10	0.550932068744016	0.878	0.692	1.98033957371694e-06
TXN	9	1.10281605789206e-10	0.393173311731001	0.851	0.562	1.99565593836148e-06
TMEM170A	9	1.10895919213051e-10	1.24164292308733	0.291	0.11	2.00677255407937e-06
TMEM11	9	1.11515408284906e-10	1.32593827870836	0.264	0.095	2.01798282832365e-06
IPO5	9	1.12751645748314e-10	1.4634418024583	0.264	0.096	2.04035378146149e-06
BRI3	9	1.14097338451954e-10	0.483356663319379	0.878	0.585	2.06470543662655e-06
LARS	9	1.21207629165836e-10	1.18700378751073	0.358	0.155	2.19337325738497e-06
CDK9	9	1.22379864209515e-10	1.33950947459992	0.277	0.104	2.21458602273539e-06
PCMTD2	9	1.23140290934914e-10	1.35498681121886	0.25	0.087	2.2283467047582e-06
NDUFA10	9	1.30849112074982e-10	1.14743205160912	0.372	0.163	2.36784553210888e-06
UVRAG	9	1.32184660677325e-10	1.35310707800064	0.297	0.117	2.39201361961688e-06
MOCS2	9	1.44701066119253e-10	1.01718308355922	0.345	0.141	2.618510492494e-06
EPB41L3	9	1.45689299791343e-10	1.37964886545313	0.351	0.157	2.63639356902415e-06
DHRS3	9	1.53472892545814e-10	0.823002276076854	0.514	0.255	2.77724546350904e-06
ACTR1A	9	1.59683239976444e-10	1.34756388761354	0.284	0.109	2.88962791061373e-06
LYL1	9	1.64078420691008e-10	1.1186887878572	0.372	0.162	2.96916310082448e-06
SBNO2	9	1.77085341381042e-10	1.38895387891748	0.304	0.122	3.20453633763133e-06
SLC46A3	9	1.94909432786493e-10	1.4454347456941	0.25	0.089	3.52708109570438e-06
MRPL27	9	2.05153280506865e-10	1.20128801351698	0.311	0.124	3.71245376405223e-06
SKI	9	2.14647821002224e-10	1.30689252301782	0.284	0.109	3.88426696885625e-06
PCID2	9	2.20280986563049e-10	1.10087172307359	0.291	0.11	3.98620473284493e-06
U2AF1	9	2.26746209711468e-10	0.658178343524638	0.723	0.413	4.10319941093872e-06
NFIC	9	2.27640598815469e-10	1.10227800768582	0.358	0.155	4.11938427616472e-06
AP1S1	9	2.30710916798183e-10	1.26677620624022	0.304	0.122	4.17494475037993e-06
DCAF7	9	2.33866294899885e-10	1.25339717643902	0.291	0.112	4.23204447250831e-06
SVIP	9	2.51252920294159e-10	0.801971303703641	0.459	0.216	4.54667284564309e-06
LPGAT1	9	2.52091310856012e-10	1.27904978796068	0.304	0.122	4.56184436125038e-06
RBM17	9	2.55071617805978e-10	0.765374201585822	0.595	0.312	4.61577599581698e-06
POLR2L	9	2.62614918887552e-10	0.519962826117666	0.899	0.726	4.75227957218915e-06
ZZZ3	9	2.82235311597086e-10	1.26034993708079	0.257	0.092	5.10733019866086e-06
MRPL22	9	2.83899908836728e-10	1.03507385489842	0.399	0.182	5.13745275030943e-06
STAT3	9	2.85016878435629e-10	0.632203257299831	0.595	0.305	5.15766543217114e-06
SMIM14	9	2.99761790562937e-10	1.05579153759489	0.385	0.173	5.42448936202691e-06
MAN1A2	9	3.12094123516877e-10	1.00241339888667	0.351	0.149	5.64765525916141e-06
ARF5	9	3.21645559288562e-10	0.622310984566959	0.716	0.412	5.82049804088582e-06
GGCT	9	3.24281505479014e-10	1.38181344956645	0.277	0.107	5.86819812314824e-06
TM2D3	9	3.53959403095426e-10	1.24471928536702	0.311	0.127	6.40524935841482e-06
UBE2Z	9	3.70404234345537e-10	1.17651834627732	0.318	0.13	6.70283502471684e-06
LSM2	9	3.82906864237235e-10	0.899953573703036	0.473	0.234	6.92908261523701e-06
EIF3L	9	3.93263981101175e-10	0.904140323984697	0.48	0.24	7.11650500200687e-06
KRAS	9	4.0548324507357e-10	0.98007058481306	0.358	0.153	7.33762480285133e-06
RAB11B	9	4.43041716446942e-10	0.835271495372605	0.459	0.221	8.01728290082387e-06
ADRM1	9	4.48023556239776e-10	0.801243041108425	0.568	0.309	8.10743427371499e-06
KLF10	9	4.52017397936491e-10	0.968076261363368	0.48	0.247	8.17970683305873e-06
ST13	9	4.8039469512385e-10	0.715719530394848	0.676	0.402	8.6932224029612e-06
MIDN	9	4.83002433593199e-10	0.717874489953424	0.568	0.3	8.74041203830252e-06
SNRNP40	9	5.24239352932325e-10	1.09610528493992	0.351	0.153	9.48663533066336e-06
SEC23A	9	5.31839985179449e-10	1.32530537892156	0.291	0.116	9.62417637180731e-06
NOSIP	9	5.71827433701913e-10	0.930630007220725	0.405	0.186	1.03477892402698e-05
AES	9	5.827969885466e-10	0.502856940657998	0.791	0.497	1.05462943047393e-05
PRDX6	9	6.05235786506988e-10	0.629986970718746	0.696	0.403	1.09523467926305e-05
MRPL14	9	6.59552670022976e-10	0.989702347137117	0.453	0.227	1.19352651167358e-05
HMGB1	9	6.59631878438383e-10	0.426298958751952	0.973	0.847	1.1936698472221e-05
MRPL15	9	6.73534801357136e-10	1.29485472927365	0.284	0.112	1.21882857653587e-05
SET	9	6.75963388291771e-10	0.656126232388784	0.709	0.444	1.22322334745279e-05
TCEB1	9	6.79188252214708e-10	0.72193002229666	0.601	0.329	1.22905906120773e-05
NUDT4	9	6.88441092285763e-10	1.37185825229778	0.419	0.208	1.24580300060032e-05
TMEM87B	9	7.07632070641813e-10	1.35555558514339	0.264	0.1	1.28053099503342e-05
RERE	9	7.09149463164813e-10	1.00059066327985	0.351	0.152	1.28327686854305e-05
ZBTB44	9	7.17538405755846e-10	1.20128801351698	0.291	0.115	1.29845749905578e-05
BEX4	9	7.46689297190419e-10	0.829545121943625	0.446	0.211	1.35120895219578e-05
FAM210B	9	7.78421772948636e-10	0.966775950287609	0.291	0.112	1.40863204032785e-05
ERAP2	9	8.10544242270135e-10	1.0766379839084	0.318	0.131	1.46676086081204e-05
HNRNPK	9	8.34710763895412e-10	0.522787077312637	0.851	0.569	1.51049259834514e-05
IFIT3	9	8.68633185909369e-10	1.02368444656635	0.405	0.194	1.57187861322159e-05
PARP14	9	9.78631190425329e-10	0.815605930985752	0.669	0.396	1.77093100219368e-05
PEF1	9	9.91350505555208e-10	1.36614460110338	0.257	0.097	1.79394787485271e-05
CALU	9	1.0109950063687e-09	0.642185875991224	0.459	0.214	1.82949656352479e-05
MT-ND4	9	1.20946011544887e-09	0.398335533216007	1	0.997	2.18863902491627e-05
HMGN3	9	1.2206663264638e-09	0.563798611360488	0.804	0.496	2.2089177843689e-05
NONO	9	1.30243521183516e-09	0.909158919826568	0.412	0.194	2.35688675933691e-05
TM2D1	9	1.38384839957824e-09	1.26533678975054	0.284	0.114	2.50421206387678e-05
SPOP	9	1.38824663058554e-09	1.03160088545314	0.351	0.155	2.51217110270758e-05
TMEM261	9	1.43339017205906e-09	1.19810149639407	0.284	0.113	2.59386285535807e-05
LTBP3	9	1.5215866875868e-09	1.06170611851695	0.378	0.177	2.75346326985707e-05
SDF4	9	1.55071135183878e-09	0.905183893779341	0.453	0.225	2.80616726228745e-05
OAS3	9	1.56430000021949e-09	1.11389449215846	0.351	0.159	2.83075728039719e-05
IFIT5	9	1.5737776040142e-09	1.27785970536924	0.277	0.111	2.8479079522241e-05
EIF3E	9	1.60659867601616e-09	0.631558333265448	0.682	0.4	2.90730096411884e-05
PDCD10	9	1.61576083831899e-09	0.828438619237546	0.48	0.245	2.92388081302205e-05
SPIN1	9	1.65966661700389e-09	1.28019032280875	0.27	0.106	3.00333271013024e-05
BAX	9	1.69654585128627e-09	0.650729555618054	0.696	0.427	3.07006937248764e-05
SHOC2	9	1.78260338389294e-09	0.957521941387967	0.405	0.192	3.22579908349267e-05
TIMMDC1	9	1.81766737822086e-09	0.960401573164154	0.365	0.164	3.28925088762847e-05
MAP3K3	9	1.82225531380211e-09	1.38201976991588	0.25	0.095	3.2975532158563e-05
DYRK1A	9	1.95257492559716e-09	1.29009728047484	0.25	0.095	3.53337958536062e-05
NEMF	9	1.96182756976521e-09	0.999862213357338	0.351	0.156	3.55012317024713e-05
LINC00657	9	2.00079437692274e-09	0.701128848816191	0.568	0.304	3.6206375044794e-05
PPP2R5E	9	2.08781764953615e-09	1.15480342945108	0.318	0.137	3.77811481860061e-05
NEDD8	9	2.10645197647722e-09	0.53012386688816	0.838	0.609	3.81183549663317e-05
DNAJB4	9	2.15121677184133e-09	0.350991038432834	0.493	0.245	3.89284187032407e-05
CD55	9	2.2653607234486e-09	1.03975561151725	0.466	0.257	4.09939676515259e-05
TMX3	9	2.30598050466992e-09	1.12428838750476	0.324	0.141	4.1729023212507e-05
RALBP1	9	2.351384662968e-09	1.10473559008336	0.331	0.146	4.25506568610689e-05
EIF2S2	9	2.37855294968865e-09	0.629243014348216	0.601	0.327	4.30422941775658e-05
STRAP	9	2.43721184032614e-09	0.783911893137799	0.52	0.273	4.41037854625419e-05
BDH2	9	2.43860531082735e-09	1.25156905153858	0.25	0.095	4.41290017047318e-05
TMEM106B	9	2.50564582752414e-09	1.13770006189665	0.345	0.155	4.53421668948768e-05
CLEC2B	9	2.51519603497275e-09	0.544205693107757	0.73	0.472	4.55149874488669e-05
PRPF4B	9	2.53035567509571e-09	0.893675459363341	0.459	0.233	4.57893162965321e-05
MAGED2	9	2.54478004080024e-09	0.681646426831312	0.48	0.239	4.60503396183211e-05
RPS20	9	2.55247584215801e-09	0.676747433235772	0.642	0.38	4.61896028396913e-05
MIER1	9	2.68383964899101e-09	0.956059503309481	0.358	0.16	4.85667622881414e-05
ZMYM4	9	2.73064653139045e-09	1.2707967245159	0.264	0.104	4.94137796320416e-05
LARP4	9	2.80524124426751e-09	1.24131490738856	0.284	0.116	5.07636455562649e-05
RPIA	9	2.92906120917193e-09	1.06370292858089	0.257	0.098	5.30042916411752e-05
DAD1	9	2.97215059817452e-09	0.457279377625978	0.872	0.682	5.3784037224566e-05
MRPL20	9	3.06815921726899e-09	0.572719203543304	0.642	0.353	5.55214091956996e-05
SEC11A	9	3.12226635937195e-09	0.579821940180385	0.784	0.497	5.65005320391948e-05
CLPP	9	3.18905562967017e-09	0.903924597916987	0.385	0.178	5.77091506745114e-05
ANKRD17	9	3.24555491833852e-09	1.34577866443632	0.257	0.101	5.87315618022539e-05
TP53TG1	9	3.5857587401717e-09	1.21324570195374	0.27	0.108	6.4887890162147e-05
PSMC1	9	3.78537197844631e-09	0.978895592180534	0.405	0.197	6.85000913219644e-05
CLCN3	9	3.85677639117983e-09	1.28434635948773	0.284	0.118	6.97922255747903e-05
PRRC2C	9	3.86413620274509e-09	0.653974741046333	0.527	0.275	6.99254087248751e-05
RAB5C	9	3.87735229131417e-09	0.657727677362164	0.608	0.342	7.01645670636213e-05
C10orf32	9	4.02254956933853e-09	1.16858821615105	0.304	0.13	7.27920570067501e-05
C1orf123	9	4.17516159497457e-09	1.03481297758102	0.338	0.15	7.55537242226598e-05
ICAM1	9	4.2928837559363e-09	1.11387504057132	0.426	0.218	7.76840244474232e-05
FDFT1	9	4.44978405231777e-09	1.48274235841723	0.25	0.099	8.05232922107423e-05
UBE2H	9	4.67711677713194e-09	0.829545121943625	0.405	0.193	8.46371051989795e-05
AP2S1	9	4.81241074993318e-09	0.452527745370226	0.824	0.518	8.70853849307908e-05
SNRPD2	9	4.91567166833406e-09	0.607628575831137	0.608	0.336	8.89539945101732e-05
ELMO1	9	5.27549274171565e-09	1.35444352556345	0.257	0.102	9.54653166540863e-05
TIPRL	9	5.35854898805414e-09	1.01237778510501	0.345	0.155	9.69683024878278e-05
WDR83OS	9	5.49369804979292e-09	0.532489712269894	0.77	0.49	9.94139599090527e-05
SLC39A1	9	5.90062204546238e-09	0.978165852639993	0.372	0.176	0.000106777656534687
TSSC4	9	6.17950683935614e-09	1.06770485913839	0.338	0.153	0.000111824355764989
IPO7	9	6.20454223717726e-09	1.2229830846163	0.284	0.12	0.00011227739632396
HIPK2	9	6.27802325367059e-09	1.21209476847357	0.27	0.11	0.000113607108798423
LRRFIP2	9	6.30998250192489e-09	1.30634261066472	0.257	0.102	0.000114185443354833
SF1	9	6.33483660326326e-09	0.663210854101016	0.547	0.294	0.000114635203172652
RPL7	9	6.5314243415214e-09	0.412326799468446	0.932	0.818	0.000118192654884171
DNM1L	9	6.54994940331462e-09	1.1364176092224	0.277	0.113	0.000118527884402381
GNG5	9	6.6042412807104e-09	0.469018639798031	0.905	0.727	0.000119510350215735
HNRNPH2	9	6.67675573497932e-09	1.17534558232636	0.297	0.128	0.000120822571780186
CAMLG	9	7.94470715183091e-09	0.92269949181816	0.378	0.18	0.000143767420619532
ZC3H15	9	8.29401024461919e-09	0.778198241943405	0.439	0.217	0.000150088409386629
VCP	9	8.36508749053232e-09	0.94248109680894	0.446	0.231	0.000151374623228673
YWHAB	9	8.50980585927965e-09	0.491279040371719	0.851	0.596	0.000153993446829524
HADHA	9	8.71065689473259e-09	0.893521530844562	0.412	0.205	0.000157628047167081
NPLOC4	9	8.84265909756878e-09	1.2376298605807	0.264	0.107	0.000160016759029605
FAM208B	9	9.26496118732907e-09	1.21101813033338	0.27	0.111	0.000167658737645907
PPP2CB	9	9.57786178123388e-09	1.0615526321568	0.324	0.144	0.000173320986793208
PRRC2B	9	1.00253083964702e-08	1.14197762151702	0.331	0.151	0.000181417980742526
MRPL4	9	1.00405560035226e-08	0.905433430239513	0.358	0.166	0.000181693901439745
PHB	9	1.00763270921613e-08	0.675557075379272	0.541	0.29	0.00018234121505975
ZFR	9	1.02116662421806e-08	1.15197377603599	0.291	0.124	0.0001847903123185
PPP4R2	9	1.02734624661433e-08	1.09343513423181	0.284	0.118	0.00018590857678733
TUG1	9	1.10293473842069e-08	1.05176331526937	0.338	0.155	0.000199587070264607
RIN2	9	1.11277872290751e-08	1.17349952316099	0.297	0.13	0.000201368437697344
DYNC1LI1	9	1.16198436166428e-08	1.10298033388592	0.291	0.124	0.000210272690086768
UBE2E2	9	1.17772816145236e-08	1.1672405326893	0.264	0.107	0.000213121688096419
COX14	9	1.22934604429836e-08	0.608813070270119	0.601	0.34	0.000222462460176231
FAM207A	9	1.27050696328009e-08	1.21580349812752	0.257	0.104	0.000229910940075165
MATR3	9	1.35132170924209e-08	0.623402765354352	0.615	0.352	0.000244535176504449
PSMA4	9	1.40923172990781e-08	0.541745545785218	0.662	0.378	0.000255014573844117
TMEM179B	9	1.43071986252129e-08	0.803318349137315	0.459	0.24	0.000258903066321852
SMIM12	9	1.45280727916794e-08	1.12720587088705	0.284	0.12	0.000262900005238231
HNRNPM	9	1.47459206667301e-08	0.670124556936093	0.527	0.285	0.000266842180385147
VPS51	9	1.47701521899222e-08	1.10517956455705	0.311	0.139	0.000267280674028832
TMEM50A	9	1.47747389529413e-08	0.604538188985267	0.777	0.577	0.000267363676092425
PSMD4	9	1.51370795651926e-08	0.754001531512758	0.493	0.263	0.000273920591811726
PLK2	9	1.52656285669012e-08	1.1581953930863	0.27	0.113	0.000276246814546644
ESD	9	1.59884571952714e-08	0.751314947792458	0.473	0.248	0.000289327121405631
MPZL1	9	1.61848330599274e-08	1.18895601384501	0.291	0.128	0.000292880739052446
PGAM1	9	1.62994269905786e-08	0.753559587380546	0.507	0.277	0.000294954430821511
CDC42	9	1.69546749646654e-08	0.419298910778785	0.919	0.729	0.000306811798160584
CENPB	9	1.70458327400415e-08	1.28229890991443	0.25	0.101	0.00030846138926379
ARPP19	9	1.71625419516808e-08	0.79371124131473	0.473	0.25	0.000310573359157616
SLTM	9	1.80848304646922e-08	0.815317697504105	0.405	0.199	0.00032726309208907
PDS5A	9	1.82430175266318e-08	1.14828237498542	0.277	0.117	0.00033012564516193
TIMM10	9	1.88973830145946e-08	0.923314949803215	0.358	0.169	0.000341967043032105
TRIP12	9	2.04485476824834e-08	1.0730580936326	0.331	0.153	0.00037003691886222
LRP10	9	2.04913938571821e-08	0.823255516928745	0.405	0.201	0.000370812263239566
NDUFAB1	9	2.08397703393288e-08	0.545936184904428	0.703	0.416	0.000377116484060495
IQGAP1	9	2.16357491736617e-08	0.633437888379493	0.581	0.328	0.000391520517046581
ADAM17	9	2.18324818021006e-08	1.08788274107602	0.297	0.13	0.000395080590690812
NUDC	9	2.23646898289739e-08	0.753430336794463	0.48	0.255	0.000404711427145112
GNAS	9	2.24755314408836e-08	0.506310829555638	0.926	0.815	0.00040671721695423
XRCC6	9	2.34886818576745e-08	0.729406803143256	0.459	0.236	0.000425051186896479
XAF1	9	2.52031553133261e-08	0.703516501355299	0.622	0.37	0.00045607629854995
EIF3D	9	2.60913695354945e-08	0.647505654743768	0.534	0.293	0.000472149423114308
NAA38	9	2.66962737345249e-08	0.563662353800801	0.615	0.343	0.000483095769499963
C19orf53	9	2.72595888213905e-08	0.502399317785244	0.818	0.571	0.000493289519311882
RSL1D1	9	2.80311851360499e-08	0.681982926684102	0.507	0.273	0.000507252326221959
RPL13A	9	2.90949350586764e-08	0.490793597668688	0.919	0.755	0.000526501944821808
DCTN6	9	3.02862989469752e-08	1.04648837322869	0.345	0.166	0.000548060865744463
PWP1	9	3.30010177263512e-08	1.22267951911473	0.27	0.115	0.000597186416776051
NIFK	9	3.34541110973934e-08	1.0412326477772	0.291	0.126	0.00060538559441843
SRP72	9	3.38495084783199e-08	0.825246814747837	0.405	0.203	0.000612540705423678
SRM	9	3.44030065081361e-08	0.538358789762233	0.541	0.288	0.000622556805771231
RFC1	9	3.51378884543525e-08	1.17204151895313	0.257	0.106	0.000635855229469963
TBCA	9	3.59734519522973e-08	0.488449551667457	0.818	0.555	0.000650975586528772
TM2D2	9	3.96431321558677e-08	0.984088740673591	0.331	0.155	0.000717382119492582
UBE2R2	9	3.9784892656572e-08	1.00059066327985	0.338	0.16	0.000719947417513327
TSPO	9	3.99926151622925e-08	0.437992196370841	0.845	0.57	0.000723706363976845
NUDT5	9	4.03651460551847e-08	0.956673546749646	0.318	0.144	0.000730447683014622
ATP5C1	9	4.24138055288009e-08	0.62469953500373	0.669	0.432	0.000767520224849181
KDSR	9	4.52732881221044e-08	0.881381692509464	0.338	0.156	0.000819265421857601
CNDP2	9	4.55269092949634e-08	1.01588979966274	0.392	0.202	0.000823854950601658
AIMP1	9	4.55770797736656e-08	0.782302640276142	0.399	0.196	0.000824762835584253
DDB1	9	4.7489350563153e-08	1.1617861025972	0.27	0.116	0.000859367287790816
TMEM230	9	4.78705131754291e-08	0.532373126141834	0.682	0.41	0.000866264806422565
LYSMD2	9	4.89471793607956e-08	0.650900433685359	0.426	0.21	0.000885748157712957
SNX14	9	5.00624063318722e-08	1.15583576941705	0.27	0.116	0.000905929304981559
ITGB1BP1	9	5.01866094487795e-08	0.795300669634119	0.351	0.164	0.000908176884585114
H1F0	9	5.28483711317821e-08	0.912699277531817	0.291	0.126	0.000956344124000728
CEBPZ	9	5.41750084685706e-08	1.01398128327383	0.264	0.11	0.000980350953247254
COPB1	9	5.43449198183406e-08	0.898053899873915	0.378	0.188	0.000983425669032691
SNHG7	9	5.45167181442672e-08	0.889861760758081	0.405	0.214	0.00098653453153866
PPP6R3	9	5.88008124756225e-08	0.931131806262946	0.297	0.131	0.00106405950255886
GOLIM4	9	6.10178877378324e-08	0.967377800465663	0.318	0.146	0.00110417969650382
DUSP11	9	6.48255063137439e-08	1.07171792164501	0.257	0.107	0.00117308236225351
SLC25A39	9	6.48684084120642e-08	0.795160234022124	0.419	0.217	0.00117385871862471
LRPPRC	9	6.50657893901213e-08	1.15214196151542	0.264	0.113	0.00117743052480364
ATP2A3	9	6.55495774049112e-08	1.90930399449519	0.257	0.116	0.00118618515271927
HNRNPD	9	6.71268368096325e-08	0.63881335077942	0.527	0.291	0.00121472723890711
NDUFB9	9	6.75565944302017e-08	0.597778775613481	0.561	0.317	0.00122250413280893
NKTR	9	6.89549566858255e-08	0.659639320467256	0.541	0.303	0.0012478088961867
PTS	9	6.92470678400054e-08	0.955858892165323	0.324	0.151	0.00125309493963274
COA4	9	6.93699541198141e-08	0.869123399073011	0.385	0.195	0.00125531868975216
YWHAQ	9	6.93963839760182e-08	0.561235616406261	0.622	0.352	0.00125579696443003
TMX4	9	7.05280077725565e-08	0.823286131471943	0.372	0.182	0.00127627482865218
KIAA1109	9	7.19093046700451e-08	0.948652187494627	0.338	0.163	0.00130127077730914
FAM91A1	9	7.28668232572485e-08	1.04628587550348	0.304	0.14	0.00131859803366317
MYCBP2	9	7.31225728861338e-08	0.804376894438818	0.446	0.242	0.00132322607894748
KRIT1	9	7.31419156148225e-08	1.17311709902597	0.25	0.105	0.00132357610496583
UPP1	9	7.32369643567309e-08	0.729435600313649	0.48	0.264	0.0013252961069994
PRRC2A	9	7.87118028808745e-08	1.19894939241664	0.27	0.119	0.00142436878493231
NRIP1	9	7.96553301275539e-08	1.11510772836918	0.291	0.133	0.00144144285398822
METAP2	9	8.86834506125006e-08	0.879481577780587	0.358	0.176	0.00160481572228381
VKORC1	9	9.06273539244458e-08	0.521422826581294	0.527	0.284	0.00163999259661677
PSMC6	9	9.07108143672099e-08	0.810283219782993	0.385	0.193	0.00164150289678903
PIN4	9	9.15161782756912e-08	0.738669877756768	0.439	0.231	0.00165607676207691
SDHD	9	9.31907768018932e-08	0.681049161229369	0.473	0.255	0.00168638029700706
DDX46	9	9.35933578325365e-08	0.774105487309522	0.392	0.196	0.00169366540333758
TSNAX	9	9.61484377392829e-08	0.991390697289886	0.291	0.13	0.00173990212933006
CBX5	9	9.63288863407391e-08	1.21478988422259	0.264	0.116	0.00174316752722201
POLR2I	9	9.81183142723289e-08	0.644493428413846	0.507	0.278	0.00177554901507206
FAM120A	9	9.8251661363311e-08	0.885278845119587	0.365	0.181	0.00177796206403048
METTL5	9	1.04388830831645e-07	0.848391830733914	0.392	0.201	0.00188902028272945
CTDSP2	9	1.07102498161727e-07	1.15697219723548	0.284	0.129	0.00193812680673462
DTNBP1	9	1.11125959667342e-07	1.18451852412114	0.25	0.106	0.00201093536614023
CAPRIN1	9	1.14392585685822e-07	1.12869548902754	0.291	0.134	0.00207004823057064
TOP2B	9	1.16087656073531e-07	0.910558462417381	0.331	0.158	0.00210072222430662
NSMCE4A	9	1.17909354961955e-07	0.994773336684539	0.284	0.127	0.00213368768739154
DDRGK1	9	1.21691877317693e-07	0.7982082026749	0.399	0.205	0.00220213621194097
RPL4	9	1.24411546557677e-07	0.42347154348493	0.899	0.679	0.00225135134650773
COMMD7	9	1.24663767971682e-07	0.673728975387376	0.432	0.223	0.00225591554521555
UBA6	9	1.2729901080866e-07	1.10012633683077	0.264	0.115	0.00230360289959352
ATP5B	9	1.28928173575397e-07	0.560997531547154	0.682	0.419	0.00233308422902039
DNAJC19	9	1.34066556823344e-07	0.799508748188818	0.378	0.189	0.00242606841227524
URM1	9	1.38667248475637e-07	0.958770487585226	0.318	0.15	0.00250932252841514
PMP22	9	1.38755786082225e-07	0.43629035394087	0.426	0.22	0.00251092470494394
SLK	9	1.44084775467133e-07	1.08202453045546	0.264	0.115	0.00260735809685324
GALNT1	9	1.44839847811154e-07	0.895555192581564	0.358	0.181	0.00262102188599065
PHKB	9	1.6126229136729e-07	1.10149317259467	0.277	0.125	0.00291820242458248
TMEM205	9	1.63072501123507e-07	0.670408942246814	0.439	0.233	0.00295095998033098
HNRNPAB	9	1.63883507520367e-07	0.613614583295771	0.48	0.257	0.00296563595208856
ARCN1	9	1.66178742504002e-07	0.90443065335832	0.318	0.15	0.00300717052435243
SSB	9	1.72628640544002e-07	0.559116021005767	0.554	0.316	0.00312388787928427
EIF4E2	9	1.7361769752376e-07	0.840413638389103	0.351	0.173	0.00314178585438996
KLF3	9	1.75578995454492e-07	0.770615070524341	0.385	0.197	0.00317727750174448
CHURC1	9	1.81843585039542e-07	0.443090216182312	0.601	0.341	0.00329064151487556
SMEK2	9	1.87694414921699e-07	0.921370515780032	0.311	0.146	0.00339651813242307
RELA	9	2.03700289402598e-07	1.12094688041537	0.27	0.122	0.00368616043702941
SPTSSA	9	2.09331081453077e-07	0.85775441648406	0.372	0.19	0.00378805524997487
TMEM123	9	2.15089377286043e-07	0.675910360371622	0.601	0.367	0.00389225737136823
MTPN	9	2.25226789132695e-07	1.06043685867435	0.277	0.126	0.00407570397614526
CGGBP1	9	2.35794660430214e-07	0.626765496416789	0.426	0.22	0.00426694017514516
DDX18	9	2.4005717044759e-07	0.598002384261165	0.473	0.255	0.00434407455641958
EIF4H	9	2.54029390777413e-07	0.816166092142426	0.412	0.221	0.00459691585550807
IFI44L	9	2.57457348390762e-07	0.808524594937585	0.689	0.463	0.00465894817647923
RWDD1	9	2.64508512518384e-07	0.709394447113628	0.419	0.22	0.00478654604253268
ATXN10	9	2.76739791926261e-07	0.824848335242227	0.365	0.185	0.00500788327469763
DYNLT1	9	2.83363496883213e-07	0.461206798074989	0.716	0.454	0.00512774583959862
RALA	9	2.86647717189608e-07	1.09343513423181	0.257	0.114	0.00518717709026315
TWF1	9	2.87216150040598e-07	0.855580773255769	0.311	0.146	0.00519746345113467
PDAP1	9	2.90627756935202e-07	0.65605794906032	0.446	0.239	0.00525919988949941
HP1BP3	9	2.94098158914957e-07	0.63234737547995	0.5	0.285	0.00532200028372506
NUTF2	9	3.04972442951789e-07	0.788168530698333	0.399	0.211	0.00551878132765557
YIPF4	9	3.10145074872658e-07	0.652667359859546	0.426	0.223	0.00561238527489562
ZNF593	9	3.18723167174707e-07	0.7077184033684	0.412	0.216	0.0057676144331935
MAPK1	9	3.32476734041174e-07	1.13329320076597	0.27	0.124	0.00601649897920908
RNH1	9	3.34605084180939e-07	0.537994544490497	0.662	0.408	0.00605501360333827
C19orf43	9	3.45073686561421e-07	0.453787259863615	0.797	0.557	0.00624445343201548
DNAJC21	9	3.48732900985816e-07	0.935067090560271	0.284	0.13	0.00631067057623933
FAM118A	9	3.49537825101367e-07	0.834997382192639	0.378	0.197	0.00632523648303433
ZNF428	9	3.56781545274005e-07	0.606305302614598	0.459	0.245	0.00645631884327839
NUDT3	9	3.65999867681752e-07	0.643897150231814	0.466	0.257	0.00662313360556899
C11orf31	9	3.73996029239894e-07	0.473036036412606	0.797	0.567	0.00676783214512512
LDHB	9	3.78124728910395e-07	0.661945173447557	0.507	0.297	0.0068425450943625
PUF60	9	3.96600234453018e-07	0.661827359145022	0.453	0.248	0.00717687784266181
REEP3	9	4.06119860697663e-07	0.852436872235323	0.351	0.177	0.00734914499918491
ATP5F1	9	4.25298894288165e-07	0.921370515780032	0.311	0.15	0.00769620879103863
MAGT1	9	4.30098365986584e-07	0.992625742343883	0.297	0.141	0.00778306003089322
TFG	9	4.30671247447963e-07	0.729835220382006	0.358	0.179	0.00779342689381834
YTHDF2	9	4.60279315568039e-07	0.989702347137117	0.311	0.153	0.00832921449451923
MED4	9	4.62930274724791e-07	0.71715608631126	0.392	0.203	0.00837718625141982
PAK2	9	4.96557378658699e-07	0.571855314271449	0.486	0.267	0.00898570232420782
RPL5	9	5.09770609408612e-07	0.347074505704702	0.959	0.933	0.00922480894785824
RPLP0	9	5.23099487674331e-07	0.312829448709156	0.973	0.89	0.00946600832895469
MRPL36	9	5.53738226864566e-07	0.803808885622443	0.365	0.189	0.0100204469533412
ARID4B	9	5.92138693642797e-07	0.592886131534129	0.405	0.209	0.01071534180016
SFT2D2	9	6.16303008398669e-07	0.941906836040734	0.297	0.143	0.0111526192399823
EXOSC8	9	6.19995238290095e-07	0.979832103113055	0.277	0.129	0.0112194338320976
ZFAND1	9	6.31547976601318e-07	0.906323433377479	0.291	0.137	0.0114284921845775
CCSER2	9	6.474141840569e-07	0.652667359859546	0.358	0.178	0.0117156070746937
PPP2R1A	9	6.59572432549393e-07	0.877148524923947	0.297	0.142	0.0119356227394138
RPS18	9	6.60614099697179e-07	0.258699017021073	1	1	0.0119544727481201
CPNE3	9	6.66943110467651e-07	0.676544461877487	0.385	0.201	0.0120690025270226
ERH	9	6.68028627976747e-07	0.435596578791293	0.784	0.559	0.0120886460518672
G3BP2	9	6.70061378633885e-07	0.559884689710406	0.432	0.229	0.0121254307077588
FAM174A	9	6.71970169967867e-07	0.972039749843152	0.284	0.134	0.0121599721957385
MRPL13	9	6.86164330015464e-07	0.888734718093071	0.331	0.167	0.0124168297159598
EIF4EBP1	9	6.90210869453601e-07	0.871307646334887	0.358	0.189	0.0124900558936324
ZNF292	9	6.90629587995511e-07	0.654672495749923	0.372	0.189	0.0124976330243668
KRR1	9	6.95857062984171e-07	0.996621761076907	0.27	0.125	0.0125922294117616
NUCKS1	9	6.98539584797934e-07	0.563473630530091	0.527	0.299	0.0126407723265034
GLRX3	9	7.04562525310957e-07	0.835170427381328	0.338	0.17	0.0127497634580271
SSBP1	9	7.45573299861223e-07	0.492571845465775	0.642	0.396	0.0134918944342887
TCN2	9	7.45993571913209e-07	0.986091093584738	0.257	0.116	0.0134994996773414
MRPL51	9	7.5323018988872e-07	0.429444132257185	0.662	0.393	0.0136304535162263
RBMX	9	7.77291082399894e-07	0.626647474898326	0.48	0.275	0.0140658594271085
PSMC4	9	7.77813324557344e-07	0.857487151748044	0.324	0.162	0.0140753099211897
NAA50	9	7.94802802217502e-07	0.829971891667456	0.311	0.15	0.0143827515089279
LBR	9	8.20316725401564e-07	0.835170427381328	0.324	0.161	0.0148444514628667
RAD23A	9	8.28307964746555e-07	0.511804824019697	0.541	0.309	0.0149890609300537
LUC7L3	9	8.45640746296014e-07	0.536046507785281	0.507	0.286	0.0153027149449727
PHC2	9	8.77454828677273e-07	0.719218552768152	0.372	0.194	0.0158784225797439
TFPT	9	9.18174782238576e-07	0.91570176569334	0.264	0.12	0.0166152908593893
SUMO1	9	9.51437724951886e-07	0.491407219544361	0.743	0.513	0.0172172170707293
THRAP3	9	1.00075201620232e-06	0.655834638938229	0.446	0.248	0.0181096084851971
PFKL	9	1.03412377146942e-06	0.819128505998287	0.372	0.198	0.0187135037685107
PSMG2	9	1.04389085467807e-06	0.579559811586277	0.554	0.333	0.0188902489062544
SEC31A	9	1.06405595042472e-06	0.692720609379986	0.399	0.215	0.0192551564788858
LAMP1	9	1.0857403796211e-06	0.420290849950476	0.669	0.406	0.0196475579096234
CELF1	9	1.10682849373012e-06	0.974595454746909	0.291	0.141	0.0200291684225403
CNOT7	9	1.11011859399833e-06	0.958557244655137	0.264	0.121	0.0200887060769938
MPG	9	1.13237897317062e-06	0.611921017516237	0.493	0.286	0.0204915298984956
CDK4	9	1.19773746114679e-06	0.806212618113002	0.324	0.163	0.0216742570969123
TMEM173	9	1.22525654354682e-06	0.648597695550499	0.358	0.182	0.0221722424120233
BIRC6	9	1.24207999897408e-06	0.762387727095943	0.372	0.198	0.022476679661435
PAPOLA	9	1.30810742298471e-06	0.534052710885851	0.574	0.345	0.0236715119263313
PELI1	9	1.3364315686663e-06	1.13259438988241	0.264	0.125	0.0241840656665854
HAT1	9	1.37642388165565e-06	0.841276924566785	0.324	0.164	0.0249077665624407
AP3S1	9	1.40573461813721e-06	0.681049161229369	0.432	0.246	0.0254381736498109
EIF3F	9	1.45544583093647e-06	0.410107503667675	0.696	0.425	0.0263377477566264
IMPAD1	9	1.47901141135891e-06	1.02219019988602	0.291	0.144	0.0267641904999508
CDS2	9	1.53297378728754e-06	0.998992109054376	0.257	0.119	0.0277406936547554
KAT6A	9	1.54758968250786e-06	1.01085899873368	0.257	0.119	0.0280051828946623
DCTN2	9	1.58730016112226e-06	0.796473300337977	0.378	0.206	0.0287237837156684
DYNLL1	9	1.613594505361e-06	0.302968431549388	0.905	0.716	0.0291996061690126
EMC2	9	1.68757308260381e-06	0.840037495761268	0.318	0.161	0.0305383225027985
PRPF31	9	1.71185261538028e-06	0.848302480407753	0.297	0.146	0.0309776849279216
GMDS	9	1.73810874044402e-06	1.07143757801472	0.25	0.116	0.031452815767075
BCLAF1	9	1.76326869939882e-06	0.57996091435961	0.453	0.255	0.0319081103843211
DYNLRB1	9	1.77217184945221e-06	0.468242788722119	0.696	0.457	0.0320692217876872
SEC62	9	1.82880787340517e-06	0.260729543724441	0.77	0.491	0.0330941072771399
RIF1	9	1.83408255731323e-06	0.756503170844086	0.318	0.159	0.0331895579571403
ARHGDIA	9	1.88637067527381e-06	0.420937073943762	0.723	0.465	0.0341357637397549
IK	9	1.9035295419089e-06	0.703157130313239	0.372	0.198	0.0344462705903834
MRPS7	9	1.92452614616852e-06	0.766324141655113	0.351	0.185	0.0348262251410655
PPP2R4	9	1.99331593993004e-06	1.01643618882788	0.257	0.121	0.0360710452489739
UQCRC2	9	1.99958845893809e-06	0.856200753944678	0.338	0.178	0.0361845527529438
TACC1	9	2.03688005731453e-06	0.677634275376122	0.392	0.212	0.0368593815171637
EMC4	9	2.04548122523263e-06	0.794347981936735	0.318	0.16	0.0370150282518096
MRPL28	9	2.18254139896428e-06	0.814840085577672	0.351	0.188	0.0394952691556576
TXNL1	9	2.19341593789187e-06	0.532096774251153	0.52	0.302	0.0396920548120913
DNAJC8	9	2.20698549994132e-06	0.652667359859546	0.453	0.262	0.0399376096069381
WDR45B	9	2.23259740284225e-06	0.846609242420394	0.311	0.157	0.0404010826018334
DHX29	9	2.25080324584346e-06	0.825412880364237	0.304	0.152	0.0407305355367833
ILK	9	2.3078663769616e-06	0.670999182631804	0.378	0.203	0.0417631499574972
PSIP1	9	2.37841799763198e-06	0.944130174019858	0.25	0.115	0.0430398520851482
MLF2	9	2.38968002884623e-06	0.703236184262183	0.432	0.25	0.0432436498020013
COPS6	9	2.40470751887369e-06	0.606863670246422	0.5	0.295	0.0435155872615383
SLC25A36	9	2.49735231624888e-06	0.898143394309036	0.291	0.144	0.0451920875148398
EIF3M	9	2.55085972049485e-06	0.753262151315036	0.412	0.234	0.0461603575020748
EIF3A	9	2.75644267758083e-06	0.589844403626617	0.486	0.283	0.0498805866935027
PTN	10	0	8.1271718443121	1	0.013	0
ALDH1A3	10	0	7.08289079134769	1	0.028	0
CDH19	10	0	7.2786014648628	1	0.033	0
ITGB8	10	0	7.57720852416326	1	0.035	0
DAG1	10	0	6.5902329957023	0.982	0.031	0
GAP43	10	0	6.55179012254191	0.973	0.03	0
COL12A1	10	0	5.8940530163826	0.973	0.032	0
PCDH9	10	0	7.1871582761042	0.928	0.009	0
LGI4	10	0	6.9706275414902	0.937	0.021	0
PLP1	10	0	7.71192446525987	0.91	0.011	0
DIRAS3	10	0	7.34626030825198	0.91	0.018	0
PMP2	10	0	5.95946290602888	0.91	0.027	0
FXYD3	10	0	7.68643594772655	0.901	0.019	0
PTPRZ1	10	0	8.60712034285144	0.874	0.006	0
CHL1	10	0	7.94014943097205	0.874	0.007	0
IL34	10	0	6.52707497316358	0.892	0.025	0
NRXN1	10	0	9.04234800185336	0.865	0.005	0
SEMA3C	10	0	6.07675529107741	0.874	0.024	0
ERBB3	10	0	7.06619243889035	0.829	0.01	0
IL1RAP	10	0	5.9974307562279	0.838	0.023	0
PLEKHB1	10	0	6.12335656490384	0.82	0.02	0
ST6GALNAC2	10	0	6.39568713350485	0.811	0.018	0
L1CAM	10	0	7.31994903113613	0.766	0.009	0
TUBB2B	10	0	7.27205313633691	0.757	0.009	0
RP4-792G4.2	10	0	7.91958810848973	0.748	0.004	0
SOX10	10	0	7.77599725486088	0.739	0.005	0
BCHE	10	0	6.96233775594907	0.694	0.01	0
RSPO3	10	0	6.71348077074077	0.685	0.01	0
FOXD3	10	0	8.30909051566144	0.676	0.003	0
CMTM5	10	0	8.26991991838076	0.667	0.003	0
TSPAN11	10	0	7.33462560776858	0.64	0.005	0
NLGN4X	10	0	7.7014079384402	0.631	0.004	0
KLHDC8A	10	0	7.07159120193478	0.622	0.006	0
GFRA1	10	0	7.36468284162476	0.613	0.004	0
VAT1L	10	0	7.27157343723327	0.595	0.004	0
FLRT3	10	0	7.91112652974154	0.559	0.003	0
PRIMA1	10	1.93042639940784e-306	7.79267599600751	0.559	0.003	3.49329961236843e-302
SHC4	10	3.13635847118739e-304	7.16808642116565	0.577	0.004	5.6755542894607e-300
ITIH5	10	3.64160440609254e-302	6.86148515392616	0.694	0.012	6.58984733326506e-298
CNIH3	10	5.13170143757499e-302	6.35547648269359	0.739	0.016	9.28632692143569e-298
SCD	10	3.35107131165473e-301	5.60907605766812	0.892	0.03	6.0640986455704e-297
KCNMB4	10	4.09596428184214e-299	5.93914090591113	0.757	0.017	7.41205696442153e-295
MIA	10	4.11048608298455e-298	6.58945953250051	0.991	0.047	7.43833561576884e-294
NGFR	10	8.05462217063933e-293	6.11707174336851	0.703	0.014	1.45756442799889e-288
KHDRBS3	10	1.39687786075973e-292	6.04752749704431	0.685	0.012	2.52779017683081e-288
TCEAL7	10	5.07023231223893e-290	6.00694707278853	0.811	0.024	9.17509239222757e-286
EXTL1	10	6.56090720788761e-289	7.18411059598293	0.577	0.006	1.18726176833934e-284
STRA6	10	4.16896913210732e-284	5.29057042769064	0.766	0.02	7.5441665414614e-280
SHH	10	2.4037793413917e-282	8.16642528679573	0.541	0.004	4.34987909618242e-278
FEZ1	10	4.67028031238304e-282	5.39978882595318	0.892	0.035	8.45133925328835e-278
PCSK1N	10	2.32549829457017e-278	5.48624708633483	0.874	0.034	4.20822171385417e-274
PEG10	10	5.59884575793509e-274	6.60809546626868	0.577	0.007	1.01316712835593e-269
CADM4	10	7.80136826982484e-270	6.03513095217669	0.793	0.027	1.4117356021075e-265
MICALL2	10	2.89529092544534e-268	5.11576055992745	0.937	0.045	5.2393184586859e-264
NEGR1	10	2.98568859023726e-268	6.54612971296229	0.613	0.01	5.40290207289335e-264
MMP17	10	8.44601635868138e-264	5.83801898146827	0.658	0.014	1.52839112026698e-259
AFAP1L2	10	3.87825785748645e-263	5.67166059504615	0.712	0.019	7.01809541890748e-259
RHBDF1	10	2.40453575682255e-262	5.56474539112963	0.712	0.019	4.35124790554609e-258
BAALC	10	2.85151561960897e-262	5.96974194797914	0.712	0.019	5.16010266524439e-258
GPM6B	10	3.05581434767735e-262	7.38018422114843	1	0.063	5.52980164355694e-258
SOX2	10	8.80499478216373e-262	8.45825695693695	0.45	0.001	1.59335185578035e-257
ABCA8	10	6.1771694235389e-261	4.95446867419027	0.802	0.028	1.1178205788836e-256
SCN7A	10	4.69367616545175e-260	8.22965604816703	0.477	0.003	8.49367638900149e-256
CADM1	10	7.12766619283508e-259	5.58759633025767	0.892	0.042	1.28982247425544e-254
NTNG1	10	7.48125751167315e-257	8.23644521382967	0.45	0.002	1.35380835931237e-252
NTM	10	1.49149648874808e-256	5.77266391372962	0.802	0.031	2.69901204603852e-252
COL8A1	10	1.55860593729711e-253	4.95439080222086	0.955	0.052	2.82045330413285e-249
NOV	10	8.51788454061716e-253	7.03011456595862	0.586	0.01	1.54139638647008e-248
ENDOD1	10	3.03855573092848e-247	5.10724547172908	0.991	0.063	5.49857045068818e-243
PDGFA	10	3.87804954260554e-241	4.5169380002475	0.928	0.05	7.01771845229899e-237
SYT11	10	8.30949174639916e-240	4.95294670543616	0.865	0.043	1.50368562642839e-235
EHBP1	10	1.79946271957337e-239	4.96992601215914	0.964	0.061	3.25630773733998e-235
INPP5F	10	5.93640720734063e-237	4.98120496547768	0.802	0.035	1.07425224824036e-232
ITGA3	10	5.18962985588538e-236	4.94971719149759	0.919	0.053	9.39115418721019e-232
SORBS1	10	8.4171440285336e-236	5.26378288734017	0.649	0.018	1.52316638340344e-231
NES	10	1.46221447864658e-231	4.86835250605124	0.937	0.059	2.64602332055884e-227
NDP	10	1.61510684239978e-231	6.75912343629649	0.459	0.004	2.92269734200664e-227
ITGB4	10	7.76724768880508e-231	5.00096822029911	0.784	0.034	1.40556114176617e-226
CSF1	10	8.63624329597046e-231	4.83371735315512	0.757	0.03	1.56281458683882e-226
HMCN1	10	1.31856642379807e-230	5.86010568445926	0.586	0.013	2.38607780050498e-226
ID4	10	3.80826845693697e-229	5.06688961324481	0.73	0.027	6.89144259967315e-225
SGCE	10	6.83328131733173e-228	5.08669809432499	0.784	0.035	1.23655058718435e-223
DCSTAMP	10	2.07477459417208e-227	7.41582169061656	0.432	0.003	3.7545121056138e-223
FREM2	10	6.69391523970308e-227	7.84158559648846	0.387	0.001	1.21133090177667e-222
THBS2	10	2.00310876206871e-226	5.02440301353349	0.982	0.071	3.62482561583954e-222
CAPS	10	1.3186517266141e-225	6.32203850421626	0.955	0.069	2.38623216448087e-221
ST3GAL4	10	2.11472950563924e-224	5.28346470798594	0.802	0.04	3.82681451340477e-220
FXYD1	10	1.67453790869383e-223	5.10562782285984	0.937	0.063	3.03024379957235e-219
GPC1	10	7.75966355267271e-223	4.86051741249883	0.757	0.032	1.40418871649165e-218
BDNF	10	4.08523561692488e-218	7.79504301055143	0.396	0.002	7.39264237238727e-214
PENK	10	1.10741109277064e-217	8.14970789185079	0.441	0.005	2.00397111347775e-213
GPR56	10	1.10108523281042e-216	5.03778849384404	0.694	0.026	1.99252383729373e-212
CERS1	10	2.67329923107628e-215	8.47901551710375	0.36	0.001	4.83760228855564e-211
GULP1	10	5.40119272403779e-213	5.78128508622064	0.55	0.013	9.77399835341879e-209
CAPN5	10	2.05847922345206e-212	5.91451711894231	0.514	0.01	3.72502400275885e-208
PGM2L1	10	1.51823165064615e-211	4.91073175752923	0.829	0.047	2.74739199500927e-207
SPOCD1	10	3.52174020144103e-211	5.68601588802322	0.559	0.014	6.37294106852768e-207
DLC1	10	3.55900668146735e-211	4.63430718056378	0.964	0.074	6.44037849078332e-207
RND3	10	6.38563791609997e-210	4.78413532430456	0.955	0.073	1.15554503729745e-205
PHLDA3	10	7.06662252265369e-209	4.77243836513602	0.991	0.084	1.27877601169941e-204
EDNRB	10	3.87335936968565e-208	5.0825224183538	0.829	0.049	7.00923111538316e-204
SLC35F1	10	6.00519407867095e-208	7.39958104960935	0.387	0.002	1.0866999204763e-203
PLAT	10	1.0067671677678e-207	4.4438216635291	0.982	0.082	1.82184586679261e-203
INSC	10	7.9160566364776e-207	7.53673101496004	0.378	0.002	1.43248960893699e-202
ZNF536	10	8.28792783217805e-207	7.50816186276327	0.378	0.002	1.49978342051094e-202
RXRG	10	9.74294888081578e-204	7.30909051566144	0.387	0.003	1.76308402947242e-199
CMYA5	10	6.94523297014459e-202	6.23353948265426	0.45	0.007	1.25680935827736e-197
BMP8B	10	1.95747910177208e-200	6.06397801782491	0.468	0.008	3.54225418256676e-196
TMEM47	10	2.71443570318459e-200	4.81338870465781	0.766	0.041	4.91204284848284e-196
PPFIBP1	10	3.59787604452542e-198	4.74593335742477	0.91	0.07	6.5107164901732e-194
MEG3	10	1.0030156637749e-197	4.21882706549319	0.919	0.071	1.81505714516706e-193
DHH	10	1.09400099982534e-197	6.33462560776858	0.432	0.006	1.97970420928393e-193
DCBLD2	10	1.34921607753023e-197	5.04703932881491	0.901	0.068	2.4415414138987e-193
PDLIM4	10	1.54895720493044e-197	5.45462036295412	0.982	0.094	2.80299295804212e-193
PMEPA1	10	9.87237278400113e-197	5.61445373763967	1	0.1	1.78650457899284e-192
TRAF1	10	4.32086475121031e-196	4.73903603038768	0.883	0.064	7.81903685379017e-192
CRYAB	10	9.38272948152635e-195	6.05847154151836	0.991	0.099	1.69789872697701e-190
PPP1R9A	10	2.0403302143143e-193	6.07020997153642	0.441	0.007	3.69218155582316e-189
SERPINE2	10	3.49411583921589e-193	6.56950069791269	1	0.105	6.32295202264507e-189
SGCB	10	1.6172040811964e-191	4.16564943571981	0.892	0.065	2.92649250533301e-187
CDH2	10	2.47063610694448e-191	5.73724893667372	0.514	0.013	4.47086309912674e-187
NCAM1	10	1.68991224386439e-190	6.16470060632626	0.45	0.008	3.05806519649699e-186
SRPX	10	1.30469473227769e-189	4.66093418845309	0.685	0.031	2.36097558752971e-185
EMP2	10	6.13965875909425e-189	4.35167030440028	0.829	0.055	1.1110326490457e-184
NRXN3	10	1.62514983289566e-188	7.05017221829988	0.369	0.003	2.94087113760799e-184
GAL3ST1	10	3.9975324349388e-188	7.80916411879608	0.333	0.001	7.23393469426525e-184
OTOGL	10	1.71519095618928e-187	8.34408593701764	0.324	0.001	3.10380955432011e-183
WBSCR17	10	1.46563506973821e-185	7.09792534974824	0.351	0.002	2.65221322219826e-181
ST6GALNAC5	10	2.81013386678882e-184	7.09792534974824	0.342	0.002	5.08521824534105e-180
CHST3	10	7.73531480617748e-184	5.19166765392653	0.55	0.018	1.39978256732588e-179
VWA1	10	1.35572669159574e-183	4.32634596269359	0.91	0.075	2.45332302111164e-179
KCNN4	10	3.24917926933513e-183	4.96470756994638	0.847	0.063	5.87971480578886e-179
C8orf4	10	3.25320068813173e-183	4.8306501188073	0.838	0.062	5.88699196524317e-179
MT1E	10	3.82177914026313e-183	4.50420384919458	0.928	0.081	6.91589153222017e-179
EFS	10	8.04040569055773e-183	6.80916411879608	0.36	0.003	1.45499181376333e-178
HSPA12A	10	2.84697358184991e-182	5.88578540039899	0.441	0.008	5.1518833937156e-178
S100A16	10	3.66070160763472e-182	4.22476199681217	0.991	0.098	6.62440562917579e-178
LPL	10	4.76803455540117e-181	5.94850080040497	0.486	0.012	8.62823533145396e-177
NRN1	10	2.97410552975774e-180	4.17076235911347	0.766	0.046	5.38194136664961e-176
ASPA	10	2.3572451670588e-179	6.08669809432499	0.396	0.006	4.26567085430961e-175
OTUD7B	10	3.17300406294479e-179	5.14898237257933	0.541	0.018	5.7418681523049e-175
SOCS2	10	1.52601105905904e-178	4.73248578774219	0.793	0.055	2.76146961247324e-174
ARHGEF26	10	8.46209462937449e-178	6.00726362683059	0.414	0.007	1.53130064413161e-173
PCDH7	10	1.08351863478698e-177	6.39155267585341	0.387	0.005	1.96073532151051e-173
USP53	10	6.1917279588294e-177	4.78382833525331	0.829	0.063	1.12045509142977e-172
RASGEF1C	10	7.7616986512344e-177	7.59766001360237	0.315	0.001	1.40455698792738e-172
IGSF3	10	3.61201689670824e-176	8.02921259966423	0.306	0.001	6.53630577628323e-172
FRMD6	10	4.83128824631193e-176	4.49021372370861	0.631	0.028	8.74269921052606e-172
TENM3	10	1.12172626840923e-175	6.63513471902103	0.342	0.003	2.02987585531335e-171
RP11-320M16.2	10	1.13810870422833e-175	8.2566230957673	0.297	0.001	2.05952151117159e-171
NR2F1	10	2.6261422474045e-174	4.74760944827945	0.631	0.029	4.75226701090319e-170
AKAP12	10	6.71520794280284e-174	3.96565181343039	0.838	0.062	1.2151840293296e-169
MT1M	10	2.63808454281909e-172	5.76226314382705	0.514	0.017	4.77387778868542e-168
FSTL3	10	3.34835021786609e-172	5.07614431616425	0.856	0.072	6.05917455425048e-168
PLAC9	10	3.6451239281601e-172	3.87793753857631	0.892	0.074	6.59621626039852e-168
FIGN	10	4.24367368738269e-172	6.16916025451696	0.378	0.005	7.67935190468771e-168
LAMA4	10	6.56688126552922e-172	3.92015890772206	0.964	0.094	1.18834283381017e-167
TRPV4	10	4.1901576106568e-170	5.00794398291058	0.586	0.025	7.58250921224454e-166
CPXM2	10	5.38390590081493e-170	4.39155267585341	0.64	0.031	9.74271611811471e-166
CSPG4	10	1.59745246370678e-168	4.35971658873141	0.577	0.024	2.8907499783238e-164
MAP1B	10	1.64971342493942e-168	3.57426383225157	0.946	0.087	2.98532141377037e-164
AMOTL1	10	2.62152251525104e-168	4.57096659542667	0.604	0.027	4.74390714359828e-164
MFGE8	10	3.37768633253685e-168	3.6382744265516	0.982	0.099	6.11226118735868e-164
ASPHD1	10	5.15635248468021e-168	6.56978098102693	0.342	0.004	9.33093545627731e-164
FOLH1	10	3.24254017367664e-167	5.91958810848973	0.405	0.008	5.86770069828526e-163
NAPEPLD	10	4.81516208810308e-166	4.89653400588635	0.595	0.027	8.71351731463133e-162
TNFRSF12A	10	1.76193321045558e-165	4.49650294383259	0.955	0.109	3.18839433764041e-161
EMP1	10	1.59931596223682e-163	4.06758927137729	0.955	0.099	2.89412216526375e-159
P4HA2	10	6.42302357095548e-163	4.20931738098895	0.64	0.033	1.1623103454001e-158
ITGA2	10	8.3730070993171e-163	4.58712708483448	0.622	0.031	1.51517936469242e-158
HSPB2	10	4.42585949875304e-160	4.87811147251357	0.523	0.02	8.0090353489435e-156
PLS3	10	6.71153535926023e-160	3.62674817317057	0.946	0.095	1.21451943861173e-155
COL9A3	10	8.65465756705515e-160	4.86248293738173	0.604	0.03	1.5661468333343e-155
SNCA	10	9.67682821455079e-159	4.64107227521272	0.856	0.082	1.75111883370511e-154
CNN3	10	6.98279891482149e-158	4.13480696367206	0.982	0.124	1.2636072916261e-153
SCN9A	10	1.87299882082845e-157	5.38215397785116	0.468	0.015	3.38937866617116e-153
FRMD4A	10	1.97910515553309e-157	4.12205337077295	0.82	0.07	3.58138868945267e-153
AZGP1	10	2.88658976701295e-157	6.610260050382	0.324	0.004	5.22357284238663e-153
GAS7	10	2.66968425935769e-156	4.26328682604831	0.865	0.085	4.83106063573368e-152
PROS1	10	1.91362980099746e-155	4.7409926161545	0.874	0.09	3.46290448788501e-151
KCNS3	10	4.79016614396423e-155	5.72228666811611	0.405	0.01	8.66828465411766e-151
MXRA8	10	7.73428986963195e-154	3.65776615338777	0.775	0.059	1.3995970948086e-149
FSTL5	10	7.04162774706475e-153	8.57855119065466	0.252	0	1.27425295710884e-148
ITPR3	10	7.45481547738891e-153	3.95545356104674	0.757	0.057	1.3490234087883e-148
RGMB	10	2.5549232053428e-152	5.20217531174493	0.441	0.013	4.62338903238834e-148
PRKCDBP	10	6.54330749186221e-152	4.17642453335206	1	0.134	1.18407692372739e-147
LGI1	10	3.22810335755688e-151	7.2566230957673	0.288	0.002	5.84157583583493e-147
SDC4	10	3.36264946053228e-151	4.16694038172802	0.811	0.072	6.08505046377921e-147
CADM3	10	2.62913549039843e-149	5.51411931805967	0.369	0.007	4.757683583425e-145
LINC00511	10	2.64099849736658e-148	6.33462560776858	0.315	0.004	4.77915088083456e-144
GFRA2	10	4.18173609898966e-147	5.54160005448177	0.387	0.009	7.56726964473168e-143
ADAM23	10	4.39312009400856e-147	5.7014079384402	0.36	0.007	7.94979012211789e-143
TFPI2	10	5.37608800222473e-147	4.89268747435836	0.514	0.022	9.72856884882587e-143
SEZ6L2	10	1.3852756017997e-146	4.88024721685756	0.423	0.012	2.50679472901673e-142
NCS1	10	2.32488448303785e-146	4.86069441943616	0.468	0.017	4.20711096050529e-142
SH3PXD2A	10	1.17783441702662e-145	3.81850198337542	0.748	0.061	2.13140916105138e-141
AKAP6	10	2.56519405141353e-145	5.9783219332802	0.342	0.006	4.64197515543793e-141
TMEM178B	10	8.260331315629e-144	6.08669809432499	0.324	0.005	1.49478955487622e-139
PRICKLE2	10	1.6784754580833e-143	5.21480292007268	0.405	0.011	3.03736918894753e-139
GFRA3	10	2.45638620179944e-143	7.5196575016011	0.261	0.001	4.44507647077626e-139
TIMP3	10	3.46678379455502e-143	3.37085016988928	0.973	0.124	6.27349195462676e-139
MYLK	10	1.60530437027282e-142	3.0436293724331	0.748	0.058	2.90495878844569e-138
B4GALNT3	10	2.15165673779424e-142	5.78128508622064	0.342	0.006	3.89363803271246e-138
SDC3	10	3.61152430522754e-142	3.99465301682862	0.955	0.127	6.53541438273976e-138
ACOT7	10	2.60866539913403e-141	3.5862691038155	0.622	0.038	4.72064090627294e-137
NR2F2	10	1.90350763978029e-140	2.66962432788963	0.883	0.084	3.44458742494642e-136
PPAP2A	10	2.51186848035168e-139	3.12734007882234	0.721	0.055	4.54547720204441e-135
CD58	10	8.31951749860378e-139	4.27774638733306	0.973	0.148	1.50549988654734e-134
GNG12	10	1.27513215326737e-138	3.79434311482098	0.838	0.088	2.30747914455262e-134
ACP6	10	3.85076916389806e-138	4.95894254712662	0.477	0.02	6.96835187898992e-134
PLEKHA5	10	6.74206114045343e-138	4.18623376787591	0.658	0.047	1.22004338397645e-133
CAB39L	10	2.03388454681436e-137	4.59571174181285	0.532	0.027	3.68051747591526e-133
CBR3	10	3.28612873535546e-137	4.26157231173904	0.55	0.029	5.94657855949924e-133
SYT1	10	4.18908208871432e-137	5.2484491643216	0.468	0.019	7.58056294773744e-133
RASSF8	10	5.75850083076312e-137	4.53249784737452	0.532	0.027	1.04205831033489e-132
ISLR	10	1.38215911474989e-136	3.35907036473812	0.613	0.037	2.50115513405141e-132
ITPK1	10	2.45799459132659e-135	3.9513462414301	0.73	0.062	4.4479870124646e-131
LZTS1	10	7.96393498775653e-135	4.32501007074755	0.55	0.03	1.44115367538442e-130
TSPAN5	10	4.54336647531343e-134	3.93469500087994	0.667	0.05	8.22167597372718e-130
CNKSR3	10	6.71438089482619e-134	4.19522255110316	0.505	0.024	1.21503436672775e-129
TBX3	10	1.26153209916294e-133	5.20509279512722	0.378	0.011	2.28286848664526e-129
SPP1	10	5.83707714973836e-133	3.26420871833698	0.91	0.114	1.05627748101665e-128
LRP12	10	1.20593984753142e-132	4.28699674481082	0.559	0.033	2.18226874809286e-128
FAM210B	10	1.64729385127927e-131	3.83647146479182	0.829	0.093	2.98094295327496e-127
LINC01116	10	2.07571960986841e-131	4.39268464534333	0.532	0.029	3.75622220601788e-127
NRCAM	10	2.720374289112e-131	6.07375903861749	0.297	0.005	4.92278931357708e-127
NGFRAP1	10	3.46188332684828e-131	4.03642488784377	1	0.169	6.26462406826466e-127
WBP5	10	3.73314022954592e-130	4.06179275256217	0.991	0.17	6.7554905593863e-126
FAM20C	10	8.52728475248532e-130	3.88838831324551	0.865	0.106	1.54309744880974e-125
DKK1	10	6.52064062350829e-129	4.55618337762621	0.459	0.02	1.17997512723006e-124
IGFBP5	10	1.07898919945979e-128	3.6183623688861	0.721	0.064	1.95253885534244e-124
SPRY2	10	2.12303548583955e-128	4.31802364043145	0.568	0.036	3.84184501517525e-124
MYO1E	10	4.90510901113412e-128	4.32147424011727	0.577	0.037	8.8762852665483e-124
OAF	10	3.24063983800759e-127	3.93747208555051	0.649	0.051	5.86426185085853e-123
DGUOK-AS1	10	3.33225982219546e-127	5.56978098102693	0.324	0.007	6.0300573742449e-123
TMEM59L	10	8.41336282276071e-127	4.95176851423888	0.369	0.011	1.52248213640678e-122
SLC22A17	10	3.31295276312286e-126	4.97331629490725	0.396	0.014	5.99511932014713e-122
DIP2C	10	8.8858552596821e-126	4.48821445395022	0.477	0.023	1.60798436779207e-121
FST	10	9.1119169128875e-125	5.47136194456032	0.306	0.006	1.64889248455612e-120
MAP9	10	2.32022662901365e-124	4.31898897672768	0.495	0.026	4.19868210786311e-120
COL14A1	10	3.78825416690656e-124	3.54498879155772	0.604	0.042	6.8552247404341e-120
CDK18	10	5.99690271435914e-124	4.31802364043145	0.532	0.032	1.08519951519043e-119
SIX3	10	4.01312261737839e-123	4.91782118231554	0.369	0.012	7.26214668840793e-119
SMIM5	10	1.45004149693463e-122	5.78128508622064	0.297	0.006	2.62399509285291e-118
PRSS23	10	4.09620186481253e-122	2.81314857910126	0.91	0.113	7.41248689456475e-118
ANKRD65	10	9.94683682026522e-121	4.97122087690505	0.378	0.013	1.79997959099519e-116
STARD13	10	2.48822872099941e-119	3.89178640941065	0.658	0.057	4.50269869352052e-115
RDH10	10	4.34812390018104e-119	3.86609895481159	0.613	0.047	7.86836500976761e-115
FNTB	10	1.77343446946593e-118	4.53630874215126	0.459	0.023	3.20920701594555e-114
GATM	10	2.42825969699083e-118	4.09295708479667	0.712	0.072	4.39417874767461e-114
SULF1	10	4.179102719927e-118	2.52538686166848	0.793	0.084	7.5625042819799e-114
CCND1	10	5.66319896155672e-118	3.2844621428924	0.964	0.162	1.0248124840833e-113
CTDSPL	10	4.34369072995086e-117	4.08669809432499	0.514	0.031	7.86034274491908e-113
PCBP4	10	6.8839395143503e-117	4.17123160453666	0.541	0.036	1.24571769451683e-112
PDZD2	10	7.30995872323373e-117	4.77475408801025	0.387	0.015	1.32281013055638e-112
CXXC5	10	5.45840465973673e-116	3.62780630545672	0.793	0.097	9.87752907225958e-112
NPTX2	10	7.74650856501122e-114	4.76629746918422	0.387	0.016	1.40180818992443e-109
ADAMTS1	10	1.40232330276104e-113	3.22381695068406	0.586	0.044	2.53764424867638e-109
PKIG	10	2.46516354990614e-113	3.65623055447654	0.766	0.087	4.46095995991016e-109
ZCCHC24	10	4.14143627625345e-113	3.60127126715475	0.658	0.06	7.49434308550825e-109
CTTN	10	6.52245461531815e-113	3.1018049867152	0.838	0.104	1.18030338718797e-108
S100B	10	1.09879024515312e-112	6.08361806517623	1	0.248	1.98837082762908e-108
RP4-668G5.1	10	1.21227236043788e-112	5.36680601351773	0.27	0.005	2.19372806344839e-108
SEPN1	10	2.27600964923638e-112	3.70718702867529	0.793	0.1	4.11866706125816e-108
RTKN	10	5.81235548682396e-112	4.34973250015878	0.45	0.024	1.05180384889566e-107
CAMK2N1	10	1.11730656720656e-111	3.61601256549623	0.559	0.04	2.02187796401699e-107
RCAN1	10	1.57494208397432e-111	3.72891791265535	0.757	0.088	2.85001519515993e-107
PTPN13	10	4.89688216820744e-111	4.43846141875312	0.432	0.022	8.86139797158818e-107
PALM2	10	1.14676281082404e-110	5.85223284068797	0.261	0.005	2.07518198246719e-106
RDX	10	2.72695769786407e-110	3.28305373629356	0.955	0.168	4.93470265005482e-106
SPARC	10	4.1268609402089e-110	3.16176852753518	1	0.191	7.46796755740202e-106
GNG11	10	1.49479147960508e-109	2.15354184402267	0.901	0.121	2.70497466149336e-105
SOX8	10	1.16592258161199e-108	6.29314897179242	0.252	0.004	2.10985350368505e-104
TNFRSF19	10	2.50942715254196e-108	5.04716973013835	0.342	0.012	4.54105937523993e-104
CRLF1	10	6.23513864128483e-108	4.51554139312886	0.369	0.015	1.1283106885269e-103
METRN	10	6.46393431147564e-108	3.48879653789634	0.964	0.191	1.16971355300463e-103
PTK2	10	8.20266615068585e-108	3.52020825367531	0.685	0.071	1.48435446662811e-103
LYNX1	10	1.80799863800113e-107	4.15228643595257	0.477	0.03	3.27175433532685e-103
SOD3	10	1.82647350068544e-107	3.12190619277171	0.685	0.068	3.30518644684037e-103
LIMA1	10	1.22090318316682e-106	3.04535729894409	0.811	0.104	2.20934640025867e-102
PTPRS	10	7.03185199026905e-106	3.66474118110636	0.631	0.059	1.27248393615909e-101
DMD	10	9.91171738096999e-106	3.83035834106521	0.505	0.034	1.79362437726033e-101
SORCS2	10	1.30833796122616e-105	5.77119626859706	0.252	0.005	2.36756837463486e-101
PMP22	10	2.50427895819286e-105	3.58643729517712	0.964	0.201	4.5317432027458e-101
DST	10	3.96703529624773e-105	3.06950247906247	0.937	0.164	7.17874707208989e-101
CYSTM1	10	1.37018210126177e-104	3.28688828373188	0.964	0.195	2.4794815304433e-100
PERP	10	4.18518693798209e-104	2.81126666234173	0.721	0.076	7.5735142829724e-100
RAMP1	10	5.06808339164386e-104	4.27831816686662	0.405	0.021	9.17120370551872e-100
COL1A2	10	1.44509247614167e-103	1.23476477321087	0.919	0.128	2.61503934482597e-99
SHISA4	10	2.29611039593458e-103	3.75183094373013	0.541	0.042	4.15504137248321e-99
NAALADL2	10	6.85707958697226e-103	5.67166059504615	0.252	0.005	1.2408571220585e-98
DDR1	10	6.53526354757141e-101	4.61721281102377	0.378	0.018	1.18262129156852e-96
PDPN	10	1.53916678232768e-100	4.90612584868317	0.36	0.016	2.78527620930017e-96
PHLDB1	10	2.20849453816555e-100	3.610260050382	0.586	0.053	3.99649171626438e-96
TTLL7	10	3.79428928599392e-100	4.56978098102693	0.351	0.015	6.8661458919346e-96
MARVELD1	10	1.52350736151701e-99	3.60656556682426	0.532	0.042	2.75693892140117e-95
RRAS	10	1.6346145470352e-99	3.11600023017319	0.937	0.182	2.9579984843149e-95
C16orf52	10	1.7326439616107e-99	3.46393356089145	0.694	0.081	3.13539251293073e-95
SCCPDH	10	1.74505989710753e-99	3.26586694001092	0.784	0.11	3.15786038980579e-95
PRKAR1B	10	3.8077079658654e-99	3.70685002350845	0.568	0.05	6.89042833503003e-95
FGF2	10	4.56805220241727e-99	3.70432678396647	0.505	0.037	8.26634726549428e-95
BACE2	10	1.81905034814307e-98	3.04752749704431	0.685	0.075	3.2917535099997e-94
LAMB1	10	5.17504173135166e-98	3.25147979249134	0.658	0.069	9.36475551705396e-94
C1orf198	10	7.93260342641629e-98	4.15708742221639	0.432	0.027	1.43548391604429e-93
GSN	10	1.1096079490183e-97	3.91701533057838	1	0.299	2.00794654454352e-93
CST6	10	6.2152324988798e-97	5.5196575016011	0.279	0.008	1.12470847299729e-92
CD9	10	9.57547601223334e-97	3.18714465607257	1	0.256	1.73277813917375e-92
PDGFB	10	1.2378120456486e-96	3.42861766439982	0.631	0.065	2.2399446778057e-92
PLEKHA4	10	1.45522216676661e-96	3.62390746359778	0.541	0.046	2.63337003298086e-92
SPRY4	10	1.89156500956122e-96	3.92319936204211	0.477	0.034	3.42297604130199e-92
ARHGAP5	10	2.07077998610687e-96	3.14809863898913	0.838	0.134	3.74728346285899e-92
COL18A1	10	2.73603407067397e-96	2.14534744515444	0.856	0.124	4.95112725429162e-92
CCDC71L	10	1.18701666939626e-95	3.36598185180386	0.712	0.089	2.14802536493948e-91
AP1S2	10	1.55079134628799e-95	4.02279259833656	1	0.328	2.80631202024275e-91
TMEM98	10	4.97547806876281e-95	3.69241915521294	0.486	0.036	9.00362511323317e-91
FRMD8	10	9.68553416234711e-95	3.35463129957162	0.712	0.09	1.75269426201833e-90
COL6A2	10	1.35369361067009e-94	1.83077518447778	0.946	0.151	2.44964395786859e-90
C16orf45	10	3.54844149943881e-94	4.08669809432499	0.414	0.025	6.42125973738447e-90
CSRP1	10	5.29850171944721e-94	3.2583416129936	1	0.276	9.58816871151167e-90
RP11-89K21.1	10	9.01440141769648e-94	5.40862618921235	0.261	0.007	1.63124608054635e-89
HSPG2	10	2.0283813723829e-93	1.8841189267717	0.793	0.104	3.6705589314641e-89
UBR4	10	3.28801956428542e-93	3.2940230675725	0.721	0.095	5.9500002035309e-89
C15orf52	10	1.90576334573417e-92	4.54612971296229	0.342	0.016	3.44866935044055e-88
FAM92A1	10	3.45085213854277e-92	3.84965889702414	0.459	0.033	6.24466202990699e-88
PGRMC1	10	4.00678890933432e-92	3.0768670849653	0.892	0.172	7.25068521033138e-88
ERBB2	10	1.39043369914542e-91	4.8811139606751	0.297	0.011	2.51612882197356e-87
PHLDA1	10	1.40012765402266e-91	2.90842130667083	0.919	0.171	2.5336710027194e-87
NPTXR	10	5.77339917473452e-91	5.1862337678759	0.252	0.007	1.04475431465996e-86
CTNNAL1	10	7.9965685712044e-91	3.38098343414322	0.631	0.071	1.44705904864515e-86
CYR61	10	1.00999124595693e-90	2.6846419877026	0.748	0.099	1.82768015868365e-86
PON2	10	3.5308063634503e-90	2.96256179431288	0.757	0.106	6.38934719529965e-86
CAV2	10	3.77057394480878e-90	2.74078495570097	0.793	0.115	6.82323061052597e-86
MMP28	10	8.4000917218784e-90	3.97863834846754	0.432	0.03	1.52008059799112e-85
RHOC	10	1.20412358879494e-89	3.02319923896783	0.991	0.291	2.17898204628332e-85
DKK3	10	3.89428268209574e-89	3.14418358898575	0.631	0.07	7.04709394152046e-85
LAMC1	10	5.64413968876659e-89	2.82303765461681	0.721	0.093	1.0213635180792e-84
GCSH	10	1.60687760097555e-88	3.10513534258167	0.694	0.09	2.90780570672536e-84
CLIC4	10	1.68511514081479e-88	2.84780183191376	0.973	0.242	3.04938435881844e-84
DOCK1	10	1.92176928800407e-88	3.58051270698795	0.523	0.047	3.47763370357216e-84
ANKH	10	1.82946776424275e-87	3.07307848503586	0.847	0.158	3.31060486617368e-83
TGFB1I1	10	8.41138091657527e-87	2.83278158465501	0.64	0.073	1.52212349066346e-82
RAB34	10	9.60650754994218e-87	2.95335254847994	0.865	0.164	1.73839360623754e-82
TMEM158	10	1.14680549107205e-86	3.2624521745695	0.514	0.046	2.07525921664398e-82
MDK	10	3.66621688876214e-86	3.31961251178245	0.775	0.128	6.63438608190396e-82
SOX4	10	7.38617762799883e-86	3.42453258012171	0.703	0.099	1.33660270356267e-81
ATP6V0E2	10	2.34374600107126e-85	3.27137686245733	0.595	0.065	4.24124276353855e-81
MYL9	10	4.04287582196079e-85	1.42201397929919	0.892	0.149	7.31598808742025e-81
S100A13	10	4.44767240401469e-85	2.62301700268634	0.883	0.159	8.04850798230499e-81
SNX7	10	5.73048590407356e-85	3.88925203011877	0.414	0.029	1.03698872920115e-80
SLC20A1	10	9.49522333919112e-85	3.6552733192205	0.919	0.224	1.71825561546002e-80
SPTBN1	10	3.11305965309063e-84	2.55425464065326	0.883	0.164	5.6333927482328e-80
TUBB2A	10	5.50878044982242e-84	3.01114706131781	0.748	0.113	9.96868910199865e-80
COL6A1	10	5.6953223461976e-84	2.13250178393812	0.811	0.125	1.03062553176792e-79
HABP4	10	7.67433295188416e-84	3.7400475700264	0.441	0.034	1.38874729097296e-79
IGFBP6	10	1.71343147889895e-83	1.60224683016333	0.847	0.141	3.10062560421554e-79
NT5E	10	2.04941796125756e-83	3.45221545776004	0.468	0.039	3.70862674269168e-79
EVA1A	10	1.69444004429322e-82	3.69862764264642	0.423	0.031	3.066258704153e-78
SAMD5	10	1.79202952260821e-82	4.14114587834737	0.306	0.014	3.24285662411182e-78
CNP	10	1.81879138929519e-82	2.90227352318756	0.865	0.17	3.29128489806858e-78
SCOC	10	2.71223078761022e-82	2.75705208627679	0.883	0.185	4.90805283325946e-78
CD151	10	3.96217676135203e-82	2.77173684002944	0.982	0.268	7.16995506734264e-78
ZMAT3	10	4.25733319408677e-82	2.90494765748589	0.766	0.123	7.70407014801942e-78
ECE1	10	5.3467664641851e-82	2.52693614772898	0.847	0.145	9.67550859358936e-78
TEAD1	10	1.20010284703515e-81	3.17523476892665	0.559	0.06	2.17170611199481e-77
PLOD3	10	1.31221113384861e-81	2.96116721224113	0.703	0.1	2.37457726781245e-77
GPR155	10	1.39730447294784e-81	3.21307538009455	0.739	0.118	2.52856217424641e-77
FAM129B	10	1.62179936005845e-81	3.10959849643507	0.694	0.099	2.93480812196178e-77
TMEM54	10	3.90309493644184e-81	4.02675555386871	0.396	0.028	7.06304059698516e-77
KDSR	10	5.78747028088882e-81	2.82427101118629	0.802	0.14	1.04730062202964e-76
RANBP17	10	9.32498742432978e-81	4.60454639918761	0.306	0.015	1.68744972430672e-76
RRM2B	10	1.5408098930767e-80	3.12772536258505	0.676	0.095	2.78824958251159e-76
ITGA6	10	1.85437299423513e-80	2.58584975791642	0.91	0.185	3.3556733703679e-76
LGALS3	10	2.25163252223582e-80	3.17885842925272	1	0.382	4.07455421223794e-76
PRNP	10	2.36260876673572e-80	2.97692323626924	0.919	0.233	4.27537682428497e-76
CYP7B1	10	2.69353172837927e-80	4.67166059504615	0.27	0.011	4.87421501567513e-76
PHLDA2	10	4.63596978311413e-80	2.94002844518298	0.775	0.13	8.38925091952333e-76
TANC1	10	1.12845179019388e-79	3.3270124236587	0.495	0.047	2.04204635953485e-75
MPZ	10	1.45063845477947e-79	5.88222758098581	0.279	0.012	2.62507534776893e-75
OLFML3	10	3.51285446612506e-79	3.89405301638259	0.387	0.027	6.3568614418999e-75
LPAR1	10	3.77166124919564e-79	4.7189663098245	0.261	0.01	6.82519819654443e-75
IGFBP2	10	3.93960443046152e-79	1.51066871837384	0.802	0.13	7.12910817736317e-75
ADCY6	10	4.35298729008317e-79	4.49832899216058	0.324	0.018	7.8771658001345e-75
GPX8	10	5.63072395922969e-79	2.83439009508426	0.55	0.058	1.0189358076622e-74
VGLL4	10	1.50712452669993e-77	2.68210234176779	0.748	0.118	2.72729254351619e-73
TMOD2	10	1.69204276405394e-77	3.69438067154623	0.459	0.042	3.061920585832e-73
TCEAL4	10	2.11033069823005e-77	2.78645176221734	0.874	0.197	3.81885443151709e-73
LEF1	10	3.2211594570399e-77	3.51733244865485	0.459	0.042	5.82901015345939e-73
DLGAP4	10	3.56379946916026e-77	3.03607202125502	0.694	0.105	6.4490515193924e-73
ABHD2	10	9.40143565366732e-77	3.28078514644129	0.703	0.112	1.70128379588764e-72
ITGAV	10	2.08684025054345e-76	2.83558685586702	0.757	0.128	3.77634611738342e-72
FAM114A1	10	2.29385874652187e-76	2.92559279377269	0.622	0.081	4.15096678770598e-72
CTNNA1	10	2.3181051958886e-76	2.83596104729458	0.793	0.146	4.19484316248002e-72
PYGB	10	4.7113773191717e-76	3.32305045750628	0.523	0.057	8.5257083967731e-72
TNFAIP6	10	6.00591161630652e-76	3.69335566614547	0.396	0.03	1.08682976608683e-71
AQP1	10	7.14108474197774e-76	2.5392102990225	0.495	0.048	1.29225069490829e-71
WARS	10	1.89882699015921e-75	2.73877479090468	0.829	0.17	3.43611732139211e-71
ARL2	10	2.61097081940388e-75	2.57650336200581	0.937	0.237	4.72481279479326e-71
ITGB1	10	1.15400155141396e-74	2.71304188363881	0.991	0.369	2.0882812074387e-70
MAP1LC3A	10	6.80181649762695e-74	2.86103795915463	0.721	0.119	1.23085671341057e-69
TUBA1A	10	1.00194114407366e-73	2.84853835713023	0.964	0.326	1.81311269431569e-69
SFRP1	10	8.90290369381097e-73	2.72824412341251	0.333	0.021	1.61106945243203e-68
MSMO1	10	1.57028251896703e-72	3.51461688490057	0.505	0.056	2.84158324632273e-68
A2M	10	2.50978732143229e-72	2.34425737009263	0.991	0.293	4.54171113686388e-68
EPDR1	10	2.88472684801617e-72	4.09908181878082	0.315	0.019	5.22020170417006e-68
RASSF8-AS1	10	2.91248300284288e-72	4.0602258829638	0.315	0.019	5.27042924194447e-68
FAT1	10	3.72535077063239e-72	3.2403212834382	0.441	0.041	6.74139475453637e-68
SPATA6	10	4.69559271660355e-72	4.08669809432499	0.351	0.025	8.49714457996578e-68
MCAM	10	8.40257840743911e-72	2.38170488989706	0.595	0.075	1.52053058861018e-67
GPNMB	10	9.6221415032606e-72	2.11413862241553	0.649	0.091	1.74122272643004e-67
ATP1A1	10	3.87200864815652e-71	2.68282030291969	0.937	0.27	7.00678684970404e-67
ETV1	10	1.04900941792133e-70	3.48906918176767	0.414	0.036	1.89828744267044e-66
ADIRF	10	1.05980633024761e-70	1.79556315298323	0.649	0.09	1.91782553521607e-66
S100A6	10	1.48446011367678e-70	3.85253469996127	1	0.734	2.6862790217095e-66
PTRF	10	1.4912281950452e-70	1.74841131083796	0.829	0.139	2.69852654175379e-66
TIMP2	10	3.89273692813639e-70	2.4302638384708	1	0.431	7.04429674515561e-66
S100A10	10	2.09239880949751e-69	2.86914250941481	1	0.586	3.7864048856667e-65
ANXA1	10	2.11336585925109e-69	2.92919302456495	1	0.591	3.82434685890078e-65
HBEGF	10	4.54333200487035e-69	3.03199220223486	0.739	0.141	8.22161359601338e-65
WLS	10	4.77405631163134e-69	2.77737003621726	0.631	0.094	8.63913230152807e-65
CERS4	10	1.07010720524015e-68	3.40372738979951	0.423	0.04	1.93646599860257e-64
C14orf1	10	1.46742541977574e-68	3.00263382953652	0.622	0.094	2.65545303962619e-64
LMNA	10	1.48710703419236e-68	2.34820664592782	1	0.349	2.6910688890745e-64
PPP1R12B	10	1.88538861212673e-68	3.3270124236587	0.423	0.04	3.41179923250453e-64
VIM	10	2.68341939474257e-68	2.9003493258448	1	0.76	4.85591573672616e-64
ARL3	10	4.89441443748982e-68	2.75109506254055	0.676	0.112	8.85693236608158e-64
BACH1	10	8.87601808940335e-68	2.75488407190006	0.856	0.218	1.60620423345843e-63
MT2A	10	1.53986721973737e-67	3.46641005422088	1	0.605	2.78654372083674e-63
PEBP1	10	1.93121175887905e-67	2.5660026417895	0.982	0.466	3.49472079886753e-63
ITPRIPL2	10	3.90113409944474e-67	2.75537130143538	0.676	0.112	7.05949226635521e-63
GPR126	10	7.82672504433075e-67	3.05427661663261	0.369	0.03	1.41632416402209e-62
MICA	10	8.14671313051197e-67	3.1987247120591	0.468	0.051	1.47422920809745e-62
SCARB2	10	1.30899218545662e-66	2.44834838085681	0.937	0.273	2.3687522588023e-62
FAM63B	10	2.470722586323e-65	3.02256775690527	0.568	0.08	4.47101959221009e-61
RCN2	10	2.58455559636725e-65	2.43929788495477	0.901	0.247	4.67701180718617e-61
TPST1	10	3.10379301982143e-65	3.92843601040826	0.324	0.023	5.61662384866886e-61
ENO2	10	4.51554559762582e-65	3.26254792972441	0.45	0.048	8.17133131346369e-61
CTGF	10	4.74836127946725e-65	2.38663208297031	0.748	0.142	8.59263457132394e-61
NUDT4	10	5.21214087111459e-65	2.4492681737097	0.838	0.195	9.43189012036896e-61
MLLT11	10	1.22600564652317e-64	3.4272418673797	0.45	0.049	2.21857981794833e-60
UXS1	10	3.40391631575163e-64	2.69675157600898	0.631	0.1	6.15972696498416e-60
COL4A2	10	3.92360420537289e-64	1.39583646972739	0.712	0.111	7.10015417004278e-60
CREB5	10	5.24705561986589e-64	2.75912343629649	0.64	0.106	9.49507184970931e-60
GNG7	10	9.57655038985085e-64	2.7790306925628	0.703	0.132	1.73297255854741e-59
HSBP1	10	5.66747153244529e-63	2.20434968297926	0.991	0.466	1.0255856485113e-58
AP006222.2	10	5.9736029544268e-63	3.12569222594085	0.523	0.07	1.08098319063307e-58
RP11-343N15.5	10	1.01826963893885e-62	3.02050781463052	0.523	0.07	1.84266073862375e-58
CLCN3	10	1.3122390460216e-62	2.72761700102016	0.64	0.106	2.37462777768068e-58
KANK2	10	3.10785536027768e-62	2.77701359519238	0.505	0.063	5.62397505995849e-58
BICD1	10	5.54388213496028e-62	2.930193608645	0.495	0.062	1.00322091114241e-57
SRGAP2	10	1.94491025941429e-61	2.55910677283298	0.721	0.141	3.51950960543609e-57
CNIH4	10	2.08334950828314e-61	2.47117812662786	0.73	0.143	3.77002927018916e-57
MRAS	10	4.1541274278495e-61	3.3661580480719	0.405	0.041	7.51730899343646e-57
IFI27	10	1.17505013473662e-60	2.40330138713964	1	0.424	2.12637072381939e-56
ANXA2	10	1.3481776139458e-60	2.48824123624085	0.973	0.449	2.43966221019631e-56
LGALS1	10	2.31060371402005e-60	2.41723931951706	1	0.703	4.18126848089068e-56
FLNA	10	2.36695222941449e-60	1.7986177699213	0.946	0.24	4.28323675434846e-56
TRUB2	10	2.45155669663722e-60	3.63689517688547	0.342	0.029	4.43633699823471e-56
GLRX2	10	3.34983608595134e-60	2.68444675000199	0.613	0.101	6.06186338113754e-56
ECM1	10	4.29488311783634e-60	2.53780484831136	0.514	0.067	7.77202049003664e-56
SLC20A2	10	5.48643911051605e-60	3.04426282800459	0.495	0.065	9.92826021438984e-56
WWTR1	10	5.86157832524397e-60	2.04889606161261	0.64	0.102	1.06071121373615e-55
SLC9A3R2	10	6.26927519478336e-60	2.08896826794982	0.586	0.089	1.134488039248e-55
SYNGR1	10	9.35205505794408e-60	2.39580214885477	0.784	0.178	1.69234788328556e-55
UPP1	10	9.39586908008858e-60	2.23754006493804	0.901	0.25	1.70027646873283e-55
PDLIM7	10	1.17294301130057e-59	2.37087126721693	0.667	0.115	2.12255767324952e-55
COL5A2	10	1.50545625855289e-59	2.34608472314364	0.505	0.064	2.72427364547732e-55
AC147651.4	10	1.77287300534606e-59	3.25927754921328	0.459	0.057	3.20819099047423e-55
NAT14	10	2.91121066804984e-59	3.67166059504615	0.342	0.03	5.26812682490299e-55
ARHGAP19	10	7.32043728053799e-59	4.0436293724331	0.27	0.017	1.32470633028615e-54
LMCD1	10	8.46329641511836e-59	2.75819734551414	0.495	0.065	1.53151811927982e-54
ASAP2	10	8.71306150266695e-59	3.57212492149523	0.36	0.034	1.57671560952261e-54
CBR1	10	1.82311421888495e-58	2.37691732948501	0.829	0.206	3.2991074904942e-54
CYBRD1	10	3.15583863451837e-58	2.42373308160256	0.604	0.097	5.71080559302443e-54
SBDS	10	4.40935677445656e-58	2.22408139849726	0.91	0.262	7.9791720190566e-54
ITGB1BP1	10	5.99789991942785e-58	2.5086023130921	0.721	0.152	1.08537996941966e-53
CD109	10	6.03175188864545e-58	3.2566230957673	0.45	0.055	1.09150582176928e-53
CD82	10	7.92576704411898e-58	2.86738506592051	0.495	0.067	1.43424680430377e-53
STK17A	10	1.35176209582471e-57	1.93145992757456	0.919	0.244	2.4461486886044e-53
SPON2	10	4.3494614292241e-57	2.55740341578847	0.523	0.075	7.87078540232393e-53
CPPED1	10	7.48972931175554e-57	2.99628279910277	0.486	0.066	1.35534141625528e-52
HIVEP3	10	1.27257802264684e-56	3.43183358037368	0.369	0.037	2.30285718978172e-52
LTBP4	10	1.36396356921511e-56	2.96805359782637	0.459	0.059	2.46822847485166e-52
MICAL3	10	1.69787490135037e-56	3.90612584868317	0.297	0.023	3.07247442148362e-52
SECISBP2L	10	2.71131290572322e-56	2.60361520762305	0.613	0.107	4.90639183419675e-52
MAGED2	10	4.37694355406379e-56	2.43884403124229	0.838	0.228	7.92051705543383e-52
RP11-472N13.3	10	4.82465759462581e-56	3.4566477040753	0.387	0.042	8.73070038323487e-52
CAV1	10	5.44784455484016e-56	1.77234683492401	0.838	0.203	9.85841950643875e-52
PCMT1	10	8.21318343893365e-56	2.34973250015878	0.766	0.178	1.48625767510943e-51
ANKS1A	10	1.15004907453545e-55	3.09312436348442	0.486	0.069	2.08112880527934e-51
ANXA5	10	1.18208090199716e-55	1.84561659950457	1	0.59	2.13909360025406e-51
DSEL	10	1.35746755511419e-55	3.93469500087994	0.27	0.019	2.45647328773463e-51
APP	10	3.15133327405581e-55	1.77692312197062	0.829	0.187	5.7026526927314e-51
PRRX1	10	1.36870014234369e-54	2.85106984583185	0.405	0.046	2.47679977758515e-50
TANC2	10	3.78280008056765e-54	3.33724155597559	0.36	0.037	6.84535502579522e-50
LDLR	10	4.39822961240862e-54	2.8431410629905	0.486	0.069	7.95903630661464e-50
ELTD1	10	7.96148979039293e-54	1.30312155786719	0.486	0.063	1.4407111924695e-49
IL6ST	10	8.10600396596348e-54	2.02895137369613	0.829	0.204	1.46686247768075e-49
DYNC1H1	10	1.28668106697e-53	2.27029803266438	0.82	0.217	2.32837805878892e-49
TIMP1	10	1.28781990408863e-53	1.89821614230646	1	0.889	2.33043889843878e-49
TUBB	10	1.33874147335926e-53	2.17991125613612	0.928	0.313	2.42258657019091e-49
GTF2H5	10	1.70119157234739e-53	2.22168930565792	0.82	0.22	3.07847626931983e-49
MXRA7	10	1.70994542758136e-53	1.76881683250033	0.73	0.147	3.09431724575123e-49
ITGA1	10	3.55401767449667e-53	2.09333118665744	0.595	0.1	6.43135038376917e-49
DBI	10	3.61662199683639e-53	2.12366070637032	0.991	0.6	6.54463916547513e-49
HMGA1	10	3.65202591335441e-53	3.04047507756434	0.694	0.162	6.60870609280613e-49
DOCK7	10	7.74742139456871e-53	3.12734007882234	0.396	0.046	1.40197337556115e-48
TAGLN2	10	1.07093840974688e-52	1.95824972885884	0.991	0.482	1.93797014627796e-48
CSNK1A1	10	2.30749799835042e-52	1.98930133153041	0.946	0.33	4.17564837781492e-48
REEP3	10	2.36510439180991e-52	2.25920163986908	0.73	0.164	4.2798929074192e-48
LGALS3BP	10	2.5491167970195e-52	2.07133845831538	0.874	0.251	4.61288175588648e-48
CCDC152	10	2.82493215776382e-52	3.95343156346153	0.252	0.017	5.11199723268941e-48
NDN	10	4.20778652562634e-52	3.08669809432499	0.387	0.045	7.61441049677342e-48
CERS2	10	4.57379554749249e-52	2.3145040118478	0.667	0.135	8.27674042274242e-48
VDAC1	10	6.02405709686758e-52	2.00355685902474	0.928	0.358	1.09011337224916e-47
C9orf89	10	1.05571052636625e-51	2.42439350507067	0.685	0.152	1.91041376851237e-47
SERTAD2	10	1.25035141392749e-51	2.72914608970691	0.495	0.075	2.26263591864319e-47
GAS2L3	10	1.36705857447088e-51	3.50173559360383	0.324	0.031	2.47382919636251e-47
SLC39A6	10	1.91201852605106e-51	2.83515932732903	0.495	0.077	3.45998872474199e-47
TAX1BP3	10	2.29511820219125e-51	2.63274160575384	0.514	0.081	4.15324589868529e-47
DYNLT3	10	2.58162628859309e-51	2.19395906098513	0.721	0.161	4.67171093183806e-47
DUSP6	10	2.80896019419005e-51	2.42106460012141	0.757	0.193	5.08309436740632e-47
CALU	10	4.01762632207663e-51	2.0230034190076	0.802	0.204	7.27029659242987e-47
ABL2	10	6.70792665355505e-51	2.49770008036868	0.658	0.141	1.21386640722732e-46
RBMS3	10	7.10065254277168e-51	2.96038164454359	0.396	0.048	1.28493408413996e-46
RAB9A	10	1.8959186490696e-50	2.21106878733073	0.748	0.179	3.43085438735634e-46
LRRC8A	10	2.05438901107806e-50	2.98098865315388	0.432	0.059	3.71762235444686e-46
RAP1GDS1	10	2.0795478502938e-50	2.54112903190392	0.532	0.087	3.76314978989167e-46
GRAMD3	10	2.10385446750307e-50	3.39748563160715	0.333	0.034	3.80713504439356e-46
TUSC3	10	4.88985630183529e-50	2.97533698537729	0.396	0.049	8.84868396380114e-46
ACTN4	10	5.20189342455886e-50	1.81244670278538	0.964	0.325	9.41334634108171e-46
MPG	10	1.00377218320061e-49	2.07747956429561	0.874	0.274	1.81642614271983e-45
FABP5	10	1.14163708251244e-49	1.61668461387431	0.775	0.186	2.06590646451452e-45
MBOAT2	10	1.31770145334418e-49	3.56929887741647	0.279	0.023	2.38451254997162e-45
GABBR1	10	1.32692863906823e-49	3.27056228672518	0.333	0.034	2.40121006525787e-45
SLC16A4	10	1.36637073467774e-49	3.35755200461808	0.315	0.03	2.47258448147284e-45
SLC12A4	10	1.53496602756572e-49	2.89825300491188	0.378	0.044	2.77767452348293e-45
PKM	10	1.71235875707002e-49	1.71942513449003	0.982	0.463	3.09868440679391e-45
JAG1	10	2.60847718230339e-49	2.18706505285476	0.414	0.053	4.72030030909621e-45
SPRY1	10	3.42321551431522e-49	2.05419973645136	0.559	0.097	6.19465079470482e-45
MOXD1	10	4.17866492080818e-49	3.23308758130651	0.288	0.025	7.56171204069448e-45
TMEM14A	10	1.08702407608169e-48	2.70482745898135	0.459	0.068	1.96707876807743e-44
HYAL2	10	2.58673948808108e-48	1.37291728757958	0.532	0.086	4.68096377763152e-44
USP11	10	2.62815498966996e-48	2.79921064476666	0.468	0.072	4.75590926930675e-44
PNMA1	10	2.66744013922038e-48	3.23870118777004	0.333	0.035	4.82699967593321e-44
ANKRD10	10	3.33025139543075e-48	2.33103640644888	0.802	0.236	6.02642292517148e-44
MAP4	10	3.49956681595532e-48	2.18389362942139	0.685	0.152	6.33281611015275e-44
FAM229B	10	4.1848450627452e-48	2.88639944383916	0.387	0.048	7.57289562554372e-44
DDR2	10	5.39128720296508e-48	2.67166059504615	0.405	0.052	9.75607332248561e-44
ARPC1A	10	5.48980726826678e-48	2.21318662333475	0.757	0.205	9.93435523265557e-44
S100A11	10	6.08805418181397e-48	1.51527418014517	1	0.889	1.10169428474106e-43
POLR2F	10	7.80943105868688e-48	1.95111050052582	0.847	0.251	1.41319464437998e-43
TGFA	10	8.66450336541598e-48	3.87020627442823	0.261	0.021	1.56792852900568e-43
CALM1	10	1.02533129976318e-47	1.52541512913249	1	0.788	1.85543952005145e-43
CRIP2	10	1.19131134012285e-47	1.50173559360383	0.64	0.118	2.1557970010863e-43
RP11-195F19.5	10	1.50923862389017e-47	3.67166059504615	0.279	0.025	2.73111821379165e-43
JAM3	10	1.90135856437112e-47	3.3196752663026	0.306	0.03	3.44069845808597e-43
ACTR10	10	2.38812177678009e-47	2.21336989781342	0.739	0.192	4.32154516726126e-43
GIPC1	10	2.45804186840891e-47	2.58133998784145	0.568	0.109	4.44807256507276e-43
SEPW1	10	2.52922023075742e-47	1.62889461607141	0.973	0.448	4.57687692957862e-43
KCTD15	10	4.35549728490852e-47	3.67166059504615	0.252	0.02	7.88170788677047e-43
ARHGEF10	10	9.52188247102224e-47	3.42590418064419	0.288	0.027	1.72307985195619e-42
CDC42EP1	10	1.04409084073445e-46	2.91209357194281	0.423	0.06	1.88938678539306e-42
ACTN1	10	1.35852612350878e-46	1.96116721224113	0.613	0.118	2.45838887310148e-42
YAP1	10	1.64113454570239e-46	3.13214106508616	0.333	0.037	2.96979707390305e-42
PDGFC	10	1.85018399119835e-46	2.64575873160339	0.495	0.084	3.34809295047254e-42
JOSD2	10	4.17129592534077e-46	2.14919951278608	0.73	0.186	7.54837710649666e-42
DYNLRB1	10	4.52965676863751e-46	1.71999184513214	0.973	0.45	8.19686688852644e-42
SPHK1	10	5.11282818045859e-46	2.69967497121574	0.45	0.069	9.25217387535787e-42
PAPPA	10	1.29435182832144e-45	3.42550000777675	0.261	0.022	2.34225906853047e-41
RHOA	10	1.37246922142396e-45	1.58244300591166	0.964	0.654	2.48362030308879e-41
TOM1L2	10	2.0804676383258e-45	3.13214106508616	0.351	0.042	3.76481423831437e-41
SRPX2	10	2.10632880953678e-45	3.1715869919115	0.288	0.028	3.81161261373776e-41
CYB5R3	10	2.1481983838063e-45	1.79087375337353	0.829	0.232	3.88737979533588e-41
QKI	10	2.45929857162077e-45	1.90824902057614	0.901	0.315	4.45034669520495e-41
TBCB	10	2.52992448657012e-45	1.8786895911512	0.856	0.258	4.57815135089728e-41
SNX24	10	2.75269543709812e-45	2.65906055826651	0.459	0.073	4.98127766297276e-41
MT1X	10	3.59550268319666e-45	2.573813271648	0.712	0.193	6.50642165551268e-41
STMN1	10	4.40244023391285e-45	2.07562168643593	0.685	0.168	7.9666558472887e-41
NID1	10	4.40336623832088e-45	2.4263537817617	0.45	0.069	7.96833154486546e-41
AK1	10	4.63889206665897e-45	2.17980749871647	0.541	0.099	8.39453908382607e-41
SPATA13	10	5.93647091270255e-45	2.66612241150472	0.45	0.071	1.07426377636265e-40
HOXB7	10	6.50749434165343e-45	2.81478553714474	0.378	0.049	1.1775961760656e-40
CAP1	10	8.52948607756011e-45	1.89003048604869	0.883	0.327	1.54349580059528e-40
GSTA4	10	1.04867279465635e-44	3.29314897179242	0.288	0.028	1.89767828921014e-40
ATP2B4	10	1.13293858024417e-44	2.17242796835087	0.631	0.134	2.05016565480984e-40
MDH1	10	1.36759956036926e-44	1.78785361255067	0.847	0.245	2.47480816444421e-40
C6orf1	10	1.38643500975287e-44	2.78768439138563	0.432	0.066	2.50889279364879e-40
TUBB6	10	2.28209397029226e-44	2.28576944142682	0.532	0.097	4.12967724864088e-40
EPN2	10	2.92602807946007e-44	2.62390746359778	0.432	0.065	5.29494041259095e-40
HS2ST1	10	4.59413844652574e-44	2.98609415338658	0.414	0.062	8.31355293283298e-40
MOCS2	10	6.37245846169953e-44	2.51138576363755	0.604	0.134	1.15316008322915e-39
KIF5B	10	8.8945611139636e-44	1.77857579896266	0.901	0.335	1.60955977918285e-39
RPS27L	10	9.23068652330286e-44	1.54309019606622	1	0.729	1.67038503325689e-39
APLP2	10	1.36370040098711e-43	1.75886335847091	0.955	0.353	2.46775224562628e-39
PTMS	10	1.57500722500907e-43	1.68854904548029	0.955	0.36	2.85013307437641e-39
MYO1C	10	1.88788682050333e-43	2.45946394081559	0.514	0.094	3.41631999038282e-39
UGCG	10	2.06471370956604e-43	2.0845717932166	0.685	0.165	3.7363059288307e-39
PMM1	10	2.88666167934663e-43	2.62726647568769	0.423	0.064	5.22370297494566e-39
PPP2CB	10	3.0525042551022e-43	2.24785288613957	0.613	0.135	5.52381170003295e-39
FASN	10	3.46052127516943e-43	3.1862337678759	0.324	0.038	6.2621592995466e-39
AXL	10	3.49980991419879e-43	1.94333391915381	0.712	0.176	6.33325602073413e-39
TPPP3	10	3.54780258059672e-43	2.56401987185818	0.36	0.046	6.42010354984783e-39
C12orf44	10	3.96122216135968e-43	2.21106878733073	0.685	0.176	7.16822762319648e-39
TMEM43	10	5.04885608246709e-43	2.40668838497086	0.495	0.088	9.13640996683244e-39
VAT1	10	6.16380974632024e-43	1.97122087690505	0.631	0.136	1.11540301169411e-38
PHC2	10	8.65212021970383e-43	2.16916025451696	0.703	0.183	1.56568767495761e-38
ILK	10	1.11552906607247e-42	2.07075655045597	0.721	0.192	2.01866139796475e-38
MEGF8	10	1.51246306193872e-42	3.71472931693803	0.252	0.023	2.73695315688432e-38
EMILIN1	10	1.67852320349292e-42	2.37300227948163	0.378	0.051	3.03745558904079e-38
CCDC90B	10	2.75417513985071e-42	2.10251479978777	0.703	0.184	4.98395533307384e-38
HIGD1A	10	2.96996517988827e-42	2.00590668711753	0.775	0.235	5.37444898952582e-38
FERMT2	10	5.12692583688277e-42	2.62633660453666	0.378	0.052	9.27768499442306e-38
MRPS6	10	5.48269417061771e-42	2.29000615533026	0.766	0.239	9.92148337114982e-38
FADS1	10	5.50977850652944e-42	3.16264694755829	0.315	0.037	9.97049518541567e-38
ZNF428	10	7.23203121931872e-42	1.87922166498151	0.793	0.235	1.30870836944792e-37
COPZ2	10	7.33502756237279e-42	2.08669809432499	0.55	0.109	1.32734658768698e-37
NRP2	10	9.22676578416699e-42	2.59365808304487	0.495	0.093	1.66967553630286e-37
CD63	10	1.18308726895888e-41	1.23353616959075	1	0.942	2.14091472190799e-37
ESD	10	1.25338645905939e-41	2.07875809056918	0.766	0.24	2.26812813631388e-37
RHOB	10	1.51614646411959e-41	1.85764399404014	0.946	0.437	2.74361864147081e-37
HEY1	10	1.68879154644892e-41	2.57362851208562	0.252	0.023	3.05603718245396e-37
HRAS	10	2.45821003497898e-41	2.32713107122165	0.559	0.117	4.44837687929796e-37
GDF15	10	2.89606602453502e-41	2.58929862548867	0.405	0.062	5.24072107799857e-37
NDE1	10	3.16828247923401e-41	2.65758540983442	0.405	0.062	5.73332397442186e-37
EID1	10	3.96874532253542e-41	1.86245011641006	0.883	0.343	7.18184153566009e-37
SMARCE1	10	4.24638572589684e-41	2.11545708730641	0.595	0.129	7.68425960958293e-37
BPGM	10	4.75383439064408e-41	2.57292664146079	0.45	0.077	8.60253871330953e-37
ARHGAP12	10	5.90863444646471e-41	2.38431273186893	0.532	0.107	1.06922648943225e-36
ABCA6	10	6.07362942171551e-41	2.79719147713001	0.333	0.042	1.09908398015364e-36
CPNE3	10	6.57959074155364e-41	2.00539799222314	0.712	0.191	1.19064274059155e-36
CAMTA1	10	9.8580469193579e-41	1.71590343300763	0.874	0.307	1.783912170527e-36
DAAM1	10	1.13706613381487e-40	2.60636913479443	0.396	0.06	2.05763487575139e-36
PRMT2	10	1.17881647618286e-40	1.76242605896933	0.784	0.223	2.13318629530051e-36
HMGCR	10	1.2767840034134e-40	2.91767902386434	0.387	0.058	2.31046833257689e-36
S1PR3	10	2.26290745682819e-40	3.02780440527142	0.261	0.025	4.09495733387629e-36
PGM1	10	3.18756606856261e-40	2.73675562326803	0.396	0.061	5.7682195576709e-36
MFSD6	10	3.2535162031941e-40	3.01269751288121	0.324	0.041	5.88756292130004e-36
IFI27L2	10	5.07415534447655e-40	1.55470162776575	0.964	0.476	9.18219151136476e-36
LHFP	10	6.99126641885285e-40	1.73021277740126	0.441	0.072	1.26513957115561e-35
AHR	10	8.39088956221961e-40	2.0815912038919	0.721	0.206	1.51841537517926e-35
ADAM10	10	8.87477195100809e-40	2.03621376070996	0.712	0.2	1.60597873225442e-35
ZNF667-AS1	10	1.02099716961035e-39	3.36585216552206	0.279	0.03	1.84759647812688e-35
SQLE	10	1.18426286049129e-39	3.02441381607065	0.396	0.063	2.14304207234505e-35
MET	10	1.2026649601101e-39	3.0602258829638	0.279	0.03	2.17634251181524e-35
ADARB1	10	1.33606211652983e-39	2.72640355964058	0.369	0.053	2.41773800607239e-35
PCYOX1	10	1.35840886648615e-39	2.56385730551163	0.441	0.076	2.45817668479333e-35
CDC42EP5	10	1.43647184766466e-39	2.71372465461269	0.432	0.075	2.59943945553397e-35
GALNT11	10	1.57083361506814e-39	2.63802981716487	0.414	0.068	2.8425805098273e-35
PUF60	10	2.16218537961964e-39	1.90742207072984	0.775	0.238	3.91269066295969e-35
BLOC1S2	10	2.67432388542892e-39	1.90277982080318	0.739	0.211	4.83945650307217e-35
EVA1B	10	2.92824182835936e-39	1.81367959991857	0.73	0.197	5.2989464125991e-35
AGPAT1	10	3.00141315300151e-39	2.40362550815399	0.468	0.086	5.43135724167153e-35
NFIC	10	8.49894214988264e-39	2.13957036760775	0.613	0.147	1.53796857144276e-34
SKP1	10	1.05735658932464e-38	1.25572766072818	1	0.759	1.91339248404187e-34
LOXL3	10	1.19386354751229e-38	2.98049869049307	0.351	0.051	2.16041547557825e-34
MYL12B	10	1.23219232803849e-38	1.31743634343946	0.991	0.751	2.22977523681846e-34
PTX3	10	1.7274278495819e-38	2.63793997720215	0.288	0.033	3.12595343660341e-34
C12orf76	10	2.04615608205445e-38	2.57855119065467	0.387	0.06	3.70272404608573e-34
DYNC1I2	10	2.43997653848953e-38	1.68639713830304	0.802	0.245	4.41538154405066e-34
CBX6	10	3.04173038609105e-38	2.07057842896171	0.604	0.144	5.50431530667037e-34
YWHAE	10	3.42360551653858e-38	1.55896046229678	0.946	0.447	6.19535654272822e-34
CEP170	10	4.53015123583075e-38	2.21759216117594	0.613	0.153	8.19776167635932e-34
PEA15	10	4.91265209369227e-38	2.19316224460616	0.568	0.128	8.88993522874553e-34
MGST3	10	7.45024836361681e-38	1.50264409177044	0.964	0.561	1.3481969438801e-33
DOK1	10	1.12680477256438e-37	2.46338928195435	0.477	0.094	2.03906591643251e-33
COPRS	10	1.24535021392527e-37	2.43948715291711	0.477	0.094	2.25358574711917e-33
TLE1	10	1.34570678666634e-37	2.50173559360383	0.351	0.05	2.43519100115141e-33
CCSER2	10	1.40698994167864e-37	1.82155602552921	0.667	0.168	2.54608899846166e-33
C1R	10	1.54509614353695e-37	1.15945443676031	0.45	0.077	2.79600598134446e-33
ALDH3A2	10	1.67678346685076e-37	2.89144180292606	0.36	0.054	3.03430736161313e-33
TRIB2	10	2.47104996212702e-37	2.54490345276021	0.369	0.056	4.47161201146505e-33
PAM	10	3.72091730424843e-37	2.46094997875733	0.45	0.084	6.73337195376796e-33
PFDN1	10	3.76519336940718e-37	2.09415389924404	0.64	0.171	6.81349392127924e-33
ESYT2	10	4.36677013576288e-37	2.07580977818225	0.532	0.112	7.9021072376765e-33
SSFA2	10	5.44572389805074e-37	2.08669809432499	0.595	0.142	9.85458196591262e-33
IMPAD1	10	8.78030589622585e-37	2.07723776507592	0.577	0.134	1.58888415498103e-32
CHPT1	10	9.99048262581395e-37	2.09877092662557	0.64	0.172	1.80787773596729e-32
KCTD3	10	1.02961862656593e-36	3.16264694755829	0.297	0.038	1.8631978666337e-32
C3orf14	10	1.18062231065494e-36	3.11911957201737	0.261	0.029	2.13645413336118e-32
SNRPB2	10	1.24104950592887e-36	1.78916756856604	0.838	0.305	2.24580318592889e-32
GNG2	10	1.39272253950425e-36	1.83708420425352	0.685	0.185	2.52027070748689e-32
QSOX1	10	1.49057656930432e-36	2.32406761676544	0.523	0.115	2.6973473598131e-32
MAP4K5	10	1.8676474721647e-36	2.57120041326693	0.405	0.07	3.37969486562925e-32
SERPINB6	10	2.06698649168041e-36	1.7419008918914	0.757	0.232	3.74041875534488e-32
SEPT10	10	2.09944386236538e-36	2.59441759611369	0.387	0.064	3.79915361333639e-32
CSRP2	10	2.97333898878736e-36	2.91423089832023	0.279	0.033	5.3805542341096e-32
NDUFA4	10	3.2949862325957e-36	1.06813595549889	0.991	0.866	5.96260708650519e-32
CCND3	10	3.3674372804061e-36	1.92018775729544	0.622	0.154	6.09371450262288e-32
JAGN1	10	3.74437030676944e-36	2.17877367922337	0.505	0.105	6.77581250712997e-32
PPDPF	10	3.8515882532738e-36	1.290032896598	0.991	0.759	6.96983410312426e-32
PTPLAD1	10	4.54198876130339e-36	2.13233132313082	0.604	0.153	8.21918286245461e-32
CBX5	10	1.00672223634039e-35	2.28833195549464	0.505	0.109	1.82176455888157e-31
NTMT1	10	1.04085892024634e-35	1.93381557687167	0.631	0.162	1.88353830207777e-31
KCNE4	10	1.27313094726101e-35	2.60607225341857	0.288	0.036	2.30385776216352e-31
NDFIP2	10	1.27888700300791e-35	2.44716665106441	0.387	0.064	2.31427392064312e-31
NUCKS1	10	1.46225138596622e-35	1.58419775379581	0.838	0.29	2.64609010804447e-31
AEBP1	10	1.4903341279976e-35	1.5111959228529	0.432	0.076	2.69690863802446e-31
CLMN	10	1.55656315612075e-35	3.02780440527142	0.306	0.041	2.8167566873161e-31
RAB7A	10	1.6765949157768e-35	1.61667136044849	0.856	0.321	3.03396615958969e-31
DPYSL3	10	1.8156084627901e-35	2.65328206573129	0.315	0.043	3.28552507426496e-31
SLC35E3	10	3.09344277913817e-35	2.77119626859706	0.351	0.055	5.59789405312842e-31
ARHGAP23	10	3.90499099866712e-35	3.10050389385002	0.279	0.035	7.06647171118802e-31
CPQ	10	4.49263061216766e-35	2.11566437320433	0.64	0.185	8.1298643557786e-31
MAGI1	10	4.84723786624561e-35	3.03306013072292	0.297	0.04	8.77156164275805e-31
C1S	10	5.16810201564824e-35	1.48547053924105	0.369	0.056	9.35219740751705e-31
IFNGR2	10	5.52663533547488e-35	1.67784977245295	0.82	0.288	1.00009993030753e-30
SH3GLB1	10	7.24176997905993e-35	1.66875486387074	0.865	0.344	1.31047069541068e-30
PLEC	10	9.88640217881278e-35	1.98784470739871	0.604	0.153	1.78904333827796e-30
LYST	10	1.0027203803276e-34	1.62231725971596	0.631	0.162	1.81452280024082e-30
PLP2	10	1.2635231643213e-34	1.7481014006518	0.694	0.199	2.28647151815582e-30
NPDC1	10	1.30854313258712e-34	1.06253178319424	0.523	0.106	2.36793965272965e-30
PPP1R14B	10	1.36017603582499e-34	1.85436743593242	0.784	0.282	2.46137455442891e-30
LMO4	10	1.40675121099054e-34	1.72464188673232	0.802	0.281	2.54565699140848e-30
PSMD6	10	2.53252778708187e-34	1.97122087690505	0.604	0.156	4.58286228350336e-30
MGAT4B	10	2.61418501498726e-34	2.01630876643359	0.55	0.128	4.73062920312095e-30
ANXA4	10	3.17049516690695e-34	1.88859858629049	0.604	0.153	5.73732805403482e-30
GLTP	10	3.54830975137513e-34	2.47835266616588	0.468	0.101	6.42102132608844e-30
ARHGEF40	10	3.86492926196957e-34	3.00423593413302	0.333	0.052	6.99397599246013e-30
MRPL33	10	5.3249943213636e-34	1.5228290654947	0.91	0.415	9.63610972393957e-30
FKBP9	10	5.56824621304323e-34	2.27029803266438	0.414	0.076	1.0076298347123e-29
CALM2	10	5.62348245097495e-34	1.25406070147118	0.991	0.823	1.01762538432843e-29
NDUFC1	10	7.71323421238844e-34	1.51663767616809	0.883	0.367	1.39578686307381e-29
RGS16	10	8.14154829566702e-34	2.84464539623752	0.495	0.114	1.4732945795839e-29
DYNLL1	10	1.18032719615468e-33	1.23718399860835	0.973	0.715	2.13592009416151e-29
SERPINE1	10	1.43366791834472e-33	1.18404804986369	0.459	0.09	2.59436546503661e-29
RTN4	10	1.5506885403329e-33	1.46426088818517	0.91	0.374	2.80612598258642e-29
SMS	10	1.6609722125297e-33	1.79626815227232	0.748	0.254	3.00569531579374e-29
WASL	10	2.05951859516956e-33	2.36750720188676	0.405	0.075	3.72690484981883e-29
UBXN2A	10	3.73977389139091e-33	2.13422646440758	0.523	0.123	6.76749483386099e-29
ABCD3	10	5.22929899321191e-33	2.40443839224892	0.369	0.063	9.46293945811628e-29
TRIP6	10	6.19601132873846e-33	2.24663900719468	0.441	0.089	1.12123021004851e-28
DGUOK	10	7.26487820165012e-33	1.71524986359383	0.766	0.263	1.31465235937061e-28
CD59	10	1.00102754356688e-32	1.38852498315584	0.982	0.568	1.81145944283862e-28
TRIM8	10	1.00802843375489e-32	2.03055501628746	0.523	0.122	1.82412825372285e-28
SWI5	10	1.02835440191202e-32	2.15708742221639	0.495	0.111	1.86091012569999e-28
YWHAQ	10	1.04882134521343e-32	1.54165460387363	0.856	0.347	1.89794710629822e-28
PKD2	10	1.26258677661637e-32	2.88316470023986	0.279	0.037	2.28477703096499e-28
ACKR3	10	1.47739728993426e-32	1.79434311482098	0.333	0.051	2.67349813586504e-28
TSC22D1	10	1.65329602502087e-32	2.42373308160256	0.613	0.179	2.99180448687777e-28
KCTD20	10	1.67110051683645e-32	2.12537856248905	0.495	0.112	3.02402349526723e-28
GLO1	10	1.74129192181136e-32	1.88024721685756	0.64	0.184	3.15104186170983e-28
KCNMA1	10	2.03158458150499e-32	2.71991576365337	0.288	0.04	3.67635545869142e-28
NCKAP1	10	2.15408753710699e-32	2.22062489752991	0.387	0.069	3.89803680714881e-28
TBC1D10A	10	2.29598036993816e-32	2.5536633856477	0.351	0.059	4.1548060774401e-28
LAMTOR5	10	2.32470713187384e-32	1.4901662048917	0.856	0.328	4.20679002583891e-28
PHB	10	3.23325103644454e-32	1.49755991763264	0.829	0.282	5.85089107555003e-28
DCTN6	10	3.55746785939373e-32	1.90721426445783	0.595	0.159	6.43759383835889e-28
TCEAL8	10	4.31352700602432e-32	1.85616632817853	0.667	0.201	7.80575847010161e-28
RBBP7	10	6.35473609706624e-32	1.85546830972937	0.64	0.185	1.14995304412511e-27
BRK1	10	7.29190410938224e-32	1.52666888574359	0.883	0.423	1.31954296763381e-27
RPGR	10	7.89185178388967e-32	2.56360084918869	0.333	0.054	1.42810949881267e-27
CD81	10	8.45098111585931e-32	1.23343650006029	0.982	0.731	1.5292895427259e-27
LYRM5	10	8.60359802109376e-32	2.26469639630298	0.45	0.096	1.55690709789713e-27
ARPC1B	10	8.83560430787155e-32	1.30375945221812	0.973	0.719	1.59889095555244e-27
FAM96B	10	9.26620614648402e-32	1.44669423004587	0.901	0.433	1.67681266426775e-27
MTURN	10	1.03787766177857e-31	2.57702372090807	0.378	0.07	1.87814341675451e-27
ARL6IP6	10	1.45142828432863e-31	2.08241073592189	0.468	0.102	2.62650462332109e-27
GABARAPL2	10	1.50730087109528e-31	1.30510389700571	0.955	0.545	2.72761165633402e-27
CANX	10	1.60342916562912e-31	1.46048296120563	0.928	0.445	2.90156541812246e-27
NCOR2	10	1.83721123812473e-31	2.11561078624023	0.55	0.144	3.32461745651051e-27
ACTG1	10	2.03145985276207e-31	0.919988013524245	1	0.952	3.67612974955824e-27
ABLIM3	10	2.07814851148348e-31	2.76476999943763	0.27	0.036	3.76061754638051e-27
SYPL1	10	2.3802591862811e-31	1.70060058100747	0.712	0.227	4.30731702349427e-27
PSMB5	10	2.40841059527358e-31	1.57780706763878	0.739	0.235	4.35825981320707e-27
CTD-2336O2.1	10	2.87393261053422e-31	2.16776970497231	0.468	0.104	5.20066845202273e-27
IGF2BP2	10	2.89436205350581e-31	3.07219852462988	0.252	0.032	5.23763757202411e-27
HMG20B	10	2.91652715157633e-31	1.98295016948716	0.559	0.146	5.27774753349252e-27
SMAD5	10	3.07777190850657e-31	2.01405279249322	0.523	0.128	5.56953604563349e-27
QDPR	10	3.68482703420162e-31	2.21222897640885	0.441	0.093	6.66806300109126e-27
VDAC2	10	4.23907222002253e-31	1.45093122293234	0.838	0.304	7.67102508935277e-27
PKIB	10	4.37567742333874e-31	2.70913530046481	0.279	0.039	7.91822586527378e-27
PTS	10	4.41243099366583e-31	1.92658995124289	0.559	0.144	7.98473512613769e-27
LSM7	10	5.09306790068696e-31	1.34654422252774	0.937	0.485	9.21641567308312e-27
LINC00657	10	7.77534925530927e-31	1.62466311550898	0.802	0.298	1.40702720124077e-26
NNMT	10	9.64763671203557e-31	1.77728261075118	0.568	0.15	1.74583633940996e-26
LTBP3	10	1.20844715831979e-30	1.80804906396209	0.613	0.17	2.18680597769549e-26
TXN	10	1.22838850893368e-30	1.17076235911347	0.964	0.561	2.22289184576639e-26
UBALD2	10	1.76267449101369e-30	1.54569793639279	0.829	0.315	3.18973575893837e-26
DTD1	10	2.09146052567216e-30	2.09058152881222	0.477	0.11	3.78470696725635e-26
MORF4L1	10	2.14369677411608e-30	1.25938599806253	0.964	0.603	3.87923368244046e-26
ZNF503	10	2.20849852145256e-30	2.56360084918869	0.333	0.057	3.99649892442055e-26
ECHDC1	10	2.21346591473467e-30	1.97723211493892	0.55	0.144	4.00548791930386e-26
B3GNT1	10	2.48104021964528e-30	2.930193608645	0.261	0.035	4.4896903814701e-26
MORN2	10	3.79121203737081e-30	2.59270925365132	0.333	0.057	6.86057730282622e-26
SRI	10	3.86797622648094e-30	1.48209272063276	0.838	0.339	6.99948977943991e-26
CMSS1	10	4.32831447523534e-30	2.52356195605701	0.315	0.051	7.83251787438587e-26
FGD5-AS1	10	4.93844639132329e-30	1.81106365171156	0.595	0.165	8.93661258973863e-26
ME2	10	6.74853607871638e-30	1.89609216165619	0.495	0.116	1.22121508880452e-25
DYNC1LI2	10	7.41591295371342e-30	1.9396784083942	0.568	0.156	1.34198360810398e-25
C16orf13	10	7.60829459313594e-30	1.64051189647548	0.757	0.269	1.37679698957388e-25
XPOT	10	8.01708564922855e-30	2.32548495391211	0.423	0.09	1.4507718190844e-25
VCL	10	8.12981928903598e-30	1.92501708697759	0.414	0.084	1.47117209854395e-25
TSPAN6	10	8.65561298668028e-30	2.92541718729193	0.252	0.033	1.56631972606966e-25
MTCH1	10	1.14407144395185e-29	1.52751961937407	0.811	0.311	2.07031168497527e-25
ARHGEF12	10	1.65954452659796e-29	2.12276734903251	0.414	0.086	3.00311177533166e-25
FURIN	10	1.98928434354654e-29	2.19249275834759	0.468	0.111	3.59980894808183e-25
ACAT2	10	2.22102795225021e-29	2.51574245159771	0.351	0.064	4.01917218239198e-25
RHOQ	10	2.50993293970661e-29	1.84893044710163	0.577	0.159	4.54197464769308e-25
POLR2I	10	3.69352973609053e-29	1.45942478874587	0.775	0.27	6.68381141042942e-25
GDI1	10	3.71950104806195e-29	1.94213981304111	0.514	0.13	6.73080909657291e-25
PGF	10	4.10741841070476e-29	1.79182629786789	0.324	0.054	7.43278435601133e-25
LAMB2	10	8.69260775252554e-29	1.96764542268123	0.423	0.091	1.57301429889702e-24
C1orf123	10	9.0993135902585e-29	1.89754200246247	0.541	0.145	1.64661178729318e-24
ARHGEF2	10	1.08951352289485e-28	2.00632467786097	0.495	0.124	1.97158367103052e-24
PTAR1	10	1.15588994707395e-28	2.02020268253808	0.423	0.09	2.09169844822502e-24
BTG3	10	1.50072521316994e-28	1.99860676470013	0.559	0.157	2.71571234575233e-24
ZFR	10	1.50149150325537e-28	1.95811388826358	0.486	0.118	2.71709902429091e-24
CD276	10	1.52140034780187e-28	2.17640089727322	0.387	0.078	2.75312606938227e-24
CDC42SE1	10	1.64377051751868e-28	1.68220408928762	0.667	0.209	2.97456712850181e-24
AHNAK	10	1.81111023084617e-28	1.20148926149619	0.91	0.386	3.27738507373922e-24
SF3B14	10	2.23098437565601e-28	1.23437149322189	0.946	0.469	4.03718932618711e-24
ENG	10	2.62433231593378e-28	1.02263035893349	0.793	0.276	4.74899175891377e-24
MTHFD1L	10	2.65741891482028e-28	2.68093840863416	0.297	0.048	4.80886526825878e-24
MARCKSL1	10	3.09259458098063e-28	1.45192997343321	0.739	0.258	5.59635915374256e-24
TPM4	10	3.89236194062166e-28	1.14511478055031	0.928	0.439	7.04361816774895e-24
MOSPD2	10	4.19461359225541e-28	2.58051270698795	0.342	0.064	7.59057275654539e-24
EMC10	10	5.52963009102931e-28	1.97808759639332	0.55	0.155	1.00064186127266e-23
GADD45A	10	7.23415988713708e-28	1.46938681590597	0.676	0.218	1.30909357317633e-23
BCL7C	10	7.49725879775894e-28	1.60782898317691	0.694	0.234	1.35670395204246e-23
GINM1	10	7.52199928775138e-28	1.79546679666054	0.577	0.167	1.36118099111149e-23
POMGNT1	10	7.56109620012755e-28	2.39367584774638	0.333	0.06	1.36825596837508e-23
NDUFAF3	10	7.75470374042508e-28	1.31073836854292	0.856	0.357	1.40329118886732e-23
PTPRE	10	7.79674582014467e-28	1.90570578897984	0.577	0.168	1.41089912361338e-23
UGGT2	10	8.48110395029326e-28	2.25099854657342	0.378	0.077	1.53474057084507e-23
SHFM1	10	8.50085865639536e-28	1.10990548548632	0.973	0.564	1.53831538246131e-23
FNTA	10	8.87652381956189e-28	1.69382224497031	0.613	0.184	1.60629575038792e-23
ERCC1	10	8.92056201245407e-28	1.75431564180046	0.676	0.232	1.61426490177369e-23
IFIT3	10	9.53201617891214e-28	2.24859472201137	0.586	0.19	1.72491364773594e-23
C5orf15	10	1.01253557393374e-27	2.07843047834139	0.45	0.107	1.83228437459049e-23
RRP15	10	1.37733813409012e-27	2.22140840318325	0.369	0.074	2.49243108744948e-23
SMURF2	10	1.63427965234852e-27	2.08326718892472	0.468	0.115	2.95739245888988e-23
BCAP29	10	1.80026246336399e-27	1.74607390572772	0.613	0.191	3.25775495370347e-23
C17orf89	10	1.9340929972384e-27	1.36693324091239	0.793	0.294	3.49993468780262e-23
MRPL51	10	1.96244590361696e-27	1.28104046074655	0.892	0.387	3.55124210718524e-23
TTL	10	2.24969631583708e-27	2.42773501216006	0.315	0.055	4.07105045313878e-23
GMFB	10	2.81924338342291e-27	2.12276734903251	0.423	0.097	5.1017028266421e-23
SREBF2	10	3.04292482660777e-27	2.39155267585341	0.333	0.062	5.50647676622943e-23
TGOLN2	10	5.90408581060394e-27	1.40473103625538	0.802	0.312	1.06840336828689e-22
IAH1	10	6.57260413678924e-27	1.67166059504615	0.64	0.209	1.18937844459338e-22
TMEM30A	10	7.36937935361486e-27	1.54600949338463	0.721	0.263	1.33356288783015e-22
PTPN12	10	8.07535692003711e-27	2.04960877558977	0.468	0.119	1.46131658824991e-22
TROVE2	10	8.27216079765774e-27	1.85928759822192	0.559	0.165	1.49693021794415e-22
MTFR1L	10	8.92031935307874e-27	2.06720191869919	0.414	0.093	1.61422099013313e-22
TADA3	10	9.39420148480443e-27	1.83647146479182	0.523	0.142	1.69997470069021e-22
HYI	10	1.03317955223036e-26	1.69438067154623	0.55	0.153	1.86964171771605e-22
DNAJB2	10	1.54056821161133e-26	1.9743951247002	0.495	0.133	2.78781223573185e-22
NFE2L2	10	1.87933911463285e-26	1.30040478779522	0.802	0.311	3.40085206183961e-22
MPRIP	10	3.81231523742973e-26	1.73402647600652	0.486	0.124	6.89876565365284e-22
BHLHE40	10	3.96094493099827e-26	1.31081351086648	0.748	0.258	7.16772594713446e-22
HOXD8	10	4.19045275121544e-26	2.45593190399071	0.252	0.037	7.58304329859946e-22
ANKRD40	10	4.33586408849995e-26	2.23467412293366	0.387	0.086	7.84617965454952e-22
TUBA1B	10	4.4569818356697e-26	1.25485820397773	0.955	0.614	8.06535432982789e-22
TCEAL3	10	4.56201538533343e-26	1.87205517259348	0.541	0.16	8.25542304129938e-22
ATP6AP2	10	5.71426110347794e-26	1.17965556411143	0.946	0.487	1.03405268928537e-21
ST6GALNAC6	10	6.30889772364005e-26	1.94092695459146	0.441	0.106	1.1416581320699e-21
PKD1	10	6.85311100944597e-26	2.44136297562435	0.306	0.055	1.24013896826934e-21
UCHL1	10	7.02829457989366e-26	1.31731102246641	0.297	0.05	1.27184018717756e-21
KIF13B	10	8.20651442596225e-26	2.70291152903059	0.279	0.047	1.48505085052213e-21
SELM	10	8.5790011137469e-26	1.1021221361252	0.982	0.484	1.55245604154364e-21
SESN3	10	1.01496459431393e-25	1.8423908965601	0.414	0.095	1.83667992987049e-21
ZCCHC17	10	1.12151035698767e-25	2.12146351248567	0.396	0.089	2.02948514200489e-21
ANKRD50	10	1.82434018839945e-25	2.57212492149523	0.279	0.047	3.30132600492765e-21
COMT	10	1.90923162737373e-25	1.35232649853378	0.829	0.363	3.4549455528955e-21
GNA11	10	1.95934094650643e-25	2.50632286309949	0.279	0.047	3.54562337679804e-21
SRP14	10	2.17253421987422e-25	0.719489120136762	0.991	0.928	3.9314179242844e-21
PTPLB	10	2.2495460723286e-25	2.23277635381293	0.36	0.076	4.07077857248583e-21
TMBIM1	10	2.48961870884696e-25	1.98775624463135	0.432	0.105	4.50521401552945e-21
MRFAP1	10	2.66722503773473e-25	1.50782035606481	0.748	0.304	4.82661042828476e-21
BAX	10	2.67796053807583e-25	1.13444219450755	0.892	0.422	4.84603738970203e-21
FAM127B	10	2.81536740421969e-25	2.03939237954663	0.405	0.094	5.09468885467594e-21
LEPROT	10	3.49887567283754e-25	1.50993740671662	0.667	0.232	6.33156541756682e-21
MID1IP1	10	5.06176629999883e-25	1.89077788434973	0.414	0.098	9.15977229647788e-21
KIAA0232	10	5.77347533451954e-25	2.20557549017691	0.396	0.093	1.04476809653466e-20
SEPT7	10	6.62588865419056e-25	1.02606987540707	0.964	0.566	1.19902081086232e-20
SUN2	10	8.05487205655618e-25	1.67674947171895	0.514	0.142	1.45760964735441e-20
ZEB2	10	8.31381115512528e-25	1.14507366699989	0.793	0.29	1.50446726663147e-20
C5orf28	10	9.25287520183543e-25	2.68334240009378	0.261	0.043	1.67440029652414e-20
ATP5C1	10	9.60973037240248e-25	1.1800066422106	0.901	0.426	1.73897680818995e-20
AAMDC	10	9.75969720248522e-25	1.97728687760441	0.441	0.112	1.76611480576173e-20
BIRC2	10	1.10293891612641e-24	1.3400661655653	0.748	0.28	1.99587826262235e-20
PLAUR	10	1.33914116618092e-24	0.445765504040405	0.793	0.284	2.42330985432098e-20
B3GAT3	10	1.72333110085529e-24	1.53662713800849	0.658	0.228	3.11853996010774e-20
FDXR	10	2.24871116959207e-24	2.1715869919115	0.306	0.057	4.06926773249381e-20
VAMP2	10	2.32326516433018e-24	1.17195790113183	0.883	0.39	4.2041806413719e-20
SLIRP	10	2.33782585385359e-24	1.31020413597215	0.811	0.334	4.23052966513346e-20
MMAB	10	2.6911675887948e-24	2.28622955785263	0.324	0.065	4.86993686868307e-20
NDUFAB1	10	3.18112887799707e-24	1.23708290937166	0.874	0.413	5.7565708176235e-20
SEP15	10	3.56040744324237e-24	1.23996063354264	0.874	0.468	6.44291330929139e-20
EIF1B	10	3.66968126919202e-24	1.23573572929348	0.838	0.353	6.64065522472988e-20
TMEM106C	10	3.84332156570377e-24	2.14681908676256	0.369	0.082	6.95487470529754e-20
COA4	10	4.026027685701e-24	1.64005098852932	0.586	0.189	7.28549970004452e-20
SIPA1L2	10	4.64523475546783e-24	2.33379095628976	0.297	0.055	8.40601681349459e-20
REXO2	10	4.89067048099748e-24	1.19809012556569	0.775	0.285	8.85015730241305e-20
ZC2HC1A	10	6.12586978626313e-24	2.47764997507952	0.279	0.05	1.10853739652218e-19
PYURF	10	9.49485791136577e-24	1.35975512276741	0.775	0.328	1.71818948764075e-19
ARPP19	10	9.63942432730206e-24	1.42057274070923	0.685	0.245	1.74435022626858e-19
PSMD8	10	1.00702172976659e-23	1.22704998038396	0.865	0.408	1.82230652218561e-19
EIF4H	10	1.01965352741647e-23	1.44211161091742	0.64	0.215	1.84516502321285e-19
ST3GAL6	10	1.03299977962111e-23	2.27799674655987	0.36	0.081	1.86931640120235e-19
C12orf29	10	1.05473763061397e-23	2.23425528273885	0.306	0.059	1.90865321635903e-19
MYO5A	10	1.21731273583315e-23	1.92784132983888	0.459	0.125	2.20284912676368e-19
INPP1	10	1.25793124297854e-23	2.29702544982794	0.333	0.07	2.27635237729397e-19
TACC1	10	1.29528189256775e-23	1.50173559360383	0.622	0.205	2.3439421127906e-19
KLF9	10	1.36801250442936e-23	1.94776190408107	0.414	0.103	2.47555542801537e-19
P4HTM	10	1.6824482016368e-23	1.91266869454994	0.414	0.103	3.04455826568195e-19
GALNT2	10	1.90686062661725e-23	1.77242357198106	0.477	0.131	3.45065498992657e-19
TMEM55A	10	2.07346553166787e-23	1.84633912645909	0.459	0.125	3.75214322610617e-19
PXDC1	10	2.14490118110611e-23	1.88738928610158	0.459	0.126	3.88141317732962e-19
GSTO1	10	2.39325070934535e-23	1.24231955773781	0.892	0.446	4.33082648363135e-19
ABI2	10	2.76244904355289e-23	2.0654816084153	0.36	0.081	4.99892778921331e-19
FDPS	10	2.90476210314734e-23	1.47412336239597	0.676	0.252	5.25645750185542e-19
ENOPH1	10	3.52375910575202e-23	1.93069307032244	0.423	0.109	6.37659447776886e-19
LDHB	10	3.58992635709957e-23	1.33431514379335	0.73	0.291	6.49633073580737e-19
MDM2	10	3.7428397803147e-23	1.39644253466878	0.604	0.201	6.77304286645748e-19
CLDND1	10	3.83894858483863e-23	1.25625054701355	0.73	0.277	6.94696135912399e-19
RALBP1	10	4.43142102850777e-23	1.67457219046605	0.495	0.142	8.01909949318766e-19
RP11-14N7.2	10	4.72696817320122e-23	1.54926396368642	0.378	0.086	8.55392160622494e-19
ANO6	10	5.23523259899747e-23	2.02427559379118	0.387	0.094	9.47367691114582e-19
SERINC1	10	6.03756537020728e-23	1.3723774969034	0.721	0.289	1.09255782939271e-18
ARFIP1	10	6.28306807641092e-23	2.03474601469027	0.396	0.098	1.13698399910732e-18
FAM127A	10	9.62648401688034e-23	2.1265908214485	0.387	0.095	1.74200854769467e-18
FIS1	10	1.15734119070761e-22	1.01028497880582	0.946	0.585	2.09432461870449e-18
GPR137B	10	1.16965368709991e-22	2.10357191288939	0.351	0.079	2.116605312176e-18
NUDT3	10	1.24260191253424e-22	1.45323707591264	0.676	0.252	2.24861242092196e-18
PFN2	10	1.27043475575766e-22	2.29494002731841	0.261	0.046	2.29897873401906e-18
VAMP5	10	1.30205161298334e-22	1.29449038987222	0.883	0.488	2.35619259885465e-18
BUD31	10	1.36837968605102e-22	1.43658759231319	0.649	0.236	2.47621987987792e-18
PSMD14	10	1.88872989809728e-22	1.61276690599258	0.55	0.175	3.41784562359685e-18
GGCT	10	2.06962071364949e-22	2.01895348768916	0.405	0.104	3.74518564342011e-18
PAFAH1B2	10	2.2621838116987e-22	1.90372602272217	0.423	0.112	4.09364782564996e-18
C5orf24	10	2.4085809073443e-22	1.85756409510949	0.45	0.126	4.35856800993024e-18
ATP6V1E1	10	2.41848494211108e-22	1.46503548956802	0.568	0.181	4.37649035124421e-18
LYRM2	10	2.50022002761661e-22	1.5942165096208	0.532	0.164	4.52439816197501e-18
NDUFB6	10	2.63806242127842e-22	1.63965020014353	0.559	0.185	4.77383775754542e-18
TMX2	10	2.76069655601907e-22	1.89405301638259	0.414	0.107	4.99575648777211e-18
SCN1B	10	2.80462729807265e-22	1.95937926426054	0.396	0.1	5.07525355859226e-18
KDELC2	10	4.43758848821397e-22	2.41615986189776	0.297	0.06	8.03026012827199e-18
TJP1	10	4.53003464910121e-22	2.04822394651035	0.306	0.062	8.19755070101355e-18
MRPS28	10	4.61862082712852e-22	1.7341816796042	0.468	0.134	8.35785624877177e-18
AMFR	10	4.88849136928841e-22	1.92375952319879	0.387	0.096	8.8462139818643e-18
WDR13	10	5.22136727636329e-22	1.61974850640368	0.486	0.141	9.448586223307e-18
PARVA	10	5.93191137369909e-22	2.16686844300897	0.297	0.06	1.07343868218459e-17
ELOVL5	10	6.43042767805052e-22	1.73021277740126	0.468	0.135	1.16365019262002e-17
NACC2	10	6.72703350414164e-22	2.59711364168109	0.252	0.045	1.21732398290947e-17
NENF	10	6.94243113144894e-22	1.19717463068656	0.838	0.393	1.256302337547e-17
DCTN2	10	7.16608739331239e-22	1.60085242695994	0.577	0.2	1.29677517469381e-17
CHPF	10	7.40486582799618e-22	1.4739524370903	0.532	0.163	1.33998452023419e-17
SNRPG	10	7.43458456884941e-22	1.095975907913	0.91	0.544	1.34536242357899e-17
FKBP10	10	8.35398650016531e-22	1.92523467163087	0.315	0.066	1.51173739706991e-17
PTTG1IP	10	1.02013974196492e-21	1.42057274070923	0.649	0.236	1.84604487705971e-17
BANF1	10	1.09432866069939e-21	1.17452574075615	0.757	0.296	1.98029714440161e-17
COX20	10	1.10036852864217e-21	1.54454867714281	0.559	0.183	1.99122688943088e-17
CELF2	10	1.44917704885054e-21	1.46421851517567	0.613	0.215	2.62243078759994e-17
PSMA7	10	1.47379664795889e-21	1.00288090289712	0.919	0.525	2.66698241414641e-17
FER	10	1.71709049110989e-21	2.10580691727269	0.315	0.068	3.10724695271246e-17
VAMP3	10	1.75389482883157e-21	1.66897150751851	0.514	0.162	3.1738480822536e-17
PLIN3	10	2.00032787229827e-21	1.58324453602681	0.586	0.205	3.61979331771095e-17
TUBG1	10	2.06741886531112e-21	2.37703984615452	0.27	0.052	3.741201178667e-17
SORT1	10	3.42641426144531e-21	2.23223893714034	0.27	0.052	6.20043924751144e-17
SARS	10	3.42844500426241e-21	1.47901551710375	0.604	0.217	6.20411407971326e-17
RP11-294J22.6	10	3.43350830768057e-21	2.16916025451696	0.324	0.073	6.21327663357876e-17
HGF	10	3.69310019314237e-21	2.27041004749738	0.288	0.059	6.68303410951044e-17
PHF10	10	3.98519545500112e-21	2.00328208613735	0.342	0.08	7.21160969537003e-17
BOLA3	10	4.06418575077899e-21	1.41039528206541	0.568	0.186	7.35455053460966e-17
HCFC1R1	10	4.28030153831371e-21	1.68980794175641	0.477	0.144	7.74563366373248e-17
HOMER3	10	4.52972739360916e-21	1.77809753108462	0.441	0.125	8.19699469147514e-17
RPAIN	10	5.26644039077684e-21	1.586695927651	0.523	0.167	9.53015053114977e-17
TMEM50B	10	5.31383252334249e-21	1.49941428169371	0.541	0.174	9.61591133424057e-17
TBCA	10	5.38646828211767e-21	1.00687146393569	0.928	0.554	9.74735300332014e-17
PTGR1	10	5.47204087382018e-21	2.31617994044776	0.279	0.056	9.902205165265e-17
TERF2IP	10	5.62217418808339e-21	1.24473812661445	0.703	0.271	1.01738864107557e-16
CBX3	10	6.1889119727607e-21	1.03657461489915	0.847	0.369	1.11994551059078e-16
PSMD2	10	6.79919837448903e-21	1.49079774711895	0.559	0.188	1.23038293784753e-16
TCEAL1	10	6.94731955825723e-21	2.20405504496315	0.279	0.055	1.25718694726223e-16
SYTL2	10	7.12528416891682e-21	1.80224470485629	0.315	0.068	1.28939142320719e-16
FUNDC1	10	7.28250958642e-21	2.12734007882234	0.333	0.077	1.31784293475856e-16
IQSEC1	10	7.61719422649545e-21	1.9482840656279	0.36	0.088	1.37840746722662e-16
USP22	10	9.6882722826862e-21	1.67166059504615	0.432	0.119	1.7531897522749e-16
SOD1	10	1.16401060273487e-20	0.968789231224233	0.955	0.544	2.10639358670902e-16
PIN1	10	1.33716189956553e-20	1.36376206006284	0.658	0.25	2.41972817345379e-16
RECQL	10	1.37750965342536e-20	1.72412801494028	0.414	0.112	2.49274146883852e-16
ARMC10	10	1.61566354770454e-20	1.66384109058685	0.505	0.164	2.92370475592614e-16
TMX4	10	1.97844166600342e-20	1.37467885728902	0.55	0.177	3.58018803879978e-16
CD44	10	2.07719945522742e-20	0.955804027474039	0.838	0.382	3.75890013417955e-16
UTRN	10	2.13884388266549e-20	1.23164643023609	0.658	0.242	3.87045189007147e-16
FAM213A	10	2.24321643784665e-20	1.72570043475904	0.405	0.109	4.05932446592729e-16
SEC22C	10	2.42307122579928e-20	2.05275076240165	0.333	0.078	4.38478969020638e-16
EMC4	10	2.47190503861804e-20	1.60348909240457	0.495	0.155	4.4731593578832e-16
ARHGAP24	10	2.53635683458218e-20	2.21820287745348	0.315	0.072	4.58979132785991e-16
FLOT1	10	2.62979053740037e-20	1.21548440097382	0.757	0.33	4.75886895647972e-16
FAM86A	10	2.69889336241907e-20	2.44217874892338	0.252	0.048	4.88391742863356e-16
MYL6	10	2.9333521832482e-20	0.562051664546924	1	0.979	5.30819411080594e-16
TARS	10	3.33056953460211e-20	1.75258059042971	0.423	0.12	6.02699862981598e-16
TERF1	10	3.41023333594596e-20	1.87415345894489	0.36	0.089	6.17115824472782e-16
NAE1	10	4.39707242311817e-20	1.82298461338292	0.423	0.122	7.95694225687463e-16
MTPN	10	4.67215324098064e-20	1.82663525502249	0.423	0.122	8.45472850487857e-16
PSMD4	10	5.17754006860914e-20	1.29435574312241	0.667	0.259	9.3692765081551e-16
KIFAP3	10	5.26955289917577e-20	2.17464579360069	0.27	0.054	9.53578292634847e-16
PIN4	10	5.3248071622712e-20	1.39744384887576	0.613	0.227	9.63577104084596e-16
PRKCA	10	5.6362111234721e-20	2.1936132982415	0.288	0.061	1.01992876490351e-15
ATP2B1	10	6.04399842511299e-20	1.20771349528636	0.703	0.281	1.09372195500845e-15
MAP7D3	10	7.44978175569578e-20	1.97122087690505	0.306	0.068	1.34811250651071e-15
USP9X	10	7.87114056675689e-20	1.55377285903553	0.514	0.169	1.42436159696033e-15
NAV1	10	8.11041303663934e-20	2.10229494937601	0.27	0.054	1.46766034311025e-15
AK2	10	8.38077913483621e-20	1.60231254835541	0.505	0.165	1.51658579223996e-15
SEPT2	10	1.02585618944323e-19	1.11820906707021	0.802	0.362	1.85638936041646e-15
RNF187	10	1.08537190865749e-19	1.40398212539493	0.595	0.216	1.96408900590659e-15
NDUFB8.1	10	1.11816589140307e-19	0.966561172381226	0.928	0.579	2.023432997083e-15
PSMA3	10	1.18631475588673e-19	1.14869615195725	0.757	0.312	2.14675518225263e-15
NFE2L1	10	1.25626527966924e-19	1.64571732779386	0.459	0.139	2.27333765008946e-15
COPS2	10	1.26910666395103e-19	1.43899983825587	0.568	0.197	2.29657541908579e-15
TAOK1	10	1.36183175653242e-19	1.64146035727045	0.477	0.152	2.46437074662106e-15
TMEM230	10	1.37075468072477e-19	1.0858914434564	0.829	0.408	2.48051767023955e-15
TMX3	10	1.39642703094671e-19	1.76314075585297	0.45	0.138	2.52697435520116e-15
CDC42BPA	10	1.53147722439887e-19	1.96539179810286	0.306	0.069	2.7713611852722e-15
SAMD4B	10	1.65780376788284e-19	1.82617054410177	0.387	0.105	2.99996169836079e-15
AKT3	10	1.86364630143489e-19	2.27712875120194	0.252	0.049	3.37245434707659e-15
TSPAN15	10	1.89602564932828e-19	2.19688101207541	0.252	0.049	3.43104801502446e-15
MAGEH1	10	1.92815245162125e-19	1.81262151769961	0.378	0.101	3.48918467645382e-15
F2R	10	1.98154136993287e-19	1.36826845159621	0.378	0.095	3.58579726303053e-15
C11orf83	10	2.38438970011099e-19	1.59795090886314	0.477	0.153	4.31479160132085e-15
PIGP	10	2.53653806742334e-19	1.22053626447288	0.676	0.266	4.59011928680928e-15
OPTN	10	2.66518905636538e-19	1.30768011859839	0.55	0.182	4.8229261163988e-15
RHEB	10	2.96141390775009e-19	1.04014319665486	0.874	0.417	5.35897460746457e-15
AAED1	10	2.96705511229957e-19	1.85310746638368	0.396	0.113	5.36918293121731e-15
LAMP2	10	3.78688261583403e-19	1.21844558515755	0.784	0.367	6.85274278161327e-15
C19orf70	10	4.08202108682353e-19	1.07537008852348	0.829	0.406	7.38682535871586e-15
VKORC1L1	10	4.09165022975948e-19	2.13707161684011	0.288	0.064	7.40425025577276e-15
AP2B1	10	4.36779039592457e-19	1.47610978592834	0.495	0.159	7.9039535004651e-15
RAB32	10	4.39508721173555e-19	1.51708355793727	0.55	0.197	7.95334981835666e-15
POLR2J	10	4.4310924053069e-19	1.13341459323202	0.739	0.305	8.01850481664336e-15
TAB2	10	4.51357866466671e-19	1.59868114968904	0.441	0.132	8.16777195158088e-15
SRP9	10	4.57998597094935e-19	0.970586864571894	0.892	0.495	8.28794261302995e-15
SYNE1	10	4.81476554463777e-19	1.63352546615938	0.405	0.114	8.71279972957651e-15
C4orf48	10	5.66916173960065e-19	1.06841274129724	0.874	0.469	1.02589150839813e-14
TMCO1	10	6.81119659721347e-19	1.13999033560166	0.748	0.325	1.23255413623175e-14
UBE2N	10	7.17046466962982e-19	1.24647853836176	0.667	0.268	1.29756728661621e-14
MMP14	10	7.90215878513881e-19	1.65619747765834	0.378	0.102	1.42997465375872e-14
LRCH3	10	8.09428032444968e-19	2.37703984615452	0.261	0.054	1.46474096751241e-14
CCT6A	10	8.3283046324868e-19	1.41319891900218	0.577	0.211	1.50709000629481e-14
PFDN2	10	8.70331285485216e-19	1.08177925205275	0.811	0.37	1.57495149421405e-14
DDIT3	10	9.39541954937181e-19	1.02392544565168	0.811	0.371	1.70019512165432e-14
MAP2K2	10	9.72764788027537e-19	1.04150932055874	0.784	0.334	1.76031516041463e-14
FEM1C	10	9.73819376758873e-19	2.31712783472686	0.27	0.058	1.76222354418286e-14
POLD2	10	1.01007345631737e-18	1.66366780429262	0.387	0.106	1.82782892655192e-14
MTR	10	1.04377171301888e-18	1.91363338535211	0.297	0.067	1.88880929187897e-14
ROCK2	10	1.24778574918924e-18	1.61580736031263	0.441	0.135	2.25799309173285e-14
ESF1	10	1.25785416815293e-18	1.38681060395749	0.523	0.176	2.27621290268955e-14
KLC1	10	1.37818317159064e-18	1.8731026212257	0.369	0.101	2.49396026731042e-14
EI24	10	1.38451371459196e-18	1.71509985631104	0.441	0.138	2.50541601792561e-14
PCNP	10	1.40665096868983e-18	1.29346428051204	0.631	0.243	2.54547559294111e-14
CNPY2	10	1.72210566141565e-18	0.986581742544909	0.784	0.346	3.11632240489775e-14
PTBP2	10	1.9202696847645e-18	1.95894254712662	0.333	0.084	3.47492002154984e-14
NDUFS5	10	1.97392548601769e-18	0.807050967573136	0.964	0.713	3.5720155594976e-14
LRRC58	10	2.10625181782933e-18	1.90836085306648	0.324	0.08	3.81147328954396e-14
MYEOV2	10	2.1781705128416e-18	1.02375495091646	0.874	0.503	3.94161736003816e-14
H2AFJ	10	2.67167023556037e-18	1.01858306940038	0.784	0.35	4.83465445827004e-14
RCN1	10	2.9646096291057e-18	1.50355832921065	0.532	0.186	5.36475758482968e-14
ARHGAP15	10	3.04134499341423e-18	1.6581140632082	0.559	0.209	5.50361790008239e-14
RPL26L1	10	3.213045200049e-18	1.59217581121933	0.486	0.165	5.81432659400867e-14
DCPS	10	3.26777161072614e-18	1.79195482876386	0.387	0.111	5.91335950677002e-14
POLR3H	10	3.32309185877808e-18	2.36787984686904	0.252	0.053	6.01346702764481e-14
PCID2	10	3.37059045954731e-18	1.64128694600263	0.387	0.109	6.09942049559681e-14
ARL1	10	4.55625005061399e-18	1.10807174511756	0.658	0.252	8.24499009159107e-14
SPAG9	10	4.74190127025869e-18	1.47860571876528	0.459	0.145	8.58094453866013e-14
PRKDC	10	5.64240554082429e-18	1.51937575273956	0.477	0.158	1.02104970666756e-13
CMTM3	10	5.64741257188816e-18	1.79154933055323	0.405	0.123	1.02195577900888e-13
PBDC1	10	6.70253752861799e-18	1.89030088152149	0.333	0.086	1.21289119117871e-13
NUPR1	10	7.32228507225364e-18	1.27702930642914	0.441	0.133	1.32504070667502e-13
DDAH2	10	8.00861448281183e-18	1.51323123244166	0.586	0.229	1.44923887680963e-13
RNF7	10	9.45849454286971e-18	1.00519041318926	0.793	0.359	1.7116091724777e-13
GLRX5	10	9.98225787666434e-18	1.26456511689611	0.577	0.213	1.80638938536118e-13
SPRYD7	10	1.02837363848856e-17	1.98076464957593	0.297	0.071	1.8609449362089e-13
BSG	10	1.07825117861386e-17	0.894397738144978	0.928	0.546	1.95120333281965e-13
TOMM7	10	1.18007806036844e-17	0.684468371346767	0.973	0.867	2.13546925804273e-13
C14orf166	10	1.25866951968546e-17	0.989712478956145	0.847	0.444	2.27768836282281e-13
NDFIP1	10	1.26773885543317e-17	1.0321173981425	0.829	0.403	2.29410023279186e-13
LPCAT2	10	1.45162143910865e-17	1.4677882616805	0.45	0.144	2.62685415621101e-13
FUNDC2	10	1.60270296086281e-17	1.40418028418116	0.568	0.221	2.90025127797734e-13
FADS3	10	1.83018776334285e-17	1.78128508622065	0.315	0.079	3.31190777654523e-13
OPN3	10	1.95617897408301e-17	2.01503710919754	0.297	0.072	3.53990147150062e-13
CD320	10	1.96143031678932e-17	1.49695845334196	0.486	0.166	3.54940430126196e-13
ARFRP1	10	2.13419149622043e-17	1.52773080213678	0.45	0.146	3.86203293156049e-13
EVI5	10	2.21996808061188e-17	1.68508111080847	0.414	0.128	4.01725423867525e-13
DDX1	10	2.76057467781724e-17	1.82275318354404	0.351	0.097	4.99553593697807e-13
NIT2	10	2.77322705755678e-17	1.63213223085951	0.378	0.108	5.01843168335476e-13
BMS1	10	2.83335668652516e-17	1.82646232184387	0.342	0.093	5.12724225993593e-13
FAM3C	10	3.1604300569326e-17	0.98348023645922	0.685	0.272	5.71911423102524e-13
ZFPM1	10	3.31090384226709e-17	1.74401143927083	0.369	0.106	5.99141159296653e-13
PLOD1	10	3.32086580848098e-17	2.09975424715044	0.27	0.062	6.00943876702717e-13
SUMF2	10	3.55526208762774e-17	1.32755226531001	0.55	0.203	6.43360227377116e-13
VBP1	10	3.6903731738624e-17	1.42102379434457	0.477	0.159	6.67809929542141e-13
BBIP1	10	3.79639965576988e-17	1.54153660166181	0.414	0.126	6.86996481708117e-13
NUDCD3	10	4.06737895768971e-17	1.65535878271705	0.369	0.104	7.3603289618353e-13
C11orf96	10	4.09292280904444e-17	0.981868121104563	0.396	0.117	7.40655311524681e-13
HSD17B10	10	4.24287406221229e-17	1.43577233122548	0.541	0.205	7.67790490297936e-13
PDCD5	10	4.37110879779286e-17	1.1855733444078	0.604	0.23	7.90995848048596e-13
MEX3C	10	4.45986505406706e-17	2.08669809432499	0.27	0.062	8.07057180183976e-13
GPX4	10	4.61722053706266e-17	0.8478076263468	0.955	0.753	8.35532228386859e-13
HARS	10	4.83506806988621e-17	1.82583152517391	0.315	0.081	8.74953917926609e-13
VAPA	10	5.01479085701291e-17	0.903476270269221	0.892	0.47	9.07476553485056e-13
NDUFAF2	10	5.40263976082215e-17	1.81921778346	0.351	0.099	9.77661691118377e-13
PGAM1	10	5.54284278323248e-17	1.08534788829205	0.667	0.274	1.00303283005375e-12
CASC4	10	5.79513008288088e-17	1.51066871837384	0.432	0.138	1.04868673979812e-12
TNS3	10	5.85095332699137e-17	1.56313613826798	0.414	0.131	1.05878851405236e-12
NDUFS4	10	5.88790144158566e-17	1.53512176209838	0.495	0.179	1.06547464486934e-12
FAM162A	10	5.91179311146791e-17	1.3388167226796	0.568	0.22	1.06979808145123e-12
RAC1	10	6.00174269009126e-17	0.834973584560164	0.955	0.585	1.08607535719891e-12
MANBAL	10	6.05434971187076e-17	2.1018049867152	0.27	0.063	1.09559512386013e-12
COPS6	10	6.07315287068271e-17	1.13862588636885	0.685	0.291	1.09899774347874e-12
CHURC1	10	6.92808130737771e-17	0.977178332201454	0.757	0.338	1.25370559338307e-12
PHAX	10	7.03256511790619e-17	2.00869558232372	0.279	0.066	1.27261298373631e-12
CCT2	10	7.09870502436003e-17	1.45172382543601	0.486	0.169	1.28458166120819e-12
MRPL41	10	8.35473484504955e-17	0.981901904313381	0.847	0.42	1.51187281756017e-12
HOOK3	10	9.00907711135247e-17	1.62877478219297	0.432	0.142	1.63028259407034e-12
MTX2	10	9.65230067613197e-17	1.54160005448177	0.432	0.139	1.74668033035284e-12
OSTM1	10	1.0046830940928e-16	1.59074059966258	0.468	0.164	1.81807452707032e-12
CACNA2D4	10	1.08287941234222e-16	2.17416093557533	0.27	0.064	1.95957858457448e-12
MIEN1	10	1.10331609646437e-16	1.29278870333234	0.577	0.225	1.99656080816192e-12
PFDN4	10	1.19804501055001e-16	1.59396931053845	0.45	0.154	2.1679822510913e-12
GBP3	10	1.26235027327707e-16	1.73000458127695	0.342	0.094	2.28434905452218e-12
MORF4L2	10	1.30110266799651e-16	1.05275076240165	0.721	0.327	2.35447538800649e-12
AP2M1	10	1.40029069848139e-16	0.944426538897714	0.802	0.368	2.53396604797193e-12
ZFAND6	10	1.47056595397849e-16	1.32647714785848	0.577	0.228	2.66113615031947e-12
PLK3	10	1.61228807293922e-16	1.24893185937129	0.523	0.193	2.91759649679082e-12
SASH1	10	1.65937902585837e-16	2.07920355777807	0.252	0.056	3.0028122851933e-12
SNRPD1	10	1.67024746667229e-16	1.15036762248313	0.64	0.263	3.02247981569017e-12
NDUFA6	10	1.80694066007586e-16	1.03771628869196	0.757	0.343	3.26983981847328e-12
COA3	10	2.00715073743953e-16	1.43536257168448	0.477	0.164	3.63213997447058e-12
PPP1R12A	10	2.12160722767337e-16	1.4604087313149	0.468	0.162	3.83926043919773e-12
CD99	10	2.15162299616587e-16	0.796361626637819	0.928	0.565	3.89357697386176e-12
C1orf122	10	2.21018583497063e-16	1.12609153262508	0.685	0.295	3.99955228696285e-12
PTPRA	10	2.21018960177963e-16	1.18355963357758	0.577	0.221	3.99955910338043e-12
UBE2I	10	2.23519507572332e-16	1.12558710771859	0.667	0.288	4.04480900902891e-12
GTF2A2	10	2.28565290417904e-16	1.05484922828565	0.739	0.353	4.1361174954024e-12
SLC43A3	10	2.41340939570135e-16	2.02921259966423	0.306	0.081	4.36730564246117e-12
C19orf53	10	2.4375055359575e-16	0.828629941384546	0.937	0.569	4.4109100178687e-12
CACYBP	10	2.55881923094804e-16	1.41532084178636	0.468	0.161	4.63043928032357e-12
ZNF106	10	2.60100319301444e-16	1.4477309385713	0.459	0.16	4.70677537807894e-12
GRHPR	10	3.01430283540348e-16	1.69139681310741	0.378	0.115	5.45468241094614e-12
COQ4	10	3.12570536685545e-16	1.51818611438443	0.405	0.127	5.65627643186163e-12
MRPL14	10	3.83448804126903e-16	1.20645433878221	0.577	0.225	6.93888955948044e-12
PSMB1	10	4.00985407401372e-16	0.759509482976933	0.955	0.626	7.25623193233522e-12
RAB2A	10	4.18999741635336e-16	1.07139084153714	0.757	0.355	7.58221932463305e-12
TLN1	10	4.41686271091506e-16	1.10544572429568	0.577	0.218	7.99275476167189e-12
ITFG3	10	4.7469304966001e-16	1.83212526723939	0.315	0.085	8.59004542664754e-12
MATR3	10	4.83075650376987e-16	1.00548173594924	0.757	0.35	8.74173696922196e-12
TMEM222	10	4.94758816312958e-16	1.88805427576115	0.297	0.077	8.95315553999928e-12
CDK4	10	5.25144341865062e-16	1.4405614783588	0.459	0.159	9.50301201039016e-12
MAPK1	10	6.32013915740857e-16	1.66148878998886	0.387	0.122	1.14369238192466e-11
MYL6B	10	6.34614692967379e-16	1.38215397785116	0.486	0.176	1.14839874839377e-11
NHP2	10	7.25509674939526e-16	1.14461807025417	0.577	0.223	1.31288230777057e-11
ITPR1	10	7.32060421722333e-16	1.83515932732903	0.315	0.086	1.32473653914873e-11
EEF1E1	10	8.06614656800768e-16	1.52568128922887	0.423	0.14	1.45964988294667e-11
EMC6	10	8.55438047188319e-16	1.26566823537031	0.55	0.213	1.54800069019198e-11
FAM126A	10	8.78712629528051e-16	1.90737439488043	0.288	0.074	1.59011837439396e-11
PDRG1	10	8.90673760494352e-16	2.02441381607065	0.279	0.07	1.61176323699058e-11
SLC15A3	10	9.25676007772993e-16	1.64141430817803	0.414	0.138	1.67510330366601e-11
PCBD1	10	1.09939892002522e-15	1.58419775379581	0.459	0.168	1.98947228567763e-11
HES1	10	1.19406302216614e-15	0.867894468473208	0.523	0.192	2.16077644491185e-11
DUT	10	1.22996751937205e-15	1.13292111108564	0.676	0.303	2.22574922305566e-11
PARK7	10	1.27492905985584e-15	0.825252896424768	0.919	0.492	2.30711162671512e-11
PLA2G16	10	1.3143464271281e-15	1.21222897640885	0.568	0.226	2.37844129453102e-11
PSMC1	10	1.37149379687726e-15	1.36680601351773	0.514	0.196	2.48185517482909e-11
TMED7	10	1.38873579190096e-15	1.36201082993722	0.477	0.17	2.51305628902397e-11
MLF2	10	1.43907091143629e-15	1.15803687604525	0.604	0.246	2.60414272133511e-11
MRPL17	10	1.44774780452817e-15	1.18552812098442	0.55	0.213	2.61984442707417e-11
RP11-252A24.7	10	1.51340114970949e-15	1.91321527346949	0.261	0.062	2.7386507205143e-11
RAN	10	1.59092715414861e-15	0.803382288917765	0.91	0.581	2.87894177814732e-11
CCDC124	10	1.78410755114044e-15	1.45788130401441	0.441	0.151	3.22852102454375e-11
PELO	10	1.92566665251658e-15	2.02594406324589	0.252	0.059	3.48468637439401e-11
EIF1AX	10	2.12672389202652e-15	1.02994331602776	0.775	0.382	3.84851955501119e-11
PPP1R7	10	2.17379334445654e-15	1.19522255110316	0.559	0.217	3.93369643612855e-11
AIMP1	10	2.60687070399006e-15	1.28860114012848	0.514	0.194	4.71739322594042e-11
POLD4	10	2.63110708983733e-15	1.03080967319485	0.811	0.461	4.76125138976964e-11
NUDT21	10	2.66292551437819e-15	1.77258950389693	0.306	0.083	4.81883001081877e-11
APOPT1	10	2.78986584298113e-15	1.42677353592261	0.432	0.146	5.04854122945866e-11
OAT	10	3.15108103114897e-15	1.21914839034864	0.541	0.212	5.70219623396717e-11
TSN	10	3.38545937708441e-15	1.76476999943763	0.324	0.093	6.12632728877195e-11
EMC2	10	4.12460483959613e-15	1.36290788890652	0.45	0.158	7.46388491773316e-11
CAPNS1	10	4.25333441392182e-15	1.11178907528782	0.622	0.263	7.69683395543292e-11
USP14	10	4.37826250568565e-15	1.44823804511121	0.414	0.138	7.92290383028875e-11
RAB13	10	4.46190586388364e-15	1.23563086893395	0.559	0.245	8.07426485128384e-11
TTC37	10	4.65237170630409e-15	1.30671961119869	0.532	0.211	8.41893183972787e-11
BBC3	10	4.90218507475548e-15	1.81131258537466	0.306	0.084	8.87099411127751e-11
BAD	10	5.1659113876649e-15	1.31351231224603	0.486	0.179	9.34823324711841e-11
TCEB1	10	5.21126700876122e-15	1.00981265171045	0.712	0.328	9.43030877905430e-11
LAPTM4A	10	5.30430620256611e-15	0.914309052931197	0.865	0.51	9.59867250416363e-11
PDCD10	10	5.44306842378151e-15	1.107139891939	0.595	0.244	9.84977661967502e-11
ERBB2IP	10	5.55999508322203e-15	1.31176464995976	0.523	0.209	1.00613671025986e-10
CLSTN1	10	5.95080726618487e-15	1.35841474325859	0.423	0.142	1.07685808288881e-10
RNPS1	10	6.00831966539131e-15	1.0992433476441	0.595	0.242	1.08726552664921e-10
PSMC2	10	6.09948700352466e-15	1.54827817954086	0.396	0.131	1.10376316815782e-10
FEZ2	10	6.38206751024889e-15	1.26477603061653	0.477	0.172	1.15489893665464e-10
GNB1	10	6.40736870884242e-15	1.09223627786642	0.64	0.275	1.15947744155213e-10
UBA1	10	7.17784505426423e-15	1.4677882616805	0.432	0.152	1.29890284101965e-10
SLC3A2	10	7.27191669286889e-15	1.03414757227128	0.766	0.404	1.31592604474156e-10
CAMSAP2	10	7.51467340093747e-15	1.97505273849608	0.252	0.061	1.35985529863364e-10
PRDX6	10	7.57271747546353e-15	0.973707568197332	0.766	0.404	1.37035895435988e-10
SLAIN2	10	7.65263868482176e-15	1.88738928610158	0.288	0.077	1.38482149640535e-10
MRPL20	10	7.73319259746871e-15	0.952680746353303	0.739	0.353	1.39939853243794e-10
IER5L	10	8.46047202726199e-15	0.771793534199005	0.739	0.334	1.53100701805333e-10
PDCD6	10	8.55572554773216e-15	0.955919422427748	0.73	0.331	1.54824409511761e-10
ANXA7	10	9.04010677786583e-15	1.11247472925841	0.604	0.255	1.6358977225226e-10
KIAA0430	10	9.34513561567043e-15	1.67654281642589	0.315	0.089	1.69109574101172e-10
C8orf33	10	9.40550535820063e-15	1.62103452197618	0.342	0.103	1.70202024961999e-10
MRPL1	10	1.01437352834373e-14	1.51745994589685	0.351	0.106	1.83561033689081e-10
MCUR1	10	1.06303376010526e-14	1.41039528206541	0.423	0.146	1.92366589228649e-10
IRF2BPL	10	1.0714912713852e-14	1.7832072476943	0.324	0.095	1.93897060469866e-10
PREPL	10	1.15059026697209e-14	1.54434176498169	0.351	0.107	2.08210814711269e-10
RANBP1	10	1.1870436124309e-14	0.971220876905055	0.757	0.367	2.14807412105496e-10
ATL3	10	1.31345274340896e-14	1.48669171337938	0.405	0.138	2.37682408447285e-10
PSMD1	10	1.4731044560769e-14	1.48183603616613	0.396	0.131	2.66572982371675e-10
TIMMDC1	10	1.47531818138762e-14	1.3944323076296	0.45	0.163	2.66973578103904e-10
C1orf43	10	1.48460929237606e-14	1.11911957201737	0.586	0.244	2.68654897548372e-10
IDS	10	1.61818089348296e-14	1.21093100507443	0.604	0.259	2.92826014484676e-10
NDUFC2	10	1.67642211309936e-14	0.697149016872944	0.955	0.612	3.03365345586461e-10
RAI14	10	1.74195149432682e-14	1.4700267338765	0.279	0.072	3.15223542413381e-10
PITHD1	10	1.82193740261278e-14	1.18033316643622	0.495	0.183	3.2969779237681e-10
TMEM87A	10	1.99408072071904e-14	1.37989447066904	0.45	0.164	3.60848847221317e-10
TRIOBP	10	1.99728498839718e-14	1.72020444700418	0.297	0.082	3.61428691500354e-10
FAM178A	10	2.06011402072992e-14	1.71043016521072	0.288	0.078	3.72798233191286e-10
RBMS1	10	2.12193967603257e-14	1.22724849363379	0.532	0.21	3.83986203774855e-10
HSPB1	10	2.28363073443488e-14	0.335175087718304	0.928	0.463	4.13245817703337e-10
PITPNA	10	2.4667844301059e-14	1.57855119065467	0.369	0.119	4.46389310471964e-10
CCT7	10	2.70372798237909e-14	1.2008691142443	0.523	0.206	4.89266615691319e-10
KRR1	10	2.74886188813196e-14	1.46654616514153	0.378	0.123	4.9743404727636e-10
ATP5J	10	2.80665298890663e-14	0.737305611853589	0.946	0.634	5.07891924872544e-10
TRAPPC4	10	2.8755279594356e-14	1.40487405435125	0.405	0.137	5.20355539539467e-10
MRPL42	10	3.61649759135584e-14	1.17109028161536	0.532	0.211	6.54441404131752e-10
CUEDC2	10	3.90870246115e-14	1.28040047905043	0.495	0.195	7.07318797369703e-10
KIFC3	10	3.97332429752639e-14	1.89405301638259	0.279	0.076	7.19012764880376e-10
DUSP4	10	4.14997738622474e-14	1.37963398587265	0.252	0.062	7.50979907811228e-10
C9orf3	10	4.16645185650878e-14	1.81367959991857	0.27	0.071	7.53961127953829e-10
PTEN	10	4.31785742365309e-14	1.38902163127284	0.468	0.179	7.81359479384264e-10
CSNK1E	10	4.60409287507606e-14	1.1085702748025	0.532	0.211	8.33156646673764e-10
CTSL	10	4.84461436486388e-14	0.663371053772603	0.694	0.292	8.76681415465768e-10
ITGAE	10	5.12545803711177e-14	1.4144381895466	0.432	0.157	9.27502886395746e-10
GADD45GIP1	10	5.27322078531717e-14	0.857189048325885	0.793	0.398	9.54242033310994e-10
GAPVD1	10	5.46506066019918e-14	1.60557140458837	0.333	0.102	9.88957377069644e-10
TMEM245	10	6.00706935282069e-14	1.71179998589936	0.315	0.093	1.08703927008643e-09
ARL6IP5	10	6.00760685005415e-14	0.926346419589479	0.721	0.349	1.0871365355858e-09
PJA2	10	6.65689989729862e-14	1.04618293458628	0.595	0.253	1.20463260541516e-09
DLGAP1-AS1	10	6.7072267872415e-14	1.75837222823948	0.261	0.068	1.21373975941922e-09
ZBTB38	10	6.73644753326075e-14	1.11923502918528	0.505	0.192	1.21902754561887e-09
ARF1	10	7.18415410642514e-14	0.738461740010347	0.946	0.585	1.30004452709869e-09
HMGCS1	10	7.54062704961858e-14	2.071366440569	0.36	0.122	1.36455187089898e-09
HAGH	10	7.91289116445343e-14	1.18746107125991	0.505	0.198	1.43191678511949e-09
C4orf27	10	8.11589980244061e-14	1.56397272573177	0.387	0.135	1.46865322824965e-09
ADRM1	10	8.29149558292594e-14	0.986817731956073	0.667	0.309	1.50042904068628e-09
NEK6	10	8.81786756067347e-14	1.86430567298854	0.27	0.073	1.59568131377947e-09
FKBP1A	10	8.91195269857262e-14	0.435283944273998	0.883	0.498	1.6127069603337e-09
UBE2V2	10	9.24479559065945e-14	1.33421950078746	0.505	0.21	1.67293821008573e-09
FLYWCH2	10	1.06979014316117e-13	1.39232437688325	0.432	0.16	1.93589224306446e-09
RHOBTB3	10	1.07296896189032e-13	1.70041958802757	0.297	0.085	1.94164463343672e-09
SAR1A	10	1.11632691098637e-13	1.07039628199589	0.622	0.275	2.02010517812093e-09
COX17	10	1.13013581489364e-13	0.963416753891799	0.784	0.448	2.04509377063153e-09
ILKAP	10	1.16536464545227e-13	1.47288073093165	0.36	0.116	2.10884386241042e-09
ACLY	10	1.2127387566758e-13	1.72570043475904	0.288	0.081	2.19457205408053e-09
MARK3	10	1.22548530895676e-13	1.40080668475305	0.378	0.125	2.21763821508816e-09
DYRK4	10	1.29646879075894e-13	1.96016568839606	0.288	0.084	2.34608992375737e-09
TWSG1	10	1.30694942828906e-13	1.83615463267439	0.252	0.065	2.36505568543188e-09
LHFPL2	10	1.37592186963601e-13	1.66651729177019	0.288	0.081	2.48986821529332e-09
MTCH2	10	1.39086047810191e-13	1.38277276192279	0.432	0.16	2.51690112117321e-09
PPIE	10	1.41775350620407e-13	1.47079188639557	0.351	0.112	2.56556674482688e-09
FAHD2A	10	1.44933206987303e-13	1.88875871671308	0.27	0.074	2.62271131364223e-09
SIRT2	10	1.46049829053273e-13	1.4913189776585	0.378	0.128	2.64291770654802e-09
ACTR1A	10	1.52302078095833e-13	1.55479683735525	0.342	0.109	2.7560584052222e-09
SMIM15	10	1.57345440754811e-13	1.42373308160256	0.414	0.15	2.84732309589906e-09
EMC7	10	1.58370857005229e-13	1.00632467786097	0.613	0.271	2.86587902836663e-09
MEAF6	10	1.58524671364827e-13	1.1149708327877	0.559	0.235	2.86866245301791e-09
ALDH9A1	10	1.6373138425718e-13	1.34429861410816	0.432	0.158	2.96288312951793e-09
S100A4	10	1.74854285147624e-13	1.88255552941543	0.793	0.591	3.1641631440314e-09
ADI1	10	1.75049967129304e-13	0.987473715422147	0.676	0.331	3.16770420517188e-09
ERH	10	1.78730300935401e-13	0.728284878085348	0.928	0.556	3.23430352572701e-09
TCEA2	10	1.80719379852042e-13	1.54237757810118	0.387	0.137	3.27029789780255e-09
EIF6	10	1.8239296319041e-13	1.11833375981366	0.55	0.233	3.30058306189366e-09
RNF14	10	1.84005644495571e-13	1.75912343629649	0.279	0.078	3.32976614279186e-09
WDR54	10	1.85595019966948e-13	1.72914608970691	0.27	0.074	3.35852748132188e-09
COX8A	10	1.96625748282588e-13	0.591961710973402	0.964	0.769	3.55813954092171e-09
TIPRL	10	1.97204627022106e-13	1.3862583761839	0.423	0.155	3.56861493059204e-09
UBA2	10	2.04542157646513e-13	1.36452950208686	0.405	0.142	3.70139488477129e-09
LINC00116	10	2.12775725575135e-13	1.11366514192526	0.55	0.229	3.85038953000764e-09
BOD1	10	2.1804900485183e-13	1.63603668531543	0.297	0.087	3.94581479179871e-09
EEA1	10	2.19375841852825e-13	1.58806039342821	0.351	0.115	3.96982523416872e-09
SH3BP5	10	2.19852902966099e-13	1.41867985387628	0.36	0.118	3.97845813207452e-09
ZMYND8	10	2.45200337863967e-13	1.93469500087994	0.252	0.067	4.43714531398635e-09
C12orf10	10	2.48464631666465e-13	1.53006431666233	0.342	0.11	4.49621597463636e-09
SPTSSA	10	2.50289265004156e-13	1.2917851509495	0.477	0.188	4.5292345395152e-09
PHF20L1	10	2.57189875786719e-13	1.21880163033234	0.459	0.174	4.65410799223646e-09
STARD3NL	10	2.59935312603932e-13	1.68936259677961	0.324	0.102	4.70378941688075e-09
IL15	10	2.68122963055558e-13	1.73829778807644	0.288	0.083	4.85195313945338e-09
HSPA5	10	2.76392673863761e-13	0.311007130887023	0.982	0.699	5.00160182623862e-09
PPA1	10	2.97712375938495e-13	0.851893536999464	0.739	0.36	5.38740315498301e-09
TALDO1	10	3.25563484511521e-13	1.10084761214471	0.649	0.327	5.89139681572048e-09
COPS8	10	3.33516597546395e-13	1.40196245893134	0.378	0.129	6.03531634919956e-09
DGCR6L	10	3.92941420924122e-13	1.1678348570504	0.505	0.204	7.11066795304291e-09
CHD9	10	4.01723489105305e-13	0.945457780839973	0.694	0.34	7.2695882588496e-09
AIDA	10	4.03980257207502e-13	1.24819447369672	0.414	0.147	7.31042673442696e-09
AKAP11	10	4.06814551708565e-13	1.45270725767647	0.36	0.12	7.3617161277182e-09
STAMBP	10	4.09667979580737e-13	1.72976354960971	0.306	0.093	7.41335175849302e-09
BLOC1S1	10	4.11988369118745e-13	0.774803686464605	0.892	0.568	7.4553415275728e-09
FOXJ3	10	4.1403643364546e-13	1.73103914212508	0.261	0.071	7.49240330324825e-09
CLIC1	10	4.36736036947704e-13	0.583321321570998	0.982	0.873	7.90317532460565e-09
SMIM7	10	4.81906489111382e-13	0.942003696894114	0.667	0.317	8.72057982695956e-09
ZMPSTE24	10	5.0561430440546e-13	1.5307980592063	0.333	0.106	9.1495964525212e-09
SYAP1	10	5.43505599703489e-13	1.11986495826019	0.45	0.169	9.83527733223434e-09
URI1	10	5.69698126931761e-13	1.21981547088066	0.432	0.159	1.03092573049571e-08
BZW1	10	5.72978457658141e-13	0.926154329176987	0.631	0.28	1.03686181697817e-08
CLTB	10	5.87347836054785e-13	0.909479655015444	0.685	0.323	1.06286464412474e-08
GCC2	10	6.14737976264027e-13	1.17624967930328	0.505	0.209	1.11242984184738e-08
MOB4	10	6.35612096440505e-13	1.22579370399065	0.495	0.205	1.15020364971874e-08
DAD1	10	6.36918476813651e-13	0.622601868720494	0.973	0.681	1.15256767564198e-08
TBC1D7	10	6.45301668654162e-13	1.67166059504615	0.297	0.089	1.16773789959657e-08
ADH5	10	6.64160780195411e-13	1.34158932685017	0.423	0.159	1.20186534784162e-08
VIMP	10	6.82215967238525e-13	0.408796007944924	0.91	0.452	1.23453801431483e-08
SERPINH1	10	7.24861443066761e-13	1.32967484781753	0.333	0.105	1.31170926737361e-08
UBE2M	10	7.58756839176041e-13	0.878298945068043	0.73	0.372	1.37304637617296e-08
DDA1	10	7.81447647282374e-13	1.3654998160171	0.387	0.136	1.41410766252218e-08
TP53I3	10	8.56922149294873e-13	1.59315862136743	0.306	0.094	1.550686321364e-08
TMED10	10	8.58039983650402e-13	0.694238443021357	0.838	0.463	1.55270915441377e-08
SLFN5	10	8.72714966044337e-13	0.967442537667619	0.577	0.247	1.57926500255383e-08
FAM50A	10	9.62767733601352e-13	1.1054253023939	0.595	0.268	1.74222449072501e-08
ACTL6A	10	9.87499644472974e-13	1.79514364848115	0.261	0.073	1.78697935663829e-08
IP6K2	10	1.04930418796575e-12	1.46922278008534	0.333	0.107	1.89882085854283e-08
POLR2C	10	1.06739776921462e-12	1.34973250015878	0.396	0.142	1.93156300317078e-08
TMEM126A	10	1.07191945412694e-12	1.41562043581524	0.423	0.159	1.93974544418811e-08
ABCA1	10	1.07458585096628e-12	1.53490245753903	0.342	0.115	1.94457055590858e-08
NOL7	10	1.10940050193391e-12	1.03840950563042	0.559	0.241	2.00757114829961e-08
PSMC3	10	1.12411140130123e-12	0.984968207361165	0.568	0.245	2.0341919917947e-08
KIAA1430	10	1.13837179570856e-12	1.14027913452983	0.486	0.197	2.05999760151421e-08
NUDT5	10	1.14897947184563e-12	1.35859247707901	0.396	0.144	2.07919325225185e-08
DPY30	10	1.22606242728011e-12	1.04716973013835	0.532	0.222	2.21868256840608e-08
LAPTM4B	10	1.41902274420176e-12	1.47835266616588	0.279	0.08	2.5678635579075e-08
MYOF	10	1.43436318762687e-12	1.5780014878319	0.315	0.1	2.59562362432958e-08
PIEZO1	10	1.46037762489665e-12	1.69496796853822	0.297	0.092	2.64269935001298e-08
ZNF706	10	1.46064737511853e-12	0.684180445450423	0.928	0.592	2.6431874900145e-08
GOLGA7	10	1.47899094018547e-12	1.14013735328645	0.468	0.183	2.67638200535964e-08
HSPA13	10	1.60168873497383e-12	1.17429049374891	0.441	0.169	2.89841593480865e-08
BSDC1	10	1.67465336833092e-12	1.56313613826798	0.279	0.081	3.03045273533164e-08
UBL5	10	1.68063596570614e-12	0.451483831450568	0.973	0.908	3.04127884354183e-08
AHCYL1	10	1.96093648177234e-12	1.37348110293139	0.396	0.145	3.54851065741523e-08
YIF1A	10	1.98281538445068e-12	0.861631538690217	0.622	0.272	3.58810271970194e-08
ACBD6	10	1.98567757522617e-12	1.55347916869783	0.333	0.111	3.59328214012927e-08
COPS7A	10	2.07065305506312e-12	1.58202338256147	0.324	0.106	3.74705376844221e-08
TTC1	10	2.13430111969414e-12	1.39958104960935	0.405	0.153	3.86223130619852e-08
PLXNB2	10	2.23186363262707e-12	1.29166344390325	0.423	0.162	4.03878042960195e-08
RAB22A	10	2.30872756204442e-12	1.36701049159062	0.36	0.123	4.17787339627558e-08
PAIP1	10	2.64890696240959e-12	1.12607233265913	0.505	0.212	4.7934620391764e-08
JKAMP	10	2.69232891029794e-12	1.25437064403592	0.468	0.193	4.87203839607515e-08
SYNCRIP	10	2.8235278990406e-12	1.10716219688471	0.523	0.222	5.10945608610388e-08
EBNA1BP2	10	2.88097719844495e-12	1.55326589424392	0.315	0.101	5.21341633830597e-08
NME1	10	3.00225856833762e-12	0.929498769234136	0.622	0.287	5.43288710526376e-08
MRPL13	10	3.02251044910875e-12	1.35240663445711	0.423	0.165	5.46953490870719e-08
CHMP2A	10	3.26901432047161e-12	0.811108714104498	0.775	0.402	5.91560831432543e-08
TMEM126B	10	3.41785054223789e-12	1.29662116369922	0.405	0.151	6.18494234123369e-08
ERI3	10	3.64939356066018e-12	1.39638259345761	0.369	0.131	6.60394258737067e-08
DCTPP1	10	3.7494685915806e-12	1.55945109146012	0.297	0.092	6.78503836332425e-08
SLC39A3	10	3.80864463368674e-12	1.4900537885562	0.342	0.117	6.89212332911952e-08
PSMD12	10	3.84367278462694e-12	1.55479683735525	0.324	0.107	6.95551027106091e-08
SMC4	10	3.97569283388616e-12	1.61957208389769	0.333	0.113	7.19441375220039e-08
PURA	10	4.04129760762566e-12	1.30791232446416	0.387	0.141	7.31313215075939e-08
IARS	10	4.10088943407201e-12	1.4622072294172	0.333	0.111	7.42096951989672e-08
MALSU1	10	4.10688038919242e-12	1.37747749064169	0.36	0.125	7.43181075228261e-08
PSMD7	10	4.26737954426296e-12	0.97965278308631	0.541	0.231	7.72225002329825e-08
SLC39A1	10	4.2673833419756e-12	1.27172998815751	0.441	0.175	7.72225689563904e-08
BBX	10	4.30614139519921e-12	1.24539584034405	0.414	0.156	7.7923934687525e-08
INF2	10	4.31316786033636e-12	1.88316470023986	0.252	0.071	7.80510856006467e-08
PSMB2	10	4.35487685105708e-12	0.901418846005642	0.667	0.322	7.88058514967289e-08
MAP4K4	10	4.55665230175569e-12	1.40862618921235	0.333	0.111	8.2457180052571e-08
UBE2E3	10	4.66436337418264e-12	1.18583128634424	0.477	0.2	8.44063196192091e-08
SUCLG1	10	5.01872640080426e-12	1.217704106475	0.414	0.156	9.08188729489538e-08
FYN	10	5.22231842284708e-12	1.1983434501539	0.351	0.118	9.45030741798407e-08
VEGFB	10	5.25618232332103e-12	0.966351015602936	0.604	0.286	9.51158753228173e-08
MVP	10	5.64474866587062e-12	1.18291340958429	0.468	0.192	1.02147371857595e-07
CAMLG	10	6.14416316792756e-12	1.16761808970856	0.45	0.18	1.11184776686817e-07
IMP3	10	6.47049465410274e-12	1.22814539519117	0.45	0.183	1.17090071260643e-07
CREB3	10	6.63629266094493e-12	1.32926839759907	0.36	0.126	1.20090351992459e-07
VAPB	10	6.6439013664102e-12	1.73502265604358	0.261	0.076	1.20228039126559e-07
PANK3	10	6.8975892635505e-12	1.67654281642589	0.288	0.09	1.2481877531321e-07
POLR2L	10	7.02957353117248e-12	0.656759666867419	0.937	0.727	1.27207162620097e-07
ABCE1	10	7.36620414833095e-12	1.32926839759907	0.414	0.161	1.33298830268197e-07
PDAP1	10	7.64511227613383e-12	1.04547543159848	0.541	0.238	1.38345951748918e-07
BIN1	10	8.21980322010574e-12	1.15648642448185	0.441	0.174	1.48745559071033e-07
MINOS1	10	8.30897156347033e-12	0.734871675452063	0.856	0.499	1.50359149412559e-07
METTL5	10	8.3449628725987e-12	1.0559358405543	0.486	0.199	1.51010448142546e-07
KIDINS220	10	8.90096382923868e-12	1.50585170207607	0.315	0.104	1.61071841453903e-07
INO80C	10	9.03256207180862e-12	1.84094167992303	0.261	0.078	1.63453243251449e-07
URM1	10	9.08369470305607e-12	1.29662116369922	0.396	0.15	1.64378539346503e-07
PDZD11	10	9.20216505474166e-12	1.59841161301551	0.297	0.095	1.66522378830605e-07
CRK	10	1.02671730445383e-11	1.66139225959232	0.288	0.091	1.85794763413966e-07
WBP4	10	1.03646667632583e-11	1.80129587546274	0.252	0.074	1.87559009747922e-07
NDUFA11	10	1.08610766298262e-11	0.720753104565803	0.874	0.562	1.96542042693334e-07
COX7A2	10	1.08902400668764e-11	0.517447516424755	0.964	0.815	1.97069784250196e-07
PLRG1	10	1.10032611062388e-11	1.5307980592063	0.315	0.105	1.99115012978497e-07
HTRA2	10	1.10323263214789e-11	1.64286333073871	0.261	0.077	1.99640977113482e-07
ARPC5	10	1.11281496629468e-11	0.798185411059012	0.865	0.534	2.01374996300686e-07
RP11-108M9.4	10	1.13303733019643e-11	1.74828187664906	0.252	0.073	2.05034435272347e-07
PSMD11	10	1.16968791064036e-11	1.11967541677126	0.477	0.2	2.11666724309479e-07
THYN1	10	1.18089155858551e-11	1.26744458902082	0.387	0.143	2.13694136441635e-07
STIP1	10	1.18234302041291e-11	1.56884978946237	0.333	0.117	2.1395679297392e-07
PACSIN2	10	1.20279853982185e-11	1.6453812702473	0.279	0.087	2.17658423766161e-07
SNRPE	10	1.21943630662581e-11	0.93553402099134	0.631	0.302	2.20669194047007e-07
CGGBP1	10	1.28030659130136e-11	0.967810248742403	0.523	0.218	2.31684280761894e-07
PHPT1	10	1.46212350138543e-11	0.641668934117067	0.919	0.604	2.64585868810707e-07
YWHAH	10	1.49853782081394e-11	0.86647677203017	0.631	0.298	2.71175404054491e-07
MFSD10	10	1.60442743388093e-11	1.12821736376326	0.414	0.158	2.90337188435094e-07
TXNDC9	10	1.74951861774928e-11	1.2256745074738	0.414	0.162	3.16592889067909e-07
SNAPC5	10	1.7512250603871e-11	1.50173559360383	0.306	0.101	3.16901686927649e-07
LSMD1	10	1.81916114028801e-11	0.668773471727425	0.883	0.516	3.29195399946519e-07
CFI	10	1.85120533825298e-11	1.32166858174091	0.342	0.119	3.34994118010259e-07
PTRH2	10	1.85859990294795e-11	1.66545544551944	0.252	0.074	3.36332238437461e-07
UBE2L3	10	1.96437968702225e-11	0.829596018700895	0.676	0.333	3.55474148163546e-07
GOLGA2	10	1.96970092038772e-11	1.34973250015878	0.342	0.119	3.56437078553363e-07
MTDH	10	2.05857008819051e-11	0.856811136441619	0.658	0.319	3.72518843158954e-07
EHD4	10	2.09279774938085e-11	1.42703822632623	0.351	0.128	3.78712680727959e-07
MRPL19	10	2.10434689152162e-11	1.46922278008534	0.324	0.111	3.80802613489751e-07
EPB41L2	10	2.14960297318565e-11	1.43614725197626	0.333	0.117	3.88992154027675e-07
STOML2	10	2.18116896060668e-11	1.08498162173597	0.523	0.235	3.94704335111384e-07
VCP	10	2.21660161842562e-11	1.09993392148168	0.514	0.231	4.011162288703e-07
RAB14	10	2.31065903027274e-11	1.16769781643848	0.45	0.187	4.18136858118155e-07
RDH14	10	2.3688038734221e-11	1.35734568426866	0.333	0.115	4.28658748934463e-07
RPS19BP1	10	2.6341418195743e-11	0.719915763653368	0.748	0.381	4.76674303670165e-07
POLR2K	10	2.75827678982265e-11	0.681613375472352	0.757	0.376	4.99137767886306e-07
NDUFS3	10	2.80937914982747e-11	0.967399165952646	0.505	0.213	5.08385250952779e-07
PSMC5	10	3.03220841405466e-11	0.901218278687837	0.613	0.296	5.48708434607332e-07
DEGS1	10	3.20175126543276e-11	0.996730884116892	0.568	0.269	5.79388908992713e-07
ARL8A	10	3.28569355219943e-11	1.28054893501278	0.432	0.18	5.94579105206009e-07
LINC00667	10	3.61085921350604e-11	1.5612366053525	0.279	0.088	6.53421083276053e-07
MRPL22	10	3.6300402787825e-11	1.18940104695459	0.441	0.183	6.56892088848482e-07
ATP6V1D	10	3.65055283559154e-11	1.39748563160715	0.351	0.129	6.60604041128645e-07
DECR1	10	3.8511524714604e-11	1.05127997520027	0.477	0.201	6.96904551235473e-07
HOXB2	10	3.93470212740876e-11	1.39995185564652	0.306	0.103	7.1202369697589e-07
IFITM3	10	3.96042343246277e-11	0.490611142988635	0.964	0.684	7.16678224338464e-07
KCMF1	10	5.02128450737933e-11	1.31635636295374	0.378	0.145	9.08651644455364e-07
GNA12	10	5.07731114220773e-11	1.55618337762621	0.261	0.08	9.18790224293912e-07
ZNF32	10	5.4875291757887e-11	1.55156674955584	0.297	0.099	9.93023279650724e-07
EMC9	10	5.70276136255407e-11	1.40113165266543	0.324	0.113	1.03197169616778e-06
TARSL2	10	6.04301348644169e-11	1.12827719807639	0.36	0.129	1.09354372050649e-06
TMEM205	10	6.11597741884332e-11	0.928785610584658	0.523	0.233	1.10674727371389e-06
NAA20	10	6.14866096805744e-11	1.15129162083299	0.468	0.203	1.11266168877967e-06
FAM172A	10	6.64343140756244e-11	1.47610978592834	0.261	0.08	1.2021953475125e-06
SSBP1	10	6.73641850047309e-11	0.749569477230021	0.748	0.395	1.21902229184561e-06
STRA13	10	7.07206621632738e-11	1.00508432877134	0.495	0.213	1.2797611025066e-06
ATN1	10	7.12055214444830e-11	1.42373308160256	0.324	0.115	1.28853511605937e-06
IGSF8	10	7.31510768117896e-11	1.59243390389557	0.261	0.081	1.32374188598614e-06
MED10	10	7.52943897306514e-11	0.886331979318542	0.541	0.241	1.36252727656587e-06
PTGES3	10	7.53405856045751e-11	0.678148794408456	0.892	0.621	1.36336323710039e-06
ZMYND11	10	7.7389350815075e-11	1.45323707591264	0.315	0.11	1.4004376923496e-06
NTPCR	10	7.78301138590887e-11	1.38996234494732	0.333	0.119	1.40841374039407e-06
RAP1A	10	7.84859608351432e-11	0.868793063980857	0.64	0.324	1.42028194727275e-06
CYHR1	10	8.23096318729713e-11	0.910310842252982	0.514	0.223	1.48947509837329e-06
YWHAZ	10	8.52752965547987e-11	0.717464284659272	0.775	0.415	1.54314176645564e-06
SMIM12	10	8.71876242675328e-11	1.40862618921235	0.333	0.121	1.57774724874527e-06
PRKAR1A	10	9.20718328062858e-11	0.778575798962659	0.64	0.309	1.66613188646255e-06
PCNA	10	9.22394836012811e-11	1.67861335568791	0.315	0.112	1.66916569524878e-06
TOMM40	10	9.23900156229498e-11	1.34173970940525	0.315	0.109	1.6718897227129e-06
TMEM203	10	9.27238468347658e-11	1.48403359187038	0.297	0.1	1.67793073232192e-06
SDF4	10	9.31922796243194e-11	1.02178779524878	0.505	0.226	1.68640749208168e-06
RBX1	10	9.64392259942641e-11	0.619387182258107	0.883	0.574	1.7451642335922e-06
MAFF	10	9.82604734782453e-11	0.786653117336078	0.459	0.187	1.77812152806233e-06
TAF9	10	1.02455306079245e-10	0.688667020351837	0.64	0.304	1.85403121881002e-06
ACN9	10	1.08120044312978e-10	1.49285744225738	0.297	0.101	1.95654032188764e-06
NDUFAF4	10	1.20646282920651e-10	1.62726647568769	0.261	0.082	2.1832151357321e-06
TRIAP1	10	1.27379104013881e-10	1.53309976451317	0.27	0.087	2.30505226623519e-06
TRPT1	10	1.27487992294248e-10	1.33867731164979	0.324	0.115	2.30702270855671e-06
CDIPT	10	1.30173336045118e-10	1.35588472714038	0.369	0.145	2.35561668907246e-06
NCBP2	10	1.35360836378628e-10	1.19772940671373	0.378	0.146	2.44948969510765e-06
EIF2S2	10	1.40041025104902e-10	0.807930762226601	0.658	0.329	2.53418239029831e-06
PCM1	10	1.5006397388795e-10	0.903251953229059	0.477	0.201	2.71555767147634e-06
LZIC	10	1.51563508425501e-10	1.47451412486881	0.288	0.097	2.74269324846787e-06
ZNF148	10	1.54052562348523e-10	1.45866687171195	0.333	0.123	2.78773516825887e-06
MPC1	10	1.56165878020397e-10	0.986094153386585	0.541	0.256	2.8259777286571e-06
TMBIM4.1	10	1.5937566610048e-10	0.605358224677992	0.928	0.642	2.88406205375429e-06
ZNF24	10	1.70547113947226e-10	1.31578516823545	0.342	0.126	3.086220573989e-06
PNKD	10	1.73296086844736e-10	0.989087297698568	0.55	0.265	3.13596598754234e-06
CDYL	10	1.81866843626454e-10	1.24539584034405	0.36	0.136	3.29106240226431e-06
ZMYM5	10	1.83094823867332e-10	1.38341562641507	0.315	0.111	3.31328393270325e-06
UBE2Z	10	1.84463016771464e-10	1.2695621514748	0.351	0.131	3.33804275149642e-06
CCDC47	10	1.84730050782784e-10	1.14441359218128	0.414	0.17	3.34287499896526e-06
STAG2	10	1.87544376538265e-10	1.10266484273006	0.423	0.173	3.39380303783644e-06
SEPT11	10	1.92701964222754e-10	1.18762700317577	0.315	0.109	3.48713474457495e-06
WASF2	10	1.94888564088432e-10	1.0097807234361	0.505	0.231	3.52670345574427e-06
ST13	10	1.96980359252868e-10	0.717059658365527	0.757	0.403	3.5645565810399e-06
STRAP	10	2.03276822156544e-10	0.899071091149219	0.577	0.274	3.67849737374481e-06
PAPSS1	10	2.0720612966128e-10	1.18399529567991	0.387	0.153	3.74960212235051e-06
CCT3	10	2.28488391248721e-10	1.02396233897703	0.477	0.21	4.13472592803685e-06
MRPS36	10	2.48877450939753e-10	0.957415077380024	0.523	0.238	4.50368635220578e-06
VKORC1	10	2.50061506324507e-10	0.849830350472663	0.586	0.285	4.52511301844828e-06
MRPS26	10	2.53042140865375e-10	1.11868820856943	0.45	0.192	4.57905058109983e-06
SMC3	10	2.58060062663064e-10	1.06044819516717	0.459	0.198	4.6698548939508e-06
C7orf73	10	2.66215192760661e-10	0.810637008194957	0.676	0.345	4.81743012819692e-06
PPIL4	10	2.7449243198041e-10	1.17523476892665	0.36	0.136	4.96721504911749e-06
RNF146	10	3.03034065180117e-10	1.49260458185171	0.288	0.099	5.4837044434994e-06
SNX3	10	3.03055145104343e-10	0.583783840425908	0.91	0.609	5.48408590580818e-06
CST3	10	3.04663854026074e-10	0.253768471252786	1	0.808	5.51319710245584e-06
UBL3	10	3.09830503453338e-10	1.14577732707901	0.414	0.171	5.6066927904916e-06
ZKSCAN1	10	3.28420058976621e-10	1.53238580644402	0.279	0.094	5.94308938724094e-06
DCTD	10	3.29655360676519e-10	1.22477422972796	0.36	0.139	5.96544340680228e-06
UNC50	10	3.47782553628905e-10	1.10654290572186	0.468	0.21	6.29347309046866e-06
PGM3	10	3.52978740147304e-10	1.21897055428791	0.324	0.117	6.3875032817056e-06
ATXN7L3B	10	3.56273563739557e-10	1.60231254835541	0.261	0.085	6.44712640943102e-06
ARMC1	10	3.57709323786452e-10	1.48630555303423	0.27	0.089	6.47310792323963e-06
PSMC6	10	3.64964012119934e-10	1.02780440527142	0.45	0.193	6.60438876332232e-06
PSMA5	10	3.67743464421063e-10	0.755529327071211	0.64	0.314	6.65468573216356e-06
KRT10	10	3.79978026312414e-10	0.575087335351094	0.865	0.521	6.87608236414944e-06
TSG101	10	3.8230774509222e-10	1.17340972751832	0.405	0.169	6.91824095518881e-06
OLA1	10	3.8281306952808e-10	1.20035487612056	0.414	0.177	6.92738530618013e-06
SLC25A3	10	3.89741571961484e-10	0.556441485693969	0.973	0.69	7.05276348621502e-06
KIF1B	10	4.17793700261717e-10	1.56732393523141	0.252	0.08	7.56039479993604e-06
WDR1	10	4.33497703577625e-10	0.926320104322469	0.532	0.249	7.84457444394071e-06
EIF4G2	10	4.40143067919237e-10	0.662943377945038	0.847	0.539	7.96482895706651e-06
CHMP5	10	4.61646697587982e-10	0.76253499505432	0.82	0.547	8.35395863955212e-06
SUCLA2	10	4.86656542144668e-10	1.44459168650023	0.279	0.094	8.8065367866499e-06
NCBP2-AS2	10	5.07347548576935e-10	1.38720720557745	0.315	0.115	9.18096123904821e-06
EXOC5	10	5.13951180567749e-10	1.45093122293234	0.27	0.089	9.30046056355399e-06
NDUFA12	10	5.26337034236108e-10	0.620232356239144	0.73	0.361	9.52459497153661e-06
LASP1	10	5.68311297051154e-10	1.09151511062277	0.405	0.167	1.02841612314377e-05
TTC3	10	5.69758817587032e-10	0.77991348569817	0.595	0.288	1.03103555630549e-05
CTNNB1	10	5.99090442820335e-10	0.908027050417861	0.477	0.21	1.08411406532768e-05
MYL12A	10	6.0061322329894e-10	0.411768383395736	0.973	0.824	1.08686968888176e-05
DHRS7	10	6.03849595771777e-10	0.891881917340968	0.577	0.283	1.09272622850861e-05
TNRC6B	10	6.18890372327382e-10	0.789017545684306	0.55	0.256	1.11994401776363e-05
TM2D1	10	6.30965357750433e-10	1.34973250015878	0.315	0.115	1.14179491138518e-05
SLC35D2	10	6.50699406658194e-10	1.58677169745963	0.261	0.086	1.17750564628867e-05
SLC25A36	10	7.07041087347232e-10	1.2662475146557	0.36	0.143	1.27946155166355e-05
BDH2	10	7.13086669365689e-10	1.41684669601732	0.279	0.095	1.29040163688415e-05
SMIM11	10	7.17348889965655e-10	1.47610978592834	0.261	0.086	1.29811455128185e-05
TIMM10	10	7.2034555461044e-10	1.15060985814518	0.405	0.169	1.30353731562305e-05
CDK6	10	7.34999900975951e-10	1.32406761676544	0.306	0.111	1.33005582080608e-05
TRIO	10	8.56008723876733e-10	1.53210924264735	0.252	0.082	1.54903338672734e-05
ASNSD1	10	8.64005572595180e-10	1.2566230957673	0.333	0.125	1.56350448416824e-05
CLTA	10	9.29652136943949e-10	0.673216061548188	0.847	0.507	1.68229850701377e-05
SQSTM1	10	9.60709745735809e-10	0.543740861964391	0.874	0.606	1.73850035588352e-05
TSPAN31	10	9.68354840401445e-10	1.22099918603658	0.369	0.15	1.75233491919045e-05
TMEM242	10	9.72391844485553e-10	1.46094997875733	0.27	0.092	1.75964028178106e-05
RBM3	10	9.77721710543549e-10	0.620769928662115	0.892	0.592	1.76928520739961e-05
PDS5B	10	9.9307398916991e-10	1.25212170353236	0.333	0.127	1.79706669080187e-05
ZNHIT1	10	1.04391011599782e-09	0.664332181481833	0.802	0.469	1.88905974590965e-05
SKI	10	1.04890633601199e-09	1.27934317226739	0.306	0.11	1.8981009056473e-05
ATP5H	10	1.05163166215178e-09	0.603849811256525	0.766	0.393	1.90303265582986e-05
XRCC6	10	1.07222715023752e-09	1.05396689249212	0.495	0.238	1.94030225106981e-05
TBC1D23	10	1.07711192136758e-09	1.39864210063973	0.279	0.096	1.94914173290678e-05
NELFE	10	1.08067076046622e-09	1.09392966355607	0.414	0.176	1.95558180813968e-05
APC	10	1.08181261251491e-09	1.41153778463226	0.27	0.092	1.95764810360698e-05
GPAA1	10	1.18099398854398e-09	0.948877808022265	0.514	0.245	2.13712672166918e-05
MRTO4	10	1.18112898151745e-09	1.59795090886314	0.252	0.083	2.13737100495398e-05
CHD4	10	1.18484146598266e-09	1.29795885043473	0.369	0.154	2.14408911684223e-05
ARHGDIA	10	1.1850684761754e-09	0.58288262604668	0.829	0.464	2.14449991448701e-05
CTSF	10	1.20715521143698e-09	1.49740966820104	0.288	0.103	2.18446807061637e-05
SLC25A13	10	1.25560054565896e-09	1.57890345412629	0.252	0.083	2.27213474742445e-05
LSM4	10	1.29814078687197e-09	0.872357945283276	0.568	0.281	2.34911556792352e-05
FAM168B	10	1.34082341629143e-09	1.49108834940433	0.252	0.083	2.42635405412097e-05
IFIT5	10	1.3753741005498e-09	1.27212968203481	0.306	0.112	2.48887697235492e-05
C1GALT1C1	10	1.3829747597045e-09	1.04716973013835	0.405	0.17	2.50263112516126e-05
STUB1	10	1.43529779531529e-09	0.67996522646357	0.703	0.364	2.59731489040254e-05
MYO9B	10	1.45341787325551e-09	1.05755174866547	0.396	0.165	2.63010498344316e-05
TGIF1	10	1.55085218804085e-09	0.860563271302726	0.414	0.173	2.80642211947871e-05
DNAJC8	10	1.59805174053118e-09	0.80766209363085	0.55	0.261	2.89183442966523e-05
ZFYVE21	10	1.62156410145232e-09	1.35386038578146	0.297	0.108	2.93438239798812e-05
GAPDH	10	1.64805170780267e-09	0.327065501625418	1	0.991	2.98231437043972e-05
WDR83OS	10	1.81340304949665e-09	0.745395706797227	0.793	0.493	3.28153415836915e-05
C1QBP	10	1.81403758723623e-09	0.853804813553087	0.604	0.318	3.28268241786267e-05
FDFT1	10	1.8259443402837e-09	1.53588381601568	0.279	0.1	3.30422887817739e-05
FIBP	10	1.884365136728e-09	0.877451049045465	0.514	0.24	3.40994715142299e-05
TXNL4A	10	1.91104382388306e-09	0.775867708320959	0.622	0.316	3.45822490369879e-05
HK1	10	1.93921722834835e-09	1.27934317226739	0.315	0.118	3.50920749641917e-05
CLIP1	10	1.98298069645902e-09	1.34603801660104	0.306	0.114	3.58840186831225e-05
LRRFIP2	10	2.03797617425221e-09	1.36251865511463	0.288	0.103	3.6879216849268e-05
C1orf35	10	2.09027051481576e-09	1.32713107122165	0.297	0.109	3.7825535236106e-05
RNH1	10	2.14578059947785e-09	0.781421239987792	0.712	0.41	3.88300457281512e-05
ATP5G3	10	2.15644382076258e-09	0.546547219850135	0.937	0.641	3.90230073805196e-05
TMEM128	10	2.22261657167051e-09	1.49640214930079	0.252	0.084	4.02204694809496e-05
TNFRSF1A	10	2.28101363362186e-09	0.792883635646542	0.55	0.261	4.12772227140211e-05
SRFBP1	10	2.38589797790089e-09	1.23006226949617	0.315	0.118	4.31752098080945e-05
OFD1	10	2.40211137465092e-09	1.41723931951706	0.279	0.099	4.34686074356831e-05
ADAM17	10	2.45231507282671e-09	1.27098938493751	0.333	0.13	4.43770935578721e-05
CDC73	10	2.55382794365411e-09	1.19111598925565	0.324	0.123	4.62140704683648e-05
NUDCD2	10	2.56883358089219e-09	1.03358675786543	0.468	0.216	4.64856124798251e-05
UPF3A	10	2.61930086865318e-09	1.26381347397378	0.342	0.137	4.73988685191479e-05
G6PC3	10	2.65168706268637e-09	1.5287026412041	0.252	0.085	4.79849290863725e-05
ATF7	10	3.32593886739618e-09	1.37110615095135	0.288	0.105	6.01861897444013e-05
DPH3	10	3.32631365521837e-09	1.40487405435125	0.279	0.1	6.01929719048316e-05
RAB5A	10	3.36109116286303e-09	1.02549793788825	0.414	0.18	6.08223056831695e-05
PPIA	10	3.36155317528247e-09	0.387592676947196	0.991	0.934	6.08306662599115e-05
C11orf31	10	3.47007908757517e-09	0.569692977704309	0.883	0.567	6.27945511687604e-05
VTI1B	10	3.88032440715294e-09	0.944134696766246	0.495	0.24	7.02183504718396e-05
GOLIM4	10	3.92986657191605e-09	1.37167505303946	0.351	0.147	7.11148654853929e-05
NMT1	10	3.96863458871612e-09	0.934695000879941	0.432	0.188	7.18164115174069e-05
TXNDC17	10	3.97823586627993e-09	0.705737262141372	0.604	0.312	7.19901562362015e-05
NDUFS6	10	4.05340962937568e-09	0.552453416070683	0.91	0.564	7.33505006531823e-05
PEX2	10	4.11766599229154e-09	1.06376128304783	0.414	0.181	7.45132837965077e-05
C11orf58	10	4.22908934844412e-09	0.707246298316653	0.73	0.422	7.65296008494448e-05
LRPAP1	10	4.38728924422777e-09	0.657665725991865	0.73	0.396	7.93923861635457e-05
AKT1	10	4.58189098379343e-09	1.06931601609675	0.423	0.191	8.29138992427259e-05
MED15	10	4.58302710272668e-09	1.27128340247343	0.288	0.105	8.29344584509419e-05
CNIH1	10	4.64045968155879e-09	1.12266359161286	0.369	0.154	8.39737583974878e-05
CLPTM1	10	4.68472816754017e-09	1.08925833464355	0.378	0.16	8.47748409198069e-05
IFIT1	10	4.79682187002271e-09	1.01837499235149	0.505	0.256	8.68032885599309e-05
ARF5	10	4.9201993695112e-09	0.763167894841127	0.712	0.416	8.90359277906746e-05
UFD1L	10	4.97138680407918e-09	1.01494225433437	0.477	0.23	8.99622156066168e-05
SPTAN1	10	5.01306150576965e-09	0.613127624844536	0.577	0.277	9.07163610084076e-05
CWC15	10	5.01768948879316e-09	1.05637355746819	0.414	0.183	9.08001089892011e-05
TRIP11	10	5.11773473825432e-09	1.12842521993471	0.324	0.125	9.26105278234502e-05
CDC42BPB	10	5.30028856771656e-09	1.40552027834453	0.252	0.086	9.59140219213988e-05
SNF8	10	5.34529309519546e-09	0.797191477130006	0.568	0.285	9.6728423850657e-05
HDAC2	10	5.36607991634314e-09	1.42373308160256	0.279	0.102	9.71045821661454e-05
CAPRIN1	10	5.47992445665386e-09	1.29057042769064	0.333	0.134	9.91647129676083e-05
SLK	10	5.58710019733522e-09	1.20515692773335	0.306	0.116	0.000101104165170978
ADD3	10	5.65297287075127e-09	1.03769075358854	0.342	0.134	0.000102296197069115
ID1	10	5.79914726725281e-09	0.589140187683732	0.414	0.175	0.000104941368948207
ATRAID	10	6.04967248104252e-09	0.542712737828763	0.82	0.457	0.000109474873216945
TMEM18	10	6.54208444683468e-09	1.34173970940525	0.297	0.113	0.00011838556014992
ATP5F1	10	6.54775268001299e-09	1.19240753549611	0.36	0.15	0.000118488132497515
NT5C3B	10	6.59750070441524e-09	1.35877763976179	0.27	0.097	0.000119388372747098
TM9SF3	10	6.63959058371426e-09	0.768728013006312	0.568	0.286	0.000120150031202893
DHX9	10	6.70002502345429e-09	1.22756063016484	0.333	0.134	0.000121243652824429
ATOX1	10	6.74206772569643e-09	0.58778081942548	0.874	0.538	0.000122004457564203
VDAC3	10	7.00182494826991e-09	0.852717698713331	0.495	0.234	0.000126705024263892
UBE2J2	10	7.23231795481682e-09	1.08943306204623	0.369	0.155	0.000130876025710365
PSMB4	10	7.6014264023675e-09	0.865891923880494	0.514	0.249	0.000137555412177242
ATAD1	10	7.66071552185071e-09	1.118534181447	0.351	0.143	0.00013862830808341
XRCC5	10	8.1011751768578e-09	0.680972628561836	0.568	0.276	0.000146598866000419
C1orf86	10	8.23999151410692e-09	0.780241408200068	0.577	0.292	0.000149110886439279
MRPL4	10	8.4072443999935e-09	1.06385811796688	0.387	0.168	0.000152137494662282
PGP	10	8.77497242231353e-09	1.0230034190076	0.405	0.179	0.000158791900954186
A1BG	10	8.95927793977754e-09	0.669225666129093	0.559	0.267	0.000162127093598214
HINT2	10	9.50338896021704e-09	0.769908722736601	0.55	0.273	0.000171973326624087
ECHS1	10	9.53758277203278e-09	0.861321814549721	0.532	0.267	0.000172592097842705
XIAP	10	9.7725281001976e-09	1.19053390530953	0.333	0.135	0.000176843668501176
SPG20	10	9.87095912725701e-09	1.34127092141059	0.279	0.103	0.000178624876366843
H1F0	10	9.90351033061929e-09	1.34673001199726	0.315	0.127	0.000179213922942887
FKBP3	10	9.937839597441e-09	1.15640706613639	0.396	0.175	0.000179835145355292
LIMS1	10	1.01273586832242e-08	0.629301306830226	0.604	0.3	0.000183264682731626
C11orf73	10	1.09446420684019e-08	0.984677157384482	0.45	0.212	0.000198054242869801
PAFAH1B1	10	1.13375826306571e-08	0.870661168028366	0.505	0.241	0.000205164895284371
NFU1	10	1.1415809085942e-08	1.36732656017352	0.279	0.104	0.000206580481219206
HADHB	10	1.14778213459273e-08	1.12025065403602	0.423	0.198	0.0002077026550759
IFNAR1	10	1.15804313735511e-08	0.727264848101101	0.595	0.307	0.000209559486135781
C12orf5	10	1.20979065019563e-08	1.42618456059666	0.261	0.094	0.000218923716059401
KPNA1	10	1.26270830389161e-08	1.2695621514748	0.297	0.114	0.000228499694672225
CMAS	10	1.29289434624964e-08	1.37398004640546	0.261	0.094	0.000233962160897335
MIR4435-1HG	10	1.32506563679546e-08	0.374339686203133	0.486	0.217	0.000239783877634506
SLC25A37	10	1.35521193253287e-08	1.10941817082507	0.27	0.097	0.000245239151311148
CBX1	10	1.3556913547054e-08	1.35454951645656	0.252	0.088	0.000245325907547489
PLK2	10	1.37653720756376e-08	1.18372254871986	0.297	0.114	0.000249098173080738
SAP30BP	10	1.43155932622933e-08	1.155410844409	0.351	0.148	0.000259054975674459
LAMP1	10	1.47229159308746e-08	0.599582917001979	0.748	0.406	0.000266425886685107
OXR1	10	1.47801881454235e-08	1.20217531174493	0.315	0.125	0.000267462284679583
DCAF13	10	1.5152333413674e-08	1.22384805967568	0.297	0.114	0.000274196625453844
VPS29	10	1.53196962716672e-08	0.583496565426773	0.793	0.471	0.00027722522373209
GLG1	10	1.55420192826605e-08	1.1376820230438	0.36	0.154	0.000281248380939024
KXD1	10	1.55573938264903e-08	1.11707174336851	0.342	0.141	0.000281526598684169
RAB6A	10	1.56126506212203e-08	1.22792766276684	0.324	0.132	0.000282526525641603
SMIM19	10	1.66650101117655e-08	0.908910975109708	0.468	0.223	0.000301570022982508
NEAT1	10	1.75118886309279e-08	0.632166137134341	0.991	0.979	0.000316895136665272
RDH11	10	1.78929896892914e-08	1.37792939198944	0.261	0.095	0.000323791541417417
PRKRA	10	1.8266643830387e-08	1.08669809432499	0.342	0.141	0.000330553186754683
TOLLIP	10	2.03852576025489e-08	1.24930240931891	0.333	0.14	0.000368891621575725
COX6C	10	2.07218186520571e-08	0.428675703630705	0.964	0.803	0.000374982030327626
MRPL43	10	2.10332013691265e-08	0.862696420126886	0.505	0.251	0.000380616811975713
MRPL52	10	2.15833467290657e-08	0.605758658147063	0.721	0.411	0.000390572242409173
PDLIM2	10	2.18078591742646e-08	0.675067196489396	0.423	0.184	0.000394635019617492
YIPF4	10	2.19172259161004e-08	0.89503880052815	0.468	0.224	0.000396614120177754
HSPA9	10	2.26539842996036e-08	0.985160067862928	0.459	0.227	0.000409946499885626
HUWE1	10	2.2825564135213e-08	1.13422646440758	0.306	0.12	0.000413051408590814
GLT8D1	10	2.30747775363302e-08	1.08995107212008	0.324	0.13	0.000417561174297431
VPS28	10	2.33102549739271e-08	0.570959034785739	0.856	0.504	0.000421822374008185
TXNL1	10	2.41940355120201e-08	0.757196779732828	0.577	0.303	0.000437815266625516
MIB1	10	2.44624446491486e-08	1.29662116369922	0.261	0.095	0.000442672398370994
NDUFV2	10	2.50732936407686e-08	0.628612273398054	0.784	0.476	0.000453726321723348
ISOC2	10	2.61299079355659e-08	1.12266359161286	0.351	0.15	0.000472846814002
MARCKS	10	2.79403128107603e-08	0.394478882988867	0.946	0.671	0.000505607900623519
NDUFB7	10	2.84730497353117e-08	0.505468312480164	0.883	0.598	0.000515248308010201
NDUFB2	10	2.88453448357827e-08	0.471316197725981	0.937	0.713	0.000521985360148324
NOP10	10	3.26794873832024e-08	0.592063768548563	0.775	0.448	0.00059136800368643
RSF1	10	3.41042582870722e-08	1.02914707176283	0.36	0.155	0.000617150657962858
MAPK3	10	3.54608621963627e-08	1.20217531174493	0.315	0.129	0.000641699762305379
ZC3H13	10	3.57412360501125e-08	1.17416093557533	0.288	0.111	0.000646773407562836
GS1-251I9.4	10	3.63193576336955e-08	0.649634288716148	0.541	0.263	0.000657235095739354
VMP1	10	3.7727901109562e-08	0.628187149006041	0.748	0.47	0.000682724098478635
UBE2H	10	3.83575405440583e-08	0.884654318380345	0.423	0.195	0.000694118053685279
QTRT1	10	3.91155078109529e-08	0.850630736091466	0.387	0.168	0.000707834229347004
PDHB	10	4.07196961288362e-08	1.08111706206169	0.351	0.151	0.000736863621147419
PSMG2	10	4.10207625363812e-08	0.728587663130982	0.613	0.333	0.000742311718858355
MRPL15	10	4.38298705345187e-08	1.32521018102472	0.288	0.115	0.000793145337192651
PALLD	10	4.42838426122542e-08	1.27934317226739	0.252	0.093	0.000801360415911353
RPF2	10	4.52546283495052e-08	1.31410859042806	0.27	0.103	0.000818927754612646
GLOD4	10	4.62344576989718e-08	1.14007919065301	0.324	0.135	0.000836658746520594
SERINC3	10	4.63857044121306e-08	0.808491376866946	0.505	0.252	0.000839395707041915
LPP	10	4.79212574006227e-08	0.673189683732892	0.405	0.182	0.000867183073921669
ACER3	10	4.79462424255073e-08	1.49285744225738	0.261	0.1	0.000867635202931981
ATP2A2	10	4.86587440772179e-08	1.01674921676243	0.396	0.183	0.000880528632821336
BUB3	10	4.94367896840971e-08	0.83547299078083	0.396	0.175	0.000894608146123421
TMED3	10	4.9605198917279e-08	1.01282819769863	0.378	0.17	0.000897655679607081
NTAN1	10	4.98203937084337e-08	1.07887858986569	0.36	0.159	0.000901549844547816
TLE3	10	5.05736120462387e-08	0.991336238202131	0.378	0.169	0.000915180083588735
POMP	10	5.09079370768122e-08	0.400532507166017	0.937	0.717	0.000921230029341993
U2AF1	10	5.17526345467487e-08	0.596482618155469	0.73	0.417	0.000936515674757964
PSMD3	10	5.40045540692967e-08	1.24959582887333	0.279	0.108	0.000977266410437992
TOR1AIP2	10	5.64308918008858e-08	1.14656955030239	0.324	0.136	0.00102117341802883
HNRNPH3	10	5.91902421896849e-08	0.875801311826372	0.468	0.231	0.00107110662266454
LCMT1	10	6.03404760250684e-08	1.27477044247756	0.261	0.098	0.00109192125414964
FXR1	10	6.25603275705815e-08	1.06962458096605	0.378	0.172	0.00113209168771724
PTP4A1	10	6.39184347773351e-08	0.817763087051513	0.468	0.227	0.00115666799573066
EIF5B	10	6.46493385858553e-08	0.75857816572336	0.486	0.239	0.00116989443104964
MRPL40	10	6.62485696304941e-08	0.69438067154623	0.541	0.272	0.00119883411603342
PSMD9	10	6.68118382163341e-08	1.03370500671111	0.387	0.179	0.00120902702436278
CRBN	10	7.15761458429323e-08	1.04634035670885	0.369	0.166	0.0012952419351737
CMPK1	10	7.33861582043413e-08	0.704940811567607	0.577	0.3	0.00132799591886576
PPP1R11	10	7.54244154438839e-08	1.38066435971068	0.261	0.1	0.00136488022187252
ATRX	10	7.8049752387728e-08	0.538548259221561	0.658	0.343	0.00141238831920833
YIPF6	10	7.81473163792081e-08	1.17447405441343	0.351	0.158	0.00141415383719815
NDUFB3	10	7.94393319062524e-08	0.540923492601749	0.685	0.362	0.00143753415017554
MLEC	10	8.11758909847178e-08	0.697286402721641	0.541	0.276	0.00146895892325945
PRMT1	10	8.50983803851571e-08	0.784135324304559	0.505	0.255	0.0015399402914498
PSMB6	10	8.95188678679188e-08	0.557840695488985	0.811	0.5	0.00161993343293786
ACTR6	10	9.37175731046834e-08	1.08336238176173	0.306	0.124	0.00169591320290235
MRPL36	10	9.38907186004633e-08	0.932574949005571	0.405	0.19	0.00169904644379398
HNRNPR	10	9.79253308080217e-08	0.864305672988543	0.468	0.235	0.00177205678630196
AGGF1	10	9.95707251752961e-08	1.18547624880316	0.288	0.115	0.00180183184277216
NPTN	10	1.05501128449432e-07	0.966185287007756	0.369	0.165	0.00190914842042092
MBNL2	10	1.11817601982084e-07	0.741922930724014	0.486	0.24	0.0020234513254678
CISD1	10	1.21221875811632e-07	0.962250723400502	0.324	0.136	0.0021936310646873
RAD23A	10	1.24211592006999e-07	0.688148717834716	0.577	0.311	0.00224773296895865
TCEB2	10	1.35376460336553e-07	0.307552316406618	0.982	0.889	0.00244977242625026
HAT1	10	1.39167616930384e-07	1.11307350974929	0.36	0.165	0.00251837719597223
KTN1	10	1.44986866019591e-07	0.666313973580669	0.64	0.361	0.00262368232749052
TMEM106B	10	1.48504862544853e-07	1.05427661663261	0.351	0.158	0.00268734399261166
MAP3K13	10	1.4990611623989e-07	0.813679599918575	0.441	0.215	0.00271270107947705
USMG5	10	1.55082911718625e-07	0.434574288566665	0.946	0.738	0.00280638037046023
AP2A1	10	1.58799043160015e-07	1.2897899597025	0.27	0.107	0.00287362748502364
MECP2	10	1.59118990724418e-07	1.05400947561882	0.324	0.139	0.00287941725614906
SREK1	10	1.60904981192099e-07	0.937642284930277	0.387	0.18	0.00291173653965223
CEBPZ-AS1	10	1.64849945816447e-07	0.943161093699783	0.387	0.181	0.00298312461949443
YWHAB	10	1.68023747645299e-07	0.479148908536594	0.901	0.598	0.00304055773738933
DHX30	10	1.72065878749427e-07	1.18991881468376	0.279	0.112	0.00311370414184963
SSB	10	1.77085437781614e-07	0.560152279829156	0.604	0.317	0.00320453808209608
PKN2	10	1.7970538347205e-07	0.842075725605077	0.396	0.183	0.00325194861931022
ISCU	10	1.83985387349707e-07	0.500432934336198	0.775	0.453	0.0033293995694803
THAP5	10	1.85886367831265e-07	1.2904665507391	0.252	0.097	0.00336379971227457
ANAPC11	10	1.90063627042923e-07	0.73547569264359	0.613	0.356	0.00343939139496874
DCTN3	10	1.94119457952868e-07	0.684112336092403	0.604	0.324	0.00351278571111509
PVRL2	10	2.08075182406127e-07	0.842545154249732	0.369	0.167	0.00376532850082128
DUSP12	10	2.08786994939362e-07	1.17464579360069	0.27	0.107	0.00377820946042269
LAMTOR1	10	2.17110623205069e-07	0.526436034232159	0.757	0.44	0.00392883383751894
OCIAD1	10	2.36835502031826e-07	0.548900701682514	0.757	0.445	0.00428577524476793
PRDX2	10	2.41197710093416e-07	0.487493671028056	0.748	0.44	0.00436471376185045
PRRC2C	10	2.54848423542646e-07	0.708443384087858	0.523	0.278	0.00461173707242772
DDRGK1	10	2.54899434962565e-07	0.889806045282409	0.423	0.206	0.00461266017508257
TSPO	10	2.55966287058537e-07	0.44178537206739	0.856	0.573	0.00463196593061128
MAPRE1	10	2.56449574173529e-07	0.846234100066525	0.423	0.207	0.00464071149424417
TMEM87B	10	2.59256206507891e-07	1.21222897640885	0.261	0.103	0.00469150031296679
CHMP2B	10	2.60270866591359e-07	1.03694505912789	0.324	0.141	0.00470986160183723
RPL7	10	2.72344012815387e-07	0.437089086217651	0.955	0.819	0.00492833725590725
TMEM9B	10	2.8466214096054e-07	0.783451420503703	0.468	0.236	0.00515124610282193
MESDC2	10	2.94839667830114e-07	0.705504050017941	0.486	0.246	0.00533541862905374
THRAP3	10	3.03591690073673e-07	0.749088377205359	0.486	0.249	0.00549379522357319
GLRX3	10	3.18840802305343e-07	0.948697860278915	0.369	0.171	0.00576974315851749
SH3GL1	10	3.19815422308249e-07	1.10091195354469	0.288	0.119	0.00578737988209008
SRSF11	10	3.67213858913499e-07	0.569422401115409	0.604	0.327	0.00664510199089868
CARHSP1	10	3.67988204845922e-07	0.915725764313351	0.387	0.183	0.0066591145548918
AASDHPPT	10	3.78366484342005e-07	1.04922338890633	0.315	0.138	0.00684691990065291
MPV17	10	3.90795065522704e-07	1.02632547634551	0.333	0.15	0.00707182750569885
NDUFA13	10	3.90825333850711e-07	0.480217031349281	0.811	0.494	0.00707237524136247
ELK3	10	3.96667399569278e-07	0.69438067154623	0.414	0.197	0.00717809326260565
GUK1	10	3.97208711976441e-07	0.455764403343063	0.964	0.816	0.00718788885192568
HP1BP3	10	4.11160108595441e-07	0.675370914384521	0.541	0.286	0.0074403533251431
PRRC2A	10	4.32364226935015e-07	1.10502991709725	0.288	0.121	0.00782406305061603
C16orf87	10	4.56896174111273e-07	1.27712875120194	0.261	0.106	0.0082679931667176
RARS	10	4.57270719090137e-07	1.1559607567621	0.27	0.11	0.00827477093265513
MAGEF1	10	4.57429709419084e-07	1.3358380585004	0.252	0.101	0.00827764802164774
HECTD1	10	4.69660997297567e-07	0.81160824989888	0.387	0.182	0.00849898540709678
MFSD12	10	4.83841118919813e-07	0.957888946670173	0.414	0.212	0.00875558888797293
NDUFB9	10	4.98776160623365e-07	0.652386582881603	0.586	0.319	0.00902585340264042
GAMT	10	5.22367326079373e-07	1.31712783472686	0.261	0.107	0.00945275913273234
DNAJC3	10	5.35864199135123e-07	0.570314454604304	0.55	0.286	0.00969699854754918
CAPN2	10	5.55461667804412e-07	0.593158621367429	0.459	0.224	0.0100516343405886
FBXO9	10	5.90328570373083e-07	1.20134066026611	0.288	0.124	0.0106825858094713
ODC1	10	6.14139268989733e-07	0.405256478486259	0.55	0.291	0.0111134642116382
WDR61	10	6.25369186092087e-07	1.0942317670104	0.279	0.116	0.0113166807915224
BRIX1	10	6.26962380302214e-07	1.21222897640885	0.252	0.101	0.0113455112339489
CCDC23	10	6.64546665224104e-07	1.11323988177748	0.279	0.117	0.0120256364538954
PA2G4	10	6.70823572340916e-07	0.713008571747887	0.532	0.285	0.0121392233650812
MFF	10	6.76226421303646e-07	0.983839281319255	0.396	0.198	0.0122369933199108
SUMO1	10	6.96764838894313e-07	0.540476376366489	0.784	0.514	0.0126086565246315
RWDD1	10	7.07399601430368e-07	0.864305672988542	0.432	0.222	0.0128011031874839
TSPYL1	10	7.20812449261632e-07	0.933815576871674	0.342	0.157	0.0130438220818385
ENY2	10	7.2318004497773e-07	0.479343837615137	0.766	0.435	0.013086666093917
KPNA3	10	7.85281824772129e-07	1.07964333679104	0.288	0.123	0.0142104599010764
ALDOA	10	8.39000067833697e-07	0.360990538203525	0.937	0.72	0.0151825452275186
MAN2A1	10	8.49147362461799e-07	1.3862583761839	0.279	0.122	0.0153661706711087
COA5	10	8.64774600318754e-07	0.977576371944878	0.306	0.134	0.0156489611673682
SNRPF	10	8.72333316996513e-07	0.554359259238188	0.604	0.332	0.0157857437043689
HMGB1	10	8.83272023630949e-07	0.373139737920198	0.982	0.848	0.0159836905396257
ZBTB7A	10	9.14903778597172e-07	1.21222897640885	0.252	0.102	0.0165560987774944
ANAPC10	10	9.27124466025743e-07	1.13862588636885	0.279	0.119	0.0167772443372018
TPR	10	9.49987111854204e-07	0.784578480517809	0.369	0.174	0.0171909667761137
SNRNP27	10	9.51332561051589e-07	0.913963559295854	0.324	0.145	0.0172153140247896
R3HDM2	10	9.75902050206268e-07	0.96837812713623	0.324	0.145	0.0176599235005326
SUMO2	10	9.79840851362842e-07	0.337565684271916	0.982	0.871	0.017731200046262
PPT1	10	1.00274192718969e-06	0.503874504360169	0.568	0.301	0.0181456179144245
COQ10B	10	1.01451141448804e-06	0.914346355488138	0.369	0.176	0.0183585985565756
MRPL47	10	1.01921185047139e-06	0.995550206266795	0.36	0.173	0.0184436576461302
NEDD8	10	1.01955853643393e-06	0.484596295377191	0.847	0.612	0.0184499312753085
C14orf2	10	1.02000973647627e-06	0.454263083630091	0.883	0.649	0.0184580961912746
MDH2	10	1.04947592678782e-06	0.62167245921447	0.577	0.318	0.0189913163711524
C21orf2	10	1.05772535880224e-06	1.0805458673434	0.306	0.137	0.0191405980928853
PPIG	10	1.13412055305408e-06	0.608975326830204	0.577	0.322	0.0205230455280667
ASPH	10	1.13973513708284e-06	0.94701032331318	0.369	0.179	0.0206246470406512
FBXW11	10	1.14403604958196e-06	1.0522097179397	0.27	0.113	0.0207024763532351
NUDC	10	1.16314180677054e-06	0.788641403056471	0.477	0.258	0.0210482141353198
ZSWIM7	10	1.18650187355449e-06	0.92989401461612	0.369	0.18	0.0214709379038421
TSSC4	10	1.3256539099729e-06	1.03769075358854	0.333	0.156	0.0239890331548696
C14orf119	10	1.3762888409745e-06	0.983887288741215	0.351	0.169	0.0249053228662745
TMSB10	10	1.41571251819e-06	0.355649406626351	1	0.995	0.0256187337291662
HMGN1	10	1.45083687966944e-06	0.385518722211845	0.892	0.664	0.0262543441744981
TIMM8B	10	1.4635186118251e-06	0.575024812001027	0.622	0.355	0.0264838327995869
POLR2H	10	1.59766355080787e-06	0.897355639055438	0.351	0.166	0.0289113196154192
CORO1C	10	1.63359669352125e-06	1.24342359801244	0.261	0.112	0.0295615657659605
TNPO1	10	1.63949274283379e-06	1.01692781602082	0.306	0.138	0.0296682606743203
NAA10	10	1.65797093610286e-06	0.668707277656799	0.486	0.257	0.0300026420597174
ROMO1	10	1.66097334160095e-06	0.433702386115821	0.739	0.427	0.0300569735896107
CISD3	10	1.66644316646994e-06	0.894448546211224	0.324	0.148	0.03015595554044
TATDN1	10	1.73650836976031e-06	0.924810411948097	0.333	0.155	0.0314238554591826
ATP5G1	10	1.78666605361745e-06	0.363971866942041	0.793	0.448	0.0323315089062614
STX8	10	1.87370843971498e-06	0.881228976025011	0.387	0.195	0.0339066279250823
GNAS	10	1.87528858903449e-06	0.423477443249649	0.955	0.815	0.0339352223071681
DDX58	10	1.88034067319827e-06	1.04180155635067	0.378	0.188	0.0340266448221959
SMAD2	10	1.91744883780861e-06	1.05275076240165	0.288	0.127	0.0346981541689846
TM2D2	10	2.06388325271862e-06	0.946464777819483	0.333	0.157	0.0373480313411961
MPHOSPH8	10	2.082943188728e-06	0.949727815837415	0.324	0.15	0.0376929399432218
ZFHX3	10	2.09520738427714e-06	1.05868371815539	0.279	0.122	0.0379148728258792
PSAP	10	2.09862815601753e-06	0.325408044610354	0.937	0.674	0.0379767751112933
BCL7B	10	2.15989491203631e-06	0.922126327376885	0.342	0.163	0.039085458328209
SEC11A	10	2.16098710234244e-06	0.50299834645547	0.766	0.501	0.0391052226039888
GBP4	10	2.17420350974194e-06	1.03607202125502	0.306	0.14	0.0393443867122901
SNW1	10	2.1766817891859e-06	0.941267654803427	0.351	0.17	0.0393892336571081
TOMM20	10	2.18567386724419e-06	0.495882867358397	0.784	0.489	0.0395519543016509
SNX1	10	2.22911044000878e-06	1.14073793403788	0.279	0.123	0.040337982522399
AKR7A2	10	2.2965283701125e-06	0.824081195379045	0.396	0.2	0.0415579773855559
PSMA2.1	10	2.3583301145878e-06	0.56874228210058	0.568	0.315	0.0426763417535808
YIPF5	10	2.44137651779459e-06	0.746469182694684	0.396	0.198	0.0441791494660108
RPL7L1	10	2.4488713355684e-06	0.974587728003454	0.288	0.127	0.0443147756884457
KPNA4	10	2.54518501255665e-06	0.938799399212677	0.351	0.172	0.0460576679872252
GGNBP2	10	2.66698969368837e-06	1.00962187130635	0.315	0.147	0.0482618454969847
ELAVL1	10	2.75796503662836e-06	0.943042343593461	0.333	0.159	0.0499081353028268
CD1C	11	1.35466199619321e-294	7.12862858507124	0.704	0.012	2.45139634831123e-290
FCER1A	11	3.24913414527074e-233	6.29344850319338	0.653	0.017	5.87963314928193e-229
CD1E	11	6.26957455511165e-166	7.90860706819754	0.316	0.002	1.134542211493e-161
SPIB	11	1.52548511062857e-142	6.02025242402645	0.357	0.007	2.76051785619347e-138
IL1R2	11	2.27394501811134e-131	5.64038956005495	0.398	0.012	4.11493090477429e-127
C15orf48	11	5.22297460432865e-130	4.1822155573981	0.765	0.067	9.45149484399312e-126
LGALS2	11	1.4971850889911e-126	3.9917323840164	0.827	0.084	2.7093061370383e-122
MCOLN2	11	8.13698179811332e-117	4.5010464504123	0.469	0.023	1.47246822618659e-112
ITGAX	11	1.66492615096211e-112	3.50082441192923	0.684	0.058	3.01285036278103e-108
HLA-DQB2	11	1.91386536054437e-109	5.30778391256709	0.378	0.014	3.46333075644109e-105
CSF2RA	11	2.26735809235894e-106	3.52279680353794	0.796	0.094	4.10301120393274e-102
AGPAT9	11	4.74605892590002e-103	4.37611198737052	0.459	0.026	8.58846823230867e-99
P2RY14	11	5.31524632710138e-97	4.57418802912698	0.388	0.018	9.61846975352265e-93
HLA-DQA1	11	1.3202101999688e-93	3.87872199988163	1	0.264	2.38905237786355e-89
CCSER1	11	2.73317861165953e-91	5.41985988273569	0.265	0.007	4.94596001565908e-87
GRASP	11	7.8257771636629e-86	3.95995862830916	0.796	0.129	1.41615263553644e-81
PKIB	11	6.39343210290872e-85	4.41647128448754	0.459	0.034	1.15695547334236e-80
CLEC10A	11	2.10984823071677e-77	3.63434379800994	0.724	0.115	3.81798135830507e-73
HLA-DQB1	11	4.24225005443379e-76	3.97089720805574	1	0.399	7.67677569850338e-72
AMICA1	11	1.40265296003377e-72	2.86241324144283	0.816	0.145	2.53824079647712e-68
HLA-DQA2	11	6.50159159411143e-67	2.86239156120689	1	0.402	1.1765280148704e-62
PLAC8	11	9.02121863211538e-67	3.22780591752281	0.643	0.093	1.6324797236676e-62
HLA-DRB5	11	9.68275780158361e-67	2.7481485249857	1	0.417	1.75219185177457e-62
C1orf162	11	2.20528939859154e-66	2.50865913340796	0.969	0.241	3.99069169569125e-62
HLA-DPB1	11	7.29962098414876e-66	3.22347328543823	1	0.546	1.32093941329156e-61
PHACTR1	11	8.51764257272541e-66	2.96489619904408	0.684	0.108	1.54135259996039e-61
PLD4	11	2.42843102468422e-65	3.11879757571155	0.51	0.057	4.39448878226857e-61
CXCL16	11	4.21543581640276e-65	2.84699794557874	0.857	0.195	7.62825265336244e-61
AC144652.1	11	4.38802166132343e-64	3.66158378232407	0.408	0.036	7.94056399833088e-60
NR4A3	11	1.60550179718129e-63	2.89631881456593	0.704	0.12	2.90531605217927e-59
PRMT10	11	2.713007558363e-63	2.95896324329034	0.755	0.147	4.90945847761368e-59
HLA-DPA1	11	8.35821514850868e-63	3.19500163144308	1	0.68	1.51250261327413e-58
HLA-DRA	11	8.73599549859963e-60	2.77899622263498	1	0.64	1.58086574542659e-55
CST7	11	1.86747709692657e-58	2.59010261706246	0.724	0.132	3.37938655459831e-54
CLEC7A	11	3.7237738614268e-57	2.37309950723462	0.806	0.172	6.73854117963793e-53
HLA-DRB1	11	5.68674848472131e-57	2.65976110006445	1	0.732	1.02907400579517e-52
PTGER4	11	2.0961886149394e-56	2.55632529526647	0.724	0.137	3.79326291759433e-52
BCL2A1	11	8.33220665936739e-56	2.05963356356375	0.796	0.173	1.50779611707912e-51
CD83	11	1.10163759590337e-55	2.29816878634661	0.939	0.26	1.99352339354675e-51
ETV3	11	3.00237126228856e-54	3.16814937655246	0.531	0.077	5.43309103623737e-50
APOBR	11	6.13756179477984e-54	3.97163777692314	0.286	0.02	1.11065318238336e-49
MS4A4E	11	1.15056586571108e-53	3.8341342531732	0.286	0.02	2.08206399059077e-49
CACNA2D3	11	4.93852660047824e-52	3.61919413554046	0.378	0.039	8.93675773622543e-48
TNNI2	11	5.39568329584967e-52	3.1030934929641	0.398	0.043	9.76402849216957e-48
ADAM8	11	2.7122102042373e-51	3.33797393624719	0.418	0.049	4.90801558558782e-47
CD86	11	7.35578808018371e-51	2.41541159367764	0.765	0.175	1.33110341099004e-46
NDRG2	11	4.23778090034872e-50	3.22451997671523	0.367	0.038	7.66868831727104e-46
CST3	11	1.7425165692151e-49	2.52308247511857	1	0.809	3.15325798365165e-45
CPVL	11	2.75240634500758e-49	2.47449026411577	0.898	0.27	4.98075452192571e-45
MICAL1	11	7.10132551168146e-49	2.99783865871053	0.439	0.056	1.28505586459388e-44
REL	11	5.56705649495729e-48	2.53795243315569	0.745	0.181	1.00741454332747e-43
COTL1	11	8.52136827617889e-48	2.11225549817553	0.98	0.477	1.54202680325733e-43
AREG	11	1.77378764767175e-47	3.56424979207086	0.367	0.041	3.20984612722681e-43
CD74	11	2.65832089506817e-47	1.99671189842935	1	0.874	4.81049749171537e-43
PAK1	11	5.51446377634296e-47	2.6253202383373	0.571	0.1	9.97897364967022e-43
PLAUR	11	6.66952391195371e-47	2.24510901481162	0.888	0.283	1.20691704710714e-42
HLA-DMA	11	2.41142013243709e-46	1.86174291392377	1	0.533	4.36370587165816e-42
LDLRAD4	11	2.43735133591741e-46	2.88864154782937	0.561	0.102	4.41063097747615e-42
KLF4	11	3.70211046683352e-46	2.15338564749517	0.867	0.249	6.69933910078193e-42
LSP1	11	1.50869596202471e-45	2.13091143710387	0.908	0.311	2.73013621287991e-41
IFI30	11	2.18384991101755e-45	2.20360965189147	0.847	0.254	3.95189479897736e-41
GZF1	11	8.31868102961225e-45	2.92307602334946	0.5	0.081	1.50534851911863e-40
CFP	11	1.59477093096387e-44	2.89928796928449	0.418	0.056	2.88589747667221e-40
CD72	11	1.06714355013146e-43	2.98351187721143	0.459	0.07	1.93110296831789e-39
CHMP1B	11	9.84217220099045e-43	2.65766234734408	0.786	0.237	1.78103948149123e-38
CD1D	11	4.36807280512596e-42	2.54708695051519	0.622	0.136	7.90446454815594e-38
NUBPL	11	7.81598876310047e-42	3.10055129840165	0.378	0.049	1.41438132657066e-37
METRNL	11	9.51225053151213e-42	2.03319147973395	0.908	0.347	1.72133685618243e-37
UPK3A	11	1.01069264809455e-41	3.92117482161477	0.255	0.021	1.8289494159919e-37
HAVCR2	11	1.07788781411472e-41	2.2533226930655	0.663	0.149	1.950545788422e-37
RPS24	11	1.84455573828612e-41	0.93883806415703	1	0.999	3.33790806400257e-37
PPA1	11	1.90268032446186e-41	2.11717726597857	0.888	0.356	3.44309031514618e-37
INSIG1	11	4.70872152114406e-41	2.69551530311107	0.735	0.214	8.5209024646623e-37
SGK1	11	6.42061686889509e-41	2.54440599659954	0.857	0.322	1.16187482859525e-36
RAB11FIP1	11	1.59255638299793e-40	2.45313926295462	0.541	0.101	2.88189003067305e-36
SCIMP	11	9.95682354682308e-40	2.88397620366052	0.439	0.07	1.8017867890331e-35
MNDA	11	1.01942513483016e-39	1.72144216217981	0.857	0.247	1.84475172398866e-35
CKLF	11	1.74817358645795e-39	2.07320392104518	0.918	0.428	3.1634949220543e-35
CD300LB	11	4.21823415018282e-39	3.17725951160099	0.306	0.034	7.63331651817083e-35
LYZ	11	6.11745542203638e-39	1.78286932449498	0.949	0.493	1.1070147331717e-34
GAPT	11	6.21662843767161e-39	2.88336631354749	0.367	0.049	1.12496108208105e-34
MAP3K8	11	7.70046591452014e-39	2.15242835359283	0.816	0.272	1.39347631189157e-34
SMCO4	11	1.48881228620938e-38	2.53226132107784	0.551	0.113	2.6941547131245e-34
NRARP	11	1.58090716405626e-38	2.76885510465459	0.602	0.14	2.8608096040762e-34
RILPL2	11	1.65383054640516e-38	2.31810638393495	0.684	0.175	2.99277175677477e-34
GK	11	2.41934677707732e-38	2.45913552935131	0.551	0.112	4.37804992779912e-34
HLA-DMB	11	2.83858252106487e-38	1.83778428114074	0.796	0.221	5.13669893011898e-34
RPS23	11	2.91963479798417e-38	0.939795744787851	1	0.998	5.28337113043216e-34
STX11	11	7.02870046774298e-38	2.73245011304371	0.49	0.09	1.27191363664277e-33
BASP1	11	8.23466375229826e-38	2.17603287903757	0.745	0.227	1.49014475261589e-33
SPINT2	11	2.244014278985e-37	2.04748294537599	0.776	0.234	4.06076823925125e-33
CHN2	11	4.95539017151906e-37	2.73696559416621	0.378	0.054	8.96727405438089e-33
ALDH2	11	8.38271906845492e-37	2.13253727085659	0.653	0.161	1.5169368426276e-32
NFKBID	11	1.31386876299951e-36	2.15639764233215	0.643	0.155	2.37757691352391e-32
ZNF385A	11	1.39409929262915e-36	2.32277152960352	0.531	0.107	2.52276207994172e-32
HIC1	11	2.19896337669193e-36	2.92386893078403	0.388	0.059	3.97924412646172e-32
KDM6B	11	3.05520262542634e-36	2.03981931811339	0.755	0.23	5.5286946709715e-32
VMO1	11	5.24478013908564e-36	2.97883539000196	0.459	0.084	9.49095413968938e-32
CTSH	11	1.12634819739693e-35	2.16716386176526	0.796	0.302	2.03823969800948e-31
HLA-DOA	11	1.15948069581015e-35	2.34608195659614	0.49	0.093	2.09819626713804e-31
FGL2	11	1.29262150956149e-35	1.85245976741341	0.765	0.228	2.33912788370247e-31
WDFY4	11	2.4260928372776e-35	3.74250377770764	0.327	0.044	4.39025759833754e-31
SPI1	11	6.18162104082646e-35	1.50200541941253	0.918	0.301	1.11862614354796e-30
RPL26	11	7.24886982890759e-35	0.933723962098221	1	0.994	1.31175548423912e-30
KIAA1598	11	1.37170813658867e-34	2.75596005818706	0.439	0.08	2.48224304397085e-30
ZNF331	11	2.31274068385712e-34	2.3068819462727	0.663	0.186	4.18513554150784e-30
DAPP1	11	2.64189470068184e-34	2.32808987690009	0.592	0.143	4.78077265035387e-30
SNHG15	11	2.80643687574996e-34	2.64484654165222	0.684	0.213	5.07852817035713e-30
FGR	11	3.01042726970325e-34	2.55901404868352	0.337	0.046	5.447669187255e-30
FAM49B	11	7.3790445926527e-34	1.61168733807706	0.908	0.352	1.33531190948643e-29
CIITA	11	7.82859503425493e-34	2.95850787108154	0.388	0.064	1.41666255739877e-29
GPR183	11	8.29234999778585e-34	2.21955508203856	0.643	0.171	1.50058365559933e-29
RP11-147L13.2	11	1.04964209570268e-33	3.31483867010104	0.286	0.035	1.89943233638358e-29
CKS2	11	2.8295637568352e-33	2.55512912027855	0.806	0.317	5.12037857436897e-29
RGS18	11	8.2068396356057e-33	2.16948089029801	0.5	0.103	1.48510970045921e-28
HDAC9	11	8.8695633173509e-33	2.88941350296423	0.398	0.07	1.60503617790782e-28
VASH1	11	9.05437008300979e-33	2.70597790168252	0.347	0.052	1.63847881022145e-28
TMSB10	11	9.07239776768818e-33	1.02918877409141	1	0.995	1.64174110004085e-28
BID	11	9.49988556188366e-33	2.4847219081645	0.643	0.183	1.71909929127847e-28
CMTM6	11	2.45381168947634e-32	1.76030506407188	0.878	0.38	4.44041763327638e-28
RNASE6	11	2.98055896915859e-32	2.00424010603782	0.786	0.27	5.39361951058939e-28
H3F3A	11	3.06796575859994e-32	1.15876430304456	1	0.95	5.55179083676245e-28
IL1B	11	4.38998417877384e-32	1.50673102821969	0.5	0.103	7.94411536990914e-28
LITAF	11	4.76797472928584e-32	1.96135873497288	0.786	0.288	8.62812707011566e-28
C20orf27	11	6.76772433900426e-32	1.98660116113467	0.622	0.166	1.22468739638621e-27
FAM105A	11	8.94556061212816e-32	2.21128950465471	0.52	0.116	1.61878864837071e-27
LST1	11	1.049698897595e-31	1.60613746559675	0.827	0.278	1.89953512508791e-27
SLC25A33	11	1.06333618583165e-31	2.50748374804344	0.378	0.063	1.92421316188096e-27
TLR10	11	3.81058484999346e-31	3.16137313857751	0.255	0.03	6.89563434454817e-27
RGS10	11	4.43375839915344e-31	1.69949693422197	0.857	0.329	8.02332919910806e-27
SLC8A1	11	5.11874325834241e-31	2.24579702567139	0.531	0.123	9.26287780029643e-27
DCK	11	5.39306649672108e-31	2.12824697019244	0.51	0.113	9.75929313246646e-27
FCGR2B	11	8.17124976052352e-31	2.56986439156829	0.694	0.271	1.47866935666434e-26
SLC25A29	11	1.26906307085655e-30	2.88835464417109	0.316	0.046	2.29649653302202e-26
IL10RB-AS1	11	2.0166813924477e-30	2.88070107162766	0.296	0.041	3.64938664777337e-26
RPL39	11	2.02006827622354e-30	0.707584416698594	1	0.999	3.65551555265412e-26
RASSF5	11	2.1927607005198e-30	2.17786126136608	0.582	0.151	3.96801976366063e-26
TSPAN33	11	3.17241078034217e-30	2.07164932364039	0.561	0.139	5.74079454810718e-26
LY86	11	5.57466588933702e-30	1.73308974729976	0.673	0.188	1.00879153933443e-25
OPN3	11	7.52575641227987e-30	2.50288603630501	0.388	0.07	1.36186088036617e-25
IL8	11	9.31811762598701e-30	1.81176010117761	0.663	0.2	1.68620656559861e-25
TNFSF9	11	1.14151462706802e-29	2.97184895968585	0.449	0.096	2.0656848691423e-25
ETV6	11	1.15873850776064e-29	2.00742838366887	0.643	0.191	2.09685320364365e-25
MIR181A1HG	11	1.16612357911766e-29	2.8124663358752	0.337	0.055	2.11021722877131e-25
PTPRE	11	1.66891112656044e-29	1.95627063862473	0.612	0.169	3.02006157462377e-25
RASGEF1B	11	1.87058242296826e-29	1.93232059549921	0.643	0.186	3.38500595260337e-25
IRF8	11	2.64914282313364e-29	3.0459846909191	0.48	0.114	4.79388885274263e-25
MS4A6A	11	2.98045407344475e-29	1.62057384785383	0.857	0.34	5.39342969130562e-25
FBP1	11	3.18637367640801e-29	2.54247916939964	0.388	0.071	5.76606180482793e-25
SAMHD1	11	3.25133298457908e-29	1.65617193266547	0.847	0.33	5.8836121688943e-25
RPS13	11	3.50745544808868e-29	0.810339259239551	1	0.995	6.34709137886128e-25
RCC2	11	3.5799199770595e-29	2.23853011802113	0.5	0.117	6.47822319048686e-25
FTH1	11	4.46527092470106e-29	1.24787426129742	1	0.997	8.08035426533903e-25
CDKN2D	11	1.30723699150023e-28	2.10414158239697	0.439	0.089	2.36557605981882e-24
NAMPT	11	1.45034524376664e-28	1.45241906583932	0.847	0.325	2.62454475312011e-24
AFF3	11	3.59759682737363e-28	2.66004161751566	0.286	0.04	6.51021121881532e-24
CLEC4A	11	5.64072481080617e-28	2.33740908167637	0.398	0.077	1.02074556176349e-23
MIR142	11	9.28126597386554e-28	2.22776741331152	0.48	0.111	1.67953789063071e-23
RPL37	11	1.14770310761025e-27	0.736409997529062	1	0.996	2.07688354353151e-23
PARVG	11	1.46274447776233e-27	1.68205725306382	0.653	0.19	2.64698240695872e-23
MYD88	11	2.98915094684904e-27	2.10394188760242	0.51	0.125	5.40916755341802e-23
SPN	11	3.84437716055161e-27	2.78269286782333	0.265	0.037	6.95678490973419e-23
H2AFY	11	4.15698423266525e-27	1.64627366959674	0.755	0.275	7.52247866743105e-23
AXL	11	6.84911910689324e-27	2.0148011048704	0.612	0.182	1.2394165935834e-22
OLR1	11	7.16330151982673e-27	2.36723383602407	0.347	0.062	1.29627104302785e-22
ICOSLG	11	9.13237874802557e-27	2.67511693797776	0.327	0.056	1.65259525824271e-22
RP4-673M15.1	11	9.17497820009325e-27	2.70365284873628	0.296	0.046	1.66030405508887e-22
HCK	11	1.09438706842729e-26	1.87753379254897	0.541	0.14	1.98040283902602e-22
DUSP2	11	1.33766689987118e-26	1.50430042095578	0.857	0.408	2.42064202200689e-22
SLC25A19	11	2.21300456651318e-26	2.51884361020799	0.378	0.075	4.00465306356225e-22
IER5	11	2.33712791305572e-26	1.55273164138684	0.776	0.28	4.22926667146563e-22
PLEK	11	2.84313452300983e-26	1.46509591739721	0.704	0.219	5.14493623283859e-22
THAP9-AS1	11	5.66705263459538e-26	2.1030934929641	0.52	0.137	1.02550984475638e-21
RPS9	11	5.74645396258999e-26	0.77432765747636	1	0.994	1.03987830907029e-21
CEBPD	11	5.76614423963798e-26	1.88149094027092	0.827	0.376	1.04344146160489e-21
IL13RA1	11	7.02041366357296e-26	2.06407160413492	0.551	0.156	1.27041405656016e-21
GPX1	11	1.109178145063e-25	1.15688697231452	1	0.859	2.007168771306e-21
RPS3A	11	1.27356114532675e-25	0.703512037829565	1	0.998	2.30463624858329e-21
RNASET2	11	2.57258655273201e-25	1.3049025554262	0.939	0.553	4.65535262582385e-21
NR4A2	11	3.95699026035444e-25	1.61981057577356	0.816	0.388	7.1605695751374e-21
CTD-2020K17.1	11	4.66501852760113e-25	1.89219671046549	0.429	0.095	8.44181752754701e-21
PPIF	11	5.18057297530343e-25	2.11977223411073	0.561	0.167	9.37476485610908e-21
AC016831.7	11	8.52513607822683e-25	2.45359074004824	0.316	0.056	1.54270862471593e-20
NDEL1	11	9.5389208505638e-25	2.3108205271188	0.429	0.101	1.72616311711802e-20
PURB	11	1.74211704444125e-24	2.053376684086	0.52	0.143	3.15253500362088e-20
PSTPIP2	11	3.47363947089807e-24	2.53605290024021	0.347	0.069	6.28589798653715e-20
ARPC1B	11	5.60215921896246e-24	1.10468391377656	0.969	0.721	1.01376673226345e-19
NR4A1	11	9.42890927524217e-24	1.26182607953621	0.908	0.463	1.70625542244782e-19
HPS5	11	1.01931704507162e-23	2.44951614977221	0.398	0.091	1.8445561247616e-19
FAM26F	11	1.16103740354786e-23	1.5853512101512	0.643	0.209	2.1010132854602e-19
TET2	11	1.72545856213266e-23	2.21797713084845	0.449	0.114	3.12238981403525e-19
SLC31A2	11	1.80894600492293e-23	2.22148819376633	0.429	0.105	3.27346869050853e-19
MIDN	11	3.54660820069262e-23	1.64269068947634	0.735	0.299	6.41794219997336e-19
SELL	11	4.72830283244089e-23	2.22395767595553	0.367	0.078	8.55633680558504e-19
VASP	11	5.22210225652124e-23	1.59218091261872	0.622	0.196	9.44991624340083e-19
EFHD2	11	6.29491418719499e-23	1.37106864006817	0.806	0.35	1.1391276713148e-18
OSCAR	11	8.36596730989375e-23	2.3024622722989	0.316	0.06	1.51390544439837e-18
GLIPR2	11	1.11229784463157e-22	1.8186401034954	0.612	0.203	2.0128141796453e-18
JOSD1	11	1.22206313912982e-22	1.96587573628272	0.541	0.169	2.21144545656933e-18
PIM3	11	2.11875496092541e-22	1.84450349121003	0.765	0.367	3.83409897729062e-18
TIPARP	11	2.24176511979998e-22	1.92166428558584	0.582	0.192	4.05669816079005e-18
CD48	11	2.67792448807332e-22	1.49446606336716	0.643	0.213	4.84597215361748e-18
RGCC	11	2.96099644534033e-22	1.68179700321358	0.786	0.365	5.35821916748786e-18
PTPN6	11	3.90341325211619e-22	1.84399676569187	0.551	0.17	7.06361662102945e-18
LIMD2	11	4.10574982748478e-22	1.20081045207197	0.776	0.296	7.42976488781645e-18
GCA	11	6.61200212946752e-22	1.53912573428983	0.724	0.28	1.19650790534844e-17
RPL32	11	9.9885541475034e-22	0.585913267014923	1	1	1.80752875853222e-17
NAF1	11	1.014767350005e-21	2.40360260421656	0.347	0.076	1.83632299656905e-17
ZBTB10	11	1.51672925716672e-21	1.78603115324856	0.49	0.137	2.7446732637689e-17
ST3GAL6	11	1.80499976545551e-21	2.05578777818575	0.367	0.082	3.2663275755683e-17
PLEKHO1	11	2.68217547632522e-21	1.54862065365744	0.796	0.356	4.85366474195812e-17
JAK2	11	4.76777193581155e-21	1.84780919007028	0.459	0.125	8.62776009504457e-17
CSRNP1	11	5.03633464815806e-21	1.61376221133795	0.592	0.197	9.11375117930683e-17
TMSB4X	11	5.94296450297123e-21	0.973964269550514	1	0.971	1.07543885645767e-16
RPL11	11	6.18673079483996e-21	0.55968482587599	1	0.999	1.11955080463424e-16
SERPINB1	11	1.34975882526729e-20	1.66938362363481	0.714	0.297	2.44252357020368e-16
SRGN	11	1.36263979327025e-20	1.06981796946605	0.98	0.844	2.46583296990185e-16
LYN	11	1.41364381341714e-20	1.57117469338964	0.582	0.19	2.55812984475965e-16
GLA	11	1.41604232894887e-20	1.67641458724986	0.541	0.169	2.56247019846587e-16
PLSCR1	11	1.58786967206366e-20	1.27241142726475	0.827	0.399	2.87340895856641e-16
RIPK2	11	1.62469557173112e-20	2.25806815294044	0.367	0.087	2.94004910660463e-16
SDS	11	1.87409284064875e-20	2.41052201815635	0.265	0.048	3.39135840443798e-16
ATP2B1	11	1.98030690430464e-20	1.65795051036908	0.684	0.284	3.58356337402967e-16
LOH12CR1	11	2.06610156468697e-20	1.90068544608181	0.439	0.118	3.73881739145755e-16
OGFRL1	11	5.08231636705072e-20	1.56869010803256	0.561	0.178	9.19695969781498e-16
RPS18	11	5.20617398100942e-20	0.55652538704103	1	1	9.42109243603464e-16
ATF5	11	5.48153234465514e-20	1.95590741581683	0.49	0.15	9.91938093088795e-16
PTPLAD2	11	6.03322652631391e-20	1.81265700461808	0.429	0.114	1.09177267220177e-15
RP11-138A9.2	11	6.60691981187237e-20	1.53605290024021	0.541	0.169	1.19558820915642e-15
NSUN6	11	6.82408434295039e-20	1.93691146434929	0.408	0.107	1.2348863027003e-15
LCP1	11	7.02480054700464e-20	1.36882704839885	0.816	0.371	1.27120790698596e-15
RELT	11	8.14913898566524e-20	1.91938153979172	0.429	0.117	1.47466819084598e-15
FMNL1	11	1.05224233478721e-19	1.50864674289956	0.571	0.188	1.90413772903093e-15
UBA52	11	1.11953241954937e-19	0.640137051102808	1	0.966	2.02590586641655e-15
TCOF1	11	1.14836732829715e-19	1.59315330747073	0.49	0.144	2.07808551728652e-15
GNA13	11	1.16708461952589e-19	1.89274641328825	0.48	0.143	2.11195632749405e-15
NLRP3	11	1.66420638192776e-19	1.73066216506312	0.337	0.075	3.01154786873647e-15
RPS14	11	1.73048307747361e-19	0.544471275933534	1	0.996	3.13148217699624e-15
IL18	11	1.98460983774173e-19	1.92330724300552	0.408	0.107	3.59134996237744e-15
PPP1R14A	11	2.0066197541454e-19	1.17459644116621	0.316	0.067	3.63117910710152e-15
TGIF1	11	2.06662764554818e-19	1.69386161536647	0.531	0.17	3.73976938738399e-15
LPXN	11	2.14183552159122e-19	1.62466728741378	0.449	0.123	3.87586555987147e-15
RGS1	11	2.17773126041895e-19	1.06524146051023	0.918	0.532	3.94082248885414e-15
MTMR14	11	2.60466330025525e-19	1.91569649298386	0.429	0.118	4.7133987081419e-15
RPS16	11	2.97363744127743e-19	0.750430266495389	0.98	0.94	5.38109431373563e-15
TRAF4	11	2.98835935082365e-19	2.4291376963237	0.255	0.047	5.40773508125048e-15
CXorf21	11	3.24955934479353e-19	1.96489619904408	0.418	0.116	5.88040259033838e-15
SNX10	11	3.87578398599527e-19	1.99801144690655	0.398	0.106	7.01361870105704e-15
IFITM2	11	4.81059354397089e-19	1.15928086124977	0.939	0.624	8.70525007716972e-15
DDX21	11	5.44850927327977e-19	1.48935966479217	0.592	0.206	9.85962238092708e-15
ARL4C	11	5.60476906297119e-19	1.42352772798111	0.673	0.263	1.01423900963527e-14
RBKS	11	5.78589229757618e-19	2.02726208000446	0.327	0.074	1.04701507016939e-14
RPS8	11	7.31755541161509e-19	0.579181511089571	1	0.996	1.32418482728587e-14
HES4	11	7.78914731604051e-19	1.48761254518246	0.418	0.114	1.40952409831069e-14
DBI	11	1.19680887882563e-18	1.43346272733834	0.918	0.604	2.16574534712287e-14
EIF4A3	11	1.47140155626255e-18	1.61674074580577	0.714	0.32	2.6626482562127e-14
RAB4B	11	1.76600444486467e-18	1.85798099512757	0.357	0.087	3.1957616434271e-14
AIF1	11	1.98034110352449e-18	0.610053481683987	0.98	0.406	3.58362526093791e-14
ARPC3	11	2.20369610641553e-18	0.816040439355201	0.959	0.842	3.98780847416954e-14
FCER1G	11	2.37362346791932e-18	0.839976821347036	0.929	0.383	4.2953090275468e-14
SLC12A9	11	2.70758465304766e-18	1.93370832129082	0.388	0.104	4.89964518815504e-14
CSTA	11	2.7586561854488e-18	1.69423456861438	0.469	0.145	4.99206423318814e-14
CCDC6	11	3.14302387734037e-18	2.0447495067333	0.327	0.076	5.68761600843514e-14
ATF3	11	3.37758868565011e-18	1.22587001302595	0.786	0.414	6.11208448555243e-14
GDI2	11	3.59246960278539e-18	1.39638316731319	0.724	0.335	6.50093299320045e-14
NABP1	11	3.93979575780548e-18	1.30103287057601	0.735	0.31	7.1294544033248e-14
ARL5B	11	4.68877237026738e-18	1.69183268443074	0.5	0.167	8.48480248123585e-14
RFTN1	11	5.0880725406394e-18	2.03065765683737	0.347	0.086	9.20737606954106e-14
REV3L	11	6.06681568864058e-18	1.64045761331286	0.449	0.132	1.0978509670164e-13
STK38L	11	7.92471087809314e-18	1.99471733191931	0.388	0.108	1.43405568049973e-13
RPL28	11	1.00380835977505e-17	0.487352457637167	1	0.999	1.81649160784893e-13
CD55	11	1.06085494951699e-17	1.13916274767163	0.653	0.254	1.91972311664594e-13
SULF2	11	1.13987976404135e-17	1.93198157657135	0.337	0.082	2.06272642100922e-13
CAT	11	1.2463285292276e-17	1.70761826006378	0.5	0.169	2.25535610649027e-13
LINC00936	11	1.38421076856995e-17	1.53040633709907	0.439	0.125	2.50486780680419e-13
RPS12	11	1.47290107868914e-17	0.51307338143371	1	0.999	2.66536179199586e-13
CTSZ	11	1.69769346641782e-17	0.796466605914868	0.969	0.579	3.07214609682969e-13
ITGB2-AS1	11	2.41772841292455e-17	2.35245296190082	0.255	0.051	4.37512133602826e-13
MIR22HG	11	3.22440534396787e-17	1.56716343278024	0.531	0.185	5.83488391044426e-13
SLAMF8	11	4.61960387914938e-17	2.00134517029875	0.337	0.085	8.35963517970871e-13
RPL18A	11	5.24562499779795e-17	0.55636240256035	1	0.996	9.49248299601518e-13
RPS21	11	6.22465609666117e-17	0.543790732699664	1	0.987	1.1264137672518e-12
TUBA1A	11	6.52673797614326e-17	1.5037093029247	0.704	0.338	1.18107850416288e-12
CACUL1	11	6.86027994480188e-17	1.70176341310586	0.429	0.128	1.24143625881135e-12
C12orf5	11	7.92770157701961e-17	2.10564017507445	0.347	0.092	1.43459687737747e-12
CREM	11	8.26351829814168e-17	1.66390012487287	0.694	0.329	1.49536627123172e-12
HLA-DOB	11	1.01411166974275e-16	2.0707103191133	0.286	0.064	1.83513647756647e-12
OTUD1	11	1.03703093174814e-16	2.03753041545828	0.418	0.132	1.87661117409144e-12
ZFP36	11	1.19044235041041e-16	0.852181031617606	0.969	0.692	2.15422447730267e-12
CCDC88A	11	1.30732554189379e-16	1.41918914254931	0.531	0.184	2.36573630061101e-12
GLIPR1	11	1.36115644764916e-16	1.12539384147194	0.704	0.291	2.46314870766593e-12
TBXAS1	11	2.40895635652065e-16	1.36561910138797	0.52	0.178	4.35924742275976e-12
FXYD5	11	2.77227123986043e-16	1.0567305745935	0.837	0.515	5.01670203565143e-12
AIM1	11	3.01827308727881e-16	1.7799784831263	0.337	0.087	5.46186697873973e-12
NFKB1	11	3.26223657798501e-16	1.88931420193236	0.418	0.132	5.90334331152167e-12
RPL19	11	3.71399630479345e-16	0.480809910118752	1	0.999	6.72084771315422e-12
SLC16A3	11	4.15246552603912e-16	1.48211409312941	0.51	0.178	7.51430161592039e-12
RP11-386I14.4	11	4.20580602275704e-16	1.54702401806121	0.52	0.19	7.61082657878115e-12
RPS29	11	4.38150159193106e-16	0.527350129577755	1	0.966	7.92876528075845e-12
RPL34	11	5.92432514785553e-16	0.521741876876177	1	0.999	1.07206587875594e-11
KDM2B	11	5.93324344341667e-16	2.00623195371151	0.306	0.076	1.07367973352068e-11
MAFF	11	7.8029879086321e-16	1.5729853410252	0.51	0.186	1.41202869194607e-11
EVI2A	11	7.85834138352374e-16	1.8982108399161	0.378	0.11	1.42204545676246e-11
LILRA5	11	9.16157989560148e-16	1.82235708539685	0.265	0.058	1.65787949790804e-11
CSF3R	11	1.26663982170644e-15	1.54509803984322	0.388	0.113	2.29211142135997e-11
SCNM1	11	1.66621083634717e-15	1.66764978302342	0.378	0.109	3.01517512945384e-11
CYCS	11	1.9169154508448e-15	1.54834617643164	0.847	0.557	3.46885019984875e-11
PACSIN2	11	1.95263180621453e-15	1.83170167032872	0.327	0.086	3.53348251652581e-11
ATG3	11	2.43687881328409e-15	1.54741276240476	0.449	0.149	4.40977590051889e-11
DNTTIP2	11	2.64523035717945e-15	1.58405827315104	0.449	0.148	4.78680885435194e-11
RPL30	11	2.749238275345e-15	0.496076965969782	1	0.999	4.97502158306431e-11
MBP	11	2.85910669290777e-15	1.54995371705647	0.5	0.181	5.17383947148591e-11
CD37	11	3.18836561571786e-15	0.997664731762918	0.816	0.381	5.76966641820305e-11
CCL4L2	11	3.43736298014252e-15	1.15566154376826	0.316	0.08	6.2202520488659e-11
COMMD6	11	3.7882078119478e-15	0.841449271237684	0.929	0.727	6.85514085650074e-11
CAPG	11	3.88002897069169e-15	1.28798076296402	0.561	0.219	7.02130042536367e-11
PPP1CB	11	4.67388068862486e-15	1.08085827448938	0.776	0.386	8.45785449413554e-11
FAM118A	11	4.7102342919052e-15	1.38921151191094	0.531	0.195	8.52363997463165e-11
MIR29A	11	5.04022123367943e-15	1.81257053543763	0.327	0.088	9.1207843444663e-11
YBX1	11	5.05409447246387e-15	0.688522055728043	0.969	0.833	9.14588935737062e-11
NUDT1	11	6.60523529581441e-15	1.48954979746636	0.48	0.169	1.19528337913057e-10
PTMA	11	6.68696045664351e-15	0.534861785554844	1	0.995	1.21007236423421e-10
CNN2	11	6.75574770948205e-15	1.44917544956024	0.469	0.162	1.22252010550787e-10
SLC25A5	11	8.50522088805712e-15	0.995484518877507	0.888	0.559	1.53910477190282e-10
NAAA	11	9.75373595522366e-15	1.97857113594116	0.367	0.112	1.76503605845727e-10
METTL15	11	1.02364237173075e-14	1.89274641328825	0.337	0.095	1.85238323588396e-10
VIM	11	1.06812572660448e-14	0.44758212110009	1	0.761	1.93288031486347e-10
OXSR1	11	1.18698392901468e-14	2.1341907897091	0.276	0.068	2.14796611794496e-10
AHR	11	1.21421175731328e-14	1.31049319982508	0.551	0.215	2.19723759603411e-10
FAU	11	1.25372607731605e-14	0.473564019055871	1	0.995	2.26874270951112e-10
MCL1	11	1.27965210498799e-14	0.870697512303896	0.929	0.691	2.31565844918627e-10
MAT2A	11	1.43427526588695e-14	1.43773263960102	0.571	0.234	2.59546452114902e-10
CTA-29F11.1	11	1.86517227904808e-14	1.55921888481925	0.541	0.23	3.3752157561654e-10
RIN3	11	2.24301582690267e-14	1.96286756729541	0.327	0.093	4.05896144036308e-10
ACAA1	11	2.47346834577183e-14	1.46668930651281	0.52	0.204	4.47598831850871e-10
ILF3-AS1	11	2.69095627481947e-14	1.88051182849222	0.48	0.19	4.8695544749133e-10
EMR2	11	2.93953544610243e-14	1.8341342531732	0.286	0.072	5.31938334326696e-10
UCP2	11	3.32344467780672e-14	1.18603519281178	0.643	0.287	6.01410548895904e-10
RPL27	11	3.37667852220198e-14	0.540203050648758	1	0.971	6.1104374537767e-10
RPL29	11	4.38471266879471e-14	0.468008179440054	1	0.994	7.9345760454509e-10
ACTB	11	4.43701890719658e-14	0.728912173790336	1	0.982	8.02922941446292e-10
MCM5	11	5.64778248632125e-14	1.93832310344518	0.286	0.074	1.02202271872469e-09
PICALM	11	6.51525804657742e-14	1.22303035857474	0.592	0.248	1.17900109610865e-09
UBAC2	11	7.47100807520317e-14	1.49140898518537	0.48	0.18	1.35195362128877e-09
RPS27	11	7.81816184803231e-14	0.371526104137945	1	0.999	1.41477456801993e-09
TNF	11	9.4365004328478e-14	1.19007241946101	0.48	0.171	1.70762911832814e-09
ELOVL5	11	9.98347321555506e-14	1.43926783770533	0.418	0.138	1.80660931308684e-09
RNH1	11	1.13083794543027e-13	1.12422495743726	0.776	0.409	2.04636434605062e-09
ZMIZ1	11	1.18865421574346e-13	1.69277840392766	0.327	0.093	2.15098866880937e-09
MEF2C	11	1.22902833785997e-13	0.975236486850756	0.857	0.539	2.22404968019141e-09
ADRBK2	11	1.84106435162282e-13	1.96042826409839	0.286	0.077	3.33159005069665e-09
ARF6	11	1.99748655668214e-13	1.32675869342226	0.612	0.284	3.614651672972e-09
BTN2A2	11	2.07465828096636e-13	2.18744276270034	0.255	0.064	3.75430162523673e-09
JUNB	11	2.23486584549866e-13	0.762403335145341	0.99	0.934	4.04421323401437e-09
RHOF	11	2.37783227008112e-13	1.85798099512757	0.296	0.082	4.30292527593879e-09
CXCR4	11	2.38292242057364e-13	0.723846162424156	0.755	0.358	4.31213641227007e-09
PSTPIP1	11	2.71307181366659e-13	1.42437011119064	0.378	0.118	4.90957475401107e-09
PTRHD1	11	2.85385567799015e-13	1.49698333556162	0.439	0.158	5.16433723489098e-09
YWHAH	11	2.90639648971993e-13	1.40407060420444	0.612	0.3	5.25941508779719e-09
ROGDI	11	2.99421753779702e-13	1.87140151088989	0.265	0.067	5.41833605639748e-09
STX4	11	3.13386173414985e-13	1.68361008865407	0.449	0.172	5.67103619411757e-09
ITGB2	11	3.29008756400406e-13	0.856729198918113	0.776	0.345	5.95374245582174e-09
HMGN1	11	3.4640688843494e-13	0.810973635234136	0.949	0.663	6.26857905311867e-09
GABARAPL2	11	3.87954185998686e-13	1.165414836865	0.847	0.551	7.02041894983223e-09
TMEM109	11	3.9303525083438e-13	1.50912457283321	0.49	0.197	7.11236589909894e-09
PLCB2	11	4.25813642656851e-13	1.97928729134971	0.276	0.074	7.70552367751837e-09
SDSL	11	4.3443047573422e-13	1.85798099512757	0.306	0.088	7.86145388888645e-09
SNX8	11	4.43255870167979e-13	1.66027283717172	0.357	0.113	8.02115822655975e-09
RARA	11	5.45778992657927e-13	1.94874645905075	0.316	0.095	9.87641665113785e-09
ALCAM	11	5.52847522129964e-13	1.71332275229569	0.306	0.087	1.00043287604638e-08
S100A10	11	5.6777002462516e-13	0.883065698713357	0.898	0.591	1.02743663656169e-08
RPS25	11	5.89648695451573e-13	0.388793860509761	1	0.992	1.06702827928917e-08
TMEM154	11	6.9838677466392e-13	1.90068544608181	0.276	0.074	1.26380070743183e-08
GNA15	11	7.40103817963676e-13	1.94544383637791	0.286	0.08	1.33929186898707e-08
RAB32	11	7.50908534803582e-13	1.34475424800533	0.5	0.201	1.35884408458056e-08
JUND	11	8.18845350185973e-13	0.484554192862457	1	0.964	1.48178254569654e-08
LGALS9	11	8.45332286078416e-13	0.972509383153959	0.643	0.278	1.5297133048875e-08
CMPK2	11	9.86708252438085e-13	1.18785111114374	0.551	0.22	1.78554725361196e-08
ENTPD1	11	1.04785861076908e-12	1.39854937649027	0.398	0.136	1.89620494204774e-08
MALT1	11	1.11554643389965e-12	1.70012882598583	0.337	0.104	2.01869282678481e-08
MRC1L1	11	1.23546061864706e-12	1.21232256271886	0.449	0.161	2.23568953550372e-08
NXT1	11	1.3436427699829e-12	1.59300878505229	0.439	0.17	2.43145595656105e-08
PABPC1	11	1.42225244118208e-12	0.642741639194183	0.959	0.812	2.57370801756308e-08
TBC1D22A	11	1.43267732056599e-12	1.49101914662571	0.378	0.125	2.59257287929621e-08
TPMT	11	1.61988895812537e-12	1.53270169074057	0.388	0.133	2.93135105862366e-08
RPS15A	11	1.9844221808349e-12	0.398904103645695	1	0.995	3.59101037843884e-08
EIF4A1	11	2.13999969829502e-12	0.672288677826943	0.98	0.831	3.87254345403467e-08
CCL3L1	11	2.19131598845948e-12	0.350733141003599	0.398	0.132	3.96540541271628e-08
ALOX5	11	2.37160472517115e-12	1.51606142505274	0.378	0.128	4.29165591066971e-08
BCL3	11	2.37186649075334e-12	1.52979390976853	0.398	0.139	4.29212960166725e-08
RASSF2	11	2.47837627336156e-12	1.82823365173352	0.276	0.076	4.48486970427509e-08
ZFAS1	11	2.55963042034687e-12	0.798449791684094	0.837	0.515	4.6319072086597e-08
DOK2	11	2.88661708863975e-12	1.15413064882383	0.5	0.196	5.2236222836025e-08
FCGR2A	11	2.9325386919099e-12	0.928522642613778	0.633	0.28	5.30672201688015e-08
RP11-138A9.1	11	3.13584138183045e-12	1.62730196260616	0.286	0.08	5.67461856456038e-08
NRROS	11	3.14028257575602e-12	1.94044315531954	0.255	0.068	5.68265534908809e-08
GABARAPL1	11	3.21301373798049e-12	1.66158378232407	0.398	0.146	5.81426966024949e-08
RPL12	11	3.37525860517948e-12	0.407330665406117	1	0.999	6.10786797193279e-08
RPS11	11	3.60769328720914e-12	0.594728807567817	0.98	0.917	6.52848177253366e-08
NUP62	11	3.66137700694945e-12	1.52499771173121	0.357	0.117	6.62562783177573e-08
IGSF6	11	3.81422822820607e-12	1.60743753347698	0.276	0.076	6.90222740176171e-08
SPAG9	11	3.97317413931075e-12	1.51315249813013	0.408	0.148	7.18985592249673e-08
TYMP	11	4.15035581934836e-12	0.617077397093591	0.98	0.803	7.5104838906928e-08
RPL22	11	4.19366641551784e-12	0.529250930823131	0.99	0.963	7.58885874552108e-08
C1orf54	11	5.29332802771434e-12	2.96668725457007	0.398	0.157	9.57880639895188e-08
SNORD3B-2	11	5.51764420864582e-12	1.34340782229781	0.398	0.14	9.98472895996547e-08
DBNL	11	5.80600491508846e-12	1.19406715301159	0.582	0.263	1.05065464943441e-07
RGS2	11	7.10702720732042e-12	1.23375361210178	0.592	0.29	1.2860876434367e-07
RPL14	11	7.59081352139161e-12	0.432207657441307	1	0.991	1.37363361483103e-07
PGLS	11	8.27212584116675e-12	1.06643177634373	0.704	0.372	1.49692389221754e-07
RSAD2	11	8.56959695962313e-12	1.40922287800473	0.459	0.178	1.5507542658134e-07
MARCH1	11	1.11990228188525e-11	1.38801101669635	0.439	0.168	2.02657516929955e-07
GADD45B	11	1.14848526103396e-11	0.676951667857775	0.949	0.838	2.07829892836706e-07
STX7	11	1.21966470074716e-11	1.24762171734093	0.5	0.209	2.20710524247205e-07
SH3BGRL	11	1.22091570233363e-11	0.775163022798992	0.898	0.573	2.20936905494294e-07
TNFAIP8	11	1.22154602383243e-11	1.01419561653898	0.582	0.246	2.21050968472717e-07
CD300A	11	1.48849184945842e-11	1.29416430327797	0.459	0.182	2.69357485077996e-07
RALA	11	1.51714192874482e-11	1.74992124927012	0.337	0.113	2.74542003425662e-07
SEPT6	11	1.63740874224648e-11	0.973458212547508	0.531	0.217	2.96305485996924e-07
RPL15	11	1.7042265767322e-11	0.420305033716978	1	0.993	3.08396841325459e-07
CALCRL	11	1.72242118626322e-11	1.61005348168399	0.265	0.075	3.11689337866192e-07
RPL10A	11	1.73110214344855e-11	0.480574650103515	0.99	0.945	3.1326024387845e-07
FES	11	1.84400384163636e-11	1.34248331406952	0.367	0.126	3.33690935182516e-07
SETDB2	11	1.85915659620864e-11	1.4011748458971	0.408	0.152	3.36432977649915e-07
SERTAD1	11	1.87237468817015e-11	1.11582858862918	0.745	0.46	3.38824923571271e-07
CTNNBIP1	11	2.06001723723653e-11	1.65082308748628	0.316	0.101	3.72780719250323e-07
ARID5A	11	2.09622553395129e-11	1.4827158428945	0.469	0.203	3.79332972623825e-07
RBPJ	11	2.24105362705988e-11	0.878464468051494	0.735	0.375	4.05541064352756e-07
RPS6	11	2.90171095913364e-11	0.418357857570455	1	0.98	5.25093615164824e-07
MXD1	11	2.98091018702783e-11	1.15754127698648	0.48	0.191	5.39425507444555e-07
SAT1	11	3.02921468751347e-11	0.606142558997412	1	0.859	5.48166689852438e-07
PLK3	11	3.21652627526361e-11	1.09175080645617	0.48	0.196	5.82062594771702e-07
SH3BP1	11	4.14831734921172e-11	1.37255416795733	0.337	0.11	7.50679507513353e-07
COMMD8	11	4.26540156746411e-11	1.25428193182483	0.439	0.171	7.71867067648306e-07
PTPN22	11	4.27214867596588e-11	1.14075161902263	0.378	0.131	7.73088024402786e-07
RP3-395M20.12	11	4.93290164306743e-11	1.28229630799443	0.306	0.096	8.92657881329482e-07
H3F3B	11	5.00045398362968e-11	0.547553691569529	1	0.992	9.04882152877627e-07
HPRT1	11	5.02125680570962e-11	1.31966858770524	0.449	0.182	9.08646631561212e-07
GTPBP1	11	5.04527357014258e-11	1.3092111460298	0.347	0.116	9.12992705253001e-07
LACTB	11	5.2077467567974e-11	1.57097131644344	0.367	0.134	9.42393853110058e-07
SERPINF1	11	5.25705135245136e-11	0.737887149637266	0.286	0.083	9.51316012739598e-07
EPSTI1	11	6.46303225477088e-11	0.93350100276855	0.704	0.363	1.16955031682334e-06
SERPINA1	11	6.50017171604162e-11	0.889077075353382	0.469	0.185	1.17627107373489e-06
RPS15	11	7.54470838708159e-11	0.352553454269207	1	0.999	1.36529042972628e-06
STK17B	11	7.71279776063406e-11	0.783177156193404	0.673	0.314	1.39570788276434e-06
NAP1L1	11	8.46098431261917e-11	1.13736339504885	0.714	0.398	1.53109972121156e-06
HMGA1	11	8.53944422196343e-11	1.03121336983352	0.439	0.173	1.5452978264065e-06
EEF1B2	11	8.7500881197187e-11	0.504019072600496	0.99	0.945	1.5834159461443e-06
BLOC1S6	11	9.1926839063724e-11	1.50133152106184	0.49	0.222	1.66350807969715e-06
MOB1B	11	9.70836052163151e-11	1.60059315243492	0.296	0.094	1.75682491999444e-06
LPCAT2	11	9.80122084920779e-11	1.40952049431128	0.388	0.147	1.77362892487264e-06
SKIL	11	1.00164127194156e-10	1.09035603515541	0.684	0.372	1.81257004570545e-06
PTPN2	11	1.01664703535042e-10	1.01189367858125	0.602	0.285	1.83972447517013e-06
NIPSNAP3A	11	1.03672888937534e-10	1.6174204510922	0.296	0.094	1.87606459821361e-06
PMAIP1	11	1.0472227299027e-10	0.93849036273942	0.5	0.205	1.89505425203192e-06
AKIRIN2	11	1.06353719129699e-10	1.35102100640769	0.449	0.188	1.92457690137103e-06
DUSP5	11	1.09527436096961e-10	1.22333492809296	0.49	0.211	1.98200848361061e-06
LYSMD2	11	1.10687445419502e-10	1.3166077629541	0.48	0.212	2.00300001231131e-06
PRCP	11	1.13879799198554e-10	0.907604372015362	0.51	0.215	2.06076884629703e-06
ARPC2	11	1.14005728608851e-10	0.661295560359093	0.959	0.787	2.06304766490576e-06
VRK2	11	1.17585097074605e-10	1.65830865029121	0.286	0.09	2.12781991666206e-06
RPS7	11	1.19561488346393e-10	0.450139293859674	1	0.992	2.16358469311633e-06
DENND1B	11	1.22817024594966e-10	1.2795911483299	0.408	0.157	2.2224968770705e-06
ARL4A	11	1.25605853221702e-10	1.52530651877621	0.49	0.229	2.27296351989993e-06
WAS	11	1.47390888365673e-10	0.969237746229313	0.592	0.27	2.66718551586521e-06
PPP1R15A	11	1.47817313675608e-10	0.507199631777534	0.908	0.697	2.6749021082738e-06
CFL1	11	1.49098821320968e-10	0.503895266874946	1	0.926	2.69809227062423e-06
UBE2F	11	1.60204503298731e-10	1.38898451245474	0.367	0.135	2.89906069169384e-06
M6PR	11	1.61315144392592e-10	1.00567866701599	0.592	0.277	2.91915885292835e-06
NCF2	11	1.61500760842413e-10	1.72516916670236	0.286	0.092	2.9225177682043e-06
ATP1B3	11	1.62142650259171e-10	1.17020768882264	0.551	0.266	2.93413339908995e-06
SYAP1	11	1.74003262770484e-10	1.46904621174346	0.418	0.171	3.14876304309469e-06
RPL35A	11	1.90350899787391e-10	0.398549376490275	0.99	0.992	3.44458988255263e-06
ATP8B4	11	1.98377615738308e-10	1.51867082201197	0.296	0.095	3.58984133440043e-06
MEF2A	11	2.42412195071365e-10	0.985202998071919	0.622	0.308	4.38669108201142e-06
SLC43A2	11	2.51748810960133e-10	1.38549322366483	0.357	0.13	4.55564648313457e-06
BHLHE40	11	2.97748159402467e-10	1.14131281519459	0.551	0.267	5.38805069254704e-06
TSC22D2	11	3.2801523157658e-10	1.30778391256709	0.337	0.117	5.93576363060978e-06
NFKBIE	11	3.46297484524195e-10	1.85397906457008	0.306	0.105	6.26659927994983e-06
FBRSL1	11	3.6262681625893e-10	1.62418381051887	0.255	0.076	6.56209486702159e-06
EIF3L	11	3.68548493126503e-10	1.29076007679368	0.5	0.244	6.66925353161721e-06
TYROBP	11	3.78320922670141e-10	0.633676524233122	0.878	0.498	6.84609541663888e-06
CDKN1A	11	3.81843553411298e-10	0.405078404261536	0.745	0.409	6.90984094253084e-06
HCLS1	11	4.06795363464438e-10	0.890969407081483	0.663	0.33	7.36136889725246e-06
MAP2K1	11	4.16979601527974e-10	1.37416521786332	0.316	0.107	7.54566286925022e-06
RPS10	11	4.59574990288654e-10	0.555776420700788	0.939	0.857	8.31646902426348e-06
DIAPH1	11	4.81678982769781e-10	1.38549322366483	0.286	0.09	8.71646287220196e-06
AMZ2	11	5.40749383103983e-10	1.23055035326596	0.439	0.184	9.78540083664967e-06
ATF1	11	5.79660101446645e-10	1.61005348168399	0.255	0.077	1.04895291957785e-05
THAP2	11	5.8311143869971e-10	1.58361858349227	0.265	0.083	1.055198459471e-05
NSMCE1	11	6.01106098150189e-10	1.39128137602624	0.337	0.121	1.08776159521258e-05
PXDC1	11	6.21457475194319e-10	1.52965512904206	0.347	0.131	1.12458944711164e-05
IDH3A	11	6.25048179096457e-10	1.63381294890127	0.265	0.083	1.13108718489295e-05
UBXN2A	11	6.28494639949004e-10	1.24406712071029	0.357	0.13	1.13732390045172e-05
MYO1G	11	6.64045934954119e-10	1.4218818803209	0.296	0.098	1.20165752389297e-05
ZNF267	11	7.02060879201956e-10	1.22969106274232	0.357	0.132	1.27044936700386e-05
DNTTIP1	11	7.24445945748469e-10	1.60221982420596	0.276	0.089	1.31095738342643e-05
JMJD1C	11	7.49222005482834e-10	1.12589762234111	0.612	0.32	1.35579214112174e-05
PPT1	11	8.00754928942516e-10	1.36391856445971	0.571	0.302	1.44904611941438e-05
EEF1A1	11	9.06461881116638e-10	0.342178972922594	1	1	1.64033342006867e-05
SCO2	11	9.49742199274693e-10	0.980891177052295	0.52	0.241	1.71865348380749e-05
VSIG4	11	9.93705955138831e-10	0.79315899407133	0.52	0.225	1.79821029641923e-05
CD53	11	1.03377804246999e-09	0.755466084501638	0.755	0.406	1.87072474565369e-05
SLC7A5	11	1.13602994904507e-09	1.27636193748079	0.316	0.109	2.05575979579196e-05
SUPT4H1	11	1.18162438024819e-09	1.18023582425728	0.51	0.245	2.13826747849713e-05
RGS19	11	1.23978151154906e-09	1.14733348647006	0.49	0.223	2.24350862329918e-05
TPM3	11	1.37425978468921e-09	0.759948912167045	0.857	0.575	2.4868605063736e-05
GNB4	11	1.42718276096772e-09	1.54030237324157	0.306	0.108	2.58262992424719e-05
DPYSL2	11	1.4314194693106e-09	1.00930501346435	0.49	0.217	2.59029667166447e-05
SLC2A3	11	1.46784332911041e-09	0.906344016688971	0.541	0.258	2.6562092883582e-05
PTPRC	11	1.48489263059616e-09	0.55729404781438	0.867	0.524	2.68706170432682e-05
SP140	11	1.69394716408869e-09	1.35548065459839	0.306	0.106	3.06536678813489e-05
RNF138	11	1.72366758183984e-09	1.5254056560407	0.265	0.085	3.11914885609738e-05
MAP3K13	11	1.83778653012725e-09	1.40418124456961	0.459	0.215	3.32565850491827e-05
BTF3	11	1.87344705487725e-09	0.476910645147747	0.959	0.87	3.39018979050587e-05
OSM	11	1.9194924319006e-09	1.17471642079461	0.286	0.096	3.47351350476732e-05
C10orf128	11	1.92855634430631e-09	1.63725162301377	0.265	0.086	3.4899155606567e-05
KYNU	11	2.26652930739678e-09	1.50650862462619	0.265	0.086	4.10151143466521e-05
NACA	11	2.27517189320361e-09	0.402453830946191	0.99	0.987	4.11715105794125e-05
SERPINB9	11	2.36226619210214e-09	1.19320922569951	0.418	0.175	4.27475690122803e-05
CORO1A	11	2.56849171791095e-09	0.475511358305159	0.745	0.378	4.64794261273166e-05
RPS5	11	2.63619212445309e-09	0.430882914746918	0.99	0.967	4.77045326841032e-05
PDCL3	11	2.67869838774424e-09	1.25728556814182	0.347	0.13	4.84737260246197e-05
PYCARD	11	2.7567608236521e-09	0.685929692576872	0.724	0.373	4.98863438648084e-05
PFN1	11	2.75817509757543e-09	0.482030569068524	1	0.889	4.9911936565725e-05
ORAI2	11	2.84113794467746e-09	1.1658886197	0.367	0.142	5.14132322468832e-05
CMIP	11	3.09439811230844e-09	1.18298629354394	0.378	0.149	5.59962282403335e-05
ADAM28	11	3.1385214002079e-09	1.20453875652365	0.388	0.157	5.67946832581622e-05
VEGFA	11	3.4038348909182e-09	1.50080740232566	0.408	0.181	6.15957961860558e-05
BCL2	11	3.84640280235751e-09	1.24258659819246	0.347	0.131	6.96045051114615e-05
CLIC1	11	3.85855628519737e-09	0.517349255544931	0.98	0.874	6.98244345369316e-05
GSTP1	11	4.62664073852964e-09	0.566618872130771	0.959	0.859	8.37236908044324e-05
TRAF1	11	4.88219330075203e-09	0.896297926678674	0.276	0.089	8.83481699704087e-05
RPSA	11	5.35703623582368e-09	0.437518896926566	0.99	0.88	9.69409277234652e-05
RANBP2	11	5.35986091305629e-09	1.36988003365901	0.459	0.216	9.69920430826666e-05
FOSL2	11	6.45786969246241e-09	1.06817150264158	0.459	0.21	0.0001168616099548
NAGA	11	6.50510120434843e-09	1.33251950615508	0.316	0.116	0.000117716311393889
TSPYL2	11	6.92873549863706e-09	0.930831560535254	0.459	0.207	0.000125382397583336
HOTAIRM1	11	7.38220674520108e-09	1.50748374804344	0.337	0.134	0.000133588413261159
ZC3H12A	11	8.0297376935535e-09	1.39432479062855	0.276	0.094	0.000145306133302544
PLXDC2	11	9.8082268115443e-09	1.18075998655443	0.398	0.169	0.000177489672381706
SNORD3A	11	1.04291225834076e-08	1.46821025445916	0.255	0.084	0.000188725402269344
ARRDC2	11	1.06917237190303e-08	1.4632965578049	0.265	0.09	0.000193477432419572
ATP1B1	11	1.21419038737451e-08	1.17990909001493	0.316	0.117	0.000219719892499292
EIF3F	11	1.24709642480421e-08	0.839470412210018	0.694	0.43	0.00022567456903257
MEPCE	11	1.35567609167248e-08	1.14454393645761	0.327	0.122	0.000245323145549053
TAP1	11	1.40415078938919e-08	1.03903809879476	0.48	0.223	0.000254095126847868
PAFAH1B3	11	1.44265094416685e-08	1.28913815976969	0.296	0.107	0.000261062114856433
DNAJA1	11	1.46073634850548e-08	0.550041238519313	0.908	0.658	0.000264334849625552
RPS27A	11	1.51104396040487e-08	0.26982339926828	1	0.999	0.000273438515074865
SNX3	11	1.59305345268545e-08	1.35406221476248	0.857	0.613	0.000288278952797959
ACOT9	11	1.63342732409968e-08	1.29163417257376	0.347	0.139	0.000295585008569077
TNFSF13B	11	1.98820933516188e-08	0.817426896776937	0.582	0.296	0.000359786361290894
SMG1	11	2.06527563548553e-08	1.03799846474222	0.49	0.235	0.000373732278997461
HSPE1	11	2.19544821038788e-08	1.03229001406056	0.878	0.711	0.000397288308151791
RPS3	11	2.24374482441037e-08	0.27310511414412	1	0.995	0.0004060280634253
CD33	11	2.25010068340408e-08	1.41376247043678	0.255	0.086	0.000407178219668802
RPS2	11	2.26278945427181e-08	0.358629332551027	1	0.988	0.000409474379645026
TMEM66	11	2.28548985529446e-08	0.565636580831855	0.908	0.801	0.000413582244214086
RPL8	11	2.29707934947547e-08	0.316116857773106	1	0.999	0.000415679479081081
IGFLR1	11	2.31598686687089e-08	1.54140613473442	0.255	0.088	0.000419100983428956
N4BP2L1	11	2.43439414323234e-08	1.25768684065043	0.337	0.134	0.000440527964159325
RP1-313I6.12	11	2.51373293169661e-08	0.993382121235492	0.255	0.086	0.000454885111319819
RPS4X	11	2.66040238109483e-08	0.352327560511044	1	0.991	0.000481426414882921
CHST11	11	2.75167062829615e-08	1.31149264222105	0.327	0.128	0.000497942316896471
KLF10	11	2.81787371664703e-08	1.25375659224578	0.48	0.252	0.000509922427764447
WDR74	11	2.82281208412284e-08	0.958624072204461	0.459	0.215	0.000510816074742869
BLOC1S2	11	3.08689802604908e-08	0.98696743584765	0.469	0.222	0.000558605066793841
BTAF1	11	3.09836123778318e-08	1.23618172622604	0.286	0.103	0.000560679449589245
LIMS1	11	3.20866331862608e-08	0.919040678587321	0.571	0.302	0.000580639714138576
RPS19	11	3.26607184182676e-08	0.292659730734531	1	0.999	0.00059102836049697
CARD16	11	3.45457383782613e-08	0.925095190986109	0.582	0.32	0.000625139681693016
C16orf87	11	3.66490531626567e-08	1.41172476523801	0.286	0.106	0.000663201266031435
CSK	11	3.71631637114638e-08	0.975752453753323	0.469	0.222	0.00067250461052265
TBC1D9	11	3.78023296481671e-08	1.34457175543145	0.286	0.105	0.000684070957313231
COPS3	11	4.06808005527265e-08	1.20380399967513	0.357	0.149	0.000736159766802138
SFT2D2	11	4.42218760378428e-08	1.39563778107037	0.347	0.144	0.000800239068780803
EIF4E	11	4.47639354677827e-08	1.26659222524698	0.398	0.181	0.000810048176224995
TRIB1	11	4.48432687523545e-08	0.993794850473292	0.398	0.171	0.000811483791342607
PAF1	11	4.89683101966674e-08	1.46566357234881	0.255	0.089	0.000886130541318894
GPR65	11	4.9436800094608e-08	1.16067076854092	0.429	0.2	0.000894608334512027
SP110	11	5.47440774549158e-08	0.930278994347914	0.541	0.284	0.000990648825624157
ARHGAP5	11	5.72926206064968e-08	1	0.367	0.153	0.00103676726249517
CBX6	11	5.84594041275444e-08	1.05308172479628	0.367	0.154	0.00105788137709204
DEF6	11	6.04926432491504e-08	1.06356512877747	0.357	0.146	0.00109467487223663
PLBD1	11	6.13472981563588e-08	1.22721480479329	0.296	0.112	0.00111014070743747
AOAH	11	6.2270773803023e-08	1.08674549887662	0.388	0.168	0.0011268519227395
ZFAND5	11	6.31047944929954e-08	0.889608071739847	0.602	0.328	0.00114194436114524
RPS6KA1	11	6.40791733179772e-08	1.28861534945743	0.296	0.113	0.00115957672036211
RPLP2	11	6.42413892247213e-08	0.328012526226348	1	0.985	0.00116251217941056
CLNS1A	11	6.68380962619162e-08	1.05857482618546	0.49	0.252	0.00120950218995564
FAM129A	11	7.26658160018936e-08	1.13215595856657	0.337	0.136	0.00131496060637027
PTPN18	11	7.39519548480415e-08	1.17928305614055	0.337	0.138	0.00133823457493016
GNAQ	11	7.44259631201771e-08	1.12101540096137	0.357	0.15	0.00134681222862272
CREB5	11	7.89048467834844e-08	1.29855358651355	0.306	0.12	0.00142786210739393
MIF4GD	11	7.99326866660592e-08	1.1240241508337	0.347	0.143	0.00144646189790901
KPNA2	11	8.05948739087835e-08	1.43702352430491	0.296	0.117	0.00145844483825335
TRIM22	11	8.31218467137713e-08	0.890548857584003	0.5	0.249	0.00150417293813241
TNIP2	11	8.33936535423743e-08	1.35194896362814	0.306	0.121	0.0015090915545028
GRN	11	9.05026362782153e-08	0.356154338963135	0.878	0.532	0.00163773570609058
TBC1D7	11	9.08186001559015e-08	1.52169760726314	0.255	0.092	0.00164345338842119
KIAA0930	11	9.18294615819733e-08	1.09489633999748	0.408	0.188	0.00166174593678739
RPL27A	11	9.2908837310648e-08	0.384958731319487	0.98	0.922	0.00168127831997349
STARD4	11	9.38278867843075e-08	1.44449896235077	0.255	0.091	0.00169790943924883
ARHGDIB	11	9.77085363956055e-08	0.517136809246688	0.878	0.581	0.00176813367461488
UVRAG	11	1.13389525813738e-07	1.19976951237578	0.306	0.12	0.00205189685912541
ACTR2	11	1.18744925037237e-07	0.594544107762115	0.765	0.44	0.00214880816347384
ARL6IP6	11	1.30350016358221e-07	1.31233141843124	0.286	0.11	0.00235881389601837
ACTG1	11	1.33309870528681e-07	0.546157556011432	1	0.952	0.00241237541708701
KDM7A	11	1.368104002637e-07	1.27301849440642	0.255	0.091	0.00247572100317191
RPL21	11	1.4730414947675e-07	0.321829391706611	1	0.975	0.00266561588893127
CYTIP	11	1.49167205639737e-07	0.610053481683987	0.673	0.346	0.00269932975325667
ARPC5	11	1.50604268532748e-07	0.590337492696224	0.827	0.537	0.00272533484336861
PQLC1	11	1.58569439600812e-07	0.990084531134917	0.388	0.171	0.00286947257901629
RAB8A	11	1.60164593491662e-07	0.751918475876697	0.571	0.293	0.00289833848382512
PRKCB	11	1.63001297691113e-07	1.23782906594412	0.265	0.097	0.00294967148301839
C4orf33	11	1.63708400325707e-07	1.35245296190082	0.265	0.099	0.00296246721229399
FOS	11	1.64178366937309e-07	0.438625321818527	0.98	0.937	0.00297097172809754
GID8	11	1.67205446766847e-07	1.17918210837149	0.306	0.121	0.00302574976469286
NUB1	11	1.68729720487008e-07	1.08810077848863	0.347	0.147	0.0030533330219329
RUNX3	11	1.71564808068687e-07	1.15016174662088	0.296	0.114	0.00310463676681097
IFNGR1	11	1.73110680941126e-07	0.729171847472755	0.582	0.309	0.00313261088231061
ARPC4	11	1.81937767526271e-07	0.731717222481399	0.612	0.336	0.0032923458411554
MX2	11	1.83734288131906e-07	0.846753739704318	0.551	0.297	0.00332485567803497
LAP3	11	1.84270113688952e-07	0.727486138513798	0.786	0.585	0.00333455197731528
UBE2S	11	2.01435551545425e-07	0.672962844454559	0.776	0.515	0.00364517774076601
RPL36	11	2.04123820647209e-07	0.275859644652604	1	0.999	0.00369382465843189
GUSB	11	2.1671326960916e-07	0.873981473821288	0.469	0.227	0.00392164332684735
EIF3E	11	2.26429301538072e-07	0.776029137542324	0.663	0.405	0.00409746464063295
TWF2	11	2.32457341109334e-07	1.03682027354494	0.429	0.207	0.00420654804471452
LAT2	11	2.3679316653941e-07	1.13079642175395	0.337	0.143	0.00428500914169717
EGR2	11	2.43155767266473e-07	1.12502846346799	0.327	0.138	0.0044001467644541
PALLD	11	2.56542173468004e-07	1.21611610317194	0.255	0.094	0.004642387171077
CTD-2336O2.1	11	2.63125904953657e-07	1.25758845383681	0.286	0.112	0.00476152637604137
TMEM123	11	2.71640191583079e-07	0.84398612607329	0.643	0.369	0.0049156009068874
APBB1IP	11	2.80032627492061e-07	1.1066601079843	0.296	0.116	0.00506747042709633
SMIM14	11	2.82327124608434e-07	1.05062607306997	0.388	0.177	0.00510899164691422
ARF5	11	2.85249944285409e-07	0.700683602013009	0.694	0.418	0.00516188299178876
YPEL5	11	2.98981566383116e-07	0.541853135525255	0.714	0.462	0.00541037042526887
PLGRKT	11	3.09368235670934e-07	1.16071552478162	0.327	0.138	0.00559832759270121
MYO1F	11	3.31730169466217e-07	0.880701071627656	0.398	0.177	0.00600298914666067
RPL35	11	3.530232994696e-07	0.256888227266684	1	0.997	0.00638830962720189
SNORD3D	11	3.56525378837296e-07	1.22730019410058	0.327	0.139	0.00645168325543971
NFKBIA	11	3.65496642912944e-07	0.527875186516665	0.857	0.711	0.00661402725015264
ARHGAP30	11	3.65697407957909e-07	1.0560599591206	0.337	0.143	0.00661766029440632
CRIP1	11	3.73337663901478e-07	0.353437176861714	0.622	0.331	0.00675591836596114
RAPGEF1	11	3.778534843799e-07	0.993187936560472	0.398	0.185	0.00683763665333867
ITGA4	11	3.91120571079068e-07	0.777189587920113	0.418	0.191	0.00707771785424681
APPL1	11	3.96735267236141e-07	1.07185990750919	0.378	0.174	0.0071793213959052
SIPA1L1	11	4.44110182529711e-07	1.30339214344993	0.276	0.108	0.00803661786305766
C9orf72	11	4.75730061899274e-07	0.912020834840461	0.398	0.182	0.00860881120012926
ZSWIM7	11	4.88407062180481e-07	1.00950708574438	0.388	0.18	0.00883821419721799
HNRNPA0	11	5.03720184633449e-07	0.7028254530156	0.531	0.271	0.00911532046112689
ARRDC1	11	5.18039352647194e-07	1.00579629160919	0.388	0.18	0.00937444012550362
LRCH4	11	5.35930001808877e-07	1.20816735005645	0.276	0.108	0.00969818931273344
POU2F2	11	5.57450162091108e-07	0.978835390001958	0.367	0.166	0.0100876181332007
SYNGR2	11	5.78345379407657e-07	1.03255450014795	0.459	0.244	0.010465737985761
DDIT4	11	5.79060321022018e-07	0.575206419255108	0.673	0.386	0.0104786755692144
EIF1	11	6.06080119450994e-07	0.283394177234889	1	0.998	0.0109676258415852
ETS2	11	6.1277333919906e-07	0.938676229145357	0.398	0.188	0.0110887463461462
FOSB	11	6.18188290791042e-07	0.401103271724186	0.918	0.734	0.0111867353101547
MED29	11	6.42884881962346e-07	1.01500216333925	0.357	0.161	0.0116336448239906
HIGD2A	11	6.83792002042925e-07	0.715584401230701	0.653	0.396	0.0123739000689688
PER1	11	6.95093731254721e-07	1.26379996437704	0.316	0.136	0.0125784161607854
CTA-384D8.34	11	7.53857773509833e-07	0.992482030715983	0.306	0.126	0.0136418102694339
RPL23	11	7.54565835908689e-07	0.495081119183904	0.918	0.784	0.0136546233666036
CSNK1G2	11	7.66708736210985e-07	0.922949919154552	0.388	0.179	0.013874361290474
CTSS	11	7.78305058147375e-07	0.262153063110026	0.898	0.558	0.0140842083322349
DSE	11	8.03733069248157e-07	1.08898654676873	0.367	0.17	0.0145443536211147
IER3	11	8.41223876253332e-07	1.1252700596799	0.694	0.654	0.0152227872646803
RNF149	11	8.43608518090186e-07	0.882228541374249	0.398	0.185	0.01526593974336
MIIP	11	8.44375643606366e-07	1.1755526849708	0.296	0.123	0.0152798216467008
RAB20	11	8.50910506202395e-07	1.27022527951474	0.316	0.138	0.0153980765202385
TUBA1B	11	8.54046418406284e-07	0.533660370602512	0.837	0.619	0.0154548239874801
RPS6KA3	11	8.93722056551628e-07	1.02444214126631	0.337	0.148	0.0161727943353583
ARL8A	11	9.09614243153312e-07	0.990555154215551	0.388	0.183	0.0164603793441023
MPEG1	11	9.38754235685535e-07	0.880299374551167	0.388	0.178	0.0169876966489654
DENND6B	11	9.39383974139816e-07	1.04681445911995	0.265	0.103	0.0169990923960341
HNRNPU-AS1	11	1.01014891539645e-06	1.02444214126631	0.327	0.142	0.0182796547730141
AGPAT3	11	1.0327369288249e-06	1.33890643006287	0.255	0.1	0.0186884074640153
RPL9	11	1.06611964338192e-06	0.263647971565352	1	0.991	0.0192925010666393
PIP4K2A	11	1.16773414681185e-06	0.80979030768104	0.398	0.185	0.0211313171207072
JMJD6	11	1.19510697082323e-06	1.15754127698648	0.367	0.176	0.0216266557440172
BAZ1A	11	1.24599352890493e-06	0.902872452626276	0.418	0.205	0.0225474988990636
MYL12A	11	1.27081776382502e-06	0.382365890594777	0.969	0.825	0.0229967182541775
TAOK3	11	1.35359172076582e-06	0.834357390601673	0.439	0.22	0.0244945957789783
EIF3M	11	1.36273962154281e-06	0.961432343740513	0.449	0.235	0.0246601361914386
VPS29	11	1.44982465818237e-06	0.596756659070529	0.745	0.474	0.0262360270144682
MSRA	11	1.55219391055631e-06	1.19746746139924	0.286	0.12	0.0280885010054269
MAP2K3	11	1.6854689851177e-06	1.22326545920932	0.306	0.134	0.03050024675469
PTP4A2	11	1.70199693930466e-06	0.649642110080031	0.745	0.543	0.0307993366136571
PPA2	11	1.7092401295803e-06	1.16578527108139	0.265	0.106	0.0309304093848851
DYNC1LI1	11	1.70995108266813e-06	1.15062186304669	0.296	0.126	0.0309432747919625
SPTLC2	11	1.72188781263514e-06	1.00944263799735	0.337	0.152	0.0311592818574454
RPL36A	11	1.77706034075462e-06	0.586222496470145	0.643	0.364	0.0321576839262956
RPL38	11	1.82410563217361e-06	0.312402405973906	0.99	0.937	0.0330090155198136
RPL4	11	1.8278630656945e-06	0.519331199366311	0.878	0.684	0.0330770100368077
GNAI2	11	1.98602229625634e-06	0.44408866675493	0.918	0.748	0.0359390594730548
LSM6	11	2.08015351601189e-06	0.82005153949525	0.49	0.264	0.0376424580257512
MRPL18	11	2.1696324762164e-06	0.922041867008555	0.459	0.236	0.039261669289612
RASSF4	11	2.21080451376185e-06	0.654108661761922	0.52	0.272	0.0400067184810345
LYL1	11	2.22151299456815e-06	0.960988860585292	0.357	0.166	0.0402004991497052
VPS35	11	2.23143107189203e-06	0.876128341837832	0.449	0.236	0.0403799766769582
LILRB4	11	2.27485134945971e-06	1.06507722936751	0.327	0.148	0.0411657100198229
RPL18	11	2.28846424982201e-06	0.278708393218412	1	0.996	0.0414120490647792
EMILIN2	11	2.34098989044269e-06	1.22410889392547	0.265	0.109	0.042362553057451
CYB5R4	11	2.38452621678223e-06	0.819560776813751	0.408	0.198	0.0431503864188913
MOB1A	11	2.42490643860773e-06	0.722155132315834	0.602	0.359	0.0438811069130455
PCBP1	11	2.45381091303284e-06	0.682075902051878	0.684	0.438	0.0444041622822423
TRPS1	11	2.53648782712239e-06	1.20060999887837	0.276	0.116	0.0459002837196067
RGS5	12	0	7.86725747848419	0.944	0.018	0
NOTCH3	12	0	7.34685346871781	0.93	0.018	0
SMOC2	12	0	7.73783568081275	0.887	0.01	0
SLIT3	12	0	8.38721120633395	0.859	0.005	0
FRZB	12	0	7.88528408999837	0.803	0.012	0
MYH11	12	0	8.31312616043999	0.789	0.01	0
EFHD1	12	0	7.4361208068149	0.775	0.006	0
AGT	12	0	7.38451961032768	0.732	0.004	0
ABCC9	12	0	7.47954308710603	0.732	0.007	0
HIGD1B	12	0	8.63775466798455	0.704	0.005	0
COX4I2	12	2.42547802561085e-306	7.96461635587703	0.634	0.005	4.38914503514539e-302
FHL5	12	9.93475240971487e-296	9.17788738724492	0.493	0.001	1.797792796062e-291
NEURL1B	12	9.08020351057792e-291	6.56399562936705	0.746	0.012	1.64315362727418e-286
SEPT4	12	3.65639151588277e-290	6.73585531668451	0.887	0.021	6.61660608714146e-286
FAM13C	12	2.58410986400222e-286	6.76721948759384	0.62	0.006	4.67620520989841e-282
CPE	12	6.34627600595038e-278	7.31421732023553	0.761	0.014	1.14842210603678e-273
RASL12	12	2.86417802877164e-277	8.03702485140507	0.521	0.002	5.18301656086516e-273
WFDC1	12	5.38260852537106e-277	7.45857565764259	0.577	0.005	9.74036838751148e-273
LMOD1	12	3.69355704779587e-275	8.42404797451432	0.507	0.002	6.68386083369141e-271
CCDC102B	12	2.2958794046641e-272	6.49270433518126	0.887	0.024	4.15462337068015e-268
PLN	12	2.09036601334089e-271	8.71509675651771	0.479	0.001	3.78272633774168e-267
STEAP4	12	1.64945876122935e-270	7.55897755460043	0.676	0.01	2.98486057432063e-266
NDUFA4L2	12	2.72942311045248e-269	7.12371751412469	0.986	0.034	4.93916406067481e-265
SYNPO2	12	2.81402607599712e-266	6.63103249172924	0.901	0.026	5.09226158712439e-262
TBX2	12	9.74294051701133e-264	6.77569676752168	0.775	0.017	1.76308251595837e-259
ENPEP	12	1.91715317829885e-259	7.72124898349931	0.493	0.002	3.46928039144959e-255
PDE5A	12	2.30167463154885e-256	6.15601288762216	0.761	0.016	4.1651104132508e-252
C1QTNF1	12	7.04602796189854e-256	5.89458058638487	0.817	0.021	1.27504921998516e-251
ECM2	12	1.55143241046255e-254	6.97401505387927	0.549	0.005	2.80747208997304e-250
PDGFRB	12	1.07241327318481e-252	6.42870333525241	0.817	0.021	1.94063905915523e-248
CDH6	12	1.29657044357965e-252	6.03257894637388	0.718	0.014	2.34627387470174e-248
EDNRA	12	3.38959567234342e-252	6.55897755460043	0.577	0.006	6.13381232867265e-248
FOXS1	12	1.39083948941222e-251	5.84923342916925	0.732	0.015	2.51686314004036e-247
PTH1R	12	5.51156171697563e-251	8.96107599817178	0.423	0.001	9.97372208303911e-247
GUCY1A2	12	3.24822510070745e-250	7.33658513326398	0.507	0.003	5.8779881422402e-246
GUCY1B3	12	4.74956041136768e-249	6.40873491901982	0.676	0.012	8.59480452041095e-245
GJA4	12	8.87219627619307e-235	5.32471103297569	0.732	0.017	1.6055126381399e-230
ARHGEF17	12	1.26508720471935e-234	6.02538344496968	0.775	0.021	2.28930180566013e-230
NFASC	12	2.96040242199036e-234	8.38097925262243	0.408	0.001	5.35714422283375e-230
LINGO1	12	3.56913195711626e-233	8.92154763398514	0.394	0.001	6.45870118959758e-229
MIR143HG	12	5.38476164898439e-233	7.04285393020727	0.535	0.006	9.74426468000215e-229
THY1	12	3.37957499735165e-227	6.47320519400965	0.901	0.035	6.11567891520755e-223
RERG	12	1.26993062902603e-224	7.42404797451432	0.437	0.002	2.2980664662855e-220
RP11-332H18.4	12	2.16486361731212e-220	6.69022208787868	0.507	0.006	3.91753720188801e-216
EBF1	12	1.81209737377289e-212	5.90486889283851	0.704	0.019	3.27917140757942e-208
PPP1R14A	12	3.63280726744707e-208	6.47787912930619	0.986	0.052	6.57392803117222e-204
ACTG2	12	1.54546322253138e-206	8.0546727172245	0.535	0.008	2.79667024749278e-202
AOC3	12	1.24529102969512e-197	6.27769144421041	0.521	0.008	2.25347864733629e-193
FMO3	12	3.32400115365595e-197	5.87715351462669	0.521	0.008	6.01511248765581e-193
COL14A1	12	4.31974649779776e-195	5.1008713334297	0.901	0.043	7.81701326241482e-191
ACTA2	12	8.253095986425e-195	7.12792971176534	1	0.061	1.49348024970347e-190
KCNJ8	12	3.75751720552974e-193	7.44092179307872	0.394	0.003	6.79960313512662e-189
NRIP2	12	6.60820166441929e-191	7.047078516069	0.408	0.003	1.19582017319331e-186
CRISPLD2	12	5.45458338894024e-189	5.08240164501245	0.775	0.03	9.87061410062625e-185
SLC7A2	12	7.60681633396395e-188	5.98866182984368	0.479	0.007	1.37652948379412e-183
EGFL6	12	8.23240806831208e-188	10.6941371378821	0.296	0	1.48973656404175e-183
GJC1	12	4.89713042789801e-184	6.33658513326398	0.437	0.005	8.86184722232423e-180
ITGA7	12	6.94751425796076e-184	5.68450843668429	0.577	0.014	1.25722218012058e-179
CHN1	12	1.5768104261779e-183	5.49528287928304	0.704	0.024	2.85339614721152e-179
PARM1	12	6.06344656858426e-183	5.61776688580804	0.704	0.025	1.09724129105101e-178
MYO1B	12	3.47236036905993e-180	5.06037533868246	0.803	0.035	6.28358332385085e-176
CASQ2	12	6.87136618757721e-180	8.65851322815134	0.31	0.001	1.24344242530397e-175
CACNA1H	12	8.06310242847073e-180	8.27518458859984	0.31	0.001	1.45909901545606e-175
CD248	12	1.19735388260316e-177	5.30181971510331	0.676	0.023	2.16673158595868e-173
ANO1	12	4.03107140309451e-177	5.52003127435991	0.634	0.019	7.29462681103982e-173
EDIL3	12	1.24036842997234e-176	4.75915630522823	0.803	0.036	2.24457071087794e-172
PRKG1	12	1.05222910397965e-175	5.60667429663173	0.521	0.011	1.90411378656158e-171
SEMA5A	12	5.0361900203716e-172	6.08201230617838	0.521	0.012	9.11348946086445e-168
TINAGL1	12	9.52825157375765e-170	5.19943516791329	0.958	0.065	1.72423240478718e-165
SLC38A11	12	2.09141973543262e-169	6.21527883704185	0.451	0.007	3.78463315323888e-165
RCAN2	12	4.1605889110397e-169	6.3722090429947	0.437	0.007	7.52900169341744e-165
TMEM74B	12	4.51169941702776e-169	6.92154763398514	0.394	0.005	8.16437126505344e-165
GGT5	12	8.84084912703408e-168	4.57625554603227	0.845	0.044	1.59984005802809e-163
PGF	12	3.1814233452884e-167	4.51141893508992	0.845	0.045	5.75710368563389e-163
FBLIM1	12	7.46574493436078e-167	4.79226461704017	0.873	0.049	1.35100120332193e-162
HEYL	12	6.52320986196101e-166	6.7058189429297	0.366	0.003	1.18044005662046e-161
SOD3	12	5.82133499659169e-165	5.39896917721012	0.972	0.069	1.05342878098323e-160
GPR116	12	1.78972014936062e-162	4.28036912369743	0.887	0.051	3.23867758228298e-158
LPPR4	12	3.67293009462481e-159	7.27518458859984	0.31	0.002	6.64653429923306e-155
COL3A1	12	6.2588256020583e-159	2.92599353901633	0.93	0.057	1.13259708094847e-154
CNTN4	12	2.2300075668664e-157	5.57759323276778	0.479	0.01	4.03542169300144e-153
MYLK	12	4.08833481960993e-157	5.51083606010909	0.915	0.064	7.39825068956613e-153
KLHL23	12	1.31961693949275e-156	6.47408865701392	0.38	0.005	2.38797881370609e-152
COLEC11	12	5.20626043404436e-153	6.40697446115538	0.394	0.006	9.42124888144667e-149
ADCY3	12	4.87596642346933e-151	4.92565203231787	0.746	0.038	8.82354883991009e-147
TNS1	12	2.32056639189433e-150	4.62847440176996	0.817	0.048	4.19929694277198e-146
MRVI1	12	2.93892327083321e-150	5.2935164113721	0.704	0.033	5.31827555089978e-146
CNN1	12	1.66662764971355e-149	6.75162263254283	0.38	0.006	3.01592939492163e-145
KCNE4	12	1.67852633211733e-149	4.9855106927171	0.676	0.03	3.03746125059952e-145
LHFP	12	6.06835845231712e-149	4.9874355696416	0.901	0.066	1.09813014553131e-144
ID4	12	1.56177950097794e-145	4.34790044649182	0.732	0.037	2.82619618496968e-141
PLXDC1	12	2.53012794816919e-145	5.12009331336722	0.718	0.037	4.57851953500697e-141
SGIP1	12	3.18240068161811e-145	5.2434757288725	0.493	0.013	5.75887227345614e-141
PDE3A	12	4.19108439097419e-145	5.896012541878	0.38	0.006	7.58418631390689e-141
FRMD3	12	1.09439394805265e-144	5.62037809926457	0.507	0.015	1.98041528839607e-140
MMP11	12	4.44554822911414e-144	5.49039046934302	0.535	0.017	8.04466407540495e-140
MCAM	12	1.66818841789944e-143	4.93816985493255	0.93	0.074	3.01875376103083e-139
MLTK	12	7.08859143122105e-142	5.0230856604472	0.732	0.04	1.28275150539376e-137
BGN	12	1.45065317631567e-141	4.8069656663866	0.958	0.082	2.62510198786084e-137
SFTA1P	12	1.11979241440086e-140	5.09557703376019	0.451	0.011	2.02637635309979e-136
TRPC6	12	1.78908714342851e-139	6.92154763398514	0.296	0.002	3.23753209474824e-135
TPPP3	12	5.67096117516927e-139	5.29831511633626	0.732	0.041	1.02621713425863e-134
SYDE1	12	3.08425706639779e-138	5.07355072743019	0.577	0.022	5.58127158735344e-134
FHL1	12	6.09802206815224e-138	4.85115830609374	0.732	0.041	1.10349807345283e-133
S1PR3	12	1.52427057296877e-137	5.20534059998573	0.563	0.021	2.75832002884429e-133
NR2F2-AS1	12	4.51738384784549e-137	5.06095069065055	0.493	0.015	8.1746578110612e-133
PPP1R12B	12	1.96128123127845e-135	4.87994672951837	0.704	0.038	3.54913451612147e-131
GPR124	12	4.45961042952227e-135	5.28000160489762	0.507	0.016	8.0701110332635e-131
ANTXR1	12	9.02182282139207e-134	4.55522541973932	0.634	0.029	1.63258905775911e-129
FAM162B	12	8.36083717131542e-133	6.07355072743019	0.324	0.004	1.51297709452124e-128
EBF2	12	8.45469034564298e-133	5.55897755460043	0.408	0.009	1.52996076494755e-128
LRRC32	12	1.49310091945344e-132	3.99013471924255	0.831	0.056	2.70191542384294e-128
ADIRF	12	4.07130919436108e-131	4.7283094645479	0.958	0.09	7.36744111811582e-127
MSRB3	12	1.18639367059616e-130	4.46985166412745	0.732	0.044	2.14689798631081e-126
MIR497HG	12	8.34857213230575e-130	6.59961953909778	0.296	0.003	1.51075761306205e-125
SPARCL1	12	8.97418718879801e-129	3.60518764728666	0.986	0.089	1.62396891368489e-124
HEY2	12	3.3066890564513e-128	5.55897755460043	0.408	0.01	5.98378451655428e-124
CAP2	12	7.1450675594913e-128	6.65851322815134	0.268	0.002	1.29297142556555e-123
LINC00924	12	1.60885464818965e-127	6.33658513326398	0.352	0.006	2.911383371364e-123
DAAM2	12	8.88694666110917e-126	5.18848649427485	0.437	0.012	1.60818186779432e-121
SUSD2	12	1.73174953526528e-125	5.92154763398514	0.366	0.007	3.13377395901605e-121
MIR145	12	1.95092776194611e-125	6.54303601073141	0.296	0.003	3.53039887801768e-121
COX7A1	12	3.46434789606942e-124	3.96926513556261	0.944	0.087	6.26908395272721e-120
NR2F2	12	5.76766640451706e-124	4.77600679116979	0.944	0.094	1.04371691256141e-119
PDLIM3	12	7.25810611198932e-124	4.82201196043422	0.775	0.055	1.31342688202559e-119
GPX3	12	6.80881357040416e-123	5.37584456371121	0.704	0.045	1.23212290370034e-118
TPM2	12	1.74364232171848e-122	5.13776758069898	1	0.115	3.15529514538177e-118
PDGFA	12	2.05598710186868e-122	4.18707159184463	0.831	0.065	3.72051425954157e-118
COL5A3	12	5.96268935568891e-121	5.65851322815135	0.352	0.007	1.07900826580547e-116
TGFB1I1	12	1.76054651338083e-120	4.33658513326398	0.859	0.075	3.18588497061395e-116
RNF152	12	3.42789081300377e-120	5.46985166412745	0.366	0.008	6.20311121521163e-116
ITGA1	12	5.4990086508722e-120	4.39316866163035	0.958	0.098	9.95100605461834e-116
PRRX1	12	6.51502869957249e-120	4.05751251733842	0.704	0.043	1.17895959347464e-115
EHD2	12	9.2295961897126e-120	4.32893156072055	0.746	0.052	1.67018772649039e-115
KRT18	12	1.4322656463458e-119	4.8210705607004	0.944	0.098	2.59182791362737e-115
SDC2	12	6.74804918167124e-118	4.91625333431563	0.732	0.052	1.22112697991523e-113
KIRREL	12	3.50637170890852e-117	4.98044132303871	0.507	0.021	6.34513024444086e-113
DMD	12	6.13009297002441e-117	4.2714901050421	0.648	0.037	1.10930162385562e-112
HEPH	12	1.0446581813822e-115	5.07942729376686	0.451	0.015	1.89041344502923e-111
GUCY1A3	12	1.08303846626278e-115	4.2019356065692	0.465	0.016	1.95986640854912e-111
MOCS1	12	8.91713223215507e-114	5.98866182984368	0.296	0.005	1.61364424873078e-109
VASN	12	3.06351991391555e-113	4.61076009670298	0.563	0.028	5.54374563622158e-109
COL4A2	12	2.13646260445583e-112	4.25911744797537	0.972	0.113	3.86614272902327e-108
MRGPRF	12	1.21438712071e-111	6.21105425118012	0.31	0.006	2.19755493363682e-107
AEBP1	12	1.32006204023346e-111	4.13648198315665	0.817	0.072	2.38878426800647e-107
DKK3	12	2.16944851990361e-111	4.11281015787742	0.831	0.073	3.92583404161757e-107
ARHGAP29	12	6.92185754002187e-110	2.99125660579654	0.887	0.078	1.25257934044236e-105
KANK2	12	7.4714282839003e-110	3.93533458571521	0.775	0.063	1.3520296622546e-105
GPRC5C	12	1.17565696523308e-109	4.65432543118791	0.493	0.021	2.12746884428577e-105
COL18A1	12	3.81410054008842e-109	5.13641075126877	0.972	0.131	6.90199633734401e-105
BCAM	12	3.30768132818293e-108	4.18164930604112	0.775	0.063	5.98558013147982e-104
CHRD	12	7.20801418526987e-108	4.73086407237603	0.507	0.023	1.30436224696644e-103
INPP4B	12	7.70091578220834e-108	4.44464487912144	0.69	0.05	1.39355771994842e-103
COL1A1	12	1.03435342911134e-106	2.43669408910662	0.873	0.083	1.87176596531988e-102
LAMB2	12	1.60017377132126e-106	4.11713999597787	0.859	0.085	2.89567445658295e-102
TFPI	12	2.54749207846957e-105	3.68699691516395	0.859	0.084	4.60994166519853e-101
JAG1	12	1.25668841800822e-104	4.31536864735429	0.69	0.051	2.27410336122768e-100
RBP1	12	3.18970683245918e-104	4.23809526986462	0.62	0.039	5.77209348401813e-100
ESAM	12	4.56725612635951e-104	3.2895168796072	0.718	0.052	8.26490668626016e-100
C11orf96	12	6.50625162966661e-104	3.67846783452699	0.944	0.108	1.17737129490447e-99
PLEKHH3	12	2.56045499120457e-103	4.67176932485361	0.479	0.021	4.6333993520838e-99
CALD1	12	3.5800401952954e-103	5.10573924638924	1	0.152	6.47844073740656e-99
C1R	12	8.36954425254717e-103	3.09326687307299	0.817	0.073	1.51455272794094e-98
PLAC9	12	3.40394667236087e-102	3.76921669255756	0.859	0.086	6.15978189830422e-98
MYL9	12	1.56979426999097e-100	5.02264982913015	1	0.157	2.84069971097566e-96
HES4	12	1.87143785517051e-100	3.71414792712416	0.915	0.104	3.38655394271655e-96
RP11-383H13.1	12	3.96969193980259e-100	5.46782966654223	0.31	0.007	7.18355453426676e-96
FILIP1L	12	7.75884235036463e-100	4.29149724373544	0.746	0.066	1.40404011172198e-95
EPS8	12	1.5890933158611e-99	4.44987241959309	0.859	0.099	2.87562326438224e-95
MAP1B	12	2.13506126292834e-99	4.12321175333789	0.887	0.101	3.86360686139512e-95
FBLN1	12	3.41537434870632e-99	3.00119477857006	0.549	0.03	6.18046142141896e-95
TAGLN	12	9.00120902809829e-99	5.52285074556496	0.972	0.147	1.62885878572467e-94
COL4A1	12	1.27246872985872e-98	4.03681018061517	0.915	0.108	2.30265941355235e-94
RBPMS	12	3.22999075499084e-98	4.04308544670314	0.69	0.055	5.84499127023143e-94
EPAS1	12	3.92798724414356e-97	3.67308922999614	0.958	0.126	7.10808571700219e-93
CACNA1C	12	4.17814076136851e-97	5.8340847927348	0.282	0.006	7.56076352177246e-93
LURAP1L	12	4.72860638282291e-97	5.77268424807066	0.282	0.006	8.55688611035634e-93
SYTL2	12	7.52559720588223e-97	4.00216609419342	0.718	0.061	1.36183207037645e-92
MFGE8	12	9.36480376965123e-96	3.29464917609657	0.944	0.112	1.69465489015609e-91
GPR4	12	5.82709768751737e-95	5.18458203981893	0.38	0.014	1.05447159753314e-90
SNHG18	12	1.66150732887407e-94	4.42969453765546	0.479	0.024	3.00666366233051e-90
COL5A2	12	1.0418309896062e-93	3.65691820859596	0.732	0.065	1.88529735879139e-89
SETBP1	12	1.60575506374334e-93	4.80315293318291	0.423	0.018	2.90577436334994e-89
TPM1	12	2.02663177420532e-93	4.84732898721412	0.986	0.163	3.66739285860194e-89
CSPG4	12	3.24378548469289e-93	4.75162263254283	0.535	0.032	5.86995421310026e-89
CCL26	12	5.38820644295132e-93	5.64324647149803	0.352	0.012	9.75049837916472e-89
TMEM47	12	9.94827560354405e-93	3.46586815020895	0.676	0.053	1.80023995321733e-88
PTK2	12	2.48150522610522e-92	3.9371782856989	0.775	0.077	4.49053185716e-88
HSPB8	12	9.92913456064441e-92	6.1730864009811	0.254	0.005	1.79677619009421e-87
FHL2	12	2.81578923749101e-89	3.25316912507634	0.761	0.074	5.09545220416373e-85
FAT1	12	6.09554395444567e-89	3.93506877363876	0.592	0.043	1.10304963399649e-84
COL1A2	12	6.71441449903358e-89	2.79546289333319	0.972	0.138	1.21504044774512e-84
KRT8	12	8.80754488189248e-89	2.9198473449953	0.577	0.04	1.59381332182726e-84
SLCO3A1	12	1.02731059391481e-88	3.92154763398514	0.69	0.062	1.85902125074823e-84
FSTL1	12	3.27969765930314e-88	3.57566578419666	0.831	0.094	5.93494088427496e-84
IGFBP2	12	4.13426296940399e-88	3.60199342684194	0.944	0.136	7.48136226943347e-84
REM1	12	6.21857314242933e-87	5.1730864009811	0.31	0.009	1.12531299585401e-82
ATP1B2	12	1.18900906116985e-86	5.01465703837662	0.338	0.012	2.15163079709296e-82
UACA	12	1.82928841612532e-86	3.75582874351304	0.817	0.097	3.31028031782037e-82
ARHGAP42	12	2.44601213288651e-86	5.05118291440173	0.352	0.013	4.42630355567143e-82
FILIP1	12	2.90578686246244e-86	3.67607159953565	0.563	0.039	5.25831190631203e-82
LTBP1	12	1.8044728102177e-85	3.87191686626054	0.535	0.035	3.26537399736995e-81
BATF3	12	2.17904881764676e-85	3.86626519848395	0.577	0.042	3.94320674041357e-81
ISYNA1	12	6.96415993315606e-85	4.00450908300054	0.662	0.06	1.26023438150392e-80
CRIP2	12	9.66681102198551e-85	3.28449662211553	0.901	0.119	1.7493061225385e-80
VCL	12	4.8807407358321e-84	4.03974801933945	0.746	0.08	8.83218843556176e-80
DLC1	12	1.91376524871731e-83	3.08087263872751	0.817	0.09	3.46314959407884e-79
DYNC1I1	12	4.79492512642756e-83	5.57105038690101	0.254	0.006	8.67689650878332e-79
KCNMB1	12	5.05353103322936e-83	4.7840441102352	0.423	0.022	9.14486975773186e-79
MAP3K7CL	12	6.56865455634315e-83	4.71209426835619	0.521	0.036	1.18866372851586e-78
CFH	12	7.33565784238288e-83	3.26101270306378	0.915	0.13	1.32746064315761e-78
CDH13	12	2.72081042878071e-82	4.46211601534784	0.408	0.02	4.92357855192157e-78
MGLL	12	4.08284814153206e-82	3.66856689281527	0.732	0.077	7.38832199691642e-78
KLF9	12	3.70079648154031e-81	3.84946995594097	0.789	0.098	6.69696131299534e-77
PTRF	12	3.95678991565312e-81	3.28065971866599	0.944	0.146	7.16020703136589e-77
NFATC4	12	4.627549997273e-81	5.38721120633395	0.296	0.009	8.37401447506522e-77
ANGPT1	12	7.43584319677548e-81	4.67362012054155	0.366	0.016	1.34559018488849e-76
COL6A2	12	1.53680552994632e-80	3.20325339044136	0.972	0.162	2.78100328699086e-76
YAP1	12	2.68581598004331e-80	4.09779827367687	0.521	0.036	4.86025259748637e-76
LPP	12	1.00714795789532e-79	3.99139541565657	0.944	0.172	1.82253494460736e-75
PBX1	12	1.03670190335936e-79	4.05860038596422	0.465	0.028	1.87601576431909e-75
OSMR	12	7.38040914148545e-79	3.60210909112347	0.62	0.054	1.33555883824321e-74
SORBS3	12	9.65142694784526e-78	3.75162263254283	0.69	0.073	1.74652222048208e-73
PHLDB2	12	4.44827778680261e-77	4.31951161990504	0.451	0.028	8.049603482998e-73
INMT	12	8.68849266822497e-77	4.79115099672946	0.352	0.015	1.57226963324199e-72
COL6A1	12	1.16956438919218e-76	2.68888687719486	0.915	0.132	2.11644371868217e-72
EPB41L1	12	1.40980456241514e-75	4.95325649371248	0.296	0.01	2.55118233614645e-71
ST5	12	1.60577891184884e-75	4.47224023262155	0.423	0.024	2.90581751888167e-71
ENAH	12	1.6506830017548e-75	3.65033929670564	0.549	0.044	2.98707595997549e-71
CAMK2N1	12	4.18445191370785e-75	4.00727750801102	0.563	0.047	7.57218418304573e-71
IGFBP4	12	1.30828259390316e-74	3.54661616859081	1	0.219	2.36746818192715e-70
OLFML2A	12	2.52248452731969e-74	5.64692525387613	0.268	0.008	4.56468800063772e-70
C2CD2	12	3.37395910177583e-74	4.19492398404039	0.535	0.043	6.10551639057354e-70
PDLIM1	12	5.45546272419546e-74	2.98593822125509	0.901	0.136	9.87220534570411e-70
PEAR1	12	6.29532853304224e-74	4.31612103070427	0.408	0.023	1.13920265133932e-69
CAV2	12	6.37913232658923e-74	3.14729480695474	0.859	0.123	1.15436778581959e-69
CSRP2	12	3.26111858799347e-73	4.86190468755774	0.465	0.032	5.90132019683297e-69
SSTR2	12	4.68001157948814e-73	4.79892834732118	0.338	0.015	8.46894895424174e-69
MAP2	12	1.60157959524871e-72	4.93448668969264	0.31	0.012	2.89821843556207e-68
PLS3	12	1.81813579002394e-72	2.97179038876476	0.831	0.109	3.29009852562731e-68
EGFLAM	12	2.28071388541322e-72	4.79601675190128	0.296	0.011	4.12717984704376e-68
ACTN1	12	5.08199812387112e-72	3.51803200460151	0.817	0.12	9.19638380495719e-68
CNN3	12	1.36857670893012e-71	2.84643670929009	0.901	0.138	2.47657641247994e-67
LZTS1	12	1.67036408569654e-71	3.75162263254283	0.507	0.039	3.02269084947645e-67
LIN7A	12	6.23267576477859e-71	4.73251380959512	0.31	0.013	1.12786500639433e-66
FMOD	12	8.50153240084281e-71	4.55417656833661	0.296	0.011	1.53843730325652e-66
MGP	12	1.17747060966286e-70	2.97111781046837	0.972	0.2	2.13075081524591e-66
NDRG2	12	1.84805894258634e-70	4.02725707515625	0.493	0.038	3.34424746250424e-66
TIMP3	12	1.89984791120849e-70	2.45877837351013	0.901	0.137	3.43796478012288e-66
NNMT	12	4.81378682438316e-70	2.50886720496715	0.944	0.146	8.71102863740378e-66
NEXN	12	7.28571712482282e-69	4.08177123423516	0.465	0.034	1.31842337090794e-64
TP53I11	12	9.891623770084e-69	4.13628648277815	0.451	0.032	1.7899882374344e-64
C1S	12	1.14760344771256e-68	2.85115830609374	0.592	0.055	2.07670319898064e-64
FJX1	12	1.52894259724168e-68	4.75162263254283	0.352	0.018	2.76677452396854e-64
HSPA2	12	1.72734903911493e-68	4.12334109414172	0.634	0.071	3.12581082118238e-64
PTGIR	12	1.83388096308529e-68	4.18277979718495	0.423	0.028	3.31859099079913e-64
C9orf3	12	1.90312810302083e-67	3.55718427277738	0.62	0.066	3.4439006152265e-63
BMP1	12	3.07740904771324e-67	3.84661914647857	0.577	0.056	5.56887941274188e-63
FN1	12	3.94494726076263e-67	2.48941050945622	0.986	0.198	7.13877656307606e-63
PEAK1	12	8.02687203853396e-67	3.79344280823745	0.606	0.064	1.45254276409311e-62
SORT1	12	9.1849161415247e-67	3.82332409789701	0.535	0.048	1.66210242497031e-62
NID1	12	1.35064765442646e-66	3.45290925123121	0.634	0.069	2.44413199545013e-62
C3orf70	12	1.06687562131876e-65	4.76954454054009	0.296	0.013	1.93061812433843e-61
PRSS23	12	1.12178144751629e-65	2.79897031113802	0.845	0.126	2.02997570742548e-61
SNCG	12	1.8547996836534e-65	3.57625554603227	0.592	0.061	3.3564455075392e-61
PRKCDBP	12	2.39936112709093e-65	2.69524016264531	0.901	0.148	4.34188389558375e-61
RRAS	12	3.94052669396054e-65	2.95668696973929	0.944	0.193	7.130777105391e-61
SMARCD3	12	7.22145017444028e-65	4.09082871886202	0.408	0.027	1.30679362356671e-60
ADAMTS4	12	2.04261959393021e-64	4.44551950481715	0.423	0.03	3.6963244171761e-60
PALLD	12	3.3204809499554e-64	3.53160111566913	0.676	0.085	6.00874232703929e-60
DAB2IP	12	3.51115997366907e-64	4.14676057438396	0.38	0.023	6.35379508835154e-60
LAMA4	12	3.70140735400551e-64	2.77726245370093	0.789	0.11	6.69806674780837e-60
FARP1	12	7.67958785153638e-64	3.88782701614114	0.437	0.032	1.38969821761402e-59
DDR2	12	3.0359200590948e-62	3.33658513326398	0.549	0.054	5.49380093893795e-58
CTD-2536I1.1	12	5.65671587033442e-62	4.71991377281549	0.31	0.015	1.02363930389572e-57
PDE1A	12	1.18913772540982e-61	4.65069372369205	0.282	0.012	2.15186362790162e-57
IGFBP7	12	1.93789893718044e-61	4.02487046662127	1	0.311	3.50682191672172e-57
HOPX	12	3.43059605108932e-61	3.05647721407125	0.746	0.105	6.20800661405123e-57
PLEKHH2	12	1.10577061979871e-60	4.82201196043422	0.282	0.013	2.00100251358774e-56
SPARC	12	5.12367314783021e-60	2.77398569587197	0.986	0.203	9.27179892831355e-56
CRIM1	12	4.39051810579691e-59	2.41095797507388	0.648	0.077	7.94508156425009e-55
TENC1	12	1.144100467397e-58	3.60577176607937	0.479	0.043	2.07036420580161e-54
FOXC1	12	1.72027818076097e-58	3.98866182984368	0.38	0.026	3.11301539590506e-54
RASAL2	12	3.36182606099637e-58	3.63861367071364	0.479	0.044	6.08356043997903e-54
VSTM4	12	3.74135807575588e-57	4.53821899443363	0.282	0.014	6.77036157388784e-53
SMARCA1	12	5.75530049950128e-57	3.72515042118164	0.437	0.037	1.04147917838975e-52
SEMA6D	12	1.53379364915849e-56	4.62288931842062	0.268	0.012	2.77555298751721e-52
MICU3	12	2.120436896855e-56	4.00400979417711	0.352	0.023	3.83714260854881e-52
SEPT8	12	2.25019899670221e-56	3.77527390060747	0.451	0.04	4.07196010443233e-52
RASL11A	12	3.7806278183036e-56	3.34540898365099	0.451	0.039	6.84142410000219e-52
PMEPA1	12	5.88261341811261e-56	2.04027457255589	0.775	0.119	1.06451772414166e-51
CCDC3	12	1.66137182744684e-55	3.62609175045897	0.38	0.028	3.0064184589478e-51
SVIL	12	4.33362180321775e-55	3.63614541512289	0.451	0.041	7.84212201510284e-51
PRELP	12	4.66037041158313e-55	3.00727750801102	0.338	0.021	8.43340629680082e-51
PRR24	12	6.65734352596216e-55	3.50593956122016	0.634	0.087	1.20471288445811e-50
SERPINH1	12	2.57014367541207e-54	2.82288131571265	0.69	0.1	4.65093199502568e-50
FERMT2	12	1.07230719460675e-53	3.40301249500296	0.507	0.054	1.94044709936038e-49
FLNA	12	2.13122441129443e-53	3.3924383679975	0.93	0.251	3.85666369467841e-49
SUGCT	12	2.3324454821322e-53	4.60788715508138	0.282	0.015	4.22079334446643e-49
DMPK	12	4.47820815319541e-53	3.92154763398514	0.394	0.032	8.10376547402241e-49
DSTN	12	7.55753521720316e-53	4.07878737579634	0.986	0.4	1.36761157290508e-48
LAMC1	12	1.00478287559783e-52	3.2933319353101	0.676	0.102	1.81825509168184e-48
LGALSL	12	1.31910601644395e-52	3.69272894348926	0.394	0.032	2.38705424735697e-48
PTPRG	12	6.23943642165493e-52	3.71920115485045	0.408	0.035	1.12908841486268e-47
LAPTM4B	12	1.16872790532059e-51	3.36258034179693	0.577	0.076	2.11493001746813e-47
CDC42EP4	12	1.1938292949645e-51	3.60788715508138	0.408	0.035	2.16035349216776e-47
AKAP12	12	4.37153821194773e-51	2.50456815697211	0.606	0.078	7.9107355483406e-47
PDLIM7	12	5.98195116833818e-51	2.97174844690733	0.718	0.122	1.08249388342248e-46
RFTN1	12	9.97057692577768e-51	2.97253156270394	0.606	0.082	1.80427560048873e-46
TGFB2	12	2.20098754102326e-50	4.30555823764336	0.268	0.014	3.9829070542357e-46
LOXL2	12	5.07172323962617e-50	2.86843629752558	0.437	0.041	9.17779037442751e-46
PTPLA	12	5.19772383204914e-50	4.52214078642006	0.282	0.016	9.40580104647613e-46
TEAD1	12	1.00099242348267e-49	3.09409150587102	0.549	0.067	1.81139588953424e-45
RASGRP2	12	2.03030594949165e-49	3.1211960996653	0.577	0.077	3.67404164620009e-45
HCFC1R1	12	2.06534548869585e-49	3.08304401335687	0.746	0.142	3.737449196344e-45
ID3	12	3.17949377335084e-49	3.34518685160265	0.944	0.299	5.75361193225568e-45
RP11-14N7.2	12	4.57621842671809e-49	2.81211439289919	0.606	0.084	8.28112486498906e-45
MIR4435-1HG	12	8.52881376176315e-49	2.89948389831915	0.873	0.212	1.54337413832866e-44
SGCB	12	1.18377140700912e-48	2.8519895910726	0.606	0.084	2.1421527381237e-44
CRYAB	12	4.54175019634152e-48	0.892206054914079	0.732	0.118	8.21875115529961e-44
ARHGAP1	12	7.43476048798342e-48	3.06033985370365	0.662	0.108	1.34539425790548e-43
CAV1	12	9.85800167520804e-48	2.00457996568867	0.915	0.21	1.78390398314565e-43
CSRP1	12	1.62676020289463e-47	3.09997885270783	0.93	0.288	2.94378526315812e-43
RBMS3	12	3.28367634894525e-47	3.31163877613375	0.465	0.051	5.94214072105132e-43
COL5A1	12	5.76865839393211e-47	2.5451717550754	0.451	0.047	1.04389642296596e-42
VCAM1	12	8.26886239767823e-47	2.8296251445441	0.408	0.039	1.49633333948385e-42
LRP11	12	1.62496230947431e-46	4.09557703376019	0.282	0.018	2.94053179522471e-42
DST	12	1.72302512596172e-46	2.54969431376609	0.831	0.177	3.11798626794033e-42
HIC1	12	2.29545158796507e-46	3.2342234156343	0.493	0.059	4.1538491935816e-42
HIP1	12	2.55982675576629e-46	3.3273666032346	0.451	0.049	4.63226249723468e-42
KCNC3	12	3.04569886091195e-46	4.30555823764336	0.268	0.016	5.51149665870627e-42
PARVA	12	3.43211115693095e-46	3.0494224565373	0.493	0.058	6.21074834958224e-42
AXL	12	4.35926805545908e-46	2.74006119083418	0.817	0.181	7.88853147315875e-42
PXDN	12	8.29331130211643e-46	2.84959779210612	0.38	0.034	1.50075761323099e-41
ADCY6	12	1.07230725615845e-45	3.67362012054155	0.31	0.022	1.94044721074434e-41
MAPRE2	12	2.80529814231941e-45	3.13751378616215	0.521	0.068	5.0764675183412e-41
TMTC1	12	3.35200129761102e-45	3.53589394148739	0.338	0.027	6.0657815481569e-41
CYB5R3	12	5.76808922789292e-45	2.50047121822495	0.901	0.238	1.0437934266795e-40
CALCRL	12	5.97712606491727e-45	1.94556451510367	0.549	0.07	1.08162073270743e-40
SMTN	12	2.51000104432546e-44	3.41904729345596	0.451	0.051	4.54209788981136e-40
NDN	12	5.32620320297874e-44	3.24466264382294	0.437	0.048	9.63829731611032e-40
MPRIP	12	2.04319806300471e-43	3.10796075821602	0.662	0.125	3.69737121481332e-39
NAB1	12	2.06219145937498e-43	3.1915348004607	0.507	0.067	3.73174166488496e-39
SLMAP	12	2.27010932590872e-43	3.27886963540769	0.479	0.06	4.10798983616442e-39
MYH9	12	2.43663277394198e-43	2.53289342529696	0.901	0.243	4.4093306677254e-39
APP	12	3.19520553882111e-43	1.94736561814087	0.887	0.195	5.78204394305068e-39
MXRA8	12	3.69931511719732e-43	2.48648056374704	0.549	0.074	6.69428063608026e-39
CLMN	12	3.90177192588106e-43	3.22469225319308	0.408	0.043	7.06064647707437e-39
AGAP1	12	3.32666696904243e-42	3.89297848178837	0.296	0.022	6.01993654717918e-38
IL34	12	5.93097486197582e-42	2.27769144421041	0.437	0.048	1.07326921102314e-37
MRC2	12	6.12431631585725e-42	3.42969453765546	0.366	0.035	1.10825628051753e-37
HOXD-AS2	12	9.11778907386308e-42	3.8418204415144	0.282	0.02	1.64995511080626e-37
MT1E	12	9.17822409628676e-42	2.22221810831198	0.62	0.1	1.66089143246405e-37
NT5DC2	12	1.18242517539237e-41	3.06605619088326	0.451	0.054	2.13971659739002e-37
EPHX1	12	1.96080683988967e-41	2.35414350464829	0.775	0.165	3.54827605746434e-37
NGFRAP1	12	2.1667091498613e-41	1.94332692464107	0.831	0.184	3.92087687758902e-37
RBFOX2	12	2.17157277342916e-41	3.52259711887393	0.366	0.036	3.9296780907974e-37
A4GALT	12	2.25813260318821e-41	3.4058477957011	0.38	0.039	4.08631675872938e-37
PKIG	12	3.28969849731952e-41	2.3765832011959	0.62	0.1	5.9530384007494e-37
RARB	12	4.04382356667641e-41	4.04380338403614	0.254	0.016	7.31770312625764e-37
STOM	12	4.90175760533632e-41	2.02159070451116	0.915	0.255	8.8702205626166e-37
SEPT11	12	5.04236201171604e-41	3.01081497208223	0.606	0.105	9.12465829640135e-37
RAMP1	12	5.25831960514706e-41	3.66339544953109	0.324	0.028	9.51545515747412e-37
CCND1	12	1.0498481971794e-40	2.10136867156995	0.803	0.177	1.89980529761584e-36
HSPB2	12	3.8952278361986e-40	3.58169763110051	0.338	0.031	7.04880429238499e-36
SERPING1	12	4.0462848524051e-40	2.67183460664918	0.817	0.219	7.32215706891227e-36
ST6GALNAC6	12	4.97310749086533e-40	2.57701811016064	0.62	0.107	8.99933531546989e-36
PDLIM5	12	6.6652404520968e-40	2.68993031013658	0.69	0.14	1.20614191221144e-35
TUSC1	12	9.51872519170718e-40	3.3708008486019	0.38	0.04	1.72250851069133e-35
IGFBP6	12	1.09697298574444e-39	1.19805733184171	0.761	0.153	1.98508231500314e-35
GSN	12	1.69518515914187e-39	1.7652776566023	0.972	0.309	3.06760706398312e-35
MAP1LC3A	12	1.90113587440344e-39	2.50586621814087	0.676	0.129	3.44029547832047e-35
ADAMTS2	12	2.11291063608716e-39	3.43476552720289	0.394	0.045	3.82352308706332e-35
ITGB5	12	2.13262731360624e-39	2.5423755872633	0.634	0.115	3.85920238670185e-35
FKBP4	12	4.65466464044222e-39	2.82074699319765	0.577	0.097	8.42308113334425e-35
SEPW1	12	5.03864285415628e-39	2.15196508823683	0.986	0.455	9.11792810888121e-35
PLCE1	12	5.37360543255987e-39	3.75162263254283	0.296	0.024	9.72407639076033e-35
C2orf27A	12	5.80907345189776e-39	3.71039996981631	0.296	0.024	1.05120993185542e-34
TJP1	12	8.17049241678143e-39	2.92800265612244	0.465	0.062	1.47853230774077e-34
NTN4	12	1.527722752221e-38	3.0222702224865	0.366	0.038	2.76456709241913e-34
PHLDA1	12	1.59837438362879e-38	2.25703833404649	0.789	0.184	2.89241828461466e-34
DCN	12	2.163888629629e-38	0.936559615349959	0.465	0.059	3.91577286417664e-34
IFITM3	12	2.90568647042001e-38	2.12023871457752	1	0.687	5.25813023687204e-34
AMOTL2	12	5.04037415780095e-38	4.12713176763503	0.282	0.023	9.1210610759566e-34
CD151	12	5.36656366339028e-38	2.15874626095771	0.915	0.28	9.71133360527104e-34
APOLD1	12	5.67994138543798e-38	2.84015930714448	0.451	0.058	1.02784219310886e-33
LPHN2	12	8.31551716217584e-38	3.37881336865328	0.324	0.03	1.50477598566734e-33
GALNT18	12	1.07874026782176e-37	3.30683778986993	0.31	0.028	1.95208838865026e-33
LAMA5	12	1.78583230111031e-37	3.0307767037399	0.493	0.072	3.23164213208922e-33
MYL6	12	2.15993961307037e-37	1.8219106511374	1	0.98	3.90862672381214e-33
CDC42EP1	12	2.19785399268078e-37	2.94426771048522	0.465	0.064	3.97723658515514e-33
ITGAV	12	3.15988341573128e-37	2.80546078417038	0.662	0.139	5.71812502910732e-33
CYFIP2	12	4.66696401717912e-37	3.36406586968609	0.437	0.058	8.44533808548734e-33
KAZN	12	5.76420946257655e-37	3.75162263254283	0.268	0.021	1.04309134434785e-32
FEZ1	12	6.41032611402325e-37	2.39172668745644	0.451	0.058	1.16001261359365e-32
PDLIM2	12	8.09956777961254e-37	2.38646103990355	0.746	0.179	1.46569778539869e-32
CTTN	12	9.34975588606927e-37	2.20413483724033	0.648	0.119	1.6919318251431e-32
PPIC	12	1.80386536071037e-36	2.42659529899658	0.549	0.089	3.26427475674149e-32
LEPREL1	12	2.06216457688429e-36	3.76954454054009	0.296	0.026	3.73169301832981e-32
ARHGAP10	12	2.48736165278852e-36	3.3669587823075	0.324	0.032	4.50112964688611e-32
PTMS	12	2.85595862881341e-36	2.0821638577349	0.958	0.368	5.16814273470075e-32
ITGB1	12	3.47921201495928e-36	2.00927384167972	0.972	0.378	6.29598206227032e-32
CYGB	12	8.81713676786798e-36	4.12246032791113	0.338	0.037	1.59554906951339e-31
AKR1C3	12	1.07728739137562e-35	3.20882958606561	0.338	0.035	1.94945926343332e-31
ANGPT2	12	1.09124746233066e-35	1.6414397147924	0.479	0.067	1.97472140783357e-31
PRRX2	12	1.09428948876721e-35	3.45616674901665	0.268	0.022	1.98022625887314e-31
TPM4	12	1.1278557296131e-35	2.2817827480254	0.958	0.445	2.04096772830786e-31
HTRA1	12	1.78571194963157e-35	2.25437036997579	0.606	0.108	3.23142434405329e-31
CDC42BPA	12	2.0584136294136e-35	2.9155488933637	0.465	0.068	3.72490530378686e-31
LMNA	12	2.15583354065169e-35	2.03227937627175	0.986	0.358	3.9011963751633e-31
OLFML2B	12	2.2016619249308e-35	2.53978398936712	0.676	0.149	3.98412741935478e-31
KLHDC8B	12	2.57565738817594e-35	3.51640617084879	0.338	0.036	4.66090960964319e-31
TCF7L1	12	3.69139993418723e-35	3.63614541512289	0.282	0.025	6.67995732090521e-31
MXRA7	12	4.41768820974947e-35	1.91266305032031	0.718	0.156	7.99424858436264e-31
PTGFRN	12	6.18527188320092e-35	3.34907607744718	0.338	0.036	1.11928679998404e-30
IFT81	12	1.23499657330558e-34	3.57474487045875	0.282	0.025	2.23484979905377e-30
EPHA2	12	1.45624446886863e-34	3.46716924307413	0.31	0.031	2.63521999086467e-30
NR2F6	12	2.03763167783913e-34	3.03469479161316	0.38	0.046	3.68729828421769e-30
IGFBP5	12	2.89179241631899e-34	3.80305087134983	0.493	0.079	5.23298755657085e-30
SLC16A4	12	3.69581176274338e-34	3.41904729345596	0.324	0.034	6.68794096586042e-30
ASAP1	12	4.18814222216536e-34	2.59749948722341	0.634	0.134	7.57886216523044e-30
CALM2	12	5.12856208339024e-34	1.87836281481559	1	0.825	9.28064594610297e-30
TNKS1BP1	12	5.86736927714652e-34	3.38549473374493	0.338	0.038	1.06175914439243e-29
FKBP10	12	6.28617907929662e-34	2.75735900209197	0.451	0.066	1.13754696618952e-29
LBH	12	7.45341212881146e-34	2.64814651259309	0.521	0.088	1.34876945882972e-29
C5orf24	12	8.79834464215987e-34	2.57577279714341	0.62	0.127	1.59214844644525e-29
A2M	12	9.5147770635053e-34	1.55538835328073	0.93	0.304	1.72179405741192e-29
TM4SF1	12	3.11996598486469e-33	0.825497920222932	0.592	0.104	5.64589044621114e-29
LGALS3BP	12	6.70659144399126e-33	2.02595623849802	0.873	0.26	1.21362478770466e-28
GEM	12	8.49202785156339e-33	2.5451717550754	0.507	0.084	1.53671736001891e-28
CBX6	12	1.92099089224447e-32	2.49484721718071	0.648	0.149	3.4762251186056e-28
RHOC	12	2.79522137064597e-32	1.76832454448841	0.93	0.302	5.05823259232095e-28
RABGAP1	12	4.14856599536034e-32	2.57577279714341	0.465	0.072	7.50724502520407e-28
SLC12A2	12	4.36694508691696e-32	3.11741661280182	0.366	0.047	7.90242382928494e-28
NFIB	12	4.50176855402583e-32	2.15866734106814	0.451	0.066	8.14640037536514e-28
INHBA	12	4.78580934086977e-32	2.96312673773654	0.31	0.033	8.66040058323793e-28
IL1R1	12	7.09183900089432e-32	2.72276776987064	0.366	0.046	1.28333918560184e-27
SIAE	12	7.50788572296409e-32	3.53907799716273	0.268	0.025	1.35862700042758e-27
ITGA3	12	9.01281755038313e-32	2.27533794443744	0.479	0.076	1.63095946391733e-27
LRIG1	12	9.31588485862788e-32	3.46211601534784	0.268	0.025	1.6858025240173e-27
NGFR	12	1.00670891712851e-31	3.06356663885757	0.31	0.033	1.82174045643574e-27
CD9	12	1.88051710838555e-31	1.91398514354918	0.873	0.269	3.40298375933449e-27
NRGN	12	2.21303935577457e-31	3.47408865701392	0.324	0.038	4.00471601820966e-27
ACTN4	12	2.71288285610972e-31	2.17626213093297	0.873	0.336	4.90923281641614e-27
SPRY1	12	3.75938902154615e-31	1.50252741766691	0.563	0.103	6.80299037338992e-27
UBE2E2	12	4.48936584017653e-31	2.66471456731966	0.535	0.104	8.12395642438345e-27
GNAI1	12	4.96392528865839e-31	3.44905986252239	0.254	0.023	8.98271920235622e-27
CFL2	12	7.53319037734938e-31	2.50088558551242	0.62	0.138	1.36320613068514e-26
SEPT7	12	7.69259921824867e-31	2.01553969061638	0.944	0.572	1.39205275453428e-26
CD59	12	8.34008098904757e-31	1.87954554840309	0.986	0.574	1.50922105577805e-26
SULF1	12	1.47004425308161e-30	1.69447872543922	0.549	0.1	2.66019208037647e-26
BCAR1	12	1.55991389276649e-30	2.95644242443132	0.38	0.053	2.82282018035024e-26
CACNA2D1	12	1.75442365718398e-30	2.49049781671766	0.268	0.025	3.17480505004013e-26
TLN1	12	2.49850467834862e-30	2.21521695199987	0.775	0.219	4.52129406593966e-26
MYBBP1A	12	2.90207820191454e-30	3.42969453765546	0.31	0.036	5.25160071418454e-26
LIMS2	12	3.2388169753991e-30	2.74435463207879	0.366	0.048	5.8609631986822e-26
FBN1	12	7.11419543320696e-30	2.20534059998573	0.437	0.068	1.28738480559313e-25
PTP4A3	12	7.56785256494078e-30	1.19869132274286	0.817	0.209	1.36947860015168e-25
LEPROT	12	8.22585615106724e-30	2.07387746167253	0.803	0.234	1.48855092909713e-25
AKT3	12	1.03627743898116e-29	2.76890062397466	0.366	0.049	1.8752476535803e-25
LINC00152	12	1.11140650214345e-29	1.79400735335946	0.93	0.358	2.01120120627879e-25
FAM63B	12	1.88745235854919e-29	2.47408865701392	0.493	0.089	3.41553378803062e-25
PAM	12	1.91505010112653e-29	2.50546204527343	0.493	0.089	3.46547466299856e-25
ZNF618	12	5.18913172342177e-29	3.23079046924139	0.296	0.033	9.39025276670403e-25
ROCK2	12	5.30468412399131e-29	2.30886975505216	0.606	0.136	9.59935639077467e-25
PLEKHA4	12	5.41473822743106e-29	2.12085644220855	0.394	0.057	9.79851029635924e-25
SYNPO	12	6.2170197153927e-29	2.29555786500393	0.423	0.066	1.12503188769746e-24
LGI4	12	8.30998273417046e-29	1.57997500995151	0.366	0.048	1.50377447557549e-24
EFEMP2	12	9.93555626536178e-29	2.50599790496866	0.408	0.063	1.79793826177987e-24
PTPRK	12	1.02388164680353e-28	3.26619580537258	0.282	0.031	1.85281622805567e-24
RARRES2	12	1.1420328554473e-28	1.53305192215879	0.31	0.036	2.06662265521743e-24
AK1	12	1.23216539297374e-28	2.30570582038001	0.535	0.105	2.22972649512528e-24
OAZ2	12	2.02240642515427e-28	2.52170962923658	0.634	0.161	3.65974666695917e-24
GNG12	12	2.25386264170463e-28	2.1910614753118	0.535	0.106	4.0785898364287e-24
PTGR1	12	3.32698332597103e-28	2.82317589356786	0.38	0.056	6.02050902667718e-24
MYO1C	12	4.16118893945614e-28	2.52923021120638	0.507	0.1	7.53008750483984e-24
IFI27	12	4.29888465079516e-28	1.53623164883051	0.986	0.432	7.77926166407891e-24
ATP2A2	12	4.73613685480928e-28	2.36619159534931	0.662	0.179	8.57051325246287e-24
ARHGEF12	12	4.7966256680413e-28	2.55578363024769	0.479	0.089	8.67997380888754e-24
PCOLCE	12	7.76036278186996e-28	1.9062998602862	0.38	0.054	1.40431524900719e-23
TCEAL4	12	8.47220602561196e-28	2.04070747074317	0.746	0.209	1.53313040239474e-23
MRPL32	12	9.50333513812334e-28	2.24142790022364	0.606	0.142	1.7197235265948e-23
CRIP1	12	1.75278096162999e-27	2.30999092325227	0.845	0.329	3.17183242816562e-23
CCDC80	12	4.10533803280769e-27	1.33453730461512	0.38	0.055	7.42901970416879e-23
SORBS1	12	4.15318317799309e-27	2.68023799930606	0.296	0.035	7.5156002788963e-23
FXYD1	12	4.3278777709967e-27	1.84913913845709	0.479	0.086	7.83172761439562e-23
B3GNT2	12	6.7596818626476e-27	2.5958279599354	0.437	0.077	1.22323202986471e-22
ASAP2	12	8.69969322514937e-27	2.89917982095668	0.31	0.039	1.57429648602303e-22
SPTBN1	12	1.23713844253368e-26	1.51278546013278	0.718	0.178	2.23872572560894e-22
ILK	12	2.03947490895283e-26	2.15147372800699	0.69	0.2	3.69063379524104e-22
EID1	12	2.21564839122325e-26	1.89651883949362	0.845	0.351	4.00943732875759e-22
NRARP	12	2.57492518949772e-26	2.30759292992428	0.592	0.144	4.65958462291507e-22
NCK2	12	3.47782711675479e-26	2.28558222982988	0.592	0.146	6.29347595047946e-22
MICAL2	12	5.41465310806053e-26	2.88592372425442	0.324	0.045	9.79835626434634e-22
H1F0	12	5.93905560958258e-26	2.37003161635712	0.549	0.124	1.07473150311006e-21
SNX7	12	7.31105949036215e-26	2.96312673773654	0.296	0.037	1.32300932537593e-21
ENTPD1	12	7.50166822768771e-26	2.25889384875629	0.577	0.134	1.35750188248237e-21
CYTH3	12	1.00782357615618e-25	3.40369932912252	0.254	0.028	1.82375754341222e-21
VIM	12	1.04130477825246e-25	1.3763164691334	1	0.764	1.88434512672565e-21
ECE1	12	1.13190300323959e-25	2.17623345852847	0.62	0.16	2.04829167466236e-21
PHLDA2	12	1.16224883134024e-25	2.37227684040729	0.592	0.144	2.1032054851933e-21
TACC1	12	1.50575484888405e-25	2.30838824143333	0.69	0.209	2.72481397454058e-21
UGCG	12	3.65373930600672e-25	2.26129700595975	0.634	0.173	6.61180664814976e-21
PRKAR1B	12	4.42886448875601e-25	2.54931445724971	0.38	0.062	8.01447317885287e-21
TRIP10	12	6.71542653793435e-25	3.09779827367687	0.296	0.039	1.2152235863046e-20
SELM	12	7.91693713753751e-25	1.56287899228276	0.958	0.491	1.43264894440879e-20
MYADM	12	8.49189013099909e-25	1.92412617808691	0.761	0.236	1.5366924381056e-20
ADAMTS1	12	9.17720178732572e-25	2.00098210147954	0.366	0.057	1.66070643543446e-20
TNFRSF12A	12	9.6210382383848e-25	1.46294634345185	0.577	0.13	1.74102307961811e-20
AAMDC	12	1.03273514901341e-24	2.23928793190907	0.521	0.115	1.86883752565466e-20
RAB34	12	1.04829189592936e-24	1.99596094466672	0.648	0.179	1.89698901487377e-20
LGALS1	12	1.14793584847927e-24	1.57079479383791	1	0.707	2.07730471140809e-20
EMP2	12	1.16849824077919e-24	2.28250846050819	0.423	0.076	2.11451441651401e-20
SMC6	12	1.36691891286978e-24	2.62386708534445	0.394	0.069	2.47357646472915e-20
SEPT10	12	1.62257821796664e-24	2.49738134516704	0.394	0.068	2.93621754323243e-20
FBXO32	12	2.81868870198582e-24	2.79816521847986	0.38	0.065	5.10069907511355e-20
SLC39A14	12	2.90083401715468e-24	3.01465703837662	0.282	0.036	5.24934923744311e-20
IFT43	12	4.54246101053282e-24	2.43476552720289	0.451	0.09	8.22003744466019e-20
ZMIZ1	12	6.33280121177344e-24	2.55339652233713	0.451	0.092	1.14598370728252e-19
EVA1B	12	7.07192716473786e-24	2.07247769276496	0.676	0.206	1.27973593973096e-19
DYNC2LI1	12	1.07645212561895e-23	2.71883269742516	0.352	0.057	1.94794776652006e-19
ARHGEF7	12	1.36467845465692e-23	2.76721948759384	0.352	0.058	2.46952213154715e-19
CHSY1	12	1.38824989625771e-23	2.26769005205291	0.507	0.114	2.51217701226796e-19
ADAMTS9	12	1.43360159086738e-23	2.39574720573213	0.296	0.04	2.59424543883361e-19
SBDS	12	1.51802210208068e-23	1.98240283937199	0.761	0.275	2.7470127959252e-19
EMILIN1	12	1.69182014695098e-23	2.34206026333013	0.352	0.056	3.0615177379225e-19
KIAA0040	12	1.90490100434334e-23	2.40247306892044	0.465	0.097	3.44710885745971e-19
CHURC1	12	1.92357770036131e-23	1.94628970807043	0.803	0.343	3.48090620657382e-19
H2AFJ	12	3.44033431481249e-23	1.6352718486167	0.859	0.354	6.22562897608468e-19
C20orf27	12	3.87433237649733e-23	2.59570448909439	0.592	0.171	7.01099186850958e-19
GLRX5	12	4.12900295290388e-23	1.88629030919881	0.69	0.215	7.47184374357485e-19
TCF4	12	6.05909110672291e-23	1.63614541512289	0.718	0.219	1.09645312667258e-18
NPTN	12	7.3094425193987e-23	2.22284296721479	0.592	0.163	1.32271671831039e-18
CTSK	12	8.33213984389671e-23	1.3842515668943	0.31	0.044	1.50778402615155e-18
CYSTM1	12	8.450482054641e-23	1.85545844352737	0.69	0.213	1.52919923260784e-18
ANO6	12	8.54147410044749e-23	2.54766745946305	0.451	0.096	1.54566515321698e-18
RSU1	12	8.86329114424901e-23	2.29133405216908	0.521	0.126	1.6039011654633e-18
RGS16	12	9.99811792775076e-23	2.31018744319937	0.507	0.119	1.80925942020578e-18
RAP2A	12	1.14941573775203e-22	2.50066105900961	0.479	0.109	2.07998271903607e-18
ATL3	12	1.15323986454076e-22	2.1211454725693	0.549	0.138	2.08690285887295e-18
MGST3	12	1.39839703807864e-22	1.72032650205329	0.915	0.568	2.53053928010712e-18
COL12A1	12	1.40091210902064e-22	1.62314807459402	0.366	0.06	2.53509055248375e-18
TIMP1	12	1.62083488944145e-22	1.13207562392492	1	0.891	2.93306281593324e-18
ANXA6	12	1.71072536443345e-22	1.99810586211277	0.662	0.2	3.09572861947877e-18
ADAM9	12	2.35633472926e-22	2.06979859256908	0.592	0.16	4.2640233260689e-18
YBX3	12	2.91935321563297e-22	1.60813103895329	0.775	0.255	5.28286157900942e-18
TUBB6	12	4.3223468045875e-22	2.03492943340288	0.479	0.104	7.82171877758155e-18
RCN1	12	4.82622026086097e-22	1.82812077001687	0.648	0.188	8.73352818405402e-18
PTEN	12	7.77966819990336e-22	2.07753424134869	0.62	0.179	1.40780875745451e-17
CPM	12	8.6965306363929e-22	2.73934430276439	0.38	0.073	1.57372418396166e-17
GSTA4	12	8.84308943862822e-22	2.93059277358815	0.254	0.033	1.60024546481416e-17
PODXL2	12	9.34654899049657e-22	3.12713176763503	0.268	0.037	1.69135150532026e-17
GAPDH	12	9.40152402786466e-22	0.973715459850394	1	0.991	1.70129978808239e-17
MYOF	12	9.97594515928318e-22	2.39381000195693	0.451	0.099	1.80524703602388e-17
DUSP14	12	1.13280190600351e-21	3.02579759598182	0.282	0.041	2.04991832910396e-17
ENDOD1	12	1.26522827089024e-21	2.00911885483519	0.437	0.09	2.28955707900298e-17
IL6ST	12	1.26888945891153e-21	1.76726561029533	0.69	0.216	2.2961823648463e-17
WBP5	12	1.32742184050627e-21	1.24460327487823	0.676	0.189	2.40210256258015e-17
TCEAL7	12	2.66063342253227e-21	1.92328268535589	0.31	0.047	4.8146822414144e-17
DSTYK	12	3.58379640725924e-21	3.01465703837662	0.254	0.034	6.48523797857633e-17
COL8A1	12	4.26353750989677e-21	1.69996051272033	0.408	0.078	7.71529747790919e-17
ZMAT3	12	6.47611075310615e-21	2.13091010687247	0.535	0.138	1.17191700188209e-16
SPRY4	12	6.5582590565601e-21	2.45394208390214	0.296	0.045	1.18678255887512e-16
NOL3	12	9.26966230461262e-21	2.65540731728352	0.338	0.06	1.6774380906427e-16
NCKAP1	12	9.37097509161069e-21	2.39440578765232	0.38	0.074	1.69577165257787e-16
TRAK1	12	1.01809785920447e-20	2.78769188725035	0.31	0.051	1.84234988601641e-16
ANXA11	12	1.0186683629816e-20	1.74142686543694	0.761	0.284	1.8433822696515e-16
IFITM2	12	1.24001546201827e-20	1.37477260546101	0.958	0.626	2.24393198006827e-16
PELO	12	1.30306294557633e-20	2.63614541512289	0.338	0.06	2.35802270631493e-16
MAP9	12	1.34360048712238e-20	2.81873682840136	0.268	0.038	2.43137944149665e-16
NACC2	12	1.43970641114907e-20	2.91156354541252	0.296	0.047	2.60529272161536e-16
SOCS5	12	1.48483868028866e-20	2.69272894348926	0.31	0.051	2.68696407585037e-16
FAM129B	12	2.12469129874731e-20	1.99238787453559	0.479	0.113	3.84484137421314e-16
WDR1	12	2.3602512385864e-20	1.82860398992484	0.704	0.249	4.27111064134596e-16
JAM3	12	2.3878941096437e-20	2.97583778948609	0.254	0.035	4.32113318081124e-16
MICALL2	12	2.56899917846038e-20	1.78969067337635	0.38	0.071	4.6488609133419e-16
BACE1	12	3.09426575426832e-20	3.05454976550013	0.254	0.036	5.59938330892394e-16
GRK5	12	4.02865787615465e-20	2.84891983389774	0.282	0.044	7.29025929268946e-16
FAM92A1	12	5.77882993655346e-20	2.74073431640009	0.282	0.044	1.04573706531871e-15
UBA2	12	6.07210184500256e-20	2.24307324734084	0.521	0.143	1.09880754987166e-15
SKP1	12	6.45519450952445e-20	1.18128071340115	0.972	0.763	1.16813199844354e-15
EDNRB	12	1.1263210730928e-19	2.07275999294019	0.366	0.071	2.03819061386873e-15
CHCHD10	12	1.12736575358323e-19	1.80445174345506	0.859	0.45	2.04008106768422e-15
SASH1	12	1.34732376240913e-19	2.46211601534784	0.324	0.057	2.43811708045556e-15
MT2A	12	1.42281316762368e-19	0.999901311930479	0.93	0.612	2.57472270813181e-15
ERRFI1	12	1.42576643395969e-19	2.42969453765546	0.296	0.048	2.58006693889345e-15
PACSIN2	12	1.45235350450817e-19	2.53452451087589	0.394	0.086	2.62817890175799e-15
GNA11	12	1.64072175002622e-19	2.90362572598788	0.296	0.05	2.96905007884745e-15
LIMA1	12	3.28275310867163e-19	1.80631815332908	0.493	0.121	5.94047002545218e-15
TMEM204	12	3.43725385141313e-19	2.63614541512289	0.296	0.049	6.22005456951721e-15
CTBP2	12	4.81666655051746e-19	2.3778921074209	0.366	0.074	8.7162397898164e-15
NFIA	12	5.22218656128775e-19	2.37816423701538	0.423	0.098	9.45006880130631e-15
WASL	12	5.824268012559e-19	2.36975199719918	0.38	0.08	1.05395953955268e-14
CLEC11A	12	5.97686001030275e-19	2.04517346489968	0.437	0.101	1.08157258746439e-14
ZEB2	12	6.68392662943903e-19	1.42290137600063	0.789	0.297	1.20952336286329e-14
APBB2	12	6.71174792329829e-19	2.50008386554686	0.282	0.045	1.21455790420006e-14
RAB13	12	7.25382927717112e-19	1.6454232287109	0.69	0.246	1.31265294599689e-14
ABTB1	12	9.3237279402158e-19	2.00889776908794	0.521	0.143	1.68722180806145e-14
PMP22	12	1.00824188195138e-18	1.10924688932273	0.704	0.219	1.82451450957922e-14
CTSO	12	1.02905558349613e-18	2.33058639264254	0.366	0.075	1.86217898389459e-14
C1orf54	12	1.18417098727802e-18	1.77501245281841	0.535	0.156	2.14287581857831e-14
NREP	12	1.59617863080043e-18	2.44905986252239	0.296	0.051	2.88844485029647e-14
PTPRA	12	1.67503231508395e-18	1.69933924161008	0.662	0.224	3.03113847737591e-14
ZSCAN18	12	1.68525992159909e-18	2.38597316022615	0.324	0.06	3.04964635412572e-14
F2R	12	1.96741256487417e-18	2.0666792507249	0.423	0.098	3.5602297773963e-14
KPNA6	12	2.50962916683934e-18	2.23549900814967	0.38	0.082	4.54142494031248e-14
CFI	12	2.58627759216111e-18	1.64356288668537	0.479	0.119	4.68012793077474e-14
PPAP2A	12	2.60526723142954e-18	1.50816859567855	0.366	0.074	4.7144915819949e-14
SERPINF1	12	2.68182341572758e-18	1.81420716992085	0.38	0.083	4.85302765310063e-14
OSBPL8	12	2.69592768333651e-18	1.7098024568482	0.577	0.17	4.87855073576576e-14
AIG1	12	2.93955124825088e-18	1.97828464871166	0.521	0.148	5.3194119388348e-14
FAIM	12	3.12229263096477e-18	2.70186959734573	0.254	0.039	5.65010074499384e-14
SLC9A3R2	12	3.65358594408727e-18	1.31576666175643	0.437	0.1	6.61152912442032e-14
SMIM12	12	6.29671349480964e-18	2.07355072743019	0.465	0.12	1.13945327402075e-13
HEG1	12	6.35360710126635e-18	1.90808537417858	0.352	0.07	1.14974874104516e-13
LASP1	12	9.68743129194648e-18	1.84775972963188	0.549	0.167	1.75303756659064e-13
GOLIM4	12	9.76956947895625e-18	1.91237598808689	0.521	0.146	1.76790129291192e-13
ETS1	12	9.77268785305019e-18	1.31934842833868	0.69	0.22	1.76846559388796e-13
UTRN	12	1.23753500872718e-17	1.75162263254283	0.676	0.248	2.23944335179271e-13
ABI2	12	1.33572772765278e-17	2.26922986546222	0.38	0.084	2.41713289596048e-13
ARPC1A	12	1.74737091966854e-17	1.59729448615153	0.648	0.215	3.1620424162322e-13
C12orf10	12	1.88623540259398e-17	2.11283743231552	0.437	0.11	3.41333158453407e-13
FXYD6	12	1.96245089316155e-17	2.98174241590389	0.254	0.041	3.55125113626514e-13
PVRL2	12	2.05992596018367e-17	1.77980540031353	0.549	0.165	3.72764201754838e-13
SPON2	12	2.27926696963256e-17	3.33658513326398	0.366	0.085	4.12456150824708e-13
RHOQ	12	2.4147008899537e-17	1.82270573060431	0.549	0.166	4.36964273046021e-13
RAB2A	12	2.57862997520597e-17	1.4511234017143	0.817	0.359	4.66628880313272e-13
RRAGA	12	2.75903851711392e-17	2.00438870292279	0.535	0.162	4.99275610056935e-13
S100A6	12	3.9489306777519e-17	0.334594091087796	1	0.738	7.14598495445984e-13
TAGLN2	12	5.76302264288976e-17	1.18571525411087	0.93	0.49	1.04287657745733e-12
PPP1R12A	12	5.91558817045157e-17	1.97130066918224	0.535	0.165	1.07048483532492e-12
HDGFRP3	12	5.97614454517013e-17	2.57105038690101	0.296	0.055	1.08144311689399e-12
TWSG1	12	6.19135361504522e-17	2.44350033718049	0.324	0.066	1.12038735017858e-12
MAP4	12	6.26908498034281e-17	1.72562742400988	0.535	0.163	1.13445361804283e-12
SPECC1	12	7.47339233773098e-17	2.57956188675652	0.296	0.056	1.3523850774358e-12
TMEM30A	12	7.84699627658832e-17	1.72572076910007	0.69	0.27	1.41999244621142e-12
ADH5	12	8.12085376507217e-17	1.74895344576684	0.535	0.16	1.46954969732746e-12
TNS3	12	8.42429523596448e-17	1.88007099800898	0.479	0.133	1.52446046590013e-12
CALHM2	12	8.90935775344435e-17	2.68749229512311	0.268	0.047	1.61223737906329e-12
CISD1	12	1.15073769613488e-16	1.89817129589577	0.479	0.135	2.08237493492567e-12
AK3	12	1.29015373346623e-16	2.05581436313338	0.394	0.093	2.33466219608049e-12
LIMS1	12	1.45204014671863e-16	1.65975461217249	0.732	0.301	2.62761184950203e-12
GPX8	12	1.88793935100729e-16	1.89994537949993	0.338	0.07	3.41641504958278e-12
TRIB2	12	1.92146845657386e-16	2.37928958421822	0.31	0.062	3.47708931901605e-12
ECM1	12	2.13718084747396e-16	2.047078516069	0.352	0.077	3.86744246158888e-12
PRKAR1A	12	2.5094041484408e-16	1.58402268404676	0.746	0.311	4.54101774701847e-12
HOXB2	12	2.70341939899254e-16	2.06487639386435	0.408	0.103	4.89210774441691e-12
SSPN	12	2.81791248526921e-16	2.47860413813641	0.254	0.043	5.09929443334316e-12
ATP2B4	12	3.18340305815657e-16	1.91316649319748	0.493	0.145	5.76068617404013e-12
FAM207A	12	3.23152482347408e-16	2.19219522392881	0.408	0.104	5.84776732055869e-12
CETN2	12	3.74674726626982e-16	2.23105071909162	0.338	0.073	6.78011385304187e-12
PAWR	12	3.86858343547494e-16	2.55897755460043	0.254	0.043	7.00058858483545e-12
TSPAN4	12	3.99545300335179e-16	1.47729557111619	0.662	0.239	7.2301717548654e-12
FZD1	12	4.41703620456684e-16	2.57915543653806	0.254	0.044	7.99306871578416e-12
CAMSAP2	12	4.94435855097002e-16	2.26023424713387	0.31	0.062	8.94731123383535e-12
GAMT	12	6.1260642085586e-16	2.19498885488016	0.408	0.106	1.10857257918076e-11
C10orf10	12	7.57791815807687e-16	1.67915299421038	0.338	0.074	1.37130006988559e-11
FADS3	12	8.32741931745937e-16	2.23504710680192	0.352	0.082	1.50692979968745e-11
JMJD8	12	8.58229681916882e-16	1.77087718962277	0.507	0.151	1.55305243239679e-11
ZFHX3	12	1.10296606053565e-15	2.16666013182167	0.437	0.121	1.99592738314531e-11
MACF1	12	1.30649571936497e-15	1.69597460299291	0.634	0.239	2.36423465376285e-11
TRIP6	12	1.43061342415928e-15	2.28394365352275	0.38	0.095	2.58883805235864e-11
RABL5	12	1.51153827466891e-15	2.38238882287711	0.268	0.049	2.73527966184087e-11
FSTL3	12	1.65433935726842e-15	1.0165565712921	0.394	0.094	2.99369250091293e-11
S100A4	12	1.80495832273826e-15	1.38684067838083	0.901	0.591	3.26625258082716e-11
ICMT	12	2.27667881609976e-15	2.44581420301874	0.282	0.055	4.11987798561412e-11
RAI14	12	2.36955847267073e-15	1.78199628158634	0.338	0.074	4.28795301214496e-11
NRP1	12	2.39866708614739e-15	1.54568073198697	0.535	0.167	4.34062795909231e-11
PON2	12	2.40982138528164e-15	1.76114540666133	0.451	0.123	4.36081277880566e-11
ARL3	12	2.81765048230053e-15	1.83296858761847	0.451	0.125	5.09882031277105e-11
NFE2L1	12	2.87770473034081e-15	1.83500752704249	0.479	0.143	5.20749448002473e-11
COL6A3	12	3.16361026428845e-15	1.41561935244374	0.254	0.044	5.72486913425637e-11
MRPL36	12	3.33824468840586e-15	1.65723782358245	0.563	0.189	6.04088758813924e-11
CDK18	12	3.46170834229766e-15	2.48858822670903	0.254	0.046	6.26430741622185e-11
SERINC3	12	4.66893586665106e-15	1.3787000071602	0.676	0.252	8.44890634429176e-11
DYNC1I2	12	4.70995234473448e-15	1.5474480691476	0.662	0.256	8.52312976303151e-11
AGRN	12	4.86500711768807e-15	2.12453465614899	0.352	0.084	8.80371688016832e-11
ANGPTL4	12	4.97868216417607e-15	1.37535470342856	0.296	0.06	9.00942324429302e-11
LDLR	12	5.23303570123544e-15	2.26129700595975	0.338	0.078	9.46970140495565e-11
DYNLT3	12	5.50261089448783e-15	1.6602823210044	0.535	0.174	9.95752467466518e-11
TUBB	12	7.43332885777735e-15	1.46612628906525	0.732	0.327	1.34513519010339e-10
GINM1	12	8.00877421906877e-15	1.82165840203498	0.521	0.174	1.44926778268268e-10
SH3BGRL	12	1.03589654035384e-14	1.1503477866807	0.901	0.576	1.8745583794243e-10
EPN2	12	1.37668839407093e-14	2.18458203981893	0.324	0.073	2.49125531791075e-10
TUBA1A	12	1.80333255338243e-14	1.00259338355461	0.817	0.339	3.26331058860085e-10
HDDC2	12	1.90584745142988e-14	1.63866981653844	0.507	0.159	3.4488215481075e-10
SEPT2	12	1.90999004086358e-14	1.39351220134882	0.761	0.369	3.45631797794674e-10
FAM200B	12	2.02107834402179e-14	1.79449443980383	0.437	0.122	3.65734337134183e-10
NUPR1	12	2.3366786606683e-14	1.16814515000826	0.479	0.136	4.22845370434536e-10
TWF1	12	2.37178694000352e-14	1.73994082749519	0.479	0.147	4.29198564663037e-10
PAIP1	12	2.73577958395373e-14	1.50275799984519	0.592	0.214	4.95066673512267e-10
CRTAP	12	2.90971066579798e-14	1.46868866927133	0.592	0.214	5.26541242082802e-10
TRAF5	12	3.18405837106151e-14	1.95807351001025	0.31	0.068	5.7618720282729e-10
KLHL42	12	3.19398471168198e-14	2.60685110832885	0.282	0.06	5.77983473425972e-10
TROVE2	12	3.63863611815655e-14	1.60275924662834	0.521	0.172	6.58447591941609e-10
TMEM98	12	3.8868306639799e-14	2.25685794079325	0.254	0.048	7.03360876953803e-10
ZKSCAN1	12	5.65518622744414e-14	1.96589772645676	0.366	0.094	1.02336249971829e-09
EOGT	12	5.83392445071218e-14	2.39172668745644	0.254	0.049	1.05570696860088e-09
PROS1	12	6.2029817840361e-14	1.02824610312458	0.423	0.112	1.12249158363917e-09
PDHB	12	6.21917297673313e-14	1.91873261837808	0.465	0.151	1.12542154186963e-09
PFN2	12	6.72050856052829e-14	2.23224847344925	0.254	0.049	1.2161432291132e-09
FAM127A	12	6.76477105956729e-14	1.80884750123578	0.38	0.099	1.2241529709393e-09
LDHB	12	7.52388816335019e-14	1.4837596946922	0.69	0.298	1.36152280203985e-09
YWHAQ	12	7.57076264859678e-14	1.30316213172653	0.775	0.356	1.37000520889007e-09
SAE1	12	8.83241396978285e-14	2.133870196704	0.338	0.083	1.5983136319719e-09
PHLDA3	12	8.86956447413781e-14	0.966722561312918	0.423	0.111	1.60503638723998e-09
SMARCB1	12	9.57372107750904e-14	1.49528287928304	0.549	0.189	1.73246056618604e-09
CCDC92	12	9.69509504046673e-14	2.41375299378644	0.268	0.055	1.75442439852286e-09
SPATS2L	12	9.70645754931992e-14	1.70390874261933	0.535	0.189	1.75648055812493e-09
ACTB	12	1.02843216192369e-13	0.88548959575706	1	0.982	1.86105084021711e-09
HLTF	12	1.03970574963362e-13	2.07605758304076	0.31	0.071	1.881451524537e-09
ZNF532	12	1.04599091752611e-13	2.45884088331498	0.254	0.05	1.89282516435524e-09
KIF5B	12	1.14113715130954e-13	1.23612495148477	0.761	0.346	2.06500178900975e-09
INF2	12	1.30848911493983e-13	2.22110791584405	0.31	0.072	2.36784190239512e-09
PEA15	12	1.32766558120024e-13	1.73413520581399	0.451	0.137	2.40254363573995e-09
ALDOA	12	1.39173615940597e-13	0.947615385323423	0.915	0.723	2.51848575406105e-09
DPYSL2	12	1.43046913400227e-13	1.46155080670559	0.592	0.217	2.58857694489051e-09
VCAN	12	1.47464708001657e-13	1.22388500051462	0.451	0.133	2.66852135599798e-09
FAM213A	12	1.5365817703007e-13	2.11539146151116	0.394	0.113	2.78059837153614e-09
SLC44A2	12	1.58087549164986e-13	1.81302317720697	0.324	0.076	2.86075228968959e-09
KLF11	12	1.60918064064131e-13	2.3731110092891	0.254	0.051	2.91197328730452e-09
ADARB1	12	1.78104033992531e-13	2.03541559854342	0.282	0.06	3.22297059912885e-09
RCN2	12	1.85822439445769e-13	1.37911517717728	0.648	0.262	3.36264286421064e-09
SNRK	12	1.88994115346702e-13	1.70014641505174	0.408	0.115	3.42003751131391e-09
EMC2	12	1.93736583706449e-13	1.60478124421355	0.493	0.161	3.5058572187519e-09
PLXNB2	12	1.98036471734035e-13	1.74672383312999	0.493	0.164	3.58366799249909e-09
PPP2R5E	12	2.06831956069745e-13	1.70909801589627	0.451	0.138	3.74283107703811e-09
ID1	12	2.80217168122034e-13	1.40659485451172	0.521	0.176	5.07080987433633e-09
NUDT4	12	3.29963513294061e-13	1.76867779672256	0.549	0.211	5.97101973656932e-09
TMEM38B	12	3.33194503087509e-13	2.21418850190426	0.282	0.062	6.02948772787157e-09
DLGAP4	12	3.47571274433004e-13	1.90431092905983	0.408	0.12	6.28964978213963e-09
LMCD1	12	3.64458064280081e-13	2.47151471335009	0.31	0.075	6.59523313121235e-09
MORN2	12	3.67890141576679e-13	2.17431370436511	0.282	0.062	6.65734000197159e-09
ZNF428	12	4.37325306271862e-13	1.3288328575398	0.634	0.246	7.91383874229561e-09
VPS16	12	4.9850835093348e-13	2.19610390971415	0.282	0.063	9.02100711849225e-09
CYB5A	12	5.20713865085588e-13	1.87715351462669	0.408	0.12	9.4228381025888e-09
SUPT7L	12	5.51455320741699e-13	2.26619580537258	0.268	0.058	9.97913548414178e-09
LZTS2	12	6.34852689423488e-13	2.38597316022615	0.282	0.064	1.14882942678074e-08
SCP2	12	8.18045740410087e-13	1.20558564372999	0.803	0.397	1.48033557184609e-08
MYO1E	12	8.94152460365098e-13	2.26463529138497	0.254	0.053	1.61805829227668e-08
KDELC2	12	9.07919495980097e-13	2.22806067648581	0.282	0.064	1.64297111992558e-08
AP2M1	12	1.00522967052339e-12	1.26258455182021	0.761	0.375	1.81906361177912e-08
KIF1C	12	1.07774294799715e-12	2.20534059998573	0.268	0.059	1.95028363869564e-08
ZNF703	12	1.23810396689067e-12	2.69915521264869	0.254	0.055	2.24047293848536e-08
KIAA1715	12	1.49275078294814e-12	2.01465703837662	0.296	0.07	2.70128181682295e-08
ESD	12	1.6959772259394e-12	1.27480893567729	0.634	0.25	3.06904038805993e-08
IMPAD1	12	1.96032434129377e-12	1.85643753758659	0.437	0.144	3.54740292800521e-08
BDH2	12	2.39178723139442e-12	1.87715351462669	0.352	0.096	4.32817817393134e-08
FAM129A	12	2.42179549284072e-12	1.8340847927348	0.423	0.136	4.38248112384456e-08
TMEM158	12	2.588366928674e-12	1.85853783645934	0.268	0.059	4.68390879412847e-08
BTG3	12	2.66656076828767e-12	1.55464263037939	0.479	0.165	4.82540836629336e-08
TMEM106B	12	2.89734462941134e-12	1.45064147610038	0.479	0.157	5.24303484138277e-08
RAC1	12	3.11140882199277e-12	0.878423306441873	0.958	0.59	5.63040540427812e-08
WASF2	12	3.14584007514733e-12	1.46157859867525	0.592	0.232	5.69271219998661e-08
EI24	12	3.1565399478298e-12	1.76066777214583	0.437	0.143	5.7120746895928e-08
MTMR2	12	3.27224361428006e-12	2.20730211631902	0.254	0.055	5.92145204440119e-08
ZCCHC24	12	3.62308999777077e-12	1.88727773190039	0.31	0.077	6.55634365996598e-08
TNFRSF1A	12	3.93175750299293e-12	1.3746531740975	0.62	0.263	7.114908377416e-08
THBS1	12	3.93378743545574e-12	0.905793562670586	0.592	0.209	7.11858174320071e-08
RNF11	12	4.00172809199365e-12	1.91255885075788	0.352	0.098	7.24152715527171e-08
NUCKS1	12	4.11064100743721e-12	1.40556287518257	0.676	0.302	7.43861596705837e-08
FAS	12	4.215930117141e-12	1.85632001120952	0.31	0.077	7.62914713997836e-08
SPG20	12	4.67714257047071e-12	1.75577427581329	0.366	0.104	8.46375719552379e-08
PHPT1	12	5.37560378821014e-12	0.896528471877023	0.944	0.608	9.72769261514507e-08
FAM127B	12	5.45556927946994e-12	1.92883766991562	0.352	0.1	9.87239816812881e-08
PLEC	12	5.78625721911716e-12	1.70163449671115	0.465	0.162	1.04708110637144e-07
SSBP3	12	5.89411302505342e-12	2.00438870292279	0.324	0.086	1.06659869301367e-07
SOD1	12	6.06661762625193e-12	0.930498260499515	0.901	0.551	1.09781512564655e-07
MARVELD1	12	6.24364976930778e-12	2.15866734106814	0.254	0.056	1.12985086225394e-07
RAPGEF2	12	6.24478595043412e-12	2.20565426343753	0.282	0.067	1.13005646559056e-07
SOX4	12	6.38748346688662e-12	1.34849845480748	0.394	0.115	1.1558790081678e-07
LRRFIP2	12	6.61043414774464e-12	1.72187528914877	0.366	0.104	1.19622416337587e-07
SPTSSA	12	6.69549783950823e-12	1.4472885976702	0.521	0.191	1.21161728903741e-07
FHL3	12	6.7430721893752e-12	1.91032037856188	0.338	0.092	1.22022634338934e-07
C5orf15	12	7.05160807753927e-12	1.78199628158635	0.38	0.113	1.27605899771151e-07
FRMD4A	12	7.35223316668587e-12	1.84473203693431	0.338	0.092	1.33046011384347e-07
CLTB	12	7.53953114206144e-12	1.34762340471643	0.69	0.328	1.36435355546744e-07
RALBP1	12	7.7554701715389e-12	1.52367068586448	0.451	0.148	1.40342988224168e-07
WDR13	12	7.93221045797932e-12	1.48858822670903	0.451	0.146	1.43541280447594e-07
TUSC3	12	8.1653938276474e-12	2.30801598106721	0.254	0.057	1.47760966705107e-07
LAMB1	12	8.94582643797905e-12	1.91745487935126	0.324	0.086	1.61883675221669e-07
TMEM242	12	9.2362944576856e-12	1.84720029252506	0.338	0.092	1.67139984506279e-07
PPP2CB	12	9.30189842100058e-12	1.70610797329046	0.437	0.146	1.68327153826427e-07
PHLDB1	12	9.78908741298386e-12	2.02579759598182	0.282	0.068	1.77143325825356e-07
CDC42EP5	12	1.01375542739253e-11	1.39677991518273	0.324	0.082	1.83449182140953e-07
SLC41A3	12	1.02932946220338e-11	1.90119898859334	0.296	0.073	1.86267459480323e-07
MAGED2	12	1.08489365446033e-11	1.31182903417841	0.606	0.243	1.96322355711141e-07
C1orf123	12	1.12209033585543e-11	1.61009805690204	0.451	0.153	2.03053467176399e-07
SEC31A	12	1.21706077635146e-11	1.44523538855124	0.549	0.216	2.20239318088559e-07
PHACTR2	12	1.23096136861167e-11	1.60639807172884	0.465	0.162	2.22754769263968e-07
PLA2G12A	12	1.23486971910775e-11	2.23079046924139	0.268	0.063	2.23462024369738e-07
RAB11B	12	1.29595014252816e-11	1.39384933870874	0.563	0.224	2.34515137791896e-07
NCOR2	12	1.31520900214397e-11	1.54784588937373	0.451	0.152	2.38000221027972e-07
PPP2R1A	12	1.32821915907415e-11	1.56875857539302	0.437	0.143	2.40354539026059e-07
SMAD5	12	1.35873484187604e-11	1.59063075587052	0.423	0.136	2.45876656985887e-07
STRAP	12	1.45451085698956e-11	1.31977684557743	0.634	0.277	2.63208284680832e-07
ZFYVE21	12	1.47853574841501e-11	1.82725707037968	0.366	0.109	2.6755582903318e-07
PPDPF	12	1.5226640845341e-11	0.805596448950871	0.986	0.763	2.75541292737291e-07
PDE8A	12	1.62256189266678e-11	2.1877217473495	0.268	0.064	2.93618800096981e-07
DCTN2	12	1.69997600457887e-11	1.42369579703402	0.535	0.207	3.07627657788592e-07
PLEKHG2	12	1.79144696984557e-11	2.17469745088709	0.254	0.058	3.24180243663254e-07
OPTN	12	1.83358954966943e-11	1.6283785320792	0.493	0.189	3.31806364908181e-07
POR	12	1.94623998453654e-11	1.95807351001025	0.338	0.095	3.52191587601732e-07
TRIAP1	12	2.03919206849692e-11	1.85632001120952	0.324	0.088	3.69012196715202e-07
IFT57	12	2.59151807344333e-11	1.74039537711957	0.38	0.117	4.68961110570304e-07
TBC1D1	12	2.64478260972385e-11	1.9114030765796	0.352	0.103	4.78599861055627e-07
OSBPL1A	12	2.7054696706544e-11	1.83179298122681	0.394	0.128	4.89581791601621e-07
ZNF12	12	2.76075422755182e-11	2.16666013182167	0.254	0.059	4.99586085017778e-07
ATN1	12	2.89267434429687e-11	1.68715509866467	0.38	0.116	5.23458349343962e-07
TMEM245	12	3.05527603327268e-11	1.82387872158434	0.338	0.096	5.52882750981025e-07
C4orf32	12	3.10770271833720e-11	1.7863880507035	0.324	0.088	5.62369883910301e-07
ANXA2	12	3.32093989263105e-11	0.73262167061277	0.845	0.459	6.00957282970515e-07
PTPN12	12	3.59405675388364e-11	1.69612751995112	0.394	0.126	6.50380510182783e-07
CUX1	12	3.64959020609256e-11	1.68041568205041	0.366	0.109	6.6042984369451e-07
NR3C1	12	3.68404010009234e-11	1.19492398404039	0.634	0.268	6.6666389651271e-07
HSPB1	12	3.80542141026851e-11	0.794494439803834	0.859	0.472	6.8862905840219e-07
REXO2	12	3.88795271403166e-11	1.1571998025726	0.676	0.294	7.0356392313117e-07
RPS27L	12	4.18622211897763e-11	0.831602161169539	0.958	0.733	7.57538754650192e-07
TCEAL1	12	4.57907551531411e-11	2.09627080393027	0.254	0.059	8.28629505251241e-07
ZHX1	12	4.8094784164803e-11	1.91512136482571	0.324	0.091	8.70323214246276e-07
SKA2	12	4.85214496088073e-11	1.30524716673098	0.479	0.166	8.78044152120978e-07
JAK1	12	5.2745014026806e-11	1.14966205546977	0.676	0.299	9.5447377382908e-07
MAML2	12	5.3854379125715e-11	1.57684823143912	0.394	0.125	9.74548844658939e-07
ZNHIT1	12	5.43402630602297e-11	1.03099577519137	0.803	0.474	9.83341400337916e-07
FBXL3	12	5.59201917024075e-11	1.87263803350419	0.338	0.099	1.01193178904677e-06
CAPN2	12	5.62412061513792e-11	1.23105071909162	0.563	0.225	1.01774086651536e-06
ARHGAP15	12	5.69305896902351e-11	1.29298610626012	0.549	0.214	1.03021595103449e-06
THBD	12	5.8147205873711e-11	2.06046072798974	0.282	0.072	1.05223183749067e-06
TMEM165	12	6.14402530815374e-11	1.39798567792813	0.592	0.256	1.1118228197635e-06
ZNF148	12	6.40890334384132e-11	1.57310502058446	0.394	0.125	1.15975514910153e-06
POSTN	12	6.72313994699163e-11	0.56996493177375	0.31	0.083	1.2166194048076e-06
NAP1L1	12	6.76822141503989e-11	1.09317545766966	0.761	0.4	1.22477734726562e-06
FAM162A	12	9.51909433606041e-11	1.52037386024587	0.535	0.226	1.72257531105349e-06
FAM208B	12	9.6909754179721e-11	1.74798405547948	0.366	0.113	1.75367891163623e-06
ADD1	12	9.70962610634644e-11	1.23019578867201	0.535	0.206	1.75705394020445e-06
TBC1D2B	12	1.00281862068073e-10	1.80468387629424	0.338	0.099	1.81470057598385e-06
PIN4	12	1.00810221862479e-10	1.24221116482885	0.577	0.234	1.82426177482342e-06
FKBP9	12	1.07598415376611e-10	1.58402268404676	0.31	0.083	1.94710092465516e-06
ZYG11B	12	1.1557422636106e-10	2.11419271192753	0.254	0.061	2.09143120022974e-06
MRPS21	12	1.16055610874911e-10	0.985955704674338	0.831	0.484	2.10014233439239e-06
CLIC4	12	1.18367583888649e-10	1.07399939639381	0.62	0.261	2.14197979804899e-06
TCEAL3	12	1.25827951470703e-10	1.43692610688654	0.465	0.167	2.27698260981384e-06
SULT1A1	12	1.26593898313762e-10	1.68041568205041	0.352	0.106	2.29084318388583e-06
POLR2L	12	1.41470672988694e-10	0.803965214030715	0.944	0.73	2.5600532984034e-06
COBLL1	12	1.45340148684351e-10	1.0662152444131	0.507	0.184	2.63007533059202e-06
STRN3	12	1.52558792553828e-10	1.87211792472939	0.31	0.086	2.76070391005407e-06
CABIN1	12	1.55706356834483e-10	2.02672987067719	0.268	0.067	2.81766223327681e-06
RBMS1	12	1.58738680808333e-10	1.51434841120612	0.535	0.214	2.87253516790759e-06
IFITM1	12	1.69730881960941e-10	1.11243362004526	0.901	0.672	3.07145003996519e-06
PHC2	12	1.81866062620517e-10	1.47758922775978	0.493	0.196	3.29104826918087e-06
SERPINB6	12	1.92351813435792e-10	1.14164592466834	0.592	0.244	3.48079841593408e-06
MIER1	12	1.94852214151387e-10	1.51174278447754	0.451	0.163	3.52604566728349e-06
SLFN12	12	2.06788135414348e-10	2.02068082600439	0.282	0.075	3.74203809845804e-06
MORF4L2	12	2.24179918894436e-10	1.01770820985065	0.704	0.333	4.05675981231372e-06
TSPYL1	12	2.96027694702847e-10	1.56048114519082	0.437	0.157	5.35691716334272e-06
TES	12	3.03371060613715e-10	1.74640492327181	0.296	0.081	5.48980271286579e-06
MORF4L1	12	3.29934576805212e-10	0.847809553044541	0.887	0.61	5.97049610186711e-06
RDH14	12	3.43465247280128e-10	1.65101869160442	0.366	0.117	6.2153471147812e-06
DYNLL1	12	3.86746405213045e-10	0.823129157974859	0.915	0.72	6.99856294873526e-06
C8orf4	12	4.29681922748051e-10	1.14792356924008	0.31	0.085	7.77552407404874e-06
RYK	12	4.45205496491507e-10	1.79405789886322	0.296	0.082	8.0564386645103e-06
USP47	12	5.4793533985562e-10	1.67176932485361	0.408	0.145	9.91543791002731e-06
TSC22D1	12	5.91751704186024e-10	1.54496885864853	0.479	0.189	1.07083388389503e-05
PSMB5	12	6.04202411215804e-10	1.07204870226496	0.592	0.245	1.09336468333612e-05
MAP7D1	12	6.27308997681823e-10	1.33219336414682	0.479	0.184	1.13517836220503e-05
ARID5B	12	7.04719542544799e-10	1.50920790777456	0.437	0.161	1.27526048418907e-05
NDUFA6	12	7.24202844286537e-10	1.058804142061	0.704	0.35	1.31051746702092e-05
FBXO22	12	7.44575187230853e-10	1.8896987679458	0.268	0.071	1.34738325881295e-05
GADD45GIP1	12	7.64046839443563e-10	1.0581356750435	0.761	0.405	1.38261916065707e-05
ISCA1	12	7.66290921076753e-10	1.39876996446056	0.465	0.176	1.38668005078049e-05
HIGD1A	12	7.99182403447976e-10	1.41887620599167	0.549	0.249	1.44620047727946e-05
SEC23A	12	8.07002083477232e-10	1.57310502058446	0.366	0.119	1.4603509702604e-05
CPQ	12	8.11026125009907e-10	1.1868380137593	0.507	0.195	1.46763287581793e-05
COMMD7	12	8.17784174771968e-10	1.18036755124227	0.549	0.226	1.47986224266735e-05
TCEAL8	12	8.37386292867341e-10	1.60914231321628	0.493	0.212	1.51533423557274e-05
MYL12A	12	8.52542561306414e-10	0.723053480346055	0.986	0.826	1.54276101894009e-05
ANKRD40	12	8.86419736011989e-10	1.80145378849483	0.31	0.092	1.60406515428729e-05
WWC3	12	9.00120052001655e-10	1.81601321981278	0.268	0.071	1.6288572461022e-05
ADI1	12	9.0022003310748e-10	1.26297909268904	0.648	0.337	1.6290381719113e-05
IER5L	12	9.75782942486425e-10	1.13533071233872	0.676	0.342	1.76577681272344e-05
TAX1BP3	12	1.02648252756087e-09	1.74203658371363	0.31	0.092	1.85752278187414e-05
UBR1	12	1.11671929984084e-09	1.83777927629254	0.282	0.078	2.02081524499199e-05
BCAP29	12	1.14342598692484e-09	1.25105231911204	0.507	0.2	2.06914366593918e-05
PDS5B	12	1.19888446409934e-09	1.51929197415026	0.38	0.128	2.16950132623417e-05
PSMC5	12	1.20498468536207e-09	1.11250436177476	0.634	0.299	2.18054028663121e-05
PANK3	12	1.23639629567495e-09	1.77963700871242	0.31	0.093	2.23738273665338e-05
NIT2	12	1.24087108116865e-09	1.60210909112347	0.352	0.113	2.24548030848279e-05
IAH1	12	1.2599516955241e-09	1.31155633877246	0.521	0.218	2.28000858822041e-05
ITPRIPL2	12	1.26157084149532e-09	1.45789142948612	0.38	0.127	2.28293859476992e-05
CCT5	12	1.45893868298727e-09	1.34692707748544	0.437	0.159	2.64009544073377e-05
BHLHE40	12	1.46077681315897e-09	1.42649210561712	0.577	0.269	2.64342172109246e-05
CALU	12	1.4737978405278e-09	1.24473941763244	0.521	0.219	2.66698457221911e-05
CCND2	12	1.64489383123002e-09	1.14855832544636	0.549	0.228	2.97659987699384e-05
EAPP	12	1.72273201268097e-09	1.31692660749351	0.479	0.189	3.11745585014749e-05
IFIT3	12	1.80018063645394e-09	1.41087336201026	0.479	0.198	3.25760687972705e-05
NDUFS5	12	1.84256133204526e-09	0.827135076887224	0.93	0.717	3.3342989864691e-05
FLYWCH2	12	1.93281012016775e-09	1.39537446447159	0.437	0.163	3.49761319345556e-05
RAB31	12	2.02770801359003e-09	1.31259418669748	0.451	0.17	3.66934042139251e-05
VASP	12	2.15785459341107e-09	1.3852409392081	0.493	0.203	3.90485367223667e-05
ZEB1	12	2.19561991138726e-09	1.57636418679747	0.268	0.071	3.97319379164639e-05
SYNE2	12	2.2358544702423e-09	0.898554736440454	0.62	0.262	4.04600224935046e-05
DYNC1H1	12	2.24889303509837e-09	1.17880921448779	0.549	0.232	4.06959683631402e-05
TIMP2	12	2.30457425646307e-09	0.787504509878152	0.817	0.444	4.17035757449558e-05
TRAPPC1	12	2.3151382819994e-09	1.09627080393027	0.662	0.337	4.18947423510612e-05
BBX	12	2.3214628082397e-09	1.53931902882996	0.423	0.16	4.20091909779056e-05
SAMD4B	12	2.70349986235611e-09	1.73964999087675	0.338	0.11	4.89225335091961e-05
COX7B	12	2.71879914414775e-09	0.846737172824685	0.915	0.666	4.91993893124977e-05
SLIRP	12	3.00056789933209e-09	0.953811483156093	0.704	0.343	5.42982767063134e-05
CENPB	12	3.22561469924218e-09	1.71643320408053	0.324	0.103	5.83707235974865e-05
TIMMDC1	12	3.22882362146568e-09	1.20246085324952	0.451	0.167	5.84287922540429e-05
TRIP11	12	3.26475297959001e-09	1.619916953331	0.366	0.127	5.90789699186608e-05
UBE2K	12	3.32178991956049e-09	1.22043138826265	0.493	0.198	6.01111103843666e-05
COPS8	12	3.43775487986005e-09	1.48342652159325	0.38	0.132	6.22096123059474e-05
ITFG3	12	3.45803389152597e-09	1.76167629720675	0.296	0.089	6.25765813010539e-05
ITM2C	12	3.49471894299702e-09	0.428110028939472	0.775	0.328	6.3240433992474e-05
ZMYND11	12	3.70867713477759e-09	1.75550606703005	0.338	0.112	6.71122214309353e-05
MTCH1	12	4.0504312426176e-09	1.17783520737835	0.648	0.322	7.32966037664081e-05
TSPAN3	12	4.1544751226891e-09	1.33239733630055	0.479	0.193	7.5179381820182e-05
RB1CC1	12	4.21116000266967e-09	1.21246382143479	0.423	0.152	7.62051514083103e-05
CAMTA1	12	4.27607757229725e-09	1.30096122353326	0.62	0.321	7.7379899748291e-05
NUCB1	12	4.41813260707568e-09	1.0035069138599	0.634	0.292	7.99505276576414e-05
SCAMP1	12	4.83712375140631e-09	1.86813664126925	0.31	0.099	8.75325914054486e-05
TCEB1	12	5.5083611775924e-09	0.887944103755607	0.704	0.334	9.9679303869712e-05
BOLA3	12	5.52899424177242e-09	1.28686937363733	0.479	0.194	0.000100052679799114
ITPR1	12	5.80163194276574e-09	1.73324410322797	0.296	0.09	0.000104986331636289
CSNK1A1	12	6.089453225289e-09	1.07101574867004	0.704	0.345	0.00011019474556483
STARD13	12	6.35520672014951e-09	1.66820662435519	0.268	0.075	0.000115003820807826
CASC4	12	6.57454716371998e-09	1.40369932912252	0.394	0.143	0.000118973005474677
RNASEH2C	12	7.00707731063095e-09	1.01694884988461	0.648	0.306	0.000126800071013178
MINOS1	12	7.44236345750405e-09	0.826569709044917	0.817	0.505	0.000134677009126993
ISCU	12	8.03306657577995e-09	0.836658736398625	0.789	0.457	0.000145366372755314
MRPL19	12	8.912722650659e-09	1.61255859480527	0.338	0.114	0.000161284629086325
DENND5A	12	9.04099447794468e-09	1.71548884648911	0.296	0.091	0.000163605836072887
PCYOX1	12	9.04601710541214e-09	1.89747349900628	0.282	0.085	0.000163696725539538
RCN3	12	9.50182850004622e-09	1.13495127209433	0.31	0.095	0.000171945088536836
PIGK	12	1.01193583361404e-08	1.73172307510512	0.296	0.092	0.000183119908450797
MOB4	12	1.01898358557047e-08	1.28460784248646	0.493	0.209	0.000184395269644833
TYW3	12	1.0326708205624e-08	1.75162263254283	0.268	0.077	0.000186872111688972
TRIM8	12	1.06884312408619e-08	1.55946241262579	0.366	0.131	0.000193417851734636
SYT11	12	1.17028820061608e-08	1.50973403558058	0.254	0.069	0.000211775352783485
FNDC3B	12	1.19679486837173e-08	0.889819926462846	0.563	0.244	0.000216571999380547
MAP7D3	12	1.24140196033827e-08	1.9790331286459	0.254	0.072	0.000224644098742814
HIF1A	12	1.26085929966082e-08	0.854408447090269	0.803	0.457	0.000228165098866622
AHNAK	12	1.42583266763159e-08	0.836739246180777	0.732	0.397	0.000258018679534612
SCCPDH	12	1.44708946743093e-08	1.46622041368058	0.366	0.13	0.0002618653100263
SH3KBP1	12	1.60737032202781e-08	1.06588236173179	0.521	0.22	0.000290869733474152
LAPTM4A	12	1.61041797414871e-08	0.800213370155663	0.845	0.515	0.000291421236601951
MLF2	12	1.79425600235521e-08	1.04957545457985	0.563	0.252	0.000324688566186199
TCEA2	12	1.85375146851215e-08	1.44480143004567	0.38	0.14	0.000335454865741958
MAP2K1	12	1.89190731984057e-08	1.5876468974317	0.324	0.108	0.000342359548598349
SUPT16H	12	2.24768660335568e-08	1.48930402679362	0.338	0.116	0.000406741367743243
CHD4	12	2.25875776379752e-08	1.34692707748544	0.408	0.156	0.000408744804936799
CDKN1C	12	2.5503669234465e-08	1.19004995209725	0.366	0.129	0.000461514398466879
DUT	12	2.62711556788132e-08	1.27185941993339	0.62	0.31	0.000475402833163803
DVL3	12	2.62875501326773e-08	1.54402721313446	0.282	0.086	0.000475699507200929
YPEL2	12	2.74718893067406e-08	1.56239707514158	0.282	0.086	0.000497131308894778
SETD5	12	2.81054903783558e-08	1.55636634114389	0.296	0.094	0.000508596953886726
AKIRIN1	12	2.90033740198898e-08	1.15866734106814	0.465	0.19	0.000524845056263926
ACTR10	12	3.23010858843184e-08	1.23061276461089	0.479	0.206	0.000584520450162627
SYPL1	12	3.2512439707619e-08	1.14233080245993	0.535	0.238	0.000588345108949074
SUMO2	12	3.26179186138301e-08	0.58100685060329	0.944	0.874	0.00059025385523587
PRDX3	12	3.28106504314935e-08	1.11363276818253	0.535	0.243	0.000593741530208307
DCTN6	12	3.29559530652939e-08	1.34663879792791	0.423	0.169	0.000596370926669559
SPRED1	12	3.4147962496392e-08	1.42659529899658	0.352	0.126	0.000617941529334711
FBXW5	12	3.75039107467602e-08	1.18075496170746	0.465	0.193	0.000678670768873373
TRPV2	12	3.83110851730785e-08	1.496808733514	0.296	0.094	0.000693277397292028
CLOCK	12	3.89051020245183e-08	1.52923021120638	0.282	0.087	0.000704026726235683
HOOK3	12	3.95776426790056e-08	1.49720135701374	0.38	0.147	0.000716197021919286
TM9SF3	12	3.98566426161622e-08	0.945564515103674	0.606	0.289	0.000721245804782071
SSBP2	12	4.29664043576006e-08	1.55417656833661	0.31	0.104	0.000777520053255141
CBX5	12	4.32333096780568e-08	1.44042094424852	0.338	0.118	0.000782349971934116
CTBP1	12	4.64330284237564e-08	1.7107503511273	0.31	0.105	0.000840252082356295
REXO4	12	4.82737392404649e-08	1.58656338627233	0.282	0.089	0.000873561585295454
DHPS	12	5.37315747063747e-08	1.21931908109423	0.408	0.158	0.000972326575886556
RHBDD2	12	5.74033879878239e-08	1.68522140682032	0.282	0.09	0.00103877170902766
UBE2H	12	5.82943224786721e-08	1.39050527208148	0.451	0.198	0.00105489405957405
NDUFA5	12	5.87488559295484e-08	0.95658798212109	0.606	0.292	0.00106311929690111
KIAA1033	12	6.17411351543343e-08	1.21827965569323	0.493	0.222	0.00111726758175283
NDUFAB1	12	6.19071532541733e-08	0.863942640900143	0.761	0.422	0.00112027184528752
SDHD	12	6.2380047270641e-08	1.11470805218695	0.549	0.259	0.00112882933540952
COMT	12	6.49911231361863e-08	0.955763349323052	0.704	0.373	0.00117607936427243
NES	12	7.36260840005342e-08	1.10710328714122	0.282	0.088	0.00133233761607367
MID1IP1	12	7.50643962286313e-08	1.36813986713883	0.31	0.105	0.00135836531415331
OSTM1	12	7.58245029880199e-08	1.19610390971415	0.423	0.169	0.00137212020607121
AHCYL1	12	7.67034517887718e-08	1.46694593295204	0.38	0.149	0.00138802566356961
DDA1	12	7.8179676722808e-08	1.46314102074861	0.366	0.14	0.00141473942997593
MCFD2	12	7.85626067532667e-08	1.30263780134064	0.423	0.174	0.00142166893180711
CD81	12	8.31539732616091e-08	0.612858562586974	0.972	0.735	0.00150475430014208
PLAU	12	8.60716342194492e-08	0.565633194856028	0.423	0.162	0.00155755229283515
SNF8	12	8.75776320024357e-08	0.988661829843675	0.592	0.289	0.00158480482871608
ERH	12	8.8619811714695e-08	0.839788176784376	0.817	0.564	0.00160366411278912
TMX3	12	9.25681982918656e-08	1.55368325493092	0.366	0.145	0.0016751141162896
RALGAPA1	12	9.71902443276588e-08	1.59063075587052	0.338	0.126	0.00175875466135331
COPZ2	12	9.92720144488469e-08	1.2002126915327	0.338	0.12	0.00179642637346633
HIPK2	12	1.00835468254543e-07	1.37379621236105	0.324	0.113	0.00182471863353421
IPO5	12	1.05922704103449e-07	1.59511814686284	0.296	0.1	0.00191677725345601
RAB12	12	1.06605815568794e-07	1.69576939780931	0.254	0.077	0.0019291388385329
CTSA	12	1.23925516017042e-07	0.82779997119947	0.634	0.306	0.00224255613784439
SLC25A4	12	1.24636260522524e-07	1.68749229512311	0.254	0.078	0.0022554177704156
FGD4	12	1.2792943301139e-07	1.56941930132208	0.31	0.109	0.00231501101977411
BAD	12	1.31145811723355e-07	1.21188938581467	0.437	0.184	0.00237321460894583
MRFAP1	12	1.31210321060546e-07	0.872558940549435	0.634	0.313	0.00237438196991165
IFIT5	12	1.32450838726644e-07	1.40497210824423	0.324	0.114	0.00239683037759735
TCEB2	12	1.35863251419139e-07	0.581488922956803	1	0.89	0.00245858139768075
FOXP1	12	1.48652643905616e-07	1.21879775515685	0.394	0.156	0.00269001824411603
PCM1	12	1.52397134809254e-07	1.15248119665191	0.465	0.205	0.00275777855150826
CRK	12	1.57032634836422e-07	1.66047474448463	0.282	0.094	0.0028416625599999
ELP2	12	1.63079615322351e-07	1.47860413813641	0.282	0.092	0.00295108871887327
ERI3	12	1.64898792670137e-07	1.46211601534784	0.352	0.135	0.0029840085521588
MMADHC	12	1.70695236129896e-07	1.33658513326398	0.338	0.123	0.00308890099300659
SNX13	12	1.71030939140128e-07	1.58169763110051	0.338	0.127	0.00309497587467976
FAM120A	12	1.75196555879488e-07	1.36546221055412	0.423	0.184	0.00317035687519522
CLTC	12	1.84291103542149e-07	0.858239543262599	0.606	0.301	0.00333493180969873
DAPK3	12	1.86838874455603e-07	1.79601675190128	0.254	0.081	0.0033810362721486
PSMB2	12	2.07167760960406e-07	0.946559521993212	0.62	0.328	0.00374890780233951
TUG1	12	2.08816018271893e-07	1.26417663773593	0.394	0.159	0.00377873466664817
LARS	12	2.11967611506296e-07	1.27245479584427	0.394	0.16	0.00383576589781792
CTNND1	12	2.29960122045075e-07	1.22110791584405	0.352	0.131	0.00416135836852768
HOTAIRM1	12	2.30962187036685e-07	1.45394208390214	0.352	0.135	0.00417949173661586
MED21	12	2.375002176245e-07	1.4472885976702	0.296	0.101	0.00429780393813295
TERF2IP	12	2.48929912317585e-07	0.84410354855979	0.592	0.28	0.00450463569329902
ZFR	12	2.49340224538777e-07	1.4365809232407	0.338	0.127	0.00451206070325372
DPP8	12	2.54236051441315e-07	1.44128251193068	0.31	0.11	0.00460065558688203
CAPRIN1	12	2.56752340380767e-07	1.49423478985017	0.352	0.137	0.00464619035153037
PGAM1	12	2.5844877254003e-07	0.925889181170368	0.577	0.282	0.00467688898788438
NBR1	12	2.59894990542058e-07	1.37119888834532	0.352	0.135	0.00470305974884908
PAFAH1B2	12	2.6839690808818e-07	1.60585149280929	0.324	0.119	0.00485691044876371
BSG	12	2.69022334243077e-07	0.626304026998186	0.887	0.553	0.00486822816046272
NBL1	12	2.69511478300937e-07	1.29492598162677	0.282	0.094	0.00487707971133375
CTSF	12	2.73672345153336e-07	1.66520788072535	0.296	0.105	0.00495237475789477
TOMM40	12	2.76861113775841e-07	1.55619725880665	0.31	0.112	0.00501007871488762
DYNLRB1	12	2.77673608309487e-07	0.830293213572425	0.775	0.462	0.00502478161596847
SYNE1	12	2.85665113511983e-07	1.46509987378666	0.324	0.12	0.00516939589411284
EEA1	12	2.91533228069653e-07	1.42600005409772	0.324	0.119	0.00527558529514844
TMEM14C	12	3.10458209886813e-07	1.0040656271089	0.676	0.438	0.00561805176611177
HTATIP2	12	3.18776192222136e-07	1.57577279714341	0.31	0.114	0.00576857397445177
SLC39A13	12	3.22986430639444e-07	1.55108964517012	0.254	0.08	0.00584476244885138
NDUFS2	12	3.31442238381658e-07	0.99301204433664	0.521	0.244	0.00599777874575449
NDUFB9	12	3.33915555657924e-07	0.924136755378988	0.62	0.322	0.00604253589518579
CORO1C	12	3.34012974675572e-07	1.60478124421356	0.31	0.113	0.00604429878972914
ZYX	12	3.6530485198899e-07	0.932426097840706	0.563	0.269	0.00661055660159277
STX18	12	3.7563648494945e-07	1.56214483367911	0.254	0.081	0.00679751783164525
PREPL	12	3.75697113260896e-07	1.39547882231755	0.31	0.111	0.00679861496156917
CAMLG	12	3.79143612323424e-07	1.26033210008883	0.423	0.184	0.00686098280860468
S100A13	12	3.83424638685593e-07	0.527942665345918	0.451	0.18	0.0069384522616545
CCT6A	12	3.89675672510213e-07	1.09772550033876	0.479	0.219	0.00705157096974481
FAM114A1	12	3.94877616455931e-07	1.59961953909778	0.282	0.097	0.00714570534738653
NDUFA12	12	4.06151943798e-07	0.875307455461312	0.69	0.367	0.00734972557496861
SUCLA2	12	4.10470653931071e-07	1.54273447555613	0.282	0.097	0.00742787695353665
TMEM106C	12	4.10567327403524e-07	1.4527781507685	0.268	0.088	0.00742962635669418
NEMF	12	4.20194683641325e-07	1.16909095807643	0.394	0.16	0.00760384299517341
GNB1	12	4.24662232841617e-07	0.907638788494499	0.577	0.282	0.0076846877655019
POP7	12	4.41113492454716e-07	1.4609454716399	0.324	0.122	0.00798238975946055
ASNSD1	12	4.42981687399247e-07	1.3500056490263	0.338	0.128	0.00801619661517677
PFN1	12	4.57602030213716e-07	0.56181475135057	0.986	0.89	0.0082807663387474
ENG	12	4.76591471918253e-07	0.490434961035663	0.592	0.288	0.0086243992758327
ZNF22	12	4.96053731856796e-07	1.56214483367911	0.254	0.082	0.00897658833168058
ZBTB7A	12	5.01104762452606e-07	1.31711526906576	0.296	0.103	0.00906799178134237
MTUS1	12	5.0194782070561e-07	1.20730211631902	0.254	0.08	0.00908324776348871
RAB18	12	5.0947135265286e-07	1.12098827343639	0.451	0.201	0.00921939359760616
MEF2D	12	5.17495088227865e-07	1.31002430699285	0.394	0.167	0.00936459111657144
GTF2A2	12	5.26589320711749e-07	0.839145110237416	0.662	0.361	0.00952916034759981
SRP14	12	5.37995254665837e-07	0.417353187453696	0.972	0.929	0.00973556212843299
ZSCAN16-AS1	12	5.43245015808881e-07	1.27570289111696	0.366	0.147	0.00983056180607751
PSMF1	12	5.74577806972288e-07	1.22806067648581	0.394	0.165	0.0103975599949705
BACE2	12	6.49053248012541e-07	1.00098210147954	0.282	0.093	0.0117452675760349
LSM1	12	7.12542756552062e-07	1.03173055173556	0.437	0.188	0.0128941737225661
UGP2	12	7.19673457853629e-07	0.806365597137258	0.549	0.259	0.0130232108933193
REEP3	12	7.22506251433197e-07	1.29449379977495	0.408	0.18	0.0130744731259351
C4orf27	12	7.32724714457261e-07	1.26492414813654	0.352	0.139	0.0132593864328186
CCDC124	12	7.61483384843703e-07	1.25735844211341	0.38	0.157	0.0137798033321317
PDGFB	12	7.65713031353537e-07	1.36556420023575	0.254	0.083	0.0138563430153736
LTBP3	12	7.71774276534547e-07	1.00519670912755	0.423	0.181	0.0139660273081692
TSSC4	12	8.10820856418741e-07	1.22110791584405	0.38	0.157	0.0146726142177535
SEC22C	12	8.24642986312245e-07	1.52923021120638	0.254	0.084	0.0149227394803064
TMEM55A	12	9.18491458365169e-07	1.32992140298297	0.338	0.133	0.0166210214305761
IDH3G	12	9.61712080978342e-07	1.13452751088086	0.437	0.195	0.0174031418173841
EXOC5	12	9.64734880843408e-07	1.50490088184464	0.268	0.092	0.0174578424037423
MRPL35	12	9.70390685932444e-07	1.59781729646379	0.254	0.085	0.0175601898526335
GBP3	12	9.93017488889878e-07	1.41231245942723	0.282	0.099	0.0179696444789512
DAP	12	1.00275250621893e-06	0.899179820956684	0.535	0.257	0.0181458093525378
POMP	12	1.04552661427488e-06	0.5563123126806	0.944	0.719	0.0189198496119182
SMG7	12	1.12168900203064e-06	1.43773185672088	0.282	0.1	0.0202980841807465
FAM210B	12	1.12471443433825e-06	1.34594318796222	0.31	0.116	0.020352832403785
OAT	12	1.13442771406312e-06	0.896961995706865	0.479	0.218	0.0205286039136863
NT5DC1	12	1.13649498691133e-06	1.49049781671766	0.268	0.093	0.0205660132831474
PGRMC1	12	1.14643116932953e-06	1.00107406610369	0.437	0.193	0.0207458184401872
GBP1	12	1.15168816612244e-06	1.03322914441304	0.437	0.193	0.0208409490541517
SCOC	12	1.19938381196309e-06	0.914861443188954	0.465	0.205	0.0217040494612841
MRPL47	12	1.23685824148104e-06	1.28250846050819	0.394	0.175	0.0223821867378409
AP2S1	12	1.24428108552767e-06	0.724774208491656	0.817	0.526	0.0225165105237087
TXLNA	12	1.2513583364901e-06	1.66047474448463	0.254	0.086	0.0226445804571248
RIT1	12	1.26626322582502e-06	1.46868866927133	0.268	0.093	0.0229142993345296
BST2	12	1.29297665793029e-06	0.560067615128971	0.958	0.865	0.0233977056019065
VDAC3	12	1.30420971265464e-06	1.02753832967335	0.493	0.237	0.0236009789601984
TPI1	12	1.32455775753629e-06	0.582349402081054	0.887	0.695	0.0239691971803767
VKORC1	12	1.34031877653847e-06	0.878325008837129	0.563	0.29	0.0242544085802402
RRP36	12	1.35092453090102e-06	1.22645321666393	0.338	0.132	0.0244463303111848
LRRC58	12	1.3590408137067e-06	1.47077048065838	0.254	0.085	0.0245932025648364
DNM1L	12	1.36575857593068e-06	1.32163479179801	0.31	0.117	0.0247147671900416
IFI27L2	12	1.43090210160936e-06	0.775158147003615	0.761	0.488	0.0258936044307231
EPB41L2	12	1.54395268320466e-06	1.42969453765546	0.31	0.12	0.0279393677552715
SKAP2	12	1.58787609142135e-06	0.985751161930243	0.479	0.227	0.0287342057503607
NAA10	12	1.59579966059857e-06	1.0306146122796	0.507	0.26	0.0288775906581918
HNRNPH3	12	1.59672921730359e-06	0.991885730717962	0.493	0.234	0.0288944119163257
NBEAL1	12	1.60996067231504e-06	0.664639330948186	0.845	0.582	0.0291338483262129
HEBP1	12	1.65259209459314e-06	1.25641478458	0.38	0.166	0.0299053065437574
HSD17B10	12	1.70404560699071e-06	1.10392437647371	0.451	0.212	0.030836409304104
MT-CO3	12	1.71167559957242e-06	0.510355265351949	1	0.994	0.0309744816498625
AAED1	12	1.72876214760109e-06	1.33312127796041	0.31	0.119	0.0312836798229893
CTNNA1	12	1.79434139190451e-06	1.26758904067245	0.38	0.166	0.032470401827904
RIF1	12	1.80577322659366e-06	1.22806067648581	0.38	0.162	0.032677272308439
ROCK1	12	1.81917690549914e-06	1.14138072337331	0.437	0.207	0.0329198252819125
TNFSF12	12	1.95691893785491e-06	1.10868273053526	0.451	0.211	0.0354124050994224
CNBP	12	1.95932502104505e-06	0.711494519837517	0.676	0.373	0.0354559455808312
SNX3	12	1.9696943405394e-06	0.502278430301075	0.915	0.613	0.035643588786401
YWHAH	12	2.08257841550564e-06	0.753733379138634	0.592	0.304	0.03768633900699
ZCRB1	12	2.13665374328305e-06	1.28695436553938	0.324	0.128	0.03866488613845
VAPA	12	2.16765894364187e-06	0.701478695306269	0.789	0.479	0.0392259562441432
AP3S1	12	2.17417028662153e-06	0.921035404247505	0.507	0.249	0.0393437855067032
DOCK10	12	2.18533641755389e-06	1.36915299572041	0.31	0.12	0.0395458478120552
ASAH1	12	2.19598562154341e-06	0.579603733721498	0.761	0.455	0.0397385558074495
HRAS	12	2.29853847349274e-06	1.32660104469136	0.324	0.129	0.0415943522163247
DYNC1LI1	12	2.30209776028689e-06	1.24912229201364	0.324	0.127	0.0416587610701516
ATP6V1E1	12	2.30346521167592e-06	1.07569919400877	0.423	0.19	0.0416835064704875
BANF1	12	2.32877151943715e-06	0.875961697094313	0.577	0.306	0.0421414494157347
CYC1	12	2.34987418340934e-06	0.963284936655594	0.479	0.228	0.0425233232229754
MRPL43	12	2.39861811753901e-06	0.989234441496713	0.507	0.254	0.043405393454986
OPA1	12	2.43438495653006e-06	1.39468808782755	0.254	0.087	0.0440526301733679
MAP3K13	12	2.45447081397979e-06	0.942460953779591	0.465	0.217	0.0444161038497783
ATP5A1	12	2.47074032716599e-06	0.986954109586772	0.507	0.258	0.0447105169603958
HMG20B	12	2.47336156423885e-06	1.22738636236235	0.366	0.157	0.0447579508664662
PDCD10	12	2.59996283936652e-06	0.913373702539438	0.521	0.25	0.0470489275411765
MDM2	12	2.63331971887846e-06	0.804268173931217	0.451	0.211	0.0476525536328246
EIF6	12	2.65272187627957e-06	1.00485386334626	0.493	0.238	0.0480036550731551
DARS	12	2.67712182318665e-06	1.12578785040614	0.366	0.154	0.0484451965123856
RNF7	12	2.71376547864732e-06	0.769954455315084	0.662	0.368	0.0491083001016018
PMP2	13	1.86619664803254e-53	3.81799315672129	0.558	0.051	3.37706945427969e-49
MIA	13	1.22038615750654e-36	2.6015920396064	0.558	0.074	2.20841079062384e-32
CRYAB	13	2.35034781374327e-28	2.72156158891396	0.615	0.124	4.25318940374983e-24
ITGB8	13	2.33657095871276e-27	1.70124614494498	0.462	0.064	4.22825880688661e-23
SERPINE2	13	4.01122366392333e-26	2.06829354795248	0.615	0.13	7.25871034223565e-22
GPM6B	13	3.11958194689024e-25	1.80410165186148	0.519	0.091	5.64519549109259e-21
S100B	13	1.18773874559881e-23	3.48179948771918	0.75	0.268	2.1493320340356e-19
GAP43	13	3.37758879370756e-21	2.93790818290866	0.385	0.06	6.1120846810932e-17
SPARC	13	3.95562393281207e-21	1.59026995058231	0.769	0.212	7.15809706881673e-17
S100A6	13	1.24473991843775e-20	2.10403583776914	1	0.739	2.25248135640495e-16
ALDH1A3	13	1.15551892015619e-18	2.11704682740855	0.365	0.059	2.09102703791464e-14
CDH19	13	1.31098355055498e-18	1.32944084424201	0.385	0.064	2.3723558330843e-14
IFI27	13	2.38656229770054e-16	1.30653066415635	0.981	0.436	4.3187231339189e-12
S100A10	13	3.12218487555396e-16	1.52407604054957	0.962	0.595	5.64990575080244e-12
MT2A	13	3.80824776625719e-16	2.05793699940269	1	0.613	6.89140515781901e-12
MT1E	13	2.719338126483e-14	2.44032034992352	0.423	0.107	4.92091427368365e-10
NGFRAP1	13	4.47617226949243e-14	2.09497559060499	0.577	0.193	8.1000813388735e-10
VIM	13	6.4457482723025e-14	1.2666565603783	1	0.765	1.16642260735586e-09
CAPS	13	1.38676171503774e-12	2.12268582530811	0.385	0.097	2.5094839995323e-08
SEPW1	13	3.89385328942730e-12	1.68648093719291	0.865	0.46	7.04631691254765e-08
TIMP1	13	3.98365292939835e-11	0.882967134753844	1	0.892	7.20881834103926e-07
SLC9A3R2	13	6.1068319578796e-11	2.76894309738489	0.365	0.104	1.10509231109789e-06
A2M	13	1.00130112526976e-10	1.51224710543614	0.692	0.313	1.81195451628816e-06
AP1S2	13	1.50637082185542e-10	1.9511729782618	0.635	0.348	2.72592863922958e-06
FXYD3	13	1.55192572825393e-10	1.39917751659598	0.25	0.049	2.80836479784831e-06
S100A16	13	3.45220671385592e-10	2.21686194802311	0.404	0.126	6.24711326939367e-06
LGALS1	13	1.31098294622731e-09	1.36779101723137	1	0.709	2.37235473949293e-05
WBP5	13	1.353879181836e-09	2.14694986571876	0.481	0.196	2.44997976745043e-05
LAMA4	13	2.51926004499167e-09	2.02768746080919	0.385	0.122	4.55885297741692e-05
PMEPA1	13	3.22327030222255e-09	1.34043645611541	0.404	0.13	5.83282993890192e-05
PLAC9	13	3.3016341285507e-09	2.03696998716942	0.346	0.101	5.97463711902535e-05
METRN	13	3.73449516705283e-09	2.69054619089212	0.481	0.216	6.7579424542988e-05
NES	13	8.32207978497865e-09	2.97361887429999	0.308	0.089	0.000150596355788974
PTMS	13	8.45954991849063e-09	1.80606255294559	0.654	0.377	0.000153084015325007
THBS2	13	1.74326544950287e-08	1.31698272817873	0.346	0.101	0.000315461315742039
ANXA2	13	2.63872435183235e-08	1.04856512564803	0.827	0.462	0.000477503558707581
TCEAL4	13	5.57424137366531e-08	2.36030789186627	0.462	0.218	0.00100871471897847
WWTR1	13	5.59217196000817e-08	2.56708993165589	0.346	0.118	0.00101195943788308
SPTBN1	13	9.57701784065323e-08	2.91693684584779	0.423	0.187	0.00173305714844461
PRKCDBP	13	1.25131083389632e-07	1.56111107916647	0.423	0.162	0.00226437208501878
VWA1	13	2.02432095303537e-07	1.48512712941459	0.327	0.102	0.0036632111966128
ATOX1	13	4.44258590865581e-07	1.07575959969995	0.808	0.546	0.00803930346030355
SPP1	13	1.62719179568451e-06	0.920196933456105	0.365	0.14	0.029445662734707
ATP5E	13	1.77840362345882e-06	0.655419160585819	1	0.996	0.0321819919701109
TIMP3	13	2.31200911984951e-06	0.895898440819841	0.385	0.152	0.0418381170327967
