source	target	weight	p_value
Androgen	TMPRSS2	11.4906307374	2.38480595753e-47
Androgen	NKX3-1	10.6225511027	2.20510249279e-44
Androgen	MBOAT2	10.4727329721	4.63237583753e-44
Androgen	KLK2	10.176185878	1.94440984116e-40
Androgen	SARG	11.3868523945	2.79021042494e-40
Androgen	SLC38A4	7.36380493768	1.25307123795e-39
Androgen	MTMR9	6.13064559946	2.53440310636e-38
Androgen	ZBTB16	10.6144369438	1.56715241732e-36
Androgen	KCNN2	9.4731988889	7.71187197616e-36
Androgen	OPRK1	-5.62607353634	1.11424476068e-35
Androgen	ADAM7	3.11174530687	3.11445587816e-32
Androgen	ABCC4	9.37428478112	2.00952123408e-31
Androgen	MYBPC1	4.60857869284	6.80727789424e-31
Androgen	EAF2	6.94490738852	7.84196439434e-31
Androgen	KLK3	14.6068407674	9.1960446294e-31
Androgen	OTULINL	7.7082177175	3.93720268298e-30
Androgen	PEX10	5.74946026182	1.41057071519e-29
Androgen	SI	-5.79500307445	3.98607715937e-29
Androgen	SNAI2	19.8215089854	8.15238863253e-29
Androgen	CAMKK2	3.73954403123	2.59013000998e-28
Androgen	BMPR1B	4.63408450531	6.18286300539e-28
Androgen	F5	6.087825897	1.20477649211e-27
Androgen	LIFR	8.6125146918	1.13344863945e-26
Androgen	MAK	5.31367285271	4.17686469859e-26
Androgen	GNMT	5.67263863695	9.32638494399e-25
Androgen	MPC2	5.88831328709	1.22053441289e-24
Androgen	CTNNA2	3.86912654352	1.5381996097e-24
Androgen	CLDN8	7.82616312833	3.29816151774e-24
Androgen	LRRFIP2	4.14418717192	1.81210483807e-23
Androgen	LRRC31	-5.18102258915	2.47859457194e-23
Androgen	LPAR3	5.84827847574	6.07583983209e-23
Androgen	SLC15A2	5.13992665138	6.74975732461e-23
Androgen	ELL2	6.5675774538	1.36336902078e-22
Androgen	IGF1R	5.01152202997	1.45270633533e-21
Androgen	DNM1L	4.18867959332	2.1356182018e-21
Androgen	LRIG1	6.62607205612	3.99308941978e-21
Androgen	SLITRK3	-3.32064361336	1.5034623307e-20
Androgen	KCNMA1	3.54241990608	2.3839984073e-20
Androgen	NPPC	4.04611571241	7.79335202273e-20
Androgen	ELK4	2.73317183336	6.21306212193e-19
Androgen	MRPS18A	3.92493588807	9.54706820929e-19
Androgen	CBLL1	5.32543758834	1.08452613931e-18
Androgen	AFF3	2.48009244085	1.68953389635e-18
Androgen	SGK1	12.8168418138	2.05506325922e-18
Androgen	STK39	6.93412462041	2.08428874486e-18
Androgen	PMEPA1	10.9989122239	2.12761317132e-18
Androgen	MALT1	6.66978209415	2.36319782023e-18
Androgen	CDK8	-4.29086828336	2.51413222544e-18
Androgen	CROT	4.35830672292	2.72477608693e-18
Androgen	PGC	4.7496332151	4.11145422896e-18
Androgen	STEAP4	9.19433931111	6.51703930722e-18
Androgen	NSMAF	3.28454451793	6.95956498147e-18
Androgen	GPR63	-3.22759309882	1.30554753782e-17
Androgen	TLL1	-2.46391807731	1.59406591342e-17
Androgen	MAF	5.86387138398	1.8056603569e-17
Androgen	DHCR24	6.84300840294	2.68019688945e-17
Androgen	FRK	4.70024893522	2.99302199579e-17
Androgen	CENPN	8.49101673326	3.50287184032e-17
Androgen	SORD	5.77756578443	3.58729607104e-17
Androgen	IQGAP2	5.12448342846	5.28636917768e-17
Androgen	MPHOSPH9	5.10619862739	5.47269116011e-17
Androgen	HOXC13	-3.63425580489	8.30110521046e-17
Androgen	CHRNA2	3.3317016194	8.72289731002e-17
Androgen	CTBP1	-2.89217188229	9.90848209186e-17
Androgen	KLF15	2.83253408437	1.12346766139e-16
Androgen	ACSL3	8.25821358567	1.19060922689e-16
Androgen	TPD52	4.54571137515	3.18135992392e-16
Androgen	SPDEF	3.75095128457	3.4528428203e-16
Androgen	FZD5	4.68661955181	3.95334834012e-16
Androgen	GRIK1	-1.64651345517	6.57513780357e-16
Androgen	CSGALNACT1	6.84603443294	6.872220752e-16
Androgen	DNASE2B	3.01132858824	6.89044176442e-16
Androgen	PHF8	1.86964493558	1.20085732185e-15
Androgen	ARHGEF26	5.31107976025	1.57487578479e-15
Androgen	UAP1	7.62235942884	1.84488932249e-15
Androgen	ECI2	4.26810222296	2.08145832814e-15
Androgen	ADPRM	4.13348871896	2.44999510735e-15
Androgen	GRHL2	4.29572486397	3.23687418898e-15
Androgen	ENDOD1	6.51615227021	3.37749880923e-15
Androgen	NCAPD3	8.44090141153	7.14774480358e-15
Androgen	AZGP1	5.81835009695	8.18288355798e-15
Androgen	ACP3	-3.01472809845	9.00291293176e-15
Androgen	TSPAN3	-3.04694823602	1.12547644848e-14
Androgen	IGF1	2.68011765402	1.2751416508e-14
Androgen	PDE9A	2.90020939568	1.59121713278e-14
Androgen	SYTL2	-5.38953615735	1.70753611118e-14
Androgen	PPP2CB	2.35261800325	2.77063337755e-14
Androgen	MYNN	-2.91880437202	2.8020413312e-14
Androgen	RAB3B	4.39309957965	3.31498643161e-14
Androgen	SEC14L2	4.38852738911	3.44312983136e-14
Androgen	PSMD8	3.65732836091	3.63130513581e-14
Androgen	UBE2J1	3.76002103397	3.79580818639e-14
Androgen	FUT8	-4.40595359044	7.24871844689e-14
Androgen	PAK1IP1	7.6919315634	9.46159629764e-14
Androgen	MANEA	-4.00414637037	1.16701147392e-13
Androgen	GCG	-2.17133592689	1.25162965851e-13
Androgen	SELENOP	6.33678058131	1.28014635193e-13
Androgen	TRPM8	3.83541868895	1.47502166728e-13
Androgen	SCAP	2.92921089044	1.59470971519e-13
Androgen	MCCC2	2.80800480204	2.00838093529e-13
Androgen	NNMT	6.09032697311	2.16581961309e-13
Androgen	GREB1	5.56495649091	2.46032761119e-13
Androgen	ABHD2	5.229518364	2.71211216891e-13
Androgen	PNLIP	2.44136328553	3.39165013782e-13
Androgen	MAPK6	3.24653513246	3.75198904584e-13
Androgen	TNFAIP8	6.83059409493	4.63827179666e-13
Androgen	TMEM38B	-4.13283619758	6.11108164504e-13
Androgen	KALRN	-1.18918847198	6.46161953203e-13
Androgen	MPZL1	2.503403837	7.39867775201e-13
Androgen	ZBTB10	4.66305998722	1.08254288997e-12
Androgen	COLEC12	-3.87535587493	1.13932664369e-12
Androgen	DENND1B	-3.51973011425	1.34688526082e-12
Androgen	TRIM45	-2.4815293526	1.47711774545e-12
Androgen	RAB27A	4.18865850226	1.6075943172e-12
Androgen	GRB10	-4.89075851789	1.62730156786e-12
Androgen	AKAP5	2.36868028532	1.75172086517e-12
Androgen	SNRK	-2.28589368592	2.59253083265e-12
Androgen	KLK15	1.28276459453	2.68051284415e-12
Androgen	SAYSD1	-1.61029533463	2.91571786653e-12
Androgen	TRIM36	3.33793117497	3.10259993292e-12
Androgen	ORC5	3.28469858407	3.61241937669e-12
Androgen	PLA2G5	1.60273782257	3.72745254988e-12
Androgen	CHKA	3.74431578374	3.73027353164e-12
Androgen	ABCC1	3.44972478714	6.56043273517e-12
Androgen	PPP1CB	3.35835556015	7.79943658535e-12
Androgen	BARD1	-4.80969112827	8.86871155756e-12
Androgen	HEBP2	2.81694520151	9.40472773089e-12
Androgen	OLA1	2.33763911297	1.00332435749e-11
Androgen	TENM1	2.37952949137	1.14222825071e-11
Androgen	GALNT10	-2.97199575307	1.3077162187e-11
Androgen	CREBZF	-1.84097927528	1.71054008359e-11
Androgen	INPP4B	4.80451897788	1.73491156122e-11
Androgen	MAN1A1	-6.21456367095	1.88463483718e-11
Androgen	RARB	2.7037332567	2.41731168855e-11
Androgen	SLC43A1	4.03557670537	2.6367595862e-11
Androgen	PPFIBP2	2.94436167377	2.86685616907e-11
Androgen	ST6GALNAC5	-2.39871940096	3.08381303237e-11
Androgen	PCTP	3.41095116797	3.14637280802e-11
Androgen	PITX1	-2.68040248873	3.20819791436e-11
Androgen	IRS2	6.85366315869	3.68713737725e-11
Androgen	MYRIP	-3.01545080602	4.14787662831e-11
Androgen	FECH	2.56997936462	5.09483813931e-11
Androgen	SOCS2	4.66149336276	6.48113052058e-11
Androgen	MYCBP2	2.53763323677	6.53027187236e-11
Androgen	SLC35F2	4.53735066489	6.75325850211e-11
Androgen	MAPRE2	-1.92481153106	6.92422640553e-11
Androgen	TULP4	-3.19079944336	8.63412438326e-11
Androgen	ATP1A1	2.77926385092	8.64986323506e-11
Androgen	SEC24D	2.95807251287	8.94426526526e-11
Androgen	PTPN21	2.06260525556	8.98738220828e-11
Androgen	KCND2	2.76909126593	9.17071596519e-11
Androgen	TRPS1	-3.76135107079	9.5292660199e-11
Androgen	FICD	3.21752457891	1.21876322929e-10
Androgen	ZNF613	1.74072240514	1.42344587343e-10
Androgen	PFKFB2	1.89195656962	1.47337510425e-10
Androgen	TIPARP	8.33235975736	1.5252635249e-10
Androgen	EFCAB11	-1.68724970775	1.70710330324e-10
Androgen	CNGB3	1.07824343485	1.83849700174e-10
Androgen	ZBTB43	-3.14677333308	2.36331309999e-10
Androgen	SLC16A6	6.47193846835	2.4294971901e-10
Androgen	ATMIN	2.74457562546	2.55327143474e-10
Androgen	SPRYD7	2.27908159478	2.59445352034e-10
Androgen	NEDD4L	3.64754064957	2.7839986865e-10
Androgen	INSL5	-1.38488146249	3.42510466891e-10
Androgen	DBI	5.25429582369	3.52477165734e-10
Androgen	MAP9	3.21986327804	4.23833566163e-10
Androgen	DNAJB9	4.90128301361	4.62764475602e-10
Androgen	LIN7B	2.01617513997	4.71936084494e-10
Androgen	MID1	-3.30355895531	4.86415870237e-10
Androgen	PRKCH	3.08552297923	5.62547573566e-10
Androgen	LONRF1	2.31269620134	6.20524020213e-10
Androgen	NT5DC3	3.00507292311	7.39052299493e-10
Androgen	INTS8	-2.77270714922	7.42442628128e-10
Androgen	DIO1	-3.05812302105	7.58888543348e-10
Androgen	WNT7B	2.72154168855	8.47740270989e-10
Androgen	FAM110B	2.69257628281	8.53962453823e-10
Androgen	TUT7	2.48455310046	8.8861592842e-10
Androgen	HPGD	7.53897406539	9.35964874494e-10
Androgen	AMIGO2	-8.63080529272	9.77793228786e-10
Androgen	CPEB3	2.40572209123	1.08410482486e-09
Androgen	TAPT1	-1.42027667075	1.25884572942e-09
Androgen	CARTPT	1.18448677234	1.26225342479e-09
Androgen	TGM3	-1.80271650331	1.28955521377e-09
Androgen	ZBBX	-1.67411043802	1.30661262069e-09
Androgen	EFHC2	-1.70612091232	1.31281897234e-09
Androgen	TEX2	3.29953815655	1.47027962719e-09
Androgen	MTOR	1.5902665705	1.54001481782e-09
Androgen	ACSM1	1.1669406865	1.54534035576e-09
Androgen	ABCG2	-4.0165473862	1.78800511312e-09
Androgen	DCAF6	2.66396654933	1.97802850057e-09
Androgen	APOF	-1.30792748615	2.15078706873e-09
Androgen	SPTLC3	-2.80921636126	2.22139689582e-09
Androgen	BBX	2.96983477776	2.43633895335e-09
Androgen	LCP1	3.69256277711	3.97017294135e-09
Androgen	SLC19A2	5.2802632482	4.40199668828e-09
Androgen	DEGS1	5.09409858841	4.61399204185e-09
Androgen	LTN1	-2.45145984002	4.94194318553e-09
Androgen	STK17B	3.69386229774	7.36006984696e-09
Androgen	SEC24B	2.81452395167	8.73806849154e-09
Androgen	ACACA	2.29560033323	1.10813681628e-08
Androgen	SSR1	2.21951608034	1.12046997343e-08
Androgen	PARVA	2.05191252043	1.1221109783e-08
Androgen	GNAI1	3.33506333071	1.1395099369e-08
Androgen	PNMA1	3.46477927765	1.45315982233e-08
Androgen	GCFC2	3.10998663403	1.54607639326e-08
Androgen	GUCY1A1	2.68468055138	1.63189739171e-08
Androgen	SLC12A6	-2.69364780416	1.82016878823e-08
Androgen	CNGA1	-1.62093538099	1.91306498206e-08
Androgen	BMERB1	-2.08985897544	2.0222593763e-08
Androgen	ARHGAP6	1.78568950794	2.02490139862e-08
Androgen	APPBP2	2.98388803447	2.11443223161e-08
Androgen	MYLK	-3.09341914654	2.13581500628e-08
Androgen	FZD3	-2.98379494341	2.16476583639e-08
Androgen	MICU1	-2.34111100285	2.59324577929e-08
Androgen	TNFRSF10B	2.9047619247	2.60829642091e-08
Androgen	BCAP29	2.12459040854	2.96716086527e-08
Androgen	SERP1	2.07945113128	3.53224328901e-08
Androgen	SERPINI1	-3.49727417709	4.17098333672e-08
Androgen	EHF	3.17740626045	4.19857055035e-08
Androgen	ZNF350	1.93306551564	4.25368142404e-08
Androgen	LUZP2	-1.72833458159	4.42180202536e-08
Androgen	HOXB13	-2.19614292827	4.43167582471e-08
Androgen	CNKSR2	1.81552916332	4.91129817119e-08
Androgen	CHPT1	2.70747417305	5.48538727506e-08
Androgen	CYTH1	2.05235658595	5.6930462741e-08
Androgen	ADGRV1	-1.04444493964	5.70030226047e-08
Androgen	BCHE	-3.7747380705	5.71775828861e-08
Androgen	PTBP2	-2.01737422916	5.75825848674e-08
Androgen	MTMR2	2.13646736344	5.90541622527e-08
Androgen	HSD17B11	3.38981276512	6.31347193847e-08
Androgen	SPOCK1	4.06659802779	6.44988195273e-08
Androgen	PRR15L	3.8148997976	6.65428457657e-08
Androgen	GMPPA	1.81423577606	7.14395755523e-08
Androgen	ANKH	2.8727763393	7.88276437149e-08
Androgen	WDR44	1.65933530683	7.905629638e-08
Androgen	RALB	-2.7136056361	8.08248407148e-08
Androgen	DGKH	-1.98986609522	8.39415248297e-08
Androgen	MAP7D1	2.53725242721	8.64867972696e-08
Androgen	ERP44	1.28062539593	8.89037360011e-08
Androgen	RNF43	-2.71153223536	9.61298563099e-08
Androgen	CCDC93	-1.70367008115	1.06753603046e-07
Androgen	RBFOX2	-1.41364504815	1.13280737203e-07
Androgen	KDELR2	2.30663488162	1.17267932479e-07
Androgen	LYVE1	5.51200140972	1.23335210972e-07
Androgen	ADAM22	-1.02603873533	1.26541474087e-07
Androgen	PKP4	-2.04715052488	1.42419587347e-07
Androgen	KLF5	5.16023531883	1.50653877522e-07
Androgen	ERN1	2.62980505762	1.56363609806e-07
Androgen	LPCAT4	-1.8180060553	1.57148314974e-07
Androgen	NDRG1	10.6219803008	1.77876606382e-07
Androgen	ATP11B	1.82642076165	1.91677268431e-07
Androgen	CREB3L2	2.1923341289	1.9841214138e-07
Androgen	HERPUD1	3.35136776356	2.0130880713e-07
Androgen	NAT1	4.36766134969	2.13500405012e-07
Androgen	SRP19	2.67846488051	2.17297957266e-07
Androgen	PLPPR1	-1.46434922314	2.19624795899e-07
Androgen	SYNJ1	2.07659998881	2.26903692841e-07
Androgen	GHR	4.77678266193	2.26910551446e-07
Androgen	HIPK2	2.87229300848	2.33741663806e-07
Androgen	TAOK3	2.08293403934	2.4991141314e-07
Androgen	NOVA1	-1.27304909761	2.73965494347e-07
Androgen	BMPR1A	2.36619063166	2.8370368289e-07
Androgen	DDX42	-1.7999277269	2.98177433095e-07
Androgen	ABCG1	-2.79240214286	3.10007934248e-07
Androgen	PRKCA	2.05003702997	3.28723828467e-07
Androgen	ZFHX3	1.59320191762	3.31475960841e-07
Androgen	NPC1	2.16840971584	3.33649690857e-07
Androgen	PRDX6	2.22400670798	3.55708423106e-07
Androgen	GPER1	-2.0719187497	3.70075139933e-07
Androgen	IL1R1	3.39643427486	3.70640908134e-07
Androgen	PDSS2	-0.9780308425	4.23969145741e-07
Androgen	EPB41L4B	1.34656840482	4.31854453016e-07
Androgen	GORASP2	1.92648208185	4.35307159684e-07
Androgen	GASK1B	-5.301028616	4.39698459522e-07
Androgen	MYH10	-2.59813156103	4.57770600059e-07
Androgen	PLPP2	-2.17133442791	5.72784728718e-07
Androgen	SLC20A2	-2.31873600468	5.73913412356e-07
Androgen	COBL	-2.28704554045	5.9238907814e-07
Androgen	PAK1	-1.93543786313	6.93846766688e-07
Androgen	TMEM47	3.5903229101	7.16906054674e-07
Androgen	CDC42EP3	4.79784377384	7.17272197501e-07
Androgen	ERGIC2	1.84324988036	7.35709057142e-07
Androgen	NDUFV1	-1.29549843003	7.38465978704e-07
Androgen	RNFT2	-1.86742520312	7.44166907256e-07
Androgen	TSPAN5	-2.38404860756	7.5133958243e-07
Androgen	SEMA6A	-2.61147346288	7.52584668261e-07
Androgen	SC5D	2.37507635146	7.95021762114e-07
Androgen	CAMK1D	-1.85267427864	8.02723374675e-07
Androgen	SLC44A1	-2.28323607657	8.24519845671e-07
Androgen	SAP30	1.91996836724	8.65170325637e-07
Androgen	REPS2	2.44558558873	8.76710841411e-07
Androgen	RREB1	0.910165100939	8.83479799095e-07
Androgen	LRCH1	1.95417863244	9.15652610879e-07
Androgen	THRB	2.04653988374	9.15798469394e-07
Androgen	STK3	-1.74725434012	9.755003342e-07
Androgen	PTPRR	-3.4979980752	9.97050014458e-07
Androgen	SMPD2	2.00896147935	1.00839506967e-06
Androgen	UQCC1	-1.39363356804	1.04468750045e-06
Androgen	CLGN	3.62954455627	1.09429234571e-06
Androgen	PGM3	2.4241280143	1.11737523604e-06
Androgen	ACAD8	3.0277185672	1.16683194345e-06
Androgen	NKX3-2	1.76403636014	1.22011523527e-06
Androgen	SASH1	3.66820299125	1.22223905775e-06
Androgen	IFT57	1.94700381559	1.22888549239e-06
Androgen	PKNOX2	-1.32581044489	1.29186597884e-06
Androgen	ABCA12	-3.34489595237	1.29560989453e-06
Androgen	KCTD3	2.75470943233	1.3133250189e-06
Androgen	MANBA	-3.14232844368	1.31393763599e-06
Androgen	PTRH2	2.58174571209	1.4021581544e-06
Androgen	PPFIBP1	1.7948038176	1.48919600775e-06
Androgen	SLCO2A1	5.01610967418	1.5132980557e-06
Androgen	MYT1	-0.852577333297	1.53225744851e-06
Androgen	CYP11A1	1.36259409182	1.65881890617e-06
Androgen	COL5A2	-3.26048054969	1.69698024906e-06
Androgen	SLC5A1	-1.11726984812	1.71786225064e-06
Androgen	SH3D21	1.6012014506	1.83618336312e-06
Androgen	SH3BGRL	2.98099523532	1.91345016638e-06
Androgen	PATZ1	-1.32234957103	1.93031429513e-06
Androgen	CMC2	3.9173087043	1.95103262739e-06
Androgen	NFKBIA	5.74180310867	2.04146327523e-06
Androgen	GLRX2	3.39230202975	2.05691072483e-06
Androgen	RLN1	1.56340172333	2.17440532623e-06
Androgen	TMEM39A	1.56477586261	2.20506679132e-06
Androgen	MCTP1	-2.83604569655	2.29785808376e-06
Androgen	VCL	2.29361215586	2.34227078966e-06
Androgen	RNF2	1.26647233426	2.40102937008e-06
Androgen	ELOVL2	3.25766334433	2.40793186666e-06
Androgen	MACIR	-3.24537763906	2.40826241169e-06
Androgen	GARNL3	-0.888274764513	2.41626611465e-06
Androgen	ATXN2	1.70148300199	2.4245563698e-06
Androgen	UBE2E1	1.67457030253	2.48587586369e-06
Androgen	ALDH1A3	4.43114339872	2.51005603687e-06
Androgen	UBE2D1	1.90503417699	2.55701047198e-06
Androgen	CNTNAP2	1.26361818559	2.65902745631e-06
Androgen	RNF34	-1.67868098742	2.70342663705e-06
Androgen	HSPA1L	-1.2612516092	2.92311622459e-06
Androgen	SPATA2	1.51318119474	3.08557693132e-06
Androgen	OSR2	-4.56827905681	3.08885853913e-06
Androgen	FADS2	2.06872181242	3.10295153211e-06
Androgen	NFIB	2.30094541452	3.15706478437e-06
Androgen	HTATSF1	-1.79349420624	3.24271439934e-06
Androgen	ABCA1	-2.17659776811	3.25400857056e-06
Androgen	LAT2	1.31397922648	3.45844544261e-06
Androgen	GOLGA5	2.0963539887	3.46531477059e-06
Androgen	CRISP3	2.19948128157	3.57346599706e-06
Androgen	MTREX	-1.6185574943	3.88267521624e-06
Androgen	ADRA2A	2.14815091726	3.89704189501e-06
Androgen	FRYL	1.94557704994	3.9868086128e-06
Androgen	EDEM3	3.21369067855	4.22764956319e-06
Androgen	POU2F3	-1.20463967146	4.32470599389e-06
Androgen	ST3GAL1	-3.07196513259	4.41871309503e-06
Androgen	RADX	-1.29513404577	4.47503776528e-06
Androgen	RAP1B	-2.16653196987	4.48918526373e-06
Androgen	SSR3	2.73784886452	4.5704407825e-06
Androgen	LAMC1	2.47045097424	4.93162812728e-06
Androgen	GBF1	1.53913611544	5.05400727773e-06
Androgen	STYK1	2.16289852081	5.06584536466e-06
Androgen	DMRT1	-1.21509818562	5.19886759279e-06
Androgen	ARHGAP1	1.11078879561	5.24398919517e-06
Androgen	SLC25A37	2.27953485629	5.40109158433e-06
Androgen	COQ7	-1.35242134205	5.48664286304e-06
Androgen	USO1	1.91862489583	5.54010479409e-06
Androgen	OSBP	1.17202345622	5.80031113877e-06
Androgen	DSC1	1.81917593502	6.09389349433e-06
Androgen	PRPF6	-1.63688792209	6.25101281901e-06
Androgen	EXTL2	2.63858591092	6.41014668361e-06
Androgen	KIF5B	-2.02800457177	6.53658440967e-06
Androgen	FKBP11	2.00970146561	6.75476512005e-06
Androgen	SPCS3	2.37425422654	6.78633547542e-06
Androgen	PIK3R3	-2.79861738753	6.80213533353e-06
Androgen	AFG3L2	-1.29493902484	7.48234651567e-06
Androgen	PIK3C2A	1.77358859402	7.63683556391e-06
Androgen	MECOM	-1.07760781435	7.6443629964e-06
Androgen	NANS	1.74826042938	7.68514816282e-06
Androgen	GLE1	-1.05504455942	7.72146154788e-06
Androgen	DYM	1.39763637975	8.05927144934e-06
Androgen	OSGEP	-1.28470297932	8.1518309389e-06
Androgen	SART3	-1.37017391415	8.16403285327e-06
Androgen	ZNF532	2.26921353171	8.54424863374e-06
Androgen	RNF14	1.84071340457	9.06184073106e-06
Androgen	WDR41	1.29572675635	9.28546877752e-06
Androgen	ANP32E	-2.97005547531	9.34604949211e-06
Androgen	ABI3BP	2.82200625333	9.35503581037e-06
Androgen	DNAAF11	-1.34379469162	9.35864197312e-06
Androgen	KLHL36	1.35341328677	9.40487581819e-06
Androgen	CAND1	-1.18626061903	9.5325393678e-06
Androgen	MEAF6	1.52925940301	9.55756124808e-06
Androgen	SCYL3	-2.23392489312	9.68764070784e-06
Androgen	CAB39L	1.82075154211	1.0032618239e-05
Androgen	DLG2	1.22239699487	1.0352920812e-05
Androgen	HUS1	1.29157024604	1.05103410872e-05
Androgen	KLHL29	1.01163069907	1.06370990919e-05
Androgen	LGALS8	-1.91440180951	1.06960324384e-05
Androgen	ENC1	-4.18510928668	1.07546611814e-05
Androgen	SWAP70	-1.83178578403	1.07630261208e-05
Androgen	POLR1F	2.04836033177	1.08107240942e-05
Androgen	WLS	-2.95958326649	1.10106692225e-05
Androgen	DERL1	1.29350036111	1.12069217435e-05
Androgen	RNF41	1.67079192985	1.13368431761e-05
Androgen	ANGPT2	2.11156114607	1.17153378297e-05
Androgen	ZNF652	2.90515742379	1.1729870627e-05
Androgen	ATP2B1	-3.85982677056	1.18688288092e-05
Androgen	ZNF589	1.26681980464	1.22668249463e-05
Androgen	SEC24A	2.50857888978	1.25274746863e-05
Androgen	TRIM33	1.58914729298	1.29432282527e-05
Androgen	MAOA	3.4302033137	1.2999820391e-05
Androgen	NEK1	-1.53574939549	1.30202854497e-05
Androgen	NSDHL	2.17067766992	1.42264480332e-05
Androgen	HNRNPH1	-1.56529679109	1.45187663347e-05
Androgen	REEP1	-2.64175533295	1.45528562929e-05
Androgen	MOGAT2	0.871803222852	1.45887124286e-05
Androgen	SSR2	1.68625946996	1.4657547652e-05
Androgen	ADPGK	1.32114077473	1.46715843392e-05
Androgen	PELI2	-1.72686778639	1.46776106868e-05
Androgen	COQ6	-1.29203960713	1.47545979608e-05
Androgen	CD2AP	1.61934708626	1.52587176509e-05
Androgen	CAP2	2.12070642668	1.52797651878e-05
Androgen	PDS5B	1.252724399	1.54711942397e-05
Androgen	ADGRB2	-1.36787265021	1.57776811618e-05
Androgen	EXTL3	-1.12969869198	1.58491929874e-05
Androgen	LASP1	-2.18529807928	1.65029905681e-05
Androgen	MICAL2	2.40406590059	1.658244414e-05
Androgen	OSBPL8	2.04790607767	1.67631117283e-05
Androgen	FLOT2	-1.53015357928	1.70305038275e-05
Androgen	TBC1D4	3.08707216089	1.74510953027e-05
Androgen	ITGAV	2.94299097459	1.76180722606e-05
Androgen	NCBP2	-1.42867473033	1.76240926779e-05
Androgen	CSNK1G3	1.46793301305	1.83819293529e-05
Androgen	FBXW2	1.16803375055	1.8404530089e-05
Androgen	DNAJC10	1.96290478864	1.86617639725e-05
Androgen	ATP8A1	-1.671390289	1.87944817451e-05
Androgen	RGS10	-1.6670708804	1.89343049609e-05
Androgen	FFAR2	-2.37564689974	1.91784640533e-05
Androgen	HFE	-1.04039616653	1.92309378647e-05
Androgen	TBC1D8	3.76201874154	1.97185267717e-05
Androgen	BBS4	1.89324943451	2.00200893768e-05
Androgen	ZBTB1	1.95299855577	2.1331795123e-05
Androgen	ABITRAM	1.55815600382	2.16900999289e-05
Androgen	LIMCH1	2.60616794397	2.21788320741e-05
Androgen	EVC	-0.919400897505	2.27239007157e-05
Androgen	REXO2	-1.79135638657	2.27885564797e-05
Androgen	PLA2G2A	-2.63034197809	2.3264629906e-05
Androgen	TMEM131L	-2.01299325497	2.54887775447e-05
Androgen	CALU	2.26890236835	2.59112708606e-05
Androgen	WWP1	2.35337668169	2.60954535501e-05
Androgen	TXLNGY	1.05398910945	2.6221295377e-05
Androgen	TDP1	-1.55964295371	2.67287314529e-05
Androgen	COPB1	1.37259053398	2.96457568741e-05
Androgen	MCPH1	1.02159524333	2.99152902294e-05
Androgen	IL20RA	1.25559386223	3.02633751035e-05
Androgen	M6PR	-1.94361893877	3.06442116433e-05
Androgen	PCNX2	1.06710295147	3.14814618279e-05
Androgen	ZFYVE16	1.68422968036	3.19024102157e-05
Androgen	BAMBI	-5.31086204799	3.20216895641e-05
Androgen	PIGH	1.59607512026	3.21533091185e-05
Androgen	FDFT1	2.52991946893	3.22454142968e-05
Androgen	TMEM106C	-2.0675965848	3.37799429743e-05
Androgen	KCNS3	-2.80847494041	3.44114796986e-05
Androgen	KMT5A	1.80941173448	3.48144380395e-05
Androgen	KCNJ3	-1.18024335711	3.655293025e-05
Androgen	C1orf115	-1.53731981919	3.66346159191e-05
Androgen	SRGAP3	-1.02827623635	3.69158064932e-05
Androgen	FAM107A	0.965037839864	3.72444216212e-05
Androgen	HERC1	-1.27596977763	3.77572475371e-05
Androgen	TRIM24	1.08049131343	3.81746442646e-05
Androgen	RGS17	-2.46073888849	3.98526157772e-05
Androgen	THUMPD1	1.83558275843	4.10497686125e-05
Androgen	MARCHF5	1.58873271431	4.14222866626e-05
Androgen	RAP2B	-1.94428427368	4.25097146708e-05
Androgen	BAZ1B	-0.97929072399	4.26179560108e-05
Androgen	CTC1	-0.997145712573	4.29981188605e-05
Androgen	CCNK	1.37338320053	4.33167461292e-05
Androgen	TEK	0.978002988939	4.41266764602e-05
Androgen	DPP4	2.01413723404	4.42088344898e-05
Androgen	FASN	1.87435617765	4.55133320988e-05
Androgen	MAGI1	-0.84517476793	4.67333215095e-05
Androgen	HDAC1	-1.81626173602	4.71934172591e-05
Androgen	NET1	-3.02582828947	4.80142777465e-05
Androgen	TMEM132A	-1.19770420348	5.03396839835e-05
Androgen	ACADL	0.875078928933	5.17353899589e-05
Androgen	DEPTOR	-2.70606496499	5.17993413369e-05
Androgen	TSPAN15	-1.88944098815	5.18029061397e-05
Androgen	HMGCR	3.84362241775	5.26245144399e-05
Androgen	KDM5A	-1.51454600267	5.30576054272e-05
Androgen	ATP6V1H	-1.08603409244	5.41234236325e-05
Androgen	DCTN1	-1.27396024399	5.42108550585e-05
Androgen	TSPAN9	-0.931832320894	5.6590632204e-05
Androgen	SPINT2	-1.57358081456	5.66500547038e-05
Androgen	CDC42BPA	1.09837671553	5.75264265665e-05
Androgen	TG	1.00747757915	5.83944841055e-05
Androgen	NTAQ1	2.02195689009	5.94978420885e-05
Androgen	TNFRSF21	-4.09961156742	6.0622009402e-05
Androgen	NAB1	-1.77573067281	6.15440538083e-05
Androgen	CRYM	1.51677492486	6.2884647059e-05
Androgen	EHMT2	-1.02186388128	6.30284707979e-05
Androgen	TMED10	1.57260682742	6.44683252297e-05
Androgen	NONO	-1.41260829622	7.02320822205e-05
Androgen	HNRNPM	-1.26711788496	7.09447008773e-05
Androgen	R3HCC1L	-1.24343311022	7.11696370487e-05
Androgen	SSX2IP	1.73801373325	7.17497505539e-05
EGFR	LZTFL1	-1.87387692925296	2.08099554876229e-18
EGFR	PHLDA2	3.50513834140141	2.05306243609827e-17
EGFR	DUSP6	12.629312588446	6.53732395547406e-17
EGFR	DUSP5	7.94303950699731	6.86669004950015e-17
EGFR	PHLDA1	6.61962612874247	3.41069329471772e-16
EGFR	CRIPT	-2.04493786986832	3.77813132457768e-16
EGFR	DUSP4	6.96717967147409	5.48750576591352e-16
EGFR	EPHA2	5.41118410206543	6.19938297458677e-16
EGFR	MCCC1	-2.17032352979398	3.20000613262998e-15
EGFR	HAS3	2.92373776511949	4.89872137315521e-15
EGFR	VAV3	-3.38648503621611	5.04961187883773e-15
EGFR	FOSL1	7.64782979533842	6.80646496835196e-15
EGFR	SENP7	-2.11034378289699	1.03286730531973e-14
EGFR	BZW1	2.74615194948898	1.08160939807519e-14
EGFR	EGR4	2.95307638542232	3.19810027419128e-14
EGFR	POT1	-1.83330085840256	4.84124580807887e-14
EGFR	LAMC2	3.92011572340227	6.32100794517738e-14
EGFR	ATG2B	-1.64558044699328	7.2057042507037e-14
EGFR	NR1D2	-3.08327244867749	7.3112243484365e-14
EGFR	LARP7	-0.91707745578243	1.24472884028883e-13
EGFR	MYO1A	0.994778119514043	1.38208563094451e-13
EGFR	GOLPH3L	-2.7415248706061	1.62567914772572e-13
EGFR	KIAA1522	-2.50694146733729	1.85618812073273e-13
EGFR	ADORA1	1.26781000839001	2.69540921364344e-13
EGFR	RABGAP1	-1.26940025889934	2.69581422557506e-13
EGFR	SYF2	-1.40763575246807	3.13714310399917e-13
EGFR	BBIP1	-1.18431895823292	3.59274513794055e-13
EGFR	PCMTD2	-2.19537544632596	4.03424542969e-13
EGFR	CHRNA10	0.689980899769992	4.6780492812745e-13
EGFR	MARF1	-2.29846851744686	4.76513789509986e-13
EGFR	RETREG3	-2.12231778440029	5.55549731803887e-13
EGFR	PNP	4.64361994164597	5.97532166569382e-13
EGFR	ATXN3	-1.27427867376912	6.11584012153376e-13
EGFR	ETFDH	-1.66845875498315	6.39085668355988e-13
EGFR	SPOCD1	4.29568940121941	6.90564814191275e-13
EGFR	NBR1	-1.99720336416486	1.13585665509965e-12
EGFR	TRIB1	3.91779438327681	1.19739035615098e-12
EGFR	ELF2	-1.34292870001263	1.26989480436963e-12
EGFR	PLEK2	3.43925696360287	1.44644287558582e-12
EGFR	CLDN8	-2.01870784848733	1.98988739076034e-12
EGFR	ZNF224	-1.39730985547392	2.07467947373391e-12
EGFR	CBARP	0.979442478621881	2.5590335902141e-12
EGFR	RNF146	-2.17082116400212	2.58250004018122e-12
EGFR	EAPP	-2.23989973033089	2.72426397359463e-12
EGFR	BSDC1	-1.26936896809616	2.7954697879658e-12
EGFR	RAB33B	-1.78364281596369	3.0490757330867e-12
EGFR	MBTPS1	-1.40660137547869	3.46066638983615e-12
EGFR	MDFI	1.16010907259944	4.06401123984654e-12
EGFR	KCNF1	1.57587573013671	4.13941791905429e-12
EGFR	RBM48	-1.05377423830237	4.16423075870981e-12
EGFR	KLHDC2	-3.59392965455908	5.33625379126342e-12
EGFR	AEN	2.98740289742821	5.36706555323295e-12
EGFR	PWP2	1.17248838378621	5.59225605006803e-12
EGFR	DYNC2LI1	-1.43023860195831	6.10405721479443e-12
EGFR	CCDC28A	-3.1018147713204	6.80054730805061e-12
EGFR	EFHC1	-2.03460366013141	7.09856302903863e-12
EGFR	XRCC3	1.48795707507058	7.44397669550959e-12
EGFR	SPATA2L	1.75649766839173	7.5572386495486e-12
EGFR	SLC45A3	1.9024389018056	8.61208745016952e-12
EGFR	WDR19	-1.49378942406405	8.97814783382048e-12
EGFR	TRH	0.771964661380765	9.40746359837555e-12
EGFR	TMEM59	-1.8640664265804	9.42457078039621e-12
EGFR	CEPT1	-0.994593734124264	1.20278847694673e-11
EGFR	ZNF75D	-1.31581947344587	1.44128967910866e-11
EGFR	TUBB4B	4.08451020763625	1.65630497932193e-11
EGFR	HMOX2	1.71963797256777	1.7181624062145e-11
EGFR	ODC1	4.67855082896383	1.72765397274496e-11
EGFR	EXD3	0.779924513470947	1.75010372357754e-11
EGFR	RCOR3	-1.67077239348084	1.75714566033834e-11
EGFR	ZNF350	-1.26350006747404	2.16437226905923e-11
EGFR	DCAF13	1.43423295705024	2.2202644369317e-11
EGFR	N4BP2L2	-1.59401464603044	2.3300352730617e-11
EGFR	AJUBA	-3.19326466262031	2.39593847692888e-11
EGFR	MMUT	-1.69086957005589	2.45759243680692e-11
EGFR	CFL1	1.32924547866267	2.77853193596486e-11
EGFR	GPR75	1.03703951529263	2.80238415907666e-11
EGFR	TRIM52	-2.01216033190721	3.24504018804949e-11
EGFR	ZNF451	-1.05600688074436	4.21440890379188e-11
EGFR	GRAMD1C	-2.79709199268972	4.44433120737333e-11
EGFR	C2CD5	-1.93904307015901	5.24568735600833e-11
EGFR	ZNF571	-1.903966941986	6.06718270312257e-11
EGFR	ZBED8	-3.11684877428265	6.27685088014365e-11
EGFR	PTHLH	3.6139766530131	6.99501749971927e-11
EGFR	CARF	-1.60128408140437	8.6728873587739e-11
EGFR	SH2D5	2.43213297611947	8.67884735790569e-11
EGFR	ZSCAN31	-3.10009170888316	8.86660977878158e-11
EGFR	MYEOV	1.72663243437403	9.22206984933342e-11
EGFR	PNISR	-1.59538804318438	1.00011258331448e-10
EGFR	TTC33	-1.38440898157233	1.02402302925084e-10
EGFR	DSPP	2.35038711269519	1.08195656755629e-10
EGFR	ANAPC16	-1.82101835805423	1.19326758759978e-10
EGFR	EGR3	6.27141550111319	1.28710659028816e-10
EGFR	FOXN3	-1.67954301259901	1.29270452451161e-10
EGFR	PEX1	-1.66166240906158	1.44167713705182e-10
EGFR	TOMM34	1.80597879298749	1.51000017281813e-10
EGFR	ABHD18	-1.2730325781368	1.55790523324653e-10
EGFR	NPNT	-1.87135596634344	1.60121822907369e-10
EGFR	SUDS3	-2.19531961765194	1.60984902190309e-10
EGFR	GABARAPL1	-2.95964345352502	1.68256169248599e-10
EGFR	AUH	-2.19400351460581	1.70364639746823e-10
EGFR	CDKN1B	-3.267665796592	1.77632342999361e-10
EGFR	HACE1	-2.48946187528862	1.79836473432698e-10
EGFR	TPM3	0.924111491743276	2.05128050286142e-10
EGFR	RELT	2.29165301407767	2.25360501838096e-10
EGFR	CREG1	-2.11342444878467	2.39890997283882e-10
EGFR	GAL	2.16277575187849	2.47309831583734e-10
EGFR	CD160	0.762055840881122	2.64850571256608e-10
EGFR	ZBTB3	-1.41817297699195	2.7345177082794e-10
EGFR	C11orf54	-2.59084283821753	2.8945723926797e-10
EGFR	HOXC6	-2.42699297906554	2.9548168493502e-10
EGFR	LIPG	3.61106578296836	3.05827828083008e-10
EGFR	STX1A	1.69688783207693	3.10107764792251e-10
EGFR	USP36	1.59254306774406	3.20892908755074e-10
EGFR	ASB8	-1.43939751861541	4.0028455277995e-10
EGFR	NNT	-1.50642252375561	4.46839834399848e-10
EGFR	USP48	-0.987519609373232	4.85582658043539e-10
EGFR	ALOXE3	1.87497320027495	5.11775858795773e-10
EGFR	ZNHIT3	-1.29726914477624	5.12063715560604e-10
EGFR	ZFP2	-1.11897580998605	5.26889237288232e-10
EGFR	SLC20A1	5.14750431203341	5.27191983564929e-10
EGFR	CDIPT	-1.67323908018066	5.33274634161233e-10
EGFR	SEC14L2	1.38341251854441	6.07061355977065e-10
EGFR	IFT80	-2.01172497620592	6.40445814041229e-10
EGFR	CCDC6	-1.72081462051235	6.63901168956896e-10
EGFR	CEP68	-1.6695548170153	6.65969156577451e-10
EGFR	ZNF696	1.12281215571101	6.98934294917247e-10
EGFR	ZBTB44	-1.78095048123958	7.72170178321932e-10
EGFR	IER2	4.08664228744512	7.73688528608053e-10
EGFR	MMP1	7.64875314135371	8.43626663195099e-10
EGFR	TUBB6	3.1450664481421	8.44857555925889e-10
EGFR	JRKL	-0.999424572438277	8.71447129267364e-10
EGFR	RAB11FIP4	-1.05279481093966	8.85067236023964e-10
EGFR	KLHL24	-3.62900281235616	9.04972012795074e-10
EGFR	IFT74	-1.67376065446735	9.28477619494114e-10
EGFR	KRT6A	2.62927167775161	9.30554348028064e-10
EGFR	FAAH2	-1.7313225535791	9.31668648592571e-10
EGFR	LRRC8E	0.947703934099901	9.33210839316601e-10
EGFR	TRIM23	-1.69658182159265	1.04155126498308e-09
EGFR	MAP3K14	1.98450624111606	1.06654359693341e-09
EGFR	BICRAL	-2.015439951573	1.18860048841745e-09
EGFR	MRPS14	-1.29715246155447	1.2150342249407e-09
EGFR	YRDC	2.93469489053859	1.24290528965269e-09
EGFR	RETREG2	-1.68468124309844	1.26560983711087e-09
EGFR	ATG14	-2.36014716245379	1.34155603076861e-09
EGFR	KLF2	1.74139184877378	1.36664335335924e-09
EGFR	AREG	3.88796768844348	1.37692453599527e-09
EGFR	ZNF302	-1.71508145000781	1.43834574751138e-09
EGFR	STX19	-1.57552754818057	1.50364833660808e-09
EGFR	IDI2	1.12795498906275	1.51298325810869e-09
EGFR	SCPEP1	-1.58323143855314	1.58184810469378e-09
EGFR	QSOX2	1.84153078807548	1.62753358617078e-09
EGFR	XDH	1.89581209378246	1.64582427861325e-09
EGFR	IER5	3.67213260178644	1.65707845468391e-09
EGFR	OARD1	-1.73886702901442	1.65770862867023e-09
EGFR	KPNA5	-1.46342489388258	1.73097178397705e-09
EGFR	QRICH2	1.2178424836321	1.84617549802053e-09
EGFR	ZFYVE26	-1.76479807550434	2.06028185969734e-09
EGFR	CEP57	-1.85056629632952	2.07135587858977e-09
EGFR	SLC16A4	-3.14613152240497	2.10540062295908e-09
EGFR	ENPP5	-2.42433289834441	2.2089549944956e-09
EGFR	TMEM260	-1.75110421158779	2.23393814675632e-09
EGFR	PIN4	-0.909588221387686	2.23806298684695e-09
EGFR	GRHL2	-1.41205081615092	2.27433305738105e-09
EGFR	LRP8	3.65779892062933	2.31470004132225e-09
EGFR	KIF16B	-1.36378800972249	2.31957867948717e-09
EGFR	ABO	0.760367825537734	2.43466014215752e-09
EGFR	MKRN1	-1.80341360196473	2.49220323552038e-09
EGFR	FGFBP1	2.86522627103183	2.56227733729952e-09
EGFR	RTN3	-1.48930459299293	2.56541421242915e-09
EGFR	TSC1	-1.48399057274139	2.57596743204588e-09
EGFR	C6orf141	2.37023910496811	2.62339281658401e-09
EGFR	PBOV1	0.686485145051489	2.62414868215554e-09
EGFR	TNFRSF10A	4.1929448404324	2.70686369142503e-09
EGFR	HADHB	-1.64314292938907	2.80275015767143e-09
EGFR	ARID4A	-2.15927116967603	2.80299994825009e-09
EGFR	TUBB3	3.24976417820238	2.82102863780257e-09
EGFR	GNPAT	-1.05555636862295	2.88792126303079e-09
EGFR	ARID3B	1.48796990141943	2.89195194397931e-09
EGFR	CDKL3	-0.80876662183836	2.93701483090355e-09
EGFR	CLN3	-1.42052132606013	3.02736412336521e-09
EGFR	RAB5B	-1.77231186374514	3.06169137718439e-09
EGFR	GPRIN1	1.26996362871139	3.11842493087655e-09
EGFR	MAT2B	-1.19291966681475	3.14996068386566e-09
EGFR	KDM3B	-1.35865146252981	3.18517312877862e-09
EGFR	CBR4	-1.60361314894398	3.19705777087948e-09
EGFR	PBX1	-2.54321881935267	3.28695348649153e-09
EGFR	TDRD1	-0.926148308274677	3.29364694861191e-09
EGFR	PAPOLG	-1.11816987192496	3.38479456378999e-09
EGFR	FBXL4	-1.66371983087662	3.45229120095608e-09
EGFR	UPP1	3.72870929686619	3.45692250690557e-09
EGFR	SGSM3	-0.899115203465622	3.46364285495284e-09
EGFR	TMEM200A	4.06969327465056	3.56841537469014e-09
EGFR	NIP7	3.00936271664867	3.61862030141503e-09
EGFR	PIK3IP1	-1.95463117922193	3.64167904068871e-09
EGFR	CCND1	4.79979292364611	3.97819099039224e-09
EGFR	ABCA5	-1.81081978135144	3.9831299274925e-09
EGFR	ERCC5	-1.81357961415637	4.075437291875e-09
EGFR	PAIP2B	-1.42612256654818	4.08078856720326e-09
EGFR	C11orf71	-1.75443237790532	4.3578105602819e-09
EGFR	PNPLA6	-1.44247768849221	4.36973252928078e-09
EGFR	HECA	-1.356616048726	4.38175351929831e-09
EGFR	SELENBP1	-2.89466888840959	4.40987151067852e-09
EGFR	CCDC86	2.82515173834902	4.77509885546985e-09
EGFR	STX7	-1.43534919097639	4.82573879914984e-09
EGFR	CLCF1	2.60738049291498	4.84228372349314e-09
EGFR	KAT6B	-1.22497172924193	4.86094507216696e-09
EGFR	EFCAB7	-3.61050293971159	4.95795609192676e-09
EGFR	CRYZL1	-1.18617423539729	4.99814272680005e-09
EGFR	GTPBP4	2.5979399303562	5.0272582728166e-09
EGFR	TNFRSF12A	4.46934054607673	5.05437245440195e-09
EGFR	ZNF133	-1.11006394920679	5.30712936898742e-09
EGFR	PPWD1	-1.15571550317739	5.36397002026781e-09
EGFR	LDAH	-1.20720795433857	5.60555992859717e-09
EGFR	UBE4B	-1.41088897105845	5.66680368070805e-09
EGFR	COQ5	-2.35393782179036	5.68183558611026e-09
EGFR	AFTPH	-1.31382948666571	5.8566669497106e-09
EGFR	ITPKA	1.17786571152975	5.97515646110199e-09
EGFR	LYAR	5.08514178510199	6.03697204848094e-09
EGFR	ECH1	-1.76342002665602	6.23334524031485e-09
EGFR	SLC35A1	-1.83218930814673	6.4565423567532e-09
EGFR	C8orf44	-1.48996094533412	6.57694834961526e-09
EGFR	ITGA2	4.50570867353904	6.73595661179019e-09
EGFR	MED28	-0.87407614366196	6.77294192846967e-09
EGFR	MALL	3.13931076382427	6.7834750581379e-09
EGFR	ACTR6	-0.960893001607884	6.83554456205558e-09
EGFR	IFT46	-1.09274778370532	6.88121509786285e-09
EGFR	CDK19	-1.58603171745349	6.90605832848032e-09
EGFR	TBC1D9	-1.54015242428512	6.9698089580801e-09
EGFR	HBP1	-2.08649302003637	7.16904204888059e-09
EGFR	PRSS16	-1.38769542910465	7.32873631911152e-09
EGFR	FMO5	-1.25366168958306	7.35215361023151e-09
EGFR	UBXN7	-1.76881611402005	7.45226636383858e-09
EGFR	PCDHA2	0.796961951736811	7.89918255417832e-09
EGFR	AMD1	2.59489257786837	8.14634597343819e-09
EGFR	IFT20	-1.75913582533434	8.2959363649306e-09
EGFR	SPRED2	1.97406825372329	8.30780507965832e-09
EGFR	NUPR1	-4.32227199696172	8.35839501379595e-09
EGFR	NMRK1	-1.60297053272896	8.35938939864393e-09
EGFR	ZNF362	-1.01181006597835	8.67605020990799e-09
EGFR	ARPC5L	1.88861979581376	8.80881311223118e-09
EGFR	UBR2	-0.914040848544756	9.04384922483092e-09
EGFR	ZBTB5	-1.42520757403092	9.48890195066396e-09
EGFR	SPRY4	6.42624043924384	9.53549912489305e-09
EGFR	ERMAP	-1.59623794312872	9.91750850711334e-09
EGFR	CYP4B1	-1.92005359783734	9.97198696519748e-09
EGFR	TUT1	1.09915893128366	1.03704034598231e-08
EGFR	CCDC115	-2.39194813488355	1.05609121416858e-08
EGFR	TOP1	2.82601632007095	1.05789979307777e-08
EGFR	GEM	4.90481206782537	1.08461242931809e-08
EGFR	FBXO3	-1.08094174808857	1.10671261955222e-08
EGFR	TUBB2A	3.72866205605585	1.12915992486826e-08
EGFR	RNF38	-1.44376486624062	1.22225809527746e-08
EGFR	F2RL1	3.59752602977769	1.22588512423807e-08
EGFR	CORO1C	1.85104316003731	1.22644483021468e-08
EGFR	PIGN	-1.30712107685337	1.24688432131451e-08
EGFR	SNX1	-0.926952801844203	1.27441773010161e-08
EGFR	MAF1	-1.67299884336187	1.2928151041705e-08
EGFR	NCK1	-1.12292098439196	1.33243639387839e-08
EGFR	PUS10	-1.98218530552305	1.33665070988299e-08
EGFR	MTUS1	-1.93653538139679	1.34473210326596e-08
EGFR	WDR48	-1.14210973188794	1.35021460908305e-08
EGFR	GJB3	1.30850189441313	1.42869475560767e-08
EGFR	ST3GAL1	2.18978217747148	1.45517063799059e-08
EGFR	LAMTOR3	-1.38747379349488	1.54729736702008e-08
EGFR	SNX2	-1.18031608966079	1.55701269097634e-08
EGFR	SPOP	-1.25687255617529	1.58951751858707e-08
EGFR	TMEM139	-3.10396736697226	1.61128718078515e-08
EGFR	MIA2	-1.0946453679606	1.61571036069499e-08
EGFR	ZNF593	1.86396997899546	1.61843425665624e-08
EGFR	STMN3	1.26388953275714	1.63839739177505e-08
EGFR	ACTB	2.10611306153199	1.72025017586875e-08
EGFR	NAB2	1.75469001609759	1.72321506748217e-08
EGFR	CCDC27	0.931980715506223	1.73643647276844e-08
EGFR	RNF20	-2.24424498773575	1.75576373701845e-08
EGFR	PALS1	-1.55990447230817	1.76176580507525e-08
EGFR	KIF13A	-1.31505683216066	1.78351983146368e-08
EGFR	AKAP9	-1.29226740569268	1.81746654288842e-08
EGFR	LYRM9	-1.31380253617271	1.82083315991062e-08
EGFR	CACNG8	0.816285322935798	1.85448682297286e-08
EGFR	OSCP1	-1.99210819670351	1.87613382703722e-08
EGFR	PRMT2	-0.938770189382623	2.01619899925058e-08
EGFR	ZNF436	-2.68487239603053	2.06275882754e-08
EGFR	RRP1	1.06710454034679	2.09872456951506e-08
EGFR	PEX11A	-1.47003446224743	2.14135796571257e-08
EGFR	TMEM254	-1.15386398832463	2.15095666943756e-08
EGFR	SOAT2	0.773723037990798	2.24475249481137e-08
EGFR	SAP18	-1.08738272279126	2.24817366954731e-08
EGFR	MID1	-1.72747377069072	2.28018220586365e-08
EGFR	FUT9	-0.710878367922919	2.30750819802369e-08
EGFR	TMEM219	-1.65653493369297	2.31180892181543e-08
EGFR	SMTN	1.86252006370019	2.31997872765768e-08
EGFR	RWDD2A	-1.32421589219024	2.34430616669412e-08
EGFR	DDX21	3.43778987572084	2.40988708710769e-08
EGFR	NAA15	2.10026221634037	2.413447019676e-08
EGFR	KLF10	3.97733235898111	2.45544060034383e-08
EGFR	ZNF345	-1.08083384932497	2.47371432695839e-08
EGFR	GSTA4	-2.01525925960713	2.60094923368671e-08
EGFR	EIF4E	1.38457799318149	2.60227942240426e-08
EGFR	CATSPERB	-0.846782550822027	2.65961521162601e-08
EGFR	SAT2	-2.55017718028993	2.65981984580845e-08
EGFR	TRMT1L	-2.04759961991846	2.6631106722213e-08
EGFR	YPEL1	-1.65264653124309	2.67229467081187e-08
EGFR	PLAUR	3.47099423935445	2.69684800294319e-08
EGFR	USP25	-1.14173698541002	2.74024880858507e-08
EGFR	S100PBP	-1.29173142486885	2.7510424135681e-08
EGFR	BMT2	-3.92713913620594	2.75137368073335e-08
EGFR	EIF2AK1	-1.24041951965296	2.77039431475811e-08
EGFR	POU2F3	-0.783079097251525	2.80736307648606e-08
EGFR	OVOL2	-0.993232590125722	2.82556754211044e-08
EGFR	BAZ2B	-2.58952984029685	2.83411811124899e-08
EGFR	SPSB2	-2.86940360789786	3.01542794144731e-08
EGFR	TSPO2	0.667892066816539	3.02348273886934e-08
EGFR	TUBG1	2.75024051120333	3.04720722720775e-08
EGFR	DMXL1	-1.72166453220172	3.06779272048102e-08
EGFR	GABPA	-0.976544358547979	3.0874086302723e-08
EGFR	SNX27	-0.954402601337941	3.08915231394794e-08
EGFR	TMEM19	-1.29728241703681	3.19406278100585e-08
EGFR	LRRC59	1.67687132503143	3.20551255549629e-08
EGFR	TTMP	1.67796086028865	3.21778755054839e-08
EGFR	ST13	-1.34982299413729	3.24043309578159e-08
EGFR	ANKRD53	0.70352788045061	3.32479489849844e-08
EGFR	DENND4C	-1.23387441398768	3.46702245647698e-08
EGFR	PAN2	-1.6694261119397	3.53794609763441e-08
EGFR	ATF2	-1.08915461320624	3.59143047765794e-08
EGFR	BRD3	-1.1156518619155	3.60032599084581e-08
EGFR	MPHOSPH8	-1.13548310989016	3.60880759524828e-08
EGFR	TCOF1	1.57469930875669	3.61536322100128e-08
EGFR	GATAD1	-1.07860916018131	3.67062654112699e-08
EGFR	ZNF391	-0.80973472713367	3.7820817777573e-08
EGFR	POU2AF3	-2.70208600337211	3.78835831485111e-08
EGFR	METTL7B	3.0964882692604	3.79608701680021e-08
EGFR	S100A16	3.98355453012771	3.83942901904637e-08
EGFR	SPG11	-1.05133386384466	3.89078797856311e-08
EGFR	KANSL1L	-1.25096307551202	3.90475542031795e-08
EGFR	ATRN	-1.2646208677047	3.91112242059402e-08
EGFR	ARC	2.66041241813413	4.1090597154566e-08
EGFR	CLK4	-1.45238315884996	4.20273306217062e-08
EGFR	MICAL2	1.79615729975727	4.20605784726768e-08
EGFR	B3GNT3	1.0930950966326	4.51806770184158e-08
EGFR	PRDX5	-2.08144384648017	4.90341647611759e-08
EGFR	SLC35B3	-1.74546471649561	5.02104830230351e-08
EGFR	ITGA6	2.35800841910832	5.17910706810242e-08
EGFR	TMEM230	-1.37232812810524	5.27707637572514e-08
EGFR	SMARCAL1	-1.05308957653785	5.31855682779609e-08
EGFR	STX8	-0.800392513166531	5.38960015949704e-08
EGFR	GALE	1.12704907732839	5.44672706614182e-08
EGFR	SAYSD1	-0.609714916785267	5.51580048630402e-08
EGFR	SLC35A5	-1.99800775916483	5.60670435107792e-08
EGFR	SEC14L3	0.533104402867101	5.65569148403446e-08
EGFR	SURF2	1.2992470534542	5.68556276044406e-08
EGFR	COA5	-2.22413442385404	5.80040110992533e-08
EGFR	SPHK1	3.26045368380905	5.84136561971907e-08
EGFR	CLASP1	-1.08025990956627	5.88937536698497e-08
EGFR	AFAP1L1	1.79269361878391	5.89674785958235e-08
EGFR	MTERF4	-0.934785621674034	6.1260695431507e-08
EGFR	GPX8	-3.09680818827857	6.16676543390048e-08
EGFR	GNB1L	0.679334914103752	6.20651042182198e-08
EGFR	PMPCB	-0.860494935727124	6.22511415702328e-08
EGFR	SPRY2	5.36878642427053	6.41788638696354e-08
EGFR	RHOV	-2.31341064774976	6.82580323431122e-08
EGFR	NALF2	0.837155891845222	6.98023169555204e-08
EGFR	JMJD4	0.871136825972899	6.99753738985284e-08
EGFR	WFDC8	0.643885811528712	7.03030644147076e-08
EGFR	DHX40	-2.00566331708209	7.05869507799291e-08
EGFR	NCOA2	-1.26202282917181	7.17179851164702e-08
EGFR	ZSCAN26	-1.41561120367256	7.18507765053175e-08
EGFR	FXYD3	-2.58817996619829	7.21489988795174e-08
EGFR	PUM1	-1.29354380612151	7.24174096152902e-08
EGFR	ZFYVE1	-3.1370935830736	7.29988784573987e-08
EGFR	SLCO4A1	2.59539297484522	7.34233439584345e-08
EGFR	COX15	-1.02101352349791	7.35598652744747e-08
EGFR	MGMT	-1.06293046114931	7.4173448414042e-08
EGFR	FJX1	2.51238636650433	7.63083013444718e-08
EGFR	VCL	1.2142180538008	7.75058515767318e-08
EGFR	TBC1D8B	-1.32736290158173	7.85338525506035e-08
EGFR	ZKSCAN4	-1.56871001806187	8.07983010170517e-08
EGFR	SMPDL3A	-1.87221502541404	8.155085723826e-08
EGFR	VPS13C	-1.18470056529551	8.28142177034319e-08
EGFR	POTEKP	1.07162651947276	8.49740855324177e-08
EGFR	FOXO3	-1.8729719304942	8.87791072086846e-08
EGFR	KIAA0319L	-1.26766734837157	8.89335067744947e-08
EGFR	BDH2	-1.81977498473107	9.21588959007448e-08
EGFR	OSBPL9	-1.6659830631508	9.44039840746697e-08
EGFR	TUBA1B	2.62776140797758	9.44648263405975e-08
EGFR	CRBN	-2.13217520571709	9.470908648537e-08
EGFR	EGR2	4.96240428298091	9.64270726034964e-08
EGFR	PIGP	-1.55081668325643	9.78032205357973e-08
EGFR	ARFGEF1	-1.27625305781611	1.01836160795902e-07
EGFR	ZNF227	-1.56525197108943	1.0282029345784e-07
EGFR	LAMP2	-1.6881042800953	1.04612526543593e-07
EGFR	POLR1G	2.17382493585772	1.06233315896188e-07
EGFR	PHKB	-1.23076729429836	1.0658278670099e-07
EGFR	LMBRD1	-1.3230440014046	1.07690240190925e-07
EGFR	RALBP1	-0.927547149589328	1.09071903332305e-07
EGFR	UBE2NL	1.03374898378164	1.10076229946798e-07
EGFR	SPATA31C2	0.82282196767955	1.10080504191086e-07
EGFR	YPEL5	-3.21048358733246	1.10119194014949e-07
EGFR	PAPSS1	-1.38658595041916	1.1106920904386e-07
EGFR	SOX14	0.721246075758447	1.14230013481396e-07
EGFR	USP30	-2.28718593076092	1.16505447055306e-07
EGFR	FAM234A	-1.74042644033509	1.16528396833606e-07
EGFR	TIA1	-1.4265668587272	1.1849153051774e-07
EGFR	SFN	2.09494822553534	1.20167781256991e-07
EGFR	MTA3	-1.43969347960709	1.21962050926325e-07
EGFR	FMR1	-1.43011597064014	1.22867069189056e-07
EGFR	FAM149B1	-1.01169501604092	1.23219151767133e-07
EGFR	PTRH2	1.60915844577651	1.24769793462965e-07
EGFR	FGFR2	-0.690533370040429	1.2522850859515e-07
EGFR	HNRNPAB	3.11849444078996	1.25469123171204e-07
EGFR	BCL6	-2.33081376446782	1.25609042411872e-07
EGFR	NF2	1.06048734738675	1.2639709311566e-07
EGFR	FBXO9	-0.971014068125594	1.26710763428773e-07
EGFR	ING4	-1.91662871648965	1.27681219346906e-07
EGFR	PRRG2	-0.931554531920835	1.27786729852017e-07
EGFR	SLC15A2	-1.22675463208148	1.28115223455464e-07
EGFR	DUSP7	1.88417354393399	1.29829903301147e-07
EGFR	CREBL2	-1.46668643065186	1.38270933870845e-07
EGFR	FOXO6	-2.92000307042753	1.43778064781756e-07
EGFR	OMA1	-2.78523034754402	1.44091502672562e-07
EGFR	CDC40	-1.09820319187366	1.4542928753397e-07
EGFR	KEAP1	-1.23260413725381	1.47085733038936e-07
EGFR	THSD4	0.99236797196021	1.51774853734383e-07
EGFR	TAGLN3	1.41536614235492	1.53373859696793e-07
EGFR	ZKSCAN1	-1.77523250687097	1.5458580937419e-07
EGFR	CENPC	-1.56189489195844	1.55982815315664e-07
EGFR	HSDL2	-1.11510732234475	1.60481660671478e-07
EGFR	TRMT6	3.31278858657557	1.61376074401037e-07
EGFR	BRD9	1.03738554690202	1.61442828884276e-07
EGFR	PPOX	-0.841473485499322	1.62104283387017e-07
EGFR	RIPOR3	1.51374380120362	1.62429451796823e-07
EGFR	TMEM167B	-1.92538782271343	1.63750891184658e-07
EGFR	CNBD2	0.671849023230595	1.64440618273218e-07
EGFR	HBEGF	2.78717727343501	1.64908512477372e-07
EGFR	MAPKAPK5-AS1	-1.11641372016996	1.71911901897078e-07
EGFR	NOP2	2.23296082473565	1.72962876287905e-07
EGFR	TMEM242	-0.635332770134834	1.77095971458514e-07
EGFR	CTPS1	3.72923236739708	1.79483397383716e-07
EGFR	TBL1XR1	-1.27977880575319	1.81041821572561e-07
EGFR	SNRPB	1.93041790648578	1.82833646892912e-07
EGFR	RB1CC1	-1.88831800067289	1.83890414472327e-07
EGFR	HIGD2A	-1.19610077703252	1.84504098086055e-07
EGFR	BOLA1	-1.17618384330964	1.85398001971578e-07
EGFR	GRPEL1	1.97361276048162	1.85778840400618e-07
EGFR	SLC29A2	0.748899388960415	1.85905765694801e-07
EGFR	AKIRIN1	1.77613264690379	1.86915734419533e-07
EGFR	KRT10-AS1	-1.78364435694584	1.88552348377238e-07
EGFR	PCYOX1	-2.27077931096132	1.89679320231252e-07
EGFR	CLMP	3.01088927725956	1.92615745578211e-07
EGFR	GOLGB1	-1.42086749778648	1.94406938869642e-07
EGFR	LYPD5	1.29243952668249	1.98280120141999e-07
EGFR	CASTOR2	-3.11319184423541	1.98283093580525e-07
EGFR	MED20	-0.864176808165761	1.98972511998706e-07
EGFR	SCRN3	-0.959907016003308	2.0699550002966e-07
EGFR	TBC1D17	-1.26687721859745	2.07401732503109e-07
EGFR	PPFIBP2	-1.1866062962847	2.07540718179481e-07
EGFR	ZNF606	-0.99577279581661	2.11800305265492e-07
EGFR	H2AC6	-4.43007923716143	2.14046772608962e-07
EGFR	ASB6	1.01258184769499	2.19736350916022e-07
EGFR	PTRHD1	-1.7298466014322	2.21861178074304e-07
EGFR	DRAM2	-2.02020843384779	2.22109802279575e-07
EGFR	MAP7D3	0.812680102075851	2.24914616059344e-07
EGFR	METTL14	-1.39389243146376	2.27227968384252e-07
EGFR	CMC4	-1.13854408835835	2.27851602215494e-07
EGFR	STARD13	-1.42379429004365	2.29164564583486e-07
EGFR	DAZAP2	-0.991471274023096	2.31308583992234e-07
EGFR	DOCK3	-1.03555785272402	2.31940171578105e-07
EGFR	FGF8	0.745176376642254	2.35524833051308e-07
EGFR	CREBZF	-0.689660433678613	2.37037417811177e-07
EGFR	UFL1	-1.03497705651694	2.3884587653029e-07
EGFR	TAB2	-0.988434146752529	2.44794697300557e-07
EGFR	ZFP30	-1.1186520733631	2.46380769612939e-07
EGFR	EGR1	6.31488006022279	2.46930000922713e-07
EGFR	ZPR1	1.53636176908646	2.51268126274574e-07
EGFR	DNAL4	-1.28378286962836	2.53487506505004e-07
EGFR	GNS	-1.32474803419229	2.60132876378236e-07
EGFR	TMEM263	-2.29254334377466	2.61661468473156e-07
EGFR	FXYD4	0.976501856913716	2.61991801017645e-07
EGFR	FPGT	-1.99554335617441	2.72617951844063e-07
EGFR	IL1RL1	1.42243235330522	2.76107049113456e-07
EGFR	EXOC1	-1.61891567145643	2.76661821365052e-07
EGFR	MYH3	0.911586161545912	2.79211766665105e-07
EGFR	TFAP2D	0.917639157935064	2.79561540007351e-07
EGFR	IK	-1.05874957677923	2.8292052797481e-07
EGFR	LMX1B	0.658042195852961	2.88725588187129e-07
EGFR	CALCOCO2	-0.924869347376108	2.89037367528963e-07
EGFR	PPRC1	2.38726999693518	2.90816744439677e-07
EGFR	USP21	-1.08676862471152	2.93047495528297e-07
EGFR	MAPRE1	1.3240147602162	2.93977013215227e-07
EGFR	MAFF	4.66731232303577	3.03231279229608e-07
EGFR	TNKS	-0.735888463779119	3.03647008817444e-07
EGFR	SLC25A19	3.00826192088399	3.03737079501631e-07
EGFR	ANKRD18B	1.26959967825187	3.03901417686018e-07
EGFR	ATP8A1	-1.06251645763284	3.05127537790502e-07
EGFR	RBM7	-1.13057760062544	3.16989854982907e-07
EGFR	FRAT1	-2.17301856955433	3.21371983711366e-07
EGFR	PRSS55	0.798952612006638	3.23127698697536e-07
EGFR	STOX2	-1.43863474584603	3.29410662225824e-07
EGFR	ZYX	2.51388974094332	3.31276065113609e-07
EGFR	VTCN1	-3.78295903617624	3.33597645051877e-07
EGFR	CORO1A	1.85802651503511	3.37322783982019e-07
Estrogen	GREB1	17.2401728397	8.58355149715e-57
Estrogen	TFF1	14.4302547293	4.18000223188e-51
Estrogen	RET	10.7180267789	3.10978808614e-50
Estrogen	HEY2	11.4823694969	3.12912206831e-44
Estrogen	RAPGEFL1	10.544895916	5.19709285254e-43
Estrogen	PGR	8.52814244888	1.37556045779e-41
Estrogen	C5AR2	4.7330543263	2.35742930389e-38
Estrogen	CXCL12	12.4776735289	3.03864916538e-36
Estrogen	TPD52L1	10.085513349	1.93211491255e-34
Estrogen	NPY1R	10.6645059299	1.5779940805e-33
Estrogen	MYB	9.4277805658	9.916281347e-32
Estrogen	CALCR	5.39627356601	9.42849339797e-31
Estrogen	IL17RB	11.4189859122	1.09216760513e-29
Estrogen	SNX24	6.89935571746	2.99173470553e-29
Estrogen	ARL3	3.95094805128	5.32114236095e-27
Estrogen	TGFB3	-5.33026789517	1.64159079811e-25
Estrogen	OLFM1	3.75243310871	1.04938885208e-24
Estrogen	NKAIN1	4.73154567799	1.68009570673e-24
Estrogen	FKBP4	8.25832988113	3.71410934214e-24
Estrogen	IGFBP4	11.6514913965	5.19661359575e-24
Estrogen	ERBB3	-4.88074044723	5.7145322662e-24
Estrogen	CTNND2	-3.55466409986	1.48506081374e-23
Estrogen	SIAH2	9.43676093773	3.43262458323e-23
Estrogen	SLC22A5	7.73829566495	4.65457756154e-23
Estrogen	NR5A2	5.15006194006	2.45059255032e-21
Estrogen	MSMB	4.54908081939	3.01286021011e-21
Estrogen	ELOVL2	8.69057624608	3.10377250497e-21
Estrogen	COMT	-3.05468575187	5.25398638696e-21
Estrogen	CELSR2	8.66914415272	2.37067496411e-20
Estrogen	EPS15L1	3.14164436919	2.68138031219e-20
Estrogen	GLA	8.44185876447	1.75792223968e-19
Estrogen	DSCAM	4.14288012519	2.86926900665e-19
Estrogen	ABCC5	-4.8549878295	5.53615242131e-19
Estrogen	PRSS23	8.75522282336	6.99236983658e-19
Estrogen	RLN2	6.71852324093	5.21492137302e-18
Estrogen	SLC25A24	3.66548160476	5.60366752264e-18
Estrogen	DEPTOR	7.46377846634	2.96512717905e-17
Estrogen	NRIP1	10.0200104925	3.45358629735e-17
Estrogen	PCP4	6.36520077341	4.77611267081e-17
Estrogen	ARMCX6	3.3639024049	1.04348102963e-16
Estrogen	MISP	-4.33416825574	1.28611900263e-16
Estrogen	CA12	8.41357762757	1.57968970019e-16
Estrogen	EPB41L5	-3.43451140317	1.87369727602e-16
Estrogen	MYO1B	-5.4741888205	1.92643419346e-16
Estrogen	SH3BP4	-4.87774227508	2.20835476153e-16
Estrogen	RNF43	-5.41598767784	4.14406318087e-16
Estrogen	TASOR2	4.93576703606	4.34948491305e-16
Estrogen	DDX10	4.62695785919	5.02998170837e-16
Estrogen	MED13L	3.83741058189	5.96031370772e-16
Estrogen	UPK2	-3.38692225002	7.39626171669e-16
Estrogen	ADORA1	5.02379225883	1.12412234005e-15
Estrogen	KCNJ3	-2.98207081773	2.17439663587e-15
Estrogen	ASB13	6.99394259362	2.86473791082e-15
Estrogen	PLPP2	-4.47476054597	3.52198650708e-15
Estrogen	CEP43	2.46840962977	3.59125906526e-15
Estrogen	IL1R1	-6.86624961006	4.02725294703e-15
Estrogen	XBP1	5.71530844515	4.05429589158e-15
Estrogen	CAP2	5.01154709433	6.8990491452e-15
Estrogen	RHBDF1	-3.65846843274	1.02582513899e-14
Estrogen	ZNF552	2.88661715189	2.13655662872e-14
Estrogen	CAB39L	-4.12631179667	2.20829958603e-14
Estrogen	RAB27B	-5.88914566171	2.71136359293e-14
Estrogen	PLAC1	5.06711601484	3.0930239986e-14
Estrogen	RAB9A	-6.00777315701	1.0146319156e-13
Estrogen	HDAC7	-2.03748800346	1.46710319613e-13
Estrogen	ZDHHC7	-4.83093256313	3.30017248966e-13
Estrogen	SIDT1	-4.23204663804	4.44840495554e-13
Estrogen	RARA	3.02158025348	5.51305122139e-13
Estrogen	FAM102A	5.76083870514	5.78498378031e-13
Estrogen	WWC1	5.58743801371	7.03425490945e-13
Estrogen	ELF5	-3.21644433313	1.23195355134e-12
Estrogen	CTR9	4.82318209378	1.49183131527e-12
Estrogen	KIAA0513	-3.62315496931	1.49248829721e-12
Estrogen	SEC14L2	5.23907790111	1.52379457389e-12
Estrogen	MYH14	-2.13654612134	2.2263632288e-12
Estrogen	MPPED2	3.91502173549	2.26574880528e-12
Estrogen	RBBP8	6.83400284824	2.53895833625e-12
Estrogen	TLE1	-4.10217257102	2.62968217169e-12
Estrogen	TMEM135	-3.50320154881	2.71858838511e-12
Estrogen	FRK	4.90037712333	3.95708205798e-12
Estrogen	ADCY9	3.2478819979	4.04527404205e-12
Estrogen	EGR3	16.0776973153	4.54957828931e-12
Estrogen	TIAM1	4.47348368321	4.8767003644e-12
Estrogen	CASP9	-2.43538830188	4.89149953491e-12
Estrogen	CLDN9	-2.08481449153	7.58757155065e-12
Estrogen	WFS1	4.21639521035	8.66460386619e-12
Estrogen	SLC7A5	11.2240689529	8.83147124908e-12
Estrogen	PPIF	10.130802152	9.094633196e-12
Estrogen	CLDN4	-3.82821711919	9.18977748796e-12
Estrogen	GATA3	-6.00468746718	9.25937056217e-12
Estrogen	RCL1	4.21924727177	1.08705389755e-11
Estrogen	PIK3R3	-5.49749606658	1.11685909746e-11
Estrogen	SLC9A1	-2.59442657319	1.15742055897e-11
Estrogen	SDK2	1.87704625885	1.18897388262e-11
Estrogen	TACC1	-3.37486737164	1.83332560001e-11
Estrogen	ATP2A3	-2.88202583781	1.85032173303e-11
Estrogen	ESR1	-1.30445244618	2.09589089475e-11
Estrogen	KCNK5	4.65682787894	2.13824664248e-11
Estrogen	SGCG	-4.18181325248	2.2788911538e-11
Estrogen	STC2	10.2860517134	2.29909435434e-11
Estrogen	FCMR	4.12434983443	3.00307425011e-11
Estrogen	BMP7	-2.76775520299	3.17383482874e-11
Estrogen	PPT1	-4.29143514782	5.07729860923e-11
Estrogen	TFAP2C	5.42741053529	6.01689060182e-11
Estrogen	ZNF467	-2.65480344294	6.77309172027e-11
Estrogen	ADCY1	2.35351089474	6.86536252402e-11
Estrogen	RND3	-9.60749018622	9.0474756103e-11
Estrogen	SH2D4A	-3.00543152877	9.81835371032e-11
Estrogen	SLC39A6	3.82522311767	1.03043346701e-10
Estrogen	BCAM	-2.56892069325	1.04750568331e-10
Estrogen	FOXC1	5.40388768455	1.06034967614e-10
Estrogen	MYC	11.9784826631	1.17872745058e-10
Estrogen	CHST8	2.52286369992	1.22877523818e-10
Estrogen	RARG	-2.2847185081	1.54497497198e-10
Estrogen	OGFOD1	3.54706193385	1.70454119392e-10
Estrogen	SSH3	-2.63925198038	1.93252829272e-10
Estrogen	DGKZ	3.2972263815	2.014483738e-10
Estrogen	NCOA3	-3.74754339803	2.28510309713e-10
Estrogen	PACSIN2	-3.18521739302	3.26233092155e-10
Estrogen	ECH1	-4.09148665722	3.27505998283e-10
Estrogen	CBX6	-4.21865557955	3.32187939668e-10
Estrogen	SCUBE2	3.1519307327	3.85613667458e-10
Estrogen	VPS37C	-1.76404608328	4.04653858803e-10
Estrogen	ATP2C2	-2.14158225785	4.71513884039e-10
Estrogen	E2F6	4.19945612868	4.74261365119e-10
Estrogen	SOX3	1.73586710219	5.32912228206e-10
Estrogen	EPHB4	-2.42993681219	5.73829440587e-10
Estrogen	BIK	-6.09669626522	6.2035750208e-10
Estrogen	LITAF	-3.79721073107	6.77382048778e-10
Estrogen	SHANK2	-1.96500595217	6.95591675491e-10
Estrogen	FBP1	-4.86455871398	7.70052102969e-10
Estrogen	GALNT6	-3.34117186793	7.9035995878e-10
Estrogen	FAM110B	-3.45832554401	8.57190712368e-10
Estrogen	SLC26A2	8.19606580002	8.76563230417e-10
Estrogen	FUT9	-1.82761386163	8.78831039876e-10
Estrogen	TCAF1	-3.17510494473	8.83113564714e-10
Estrogen	CUEDC1	2.96578621854	1.02985102168e-09
Estrogen	REEP5	-3.31926977576	1.06130273785e-09
Estrogen	CRKL	3.02911610754	1.67353193971e-09
Estrogen	RAI14	5.64660602279	1.75575702633e-09
Estrogen	PIK3R2	-2.09308582853	1.76990842886e-09
Estrogen	HSPA13	4.97435150592	1.81680609265e-09
Estrogen	FAM53B	-2.20147319952	1.84492625992e-09
Estrogen	RPRM	-2.55277775878	2.08047909585e-09
Estrogen	NRBP1	-2.86333360806	2.40654575834e-09
Estrogen	CCNG2	-7.9951845825	2.6160895198e-09
Estrogen	AMFR	3.01743131812	2.74099034705e-09
Estrogen	FOXA1	-4.37103219335	2.90479373427e-09
Estrogen	AKAP1	3.62370393678	3.68388109751e-09
Estrogen	HEXA	-2.07558915302	3.95967252072e-09
Estrogen	GALNT10	-3.29847171517	4.07031082194e-09
Estrogen	WNT4	4.22383313145	4.42830728487e-09
Estrogen	RWDD2A	-3.07626283081	5.36743331658e-09
Estrogen	THOC5	2.01204140631	7.13167481117e-09
Estrogen	CEP135	3.14584280774	9.3182882154e-09
Estrogen	TIPARP	9.54050519983	9.96754515736e-09
Estrogen	TOM1L2	-2.11489459906	1.15320080631e-08
Estrogen	ZNF669	2.12967524705	1.34293798701e-08
Estrogen	PRSS8	-3.96794767542	1.35739193762e-08
Estrogen	CYP26B1	3.33203377899	1.44398849241e-08
Estrogen	MAMLD1	4.88914542197	1.55585228177e-08
Estrogen	BLNK	-5.7116501005	1.65725773536e-08
Estrogen	CAPN9	-1.50105691226	1.98304691656e-08
Estrogen	ITPK1	2.15508424608	2.05416316694e-08
Estrogen	LRIG1	4.9087578824	2.0849730036e-08
Estrogen	L1CAM	-3.4257197637	2.40220521758e-08
Estrogen	CHPT1	3.56820189991	2.52183980705e-08
Estrogen	DNAJC22	-2.84873617848	2.56056870599e-08
Estrogen	RAP1A	2.18929617314	2.59456824813e-08
Estrogen	ATP6V0A4	-3.62826910057	2.73695136387e-08
Estrogen	PTMS	-2.93002992017	2.83364300883e-08
Estrogen	TMEM30A	-3.08846205643	2.88051222299e-08
Estrogen	SPINT1	-3.59484932218	3.08985669422e-08
Estrogen	SYTL2	-4.91042993857	3.37023302337e-08
Estrogen	PLEKHF2	-5.21268829135	3.53912186537e-08
Estrogen	SDC2	4.79732687623	3.59610337485e-08
Estrogen	VPS28	-2.8536953764	3.77501193545e-08
Estrogen	ACAA2	-2.22773528482	3.84208474587e-08
Estrogen	CYRIB	-2.11680022283	3.89044651874e-08
Estrogen	LAMA3	3.70741355524	5.04684185019e-08
Estrogen	NOTCH3	-2.32034878785	5.13366888982e-08
Estrogen	TMEM131L	-3.36538539341	5.13456857887e-08
Estrogen	SLC35C2	-1.64688373264	5.45551208212e-08
Estrogen	TSPAN9	-1.62207965914	5.95695780724e-08
Estrogen	NUMA1	-2.21645281456	5.97491822795e-08
Estrogen	DYNLT3	4.06240137983	6.06342830411e-08
Estrogen	LGALS8	-3.03688745409	6.31568272093e-08
Estrogen	BAK1	-3.58659631311	7.03998164741e-08
Estrogen	SGSM3	-1.80766515669	7.52736625456e-08
Estrogen	CDH3	-3.8347425824	7.638056123e-08
Estrogen	OSTF1	3.08533613434	8.13620528417e-08
Estrogen	TRIM24	-1.81615995508	8.47514856962e-08
Estrogen	TSKU	4.50384162096	8.48467850872e-08
Estrogen	ADCY6	-2.58775363418	9.23484479637e-08
Estrogen	TMPRSS3	3.32522839562	9.2412417221e-08
Estrogen	AREG	7.87852547479	9.78436272418e-08
Estrogen	FZD7	7.00919144193	1.01863493357e-07
Estrogen	PPFIBP2	-2.99403752212	1.09275453985e-07
Estrogen	PAX9	2.46281170693	1.10066433618e-07
Estrogen	ACHE	-1.80047928666	1.15618855789e-07
Estrogen	ZNF710	-1.42129329534	1.22047319472e-07
Estrogen	ZNF217	-4.5111973641	1.2364617209e-07
Estrogen	EPN3	-3.23004261706	1.24277891041e-07
Estrogen	PTGES	5.75818412909	1.25506113508e-07
Estrogen	COPS8	1.8382774117	1.2795037466e-07
Estrogen	TMEM132A	-2.01420268409	1.31494441466e-07
Estrogen	SLC4A8	-1.84958108799	1.39566084468e-07
Estrogen	PPP1R37	-1.275985826	1.43192005574e-07
Estrogen	GAB2	3.99142317444	1.44412712818e-07
Estrogen	RAB25	-2.6394749831	1.4642048535e-07
Estrogen	FKBP8	-1.8216701342	1.48893880354e-07
Estrogen	MYOF	4.58014595945	1.51917505291e-07
Estrogen	NT5C2	2.61870232959	1.78360937275e-07
Estrogen	ABCG1	-3.65695571168	1.84301615008e-07
Estrogen	SYBU	4.49280082019	1.92176136197e-07
Estrogen	ACTR1B	-1.95619345251	2.01430061763e-07
Estrogen	S100A13	-1.75506493837	2.32645955318e-07
Estrogen	BCL2	1.75788481676	2.34381172937e-07
Estrogen	PDLIM3	2.76827230713	2.37227956988e-07
Estrogen	LIN7A	-2.6416272364	2.49304982845e-07
Estrogen	SLC35A1	-3.64565860914	2.54796127355e-07
Estrogen	AMD1	5.26566452558	2.69022995529e-07
Estrogen	TRIM62	-1.95118300837	2.70408014563e-07
Estrogen	MYO6	-3.29179740084	2.73272843738e-07
Estrogen	DCP2	-2.5012430672	3.21185972133e-07
Estrogen	CHRNA5	4.30534070038	3.55121058697e-07
Estrogen	MED23	-2.32390323521	3.65438148328e-07
Estrogen	S100A14	-2.97296395804	3.69028094317e-07
Estrogen	ARHGAP12	-5.79590314532	3.71901730707e-07
Estrogen	TAOK3	-2.6212811272	4.28600982763e-07
Estrogen	NAV2	4.26539046454	4.44594982278e-07
Estrogen	LYPD3	-3.80755399445	4.49345977568e-07
Estrogen	C1orf115	-2.42320024043	4.57122338213e-07
Estrogen	TACSTD2	-2.69820873577	4.58728966332e-07
Estrogen	IL17RC	-1.54644292558	4.65109049075e-07
Estrogen	SELENBP1	-5.82653763123	4.72714027732e-07
Estrogen	ABHD2	4.56156743368	4.78588354248e-07
Estrogen	NPY5R	1.76484168634	4.85054915015e-07
Estrogen	EFEMP1	-3.84570484397	5.14912920998e-07
Estrogen	RFX5	-3.40105525194	5.19968339874e-07
Estrogen	SEMA4C	-3.02453522873	5.56537142824e-07
Estrogen	SLC39A8	3.80031534438	5.68467270805e-07
Estrogen	ATP8A1	-2.50597695902	6.43104670626e-07
Estrogen	ST3GAL1	-4.2833836807	6.56514258098e-07
Estrogen	RND1	-4.3862545227	6.82153609614e-07
Estrogen	HDAC11	1.87869548219	7.29585067699e-07
Estrogen	SLF2	2.0024635765	8.42313407584e-07
Estrogen	SYCP2	-2.00693275976	8.48604149043e-07
Estrogen	BCAS1	-5.01731883219	8.82267378391e-07
Estrogen	P2RX2	-1.12219204069	9.38995900956e-07
Estrogen	ELF1	3.89093762337	9.53796644818e-07
Estrogen	TUFT1	-5.78669126517	9.6158590277e-07
Estrogen	ZBTB40	1.4958850636	1.00173451037e-06
Estrogen	ARHGEF26	4.10017972432	1.01169195958e-06
Estrogen	TRAF4	-2.57875553319	1.05109443129e-06
Estrogen	ARMCX3	3.94993158555	1.06141587824e-06
Estrogen	ABCA1	-2.9316612748	1.08886561354e-06
Estrogen	LMBRD1	-2.66033017376	1.10495122761e-06
Estrogen	NBEA	-3.74095805587	1.13185736425e-06
Estrogen	TFCP2L1	3.563883388	1.16423294718e-06
Estrogen	MGP	5.94410428888	1.19843173348e-06
Estrogen	ENC1	-5.93073650271	1.26279246674e-06
Estrogen	NKRF	2.24202105878	1.29407147989e-06
Estrogen	PCGF2	-1.60196527237	1.35684532311e-06
Estrogen	RGS6	-1.03806417398	1.38024951946e-06
Estrogen	ADRA2A	2.88820193088	1.38276023299e-06
Estrogen	SLC30A1	4.78856193527	1.38418627131e-06
Estrogen	TFAP2A	-3.3634393209	1.40083007357e-06
Estrogen	SMPDL3B	1.84573684611	1.42241176694e-06
Estrogen	PLPPR2	-1.82580286678	1.44252471956e-06
Estrogen	GRHL2	3.30097590071	1.50612097783e-06
Estrogen	PKP2	-3.0158436229	1.54938851146e-06
Estrogen	INPP5J	-1.68288257673	1.56363423576e-06
Estrogen	EPHB3	-2.06659155504	1.67890234062e-06
Estrogen	DCAF11	-1.94678319768	1.71769798878e-06
Estrogen	RAMP3	1.67902386351	1.74632745859e-06
Estrogen	CSPP1	1.89584784281	1.77848275745e-06
Estrogen	CRY2	-1.85057928495	1.78533359029e-06
Estrogen	ZER1	-1.71503654971	1.88188029421e-06
Estrogen	SGSM2	-2.24889284295	1.91200334758e-06
Estrogen	TDRD1	1.57420767529	1.97391494764e-06
Estrogen	PDZRN3	-3.55185853417	1.982524026e-06
Estrogen	CA8	2.31248918526	1.99669636399e-06
Estrogen	MADD	-1.60735846072	2.00695899964e-06
Estrogen	PCDH1	-1.69851960934	2.01911700662e-06
Estrogen	CLDN3	-3.22370652554	2.32964239103e-06
Estrogen	CORO2A	-2.95708786722	2.35929919046e-06
Estrogen	VAMP8	-3.64903889365	2.37022751379e-06
Estrogen	CEP85	2.2080182651	2.4469439242e-06
Estrogen	TFPI	-3.18756870823	2.48653064355e-06
Estrogen	EPHA7	-2.39512090247	2.48694893459e-06
Estrogen	TRPC6	2.00740176621	2.5107939208e-06
Estrogen	CAMK1D	-2.26428168322	2.59420714593e-06
Estrogen	DSCC1	3.51809569435	2.66776794785e-06
Estrogen	SIL1	-1.87944093969	2.75085736995e-06
Estrogen	NXPH3	1.50414094954	2.77599584851e-06
Estrogen	TRIM3	-1.20536129546	2.84056941197e-06
Estrogen	HDDC2	2.17446945193	2.86727117093e-06
Estrogen	TEAD3	-2.19336814216	3.10330616807e-06
Estrogen	TFF2	1.94952508312	3.17170300526e-06
Estrogen	RBL2	-2.68290172182	3.27621879794e-06
Estrogen	RABEP2	-1.49241651358	3.3859886728e-06
Estrogen	HOXC13	-2.54010057375	3.42180516101e-06
Estrogen	LDOC1	-2.65530657814	3.4379397036e-06
Estrogen	RAP1GAP	-1.53783281914	3.47805131103e-06
Estrogen	LINS1	2.00268800747	3.48147705364e-06
Estrogen	LRP10	-3.29702600819	3.48895306991e-06
Estrogen	PRKG1	-1.91668242975	3.51182321369e-06
Estrogen	CDC42SE1	-2.36337080689	3.59138339948e-06
Estrogen	STK24	1.35367570461	3.67940062268e-06
Estrogen	KIAA0319L	-2.32288977492	3.68715152546e-06
Estrogen	ALAD	-2.553820232	3.88723549083e-06
Estrogen	KAZN	1.78144122584	3.95761279526e-06
Estrogen	MARCHF8	-2.59295532486	4.02226982722e-06
Estrogen	MCCC1	-2.72088260124	4.06160981733e-06
Estrogen	CNKSR1	-1.90399954659	4.08111590947e-06
Estrogen	TCERG1	2.35170335596	4.20692702478e-06
Estrogen	DYRK1B	-1.79486218128	4.28216893607e-06
Estrogen	WSB2	-3.01909490937	4.30732746973e-06
Estrogen	TMA16	3.68654410778	4.4925775617e-06
Estrogen	SEPTIN9	2.24761363543	4.6175301274e-06
Estrogen	TRAF5	-2.47293994991	4.71768873075e-06
Estrogen	NMRK1	2.99032325246	4.87237515127e-06
Estrogen	ACVR1	-3.47800127203	4.98088078443e-06
Estrogen	GFRA1	2.37207443447	4.98782063146e-06
Estrogen	KLK11	2.12812069965	5.01140552867e-06
Estrogen	MKNK2	-4.37945864378	5.33922657855e-06
Estrogen	TADA3	-1.39135765092	5.38575394282e-06
Estrogen	ZFAND3	-1.95793308602	5.48811052858e-06
Estrogen	ENPP1	-2.16935098759	6.0394832861e-06
Estrogen	KAZALD1	-1.46379640887	6.32881365501e-06
Estrogen	P2RY2	3.66055583052	6.33472176219e-06
Estrogen	SPDEF	-2.60442693247	6.33568738988e-06
Estrogen	ERGIC3	-1.43300677406	6.42080462697e-06
Estrogen	ARHGAP35	-1.85229816605	6.76525434516e-06
Estrogen	PAWR	-2.6269732167	6.86810605196e-06
Estrogen	TRPS1	-3.31702381235	6.97118047355e-06
Estrogen	PXMP4	-1.87188109773	7.02375762624e-06
Estrogen	OXR1	2.81992299464	7.29351500063e-06
Estrogen	PTPN13	-2.84954674487	7.3841742989e-06
Estrogen	PGLS	-1.85020743946	7.38590760299e-06
Estrogen	DRD1	-2.03442228162	7.54527987282e-06
Estrogen	PPM1E	1.83655455589	7.77907480809e-06
Estrogen	TJP2	-2.75210358232	7.87155099647e-06
Estrogen	AKTIP	-2.53407949165	7.94876683142e-06
Estrogen	TSC22D4	-1.67374820364	8.0412277622e-06
Estrogen	IST1	-1.89889068186	8.08564085035e-06
Estrogen	NUAK1	-4.23788484573	8.09960528425e-06
Estrogen	COL4A5	-2.83514641712	8.10214060931e-06
Estrogen	WASHC5	-2.33842940568	8.14542604576e-06
Estrogen	SLC4A10	1.26697063574	8.92528753657e-06
Estrogen	FHIP2B	-1.27790717729	8.93357183585e-06
Estrogen	ABCE1	4.20517094618	9.28757736522e-06
Estrogen	ETNK2	3.0399025372	9.52434139324e-06
Estrogen	LRRFIP2	2.26303016973	9.70889068215e-06
Estrogen	WDR26	-2.26088934734	9.72736680613e-06
Estrogen	SH3GLB2	-1.72763963233	1.00901646333e-05
Estrogen	CDCA8	4.63228152843	1.01812599791e-05
Estrogen	DCAF16	2.43686739489	1.01920338091e-05
Estrogen	DRAM1	-6.44814066495	1.02057101584e-05
Estrogen	ACOT8	-1.5455468121	1.07082745387e-05
Estrogen	CHD9	2.12806590802	1.08720064841e-05
Estrogen	CDKN2B	-2.62675806124	1.0993167242e-05
Estrogen	FEZ2	-1.39882596402	1.1508141427e-05
Estrogen	UBE2H	-2.61312721038	1.16947945147e-05
Estrogen	CASP7	4.21943227798	1.20383229766e-05
Estrogen	DGKE	1.44035128562	1.22637657406e-05
Estrogen	TNS3	-3.559405329	1.25960054838e-05
Estrogen	FZD4	-2.43690514969	1.26770949195e-05
Estrogen	MAX	1.58365696471	1.27765764278e-05
Estrogen	IGSF3	-2.61728902229	1.32979285276e-05
Estrogen	DLX2	-2.81786632597	1.33440220147e-05
Estrogen	NVL	-2.45585886254	1.34351374983e-05
Estrogen	GRAMD2B	-4.01135299147	1.3619242208e-05
Estrogen	TTF2	2.77976245383	1.37299135201e-05
Estrogen	IQSEC1	-2.31241499219	1.3959051832e-05
Estrogen	CRACDL	-1.39963751242	1.40238925744e-05
Estrogen	ZNF350	-1.95517423496	1.42646720325e-05
Estrogen	SSTR2	2.66773686903	1.4367196217e-05
Estrogen	GRIK3	1.08053944061	1.48634368586e-05
Estrogen	CD44	3.87251367801	1.4869455858e-05
Estrogen	VIPR1	-2.40071142959	1.53297760059e-05
Estrogen	HBS1L	1.48354927795	1.53613619082e-05
Estrogen	CHSY1	4.63741309561	1.54740011033e-05
Estrogen	ARSD	-1.86629797064	1.56466908447e-05
Estrogen	POLD4	-2.85372943288	1.56701287129e-05
Estrogen	LRBA	-2.56924855599	1.58197953874e-05
Estrogen	TSC22D3	-4.01349460341	1.58932335083e-05
Estrogen	ENSA	-1.94814254404	1.605776923e-05
Estrogen	TRAM2	-3.06712915914	1.62215608315e-05
Estrogen	LARP6	-2.1069863785	1.63589441044e-05
Estrogen	VEGFB	-2.35140603118	1.63951366114e-05
Estrogen	NEDD4L	-3.16410978933	1.64591984105e-05
Estrogen	DCAF4	-1.88523649281	1.66316824136e-05
Estrogen	ABAT	4.28819003588	1.68489592244e-05
Estrogen	SOX13	-1.81333549976	1.69648227467e-05
Estrogen	HSD11B2	4.29882899189	1.76368934536e-05
Estrogen	RUNDC3B	-2.1864043717	1.78645808392e-05
Estrogen	PTP4A2	2.50019717026	1.79497662478e-05
Estrogen	EFNA1	-8.80135174709	1.81095824272e-05
Estrogen	ARHGEF16	-1.29992805382	1.81163616691e-05
Estrogen	IPPK	2.22106697786	1.89480167173e-05
Estrogen	GNS	-2.52254110324	1.90968091814e-05
Estrogen	ANKMY2	-2.85789656798	1.91631580375e-05
Estrogen	ZNF107	2.4331954504	1.92849193096e-05
Estrogen	SLC10A3	2.36372864472	1.94146666699e-05
Estrogen	THSD4	1.87594801746	1.94391913461e-05
Estrogen	KHNYN	-2.24982913242	1.96058604759e-05
Estrogen	WDR3	2.83333712808	1.98119483727e-05
Estrogen	MACF1	2.19102353017	2.0718304807e-05
Estrogen	PSD4	-1.73766909148	2.10659011751e-05
Estrogen	PEX2	-2.10851547088	2.11611812298e-05
Estrogen	EPS8L2	-1.96408976262	2.119746967e-05
Estrogen	EHD3	-1.58050108852	2.1218692331e-05
Estrogen	PRMT5	2.88641553957	2.14665174034e-05
Estrogen	KDM5B	-2.81448006595	2.19060953977e-05
Estrogen	ISYNA1	2.22435584721	2.2116287282e-05
Estrogen	ARHGEF38	-1.25671726132	2.25116069982e-05
Estrogen	SQSTM1	-3.23854429891	2.2711471389e-05
Estrogen	FFAR2	-3.02355535191	2.27829210924e-05
Estrogen	RHOD	2.93863649887	2.29488154858e-05
Estrogen	ADIPOR2	-2.62332610818	2.31322201791e-05
Estrogen	CXXC4	-1.77987762748	2.32564582961e-05
Estrogen	RGL2	-2.71942360328	2.32794284829e-05
Estrogen	LMO7	-2.33398942775	2.45738999858e-05
Estrogen	IFT20	-2.83125798175	2.4747972653e-05
Estrogen	TRAFD1	-2.83218268734	2.5065316518e-05
Estrogen	CAPN1	-1.97306222623	2.54956692865e-05
Estrogen	ARHGAP26	2.4393632928	2.56852171642e-05
Estrogen	ARL15	-2.57027226261	2.58877899972e-05
Estrogen	GRM4	-1.20568556626	2.59801742557e-05
Estrogen	POLR1E	2.42075466098	2.61074766748e-05
Estrogen	RBM15	1.67326257184	2.61400064001e-05
Estrogen	RMND5B	-2.07446249095	2.83911648265e-05
Estrogen	GTF2IRD1	-2.77590685014	2.84254937514e-05
Estrogen	SERPINB1	-3.0473452808	2.9027124854e-05
Estrogen	DCTN2	-1.16332318462	2.92426778638e-05
Estrogen	NOLC1	4.27365624326	2.98268681072e-05
Estrogen	MEAF6	-1.84998425725	2.99552941783e-05
Estrogen	ASB8	-2.09146108632	2.99781469108e-05
Estrogen	IPO5	2.27684364736	3.01421325187e-05
Estrogen	ZPR1	2.81793480155	3.07357454797e-05
Estrogen	REEP1	3.25951941836	3.08161827597e-05
Estrogen	RARS2	1.05824756548	3.10954740914e-05
Estrogen	TRIL	-1.95005631881	3.12413804653e-05
Estrogen	DHX34	1.20066991792	3.12436170729e-05
Estrogen	UBA1	-1.48797798277	3.19788677085e-05
Estrogen	NAB2	3.04246241868	3.21261863267e-05
Estrogen	NT5DC3	2.57185882301	3.37841052309e-05
Estrogen	CAB39	-3.20385973993	3.42828485962e-05
Estrogen	TSPAN1	-2.39137939817	3.44070929983e-05
Estrogen	BLVRB	3.39997489035	3.46531809387e-05
Estrogen	CEACAM6	-3.4651777197	3.57854188836e-05
Estrogen	CDV3	2.64796417537	3.78361136697e-05
Estrogen	BCL2L1	-2.8229470685	3.82409840079e-05
Estrogen	NCOA2	-2.1346608779	3.96430900656e-05
Estrogen	PARD6B	2.13840307221	3.96654423932e-05
Estrogen	MPC1	1.91654901345	3.99666744065e-05
Estrogen	TGIF1	-3.37935326412	4.0138367216e-05
Estrogen	DIO1	2.59247008058	4.04546846829e-05
Estrogen	CDC6	6.83302740329	4.07205278977e-05
Estrogen	INPP4A	-1.68002654211	4.20278296803e-05
Estrogen	ATP6V1H	-1.41488542432	4.24818409876e-05
Estrogen	PAICS	3.21777905913	4.28494998254e-05
Estrogen	CEP97	1.92462958374	4.28631213104e-05
Estrogen	MOCS2	2.27342266064	4.36030153396e-05
Estrogen	SCYL3	-2.64224416507	4.50909423307e-05
Estrogen	GATAD1	-1.97513359376	4.61259510073e-05
Estrogen	ATP2A2	2.17759178091	4.64111403342e-05
Estrogen	UBXN1	-1.45457342657	4.69788203475e-05
Estrogen	SEC61A2	1.25394654085	4.75581784369e-05
Estrogen	ARL4A	-3.77328824157	4.77557628121e-05
Estrogen	WASL	-1.7316805144	4.80284394809e-05
Estrogen	CELSR1	1.21385513511	4.88257661557e-05
Estrogen	CSNK1A1	-1.56576979115	4.89803896358e-05
Estrogen	MAP6D1	1.66435795552	4.98904762886e-05
Estrogen	SSR3	3.10474597648	4.99316199985e-05
Estrogen	ERBB4	-1.58902301842	5.0862432331e-05
Estrogen	EXOSC2	2.62949413837	5.10754377084e-05
Estrogen	NOC3L	3.92151223849	5.21215763219e-05
Estrogen	UNC5C	-1.29881580021	5.29820928072e-05
Estrogen	CDYL	-1.84773535489	5.35219851901e-05
Estrogen	CDC14A	1.37418845462	5.4501233549e-05
Estrogen	BTG2	-5.50473089845	5.52168611487e-05
Estrogen	RNF14	2.14377085854	5.54715101492e-05
Estrogen	GPRC5C	-1.74659122352	5.55835690639e-05
Estrogen	ERLIN1	2.43619500759	5.57121545837e-05
Estrogen	TNPO1	1.94285910012	5.58366040858e-05
Estrogen	ENTREP1	2.2963217246	5.61382887218e-05
Estrogen	B4GALNT1	1.53548809769	5.62640461189e-05
Estrogen	ARHGEF10L	1.59643837888	5.66928049836e-05
Estrogen	DNAJC2	2.07278379616	5.73685686871e-05
Estrogen	BAG6	-1.47055946198	5.85934980604e-05
Estrogen	LAMB2	-2.93394598688	5.90682424455e-05
Estrogen	CERS2	-1.94058174045	6.01031019894e-05
Estrogen	TMEM80	-1.78782042552	6.07615043719e-05
Estrogen	WDR83OS	-1.79623429613	6.10464038899e-05
Estrogen	BSDC1	-1.568286474	6.12549216134e-05
Estrogen	CLEC2D	-2.24365125803	6.16528397369e-05
Estrogen	SEMA3G	2.87853133462	6.19659522938e-05
Hypoxia	PDK1	13.1204494025588	3.99671559162176e-55
Hypoxia	ANKRD37	8.48497615199521	8.99546230784687e-55
Hypoxia	FAM162A	8.33555155151556	6.7454288577356e-53
Hypoxia	BNIP3L	14.1203023705634	1.98677745432103e-52
Hypoxia	ENO2	14.3269398182242	8.0956554140359e-49
Hypoxia	ANKZF1	7.35816286558204	1.84422153525098e-48
Hypoxia	NDRG1	22.0871194931399	6.25140202753353e-48
Hypoxia	INSIG2	13.5621938432104	7.17225219099871e-46
Hypoxia	FUT11	11.1705821641625	1.08487050904123e-45
Hypoxia	KDM3A	10.8507527439767	1.96849944934088e-45
Hypoxia	PFKFB4	8.94027083881991	3.95993497573871e-45
Hypoxia	GBE1	9.71149934428704	4.3060891068616e-45
Hypoxia	EGLN1	9.5944500216631	4.56725694693112e-45
Hypoxia	PGK1	9.99399139392937	9.88245351266058e-44
Hypoxia	HILPDA	16.7071235476463	1.03305795377928e-43
Hypoxia	PLOD2	13.600144008727	1.2180752199164e-43
Hypoxia	RLF	7.07028547517991	1.38413067776239e-43
Hypoxia	ALDOC	13.1615236445167	8.02807944018583e-42
Hypoxia	ERO1A	9.69819818780012	1.12144422453994e-40
Hypoxia	ALDOA	7.65467808088126	2.45053194014372e-40
Hypoxia	BNIP3	19.4179740395614	6.84654853302919e-40
Hypoxia	GPI	8.54958022018638	8.579552933562e-40
Hypoxia	PLOD1	6.61022484885533	9.4909720163506e-39
Hypoxia	SLC2A1	8.67915398023849	1.20968334885753e-38
Hypoxia	KDM4B	3.65020932258217	1.49377213750675e-38
Hypoxia	ZNF395	8.06093404354757	1.83275173966697e-38
Hypoxia	P4HA1	11.067656692699	2.1186163901675e-36
Hypoxia	PPFIA4	10.8376145634208	2.54429330753656e-36
Hypoxia	EGLN3	11.6557279211453	2.34590141300152e-35
Hypoxia	VLDLR	10.2663341424861	9.34706777086058e-35
Hypoxia	VEGFA	10.6128989257688	9.98495548825803e-35
Hypoxia	EFNA3	4.21174008937788	8.14992277591852e-34
Hypoxia	PFKFB3	14.5471920773281	1.76349504952429e-33
Hypoxia	MXI1	10.8609214546429	2.3351806153835e-33
Hypoxia	WDR45B	4.50436233227095	3.57138080504812e-33
Hypoxia	WSB1	7.02422434767253	4.98148172898811e-33
Hypoxia	LDHA	7.65345032180433	1.17607012579491e-32
Hypoxia	AK4	9.69302350067685	1.44154280735294e-32
Hypoxia	NCKIPSD	2.33698250234768	1.55795354439515e-32
Hypoxia	PGM1	7.88583461642632	8.08973302124454e-32
Hypoxia	SLC25A36	5.32904399026698	1.23862512778968e-30
Hypoxia	YEATS2	5.35312751650689	1.94579021134098e-30
Hypoxia	ANGPTL4	12.6406906455823	2.03185995907378e-30
Hypoxia	TMEM45A	17.8768001565225	2.22259528036762e-30
Hypoxia	NGLY1	3.5046086484829	2.70538695504621e-30
Hypoxia	VKORC1	5.41943367385705	5.91152631174704e-30
Hypoxia	SEC61G	4.74111293382792	3.85642870402416e-29
Hypoxia	ENO1	6.10386298739781	4.31027522070963e-29
Hypoxia	C8orf58	3.10787143470826	7.00517712946267e-29
Hypoxia	C4orf47	6.05330092209778	3.3084421329643e-28
Hypoxia	MAPK7	2.63190452108407	3.83715640050677e-28
Hypoxia	PDK3	4.39975073866122	4.60534497741663e-28
Hypoxia	CA9	13.9610678389863	4.63982828611125e-28
Hypoxia	ZNF292	6.02393811187105	2.19166648376344e-27
Hypoxia	GAPDH	5.04655254386716	2.91279241576931e-27
Hypoxia	PFKP	9.23320090557446	3.67290476897732e-27
Hypoxia	NRN1	6.72751686128774	1.02377644516017e-26
Hypoxia	SPAG4	10.2130714706145	1.72787214643964e-26
Hypoxia	RIOK3	3.73030128423622	1.96778166084856e-26
Hypoxia	P4HA2	6.28034355716225	2.02259658388121e-26
Hypoxia	C4orf3	7.43791888787026	2.79521879785384e-26
Hypoxia	ZNF160	2.71392422510592	1.67340048820346e-25
Hypoxia	WDR54	5.69550164178515	1.68701518419312e-25
Hypoxia	MPI	3.50216530924174	2.13769573394186e-25
Hypoxia	CLK3	3.56401376708094	2.54476536514916e-25
Hypoxia	PFKL	3.5446163885829	2.76981118215482e-25
Hypoxia	ADM	17.8256961411318	5.0502592082421e-25
Hypoxia	NOL3	3.93802953611691	5.99444221124706e-25
Hypoxia	DARS1	3.67081584418079	6.51108206012856e-25
Hypoxia	PKM	4.74517971732424	7.27603201376027e-25
Hypoxia	PGAM1	6.3782651350277	7.45623293312132e-25
Hypoxia	RAB20	4.25626032523686	1.13408312714183e-24
Hypoxia	SAP30	2.90575098757109	1.52780770622734e-24
Hypoxia	LOX	7.46120781623727	1.66216437253772e-24
Hypoxia	RBPJ	3.85145674582072	1.8306508236441e-24
Hypoxia	CRKL	2.55473421340676	2.27122540887126e-24
Hypoxia	NARF	4.09514912532848	4.73073013378372e-24
Hypoxia	FBXO42	2.25722873294703	5.39774938131521e-24
Hypoxia	RORA	4.50877176026573	7.18064710246467e-24
Hypoxia	GYS1	4.92286334387743	1.34364864776489e-23
Hypoxia	RNF24	3.85305894212825	3.46966910824949e-23
Hypoxia	ZNF654	4.28806196320664	3.65707961091671e-23
Hypoxia	PRSS53	1.97450623238105	4.05074537989986e-23
Hypoxia	FAM13A	5.09417982046476	6.67638008548315e-23
Hypoxia	POP4	-2.31441263366752	7.08249568468426e-23
Hypoxia	ZMPSTE24	-4.39234027752698	1.33144657740042e-22
Hypoxia	PPP2R5B	3.48258339617947	1.52885003087064e-22
Hypoxia	PAM	6.26429638624617	1.99495621104244e-22
Hypoxia	ZBTB25	3.41905880784931	2.18114918177752e-22
Hypoxia	TMX2	-3.69794401757591	2.88492773200099e-22
Hypoxia	FLAD1	-3.29421662191825	3.86719752073018e-22
Hypoxia	CCNG2	7.32584066928285	5.81427052975699e-22
Hypoxia	QRSL1	-2.24529780767581	6.8448759265294e-22
Hypoxia	LOXL2	4.60876786659785	7.27395822814869e-22
Hypoxia	DOLK	-3.46417167159037	1.05026014549572e-21
Hypoxia	KDM4C	2.25815096166763	1.05921323175868e-21
Hypoxia	BCKDK	2.64503879194614	1.52617358699138e-21
Hypoxia	TBC1D9B	2.72058685932993	1.86745462832661e-21
Hypoxia	TPI1	3.75538228532971	2.29555251351212e-21
Hypoxia	STC2	8.03666591992239	2.93250162586337e-21
Hypoxia	SLC35E1	2.80420791392591	3.76013999939441e-21
Hypoxia	CNOT8	3.33278371360982	4.55636195486066e-21
Hypoxia	SNAPC5	-2.26675743332772	5.13921284744705e-21
Hypoxia	AIFM1	-3.51272845604812	6.29258780321628e-21
Hypoxia	HK1	4.58388196227668	8.27868208677426e-21
Hypoxia	PLEKHA2	4.19315323276913	1.12288231016478e-20
Hypoxia	RIMKLA	3.60615612684223	1.33840148036662e-20
Hypoxia	RSBN1	4.30456992462052	1.3404364007014e-20
Hypoxia	PSME3	-4.2630977229972	1.82128303663156e-20
Hypoxia	BEND5	4.45221883908869	1.83685036969138e-20
Hypoxia	RAB11FIP5	2.43108599829081	1.89380031705423e-20
Hypoxia	TACO1	-1.92772331134972	2.01909600588217e-20
Hypoxia	MAP2K1	3.83120034967465	2.64192901537077e-20
Hypoxia	XPNPEP1	2.41329754060369	2.80245204787007e-20
Hypoxia	RIOX1	-3.72122803720949	3.11713999594058e-20
Hypoxia	GOLGA8A	3.9893889282707	4.70906879877095e-20
Hypoxia	DDX41	3.91997358199863	1.33466072509593e-19
Hypoxia	FEM1C	3.69952145928415	1.99866586585275e-19
Hypoxia	CIAPIN1	-1.99705479002179	2.12319063694382e-19
Hypoxia	BCKDHA	4.12135998017204	3.05531871148398e-19
Hypoxia	PPP1R13L	3.81196194362561	3.32599936918965e-19
Hypoxia	ITPR1	4.20179056035164	4.22934277332032e-19
Hypoxia	SH3D21	2.32348044183255	4.68082709974638e-19
Hypoxia	SYDE1	2.27706011070582	6.88273776654208e-19
Hypoxia	MIF	5.76374669865038	6.91797455482741e-19
Hypoxia	RRAGD	4.9256378973377	8.1906808393916e-19
Hypoxia	RNASET2	2.26841167371759	8.50416799912153e-19
Hypoxia	POP1	-3.92637125004901	9.41951211220182e-19
Hypoxia	GPR146	5.56457520371641	9.70521192734714e-19
Hypoxia	JMJD6	3.07782576870789	1.08588130049627e-18
Hypoxia	DYNC2I1	1.70895644724295	1.13242050826493e-18
Hypoxia	CXCR4	6.92442280806356	1.29451778709518e-18
Hypoxia	PPP1R3B	3.7898455396042	2.00730195963634e-18
Hypoxia	ANG	6.90737581794505	2.22127598916568e-18
Hypoxia	MRPS7	-3.16352048574363	2.64435808282392e-18
Hypoxia	TMEM126B	-2.51512965808422	3.56810938961063e-18
Hypoxia	GUK1	1.95826093967193	4.1047309458549e-18
Hypoxia	PSMC2	-2.64018873781994	6.56873722816801e-18
Hypoxia	DDX28	-1.74476133315929	7.00894088011417e-18
Hypoxia	SLC5A6	-3.69910593538557	9.51884260075382e-18
Hypoxia	APTX	-1.6051450458935	1.21366895258874e-17
Hypoxia	ALKBH5	2.13299236651457	1.44673215237223e-17
Hypoxia	MRPL15	-3.92558339483965	1.51089232523829e-17
Hypoxia	ADAT1	-3.34162408470827	1.80823523858932e-17
Hypoxia	MRPL46	-2.9199662372985	3.05137266511637e-17
Hypoxia	RNASE4	8.33377163589158	3.30274645498378e-17
Hypoxia	LDHC	1.6989254737237	3.70671034074957e-17
Hypoxia	S100A10	4.55180387260937	3.70946144125828e-17
Hypoxia	ARFGEF3	3.32541811067364	4.14579312935092e-17
Hypoxia	TOR3A	-3.49256494086236	4.70696696292535e-17
Hypoxia	ARID3A	2.19573444402425	4.74538608431929e-17
Hypoxia	PIGA	4.08048778470049	5.93895485739793e-17
Hypoxia	CDC123	-3.06370156781406	6.13528726140706e-17
Hypoxia	SFXN3	4.00225243234617	6.3729459411008e-17
Hypoxia	RASSF7	2.05637329722463	6.64560732981545e-17
Hypoxia	RPL26L1	-2.67882184408828	6.65455010610025e-17
Hypoxia	KDM5B	3.03450641329308	6.83019144570774e-17
Hypoxia	SLC2A3	8.07912864375464	8.68284527484283e-17
Hypoxia	DPCD	3.42814519869535	9.93478522442729e-17
Hypoxia	UBE2O	1.66154334231176	1.14839905193444e-16
Hypoxia	LARS2	-2.47325250478647	1.15433351517757e-16
Hypoxia	THTPA	-2.3627081698886	1.20072186757767e-16
Hypoxia	CEP250	1.56381105825077	1.20318110005007e-16
Hypoxia	NFIL3	7.82955500471024	1.2614351435279e-16
Hypoxia	POP5	-3.90996084058019	1.33991870816335e-16
Hypoxia	PPP1R3C	5.75278252647685	1.50802243823921e-16
Hypoxia	PSMC5	-2.80234984773723	1.55637656764385e-16
Hypoxia	SLC25A20	-2.61835893721673	1.73368060159398e-16
Hypoxia	POLR3B	-2.06893758179051	1.75630017481362e-16
Hypoxia	COA7	-4.14980366693915	1.92380275227605e-16
Hypoxia	SMAP1	2.83991434580157	2.19776868727057e-16
Hypoxia	LNPK	4.21343198527831	2.80053760260794e-16
Hypoxia	GOT2	-2.86496918218006	2.84780517954528e-16
Hypoxia	EXOG	-1.48943221654854	3.05226705183823e-16
Hypoxia	TOR1A	-1.77191232802709	3.34768659598852e-16
Hypoxia	NDUFS1	-2.04084015891801	4.0054956492271e-16
Hypoxia	DPYSL4	2.54069955576574	4.06949144390416e-16
Hypoxia	KCTD11	6.43987096942673	4.19370054785563e-16
Hypoxia	BHLHE41	4.44440818954317	4.68106268810539e-16
Hypoxia	GPATCH4	-2.15233153676306	4.75045814503603e-16
Hypoxia	LYRM2	-1.88671770063159	4.882971724605e-16
Hypoxia	SERTAD2	3.87724321606614	5.56301776172867e-16
Hypoxia	MRPL4	-2.97065075777265	6.85644990457865e-16
Hypoxia	TSN	-2.32888298878315	1.11577032900581e-15
Hypoxia	CLK1	5.26015455783678	1.24831619406429e-15
Hypoxia	MRPS16	-2.48052939328792	1.36402902566234e-15
Hypoxia	ABHD11	-2.07100988263951	1.44008868328354e-15
Hypoxia	ZMYM2	1.94142764130843	1.59616388566748e-15
Hypoxia	NDUFAF1	-2.80003790498356	1.60488952094104e-15
Hypoxia	NOC4L	-2.23966950521424	1.78810127304254e-15
Hypoxia	SMYD2	1.94417992652775	2.22138208118617e-15
Hypoxia	EFEMP2	3.83450784593865	2.31914832330326e-15
Hypoxia	RNMT	2.98718264633363	2.48196913666024e-15
Hypoxia	FTSJ3	-2.47680433317995	3.37943080541766e-15
Hypoxia	TRMT12	-2.49317267866342	3.60436146584121e-15
Hypoxia	MAIP1	-2.43130666047922	3.82354983253277e-15
Hypoxia	NOL9	-2.30892338584633	4.30465173440384e-15
Hypoxia	DPAGT1	-2.6936964422775	4.4908965545577e-15
Hypoxia	ANAPC13	-1.96081163538139	4.61457548558287e-15
Hypoxia	TMSB10	3.68007428645189	6.16059588353347e-15
Hypoxia	PLXNA3	1.90832160315993	7.21634711652292e-15
Hypoxia	DFFA	-2.0385178132433	7.55744715761117e-15
Hypoxia	EIF2B1	-2.23897197884325	7.9825904504737e-15
Hypoxia	HK2	5.51704864280972	1.02096765023008e-14
Hypoxia	RNASEH1	-2.72079340023709	1.04044648542267e-14
Hypoxia	DCTN5	-1.59697957173671	1.18716184254442e-14
Hypoxia	OGFOD1	-2.6289298034815	1.22176842110671e-14
Hypoxia	ITGA5	5.85433804086359	1.29302829855471e-14
Hypoxia	DHX35	-1.62923483047043	1.32076699602034e-14
Hypoxia	PPME1	2.75642167588113	1.47764350327363e-14
Hypoxia	WDR73	-2.46852738920231	1.72608414974379e-14
Hypoxia	IDH3A	-3.04775694356375	1.81965644361955e-14
Hypoxia	WDR77	-3.78654535733809	1.85244560901375e-14
Hypoxia	DDX19A	-1.80472239190987	1.88089786532291e-14
Hypoxia	FGF11	2.38948884400737	1.99797192201534e-14
Hypoxia	PRMT3	-4.05632145710544	2.05442375065366e-14
Hypoxia	SLC6A8	4.52349148785913	2.27334602977374e-14
Hypoxia	FH	-2.52776039366259	2.27817313228118e-14
Hypoxia	MRPS28	-2.78906246476478	2.91115217776064e-14
Hypoxia	AIMP2	-2.60743708818777	3.30116536058313e-14
Hypoxia	MRPL58	-2.8790933214685	3.38331353321091e-14
Hypoxia	COA3	-1.79990929352404	3.44784792765278e-14
Hypoxia	CSRP2	4.27068511225024	3.48278134935422e-14
Hypoxia	PLIN2	2.87610350682493	3.5298361158672e-14
Hypoxia	TRAPPC13	-2.01443490534181	4.7144225788159e-14
Hypoxia	SPRTN	-3.34430450258584	5.02752736769838e-14
Hypoxia	CYREN	-2.25343823383556	5.79914035890856e-14
Hypoxia	BCS1L	-2.56995994237414	5.88160237913311e-14
Hypoxia	FKBP15	1.34596973154776	6.15412149039704e-14
Hypoxia	MRPL20	-1.7756746213234	6.29883372475482e-14
Hypoxia	SNRPC	-2.16401006466439	6.4800856825087e-14
Hypoxia	LRP1	2.59986540235192	6.5312730535515e-14
Hypoxia	TRAPPC3	-1.62552734290937	7.10805710946493e-14
Hypoxia	TMEM33	-2.75603360155825	7.5410308216106e-14
Hypoxia	POLDIP2	-1.90596725247556	7.86146768787481e-14
Hypoxia	SNX19	-1.27983413582522	7.89231469789059e-14
Hypoxia	OBSL1	1.78631303511293	8.24315347041238e-14
Hypoxia	TIMM22	-1.98426472641056	8.77638424576945e-14
Hypoxia	NDUFA4L2	3.04833235726376	8.82579809706779e-14
Hypoxia	NDNF	2.93745698064392	8.94195531840407e-14
Hypoxia	TTC1	-1.6760756102254	9.76228428451473e-14
Hypoxia	RAE1	-1.41681947169995	9.90692987640257e-14
Hypoxia	TMEM138	-4.44386119351254	9.93299550980629e-14
Hypoxia	FAM210A	4.01810368305118	1.00507382201252e-13
Hypoxia	DIMT1	-2.43555839890675	1.0709767758376e-13
Hypoxia	RPUSD2	-2.21735233154677	1.09611330385944e-13
Hypoxia	HDHD5	3.2421730493559	1.1048830206846e-13
Hypoxia	PNRC1	7.81855043381999	1.13088687876945e-13
Hypoxia	TENT4A	3.77541187365535	1.17649196759215e-13
Hypoxia	KISS1R	5.30613806267503	1.23514161915272e-13
Hypoxia	ARRDC3	7.51224855450096	1.27620217404999e-13
Hypoxia	INHA	2.43767492854661	1.27876497420162e-13
Hypoxia	ANAPC7	-2.98894901875528	1.32854095177797e-13
Hypoxia	EEF1AKMT3	3.12241309403513	1.41699554724642e-13
Hypoxia	WDR5B	-3.11290439078811	1.41976977440095e-13
Hypoxia	LGALS1	4.12136201958834	1.4296188069783e-13
Hypoxia	PSMD1	-3.22453515021193	1.48470679921755e-13
Hypoxia	IPMK	2.34532053817758	1.53451966501608e-13
Hypoxia	CUSTOS	-2.32063452413004	1.6268537591905e-13
Hypoxia	JAM2	2.47942569634853	1.81788107135632e-13
Hypoxia	APEH	-2.16365347690591	1.82465718539899e-13
Hypoxia	SEMA4B	6.0468556710614	1.83422346921497e-13
Hypoxia	COPS5	-1.87546806677445	1.84359941221098e-13
Hypoxia	METTL13	-2.35948977340286	2.16311859729095e-13
Hypoxia	RRS1	-5.2120889556279	2.49783874875303e-13
Hypoxia	LRP2BP	1.47099581495854	2.56545193281713e-13
Hypoxia	CIART	3.43051470727954	2.7227732895649e-13
Hypoxia	NIPA2	-2.45091537574164	3.15795854215943e-13
Hypoxia	MRPL18	-2.72969048870886	3.16525480958801e-13
Hypoxia	COL6A2	2.00152947754708	3.21008387219106e-13
Hypoxia	IGFBP3	11.260280794102	3.3102646098886e-13
Hypoxia	MAPKAP1	-1.93579038242256	3.33406107643561e-13
Hypoxia	CSTF2T	-2.52969606054999	3.97506519253529e-13
Hypoxia	PNPO	-2.91250313017325	3.98517860527739e-13
Hypoxia	SLC25A12	-2.41746601560891	4.05420974815754e-13
Hypoxia	PIAS2	2.08200352488104	4.25350941508843e-13
Hypoxia	POLR2G	-2.35946954643051	4.35213112743742e-13
Hypoxia	IDE	-2.37693045008544	4.48405582770130e-13
Hypoxia	FDX1	-1.88507076249542	4.77578255197242e-13
Hypoxia	POLR3K	-3.58619372234255	5.24127198169818e-13
Hypoxia	MRPL35	-2.39928422568362	5.30487920478195e-13
Hypoxia	CCT3	-3.30708404973866	5.48898542991316e-13
Hypoxia	C1orf131	-3.06618936098616	5.80435750794521e-13
Hypoxia	GCDH	-1.95726895703295	5.94054287083933e-13
Hypoxia	FASTKD3	-3.12530730464573	5.97838783275932e-13
Hypoxia	ZNF174	-1.42094582053522	6.16139726087098e-13
Hypoxia	SERGEF	1.43863054646124	6.21068618008465e-13
Hypoxia	C8orf33	-2.56807986247271	6.22180464890557e-13
Hypoxia	TEX261	-1.70389815039753	6.32469934654476e-13
Hypoxia	RYBP	3.01085376043899	7.0939589335488e-13
Hypoxia	GYG1	-3.05635471064819	7.2144821359652e-13
Hypoxia	AURKAIP1	-1.53062306130723	7.4595104395676e-13
Hypoxia	TIMM8B	-2.54429868590418	7.63642629231225e-13
Hypoxia	TNIP1	4.57950370984406	7.75527187183337e-13
Hypoxia	ZNF689	-2.39799797250039	8.12860234938372e-13
Hypoxia	PPP2R1B	-1.49935662482688	8.18973923631985e-13
Hypoxia	ATP5MC3	-2.03027087993962	8.44722547223138e-13
Hypoxia	C9orf78	-1.71214339331561	8.79861054958258e-13
Hypoxia	NDUFB2	-1.79975024704844	9.58985657001286e-13
Hypoxia	UPK1A	2.66724037227809	9.87930025758063e-13
Hypoxia	SCAND2P	1.15196588551915	1.08378224606463e-12
Hypoxia	UQCR10	-2.05316247099923	1.10906122304617e-12
Hypoxia	QSOX1	3.01602204876048	1.12998107887332e-12
Hypoxia	ORC5	-2.34408901082273	1.13174212757597e-12
Hypoxia	ITPA	-2.18639257563974	1.19738357674924e-12
Hypoxia	TMEM74B	1.85883959842996	1.22047457241322e-12
Hypoxia	BBX	2.48351775885925	1.24388395331481e-12
Hypoxia	SLC25A44	-2.34234215744569	1.34761951613218e-12
Hypoxia	TOE1	-2.80694950111777	1.40393407917325e-12
Hypoxia	PITPNA	-1.92096565715847	1.41709474036188e-12
Hypoxia	EMC8	-2.60119306518272	1.43335316756803e-12
Hypoxia	OGA	2.30164648512524	1.48901404965196e-12
Hypoxia	HMBS	-2.7913502406821	1.50172193478782e-12
Hypoxia	RIOX2	-2.6833579038408	1.50251601665341e-12
Hypoxia	GEMIN6	-2.14898286310264	1.56702587294638e-12
Hypoxia	FLNB	3.80588168961659	1.57413992905117e-12
Hypoxia	DIPK2A	2.39545498828479	1.61517468497003e-12
Hypoxia	GPN1	-1.6400501131113	1.62038003585507e-12
Hypoxia	TXNDC9	-2.30100700561299	1.66005969483837e-12
Hypoxia	THAP7	-1.82918292375247	1.68376800492344e-12
Hypoxia	CBX6	-2.55072081091632	1.72060961246152e-12
Hypoxia	TPD52	2.56048947279182	1.72440229370774e-12
Hypoxia	PRKAA2	2.35519372244846	1.73990956977071e-12
Hypoxia	SNAPC3	1.84893815987136	1.76132534569497e-12
Hypoxia	EIF2B3	-3.05629613368896	1.83490556665801e-12
Hypoxia	ATR	-2.20961199083151	1.842615643468e-12
Hypoxia	ING1	2.04112903295711	1.97530704537537e-12
Hypoxia	TRNT1	-2.66569178912644	2.01104678585566e-12
Hypoxia	SLC35B1	-2.60728022085484	2.07327637768393e-12
Hypoxia	SPRYD4	-2.1722898864248	2.18228168417334e-12
Hypoxia	CRABP2	3.85945024242678	2.30206056322183e-12
Hypoxia	MRPL40	-2.09724638282269	2.31919679499299e-12
Hypoxia	UNC119	2.05369186277873	2.48680294652128e-12
Hypoxia	MKKS	-2.63621209127445	2.50084394294592e-12
Hypoxia	MOB3A	2.58684167502523	2.69786914787428e-12
Hypoxia	LSM1	-1.67444206345555	2.84222085855682e-12
Hypoxia	LRRC8D	-2.86910697298878	2.86908203244352e-12
Hypoxia	PSMA5	-2.8914003636278	2.96294588878348e-12
Hypoxia	ATP5F1B	-2.37757388653546	3.17701316187184e-12
Hypoxia	HGH1	-1.93068890420136	3.22126849206852e-12
Hypoxia	POLR2K	-2.26455443870907	3.26580372345515e-12
Hypoxia	MRPS11	-1.69144175464798	3.34409993419397e-12
Hypoxia	HSPA4	-2.71506189735554	3.36327529203113e-12
Hypoxia	FOSL2	3.85210680041863	3.42647657972382e-12
Hypoxia	PRELID2	2.79207066569509	3.55751011898516e-12
Hypoxia	DHX29	-2.06120568470999	3.65810857036717e-12
Hypoxia	NPEPPS	2.96779965715217	3.67950187841212e-12
Hypoxia	YTHDF2	-2.14722213707361	3.69500120387188e-12
Hypoxia	PSMG1	-3.90990541582444	3.72588689804122e-12
Hypoxia	KDM7A	5.3192204838889	3.77909710839327e-12
Hypoxia	UMPS	-2.14715591691564	3.99708539904421e-12
Hypoxia	BTG1	5.25751419956741	4.59173111680075e-12
Hypoxia	DUS1L	-2.15438755021264	4.73347513372623e-12
Hypoxia	CDK19	2.43563179871583	4.74312454411936e-12
Hypoxia	ARFGAP2	-1.47665188602156	4.96528233395534e-12
Hypoxia	STC1	8.28873689778113	5.02883178316015e-12
Hypoxia	COMMD8	-2.46525168743617	5.25241577389047e-12
Hypoxia	BLMH	-2.40526668193084	5.47603002269402e-12
Hypoxia	PLAGL1	3.2558363667686	5.71674293719906e-12
Hypoxia	FASTKD2	-1.74739243164681	5.7319547879688e-12
Hypoxia	DTD2	-3.47188629172596	5.79609169300103e-12
Hypoxia	MPV17L2	-2.94423023945106	5.96459342155902e-12
Hypoxia	PSMD5	-1.21103261015247	6.19360189083121e-12
Hypoxia	WDR46	-2.38855030949733	6.22728190436266e-12
Hypoxia	POMGNT1	-1.30746083650152	6.36973781493197e-12
Hypoxia	ATG3	-1.71567266994928	6.75346558672624e-12
Hypoxia	KLF7	3.73224338359519	6.81733584931318e-12
Hypoxia	HTATSF1	-1.85133664171015	6.96308914039479e-12
Hypoxia	MFSD10	2.16122304092889	6.9660067154797e-12
Hypoxia	PHF21A	2.79010768673503	7.00518868246313e-12
Hypoxia	FOXRED2	-1.76448110009785	7.13265169029174e-12
Hypoxia	MRPL13	-2.14598844490386	7.25309193634856e-12
Hypoxia	CDK12	-1.26533686406753	7.49812322527267e-12
Hypoxia	SCO1	-2.80636749385079	7.66717465826905e-12
Hypoxia	TET1	3.71865899176147	8.80703429981761e-12
Hypoxia	HSPH1	-4.37625586809849	9.61712420739155e-12
Hypoxia	MRPL12	-2.48521201534538	9.8099723201458e-12
Hypoxia	METTL8	-2.06285945190034	9.86608264532784e-12
Hypoxia	TYW1	-1.80669393995612	1.01134371585282e-11
Hypoxia	ZNF142	-1.24104464047776	1.05572290864476e-11
Hypoxia	CABIN1	1.32740234436713	1.05977910008102e-11
Hypoxia	GPS1	-2.03020919897264	1.13047402869347e-11
Hypoxia	MFSD5	-2.54807638050899	1.19431535256821e-11
Hypoxia	GFM1	-1.75992263892289	1.2103520919332e-11
Hypoxia	UROD	-1.64794666426403	1.22328411427927e-11
Hypoxia	NUDT9	-1.7274062987713	1.27627421553274e-11
Hypoxia	SNTA1	1.72346420037044	1.2913218618887e-11
Hypoxia	NOL11	-3.40976939377716	1.36631314624256e-11
Hypoxia	CSTF2	-2.54778569626684	1.41523640738147e-11
Hypoxia	ERCC8	-1.41035103552067	1.46315489682669e-11
Hypoxia	API5	-1.8432132732384	1.46642255794526e-11
Hypoxia	USP14	-1.8346440593401	1.55157195680129e-11
Hypoxia	ATP5MC1	-3.29600161953411	1.57769926452934e-11
Hypoxia	PYCR3	-2.56273670674256	1.60499710678243e-11
Hypoxia	EIF2B4	-1.64804893963615	1.63065325179996e-11
Hypoxia	RBM45	-1.40271642809961	1.68083534561568e-11
Hypoxia	UTP20	-3.16889697559162	1.8061254036778e-11
Hypoxia	EXOSC4	-2.60644892675398	1.82604760703348e-11
Hypoxia	PREB	-2.01490856900198	1.84099990594004e-11
Hypoxia	DLD	-2.2066630591149	1.86852742175404e-11
Hypoxia	SDAD1	-2.38576177492156	1.91098661980531e-11
Hypoxia	P4HB	2.35782682030213	1.96226191084463e-11
Hypoxia	TMEM70	-1.95332176022881	2.03445715656396e-11
Hypoxia	LGALS8	2.05409362227596	2.04649334305704e-11
Hypoxia	MZF1	1.19749022438862	2.0902707264455e-11
Hypoxia	PRKAB1	-1.903793910096	2.1028167638485e-11
Hypoxia	ALG6	-2.63560203293256	2.18937669595505e-11
Hypoxia	DDX1	-2.12198703375779	2.22358180927535e-11
Hypoxia	TRIM26	-2.37978319742783	2.26041526432877e-11
Hypoxia	ASNSD1	-2.3335263469664	2.34931188288083e-11
Hypoxia	PARK7	-2.07558898858623	2.35285328818247e-11
Hypoxia	DDX56	-1.97913290295678	2.36203300814926e-11
Hypoxia	LSG1	-2.65071847681522	2.3748473968645e-11
Hypoxia	HSD17B10	-2.66115969463414	2.4062898292884e-11
Hypoxia	HDAC3	1.61479289779585	2.4163789260429e-11
Hypoxia	SPECC1L	-1.76507900179548	2.47892904200915e-11
Hypoxia	RNF113A	3.24401020839917	2.5012853967805e-11
Hypoxia	HIKESHI	-1.82926432627081	2.51983038304422e-11
Hypoxia	NSMCE4A	-2.01933126943219	2.58794418040162e-11
Hypoxia	DDX52	-1.5824599892072	2.59424066965057e-11
Hypoxia	UBIAD1	-1.77571150842648	2.6657887085804e-11
Hypoxia	ETF1	-2.92419926385239	2.68264812462767e-11
Hypoxia	TRIM44	-1.39982490561277	2.68838264209791e-11
Hypoxia	ATP5F1A	-1.45549172866688	2.69176087061645e-11
Hypoxia	TRMT5	-2.10486942850095	2.90222090452445e-11
Hypoxia	BMT2	4.57748539821363	2.95477116384989e-11
Hypoxia	SIGMAR1	-3.00693647382578	2.97586125312692e-11
Hypoxia	SEPHS2	-2.52044748390435	3.08459994172858e-11
Hypoxia	NBAS	1.33867341529683	3.31000614946556e-11
Hypoxia	SLC25A17	-1.53293969135929	3.36899949178279e-11
Hypoxia	SRP19	-2.49218392457783	3.41959301666533e-11
Hypoxia	EMG1	-3.72001648541985	3.45925966662194e-11
Hypoxia	ERH	-2.48427430172654	3.64731696635028e-11
Hypoxia	PNMA2	1.75306865211986	3.78857542786973e-11
Hypoxia	NUP58	2.96945629949597	3.80581985183507e-11
Hypoxia	OXLD1	-1.93695022968674	3.90035492477115e-11
Hypoxia	UTP3	-2.64226304378988	3.90193084615297e-11
Hypoxia	COASY	-1.75154367884822	4.0464523155743e-11
Hypoxia	CCT6A	-2.99959773938242	4.08786564072209e-11
Hypoxia	SUOX	-2.57799592690678	4.14119127755849e-11
Hypoxia	TIMM10	-3.18700464580345	4.24154793904439e-11
Hypoxia	SCLY	-2.02054545162423	4.26145091487265e-11
Hypoxia	PSMC1	-2.1031064858527	4.34476790861617e-11
Hypoxia	DHX57	-1.22456210010447	4.42789263567025e-11
Hypoxia	SETMAR	-1.37787789539796	4.47447902654925e-11
Hypoxia	UBE2L3	-1.48323689349676	4.52871339752764e-11
Hypoxia	LARP4	-2.63004907380597	4.6091285141751e-11
Hypoxia	RRAGA	2.56082896476497	4.66112708095925e-11
Hypoxia	MTERF1	-1.8428588976219	4.68352342420862e-11
Hypoxia	SAR1B	-2.21774530491767	4.72862343244123e-11
Hypoxia	MTFP1	3.72747417117849	4.80545455515226e-11
Hypoxia	B3GNT4	1.42869161376713	4.84421166003717e-11
Hypoxia	PDCD2	-1.34633199011876	4.87473213719873e-11
Hypoxia	TMEM177	-2.21932643477604	5.14152773185678e-11
Hypoxia	MRM2	-2.74796609185056	5.4650795280146e-11
Hypoxia	TMEM9B	-1.83781681956281	5.47292588184465e-11
Hypoxia	AKIP1	-1.67527124562519	5.52658026068093e-11
Hypoxia	MRPL57	-1.43351603314116	5.57517694461372e-11
Hypoxia	MKNK2	3.53880909997319	5.7445564197172e-11
Hypoxia	OXSR1	2.04555749126182	5.86648804738618e-11
Hypoxia	RMDN3	-1.58462609573445	6.21081873398883e-11
Hypoxia	PSMB6	-2.50814972273267	6.21738917652861e-11
Hypoxia	AREL1	-1.26514852984344	6.24508346934669e-11
Hypoxia	TSEN2	-2.12918669306129	6.61265719961189e-11
Hypoxia	GON7	-3.11797693754595	6.78854618389147e-11
Hypoxia	TIMM8A	-1.90035925097866	7.06617307235121e-11
Hypoxia	LARP1	-1.74520365199658	7.17183152620639e-11
Hypoxia	CCDC137	-2.5916183765008	7.6001956160167e-11
Hypoxia	USP39	-1.89979407546869	7.8500221652584e-11
Hypoxia	VCP	-2.24939367974579	7.879183282995e-11
Hypoxia	RUVBL1	-3.55123217322237	7.88318405156061e-11
Hypoxia	PSMD12	-2.82207475079916	7.93715618030642e-11
Hypoxia	SLC35F6	-1.4175295473382	7.95907440322867e-11
Hypoxia	MRPL9	-1.93379923327561	8.18571215288503e-11
Hypoxia	LONP1	2.95059828814648	8.30290455424926e-11
Hypoxia	ZCCHC10	-1.90409110185621	8.30878747549645e-11
Hypoxia	ABCF2	-1.77565178978718	8.33259878572235e-11
Hypoxia	HDDC2	-1.68021674040975	8.34775253692928e-11
Hypoxia	JMJD4	-1.33790803638138	8.51941694723689e-11
Hypoxia	MRPL24	-2.48036887414171	8.74841137029274e-11
Hypoxia	MGAT2	-1.85782950946109	8.89508443190454e-11
Hypoxia	EHD2	1.99116964431248	8.96861303832059e-11
Hypoxia	CEP41	-1.01484564903481	9.29157364672974e-11
Hypoxia	ANXA7	-2.13098296717888	9.30062493359132e-11
Hypoxia	CCT5	-3.15173317096356	9.46694729708387e-11
Hypoxia	POGLUT1	-2.64462863051067	9.52775834089845e-11
Hypoxia	NDUFS3	-2.03966776902271	9.69266722606419e-11
Hypoxia	SLC6A6	2.53786848910895	9.78022259324257e-11
Hypoxia	ARHGAP45	1.57703115424886	1.01137532257064e-10
Hypoxia	NDUFAF4	-3.58495532967101	1.03086779194747e-10
Hypoxia	XRCC5	-1.72706564162754	1.03751781268913e-10
Hypoxia	CHAC2	-5.41857287858805	1.10189032633924e-10
Hypoxia	KIAA2013	1.43466462790448	1.18148366426319e-10
Hypoxia	CAMKMT	-1.3949788030997	1.21573792525828e-10
Hypoxia	ENOX2	-0.969281826823275	1.21881305750623e-10
Hypoxia	SEC24A	2.77331120423537	1.26836204834161e-10
Hypoxia	DHRS11	-2.45998504044829	1.2977680533187e-10
Hypoxia	GUF1	-2.22311505600191	1.30642039557013e-10
Hypoxia	SNX17	-1.79466351354106	1.32470989490507e-10
Hypoxia	RFK	-2.75512723764987	1.33527683620188e-10
JAK-STAT	OAS1	15.0287145880853	1.0579835555034e-41
JAK-STAT	HERC6	8.7696758787049	1.34504062786845e-38
JAK-STAT	OAS3	10.6188418190691	1.21435813407217e-37
JAK-STAT	PLSCR1	8.48160317260622	8.95520557924246e-37
JAK-STAT	DDX60	12.1982332094247	9.15097090089524e-36
JAK-STAT	TRIM21	6.67418811717532	1.29926533666833e-35
JAK-STAT	SP110	8.67871272100352	2.14825578377255e-35
JAK-STAT	RIGI	12.9653782494159	2.65040615761522e-35
JAK-STAT	RSAD2	22.8987274334128	2.80113340842905e-35
JAK-STAT	STAT1	9.08393656608298	3.52905569846832e-35
JAK-STAT	IFI44	12.4508625272125	3.534853295291e-35
JAK-STAT	IFIT1	27.851363088861	4.35544852466653e-34
JAK-STAT	IFI44L	18.8671558887454	7.46305141774397e-34
JAK-STAT	OAS2	9.62482643391048	1.01095721160482e-33
JAK-STAT	SP100	4.47650931610002	1.06879809197877e-33
JAK-STAT	IFI35	10.5985356820645	6.15541849780128e-33
JAK-STAT	MX2	11.8187031026258	3.85078410217992e-32
JAK-STAT	SAMHD1	7.13344485896906	7.63041603659263e-32
JAK-STAT	ISG15	20.0390335250618	1.16135519157381e-31
JAK-STAT	DDX60L	7.20228303312216	1.55588511107771e-31
JAK-STAT	IFI6	12.5796945047128	8.68659848331127e-30
JAK-STAT	NMI	7.43265458763098	1.75143445308235e-29
JAK-STAT	USP18	12.1780117527987	5.01933600474894e-29
JAK-STAT	IFIT3	20.5923065601389	5.58997705649108e-29
JAK-STAT	IFI16	7.28451346284686	7.1757081216267e-29
JAK-STAT	SAMD9	10.426219160316	8.97435907736345e-29
JAK-STAT	EIF2AK2	5.72301632487512	2.21889447409393e-28
JAK-STAT	XAF1	8.78028611502116	2.40394562858488e-28
JAK-STAT	MX1	19.3841312664934	2.90485489547721e-28
JAK-STAT	BST2	8.10499358547223	1.50638486969982e-27
JAK-STAT	IFIH1	8.34769265175166	2.3786055352665e-27
JAK-STAT	SLC25A28	3.93346165414405	4.07477899214687e-27
JAK-STAT	SHFL	5.47812604985806	3.42278681408101e-26
JAK-STAT	RTP4	9.45113967581242	9.22859105245717e-26
JAK-STAT	TDRD7	6.56664681954279	1.30433999028849e-25
JAK-STAT	IFI27	11.2026545822811	1.62717448055297e-25
JAK-STAT	IFIT5	7.94806893522353	2.35135232093821e-24
JAK-STAT	IFITM1	13.9430942118392	2.45383771897597e-24
JAK-STAT	UBE2L6	8.21558512599392	2.48256014964876e-24
JAK-STAT	PML	3.60852527672784	4.96412717799549e-24
JAK-STAT	BATF2	8.61349510610271	1.10851476121244e-23
JAK-STAT	EPSTI1	12.0816176416244	1.22432356986532e-23
JAK-STAT	APOL2	3.656057664879	3.12654654299647e-23
JAK-STAT	OASL	12.7107272063666	6.59233115627737e-23
JAK-STAT	LAP3	7.38495886733531	9.2157985267562e-23
JAK-STAT	SLC15A3	4.26073918347599	1.21849654892553e-22
JAK-STAT	IRF7	8.06937432090483	3.08272649832274e-22
JAK-STAT	DHX58	4.9099421347871	3.56346160321431e-22
JAK-STAT	HELZ2	4.76215188440194	5.99063945356393e-22
JAK-STAT	ADAR	3.87492896070225	8.83642468594821e-22
JAK-STAT	PARP14	6.39728381278698	9.0362249027307e-22
JAK-STAT	TMEM62	2.30693529907938	1.41696315531012e-21
JAK-STAT	TRIM14	3.03795885139966	2.3957783078965e-21
JAK-STAT	SECTM1	5.9932298839984	9.93618930810972e-21
JAK-STAT	RNF114	2.4915675486216	1.51915862561774e-20
JAK-STAT	APOL6	6.47492088303486	3.34341817730883e-20
JAK-STAT	ETV7	4.77952816189511	4.46460806971347e-20
JAK-STAT	TAP2	3.59226036058408	7.76606573477112e-20
JAK-STAT	IFIT2	16.1871460351994	1.52437156702918e-19
JAK-STAT	PARP9	8.7151518590924	1.62213954663484e-19
JAK-STAT	IRF9	7.52658418893156	2.00901301389004e-19
JAK-STAT	PHF11	3.86173133641047	2.45472788541562e-19
JAK-STAT	TAP1	9.77763834312082	3.05748747556114e-19
JAK-STAT	TRIM5	3.4234903429741	3.40133201470972e-19
JAK-STAT	PSMB8	5.86968402069555	6.40961995471653e-19
JAK-STAT	TRIM38	3.49272614630224	8.86511782486408e-19
JAK-STAT	APOL4	2.51446567489816	1.69228313391727e-18
JAK-STAT	PARP12	6.9441010532389	1.95987246874917e-18
JAK-STAT	SAMD9L	10.5628991033041	2.23729098789829e-18
JAK-STAT	APOBEC3G	2.82646310969777	2.45385045594299e-18
JAK-STAT	CMTR1	2.78086050029633	1.6615175903019e-17
JAK-STAT	HERC5	9.11964240689449	1.80513783386308e-17
JAK-STAT	STAT2	4.14717606787694	2.48109599640399e-17
JAK-STAT	OGFR	2.04247813750597	2.79115057140821e-17
JAK-STAT	GBP1	10.3986860770214	5.6540913301829e-17
JAK-STAT	MYD88	4.30443072295005	7.77202272132923e-17
JAK-STAT	TRIM22	10.5674574971914	1.02725626517697e-16
JAK-STAT	TMEM140	5.10714104409123	2.22823800918931e-16
JAK-STAT	RNF213	4.93751605673014	4.10880000552221e-16
JAK-STAT	CMPK2	15.9287714424658	4.55525844768374e-16
JAK-STAT	LAMP3	9.97323029401613	8.3692154252197e-16
JAK-STAT	NLRC5	6.54684526065919	1.53435395773448e-15
JAK-STAT	TRANK1	3.58887468491964	3.30004089988073e-15
JAK-STAT	ZBP1	1.94145155963196	3.60742533762038e-15
JAK-STAT	PRKD2	2.15549487824293	3.76651994457352e-15
JAK-STAT	APOL1	5.34749912270142	4.00882120425792e-15
JAK-STAT	PSMB9	8.15851150604537	4.42397427429884e-15
JAK-STAT	GBP4	8.0846576698246	9.20942809794626e-15
JAK-STAT	CYP2J2	2.09357760031004	9.79379315007629e-15
JAK-STAT	TRIM25	3.41413092072421	1.0240423072998e-14
JAK-STAT	ZC3HAV1	5.13372699252116	2.97361429029947e-14
JAK-STAT	ZNFX1	6.49639821416828	2.98427176937844e-14
JAK-STAT	DTX3L	8.35841869796418	3.19491013000091e-14
JAK-STAT	CNP	2.96065675756878	5.3510572580181e-14
JAK-STAT	SP140L	2.33786325395563	5.55992273872231e-14
JAK-STAT	APOL3	4.84500740179242	6.32522874361061e-14
JAK-STAT	CXCL11	15.0076627193311	1.79697666541877e-13
JAK-STAT	PLSCR2	1.50667120347462	1.90606613687444e-13
JAK-STAT	CASP4	2.42657748025015	2.15745455959061e-13
JAK-STAT	IL22RA1	1.82061694158941	3.4466694007792e-13
JAK-STAT	TRIM69	3.17312392394284	4.02670507399451e-13
JAK-STAT	TLR3	4.43123765374852	4.15970572830598e-13
JAK-STAT	PLEKHA4	2.32743966366065	4.62650482578247e-13
JAK-STAT	CXCL9	10.7047451206469	9.01991191251128e-13
JAK-STAT	WARS1	6.96351974965593	9.46193502228065e-13
JAK-STAT	GMPR	3.56016284449208	1.83215451532298e-12
JAK-STAT	SERPING1	3.24871558826121	2.3120353831004e-12
JAK-STAT	DUOX2	1.79591539592432	3.24104414694099e-12
JAK-STAT	TNFSF13B	4.95892943544397	4.01264721864533e-12
JAK-STAT	JAK2	2.68496840091687	5.79495979246809e-12
JAK-STAT	CASP7	3.43177390230457	6.91951279045355e-12
JAK-STAT	AIM2	4.58817691867637	7.13277058197134e-12
JAK-STAT	CASP10	1.36007040915029	9.43806802850211e-12
JAK-STAT	MLKL	5.45221129927214	1.20751722578368e-11
JAK-STAT	ANKFY1	1.49237431014359	1.42351187996906e-11
JAK-STAT	IL18BP	1.49457681954947	2.40102763474447e-11
JAK-STAT	TRAFD1	2.62859317916804	3.05566912498382e-11
JAK-STAT	BLZF1	1.96324856432198	3.24989194323744e-11
JAK-STAT	BCL2L14	2.12289286200719	3.38366125964371e-11
JAK-STAT	THEMIS2	3.21657444576421	3.79747512737976e-11
JAK-STAT	PARP10	1.83851212075108	4.52002924394815e-11
JAK-STAT	LGALS3BP	3.58913970734262	8.76803861907492e-11
JAK-STAT	ERAP2	2.67528645554049	2.13400636342609e-10
JAK-STAT	N4BP1	2.28696069449629	2.32811619806704e-10
JAK-STAT	IL15	4.2426394180329	2.85595759311509e-10
JAK-STAT	STARD5	2.94936501488196	4.62873777093182e-10
JAK-STAT	TRIM26	2.19947467926935	5.23092973082569e-10
JAK-STAT	ZCCHC2	2.19162726926418	6.54633825715838e-10
JAK-STAT	RASGRP3	2.61041123105287	7.66170071070284e-10
JAK-STAT	NUB1	1.85953937792532	8.46817828992952e-10
JAK-STAT	IFITM3	4.80334799906592	1.21489992022308e-09
JAK-STAT	HLA-F	2.72023151838017	1.2228538252246e-09
JAK-STAT	PLAAT2	1.28427200418393	1.23116485895991e-09
JAK-STAT	HLA-E	3.64825454555128	1.27949626366081e-09
JAK-STAT	SOCS1	2.6166277010482	1.36614468816508e-09
JAK-STAT	ZNF107	1.84406521719416	1.52987868728652e-09
JAK-STAT	ISG20	6.95319423135224	1.74380256647194e-09
JAK-STAT	TNFSF10	8.61412467886151	1.91560114809197e-09
JAK-STAT	IDO1	8.62017071055374	1.95816317279488e-09
JAK-STAT	LY6E	3.28294453584362	2.40588899217716e-09
JAK-STAT	REC8	1.16566896112357	2.80536027688589e-09
JAK-STAT	TENT5A	3.44047514524041	2.96612290566885e-09
JAK-STAT	CX3CL1	3.23439250133058	3.02455264042837e-09
JAK-STAT	DDO	1.13722528139765	3.15514447826992e-09
JAK-STAT	LGALS9	2.30229222787529	3.32543935429645e-09
JAK-STAT	IFITM2	3.82803589076192	3.53462292644813e-09
JAK-STAT	NAPA	1.92963604548411	4.42047195089454e-09
JAK-STAT	LGMN	2.63845291225204	4.5221573772071e-09
JAK-STAT	TRIM56	3.33639139039875	4.99299685998802e-09
JAK-STAT	GTPBP1	1.24833673359133	6.8430893984633e-09
JAK-STAT	PPM1K	2.98302561221233	8.22218297979515e-09
JAK-STAT	IRF1-AS1	2.23034252405172	8.36642853290207e-09
JAK-STAT	B2M	2.19404829413571	9.64729884931009e-09
JAK-STAT	DNPEP	1.37768540985881	1.01557095729111e-08
JAK-STAT	APOBEC3F	1.4227024188736	1.12209661479187e-08
JAK-STAT	PNPT1	5.93354157880813	1.19254980347898e-08
JAK-STAT	GCA	2.41540149547234	1.32420969530751e-08
JAK-STAT	XRN1	2.99282343255803	1.96133330750608e-08
JAK-STAT	LYPD5	1.54158908095066	1.96616142146646e-08
JAK-STAT	HDX	2.44937068704476	2.400715656771e-08
JAK-STAT	GBP6	1.78818652115164	2.68662818639516e-08
JAK-STAT	PDCD1LG2	2.81171252600302	2.96101376538427e-08
JAK-STAT	CD274	7.42555765504738	3.44604131116574e-08
JAK-STAT	CD47	1.80726371578693	3.52720784583047e-08
JAK-STAT	TLK2	0.955398377735279	3.83154218321997e-08
JAK-STAT	MOV10	2.73018092699496	4.10607505863179e-08
JAK-STAT	PLAAT4	5.97397035464304	4.26152212370892e-08
JAK-STAT	CASP1	3.19901335309468	5.65983152377694e-08
JAK-STAT	IL12RB2	2.46118974492571	6.88158018256326e-08
JAK-STAT	IRF2	2.90316755564263	7.16513680306566e-08
JAK-STAT	TYMP	2.65044931331682	7.39861798037672e-08
JAK-STAT	PABIR3	1.5074534513661	7.6804925619977e-08
JAK-STAT	GBP5	5.90745080835878	8.13349030456909e-08
JAK-STAT	IRF1	8.00507576882914	1.08197838551351e-07
JAK-STAT	SLFN12	2.05029831572187	1.32685426262592e-07
JAK-STAT	EDNRA	1.89157463094201	1.40984332305134e-07
JAK-STAT	CTNNBL1	1.32372667991578	1.46197824150594e-07
JAK-STAT	NOD2	1.93901449909731	1.47136037516072e-07
JAK-STAT	NOD1	1.1276132071636	1.50766729473191e-07
JAK-STAT	CBR3	2.20666756214255	1.6032473941593e-07
JAK-STAT	SIDT1	1.63185061592006	1.65491922593776e-07
JAK-STAT	BTC	1.55111823251825	1.76159185993542e-07
JAK-STAT	STX17	1.32739403160336	2.18214210299246e-07
JAK-STAT	GNB4	2.47444236302341	2.20178253809447e-07
JAK-STAT	CHMP5	1.96501545908456	2.39659305802651e-07
JAK-STAT	ART3	1.63880997670379	2.70032604880418e-07
JAK-STAT	UNC93B1	1.22559884699658	2.75626129632923e-07
JAK-STAT	IL15RA	3.79196643604058	4.54143218285391e-07
JAK-STAT	HAPLN3	2.52119123599396	6.40822159393339e-07
JAK-STAT	RBCK1	2.22315651766012	6.84643720098924e-07
JAK-STAT	RBM11	1.78555234510396	7.58838931818151e-07
JAK-STAT	FCGR1BP	2.02505492109931	8.90736720945946e-07
JAK-STAT	BTN3A3	3.18820571247357	9.73354982149826e-07
JAK-STAT	SP140	1.18738458258541	9.90559292332774e-07
JAK-STAT	CEACAM1	2.26906168747604	1.16333195225261e-06
JAK-STAT	IRF8	2.83461834033533	1.41516253082575e-06
JAK-STAT	PDZD2	1.7930818764069	1.5166368487171e-06
JAK-STAT	CALCOCO2	1.11302707663194	1.60722440102154e-06
JAK-STAT	RIPK1	1.71242671678197	1.88511819061028e-06
JAK-STAT	C1S	3.25368540674681	1.89841687651043e-06
JAK-STAT	USP42	1.18011786071	1.89931297238079e-06
JAK-STAT	CLN8	-1.25433355231948	1.92126008302864e-06
JAK-STAT	ADPRS	2.3557942850779	2.05838062742134e-06
JAK-STAT	CASP8	1.18042086739402	2.10524060017319e-06
JAK-STAT	TLE4	1.44420998172207	2.10878350045045e-06
JAK-STAT	PCGF5	1.69936440274235	2.25515874553684e-06
JAK-STAT	ZFYVE26	1.79429740814928	2.44287103542749e-06
JAK-STAT	CERK	-2.27618306911893	2.68337705006754e-06
JAK-STAT	GBP2	5.24854227522763	2.73754013545714e-06
JAK-STAT	FBXO6	3.27892428161723	2.82198547388808e-06
JAK-STAT	CFTR	-0.728588950053856	2.94867344160603e-06
JAK-STAT	GBP7	1.74017108663157	3.05570306373688e-06
JAK-STAT	RABGAP1L	1.18186594816603	3.10291215831969e-06
JAK-STAT	WDR25	1.0434209495816	3.28473265412793e-06
JAK-STAT	MSRB1	2.25377456579805	3.65503626038427e-06
JAK-STAT	DUOXA2	1.22830372600725	3.65604441709585e-06
JAK-STAT	UBD	4.0885390558481	4.06817619773757e-06
JAK-STAT	TRIM40	1.29306941896425	4.24305279777746e-06
JAK-STAT	FZD5	1.53300568391602	4.47213369955279e-06
JAK-STAT	ACO1	-1.43233060305437	4.61625415562689e-06
JAK-STAT	MAK	0.946902855365972	4.6933492642794e-06
JAK-STAT	NT5C3A	4.4062943600347	5.080422566623e-06
JAK-STAT	ODF3B	1.07300639351405	5.12057411504604e-06
JAK-STAT	C2	0.813295383879014	5.47221493711366e-06
JAK-STAT	TEX29	1.19217989654212	5.65151391089783e-06
JAK-STAT	SPATS2L	2.10084555295875	5.8217249432007e-06
JAK-STAT	ZBTB42	1.71571519982056	6.45898164239898e-06
JAK-STAT	GSDMD	1.46152107148253	6.73844774481185e-06
JAK-STAT	CD38	2.46368303105792	7.63642558438995e-06
JAK-STAT	VAMP5	1.37868921502678	8.37116168600451e-06
JAK-STAT	ACE2	1.66344401692205	9.20284013315841e-06
JAK-STAT	RUBCN	0.846056508272459	9.49558248139956e-06
JAK-STAT	IL7	2.13288918257623	9.67513284502677e-06
JAK-STAT	CNDP2	1.16877925357057	9.74634329329641e-06
JAK-STAT	C4orf33	1.2393815047857	1.00703565247234e-05
JAK-STAT	SCARB2	1.15501197022663	1.06344306218073e-05
JAK-STAT	EHD4	1.7021655849975	1.17085153684443e-05
JAK-STAT	ASB1	-0.936020750457348	1.17277907755627e-05
JAK-STAT	PSMB10	3.34695013307491	1.28447846280338e-05
JAK-STAT	NDUFA9	1.39475984501296	1.45892093621016e-05
JAK-STAT	MCUB	1.93651619673073	1.58382300826395e-05
JAK-STAT	MS4A6E	0.975570358406961	1.61751277580256e-05
JAK-STAT	ACKR4	1.59909523056564	1.65845656338668e-05
JAK-STAT	C1R	3.40648672109127	1.73374698419427e-05
JAK-STAT	TMEM106A	1.49169234644013	2.04952602361882e-05
JAK-STAT	TASL	1.14675111903934	2.13012410131949e-05
JAK-STAT	BTN3A1	1.76562879487133	2.20823617701537e-05
JAK-STAT	SHISA5	1.57434602720062	2.34261252048947e-05
JAK-STAT	CXorf38	1.6403890745536	2.38353341181565e-05
JAK-STAT	PHACTR4	1.69427958689863	2.39529461514267e-05
JAK-STAT	CTSS	3.05035224183072	2.51825210204482e-05
JAK-STAT	SNX6	1.32726430543987	2.68667712355891e-05
JAK-STAT	SLC10A1	-0.755029886736772	2.69177304207574e-05
JAK-STAT	ZNF589	-0.898580863403348	2.7907364146229e-05
JAK-STAT	HLA-DOB	0.842862322399455	2.94186266448985e-05
JAK-STAT	DPEP2	-1.23229983715625	3.31964118061352e-05
JAK-STAT	SFT2D3	-0.865171163797403	3.73286233032062e-05
JAK-STAT	HLA-C	3.36141129232998	3.75020385054909e-05
JAK-STAT	MOB3C	2.42152585904718	3.7990158728043e-05
JAK-STAT	UBQLNL	0.81923251678082	3.88092063251311e-05
JAK-STAT	FGFR2	-0.695430159150864	3.97941086013801e-05
JAK-STAT	CFH	1.75522814502917	4.25126066819366e-05
JAK-STAT	RNF31	0.980278318744633	4.26510351805668e-05
JAK-STAT	ETV6	1.40639888477863	4.36889136968598e-05
JAK-STAT	CCL8	5.92669601568556	4.68311669654831e-05
JAK-STAT	STK3	0.945274071112963	4.88412085310808e-05
JAK-STAT	RIPK2	2.49727849592847	5.06803579114351e-05
JAK-STAT	PROCR	1.94867873373977	5.26709041582698e-05
JAK-STAT	PSME2	4.54191276243665	5.32274256438498e-05
JAK-STAT	GIMAP2	3.06369536400048	5.57296834418479e-05
JAK-STAT	CDHR3	-0.803942051594298	5.63704634413139e-05
JAK-STAT	RNF19B	3.46792847582482	5.88098579150859e-05
JAK-STAT	GYS2	-0.731500855516024	5.93551342431103e-05
JAK-STAT	SERPINB1	1.73410439237952	6.19389006639514e-05
JAK-STAT	HSH2D	2.19534889422529	6.31749239014035e-05
JAK-STAT	PHF20	-0.731294588029606	6.80842587453564e-05
JAK-STAT	LRP6	-0.994945292742734	6.92516941719991e-05
JAK-STAT	FAM172A	-1.56554695649995	7.13211987689824e-05
JAK-STAT	CD74	1.8198226838344	7.28084527585241e-05
JAK-STAT	STOML1	0.656433463937899	7.41636459878918e-05
JAK-STAT	ABHD16A	0.894407472139938	7.44972715878764e-05
JAK-STAT	NUDCD1	2.26593227045566	7.53269388965122e-05
JAK-STAT	ASPHD2	1.75159821831	7.68144100457832e-05
JAK-STAT	MMAA	0.978408058393149	7.76267032303612e-05
JAK-STAT	UBA6	0.964396677633092	8.02968049522833e-05
JAK-STAT	CCL18	1.06746555369855	8.50292796150447e-05
JAK-STAT	STAP1	1.21504027853316	8.91425412270072e-05
JAK-STAT	GRAPL	-0.655847191496736	9.0479101610016e-05
JAK-STAT	NFIA	-1.42204029090904	9.12332311495379e-05
JAK-STAT	CXCL10	15.3266333118269	9.69897458624846e-05
JAK-STAT	HLA-DRA	2.29003481426703	0.00010209533752287
JAK-STAT	HLA-G	1.92261543129023	0.00010295122677186
JAK-STAT	PSMA4	1.47294483870847	0.00010327193781564
JAK-STAT	NAT8B	0.573711445040812	0.0001100764772699
JAK-STAT	ALPK1	1.05064404662332	0.00011027539629656
JAK-STAT	PSMA3	1.23552045566446	0.00011618652868326
JAK-STAT	ZHX3	-0.738753304840837	0.00011899673806935
JAK-STAT	ZNF850	-2.15803571906226	0.00012211507250679
JAK-STAT	TNFRSF10D	-1.51098087291057	0.0001302638155099
JAK-STAT	DSG1	-0.858554777456211	0.00013657280357549
JAK-STAT	TICAM1	1.33964276694441	0.0001438189799838
JAK-STAT	USF1	1.02464696404801	0.00014672522051166
JAK-STAT	ZNF620	0.828923036735585	0.00014886382581936
JAK-STAT	DSC1	-1.30906811944142	0.00014888704623578
JAK-STAT	PIK3AP1	1.93943777542282	0.00015442953959411
JAK-STAT	DNAJA1	2.25456173137206	0.00016061611595031
JAK-STAT	BAZ2A	0.583724727517938	0.00016426457781532
JAK-STAT	ATP10A	1.14064645424375	0.00016557209185772
JAK-STAT	CEP97	-1.01203674799091	0.00016870801281436
JAK-STAT	CPEB3	0.929022507222998	0.00018282361822075
JAK-STAT	FMR1	1.30775964728949	0.0001836808557136
JAK-STAT	DCP1A	1.63210848111102	0.00018743074905425
JAK-STAT	TMEM168	-1.30868569997204	0.00019028351694183
JAK-STAT	PSME1	2.28925126162533	0.00019052036520083
JAK-STAT	BTN3A2	2.22246004386284	0.00019338790970671
JAK-STAT	ANGPTL1	1.22174607272775	0.00019695990374072
JAK-STAT	LMO2	1.64752432940812	0.00019906453040007
JAK-STAT	RP2	1.12555244858592	0.00019909177194764
JAK-STAT	OR51L1	1.18617608425939	0.00019956576694895
JAK-STAT	CTRL	0.755487489273673	0.00021817870497533
JAK-STAT	DYNLT1	1.69257409766759	0.00021865438605021
JAK-STAT	BCL2L13	0.815444247356436	0.0002206989398897
JAK-STAT	GTF2B	1.49204689544948	0.00022257773598954
JAK-STAT	LGALS8	1.13810327429276	0.0002233705555952
JAK-STAT	SBNO1	-0.691958646670345	0.00023351692676928
JAK-STAT	PDZD8	-1.31261869094606	0.00028312998479562
JAK-STAT	AZI2	1.03771213771541	0.0002867158358867
JAK-STAT	STEAP4	2.14465606764892	0.00029521020236225
JAK-STAT	ATPSCKMT	-1.40885320362538	0.00030068004349252
JAK-STAT	PARP8	1.22710531402483	0.000304359685856
JAK-STAT	LYN	1.98792641233831	0.00031717354930645
JAK-STAT	SBNO2	0.996194249836824	0.00032567871864355
JAK-STAT	MED25	0.62451390659188	0.00034116262125622
JAK-STAT	KLF12	-0.654910087669989	0.00034877742208254
JAK-STAT	CDC14A	-0.6394662658208	0.00034999094698403
JAK-STAT	OTUD4	1.00811294642746	0.00035190523985446
JAK-STAT	FRMD4B	0.895877610038165	0.00036365475525615
JAK-STAT	CIITA	0.691843935232116	0.00037388438408666
JAK-STAT	RFX5	1.44012356486993	0.00037745909053754
JAK-STAT	GNG5	1.09223297282199	0.00038958554869767
JAK-STAT	PGLYRP4	0.790559494093491	0.00039332760809077
JAK-STAT	C6orf62	1.316329537829	0.00039468255653971
JAK-STAT	SCLT1	1.45115888186068	0.00040758916444573
JAK-STAT	PSMA2	1.09564271467337	0.00041047847892864
JAK-STAT	LRRC3	0.830935529696138	0.00041524816375366
JAK-STAT	DNAAF11	-0.85171957135253	0.00043736416699567
JAK-STAT	ZNF677	-0.684555028585934	0.00043923838532767
JAK-STAT	TAPBPL	1.65188886019077	0.00044084936611958
JAK-STAT	NUDT3	-0.947747736329817	0.00044169478431866
JAK-STAT	MDGA1	0.695397726727766	0.00044289579775728
JAK-STAT	TRIP11	-0.734435212661733	0.00044340300011258
JAK-STAT	MPHOSPH9	-1.32805543076143	0.00044584237598383
JAK-STAT	HLA-B	3.75110710449474	0.00044799834009824
JAK-STAT	ZNF568	-0.604404685853746	0.00046740431077348
JAK-STAT	INTS12	1.13058952918117	0.00047356564710597
JAK-STAT	SCO2	1.44528181193993	0.00047479688918428
JAK-STAT	TTC3	-3.05669312874976	0.00049435169956015
JAK-STAT	VSIG10L	1.5233889962483	0.00050851513974488
JAK-STAT	DYNC2H1	-0.880071495652648	0.00051116872451768
JAK-STAT	STAT3	1.25245746019069	0.00052077976223912
JAK-STAT	CAND2	0.652443036284362	0.00052643150777358
JAK-STAT	PI4K2B	4.13725782302042	0.00053085421099745
JAK-STAT	GPATCH11	-1.79980828841281	0.00053431103001382
JAK-STAT	SOCS3	1.91448309565082	0.00053725479095291
JAK-STAT	C3orf18	-0.65346391214299	0.00056057522443532
JAK-STAT	KIAA0040	1.70533829305567	0.00056109209248316
JAK-STAT	SCN8A	-0.466436041495421	0.00056335810791776
JAK-STAT	ARHGAP20	0.919300843665103	0.00058058462381728
JAK-STAT	CD164	0.998280689382913	0.00058628727287305
JAK-STAT	MYCBP2	0.967730693336041	0.00063041511764382
JAK-STAT	IL1RN	1.99140842426965	0.00063794208688835
JAK-STAT	SCYL3	1.21822601445736	0.00064141481734802
JAK-STAT	APPL2	-1.4976149049486	0.00065161450983081
JAK-STAT	KRT1	-1.03969399942174	0.00065551681296535
JAK-STAT	LHFPL7	-0.955361803395206	0.00065920475231416
JAK-STAT	STUM	-0.442057008866277	0.00066276505875398
JAK-STAT	NBN	1.59930192835603	0.00066446340438109
JAK-STAT	CEP290	-0.751393708266502	0.00066613601524254
JAK-STAT	ZNF808	-1.07999860472821	0.00066927085245507
JAK-STAT	NECTIN2	1.07649615007608	0.00067506670777864
JAK-STAT	UBFD1	0.89053042490704	0.0006796983813879
JAK-STAT	GBP3	4.1008124819087	0.00069679783663843
JAK-STAT	UGT2B10	-1.80809049939304	0.00070147424608599
JAK-STAT	CCDC68	1.29287349509624	0.00070460826212687
JAK-STAT	ZNF248	-0.870747197945244	0.00070675753991011
JAK-STAT	ATXN2	-0.862010461906671	0.00071164749827713
JAK-STAT	HAO2	-0.461091741144504	0.00071872164315128
JAK-STAT	BAK1	1.33562145408559	0.00071872465089303
JAK-STAT	ADGRA3	-0.98415784908708	0.0007266463386155
JAK-STAT	HBB	-0.705329929163588	0.0007288621857473
JAK-STAT	HCP5	1.4103257304184	0.00073850457200358
JAK-STAT	MAP2	1.43294931566413	0.00074310033843988
JAK-STAT	SPANXN4	-0.791185930215515	0.00075527276350345
JAK-STAT	EML5	-0.785662525788351	0.00075680049573565
JAK-STAT	CHD9	-0.897239090245086	0.00077459028962849
JAK-STAT	PTGDR	-0.414448748280531	0.00077971176776367
JAK-STAT	PATL1	1.31590250426286	0.00078147814576325
JAK-STAT	CGAS	1.45524260201955	0.00079792530870206
JAK-STAT	CLDN23	1.00019609986438	0.00082112109769158
JAK-STAT	MPP7	-1.26055798407621	0.00082450195878688
JAK-STAT	CSNK1G1	0.75260786579475	0.00082535783849227
JAK-STAT	ANKRD62	0.850380355909394	0.00083371176410673
JAK-STAT	KCT2	0.940331983702418	0.00083681937794737
JAK-STAT	PIK3C2G	-0.667411988191478	0.0008451168511838
JAK-STAT	TGFBRAP1	-0.873279924547774	0.0008628485441274
JAK-STAT	FLT3LG	0.997203795326159	0.00087086520896671
JAK-STAT	TTC39B	1.24051739121041	0.00088825225743856
JAK-STAT	MAB21L2	0.80190881342157	0.00089453769337253
JAK-STAT	SLC6A14	1.69333921861813	0.00091420749149752
JAK-STAT	EXPH5	-0.951089465855156	0.00096200149540763
JAK-STAT	FBXO39	0.594759867118792	0.00098148392787944
JAK-STAT	ANKRD22	2.18158849647997	0.00102230597928834
JAK-STAT	VPS9D1	0.913626807281075	0.00104807297922941
JAK-STAT	TAS2R31	-2.37682312214886	0.00105092918275966
JAK-STAT	ZMYND11	-0.737952044211099	0.00105755547255516
JAK-STAT	SPSB1	1.71025200744553	0.00106256618714264
JAK-STAT	SLC38A5	2.02720965435957	0.00107476161233308
JAK-STAT	ACSM5	0.456463424118863	0.00109121954072125
JAK-STAT	CCR8	0.588365471285052	0.00109186628087632
JAK-STAT	RBM43	1.75293384386047	0.00110775606169245
JAK-STAT	CHP2	-0.494915334561163	0.00111815258568561
JAK-STAT	SPTLC2	0.8367000265337	0.00113346941697996
JAK-STAT	APOBEC3D	0.690967451091799	0.00113908559853349
JAK-STAT	ZNF10	-0.645119874791251	0.00116693617316965
JAK-STAT	UBA7	3.12177833681948	0.00118196398241009
JAK-STAT	CCND3	1.20689149145072	0.00118798844523752
JAK-STAT	STX11	1.83412562113068	0.00119993377260749
JAK-STAT	UGT3A1	-0.515898604265643	0.00120242824166093
JAK-STAT	CLEC2B	1.46441837350901	0.00121775774133744
JAK-STAT	AKAP9	-0.961557191164834	0.00124424384366626
JAK-STAT	CREM	1.32806459914787	0.00124851483141442
JAK-STAT	CARD11	0.70480264705035	0.00127132718138197
JAK-STAT	TAS2R19	-0.646026948144228	0.00127609095550836
JAK-STAT	LRRTM2	0.791823199397492	0.00129865032764881
JAK-STAT	SIK2	-0.657935028232196	0.0013212437393854
JAK-STAT	TTC38	0.59241203238478	0.00132423934657995
JAK-STAT	DAPP1	1.22967265374496	0.00134757454759358
JAK-STAT	HELB	1.03472750313845	0.0013583042774773
JAK-STAT	GPR180	1.52295266558202	0.0013669159660598
JAK-STAT	IFNLR1	0.849695834483551	0.0013811916082065
JAK-STAT	ERAP1	0.932433222649316	0.00138137532168968
JAK-STAT	HNRNPA0	-0.983474876497639	0.00138301725232443
JAK-STAT	CYREN	-0.994014321352812	0.00139479641622141
JAK-STAT	F13B	-0.560883977848719	0.00140388830443303
JAK-STAT	LGI1	-0.654684062410292	0.00140412303403541
JAK-STAT	S1PR1	-0.933922188405499	0.00140482772278337
JAK-STAT	IFI30	5.56932940690954	0.00141214064353509
JAK-STAT	KRT24	0.714767047122741	0.00141995518581737
JAK-STAT	OCR1	-0.954900229340179	0.00142947016078884
JAK-STAT	SOS2	-0.896230432478105	0.00144632818135315
JAK-STAT	MAD2L1BP	0.867203407593607	0.00145577804846735
JAK-STAT	PREPL	-1.02065135836524	0.00146315702507241
JAK-STAT	JADE2	0.974592560951281	0.00146669465816272
JAK-STAT	IL36RN	0.656127173068543	0.00148865697090106
JAK-STAT	P2RY8	-1.33568434509506	0.00153183381462461
JAK-STAT	APC	-0.744404919220233	0.00153412828115591
JAK-STAT	DYRK4	0.921024733084624	0.00153487872381961
JAK-STAT	LRCH2	1.52019685703301	0.00153846060331985
JAK-STAT	TAS2R20	-1.80328178525842	0.00156246749871029
JAK-STAT	FLVCR2	0.949704172636102	0.00156272041294061
JAK-STAT	NNMT	1.82450059849134	0.0015715151502654
JAK-STAT	RDH16	-0.580866980271048	0.00159806045697679
JAK-STAT	ZRSR2	0.649226571608274	0.00160875837884176
JAK-STAT	CASD1	-0.765835894775743	0.00161838162643178
JAK-STAT	C1QB	0.691862843762706	0.00169419092076759
JAK-STAT	CHRNA6	0.675265098880416	0.00170152179603512
JAK-STAT	AKAP11	-0.868171668508183	0.00170468476399156
JAK-STAT	CD52	-0.780835345994639	0.00171006198508117
JAK-STAT	ELF1	1.37551124233005	0.00171269350663785
JAK-STAT	RNASE10	0.66603924925877	0.00171536272216627
JAK-STAT	MAPKAPK5-AS1	-0.924312523254881	0.00172526213691732
JAK-STAT	ZFP37	-0.806179437483615	0.00173932431220464
JAK-STAT	CTSO	1.71888889085184	0.0017407079790937
JAK-STAT	PPA1	1.41937419921991	0.00179149216829513
JAK-STAT	CYTH1	0.80658021125734	0.00181445697594046
JAK-STAT	CLUHP3	0.778936914464377	0.00181638704518041
JAK-STAT	FAM20A	1.20111323083241	0.00181767820953183
JAK-STAT	SLC17A3	-0.554232543383212	0.00182829761878528
JAK-STAT	FAS	2.08124780207377	0.00183184702361047
JAK-STAT	VSNL1	1.31745162426812	0.00184366785370417
JAK-STAT	HS3ST1	0.887836744130636	0.00186007612519886
JAK-STAT	RALA	1.38619087316413	0.00186729306335122
JAK-STAT	TAT	-0.406810405580628	0.00188831449068307
JAK-STAT	OSBPL8	-1.00605709337261	0.00189410775645542
JAK-STAT	AGAP1	-0.990159946571717	0.00191438294338438
JAK-STAT	ATM	-0.94251969308758	0.00194153619851186
JAK-STAT	FAHD2A	-0.557301338216886	0.00194202428075044
JAK-STAT	PBX3	-1.24948427646368	0.0019435222894815
JAK-STAT	HM13	0.791594204272332	0.00196075004056978
JAK-STAT	PRRG1	1.13909659986663	0.00197296940875164
JAK-STAT	PARP4	1.15495651957347	0.0019768846366249
JAK-STAT	CCDC66	-0.912085382532977	0.0019966940040005
JAK-STAT	NOS2	0.509322940809991	0.00200453089436206
JAK-STAT	ARHGAP35	-0.711127717605919	0.00202335113922161
JAK-STAT	C1QC	0.714163764168211	0.00202487125295544
JAK-STAT	PGAP4	-0.825979638216593	0.00203598746691906
JAK-STAT	PABPC4	-1.02938470038677	0.0020459995114512
JAK-STAT	ANKMY1	-0.335127068341547	0.00205453576557623
JAK-STAT	NAT8	1.74637040621789	0.00206217746245248
JAK-STAT	KRT78	0.637260010509931	0.00207863781607991
MAPK	DUSP6	16.8590158280176	3.15910541810527e-59
MAPK	SPRED2	3.50183464102223	7.19495491980882e-50
MAPK	SPRY2	9.48158474811891	9.19739104487637e-43
MAPK	ETV5	5.98870960594422	6.74253504674831e-41
MAPK	EPHA2	6.31401244666076	3.74920021328617e-40
MAPK	PHLDA2	3.85823865379557	4.63978385044658e-39
MAPK	FOSL1	9.00052230863295	8.12449433093338e-38
MAPK	SPRY4	10.1144705371691	4.27131331615127e-37
MAPK	DUSP4	7.80481595969638	8.2419122522014e-37
MAPK	SLCO4A1	4.08453814362535	3.74652221500597e-33
MAPK	ETV4	5.29378397860542	1.48356719252243e-32
MAPK	PHLDA1	7.04528922892108	1.56106339852094e-32
MAPK	ETV1	3.56346478875676	6.97255413260939e-31
MAPK	TMEM59	-2.26427296258465	1.0172040172976e-30
MAPK	SLC20A1	6.81035296711078	1.84159037394936e-30
MAPK	DUSP5	7.92003014258316	1.99542040303392e-30
MAPK	STX1A	2.21515121358096	2.01708205086685e-30
MAPK	ELK3	2.9961403928388	6.02065069122607e-30
MAPK	NT5E	5.83888139082194	2.31974630928703e-29
MAPK	PHC2	2.39540102391319	5.05139937444588e-29
MAPK	C11orf71	-2.36675761284733	1.48096690358258e-28
MAPK	GABARAP	-2.96166378554828	5.83724284939034e-28
MAPK	SPRED1	6.20994824376467	1.11465428706954e-27
MAPK	TCOF1	2.21157805492884	4.91681763049188e-27
MAPK	BZW1	2.78108543054007	5.73016680458139e-27
MAPK	CCND1	6.26301160545996	1.6304232319251e-26
MAPK	AREG	4.9322864163768	1.65080345973779e-26
MAPK	UBA2	2.07987848790322	3.18110965272804e-26
MAPK	TNFRSF10A	5.17304432686464	4.98993695764113e-26
MAPK	PWP2	1.33221219929849	1.07424038855632e-25
MAPK	PNP	4.91046403239136	1.18798601898198e-25
MAPK	ECH1	-2.28974208361921	1.33225930823261e-25
MAPK	SH3BGRL	-2.72344650934606	1.55800019786197e-25
MAPK	PBLD	-1.97768378296481	1.64214561831968e-25
MAPK	TRIB1	4.1829430716292	1.73725217374978e-25
MAPK	GPR3	1.63082925966816	1.94887522430881e-25
MAPK	NNT	-1.81972821544713	2.18564514665958e-25
MAPK	HMGA2	3.72797107304941	3.08340198504703e-25
MAPK	POLR3G	2.8294839761781	3.77679026985389e-25
MAPK	STX8	-1.10640642473181	7.36972131695411e-25
MAPK	YRDC	3.62564642925459	7.8240988030993e-25
MAPK	DCBLD2	3.37151568478737	1.06903774599373e-24
MAPK	SCPEP1	-1.9325651044928	1.57207599437223e-24
MAPK	SLC35F2	2.85098200227271	1.89162920030642e-24
MAPK	BDH2	-2.49659086794075	1.94515807567677e-24
MAPK	ASB8	-1.69399615351741	2.02955158540568e-24
MAPK	LRP8	4.51300427600781	2.43356146262504e-24
MAPK	PIK3C2B	-2.75268657283763	4.87193800131825e-24
MAPK	AEN	3.21611826452391	4.92653620775666e-24
MAPK	DAZAP2	-1.40779498255426	9.26458119151555e-24
MAPK	TOP1	3.63340880084587	1.05602452900478e-23
MAPK	ENTR1	1.56415367684619	1.45789312553329e-23
MAPK	TRIM52	-2.20119038690844	2.06192885393132e-23
MAPK	CDCA4	3.01028126156975	5.20347207329666e-23
MAPK	TNS3	-2.72646381305986	5.36673324616659e-23
MAPK	TMUB2	-1.67381617986947	5.6808718504372e-23
MAPK	FERMT1	2.33370465546028	6.62299102894745e-23
MAPK	ARHGEF17	-1.39689109122884	7.66663814142724e-23
MAPK	SLC4A7	2.70949499395691	8.93391661567443e-23
MAPK	MAN2B2	-1.91760613723522	1.01452093701302e-22
MAPK	PRCP	-1.27868444112129	1.34123066404915e-22
MAPK	GRPEL1	2.66946875266487	2.0759603587402e-22
MAPK	SIRT2	-1.32328313678571	2.07701004860221e-22
MAPK	RAB26	-3.4389782720449	2.19826042143678e-22
MAPK	XRCC3	1.5437565622297	2.2890195545287e-22
MAPK	E2F3	2.03434847548691	2.51742580126524e-22
MAPK	PRNP	2.59731080726985	2.99589956308836e-22
MAPK	FAM149B1	-1.34234232250798	3.54959309656484e-22
MAPK	SIDT2	-2.75271087544008	4.14922987373383e-22
MAPK	LAMB2	-2.39287963748878	5.9644440121122e-22
MAPK	LDLR	3.07391098575529	6.68291274843383e-22
MAPK	ZBTB3	-1.56916397321037	7.92222277737148e-22
MAPK	MCL1	3.01286499570434	9.06999876236061e-22
MAPK	ZSCAN31	-3.3278642206561	9.53459494936012e-22
MAPK	WDR3	2.29911529903853	1.09263219945264e-21
MAPK	RAB5B	-2.08045064211124	1.14068690789038e-21
MAPK	CBFB	2.33999820545757	1.37284872731544e-21
MAPK	MCMBP	1.88755073514293	1.51458931473896e-21
MAPK	MCCC1	-1.92267632737533	1.70083547776879e-21
MAPK	SRP14	-1.5944123429577	1.82748382750984e-21
MAPK	SPG11	-1.33788368473598	1.92314108856064e-21
MAPK	MIER2	0.956640357357573	1.92809354692142e-21
MAPK	KRR1	1.46170719355327	1.96804097964014e-21
MAPK	NUP50	1.77471073483581	2.11475288565079e-21
MAPK	GATAD2A	1.3592381882946	2.12659230303188e-21
MAPK	BRIX1	2.86674906007426	2.19982065515885e-21
MAPK	FMO5	-1.49724165656977	2.25801686647268e-21
MAPK	MGST3	-1.45283168172918	2.59610381887105e-21
MAPK	KIAA1522	-2.29989865248777	2.61474425241694e-21
MAPK	UBASH3B	4.96762401165282	2.84803327448916e-21
MAPK	DUSP7	2.45250826338135	2.91636394318624e-21
MAPK	PBX1	-2.99961326480848	2.94598311546324e-21
MAPK	RNF138	2.35574220744453	3.50978194637612e-21
MAPK	KMT5A	1.74097481250001	3.87106708842843e-21
MAPK	STK17A	2.94056687733242	4.30833971404471e-21
MAPK	SMURF2	3.03016176251486	4.33717808716804e-21
MAPK	HMGA1	2.86870568230899	4.96161173481671e-21
MAPK	MPHOSPH6	2.24262157537091	5.01073677020542e-21
MAPK	PALS2	2.24262157537091	5.01073677020542e-21
MAPK	DNASE2	-1.82182041633701	5.06233808264059e-21
MAPK	CAPN15	1.45620021059426	5.0723793219191e-21
MAPK	TEX10	1.77199210333003	6.3134705089197e-21
MAPK	TAF1A	3.2145150433205	6.38978089647091e-21
MAPK	KCTD5	1.63139209137689	6.76735773016884e-21
MAPK	MMP1	8.5191677719855	7.4129337278784e-21
MAPK	QSOX2	2.01603608021989	8.29665136430211e-21
MAPK	GTPBP4	3.05336270776193	8.43236380644926e-21
MAPK	METTL7A	-2.49081984170339	1.12481172513705e-20
MAPK	SH2B3	4.25369863416929	1.13610827429677e-20
MAPK	RNF126	1.77158172343616	1.4047612645611e-20
MAPK	LIF	5.91795636876339	1.60569896451496e-20
MAPK	TSR1	1.91480143513225	1.99690152391354e-20
MAPK	RRAGC	-1.52510290772743	2.33238834781377e-20
MAPK	RRP1	1.27542182510484	2.56099487691514e-20
MAPK	TOM1	-1.77947647642513	2.67215605861405e-20
MAPK	KANSL1L	-1.52305150117824	2.69583865668419e-20
MAPK	SELENOP	-3.16271719595473	2.89007880828816e-20
MAPK	MSRB2	-1.76433623689424	3.21380966588224e-20
MAPK	NIP7	3.41187013415959	3.27955346017395e-20
MAPK	MCFD2	1.69195404894428	3.92357509641382e-20
MAPK	ANXA4	-3.31038023516912	4.14690890567699e-20
MAPK	DGLUCY	-1.58230232637732	4.34184232692489e-20
MAPK	SERPINB8	2.1266019923123	4.48724570510923e-20
MAPK	SYNPO	-2.03704819278916	4.53444429630524e-20
MAPK	SLC25A32	3.67013380399773	4.73728985906585e-20
MAPK	VPS13C	-1.4671249550175	5.17838799457788e-20
MAPK	EGR1	8.15215186144385	5.26123230818373e-20
MAPK	VPS39	-1.6748103100975	5.47148244549789e-20
MAPK	BSDC1	-1.21254092725353	7.1529051413568e-20
MAPK	NMRK1	-1.84321372337172	7.56581995977089e-20
MAPK	ACOT8	-1.08811278764076	7.92058448951036e-20
MAPK	DDX21	4.09370305475237	7.9579949248945e-20
MAPK	CCDC86	3.209569186473	8.17022239181637e-20
MAPK	USP36	1.6807789578381	8.26778790366869e-20
MAPK	RASSF8	1.42937833654768	8.39565335275837e-20
MAPK	PUM3	2.01260122774587	8.52653809390934e-20
MAPK	QTRT2	1.55159791880967	9.69981801911747e-20
MAPK	DCTN3	-1.59230096998093	1.11388606362434e-19
MAPK	POLR1G	2.69026691816574	1.16163359201631e-19
MAPK	CAT	-1.9278254441647	1.19292610224913e-19
MAPK	TNFRSF12A	5.03300082054558	1.39348443085871e-19
MAPK	PITPNC1	2.43237589743792	1.4939327178189e-19
MAPK	ARMCX3	-2.23185802526519	1.5686795098962e-19
MAPK	HADHB	-1.82170818679396	1.99169369788978e-19
MAPK	ARMCX6	-0.968817104388396	1.99237972555904e-19
MAPK	EIF4E	1.63537628429116	2.03211634691751e-19
MAPK	PDSS1	2.60815368400969	2.05994416860628e-19
MAPK	NPAS2	2.78720983066664	2.13771519765811e-19
MAPK	SGSM3	-1.00127666885948	2.22107900629765e-19
MAPK	PLK3	2.30392062395173	2.42565988940157e-19
MAPK	SSBP2	-2.28303038434219	2.60476216339109e-19
MAPK	DBP	-1.89940749217554	2.68601536604248e-19
MAPK	MRGBP	1.60868650730154	2.77135920007553e-19
MAPK	PLPP1	-2.91913129936645	2.88972644003992e-19
MAPK	H2AC6	-5.5759893507703	3.22580077160481e-19
MAPK	UBIAD1	1.35948087323522	3.41464079212387e-19
MAPK	ITFG1	-1.3133840992121	3.52050893572633e-19
MAPK	TEX30	2.74604249730403	3.88509070772978e-19
MAPK	RABGAP1	-1.16529732938857	4.02906721894098e-19
MAPK	ATP6AP1	-1.7576444991468	4.21393043943354e-19
MAPK	NUP153	1.50488738617441	4.58875546234391e-19
MAPK	CTSD	-2.49867884435031	4.83426717250233e-19
MAPK	EPS8L2	-1.47915242855475	4.98631753616416e-19
MAPK	PSAP	-2.63125547848128	5.52830781168695e-19
MAPK	TRADD	-1.16130876415565	5.85977537081538e-19
MAPK	GSTK1	-2.59482252638597	6.01239139429707e-19
MAPK	CTSA	-2.5676702887056	6.23953754775871e-19
MAPK	GALT	-1.34845434439797	6.31728904482866e-19
MAPK	SELENBP1	-3.20196464456782	7.05321039953511e-19
MAPK	CSAD	-1.27378093345411	7.49873044148273e-19
MAPK	CHD3	-1.52153315053007	7.81446457673784e-19
MAPK	MYEOV	1.72322427656755	7.88166001674458e-19
MAPK	BLM	3.16774304666941	1.00209568365406e-18
MAPK	SH3TC2	1.53734402331916	1.02041941573346e-18
MAPK	MAK16	3.17021252348607	1.04801320490579e-18
MAPK	SLC25A15	2.46141282612794	1.10505350060751e-18
MAPK	IER2	4.29302045450059	1.18898572233633e-18
MAPK	PVR	1.66654642660267	1.34416310502502e-18
MAPK	SSH3	-1.33291638505267	1.39909512057824e-18
MAPK	ODC1	4.55737300826033	1.40834376450567e-18
MAPK	BBS9	-1.11917001927743	1.61770429864963e-18
MAPK	POLR1E	1.72941478431062	1.6376228817998e-18
MAPK	TOMM34	1.81393052913268	1.93077626503735e-18
MAPK	DYNC2LI1	-1.35886417812358	1.94608925035923e-18
MAPK	TOX4	-0.886210605189193	1.96279888595721e-18
MAPK	GPX4	-2.05898064525943	1.98794961435354e-18
MAPK	RFWD3	2.77443775270676	1.99692669001788e-18
MAPK	ITGA6	2.76986247841336	2.04561707076557e-18
MAPK	H2BC21	-3.99057114063341	2.28648877995201e-18
MAPK	LONRF3	1.9933114335134	2.30036141816067e-18
MAPK	SEH1L	2.76213925898765	2.30089468003709e-18
MAPK	KIF13A	-1.48618401188131	2.30349066774876e-18
MAPK	TRMT6	3.89974181504628	2.60928497575244e-18
MAPK	ANO1	2.09765371248351	2.66873633414513e-18
MAPK	PIK3IP1	-2.11656625109539	2.72428187157925e-18
MAPK	B3GALT4	-1.26393188074007	2.90065960851449e-18
MAPK	CRY1	2.95479712187919	3.09463311638794e-18
MAPK	ZNF350	-1.20328042061877	3.24165826887478e-18
MAPK	NLE1	1.72256663203328	3.2458599239147e-18
MAPK	TMEM219	-1.82805339979358	3.25033256426202e-18
MAPK	UBE2S	3.71364727524179	3.31050394769732e-18
MAPK	RWDD2A	-1.50882256161137	3.32108247822818e-18
MAPK	GART	1.6032406798841	3.73318560128602e-18
MAPK	FASTK	-0.873710328188253	3.97646833563429e-18
MAPK	PPAT	2.13451240725966	3.97739947599826e-18
MAPK	NOC3L	2.90164897440811	4.24120035972589e-18
MAPK	IPO7	1.79378665261401	4.31247363696816e-18
MAPK	MAGOHB	1.73749779258698	4.42779756601896e-18
MAPK	NDUFAF4	2.74099809818747	4.60870368485453e-18
MAPK	SLC45A3	1.74236471049245	4.90549306360299e-18
MAPK	WDR74	1.72295746991546	4.91452880238599e-18
MAPK	URB2	2.65793256190829	5.07396074857795e-18
MAPK	CRYZL1	-1.27978973237151	5.20179041191984e-18
MAPK	LAMP2	-2.06611800509515	5.39732371001866e-18
MAPK	ABHD4	-2.35783678189547	5.77115458265991e-18
MAPK	PFDN2	2.72733253871935	6.10705951111641e-18
MAPK	SLC16A4	-3.32257439032954	6.35895983236949e-18
MAPK	FIP1L1	1.58276838168337	6.37513258113116e-18
MAPK	FJX1	2.93368144143752	6.45430904968373e-18
MAPK	CLU	-2.16686485851276	6.74584181158825e-18
MAPK	FOXD1	1.88353669767612	6.81942348402775e-18
MAPK	IFT81	-1.57574152910203	6.94094141487909e-18
MAPK	BBS1	-1.30723482107926	7.4323364477438e-18
MAPK	PBXIP1	-2.28012864591615	7.56765116862915e-18
MAPK	KIAA0319L	-1.48411824640781	7.83286478311131e-18
MAPK	DSCC1	2.16716382998788	8.27933973501366e-18
MAPK	MAGED1	-2.58394869820021	8.434947875293e-18
MAPK	TSPAN31	-2.0201204915158	8.87461766971193e-18
MAPK	C1RL	-2.19224194800878	8.88832024317194e-18
MAPK	TGFA	3.68875054367728	9.28065263852244e-18
MAPK	MID1	-1.94175644170749	9.30483694356453e-18
MAPK	DECR1	-2.11108820805378	1.02693743046531e-17
MAPK	HIGD2A	-1.4304306762205	1.02927128954912e-17
MAPK	THBS3	-2.34587758569319	1.20844571327991e-17
MAPK	PTPN12	2.02755880866772	1.21035680765546e-17
MAPK	AAMDC	-1.18507469374125	1.22469729920399e-17
MAPK	CD24	-4.17012196328763	1.23366899489563e-17
MAPK	SNRPB	2.31241630248172	1.25040202505242e-17
MAPK	MTUS1	-2.13244241186662	1.36849908987814e-17
MAPK	COX7C	-1.10664112111205	1.39918568905321e-17
MAPK	MEIS1	-1.79419203230343	1.7723872563636e-17
MAPK	OS9	-1.64763964237125	1.7920781642594e-17
MAPK	TP53INP1	-3.79840534241008	1.82383873338775e-17
MAPK	CDC45	3.74331135354804	1.87795715422558e-17
MAPK	NAA15	2.36334059610233	1.89567599965008e-17
MAPK	MAGED2	-1.92882995153191	1.9036663892434e-17
MAPK	RFC3	3.47451638592227	1.92778982498703e-17
MAPK	TBC1D17	-1.53615767693836	1.96847724357451e-17
MAPK	RETREG2	-1.72252713868932	2.05477104982171e-17
MAPK	LGALS3	-2.42530586612329	2.15567218439235e-17
MAPK	WDR43	2.90248766900496	2.22769441610126e-17
MAPK	VPS8	-1.15101871267252	2.24970006458281e-17
MAPK	PRDX5	-2.29458777706919	2.33671562190721e-17
MAPK	ZNF226	-1.19006288617048	2.44086233930068e-17
MAPK	CDC42EP2	1.87517211933526	2.55311743060945e-17
MAPK	GRN	-2.95639152117641	2.6456797152791e-17
MAPK	CDK19	-1.69817535781777	2.7490816462105e-17
MAPK	IER3	8.3160554291295	2.75063928725477e-17
MAPK	ORC6	3.35813820401784	2.89234366764329e-17
MAPK	IRAK1	1.74314453576751	2.90745758188418e-17
MAPK	SLC35G2	1.49848849320091	2.95101666618618e-17
MAPK	MYO19	1.33867499196888	3.02988636361656e-17
MAPK	RNF170	-1.40914461438517	3.03237971706353e-17
MAPK	ECHDC2	-1.379977113222	3.11649380355925e-17
MAPK	RPP25	1.62932585985626	3.1464970962362e-17
MAPK	MCM10	4.42178469352093	3.19849398076355e-17
MAPK	CRLF3	1.55298165407594	3.28033047337271e-17
MAPK	ALDH3B1	-1.98501461981175	3.8148182733503e-17
MAPK	ECT2	2.4864736805641	3.9778319537794e-17
MAPK	VAMP8	-2.47133359696655	4.05176902181137e-17
MAPK	MYC	4.92397805127643	4.12343924929271e-17
MAPK	ZNF608	-3.31110119368519	4.13778733403581e-17
MAPK	GNL2	2.33142025635677	4.20519560293408e-17
MAPK	ZNF696	1.11999717187804	4.36947633647429e-17
MAPK	PDK2	-1.76316852367503	4.50400026643828e-17
MAPK	MAFF	5.5960913915991	4.65266867680684e-17
MAPK	ING4	-2.2178588641302	5.00238561359755e-17
MAPK	HPCAL1	2.91414084738279	5.00707228362197e-17
MAPK	GSTA4	-2.22562780427959	5.0108482454374e-17
MAPK	ASAH1	-1.51769223086544	5.26167336652886e-17
MAPK	ZBTB20	-1.962495981482	5.26375227464052e-17
MAPK	HSD17B4	-1.20032142995392	5.51969462341463e-17
MAPK	ESF1	2.08779266673831	5.78310613372944e-17
MAPK	SEZ6L2	-1.25406487873871	5.9449021943035e-17
MAPK	TAGLN3	1.65150467956403	5.95957193629772e-17
MAPK	ARL6IP5	-2.32987494126828	6.01351753134865e-17
MAPK	CHD1	2.09154752359267	6.28140476599615e-17
MAPK	UPP1	3.87230451666544	6.58715933817701e-17
MAPK	MATN2	-3.41545971618947	6.61418321912698e-17
MAPK	CARF	-1.53234029783619	6.63484235200275e-17
MAPK	STEAP1	2.90797664335493	6.66207324935483e-17
MAPK	NDUFA2	-1.07276452205133	6.75172072775252e-17
MAPK	ADD3	-3.22285885512136	6.99632940164179e-17
MAPK	SLC25A19	3.47524081674768	7.08910942624742e-17
MAPK	MAD2L1	3.42011164397698	7.13866865107428e-17
MAPK	MINDY1	-1.6936694592361	7.24099041157362e-17
MAPK	GOLGB1	-1.6665005161367	7.48663103474955e-17
MAPK	VPS35L	-0.877198947315774	7.55780920246148e-17
MAPK	BYSL	2.52548328501307	7.68810571251759e-17
MAPK	PPRC1	2.8388309401236	7.74272551489355e-17
MAPK	AMD1	2.75202212146548	8.09504559400838e-17
MAPK	NOM1	3.04096356222735	8.67214254011415e-17
MAPK	SYF2	-1.19003421891827	8.73881516227538e-17
MAPK	ACBD4	-1.13725579973824	8.75884052197996e-17
MAPK	WNK4	1.61773964261115	8.84209966142443e-17
MAPK	ERRFI1	9.26340503897811	9.25829612073943e-17
MAPK	ACSF2	-2.17459447466432	9.3535399272298e-17
MAPK	ZNF345	-1.18187470552207	9.42478898716976e-17
MAPK	NCL	1.55245210082162	9.80332927164013e-17
MAPK	SIRT3	-0.860301279787072	1.00011234541305e-16
MAPK	POLR2D	1.60444083002187	1.00481284903723e-16
MAPK	LYAR	5.17111634405287	1.03430528394997e-16
MAPK	CEP72	1.52565256398641	1.05104339657153e-16
MAPK	C14orf93	-1.54843401031479	1.07887761006953e-16
MAPK	PPIC	-1.81392377454551	1.10788923029773e-16
MAPK	PGAP3	-1.26683123610756	1.1466157693453e-16
MAPK	KBTBD2	1.88910178576906	1.17002574441751e-16
MAPK	RABAC1	-2.09100402456251	1.17195388829379e-16
MAPK	LRATD2	2.7543260099125	1.18719330637593e-16
MAPK	CCNE1	1.80695243849233	1.30986226470312e-16
MAPK	ITM2B	-2.01210537815429	1.3584566745621e-16
MAPK	EIF5A2	1.99348969619482	1.39929660644375e-16
MAPK	RNF146	-1.88752039478555	1.40500956586428e-16
MAPK	PLAUR	3.78239861839455	1.4784752175033e-16
MAPK	DHODH	1.20258917524099	1.5849164999491e-16
MAPK	PPCS	-1.47886894363104	1.60627848173641e-16
MAPK	MLLT3	-1.78160994086144	1.61185300267522e-16
MAPK	ENTPD6	1.11928184571391	1.63635847736916e-16
MAPK	TFAM	2.00507898894432	1.68581666681147e-16
MAPK	AUH	-2.11232464093407	1.80693431802709e-16
MAPK	CDKL3	-0.821368590052775	1.80800045846788e-16
MAPK	CHAF1A	1.9663455743501	1.81478927214631e-16
MAPK	PDLIM1	-3.23935264574971	1.82867669486185e-16
MAPK	ARPC5L	1.97661072138154	1.84402429305447e-16
MAPK	ISG20L2	1.4742344220669	1.84405930492928e-16
MAPK	ALDH6A1	-2.33484807267227	1.88294154303149e-16
MAPK	FGGY	-1.04332521223612	2.04897182369383e-16
MAPK	ZNF473	1.50333407761982	2.09482039526596e-16
MAPK	PABPN1	-1.94084168736021	2.13058456334194e-16
MAPK	CCDC92	-2.12023744145127	2.24268587202466e-16
MAPK	TRA2B	1.77330824311369	2.24449875247756e-16
MAPK	GJB3	1.39027271995097	2.33818045726385e-16
MAPK	PLEK2	2.93685956609369	2.36175281571654e-16
MAPK	MRTO4	2.92287280063631	2.48348772327655e-16
MAPK	NOLC1	2.86917074258341	2.56158150892975e-16
MAPK	MMUT	-1.53130486180164	2.67530549351831e-16
MAPK	NSUN2	3.2530562110565	3.3570176006109e-16
MAPK	MPPE1	-1.40544606662686	3.48770694977362e-16
MAPK	NOL6	1.82485547032683	3.53497977440777e-16
MAPK	VPS41	-1.77303184776094	3.66651026335736e-16
MAPK	IL10RB	-2.10058466876021	3.84597021798286e-16
MAPK	YPEL5	-3.59573524332006	3.8461727177175e-16
MAPK	S100A16	4.20096019821956	3.84941068869102e-16
MAPK	SMTN	1.99203283933344	4.10799658651373e-16
MAPK	EIF2B2	1.71757935201674	4.10843004191874e-16
MAPK	OSBPL9	-1.85323846891506	4.33616658004628e-16
MAPK	FBXO45	2.75993790981645	4.50873019716888e-16
MAPK	TFB1M	1.94461089501398	4.56465398878481e-16
MAPK	TMEM185B	1.70532660583231	4.95769723279312e-16
MAPK	SOWAHC	2.92421704130694	5.05172874027737e-16
MAPK	GOLPH3L	-2.22706746936811	5.09740868014176e-16
MAPK	ZNF362	-1.04343897988153	5.16817942478064e-16
MAPK	HBEGF	3.16392613728733	5.34075068931434e-16
MAPK	ITPRID2	1.81702722027427	5.4294036162351e-16
MAPK	KIF23	3.06046762432924	5.43277424643517e-16
MAPK	CLN3	-1.44665766523615	5.44428131439567e-16
MAPK	CDK5R1	1.23104605356069	5.62516038993959e-16
MAPK	RABGAP1L	-1.16732784934647	5.87800585397077e-16
MAPK	MRTFB	-1.04059349839679	6.06959000785959e-16
MAPK	TBC1D8B	-1.46000239465921	6.27331274375483e-16
MAPK	DAZAP1	1.46012632638677	6.50395928248076e-16
MAPK	ITPR3	1.04617167961929	6.68093930913206e-16
MAPK	NUP54	0.9233763861433	6.88807913657464e-16
MAPK	TCERG1	1.39020191402118	7.30335606553972e-16
MAPK	NOP16	2.36556560778148	7.4410497945787e-16
MAPK	DIAPH1	0.894734619952828	7.84546763483765e-16
MAPK	LYRM9	-1.38148350479188	8.15065634765895e-16
MAPK	GEMIN4	2.08227111845694	8.29056237951219e-16
MAPK	ATG14	-2.30676356650412	8.7609828253919e-16
MAPK	PPM1G	1.7332356955974	8.82169738967189e-16
MAPK	ALDH2	-1.81813414577224	8.82270485533909e-16
MAPK	SLC44A2	-2.88114871973568	8.98612946617545e-16
MAPK	UCHL5	1.67082656724162	9.24784663537871e-16
MAPK	ZNF215	1.15146623389279	9.43461198217898e-16
MAPK	TMEM260	-1.72422267091695	9.75868235006884e-16
MAPK	USP48	-0.935079477147366	1.00645135508133e-15
MAPK	SLC22A5	-1.34150640657048	1.01685045489138e-15
MAPK	ENOPH1	1.35179192318214	1.0184842706154e-15
MAPK	CHMP2A	-1.85946162979299	1.02555313168229e-15
MAPK	PHYH	-2.09938843926618	1.10148102056301e-15
MAPK	PLAAT3	-1.80911744668452	1.13540274817025e-15
MAPK	RAD18	2.54045141909743	1.14110555739468e-15
MAPK	AXIN1	1.26591544139203	1.15662077338271e-15
MAPK	UTP18	1.51144065804135	1.17981638911012e-15
MAPK	UBE3C	0.875056996063399	1.21426539688213e-15
MAPK	SLC25A29	-1.59393542424076	1.23727546156052e-15
MAPK	ZNF224	-1.17316470559146	1.26311175025798e-15
MAPK	DNAJC2	1.34119219844744	1.2771063442931e-15
MAPK	WWTR1	2.18157794427381	1.41363134162751e-15
MAPK	HES1	2.56152543368211	1.43152396549682e-15
MAPK	MYL6	-1.38261705130576	1.43606752423061e-15
MAPK	PRMT3	2.43100805581037	1.5083377446824e-15
MAPK	VAV3	-2.56010625695766	1.53314183187078e-15
MAPK	PAPSS1	-1.54910497346159	1.55032847667221e-15
MAPK	PNO1	2.17300234795763	1.59985847690147e-15
MAPK	ERMAP	-1.62576873594735	1.60291588333532e-15
MAPK	PRMT2	-0.980169303006511	1.63845376598961e-15
MAPK	LITAF	-1.69584954994347	1.65208181193809e-15
MAPK	AKR1C3	-4.08201678043918	1.73778270777472e-15
MAPK	ATAD2	3.2280754685	1.74747812535485e-15
MAPK	GSDMB	-1.25357787573601	1.77990850289264e-15
MAPK	RUFY1	-0.777156624878718	1.80197499599362e-15
MAPK	HAUS6	2.58070758397713	1.81044411107839e-15
MAPK	KLC4	-1.30111795127733	1.8358603818907e-15
MAPK	ERGIC3	-0.692077329781643	1.86136772910113e-15
MAPK	EAPP	-1.88702154774713	1.90455323213008e-15
MAPK	PHKB	-1.35114127671067	1.94535999929325e-15
MAPK	TCF25	-0.991106114285747	1.96124796355813e-15
MAPK	HEATR1	1.53474767793326	1.97629061808304e-15
MAPK	HSPA14	1.7862235917261	1.99561243299898e-15
MAPK	PSMC3IP	2.16962540686648	2.03194858438366e-15
MAPK	SMAGP	2.47924328654544	2.08028802641637e-15
MAPK	OSBPL1A	-1.38479953459813	2.10282677412393e-15
MAPK	PUS1	2.097873211825	2.10535630610512e-15
MAPK	STK10	1.68504632411284	2.1826901623279e-15
MAPK	NEU1	-2.11469787958373	2.2038523367431e-15
MAPK	DNAJB2	-2.10388730518375	2.23528492463669e-15
MAPK	GPNMB	-4.63815315945736	2.24295063883177e-15
MAPK	HJURP	3.21805223421708	2.34834994366211e-15
MAPK	NME3	-1.74146646825086	2.35407502915592e-15
MAPK	ZNF436	-2.70825264466619	2.37284987290833e-15
MAPK	EGR3	5.70738891462223	2.3958678960423e-15
MAPK	KCNN4	3.06452323852314	2.4580733534174e-15
MAPK	TXLNG	1.87905926941182	2.48535499750131e-15
MAPK	PXN	1.91745574496147	2.54306082122648e-15
MAPK	CITED2	-3.52713560260023	2.60501331134243e-15
MAPK	CHSY1	2.90355495476631	2.66259777704292e-15
MAPK	SH2B1	-0.859938564870713	2.7856989572633e-15
MAPK	ATRAID	-1.34344463895941	2.79455721915789e-15
MAPK	ERCC6L	2.41322856671789	2.8441011388106e-15
MAPK	ETFDH	-1.3599286468014	2.8521270002064e-15
MAPK	HAS3	2.14434671062696	2.85426696757058e-15
MAPK	ADD1	-0.90158681101476	2.85599975520208e-15
MAPK	PPFIBP2	-1.32493181405791	2.88175912047435e-15
MAPK	FBXO2	-1.16882403309702	3.22304735826237e-15
MAPK	WDR12	1.7410465758237	3.36305488787511e-15
MAPK	ZSWIM8	-0.88942530735846	3.3676307703279e-15
MAPK	STX7	-1.42293850762608	3.38169162115478e-15
MAPK	PFDN5	-1.45534758559407	3.39249372948613e-15
MAPK	LZTS2	-1.83714330174699	3.40383717717152e-15
MAPK	TLR4	2.54154710070093	3.41690622025626e-15
MAPK	SURF2	1.40319317426231	3.49335152445377e-15
MAPK	HNRNPAB	3.41170046334955	3.54400386486458e-15
MAPK	NTSR1	1.39832538217629	3.63944166360324e-15
MAPK	PEPD	-1.46196973666468	4.06423269923471e-15
MAPK	IDH1	-2.48188299857032	4.22292637940162e-15
MAPK	TOMM40	2.04356922561496	4.42387653854231e-15
MAPK	HHLA3	-1.53953170553911	4.44028460535966e-15
MAPK	ARHGEF2	1.80262439035128	4.75886546607765e-15
MAPK	IFRD2	2.48405295401134	4.81600935461642e-15
MAPK	MLX	0.940781674321581	4.84330319476545e-15
MAPK	PIGT	-0.791603498654856	4.95317318960952e-15
MAPK	NCOA2	-1.34839702646115	4.97192814271627e-15
MAPK	KIZ	-1.63791572167703	5.09234630900065e-15
MAPK	PAK1IP1	2.99183209253278	5.11634117110043e-15
MAPK	SNRPD1	2.30204147672542	5.33340708284973e-15
MAPK	H2BC5	-3.63229734407499	5.37457811762e-15
MAPK	DCAF5	-1.24900896132781	5.45778692356819e-15
MAPK	TLR3	-2.75938927261378	5.76746692240814e-15
MAPK	SAT2	-2.55781185168303	5.84509084886476e-15
MAPK	HEXA	-0.877438659367496	5.99181694449112e-15
MAPK	SYNCRIP	1.55865695775505	6.09441359771821e-15
MAPK	LAMP1	-1.22534625420079	6.42314343663717e-15
MAPK	DCAF13	1.23179041012323	6.57542709918637e-15
MAPK	PLD3	-1.7194016279067	6.61302125258919e-15
MAPK	RRP1B	1.61089043812549	6.67181444307194e-15
MAPK	TIPIN	3.21699138748046	6.68154786614946e-15
MAPK	ANKMY2	-1.74818422088866	6.692884619994e-15
MAPK	TRIP13	3.64479630222503	6.85062943661969e-15
MAPK	KLHDC8B	-2.68898144635266	6.94293005297104e-15
MAPK	SOX4	-2.36835514699392	7.21803589377942e-15
MAPK	TRIM2	-1.61549406709262	7.23751317594917e-15
MAPK	OPTN	-2.91272505717101	7.32213358122369e-15
MAPK	CLIC3	-4.50285315116129	7.37255564152256e-15
MAPK	CDC25A	2.87848608774325	7.55135809902032e-15
MAPK	HECTD4	-0.839524003639277	7.64069128151809e-15
MAPK	MRPS14	-1.22398623288624	7.84009011988255e-15
MAPK	RRM2	5.13678527746478	7.85038895530997e-15
MAPK	RIF1	1.25450519251303	7.85761801320081e-15
MAPK	KPNA4	1.31207387213062	8.53479246083982e-15
MAPK	RBM15	1.03318994228579	8.5398788395865e-15
MAPK	POLR3D	1.60490543255368	8.75637085524614e-15
MAPK	PCYOX1	-2.47344651315538	8.97832861070299e-15
MAPK	MR1	-2.05105887288454	9.08345392255496e-15
MAPK	NOP14	1.71724321840531	9.66501454747702e-15
MAPK	ACOT7	2.21968611381162	9.78939220487104e-15
MAPK	RAN	2.10958284097559	9.89270825856695e-15
MAPK	ACADSB	-1.6422474251407	9.96274091494537e-15
MAPK	DMXL1	-1.77134430224639	1.00842894963166e-14
MAPK	RRP7A	1.64212225258304	1.01481065739819e-14
NFkB	TNFAIP3	28.3737523134651	1.86714042786609e-71
NFkB	CXCL2	9.40345995753717	2.15721627420783e-61
NFkB	CCL20	36.6973078682593	1.28511338682475e-58
NFkB	NFKBIA	11.4445337143917	2.78087111295943e-58
NFkB	CXCL8	38.5179286893872	5.84435580509893e-58
NFkB	RELB	7.77922197337011	1.73173096777776e-57
NFkB	NFKB1	9.51363622089187	2.76893788405754e-57
NFkB	TNFAIP2	10.9108073918533	7.29118226160998e-57
NFkB	ICAM1	18.3693852641061	5.01718182450126e-56
NFkB	IL6	21.770635436392	1.30192278678607e-55
NFkB	NFKBIE	8.21183284796716	2.18710934143946e-54
NFkB	NFKB2	5.51557538189721	6.21729676059569e-54
NFkB	CXCL3	22.9461142188508	1.79364016010821e-53
NFkB	SLC2A6	9.72998809873575	3.84618028002121e-53
NFkB	NINJ1	8.01225057853366	4.1683615119088e-52
NFkB	WTAP	3.76663440288848	1.58569438078515e-47
NFkB	BCL2A1	14.4169245737719	2.61168825048226e-47
NFkB	BIRC3	12.4576121742067	2.30897119395005e-46
NFkB	CD83	10.4513708683432	3.45705141603535e-45
NFkB	TICAM1	3.49208467391813	3.96964510198243e-45
NFkB	CXCL1	23.4218587811188	2.17416650839387e-43
NFkB	RIPK2	5.97975213098363	6.36232958630882e-43
NFkB	INHBA	12.4675936569889	1.16291352852189e-42
NFkB	CSF2	5.90352627791306	1.19346447094293e-41
NFkB	TNIP1	6.13472667662198	3.7484101761427e-41
NFkB	DRAM1	9.5477003571551	8.65164522394083e-41
NFkB	TRAF1	10.3355766029445	1.08204282166384e-40
NFkB	IRAK2	5.34339161268539	1.27425138509773e-40
NFkB	TLR2	5.41421997604156	1.42384020633266e-40
NFkB	TNF	18.6392620596404	1.19700712255322e-39
NFkB	MSC	6.35920655303276	1.69847495138843e-39
NFkB	IKBKE	3.3411268875817	6.45826343649033e-39
NFkB	GCH1	14.0260436644797	1.45855968467539e-38
NFkB	CXCL5	7.17964791657825	1.56227123626499e-38
NFkB	IL1A	8.11129097221699	2.88640950461919e-38
NFkB	BID	4.72982353922745	9.60488919725315e-38
NFkB	PTX3	21.2478956388809	4.48253655009005e-37
NFkB	EHD1	5.87160738429593	5.21872050163804e-37
NFkB	CFLAR	4.01671158821876	7.03058821558404e-37
NFkB	SDC4	8.15340036456494	9.9659179929951e-37
NFkB	TNIP2	3.31072735149829	1.96840171834069e-36
NFkB	TNFSF15	6.24584727544688	6.56433928819142e-36
NFkB	IFNGR2	6.02200972475387	1.458313030465e-35
NFkB	MAP3K8	7.39920536474448	3.20705633736012e-35
NFkB	IL1RN	5.15157965968566	5.58411521846268e-35
NFkB	CYLD	2.77331423375652	9.60630498681471e-35
NFkB	IL23A	2.07290492359488	4.02154335003975e-34
NFkB	IL36G	9.82640555786125	4.59234118701886e-34
NFkB	CCL2	17.5659918325355	5.15220860398327e-34
NFkB	KYNU	6.40446360557511	7.78527476475635e-34
NFkB	STAT5A	3.98656100319747	1.33086706297111e-33
NFkB	B4GALT1	2.53619871797362	3.73903316418015e-33
NFkB	IL1B	21.6559293107342	7.85659534624504e-33
NFkB	TNIP3	8.25934093825706	8.30343922353387e-33
NFkB	IFNAR2	4.68331898329886	1.64287081551076e-32
NFkB	HIVEP1	3.99971488002502	2.97447934011835e-32
NFkB	NKX3-1	2.37298329930962	5.58947585190576e-32
NFkB	CFB	6.31351994004626	3.04144655865821e-31
NFkB	TRIP10	4.16756174882639	3.42727719702236e-31
NFkB	CSF3	4.9031843413131	3.61312310578831e-31
NFkB	IRF1	12.6980091248709	4.29714080717552e-31
NFkB	TNFRSF9	5.99605904813046	6.71145708106537e-31
NFkB	CXCL6	8.72540142737151	7.47798581906051e-31
NFkB	NFKBIZ	15.123815836823	8.20084981188112e-31
NFkB	CD40	3.52021359068652	1.54181522015266e-30
NFkB	OLR1	7.84201028638495	2.09532916494675e-30
NFkB	EFNA1	11.4332953920164	3.0206502074705e-30
NFkB	C11orf96	4.56622606490301	4.27670304480924e-30
NFkB	LTB	3.18756879176983	5.38748589448783e-30
NFkB	EBI3	7.54618521006463	5.83370268049767e-30
NFkB	IL7R	8.81331233527089	9.46920036175972e-30
NFkB	UBE2Z	2.15293276565257	1.43816946173801e-29
NFkB	SOCS3	4.51191455862297	1.8235478903106e-29
NFkB	ELOVL7	8.79211575344344	3.32679029517041e-29
NFkB	TIFA	5.14411244624824	4.16276376931941e-29
NFkB	REL	4.70997255673979	9.25518819852926e-29
NFkB	IL32	10.4523164162521	1.19433479873877e-28
NFkB	NFKBIB	2.06559587812168	2.53853406371617e-28
NFkB	STX11	4.52523244924286	2.99291858521405e-28
NFkB	KMO	3.97423506454669	5.00590026159528e-28
NFkB	ANKLE2	2.2119763224409	7.6826505655043e-28
NFkB	NECAP2	2.4427935008954	4.75108318179648e-27
NFkB	TNFAIP8	4.93682380456133	6.0378070405825e-27
NFkB	TNFAIP6	19.182263460877	1.11998692358345e-26
NFkB	PPP4R4	2.42747157463571	1.28210981231824e-26
NFkB	RNF19B	6.70700433729029	1.67552369686807e-26
NFkB	HIVEP2	3.95142664410617	2.29633180717383e-26
NFkB	SOD2	11.1561501653772	3.63565009743388e-26
NFkB	ANKRD33B	4.49429872492497	8.82353926820888e-26
NFkB	SGPP2	7.41697819384461	9.89699100983537e-26
NFkB	BIRC2	4.01137932948259	1.10206536714606e-25
NFkB	CXCL11	15.8343667974075	1.36526478997088e-25
NFkB	SLC11A2	2.68664803875845	2.04050330462799e-25
NFkB	PRDM1	4.41653234664008	2.13635099675318e-25
NFkB	SLC41A2	4.91500650401406	2.26262997579691e-25
NFkB	TMEM217	3.35381325962838	3.26134030971729e-25
NFkB	IL15	5.14656809221536	4.07119560306845e-25
NFkB	CD80	3.79561507552718	4.99081244092806e-25
NFkB	MARCKS	4.76137308887682	6.04162128289193e-25
NFkB	IFIH1	6.04203644390954	1.16351991774757e-24
NFkB	EDN1	6.23005952133569	1.23504814773756e-24
NFkB	CLIC4	4.16445589938726	1.27671298886076e-24
NFkB	RELA	1.93222401235417	1.35637028685775e-24
NFkB	DENND5A	3.73806095098908	1.70453982368654e-24
NFkB	PLAU	7.40611282302349	1.75151749038382e-24
NFkB	N4BP1	2.7212585551596	2.21222451442785e-24
NFkB	TP53BP2	2.69595034446236	2.22947497269811e-24
NFkB	DTX2	2.39279988049635	2.7154964656744e-24
NFkB	DAPP1	2.77752418850872	3.38186062375883e-24
NFkB	TAPBP	3.13291760423785	4.96385108744053e-24
NFkB	CLDN1	6.42349202668036	1.4051722809444e-23
NFkB	POLG2	-2.32937202312845	2.560571501105e-23
NFkB	IL15RA	5.48623252273879	4.1410048201434e-23
NFkB	ZNF589	-1.52288858627681	4.25027811798335e-23
NFkB	NFATC3	-1.70122444766519	5.51160350118189e-23
NFkB	AMPD3	5.38224938946337	6.09525010940339e-23
NFkB	RND1	3.76949379250996	1.00609185771752e-22
NFkB	CD44	3.82573225725094	2.04292221330853e-22
NFkB	SERPINA3	7.01189066825018	2.12510894786758e-22
NFkB	CEBPA	-3.74207740351822	3.32229048085431e-22
NFkB	MRGPRX3	6.79501540561533	3.93973907115211e-22
NFkB	MMP10	6.29461242614274	4.1433032832316e-22
NFkB	THAP11	-2.16409784286719	4.16954464630207e-22
NFkB	CD70	2.83759150313402	5.91822826228082e-22
NFkB	GPR132	2.56589220606056	7.27867343750696e-22
NFkB	SERPINB9	3.8638252733537	1.27101917706146e-21
NFkB	RHCG	2.33093766036672	1.56884877306231e-21
NFkB	PLAGL2	2.76338171416074	2.89433183401089e-21
NFkB	UXS1	3.62372504005744	4.60699024708865e-21
NFkB	ZC3H12C	3.75192516600483	4.89555211017445e-21
NFkB	CLUHP3	1.60340140633739	5.17275272973657e-21
NFkB	C3	8.24101125803567	6.32803955645947e-21
NFkB	VCAM1	5.57361863636969	6.88132725726641e-21
NFkB	BAG4	-1.99035290335243	7.03720292534494e-21
NFkB	NOCT	3.92472479536758	8.05106051012448e-21
NFkB	C1QTNF1	3.83852330577002	8.08782285213395e-21
NFkB	PANX1	3.31411825258308	9.45790587832009e-21
NFkB	BMP2	5.94344386957219	1.01499249349545e-20
NFkB	PPP3CC	1.2719647685131	1.09995595591882e-20
NFkB	TCIM	5.36939804812422	1.20693677382262e-20
NFkB	PSTPIP2	4.03661448406098	1.94207498920374e-20
NFkB	DUSP16	2.54370316518195	2.42642118345376e-20
NFkB	TYMP	3.19991173282132	2.67350213996414e-20
NFkB	JUNB	6.25880541153977	4.1603827039943e-20
NFkB	DNAAF1	2.31627596871813	4.80353659673113e-20
NFkB	RAP2C	2.71889463852451	5.1636097831291e-20
NFkB	TAP1	7.08425703287775	5.19423443344964e-20
NFkB	APBA3	1.67356617007949	5.96863809012572e-20
NFkB	IER3	11.7382242935621	8.33618701967301e-20
NFkB	ABHD10	-2.748346581365	8.43322480764854e-20
NFkB	HLA-F	3.03501720511571	9.84923223053344e-20
NFkB	CHST2	2.88821001331769	1.1873392576979e-19
NFkB	GSAP	4.08975024709922	1.29586305107309e-19
NFkB	HMGN2P46	4.79215600433241	1.32181754061607e-19
NFkB	LINC01465	2.34089642947285	1.90277367921369e-19
NFkB	CSF1	3.31919131854426	1.99818119590444e-19
NFkB	CD82	3.80654044047828	2.17600694482449e-19
NFkB	NFE2L3	3.82273982690388	2.297800380052e-19
NFkB	ABTB2	2.31862207738622	2.31045368152217e-19
NFkB	LYN	3.66684435008226	2.41642739897729e-19
NFkB	IRGQ	1.43211504782943	2.98450889209356e-19
NFkB	NBN	3.11032815810947	3.07196289350356e-19
NFkB	POU2F2	1.62208620596749	4.27935123852966e-19
NFkB	MMP12	4.28118442499767	5.91706365228135e-19
NFkB	PIM3	5.68018013954999	6.68875742794692e-19
NFkB	ITGB8	3.61376478234227	9.45027046431073e-19
NFkB	SQOR	4.5368785901491	1.2863553057053e-18
NFkB	GBP3	6.6280147198403	1.31038736021034e-18
NFkB	TANK	2.26666386817545	1.59886164021432e-18
NFkB	CCL5	13.1945323445197	1.59927687451142e-18
NFkB	SLC39A8	2.76762905775522	1.70600560851676e-18
NFkB	PTGIR	1.33076979269423	1.91113444271904e-18
NFkB	CCL7	2.93364086112216	2.02854221918782e-18
NFkB	CREB3	2.14401457465464	2.14550604064396e-18
NFkB	ICOSLG	2.07895916394667	2.28048206673959e-18
NFkB	PIP4P2	-3.16766451549099	2.38068200831649e-18
NFkB	FRAT2	-2.86957711288323	3.17705330564498e-18
NFkB	GBP2	7.37023376232105	3.33278968762337e-18
NFkB	NPRL2	-1.14822390557764	3.47199548637037e-18
NFkB	IRAK3	1.64087169561142	3.76121649199101e-18
NFkB	SQSTM1	2.90211781268011	5.80972533227932e-18
NFkB	WNT5A	3.69500881785587	6.33295191836228e-18
NFkB	SOCS1	2.78273963004795	7.4000530895532e-18
NFkB	RNF144B	4.74335712187476	7.42731698008779e-18
NFkB	ETS1	3.33154836558442	7.88521911943985e-18
NFkB	TNC	3.17499631693614	9.05095946879048e-18
NFkB	MMP9	8.32638730909867	1.02513684231637e-17
NFkB	SMARCA2	-1.46641360817811	1.15155364685329e-17
NFkB	IL12B	6.70474475940916	1.16043263460524e-17
NFkB	PLAUR	5.12751929949634	1.16313672543208e-17
NFkB	PPP1R15A	5.85618195048977	1.1922602663511e-17
NFkB	IL18R1	3.03042106860261	1.26728457600542e-17
NFkB	CLEC4E	1.87413124816718	1.31382262100292e-17
NFkB	CD69	4.94517496240878	1.45565363567941e-17
NFkB	RIGI	6.85327108610328	1.74196419713246e-17
NFkB	LACTB	3.14659415146943	1.81722104038884e-17
NFkB	CYP7B1	3.33487585344891	1.93986358676291e-17
NFkB	UPB1	1.27331759799915	2.07667477363567e-17
NFkB	CDC42EP2	2.45456305294718	2.91391956147911e-17
NFkB	SRC	1.18590571064875	3.09284380275175e-17
NFkB	BMAL2	3.00809432468416	3.13792833793951e-17
NFkB	SUSD6	4.73394267679072	3.15415884676066e-17
NFkB	OPTN	4.12307310300128	3.26354699116107e-17
NFkB	RHBDF2	2.86026714071783	3.35709549290549e-17
NFkB	RNF125	-2.94132551703075	3.42809299801737e-17
NFkB	LRP12	2.99124098940174	3.56217191844882e-17
NFkB	NMES1	19.315232181074	3.58586266545899e-17
NFkB	TNFAIP1	2.0948693350081	4.95043189708554e-17
NFkB	SBNO2	1.7247617309238	5.0194020259719e-17
NFkB	PLA2G4C	2.01605059531026	5.30388192883906e-17
NFkB	NAMPT	5.99464094409854	5.82426033080696e-17
NFkB	PDE4B	3.34097975955198	6.49622533866045e-17
NFkB	PML	2.30058482253149	6.6272576615455e-17
NFkB	ZMIZ2	1.40553668743943	6.6768296264507e-17
NFkB	CD274	7.00010729577226	7.30643344202895e-17
NFkB	PMAIP1	8.14912860471346	7.36216140160098e-17
NFkB	PTGS2	12.4677295214291	7.64257096809737e-17
NFkB	PDGFB	2.34461464210414	8.95834443449009e-17
NFkB	TSLP	3.70306458385701	9.48381998259617e-17
NFkB	MAPKAPK5-AS1	-1.68577727712077	1.03196967307532e-16
NFkB	CTHRC1	5.94928731939902	1.24471172205339e-16
NFkB	SRGN	2.89881972807316	1.37087203659474e-16
NFkB	CXCL10	24.1328236862543	1.50754644393275e-16
NFkB	GBP1	7.41878558604584	1.84660016613768e-16
NFkB	NAA16	-1.5054081979956	2.28793524593368e-16
NFkB	MTARC1	-3.02939575877255	2.4717535427078e-16
NFkB	C10orf55	1.67894108413757	3.20923509584524e-16
NFkB	STAT4	4.08251772903246	4.31871957308461e-16
NFkB	ZNF398	-1.86315396415223	4.34265018720938e-16
NFkB	SLC25A37	2.22763678081311	4.53883526037208e-16
NFkB	FEZ1	2.27501305656244	5.67816054155272e-16
NFkB	IL6ST	2.26650083846469	6.39753689837766e-16
NFkB	ARL5B	4.11247428419636	7.64927726869454e-16
NFkB	BTG3	2.28416238652332	7.8991270691562e-16
NFkB	IL4I1	4.79902929362262	8.91791264690845e-16
NFkB	PARP12	4.76340695743017	8.98692525368907e-16
NFkB	USP12	2.22475122466156	9.82389515111084e-16
NFkB	LINC00158	3.23983477884658	1.03216956078381e-15
NFkB	DAXX	1.58769784734451	1.108023372735e-15
NFkB	NIPAL4	2.65458600261504	1.36733237927316e-15
NFkB	SRPK2	-1.43401232101941	1.51604102606516e-15
NFkB	HS3ST3B1	2.91398000903648	1.7242048805701e-15
NFkB	TRIM47	3.10046659498137	1.74093259727431e-15
NFkB	S100A12	2.92592201710745	1.75109895759838e-15
NFkB	CASP5	2.24213048736481	1.91468606168979e-15
NFkB	TMEM106A	1.75376942371937	2.06107097734327e-15
NFkB	SERPINB2	8.99285340874673	2.22567208576326e-15
NFkB	IRF7	5.08447202068128	2.32550058107225e-15
NFkB	P2RX4	2.71295413715898	2.85316060738876e-15
NFkB	CLEC2D	1.93117556410901	3.26450845063246e-15
NFkB	G0S2	8.53933945986813	3.38953002312033e-15
NFkB	CYP27B1	3.19241465554909	3.80113960036372e-15
NFkB	BDKRB1	3.22025206544752	3.88415241205136e-15
NFkB	PLK3	2.66037732194615	4.05853473417934e-15
NFkB	FMNL3	2.90264105574971	4.48868005110394e-15
NFkB	TEX2	-2.3536121501392	4.96210856996946e-15
NFkB	LIF	6.60840987895909	5.1767431746722e-15
NFkB	NECTIN2	1.84322846991536	5.35360004642508e-15
NFkB	USP43	2.29351610033605	5.77593075244265e-15
NFkB	THYN1	-2.27527252782292	6.68250664137364e-15
NFkB	SLC31A2	3.22831286817123	7.13229148970645e-15
NFkB	CASP7	2.93914451494653	8.12399956147354e-15
NFkB	TRAF3	2.19533257997013	1.00895970278227e-14
NFkB	CHMP4B	1.72062655809491	1.01808762009109e-14
NFkB	HCK	3.43906293644302	1.02465832580312e-14
NFkB	GRAMD1A	2.76770056238843	1.09839886393897e-14
NFkB	ADPRH	1.26687430045933	1.10621166755079e-14
NFkB	RHOBTB2	-1.48216927522232	1.10930986500178e-14
NFkB	LHFPL6	2.08040492084594	1.15787508956693e-14
NFkB	PELI1	3.49694520753558	1.16452653204659e-14
NFkB	STX10	-1.65996602687414	1.32162091786723e-14
NFkB	B4GALT5	3.12095514775338	1.3660808567832e-14
NFkB	ZYG11B	-2.55334467174754	1.40888119613467e-14
NFkB	CLPX	-1.7796978919704	1.753984528366e-14
NFkB	CCL4	15.7118844593583	1.94862267696601e-14
NFkB	CCL8	8.32197510933379	1.97589772365655e-14
NFkB	PATL1	1.85864458053767	2.03337877814828e-14
NFkB	BTN2A1	1.29008355606259	2.22301303578707e-14
NFkB	JADE1	-2.53789451492201	2.28521369648669e-14
NFkB	MYO10	2.54176470498721	2.44267197014029e-14
NFkB	CIPC	-2.62176721644421	2.76017869672569e-14
NFkB	GP1BA	1.61635587698817	3.00294883643519e-14
NFkB	XPA	-1.81731716820457	3.14645190201289e-14
NFkB	ISG20	6.73271101111388	3.26149614140081e-14
NFkB	CDKN2B	2.45077538005368	3.30768762361035e-14
NFkB	CEP63	-1.38637191757735	3.4700177370272e-14
NFkB	IGFL1	5.42864437091644	3.51119824244971e-14
NFkB	ZNF57	-2.45507873325808	3.52525304128549e-14
NFkB	TRERF1	-2.01996716919895	3.54449893661133e-14
NFkB	NR4A3	3.83029429027466	3.78381799812291e-14
NFkB	NEURL3	3.50339179799272	3.95855598217011e-14
NFkB	MBLAC2	-2.16578775831982	4.20992013590863e-14
NFkB	GPR84	5.67050788981586	4.49957391709293e-14
NFkB	ZHX3	-1.08195396784721	4.51229911403997e-14
NFkB	ATP2B1	3.75790530540517	4.56966030752355e-14
NFkB	B2M	2.16616176217074	5.4219119969739e-14
NFkB	SCARF1	1.29825405108665	5.91161007636781e-14
NFkB	RILPL2	2.9866696000844	6.01707467379785e-14
NFkB	HLTF	-2.70946298140012	7.49786454018817e-14
NFkB	FBRS	1.16590068225727	1.04673438570038e-13
NFkB	ZBTB10	2.27471369765185	1.07427997625014e-13
NFkB	RAP1B	2.05789789970511	1.1964219988202e-13
NFkB	SDHAF1	-1.44886556257275	1.282657631675e-13
NFkB	GGA2	-1.25998098179772	1.30439060692638e-13
NFkB	ZBTB18	-1.83928230871605	1.32607340038227e-13
NFkB	FCAR	1.09752876618662	1.33555618083693e-13
NFkB	ALDH3A2	-2.20184819003773	1.35211237628064e-13
NFkB	PNPLA1	1.23408180258782	1.35461506758403e-13
NFkB	IRAG2	-2.01289748043217	1.45826100840419e-13
NFkB	MSANTD3	2.81164610928926	1.52577642073868e-13
NFkB	MMP13	4.45708231390497	1.60150903988133e-13
NFkB	PCM1	-1.37507003981397	1.61433399920132e-13
NFkB	PRAG1	-3.91903272455847	1.68767686408626e-13
NFkB	OSGEPL1	-2.39300313587418	1.83390856013927e-13
NFkB	LIAS	-2.43218948299865	1.83426827055917e-13
NFkB	SLAMF7	7.1668796913645	1.91297046423599e-13
NFkB	JAK3	0.971256883759114	2.01126251607823e-13
NFkB	MT1M	4.04837189079306	2.18639690755018e-13
NFkB	FFAR2	2.16512962730771	2.25599494270412e-13
NFkB	PDPN	1.57472599593518	2.41264882949226e-13
NFkB	DHX58	2.80769611508213	2.52205410747526e-13
NFkB	CANT1	1.93452817466841	2.59571380792919e-13
NFkB	IRF4	-1.30039365529074	2.68167184642429e-13
NFkB	PWWP3A	-1.30039365529074	2.68167184642429e-13
NFkB	CTSS	3.95479208154352	3.06601033927757e-13
NFkB	PDIK1L	-2.74998111520232	3.43844858186605e-13
NFkB	RCAN1	2.59535053174533	3.67692236695389e-13
NFkB	GRINA	2.06313900948891	3.70453463442474e-13
NFkB	CH25H	3.29370802554717	4.06145188682195e-13
NFkB	PDGFRL	3.32064942365924	4.09745681353364e-13
NFkB	NUDT6	-1.95121004638663	4.2696680823771e-13
NFkB	PIP4K2B	-0.856049475451468	4.29640979615822e-13
NFkB	IFIT3	10.4784623656691	4.4405847818479e-13
NFkB	SIX5	0.920271509833079	4.4744810551085e-13
NFkB	CD48	2.02605791574232	4.74904158512762e-13
NFkB	PDHB	-1.64453609984265	4.86192286634045e-13
NFkB	INTS8	-1.61694296632546	5.17368984638247e-13
NFkB	PRKACB	-2.29241624036106	5.65437904225944e-13
NFkB	KCNJ2	5.13163144490595	5.71179343666395e-13
NFkB	MAFF	6.34743597948355	5.86410871870831e-13
NFkB	CCL19	2.82073991900421	6.14700316046122e-13
NFkB	NDUFB5	-1.58661506912388	6.40434587581061e-13
NFkB	KDM6B	3.22229210474466	6.49366642612214e-13
NFkB	PTAFR	2.18372485855933	6.55011264330213e-13
NFkB	SAMSN1	2.18737320320564	6.84703554019781e-13
NFkB	SLC35A1	-2.1972341899617	7.25683881202159e-13
NFkB	ANKMY2	-2.11861254101406	7.44570198613754e-13
NFkB	LAMB3	4.28508279684531	7.8035445916918e-13
NFkB	STARD5	2.56095072415232	8.72523874580484e-13
NFkB	CCDC51	-2.01832484119036	9.19031461832071e-13
NFkB	DCUN1D3	2.47750463898898	9.82568580670777e-13
NFkB	FNDC3B	2.46126059176372	1.01953368022847e-12
NFkB	GPR176	1.92688701531701	1.06782411833816e-12
NFkB	SLC25A38	-1.51928165649295	1.09733126372596e-12
NFkB	EREG	4.26693743662855	1.1616125445341e-12
NFkB	KRT6B	2.83167021888318	1.18398005396278e-12
NFkB	TRAF2	1.1967785350599	1.25937101366109e-12
NFkB	TRIM36	1.51894229123611	1.26804098093976e-12
NFkB	ABCC5	-1.46517366141675	1.32097027606992e-12
NFkB	ZNF697	2.24975143474151	1.35513812632666e-12
NFkB	VNN1	2.35293502529874	1.37859202111896e-12
NFkB	CD47	1.78493053145782	1.41665941539549e-12
NFkB	HADH	-1.9942868692305	1.42181942785538e-12
NFkB	RWDD3	-1.67580246041946	1.54926012061658e-12
NFkB	KLF6	3.57541650038214	1.59647843069761e-12
NFkB	PTCD3	-1.41690025771388	1.60276658579127e-12
NFkB	ZBTB44	-1.96938209435631	1.69270039221291e-12
NFkB	CNOT7	-1.26949720962588	1.69297948900619e-12
NFkB	EIF3L	-1.50579986836492	1.69392637421831e-12
NFkB	BTN2A2	1.3616508297588	1.71377211290209e-12
NFkB	VPS26B	-1.5324495671625	1.81250314903358e-12
NFkB	MREG	2.63417185579519	1.88594582431443e-12
NFkB	TLNRD1	2.26956053119512	1.89978725065958e-12
NFkB	NFKBID	1.94143446339112	1.92864365096448e-12
NFkB	NCOA7	2.28343422955368	1.97668781273731e-12
NFkB	PPIL3	-1.81818703645252	1.97928887555906e-12
NFkB	CCNL1	2.08130811896337	2.1983547930628e-12
NFkB	DIS3L	-2.49566725698964	2.28331176556538e-12
NFkB	AKR1B1	4.35568662926659	2.28871659469224e-12
NFkB	DEF6	-1.28476660640179	2.28964787371881e-12
NFkB	RHBDL2	2.45652259105148	2.400423297838e-12
NFkB	ZBTB17	0.912333365763058	2.46848926597815e-12
NFkB	CRTAP	-1.50219037284142	2.68989657906746e-12
NFkB	PPARD	1.37915522724132	2.76511237922669e-12
NFkB	SLC25A28	1.95116252710674	2.8271207756983e-12
NFkB	DNAJB5	1.66700951509757	2.82738369664142e-12
NFkB	CSRNP1	4.5972790055542	2.87539530143697e-12
NFkB	MTERF2	-2.08273170492303	3.09528352522994e-12
NFkB	RARRES1	5.02882784944543	3.11152125534026e-12
NFkB	GPD1L	-3.46082012474687	3.17495795092942e-12
NFkB	OXA1L	-1.63474815303341	3.29429739733192e-12
NFkB	PTGER4	3.68054790744993	3.34193689153374e-12
NFkB	GRAMD2B	2.67295656640023	3.3615187202705e-12
NFkB	RITA1	-1.37245023288366	3.77263470017205e-12
NFkB	GBP5	4.82260535607532	3.88281114602853e-12
NFkB	GDE1	-1.92303747048231	3.96280907595195e-12
NFkB	DBT	-1.32974385779986	4.2338168962854e-12
NFkB	CYTH1	1.34051379845564	4.25433544962418e-12
NFkB	NAA40	-1.75682674556944	4.37763976036934e-12
NFkB	LUC7L3	-1.30057305296628	4.86574842083248e-12
NFkB	FRAT1	-2.81729139075634	5.02406590106259e-12
NFkB	PURA	-0.999603027253038	5.68333859743912e-12
NFkB	GNA15	1.76140458243147	5.73663857570647e-12
NFkB	PIK3R5	0.997452512542317	5.86663623743219e-12
NFkB	IARS2	-1.63065503239664	5.96546330771119e-12
NFkB	HELZ2	2.2284703909009	6.35568418344149e-12
NFkB	KLF9	1.73881733272089	6.58560135938891e-12
NFkB	ZXDA	1.78754453948926	6.73059575126768e-12
NFkB	IRF2	2.79070062775669	6.9018421676938e-12
NFkB	FAM217B	-3.44395087769731	7.44494714283201e-12
NFkB	SDHAF3	-2.24652795821773	7.5730038325133e-12
NFkB	PREPL	-1.64385791926227	7.64952155961766e-12
NFkB	TRIT1	-1.5736751540357	7.70411418946486e-12
NFkB	ASB13	-1.94628221359512	8.06805163963796e-12
NFkB	BTBD1	-1.21780228062132	8.10670099160522e-12
NFkB	IMP3	-2.18805225583911	8.12308360698207e-12
NFkB	ZNF420	-2.31458628183199	8.33256970103062e-12
NFkB	RGS14	-1.06646765497956	8.43235276144237e-12
NFkB	PTPN1	1.0916647135545	8.57677070584252e-12
NFkB	PLA1A	2.12241256155664	8.58170738993643e-12
NFkB	NUDT16	-1.21397331243042	8.72523771976658e-12
NFkB	ATF5	1.47413367811508	9.80574557144144e-12
NFkB	SYNGR3	2.66797341750174	1.00002801965813e-11
NFkB	MLLT10	-0.903514848556997	1.00676910485368e-11
NFkB	PIK3AP1	2.18370245577892	1.00974083135451e-11
NFkB	MMP14	2.01387726948588	1.02991255809811e-11
NFkB	MTF1	1.96854956276192	1.03488981520201e-11
NFkB	CHST7	1.79426110913144	1.04670253426693e-11
NFkB	IDO1	7.39572268931997	1.06727839397996e-11
NFkB	UBAC1	-1.47671098511548	1.09119905728729e-11
NFkB	PPP2R5A	-1.15554704617591	1.13525812208637e-11
NFkB	SDCBP	2.24049287656593	1.14899756355203e-11
NFkB	BAZ1A	2.49000739301585	1.15742030544714e-11
NFkB	TNFSF9	3.74031213548692	1.22876045060898e-11
NFkB	ARID5A	1.57794676385429	1.25720524293628e-11
NFkB	ETS2	2.98782828292434	1.29124348544107e-11
NFkB	PLA2G12A	-1.79554359677194	1.37633100155291e-11
NFkB	CSTF1	-1.57811849441593	1.3773053815007e-11
NFkB	RNF207	0.687904558148629	1.3957096806621e-11
NFkB	AGGF1	-1.22280063308362	1.42164568627698e-11
NFkB	SLC7A2	2.1999167437709	1.459434161778e-11
NFkB	RPRD2	-1.42860814788047	1.47525352937396e-11
NFkB	CCR7	4.68985188502221	1.54387546482106e-11
NFkB	GBP4	4.52926200393894	1.55338842626114e-11
NFkB	AFG3L2	-0.975756550295558	1.57246670320802e-11
NFkB	MRPS30	-1.64399615129455	1.59952646712212e-11
NFkB	ZNF267	2.70158286144969	1.64436981712375e-11
NFkB	SNX30	-3.19994208705604	1.77451503259126e-11
NFkB	CETN3	-1.95027957150293	1.79586512092197e-11
NFkB	ORMDL1	-1.44382779324977	1.8071349333733e-11
NFkB	NOD2	1.8280082935973	1.8447984391764e-11
NFkB	APOL3	3.24117235775439	1.8556614962496e-11
NFkB	SLC1A2	1.31956875845394	1.9526903898626e-11
NFkB	ZBTB46	0.921764530871999	1.9534176263801e-11
NFkB	SEC11A	-1.00527380700947	1.95908145799501e-11
NFkB	CCL18	1.36860098443387	1.96850163365234e-11
NFkB	PARP14	2.9379815390667	1.96858387563889e-11
NFkB	ASTE1	-1.66299519971683	1.98835045950787e-11
NFkB	CEBPD	3.46725149990791	1.99130951420139e-11
NFkB	C15orf61	-2.63101974324965	2.05352716780253e-11
NFkB	APOL6	3.55878007377208	2.25988154226656e-11
NFkB	HHEX	-2.88242559623792	2.28235172411863e-11
NFkB	ZNF573	-2.76749004621673	2.29789179877545e-11
NFkB	ZNF174	-0.999805647464538	2.3027252670629e-11
NFkB	CD58	2.09490481133637	2.35604467785047e-11
NFkB	SLC12A7	2.65825998742171	2.40840166539632e-11
NFkB	IFIT2	9.23137087724274	2.58275248581144e-11
NFkB	GATA6	1.97674058297455	2.61246818013975e-11
NFkB	XPO7	-1.06987030786217	2.63755717361427e-11
NFkB	MMP19	1.30272419467856	2.69077340484907e-11
NFkB	MIS18BP1	-2.063765840251	2.87115128840232e-11
NFkB	PPP1R18	2.54411287835186	2.95528395929773e-11
NFkB	SAV1	2.1289982469649	2.95626504399361e-11
NFkB	SYK	-1.19383872096035	2.96995212787575e-11
NFkB	ADH5	-1.39818443661949	3.05635322861076e-11
NFkB	RGS18	-2.49901943280923	3.17422193992526e-11
NFkB	PI3	2.90461178294036	3.21412468382108e-11
NFkB	OAS3	4.30524370659483	3.22454236075859e-11
NFkB	SLC9A8	1.54482697196454	3.24814322680502e-11
NFkB	ERLIN2	-1.39213543723196	3.30189742644862e-11
NFkB	LGALSL	2.29873167714997	3.33316702967311e-11
NFkB	LYL1	-1.40113428223901	3.40002748821393e-11
NFkB	RRAD	2.41203039136984	3.47879638875779e-11
NFkB	IL10RA	3.72727954001031	3.54153996933112e-11
NFkB	SELE	2.83937237636509	3.58848936055327e-11
NFkB	CASP4	1.70562696070471	3.62630221946373e-11
NFkB	METAP1	-1.72432689064568	3.66621181312096e-11
NFkB	PTPN4	-1.21141864484411	3.68564372551715e-11
NFkB	ZZZ3	-1.41924223209739	3.71906826927684e-11
NFkB	CXCR2	-1.8446256044063	3.72973056286323e-11
NFkB	ETV3	1.32192743464513	3.80653067741075e-11
NFkB	STRBP	-1.45308812648996	3.93967908963573e-11
NFkB	SAMD9L	5.18906227532134	4.13157645564256e-11
NFkB	LITAF	1.85811926968417	4.16335735023009e-11
NFkB	ECE1	1.90397743519617	4.18178279836254e-11
NFkB	ECI2	-1.70183529258415	4.19814639956747e-11
NFkB	PNRC1	5.27208157775107	4.2060029358711e-11
NFkB	NAB1	1.53102648382299	4.29681167195977e-11
NFkB	NRP2	1.66229073307609	4.31670266517068e-11
NFkB	CTCF	-1.3250381711282	4.41517775486789e-11
PI3K	MLANA	-9.98574293200138	1.84165090228066e-43
PI3K	PMEL	-6.5903482481995	6.87478637985231e-36
PI3K	FAXDC2	-12.4212738274813	3.29751478734341e-34
PI3K	HSD17B8	-8.60157067564918	9.94822409916159e-34
PI3K	CTSF	-9.17214273519104	1.02352115543403e-31
PI3K	SPSB3	-6.53372855841329	1.27394631726602e-31
PI3K	ATP6V1G2	-7.23734622762513	1.64264560516527e-31
PI3K	TYR	-5.07685408927583	3.45852323932202e-31
PI3K	GNPTG	-6.96660957448126	6.01811057101121e-29
PI3K	INPP5K	-4.53009815299132	6.38552968963403e-29
PI3K	WDR31	-3.94383878232922	6.88079554487928e-29
PI3K	PEX11G	-4.45461364324906	7.15374880484698e-29
PI3K	DHRS12	-3.40734981909503	1.40310428377533e-28
PI3K	NT5M	-3.91513055341077	6.67379277748209e-28
PI3K	PAEP	-3.80322755378366	7.68712394101105e-28
PI3K	CREB3L4	-9.10265165349138	1.03196981826704e-26
PI3K	UBALD2	-9.9853774649777	1.11589401262154e-26
PI3K	ING4	-7.70011807552868	1.71264632763674e-26
PI3K	DERL3	-4.03367942481051	2.53843356377739e-26
PI3K	KRTAP19-1	-6.88195169071733	1.1785932243604e-25
PI3K	SLC27A1	-8.32992083970463	5.67924744351312e-25
PI3K	APOC1	-5.06131014685356	1.45842126116066e-24
PI3K	CCDC25	-4.33927130721477	3.10074349090972e-24
PI3K	FCGRT	-6.17024340583968	4.8728669340635e-24
PI3K	CDK5RAP3	-5.25476658764296	5.17768058813398e-24
PI3K	NENF	-2.86223344936892	8.50384274895831e-24
PI3K	DNAI4	-3.62712257526587	9.58214949033822e-24
PI3K	YBX2	-4.4198573450747	1.86726008370435e-23
PI3K	TFDP2	-5.67358822724195	6.28892460557722e-23
PI3K	AMIGO1	-6.00032101275205	7.15489931465478e-23
PI3K	CA14	-4.83804022189004	7.64516327231646e-23
PI3K	CBX7	-6.43722025284963	9.48618739400941e-23
PI3K	MCAM	5.1250827229371	1.56203636213595e-22
PI3K	CRYL1	-7.33302617907713	2.94477000729127e-22
PI3K	RPS29	-5.84444086613272	3.60550011112455e-22
PI3K	SMIM19	-7.21055901199547	3.86339138625811e-22
PI3K	SLC18A1	4.6520925271988	4.51564065779467e-22
PI3K	FBXO25	-7.03302973444092	4.51682066577914e-22
PI3K	C5orf52	12.2398089550562	5.48638871157432e-22
PI3K	TNNI3	-3.67219442156719	9.08034090315513e-22
PI3K	S100A1	-3.98892395619226	9.86621804369537e-22
PI3K	TTC12	-3.18487304334592	1.94564349302014e-21
PI3K	THNSL2	-4.31834057929394	2.41918269115098e-21
PI3K	GAA	-5.36778410442264	2.6430247993519e-21
PI3K	BAAT	-3.55753878109094	2.65009134044269e-21
PI3K	CTDSP1	-5.56756931753247	2.79311999439162e-21
PI3K	LINC02915	5.81104798483132	3.31832152681686e-21
PI3K	COQ8A	-6.3882123748855	3.61044552117952e-21
PI3K	FCMR	-4.92688011408367	4.07452289542585e-21
PI3K	TBC1D15	-5.41263103979862	4.69256273423914e-21
PI3K	TSNARE1	-2.43150330127202	5.94573767335364e-21
PI3K	TMEM42	-7.98932674781528	1.22159393357159e-20
PI3K	MYL5	-5.23829646055669	1.35242632515684e-20
PI3K	GEMIN8	-4.13317735972695	1.4521284967915e-20
PI3K	WIPI2	-3.15306605993472	1.77570238914393e-20
PI3K	MST1	-4.98688563560501	2.40480325990117e-20
PI3K	TRIM63	-5.52859767409549	2.52158246602832e-20
PI3K	C11orf1	-3.33427274658542	2.61488330317221e-20
PI3K	MFGE8	-5.90153045494985	3.31921115870461e-20
PI3K	HSBP1L1	-6.8931569144425	4.32198814297742e-20
PI3K	FHIT	-4.61516694668944	4.34310955706826e-20
PI3K	MIR1915HG	4.95274148470206	5.46508773676334e-20
PI3K	RGS10	-3.88039733945838	7.28229037462017e-20
PI3K	GLI4	-3.0980704897335	8.73730438618418e-20
PI3K	VAMP5	-4.36107400342695	9.73094173807754e-20
PI3K	CYTL1	-4.86544163639119	9.8446453935054e-20
PI3K	TPPP	-2.54311816143599	1.56400879213772e-19
PI3K	CAMLG	-5.79570374485461	2.31102662655574e-19
PI3K	PSMG3-AS1	-8.01327658331417	3.3912659361703e-19
PI3K	CIR1	-5.02316118285144	3.40742267997432e-19
PI3K	DNAL4	-4.44586727498809	4.51436955387361e-19
PI3K	LRRC23	-3.29325311046509	4.65449747904034e-19
PI3K	METTL27	-4.5498730551595	5.47838056754103e-19
PI3K	SLC26A4	-3.73883989050786	5.49546311770076e-19
PI3K	INO80C	4.10821747861681	5.78330243415501e-19
PI3K	AEBP1	-4.09261078767931	8.22500121017652e-19
PI3K	CREBRF	-10.4460752741883	1.07385649415107e-18
PI3K	CCDC28A	-8.06067844120822	1.07841549071385e-18
PI3K	BEGAIN	-4.19647716673333	1.40325851908159e-18
PI3K	COMMD6	-3.46243911328989	1.5690684129713e-18
PI3K	ARSJ	7.06108078187924	2.01000071774911e-18
PI3K	ZSCAN2	-3.15874345354772	2.39874814760954e-18
PI3K	NR2E1	-2.72151809767483	2.75210085682985e-18
PI3K	ZNF554	-2.67497823862308	3.91817379027954e-18
PI3K	MRPL10	-4.87165425024191	4.17390616642663e-18
PI3K	ZNF76	-2.79225593483092	6.56599700159561e-18
PI3K	FBXO44	-3.99973394224556	8.47167890087872e-18
PI3K	GAREM2	-4.09273889946688	1.01602201245768e-17
PI3K	ALG14	4.41613921979738	1.07535551160197e-17
PI3K	MAP1B	7.02369305434539	1.07917924246233e-17
PI3K	CPXM1	-4.04203813670041	1.37844982265248e-17
PI3K	ZNF396	-2.53804821619318	1.42087748395323e-17
PI3K	MROH6	-4.41899557925087	1.46682898285939e-17
PI3K	CRBN	-6.89871723274358	1.73379871861858e-17
PI3K	ARL2	-4.90773355658093	1.81695015225294e-17
PI3K	PPP1R26	-3.72424287015719	1.85177910376835e-17
PI3K	RNF44	-5.73431317321176	2.90074023326259e-17
PI3K	RTN2	-7.48564963103951	2.94801998322497e-17
PI3K	ACBD4	-3.2096475771497	3.25379031956136e-17
PI3K	WHRN	-5.1520134383423	4.19216796388327e-17
PI3K	TRAPPC6A	-6.95524148588124	4.32026787814463e-17
PI3K	GUSB	-2.81989762250987	4.41801699279399e-17
PI3K	FAM149A	-3.46667879878907	4.89343179021381e-17
PI3K	SLC41A3	-3.55010832242782	5.48423924826397e-17
PI3K	TAB1	-2.77487236398243	5.79896037775833e-17
PI3K	BRI3	-4.98428162274632	6.46228155583293e-17
PI3K	ETHE1	-4.93663021602244	9.32689513315209e-17
PI3K	SSR1	3.65112135860456	1.0684259935435e-16
PI3K	MIA	-3.123257044219	1.09087895440858e-16
PI3K	ABTB1	-2.68688005535671	1.25750419106882e-16
PI3K	BPHL	-4.11019772550667	1.41659320050432e-16
PI3K	C14orf178	-2.24601777470833	1.62659109326029e-16
PI3K	HMGCL	-6.52340659404978	1.89908618933391e-16
PI3K	KLHL24	-9.9284784670516	2.24563150898046e-16
PI3K	TCN2	-3.52794459364398	2.5730728604653e-16
PI3K	ZMYND12	-5.42818064478487	2.73265399469107e-16
PI3K	GIT1	-3.08611680618319	2.79693438074028e-16
PI3K	ATG5	3.21289985192969	2.8545559384025e-16
PI3K	METTL25B	-3.91270106085957	3.31253431121641e-16
PI3K	TMEM187	-4.76410531975365	3.32699304402554e-16
PI3K	TMEM129	-4.44157210419988	3.39861710068422e-16
PI3K	CHMP1B	-5.06930105574578	3.82322583208434e-16
PI3K	MTMR2	3.64972620802639	4.22825163421149e-16
PI3K	ESRP1	-5.17559387770192	4.27386792994676e-16
PI3K	COA5	-4.99299891110849	4.49739770205328e-16
PI3K	WDR45	-5.46843086216023	4.95030144670361e-16
PI3K	GLIPR1	6.68552273722359	4.95154593014213e-16
PI3K	PELO	2.430886794857	6.49272446370534e-16
PI3K	LETMD1	-6.5947629475543	6.70692561183797e-16
PI3K	NBR1	-4.61168680558638	6.87321356850789e-16
PI3K	ZNF862	-5.3833446819235	6.93868767005728e-16
PI3K	ABCD4	-2.32594563299605	7.39918034258957e-16
PI3K	C12orf76	-5.28512440765093	7.82951060221839e-16
PI3K	CDIPTOSP	-3.87920079251556	8.06241357983331e-16
PI3K	ITGA10	-4.32410845647614	8.43933617242954e-16
PI3K	EAPP	-5.24274148575208	8.44022811691526e-16
PI3K	TESK2	-4.78203609469871	9.88026060779347e-16
PI3K	SLC25A26	-3.04930890576466	1.01095789421857e-15
PI3K	IGBP1	-5.99671662666731	1.06178342983031e-15
PI3K	WDR48	-3.48442630620802	1.12942710061484e-15
PI3K	GIGYF1	-1.86681708353138	1.24245057207918e-15
PI3K	PYCARD-AS1	-3.7482756719724	1.25144449536993e-15
PI3K	MYPN	4.47416760202004	1.41308341672813e-15
PI3K	ALDH6A1	-6.21957831898459	1.59366506780116e-15
PI3K	ZNF212	-2.19711126492339	1.6510704990183e-15
PI3K	AMDHD1	-6.7394835818829	1.84645182533393e-15
PI3K	YPEL1	-4.76527046023801	1.96995997120062e-15
PI3K	CLBA1	-2.38543589717494	2.07954970915672e-15
PI3K	COG4	-3.82705813110523	2.16869988743974e-15
PI3K	UCN	-3.7230146815428	2.24900138031894e-15
PI3K	APOE	-2.44797445870108	2.31631662636686e-15
PI3K	TNFRSF14	-5.18284469988228	2.32077605510073e-15
PI3K	BCKDHA	-5.79331742149876	3.51759155654758e-15
PI3K	OXLD1	-3.71401963160928	3.55480266560684e-15
PI3K	RGS11	-1.67806763638203	3.66681687337224e-15
PI3K	GPM6B	-4.97706458053392	3.8034777001008e-15
PI3K	PLA2G6	-2.59585246854982	3.83409274038655e-15
PI3K	KLRC3	-4.63902445782151	4.36424353805388e-15
PI3K	ENGASE	-3.08794131104569	4.55237587207594e-15
PI3K	GCLM	7.81565578681218	4.58042874824615e-15
PI3K	DNAJB11	5.97306959124892	5.3559326061655e-15
PI3K	C6orf52	-2.8887366496784	5.41887533144197e-15
PI3K	TTYH1	-3.67569776039458	7.04219147953595e-15
PI3K	MUTYH	-3.44698169518882	7.16511229990779e-15
PI3K	TRAC	3.80639067393554	7.68054216618945e-15
PI3K	CHMP2A	-4.95216271267203	7.88939214149168e-15
PI3K	REPS2	-4.41561889121624	8.2916921236561e-15
PI3K	NSG1	-4.90976566210216	8.72646816760577e-15
PI3K	OCA2	-5.80205755036734	1.01595261047896e-14
PI3K	VPS11	-3.40915487021802	1.05846762500081e-14
PI3K	ATG4A	4.07634213525422	1.08774703571456e-14
PI3K	SEPTIN3	-3.92333474712518	1.0944572934589e-14
PI3K	RFPL2	-2.09023092799475	1.18091987954637e-14
PI3K	RPS28	-2.79560791009061	1.39978734616581e-14
PI3K	ETV2	-2.39049099380061	1.40118574306792e-14
PI3K	SPACA9	-3.00575475854115	1.41159270504503e-14
PI3K	CUEDC2	-4.00918891395637	1.62206186318469e-14
PI3K	ACVR2B	-2.92539909994843	1.70311110525474e-14
PI3K	DCAF4L1	3.61435958455891	1.93201686767197e-14
PI3K	C2orf81	-2.4052653229223	1.95730827832382e-14
PI3K	FOLH1B	-3.00424320749747	2.03006703758255e-14
PI3K	HPS4	-2.78870282744217	2.04976583435875e-14
PI3K	C22orf46	-2.54126059115418	2.15093474271923e-14
PI3K	C19orf54	-4.55337731769574	2.27782864763381e-14
PI3K	BMF	-15.9415820184024	2.60450337792613e-14
PI3K	CBY1	-2.42770158550324	2.92755806136088e-14
PI3K	ERMARD	-4.39859614263316	3.01183825348408e-14
PI3K	GPR143	-3.12472608181966	3.05543675960343e-14
PI3K	SLU7	-5.65676176720287	3.07847058985665e-14
PI3K	DDX25	-2.31996963338154	3.36705328194172e-14
PI3K	PAIP2	-3.10137840159287	3.47998072027256e-14
PI3K	TEKT3	-2.5167739526321	3.85048742833919e-14
PI3K	GGT7	-2.23278721692323	4.00782286851575e-14
PI3K	GLA	5.64640610708012	4.36763215921261e-14
PI3K	SLC5A2	-1.93498167630712	4.63768989446173e-14
PI3K	RGL2	-4.62756375015623	4.74506658345147e-14
PI3K	CRYBG1	6.98528501494252	4.90328639707678e-14
PI3K	GSTZ1	-3.67949813929158	4.97153750455131e-14
PI3K	ZNF233	-3.22127727668383	5.2394782522108e-14
PI3K	ABHD14B	-6.05554696098929	5.38861768246016e-14
PI3K	CALM1	4.51365300728561	5.48440107236686e-14
PI3K	RAMP2	-2.19580622571465	5.70305643577672e-14
PI3K	MYO5C	-4.87675070954541	5.99285566631153e-14
PI3K	ELAC2	2.78939032441584	6.19723525244037e-14
PI3K	OPA3	2.19336920928804	6.52804777140185e-14
PI3K	MLPH	-6.23703927167137	6.82394765205362e-14
PI3K	BCL7A	-3.81894630657172	6.9753808406786e-14
PI3K	AZGP1	-5.63324752061329	7.39134515233199e-14
PI3K	SYCE2	-3.40379178261679	7.55514254079637e-14
PI3K	FBXO31	-2.74970182202727	7.96607981101455e-14
PI3K	PTS	5.10340116080027	8.08559219712764e-14
PI3K	A2M	-4.13263920875155	8.52348271422746e-14
PI3K	CYB5D2	-6.01741038943064	8.55069705167825e-14
PI3K	FAM210B	-7.77406644101412	9.13572058494848e-14
PI3K	ZNF197	-2.40933418036306	9.94429213534761e-14
PI3K	LINC00052	3.86760763796848	1.00409168930661e-13
PI3K	CYP4V2	-3.81211545970019	1.1080949607125e-13
PI3K	OSGIN1	3.39826197635766	1.14542955903086e-13
PI3K	FAAH	-2.54233925165333	1.14708973313504e-13
PI3K	DOLPP1	3.13493180237445	1.27268847631684e-13
PI3K	SPATA20	-4.73594203129572	1.36254839219855e-13
PI3K	DNAH2	-1.95731421766341	1.38054099509335e-13
PI3K	TRPM1	-3.75773966600037	1.42601956018084e-13
PI3K	NOA1	-4.69435954621425	1.47522801005807e-13
PI3K	ST6GALNAC2	-8.3080370574959	1.50517372254007e-13
PI3K	ASMTL	-4.19537820250923	1.55553811295903e-13
PI3K	IFT88	-4.06414840225892	1.58339956375914e-13
PI3K	NHS	4.33401513019693	1.65069483259309e-13
PI3K	TSG101	-3.41582191137731	1.79798408025279e-13
PI3K	ZNF446	-2.01546189027034	2.39005488622091e-13
PI3K	ARSD	-2.88069658243557	2.65012454197014e-13
PI3K	NFKBIL1	-2.8085720260313	2.67344123234893e-13
PI3K	SPCS3	4.24022951896237	2.83664308665582e-13
PI3K	OSBPL5	-3.44257472999769	3.06049723690438e-13
PI3K	GRN	-7.04630683392826	3.19204630397361e-13
PI3K	HSD3B7	-4.93540538141587	3.34577074600431e-13
PI3K	GRHPR	-3.31584686971602	3.48296994344887e-13
PI3K	USB1	2.73629309689426	3.54541898505443e-13
PI3K	SURF1	-3.20985665157087	3.78251014490159e-13
PI3K	GGACT	-1.84702585372862	4.04430532546622e-13
PI3K	ASIC1	-2.76319274706796	4.24868303117996e-13
PI3K	ATG14	-5.73130199099776	4.50517648003487e-13
PI3K	TUBB2B	5.4880287180455	4.51517594755927e-13
PI3K	SAR1A	3.04440339471837	4.75492390986897e-13
PI3K	CDK18	-4.19562184901984	4.75912803095438e-13
PI3K	FAM228B	-7.71524564886534	4.94587721688057e-13
PI3K	AAMDC	-2.81593163321947	4.9519592335116e-13
PI3K	C2orf68	-4.18552494516513	5.18168848133257e-13
PI3K	KCNG4	4.02581611231835	5.19167740237114e-13
PI3K	RPS15A	-2.99884588749103	5.21843337927214e-13
PI3K	TRIM4	-3.09546352928203	5.2310494516322e-13
PI3K	HEBP1	-4.2673210440104	5.42981230773513e-13
PI3K	NIPSNAP1	-3.80666409937924	5.4467054201417e-13
PI3K	BTBD8	-4.53157929677217	5.66441658525326e-13
PI3K	DMKN	-4.42158536753224	6.57680126327097e-13
PI3K	CKAP4	3.80122959884278	6.94562614686318e-13
PI3K	HINFP	-3.37794585469795	7.06357073526867e-13
PI3K	SUMF2	-4.28649875227608	7.54277065431447e-13
PI3K	ZNF704	-3.84134349305279	7.57400399460557e-13
PI3K	TMEM91	-3.20051472148572	8.0545448502443e-13
PI3K	BVES-AS1	-2.86827486235126	8.42541782486921e-13
PI3K	CCNB1IP1	-5.42722906575271	9.26782507592918e-13
PI3K	NATD1	-5.14141139238987	9.57024901488706e-13
PI3K	MCRIP1	-3.56715568225639	1.03064171032545e-12
PI3K	ZNHIT3	-3.02718580377536	1.07085603023648e-12
PI3K	USE1	-3.02925238620197	1.10796042742474e-12
PI3K	ZNF528	-2.95067731153581	1.12119492463531e-12
PI3K	PRSS54	-2.46882424990307	1.14198356247206e-12
PI3K	HEATR3	4.74619975906915	1.1568333544963e-12
PI3K	SETDB1	-2.57533169287051	1.1629191586607e-12
PI3K	ITM2C	-3.20728940847984	1.24088931254014e-12
PI3K	PHETA1	-2.56162238074523	1.24959836718414e-12
PI3K	TRIM66	-2.19680122355148	1.28445879580727e-12
PI3K	SAMD13	-5.33490841335592	1.296451643948e-12
PI3K	H2AC25	-5.55942566537531	1.30697933541258e-12
PI3K	HACL1	-5.77908640983181	1.30923793489314e-12
PI3K	MAPRE1	3.70935568951345	1.34320045126428e-12
PI3K	FBLN7	-4.39764231453026	1.34594102767757e-12
PI3K	CALCOCO1	-6.14650227819688	1.43663372842528e-12
PI3K	ENKD1	-3.01338295883264	1.44701300362094e-12
PI3K	VCP	3.85654054619067	1.49103419133809e-12
PI3K	H1-10	-5.75528640294555	1.55511436932581e-12
PI3K	WDTC1	-2.2658987606516	1.60750512815595e-12
PI3K	SERPINH1	4.64740212683442	1.71424266124861e-12
PI3K	PCOLCE	-4.28744800239228	1.72417012393165e-12
PI3K	RPP25L	-3.96870807588201	1.81342433192202e-12
PI3K	ADHFE1	-5.52362667987178	1.86498621181013e-12
PI3K	ARSG	-7.69053144918824	1.91754403080152e-12
PI3K	JUP	-5.66839524743889	1.95330229725259e-12
PI3K	PCMTD1	-4.31460665378806	1.97314732429258e-12
PI3K	SEC61A1	3.70861473989431	2.06436924309063e-12
PI3K	FKBP14	4.26801093994604	2.09374291915217e-12
PI3K	EIF4B	-4.20451920299553	2.13016173086154e-12
PI3K	LRRN4CL	-5.06138805989942	2.14231602760356e-12
PI3K	TAF13	5.00329924273279	2.15931294496048e-12
PI3K	PGAP3	-3.0159358217774	2.16989000122217e-12
PI3K	UBXN1	-2.17812078414932	2.39928796118954e-12
PI3K	MMUT	-3.6255302474404	2.47263597883889e-12
PI3K	AZIN2	-3.43426981495766	2.49577908689788e-12
PI3K	SP2	-1.72770564947247	2.55084776439422e-12
PI3K	NRXN3	3.39015449905584	2.56154215395722e-12
PI3K	EFHC1	-4.29048347470639	2.67250058751083e-12
PI3K	SLC25A34	-2.24031151613389	2.6802855180093e-12
PI3K	SYF2	-2.77040960413259	2.69272682255451e-12
PI3K	ABCD3	4.703880330471	2.81339823829209e-12
PI3K	FAM20B	3.06174652207675	2.87064867662727e-12
PI3K	JMY	-6.82951163327996	2.89630580317926e-12
PI3K	ATP8B2	-3.28626137238544	3.04141070730138e-12
PI3K	C5	-4.75297565026008	3.18199857156833e-12
PI3K	NR1D2	-6.23822849420542	3.35328590538791e-12
PI3K	SKIDA1	3.37986015628271	3.72309177793853e-12
PI3K	PMM1	-3.56824557059381	3.84156144240938e-12
PI3K	TMEM167A	4.66785794564636	3.99249580611991e-12
PI3K	LRRIQ3	-2.23011856578659	4.02856800244012e-12
PI3K	D2HGDH	-2.74362211501782	4.25931371726478e-12
PI3K	APBB1	-1.82205118153328	4.30083399838447e-12
PI3K	CLCN6	-2.83301207852402	4.88953250265396e-12
PI3K	PIGV	-3.90589179552807	5.15996192060429e-12
PI3K	PUS7L	3.26610575712385	5.34126952512783e-12
PI3K	TSPAN7	-4.44242787753153	5.39255543478914e-12
PI3K	PPP1R35	-3.30005296748433	5.44142870650613e-12
PI3K	FKBP10	-2.66118288838286	5.77037043048968e-12
PI3K	ARSL	-3.17680835338624	6.37527001572389e-12
PI3K	FBXL20	-4.65164982044354	6.63198398651437e-12
PI3K	AADAT	4.10181372931765	6.83748833546384e-12
PI3K	HAUS5	-2.14036907165624	6.90068937924506e-12
PI3K	PCYT1A	2.89411971248585	6.99113397572192e-12
PI3K	ZFP41	-1.99785918290742	7.058058935067e-12
PI3K	ZNF32	-3.90243626314543	7.53416773268319e-12
PI3K	PYCARD	-5.59932090606464	7.53896947048868e-12
PI3K	FRAT1	-5.96313342305774	7.83849911355372e-12
PI3K	SUFU	2.51460378109789	8.19943300231015e-12
PI3K	SAR1B	3.70875498582165	8.26787852247196e-12
PI3K	TKFC	-2.38449899944374	9.03479361697155e-12
PI3K	CTBS	-3.51965804868466	9.25318396101945e-12
PI3K	MAP1LC3A	-5.6724396823744	1.01389051449445e-11
PI3K	CEP68	-3.75103852671985	1.05506912746086e-11
PI3K	TLCD5	-2.95080309715472	1.14721749046533e-11
PI3K	FNDC10	-3.94421227330501	1.15473199663529e-11
PI3K	MMP8	3.52342580928208	1.2581041419603e-11
PI3K	KLHDC2	-7.30691904969826	1.2677904108825e-11
PI3K	PAN2	-4.16929799213366	1.29201499190686e-11
PI3K	INO80B	-2.94292967147854	1.32328751622666e-11
PI3K	LCMT1	-2.43842124073588	1.3663663331592e-11
PI3K	NR1H3	-4.64867560344547	1.41483615079987e-11
PI3K	MFSD4A	-1.83446916285709	1.42307213909699e-11
PI3K	ACTR3	3.06360732270836	1.47142486641323e-11
PI3K	PSMD1	4.67561577379951	1.48812589856531e-11
PI3K	TMEM101	-3.57484798762279	1.52906841178722e-11
PI3K	PAOX	-1.63675478360702	1.64650547319367e-11
PI3K	ZBTB8OS	4.33455983995375	1.64655574999035e-11
PI3K	KPNA3	3.6759903741925	1.72964518416562e-11
PI3K	TXNIP	-14.1019541927359	1.77448712965247e-11
PI3K	BBS2	-5.11793270504764	1.8256057847427e-11
PI3K	ENAH	3.55983023403366	1.86571598105729e-11
PI3K	PARD6A	-2.42681735922847	1.91507355556448e-11
PI3K	BRD3	-2.76314332874991	1.98380966060351e-11
PI3K	GPX4	-4.38807531297321	2.01897393509877e-11
PI3K	VPS51	-3.9096823044409	2.06271682283959e-11
PI3K	PMS2P1	-3.06334163718386	2.09592360863614e-11
PI3K	MLLT11	6.30950596538397	2.28871333796608e-11
PI3K	DNPH1	-3.36147548355905	2.32307458909709e-11
PI3K	PIGZ	-3.38670391791315	2.43458552147691e-11
PI3K	SNX9	-7.33355097352639	2.45769264833637e-11
PI3K	SEC23A	3.2582418910257	2.53635578300001e-11
PI3K	ACAD10	-1.88080702702429	2.55935214194301e-11
PI3K	NUDT2	-2.82042975485395	2.58759466906815e-11
PI3K	LZTFL1	-2.99510634371349	2.61270064661161e-11
PI3K	C10orf95	-2.11397741392072	2.6515744565714e-11
PI3K	TFR2	-1.57057470798431	2.91824008301614e-11
PI3K	BBS1	-2.69498369567869	3.02005603138047e-11
PI3K	OGDHL	-2.70999837100429	3.04896806378508e-11
PI3K	ATP6AP2	-2.34711531732566	3.08540014864229e-11
PI3K	ABCG5	-2.31359815777848	3.24837042047014e-11
PI3K	TIGAR	7.98589226514697	3.30490427730259e-11
PI3K	MBP	-3.15926880301715	3.51901554871339e-11
PI3K	RAB6B	-2.27475637768779	3.56642887052557e-11
PI3K	DIPK1B	-2.23043350988348	3.89210409478792e-11
PI3K	LEKR1	-2.1194450487683	4.09556636114698e-11
PI3K	GHDC	-3.46533109913377	4.1880420102997e-11
PI3K	ACCS	-3.87482466864284	4.23161098097046e-11
PI3K	BRD8	-2.82164771417688	4.2956743930805e-11
PI3K	HDAC11	-2.31918284586206	4.46967025541566e-11
PI3K	DHX40	-5.34492196411251	4.4793352548757e-11
PI3K	UBL7	-3.42346693861462	4.57558577448453e-11
PI3K	RETREG2	-3.76712196928228	4.65653132525525e-11
PI3K	DNAAF3	-2.83726631025872	4.72436169921005e-11
PI3K	PCYOX1L	-5.33800347046029	4.80095237537652e-11
PI3K	IDUA	-1.86003953568176	4.92660487093143e-11
PI3K	KANK3	-2.39477546494304	4.97516466813423e-11
PI3K	ACTR1B	-2.21204632949396	5.0116520242662e-11
PI3K	NIT1	-2.61714159944655	5.45306327957638e-11
PI3K	IPPK	2.99243958162029	5.46475135342249e-11
PI3K	NDUFAF5	2.27154860479421	5.60064863912798e-11
PI3K	ARPIN	-2.36649549424006	5.68419886466373e-11
PI3K	FUZ	-2.16938799217894	5.6849269188025e-11
PI3K	HSPA5	5.58028499967893	5.94307561638386e-11
PI3K	HLX	-4.59555489981736	5.98571505463093e-11
PI3K	ZDHHC4	-2.31076833489188	6.02229815232567e-11
PI3K	SEC23IP	2.72812819136561	6.42174840713188e-11
PI3K	OS9	-3.51822776916788	6.55636163400257e-11
PI3K	HRK	-2.09319814923737	6.7974562115148e-11
PI3K	DSCR8	-3.3042566010138	7.10732658697203e-11
PI3K	DMAC1	-4.15956315061515	7.15084725396955e-11
PI3K	KCTD2	-1.88724402026017	7.60408305622127e-11
PI3K	RAB17	-4.38593204286541	7.63463670765584e-11
PI3K	CCDC78	-2.90978165496404	7.84388282489630e-11
PI3K	HHLA3	-3.58168202922868	8.39818972068271e-11
PI3K	TMEM100	5.925691866151	8.49631208759667e-11
PI3K	HDAC5	-3.66701853734919	8.66807720278595e-11
PI3K	SPATA7	-5.61255300436011	8.83287560967435e-11
PI3K	GLB1L	-2.35354976203292	9.01790799377192e-11
PI3K	BAIAP3	-1.45689721843648	9.26430455452429e-11
PI3K	CAPN3	-5.80873756853038	9.26724674395723e-11
PI3K	WSB2	3.93804412899263	9.45871123200844e-11
PI3K	STON1	-8.81646320413724	9.87350249844346e-11
PI3K	VAMP2	-2.44996043942939	9.90861811175408e-11
PI3K	BANK1	3.04670715771419	1.00693370706661e-10
PI3K	PASD1	2.13730200037681	1.0140704960832e-10
PI3K	RMND1	-3.9980939173563	1.0283371118866e-10
PI3K	ZNF277	-3.14086772184869	1.05895001702027e-10
PI3K	HYOU1	4.73723316822529	1.1001208239075e-10
PI3K	XPO6	2.98002253462292	1.13566561915991e-10
PI3K	ANXA2R	-4.02006612702479	1.13877630812244e-10
PI3K	CCNDBP1	-5.69300291088768	1.20154836277955e-10
PI3K	HTR2B	-4.7864573507422	1.36743064167278e-10
PI3K	ZCWPW1	-1.71916161351121	1.44189448800027e-10
PI3K	RING1	-2.24586809757882	1.49995564405481e-10
PI3K	BBS4	-3.33326048308427	1.52768578029033e-10
PI3K	PIWIL4	-3.56724815866698	1.61554883228248e-10
PI3K	ENSA	2.36538972622867	1.62534672097565e-10
PI3K	WASHC2C	-4.86373270901594	1.64776161803088e-10
PI3K	BSDC1	-2.40705647629072	1.74986459343892e-10
PI3K	EIF4G1	3.8412371787886	1.76225024202662e-10
PI3K	KIF5B	3.10874439871401	1.80403211034204e-10
PI3K	STARD3	-1.91130642940665	1.8062791076165e-10
PI3K	RANBP10	-1.85080200407991	1.81027590650537e-10
PI3K	BOD1L1	-2.90252705756695	1.82309269026719e-10
PI3K	AP1G1	2.53498937258495	1.84261425799657e-10
PI3K	NAPRT	-2.4225520753902	1.84483317833416e-10
PI3K	SPATA17	-3.2162133614991	1.93280700713454e-10
PI3K	TBX19	-2.42264210978176	1.99407180115518e-10
PI3K	CLCN7	-2.19065705208033	2.00933440186082e-10
PI3K	TGIF2	-2.96489165960724	2.04968722377172e-10
PI3K	RXRB	-2.0086147429879	2.07366871870346e-10
PI3K	CNOT9	2.72722883417208	2.20674698333677e-10
PI3K	HBP1	-4.67048523506317	2.21889091250993e-10
PI3K	PMS2P3	-2.17862186182678	2.23000039766554e-10
PI3K	CLOCK	3.11991066339725	2.3869355968106e-10
PI3K	CCDC140	-2.06629394369049	2.42738819907425e-10
PI3K	SLC6A6	3.92228283094879	2.6305318880677e-10
PI3K	RPL22	-2.15327180593866	2.69481343628645e-10
PI3K	STK16	-2.07419872462959	2.74248938598598e-10
PI3K	FBXW4	-2.93978692142627	2.86188858188624e-10
PI3K	ARIH2OS	-4.81361049294737	2.99896536770233e-10
PI3K	AGFG1	2.61741523257987	3.07055371311657e-10
PI3K	EFNB2	6.08679006067139	3.08962256525313e-10
PI3K	GDPD5	-4.28469609406263	3.09164172173523e-10
PI3K	HCCS	3.6042237151323	3.11391001106009e-10
PI3K	ARL6	3.67094425949848	3.11865080743096e-10
PI3K	APOD	-4.46901896644518	3.21118985409587e-10
PI3K	ULBP2	4.25174689404277	3.24374946584893e-10
PI3K	SURF4	3.63855956071448	3.3578545386972e-10
PI3K	CALU	3.74192089799961	3.40407435967339e-10
PI3K	NUCB1	-3.69011362355826	3.40493636675632e-10
PI3K	TMEM86A	-2.99459138400846	3.42902888264583e-10
PI3K	JOSD2	-3.06297409118722	3.43017468669564e-10
PI3K	CFAP43	-1.30896380314885	3.50763674607217e-10
PI3K	ZNF311	-2.66547452180771	3.65365224831282e-10
PI3K	MRPL42	3.42951113466603	3.7512721745537e-10
PI3K	POLR1D	-3.62857422883153	3.75366696363369e-10
PI3K	POLR3G	4.83719227565842	3.78523889205764e-10
PI3K	IL17D	-3.75410582241878	3.9157774877525e-10
PI3K	PAQR6	-3.32286251676216	4.03795222904807e-10
PI3K	DUSP22	-4.16144597518165	4.04357640958258e-10
PI3K	PDZD4	-2.4555607541608	4.06467799160976e-10
PI3K	FOXO4	-2.79458799924669	4.0934676328767e-10
PI3K	ZFTRAF1	-1.82286015568599	4.23336988025031e-10
PI3K	FOXF2	-3.75532745745811	4.24867410523598e-10
PI3K	WBP2	-3.1503331538339	4.29946641809459e-10
PI3K	YPEL3	-7.03136433403796	4.3035549342564e-10
PI3K	CSNK1D	-3.47328728988943	4.35751074499173e-10
PI3K	ZC3H10	-1.98826855805438	4.36839896637875e-10
PI3K	WDR91	-2.92116874466688	4.45188335993142e-10
PI3K	ACTG2	3.36832558977775	4.66026604083543e-10
PI3K	INTS6L	3.48007158191457	4.82431305017788e-10
PI3K	ATP8A2	2.06887367616784	4.84782136067396e-10
PI3K	TUBB6	6.58926729729307	5.06693252937533e-10
PI3K	BPNT2	2.41692212413216	5.1154441831987e-10
PI3K	ZCCHC9	-3.35698615538391	5.2802488535626e-10
PI3K	RWDD2B	-3.55163260522173	5.35699849147401e-10
PI3K	EIF3H	-2.54380980964257	5.43420727274709e-10
PI3K	MPDU1	2.46054164444378	5.47201257559004e-10
PI3K	SHC2	-3.11610696978797	5.4743640429502e-10
PI3K	MIEF2	-3.79603232218127	5.49775218093808e-10
PI3K	MMEL1	-2.18241391147646	5.63632723389893e-10
PI3K	UBL3	-4.77640650412783	5.78193002712679e-10
PI3K	TTLL1	-4.01409341314329	6.08181296751599e-10
PI3K	PIM1	-7.22074937918269	6.1173594172172e-10
PI3K	SWT1	-4.21647815022616	6.32124553292844e-10
TGFb	LINC00312	4.42898709353377	2.00744434073173e-17
TGFb	TSPAN2	5.50232611582591	3.14517669122486e-16
TGFb	SMAD7	7.63114337453368	7.30871070293729e-16
TGFb	NOX4	5.91381315164949	3.82922359295111e-15
TGFb	COL4A1	6.33748957483242	9.05250083374898e-15
TGFb	CAVIN4	4.5973433386721	1.47188384434857e-14
TGFb	ID4	4.16990135012905	2.01732589518167e-14
TGFb	BMPR2	4.01550503146815	2.06806507730511e-14
TGFb	SKIL	4.27418121936063	3.01829107919477e-14
TGFb	RASL11B	2.72300987035008	3.05841927495841e-14
TGFb	COMP	9.89924996035517	6.76580866724448e-14
TGFb	LMCD1	5.67528152626637	1.37937557544951e-13
TGFb	MRAS	5.2019665810873	1.81033307392363e-13
TGFb	ID1	12.3542876610615	2.58425214564757e-13
TGFb	SYT15	3.85774315387963	3.33029776858487e-13
TGFb	CILP	4.65100396366156	5.30534947079576e-13
TGFb	CNN1	4.95347124865968	9.55073512772059e-13
TGFb	ADAM12	3.96830453450054	1.11669094049917e-12
TGFb	ITGA11	3.39269756527187	4.94060477767467e-12
TGFb	COL5A1	5.22105124556953	8.69597540403275e-12
TGFb	MFAP4	5.81303850112824	9.45850323084303e-12
TGFb	FSTL3	6.80735910341726	1.04937839650906e-11
TGFb	IL11	6.3308961562903	1.10898391667222e-11
TGFb	ID3	10.481113198179	1.34225523063904e-11
TGFb	NINJ2	3.87562659588594	1.69026490067084e-11
TGFb	PLN	2.74832322185897	1.76623734500888e-11
TGFb	BGN	3.23783999976143	1.80369701225532e-11
TGFb	CRLF1	4.82529311181974	9.02277868019632e-11
TGFb	CALD1	3.05163558943135	1.06012128437286e-10
TGFb	MYOZ1	4.96247484951778	1.06179636802198e-10
TGFb	COL4A2	4.22126367783392	1.08107368009783e-10
TGFb	NOX1	-1.04576337491561	1.13062429020078e-10
TGFb	PMEPA1	8.09614088082701	1.69404046496019e-10
TGFb	SAMD11	4.98308470437278	1.8755659829919e-10
TGFb	COL1A1	3.56608104235526	1.96179140348721e-10
TGFb	NUAK1	6.09542992244163	3.10108091869529e-10
TGFb	ATP10A	2.78485714657699	3.64140111118415e-10
TGFb	CDH2	3.28831023806494	5.44173078093258e-10
TGFb	LTBP2	4.37279393479639	6.43666459177828e-10
TGFb	EFR3B	1.33434990216543	7.20131837523611e-10
TGFb	TPM1	4.59536080946276	7.66384503273578e-10
TGFb	XYLT1	3.19771560300269	8.34749745856748e-10
TGFb	SLCO2A1	4.86978843343729	1.11724159648567e-09
TGFb	SYNDIG1	1.83640385967736	1.63040601959621e-09
TGFb	GRIA3	1.08681263152832	1.69257696839142e-09
TGFb	XRCC4	3.3772318622335	1.80919625782054e-09
TGFb	GDF5	-1.93955948584584	2.60107695832597e-09
TGFb	RUSC2	2.35317956566165	3.03281807226654e-09
TGFb	ACOX3	2.72152876515143	3.73811558933447e-09
TGFb	LECT2	2.90895137074028	3.94873927631554e-09
TGFb	UNC5B	3.83381952180863	3.99442448004817e-09
TGFb	GALNT10	3.04707707267676	4.18780564605005e-09
TGFb	ACTC1	3.3374297971927	4.23187960699964e-09
TGFb	LRRC32	5.29359563139494	5.48959820371611e-09
TGFb	OPCML	4.46795088308433	5.89796739619007e-09
TGFb	CLDN11	-3.69028339577921	6.44482735223648e-09
TGFb	PKNOX2	2.04849173989876	8.23521157212937e-09
TGFb	RFLNB	7.30913012834185	8.95836152051786e-09
TGFb	LRRC15	2.30459515444772	9.23174852636592e-09
TGFb	PODNL1	2.14890968370182	1.52743293328799e-08
TGFb	DACT1	6.22087968552156	1.6389385967704e-08
TGFb	HSD17B6	4.78252728727728	1.81280125872891e-08
TGFb	GOPC	2.85451760841286	2.07857570510291e-08
TGFb	AK5	-3.35713244014104	2.27911548277319e-08
TGFb	RASD2	3.38455715222115	2.39729254684828e-08
TGFb	KIRREL3	2.54238555956343	2.89237305634618e-08
TGFb	SH3PXD2A	3.87979180893438	3.00595961891943e-08
TGFb	ABCA6	-3.27153689503516	3.25977590607319e-08
TGFb	FBLN5	4.92248525622834	3.50488635308671e-08
TGFb	MEX3B	3.97829237025429	3.9925075761664e-08
TGFb	C3orf80	4.8090374633887	4.06612483935296e-08
TGFb	PLCB4	3.93389028538691	5.25709979195131e-08
TGFb	ISLR2	2.46806008759771	5.43184438465613e-08
TGFb	YIPF5	2.811936356491	5.92623150531256e-08
TGFb	MSR1	-1.7648382018898	5.97050030932506e-08
TGFb	LRRN4CL	-3.78451512652799	6.28593293019068e-08
TGFb	OLFM2	2.0653759894085	6.68125557114682e-08
TGFb	CHST3	2.22180085729483	7.23792343362313e-08
TGFb	TUFT1	6.01099129718591	7.56808485568803e-08
TGFb	SPHK1	6.0901115386287	8.20327964833598e-08
TGFb	ABCA8	-1.70924507988481	9.26470992580554e-08
TGFb	SEMA7A	3.89477204453867	9.48927815296658e-08
TGFb	P2RX1	2.75813829247677	9.77485545790557e-08
TGFb	RXFP1	-2.27771792982856	1.19698475447063e-07
TGFb	CDKN2B	3.37372810288728	1.23750746637073e-07
TGFb	PAWR	2.55343428547832	1.26235061565872e-07
TGFb	SNAI1	3.56817393050154	1.61220395610558e-07
TGFb	LIMS2	2.27494674124209	1.65169668641075e-07
TGFb	TNFSF4	5.50389303523693	1.70081510647567e-07
TGFb	NEDD9	4.36119281029233	2.44893636700771e-07
TGFb	SMAD6	2.79826538625144	2.5205858352478e-07
TGFb	DGKI	2.24114361320707	2.61648655507206e-07
TGFb	BCOR	2.73574649292318	2.64124755556515e-07
TGFb	SGPL1	2.58392327301512	2.64796841674509e-07
TGFb	SMURF1	1.53815323269343	2.71553003259503e-07
TGFb	SPECC1	2.57411375293421	2.76174872878544e-07
TGFb	ARFGAP1	2.07340117015275	2.90945270701906e-07
TGFb	UACA	2.6166466705245	3.16061203547848e-07
TGFb	SLC16A2	3.14089909203714	3.17061013861719e-07
TGFb	DCBLD1	3.89901093078139	3.17939993376741e-07
TGFb	KCTD11	6.18922961699749	3.43175823461655e-07
TGFb	ARHGEF40	2.00433068048266	3.69774344787901e-07
TGFb	FRMPD4	-1.21922157781658	3.98778435845364e-07
TGFb	MRGPRF	-1.78941021441785	4.142522364236e-07
TGFb	PDE7B	-2.92711761662529	4.31025734412896e-07
TGFb	DSP	5.97720427515744	4.42701085247614e-07
TGFb	SLC14A1	-3.7381688352173	4.46515302465319e-07
TGFb	DYSF	2.4582908118097	4.54497314125019e-07
TGFb	COL10A1	1.15592360993741	4.79814174191969e-07
TGFb	CSDC2	1.66160419052411	5.30383865598286e-07
TGFb	RTL3	-1.89182743307388	5.97111825026141e-07
TGFb	KIF26B	1.27771385492758	6.32491110174185e-07
TGFb	LIN7B	1.73778922215364	6.34654775578652e-07
TGFb	DLX2	2.67490143592378	6.78690299829039e-07
TGFb	TSPAN8	-3.14029248036865	8.27881270120788e-07
TGFb	ADAMTSL3	1.20876291290486	8.2954623256021e-07
TGFb	PRR5L	2.03168095339224	8.30041030802132e-07
TGFb	SEPTIN11	3.12088703124326	9.2831411525428e-07
TGFb	NXPH4	1.67155849995288	9.30140745876898e-07
TGFb	PDLIM3	2.38106666904131	1.01472132456599e-06
TGFb	PGM3	2.57503994357044	1.03793385327112e-06
TGFb	HSD11B1	-4.74853570752338	1.06970061701452e-06
TGFb	DLC1	1.67644764770728	1.14376159121128e-06
TGFb	TNS1	2.99439917465584	1.18475385098578e-06
TGFb	AUTS2	1.67785944615752	1.27811946298278e-06
TGFb	CDC42SE1	2.14192110867935	1.36154542097484e-06
TGFb	BMP6	1.62750734776514	1.37655573273421e-06
TGFb	DCLK2	1.26454279815472	1.38729630033231e-06
TGFb	GRB10	3.16984310149233	1.49752142027263e-06
TGFb	NRBF2	3.03851966813562	1.50462137227035e-06
TGFb	SMCO4	3.85855117767869	1.53243678032332e-06
TGFb	ADCY7	2.40123900007009	1.54277987342706e-06
TGFb	CAVIN2	-2.98489793283801	1.62575101835919e-06
TGFb	FAP	2.78012991739132	1.77309093040224e-06
TGFb	ERG	0.993606170917821	1.78160733602128e-06
TGFb	BMPER	-2.94308388793847	1.83484283416413e-06
TGFb	ANXA10	-4.32842272760866	1.85406228089877e-06
TGFb	KIT	-3.18521996756271	1.9579297737446e-06
TGFb	IGF1	1.40816687349269	2.06685887162331e-06
TGFb	SULF1	4.74280293424663	2.09172946536893e-06
TGFb	EXTL1	1.65969143303325	2.09753556569643e-06
TGFb	HAS1	2.34105651402154	2.12274941233946e-06
TGFb	FOXA2	-1.65115943158407	2.19039835159549e-06
TGFb	HACD1	1.97880071908488	2.19802753285775e-06
TGFb	OSR1	-3.04980607485068	2.20871896512238e-06
TGFb	JADE2	-2.13652610452943	2.27578481553974e-06
TGFb	GPR4	-1.56463858727692	2.3361715047683e-06
TGFb	ABCA9	-1.3403874895052	2.40603389319697e-06
TGFb	ARHGAP29	-2.73883303612019	2.49330064707452e-06
TGFb	LDLRAD4	1.7060415961944	3.00890798629265e-06
TGFb	EPHB3	1.92800990544924	3.04308758162473e-06
TGFb	CTPS1	6.37222534208103	3.04673377752696e-06
TGFb	MAP3K2	1.91719186382113	3.14430988458952e-06
TGFb	RASGRP1	5.17894799123106	3.32610306447637e-06
TGFb	PDE5A	-2.26104177115872	3.59645440204209e-06
TGFb	DIXDC1	1.85162342651838	3.73455082964651e-06
TGFb	SYNPO2L	3.37660680265701	3.78503593467032e-06
TGFb	SMAD3	-2.96867666754546	3.79148350916528e-06
TGFb	POSTN	3.00447285194439	3.79877474665925e-06
TGFb	LPAR1	-3.29872607996253	3.86985314184311e-06
TGFb	DYRK2	2.21211579040928	3.96702218213256e-06
TGFb	KCNK2	-2.53078425775087	4.01627241526866e-06
TGFb	MEOX2	-1.42703442582238	4.26005231523236e-06
TGFb	PXDC1	2.6447415899291	4.41270522943497e-06
TGFb	CNKSR3	-1.93483803870341	4.66528377907429e-06
TGFb	TM6SF1	3.29244866370522	4.68077888941497e-06
TGFb	GXYLT2	4.34753472505505	4.77085559507231e-06
TGFb	PDE1A	-1.3953419463989	4.99166890994221e-06
TGFb	CBFB	2.93392326230817	5.62878779732406e-06
TGFb	MAMDC2	4.90233796507353	5.63754791171322e-06
TGFb	COL8A2	1.72384705990098	5.66998833058353e-06
TGFb	MYOM3	0.904204349312845	5.9727324579414e-06
TGFb	SHROOM4	1.45468831964183	7.2494521597767e-06
TGFb	AMIGO2	6.47002580532619	8.24775297691586e-06
TGFb	ANKLE2	1.78991015634954	8.28379261920774e-06
TGFb	FERMT2	3.52870701518873	8.66226887413729e-06
TGFb	ADAMTS4	1.2432177806383	8.86258107077683e-06
TGFb	TGFBR3	-4.29207078808031	8.91908245337208e-06
TGFb	RNF121	1.27789815062532	9.82183505303145e-06
TGFb	HES1	3.69618134187377	9.86764887558576e-06
TGFb	VSTM4	0.951429575708471	9.87554760105507e-06
TGFb	KLHL26	1.58679472544248	9.87917265864471e-06
TGFb	GLI2	1.37922434604759	1.02441491324016e-05
TGFb	PPP1R13L	2.8390711961723	1.0254725764394e-05
TGFb	EPHB2	1.60443501231878	1.05708405861323e-05
TGFb	MAP6	1.15981027384913	1.08226219586528e-05
TGFb	ITGA4	3.92535875178158	1.10094850855027e-05
TGFb	JUNB	6.00842292191549	1.10231962805505e-05
TGFb	ECI2	-2.23405537040734	1.10879601429527e-05
TGFb	LRRN3	2.00908370671192	1.17209611879056e-05
TGFb	GADD45B	4.99995407174694	1.30248535845478e-05
TGFb	MGAT4C	-27.7954844833523	1.31702377899502e-05
TGFb	CHST11	3.26414773798885	1.41786221016681e-05
TGFb	MAPRE2	-1.34892961168007	1.42620835365949e-05
TGFb	ZNF48	1.74546156859382	1.50099184953683e-05
TGFb	CLDN14	1.62532863299105	1.51064519072142e-05
TGFb	DSE	2.32746212785278	1.51885215908887e-05
TGFb	NDEL1	1.2748696082758	1.54285062885807e-05
TGFb	GSTT2	2.13461186974352	1.55360600197446e-05
TGFb	CLTCL1	2.30327224018134	1.70068111488379e-05
TGFb	BLOC1S2	3.44667439484729	1.72772893237506e-05
TGFb	ITIH3	2.19153354619237	1.84152187761358e-05
TGFb	OLFML3	2.96226739907455	1.88876826365834e-05
TGFb	RCN3	1.77220732615173	1.90238837111584e-05
TGFb	MLXIP	1.81775777864364	1.91017794306695e-05
TGFb	BMP4	-2.97366618185126	2.00222420233052e-05
TGFb	LINC00472	-2.01162136145625	2.04129234850341e-05
TGFb	SERPINE1	6.46058777434976	2.0558100350646e-05
TGFb	HECTD2	1.37618130287949	2.13830581253385e-05
TGFb	FHL3	1.87986323383857	2.15448329465614e-05
TGFb	IVNS1ABP	3.22892141965232	2.16128191792527e-05
TGFb	PNMA1	2.37509749948123	2.16894814988086e-05
TGFb	APBB2	1.5867792593135	2.17878179713533e-05
TGFb	MAMLD1	3.92368781039215	2.1998906933994e-05
TGFb	MBOAT2	2.41745935347417	2.21799396529745e-05
TGFb	CDC25B	-2.96714891970176	2.27509310175161e-05
TGFb	NOVA1	-1.10130553733278	2.27757936885811e-05
TGFb	DZIP1L	1.20388998570992	2.33948883745686e-05
TGFb	XIRP1	3.57697451211634	2.36859125526966e-05
TGFb	ITGAV	3.44670045061305	2.39127364626569e-05
TGFb	CTIF	1.51699248534129	2.4153760744389e-05
TGFb	TMC7	1.78692424844997	2.48041835426398e-05
TGFb	PDGFA	3.68278926113888	2.57468206470197e-05
TGFb	RBP1	2.14987317749366	2.65062102943918e-05
TGFb	SLN	1.54351113212757	2.78681516418486e-05
TGFb	COL1A2	2.17129712842021	2.79201118765934e-05
TGFb	AGFG2	-0.811347442082937	2.83986242230509e-05
TGFb	PDGFC	3.29464908821451	2.9029671641592e-05
TGFb	ADAM19	2.45109248658279	3.2396810742037e-05
TGFb	AQP1	1.80123261160736	3.27074002487562e-05
TGFb	TFPI	-2.59296782433131	3.48972203475252e-05
TGFb	COL16A1	2.56563959429196	3.64913886621159e-05
TGFb	TRERF1	-2.34194686603169	3.71160557824358e-05
TGFb	AGPS	2.44906999916028	3.73968850102975e-05
TGFb	P4HA3	1.46815685567321	3.76116818092855e-05
TGFb	PRRX2	1.21026637038753	3.76594431225195e-05
TGFb	FBXL21P	1.2864996206979	3.77609810552347e-05
TGFb	R3HDML	1.44647545119628	3.88680302012342e-05
TGFb	PLXND1	1.83837611019368	4.17875407212166e-05
TGFb	TRPA1	-1.79743067830917	4.23765849962511e-05
TGFb	CREB3L2	1.70120499411842	4.27440364380952e-05
TGFb	GPR39	-1.71024885061188	4.55329719254056e-05
TGFb	C18orf25	1.25032518635595	4.59538803538024e-05
TGFb	ST6GAL2	1.44831023518903	4.7709122813182e-05
TGFb	GLS	1.972161673449	5.19494169938182e-05
TGFb	MCF2L2	1.58073301669998	5.19691333756466e-05
TGFb	DHRS2	3.55876675948143	5.57417701117076e-05
TGFb	PHTF2	1.62596834138943	5.82130291675784e-05
TGFb	RARA	1.36327871490457	6.21897571643822e-05
TGFb	LIMK2	2.78589956114497	6.22667712013718e-05
TGFb	APOH	-1.04919149335541	6.42422753412045e-05
TGFb	ZMIZ1	1.95738070500508	6.46109391105794e-05
TGFb	NGF	1.46071851001847	6.53390149897137e-05
TGFb	NKD1	1.17841936342207	6.57165994826068e-05
TGFb	LIMK1	1.20119557685282	6.96612173100841e-05
TGFb	WWC2	1.43777940610844	7.00190956714414e-05
TGFb	FN1	4.11242352381549	7.06334543272389e-05
TGFb	PDE11A	0.956325959960172	7.20582858770625e-05
TGFb	CCDC198	-0.846500825082059	7.34673513366864e-05
TGFb	TGFBR1	2.28409483531027	7.46138266171405e-05
TGFb	PAMR1	-1.63981057498449	7.98941982387812e-05
TGFb	TSPAN13	3.98864179511657	8.20304201300788e-05
TGFb	GOSR2	1.01051166747181	8.4424126434631e-05
TGFb	SCX	2.0496411492697	8.71823869620125e-05
TGFb	ATP8B1	-2.06594501804478	8.85673348884279e-05
TGFb	TGFB1	1.98259348847975	9.17946561045074e-05
TGFb	RHOJ	2.71087188839716	9.24271633395471e-05
TGFb	ADAMTS2	1.66865223681827	9.42892350398073e-05
TGFb	NGEF	1.57635116834708	9.77416206971276e-05
TGFb	S1PR5	1.2211229968643	9.79609621185447e-05
TGFb	IGFBP7	1.96293806278085	9.7976774551779e-05
TGFb	LANCL2	1.57279722293229	9.82425537594311e-05
TGFb	TCF4	2.43411243710862	9.82475004224787e-05
TGFb	SMAD9	2.1452906214149	9.85382733758314e-05
TGFb	GABRQ	0.838576521368932	0.00010120192767479
TGFb	CRADD	-1.51731071000691	0.00010176596517968
TGFb	AMTN	2.47246916112189	0.00010241837512154
TGFb	TENM4	2.02886132404956	0.00010353298121649
TGFb	FOXP1	1.59195092153123	0.0001050210032416
TGFb	C5orf46	3.71187030573618	0.00010566308510493
TGFb	EHMT2	-1.04543715611955	0.0001060886804258
TGFb	SLC10A3	1.65906193677565	0.00010609013817948
TGFb	AMZ1	1.10096529872368	0.0001101518754358
TGFb	ZNF821	0.902887703593501	0.00011251439458773
TGFb	CACHD1	1.82851252798337	0.00011423863964168
TGFb	WNT5B	1.5995262963522	0.00011642814388212
TGFb	PID1	1.60919431341389	0.00011849430248581
TGFb	LARP6	1.60314015157674	0.0001197895461932
TGFb	ACOX1	1.24837524719754	0.00011987910313195
TGFb	CPED1	-1.80906258786031	0.00012046683470904
TGFb	SYNE1	1.11645098087093	0.00012193159462819
TGFb	SLC22A3	1.24701581209111	0.00012343132369807
TGFb	COL7A1	3.22844841647435	0.00012452046047348
TGFb	BDKRB2	-2.07012355790414	0.00013126256914657
TGFb	DUSP26	0.86189294297012	0.00013228990986789
TGFb	SEC14L2	1.64459847994286	0.00013368764004406
TGFb	CCL11	1.65618629928924	0.00013703757818166
TGFb	PLIN2	-2.16672591700389	0.00014142987732295
TGFb	ANAPC13	-1.43062563017518	0.00014157623466085
TGFb	SLC6A19	2.663782842964	0.00014291288711153
TGFb	LETM2	-2.13596906861331	0.00014757110733446
TGFb	DENND2A	-1.70432781134173	0.00014972537274837
TGFb	TERT	-1.16321304479209	0.00015353474962207
TGFb	ABLIM2	0.92066896417751	0.00015649175018843
TGFb	PCK2	4.43673692221569	0.00015800996442275
TGFb	ADGRF5	1.4910171476345	0.00015909439174909
TGFb	CYP27C1	2.06129925279587	0.00016308615550228
TGFb	PPIL6	-0.888966779931757	0.00016424415781116
TGFb	TGFBR2	-3.15358590123297	0.00016620484618717
TGFb	ID2	5.84681509476213	0.00016650866661548
TGFb	UBL3	2.72928292672788	0.00016798578263776
TGFb	HBEGF	3.8407089399015	0.00016820050777296
TGFb	LRRC20	-1.56722944230628	0.00016977652612121
TGFb	PTPN21	1.30061440771507	0.00017242143252847
TGFb	DRP2	0.889804671017704	0.00017314674927366
TGFb	PIEZO1	1.23828923233823	0.00017383094030422
TGFb	AOX1	-2.43895340734109	0.0001765767258432
TGFb	SSBP3	2.0704350465939	0.00017930457361902
TGFb	ANKRD44	2.0396071236605	0.0001803441661689
TGFb	AEBP1	1.55491425981693	0.00019111434406063
TGFb	TSHZ3	2.14565766541503	0.00019345313478358
TGFb	ANKRD1	4.20657977543378	0.00020144288494917
TGFb	ADRA2A	1.49986876700136	0.00021311203124076
TGFb	MASP1	-0.742659742886781	0.00021590664793073
TGFb	ADAMTS6	1.63627299534711	0.00021755337590819
TGFb	ARL4A	3.23031750221868	0.00022040793989576
TGFb	MAP3K4	2.39932466279789	0.00022123901555092
TGFb	LCE3D	2.34225973732628	0.00022620858098809
TGFb	IER5L	4.12886816756342	0.00022623420564086
TGFb	SPARC	2.75430163441768	0.00022750690674293
TGFb	KLC1	1.25776118050266	0.00022764681647733
TGFb	SLC7A5	5.04991591516452	0.00022871696058925
TGFb	TMEM190	1.4855133315501	0.00023513444612201
TGFb	CCDC80	3.94658506936523	0.00024366465635151
TGFb	HOXC9	1.61800189299664	0.00025011819447277
TGFb	DPY19L1	1.0367789920075	0.00025052293700222
TGFb	MRC2	1.45970107592404	0.00025843586426606
TGFb	MINAR1	1.28819786621336	0.00026173831022583
TGFb	VCAN	4.31955501640046	0.00026483067673055
TGFb	CHFR	1.46125710734148	0.00026816023562935
TGFb	TBX3	1.96346307738382	0.00027315754728587
TGFb	LSS	-1.9262184791761	0.00027389241465483
TGFb	MFAP3L	1.14688687621106	0.00027676128934368
TGFb	TLL2	0.891889609662073	0.00028384673087866
TGFb	TSPAN4	-1.9640418566203	0.00029170680676997
TGFb	PDGFD	-2.48448503158303	0.00030020634924642
TGFb	QPCT	3.20559765882557	0.00030031069036194
TGFb	SGCE	-1.92634819200744	0.0003024083555842
TGFb	EGR2	6.44205246457382	0.00030899690032267
TGFb	C1orf140	-1.2444219673563	0.00031185346283354
TGFb	TTMP	2.07119252494191	0.00031696436675493
TGFb	ASS1	5.72596690572463	0.00032017819485556
TGFb	SLC3A2	3.47658290193607	0.00032099092301088
TGFb	INHBB	2.68771645346494	0.00032714925258521
TGFb	SEL1L3	1.54792557081093	0.00033208677502217
TGFb	FZD7	3.59659288371392	0.00034665955852677
TGFb	ZNF281	1.98968733270814	0.00035934565652409
TGFb	ACKR4	-1.92471739112743	0.00036025549686968
TGFb	MMP2	1.77797810341457	0.00036109432716574
TGFb	NPHS2	0.797313242565507	0.00036617577240491
TGFb	NOTCH3	1.37617608996355	0.00037534465771491
TGFb	GPX7	1.60704248113266	0.00038044500361532
TGFb	PTPRE	1.70118940486485	0.00038439048536747
TGFb	WTIP	1.34311767022311	0.00039103521997156
TGFb	SLC19A2	3.06666255021255	0.00039149106764549
TGFb	JPH2	1.01922903136157	0.00039756583854964
TGFb	HNF4A	0.837635029729378	0.00039995911159468
TGFb	GATA2	1.35300999173512	0.00040129130162074
TGFb	PDGFRB	1.69513151682329	0.00040151214880649
TGFb	FGF10	-1.05116171378445	0.00041399515965612
TGFb	ATOSB	1.4706783352533	0.00042077115808765
TGFb	HEY1	3.44320747147345	0.00042108492319913
TGFb	FBXO24	-0.703585462095825	0.00043087204437066
TGFb	SMARCD3	1.27956381173116	0.00043366325862712
TGFb	TXNRD1	-2.07909969318593	0.00044321779910449
TGFb	ATP13A2	1.57480213528867	0.00044651011577975
TGFb	BEND7	0.919941782338676	0.00044810742754832
TGFb	LPAR4	-1.108172655938	0.0004524405386825
TGFb	ANXA13	-1.00032232697781	0.00045249192553721
TGFb	TM4SF20	-1.36790294603399	0.00045362318401288
TGFb	LMO3	-1.20495013671864	0.00045400332103486
TGFb	PRKCI	1.57932564863162	0.00045446376934766
TGFb	KCND2	-1.40266183162185	0.00046258265802176
TGFb	PRPS1	2.83388001487821	0.00046300992003879
TGFb	CA12	-2.91589509184078	0.00047214536038632
TGFb	PRG4	1.36145643366157	0.00048272398136255
TGFb	COL5A2	2.61197113585025	0.0004864408251893
TGFb	CLEC2B	-2.33997121918141	0.00048787622278893
TGFb	NOTCH2	1.6897378917343	0.00049084122016525
TGFb	CAMKK1	0.94942189018156	0.00050356513559998
TGFb	PSAT1	6.25391667235731	0.00050526296005216
TGFb	SFRP1	-2.53926889288275	0.00050775665407877
TGFb	CSRP2	2.94134323120135	0.00050845669197272
TGFb	KCNN3	-0.964184529266299	0.00051146298472747
TGFb	SERTAD1	3.57161680989172	0.00051488084582161
TGFb	PPFIA1	1.12300989554178	0.00052366891800392
TGFb	LIMCH1	2.16245554504309	0.00052463862755788
TGFb	ADH1B	-1.37554373653832	0.00052565604458175
TGFb	FER1L6	-1.27105582498313	0.00052953682860564
TGFb	FGL1	-1.02637139603737	0.00053100987313915
TGFb	DNAJB5	1.63732264614693	0.00053333641559713
TGFb	IL13RA1	1.92347704568323	0.00053917666850404
TGFb	TET3	1.36069200541171	0.00053960328118442
TGFb	ADH1C	-1.46854471481322	0.00054163476938446
TGFb	PDLIM7	1.59176109409789	0.00055329471095846
TGFb	DOCK9	1.11415523595601	0.00055853886996712
TGFb	ADGRA2	1.5076726300276	0.00055968332279435
TGFb	NALCN	1.70249154233904	0.00056681555245628
TGFb	SHC3	-1.04472089962596	0.00057928956495846
TGFb	CSN1S1	0.765975705380184	0.00057936719846732
TGFb	RSPO3	-2.08253806043939	0.00058053131571687
TGFb	DAPK1	-2.00428301662545	0.00058817147909088
TGFb	PDE8B	-1.27946929472113	0.0005896480743698
TGFb	STK38L	2.32781083574434	0.00060224892029058
TGFb	SPTLC2	1.29924329447807	0.00065115265306168
TGFb	FBXO32	4.17841841367244	0.00065170024881553
TGFb	LBH	3.69297360609704	0.00065221751202887
TGFb	CEBPG	3.281713547745	0.00065240781619015
TGFb	CRIP2	2.43187683676031	0.00066294916383476
TGFb	SLIT2	-2.07175083299969	0.0006779023257042
TGFb	ITGA10	-1.74001015733756	0.00067810587408432
TGFb	NRGN	-2.39188800103774	0.00068133969273641
TGFb	FNIP2	2.47040563694527	0.00068251031233032
TGFb	FRMD6	3.11325444146509	0.00069998707360396
TGFb	MAGI1	0.70763109590057	0.0007018252938981
TGFb	GNAI1	-1.96802997406502	0.0007084212544023
TGFb	SLAMF8	2.67240111739172	0.00074662598195882
TGFb	RXFP2	-0.900954751868788	0.00074690154809474
TGFb	EML1	1.58621631826219	0.00074972228228198
TGFb	INHBE	3.53849184617797	0.00075594310626337
TGFb	RESF1	-2.36272444068479	0.00077467027399682
TGFb	FAM110B	-1.52866105840582	0.00077630667404775
TGFb	SKI	1.36133223943258	0.00078618034350949
TGFb	CCN2	7.72446378560168	0.0007892887321869
TGFb	PLEK2	3.1269055031233	0.0008093709066503
TGFb	DNAJC22	1.28187577173266	0.00081070086882179
TGFb	TEAD4	1.85640762288786	0.00081995026930756
TGFb	ALDH3A2	-1.97723034722805	0.00082392301740922
TGFb	SS18	1.36301093145325	0.00082794663223418
TGFb	C5	-2.15436748248071	0.00084406282578864
TGFb	TAGLN	4.17242741800776	0.00084432506684962
TGFb	DOK6	1.05979667863015	0.0008504631030413
TGFb	ARHGAP6	-1.02944091502072	0.0008520562530435
TGFb	PTN	-1.31874026224348	0.0008520570136587
TGFb	UBE2J1	1.55317306235381	0.00085301352487373
TGFb	EVA1A	2.96955034970987	0.00086198476942301
TGFb	NKIRAS2	1.09682923912309	0.0008837763853368
TGFb	AREL1	1.09002941790561	0.00088847438072612
TGFb	ZNF175	0.959888574103068	0.00089598798510738
TGFb	HPS5	2.20222417201184	0.00090173885701193
TGFb	MTHFD2	4.80783110820855	0.00092786560014769
TGFb	PHLDB1	1.0080844625318	0.00093363237974792
TGFb	SAMD1	0.953308697571101	0.00094577890162343
TGFb	TP53I3	5.24575383731209	0.00095208057344271
TGFb	RASSF2	3.07253272195141	0.00095565282441233
TGFb	ODAPH	2.6989834520198	0.0009560628029867
TGFb	FAM83G	1.77723282273079	0.00096497041887039
TGFb	MFAP2	1.92261661736416	0.00096820561588227
TGFb	HOMER1	3.07371620905361	0.00097982696278903
TGFb	MGARP	-2.73615278291723	0.00098813398802932
TGFb	MME	-2.74162620290558	0.00100221526548933
TGFb	HGF	-1.26788807302976	0.00102406518391833
TGFb	PPL	-3.21058040595741	0.00102436494466637
TGFb	KITLG	-1.80950939575341	0.00103484872438875
TGFb	CFH	-2.07455972199761	0.00104650500034586
TGFb	AR	-1.11115460310223	0.00105827117645782
TGFb	DPF3	-0.884176324268943	0.00106078803127038
TGFb	CEBPD	-3.34856601863244	0.00106432631342764
TGFb	GOLGA5	1.49435701576014	0.00107039779544786
TGFb	SORBS1	1.45065752502118	0.00107084542823602
TGFb	IHH	0.697323671586632	0.00107335568133629
TGFb	RNF217	1.75879421129066	0.00108404839323271
TGFb	KRTAP1-5	-3.52914313552306	0.00108786805170085
TGFb	PDLIM4	1.62415772717216	0.00108859799799266
TGFb	CHRNA9	1.48485002790537	0.00109053215185067
TGFb	RAC2	-2.45159642736837	0.00109877122523708
TGFb	GPR37	-1.67791134033636	0.00112561264876244
TGFb	LGSN	-1.2904096744277	0.00113050283805472
TGFb	GRK4	0.563964310394454	0.0011314071707961
TGFb	SPX	-1.19368890431817	0.00113353334448448
TGFb	TBC1D16	1.29316932532763	0.00113648976539152
TGFb	HDGFL3	1.29901221152153	0.00114966832657497
TGFb	HFE	-0.925148270991022	0.00116603871197547
TGFb	WLS	-2.60213610912067	0.00118041461696281
TGFb	GLIPR2	2.42147777937649	0.00118231193306399
TGFb	MBD4	1.48975955093932	0.00118563323980981
TGFb	NALF1	1.44600395596775	0.00121110028717038
TGFb	UGCG	-3.08766191582504	0.0012131278710281
TGFb	CSGALNACT1	-2.09171543382044	0.00121398708379705
TGFb	GALNT12	-2.28510547316562	0.00121555540354605
TGFb	PDK4	-2.79985967060204	0.00121788032042701
TGFb	GOLT1B	1.88696761106707	0.0012409026006235
TGFb	EVI2B	-2.6472260617436	0.00128582534928606
TGFb	OXTR	3.3696558558674	0.00129374450635367
TGFb	ARF4	1.7232750301081	0.00131094474283745
TGFb	DERL1	0.922932232336577	0.00131289755618499
TGFb	ELN	0.871090627854657	0.00132419457704214
TGFb	CSRP1	2.43391000009863	0.00135465256114223
TGFb	VIPR1	-1.8600707890881	0.00136094394334765
TGFb	SLC22A15	2.75724941901413	0.0013649127596805
TNFa	TNFAIP3	35.4007175514781	6.15631781164508e-65
TNFa	IFNAR2	7.58070068614032	5.91108630299157e-54
TNFa	CSF2	8.35548063730208	3.42178027475747e-51
TNFa	NFKBIE	10.3562053669893	4.59653011736041e-51
TNFa	EFNA1	18.6311093849306	1.3946227070893e-50
TNFa	RELB	9.26459378466974	4.31970946990261e-47
TNFa	CXCL8	45.4418272162389	6.68142170311434e-47
TNFa	ICAM1	22.0393407198016	9.53202161407949e-47
TNFa	CXCL5	10.0813679324721	2.52175494158598e-46
TNFa	LTB	4.82731163146672	2.7076551996613e-42
TNFa	IL32	15.9636190889021	4.81223800766921e-41
TNFa	TLR2	7.03935776820502	5.9286795924055e-41
TNFa	TNFAIP2	12.2137267034154	1.866903839351e-40
TNFa	NFKBIA	12.5677004377236	1.23706465117251e-39
TNFa	BCL2A1	17.2250076051542	2.21521250024444e-39
TNFa	INHBA	15.5631986771982	2.77243379152343e-39
TNFa	IL36G	13.4251743244498	2.41421357665499e-38
TNFa	SERPINA3	11.4057993243739	3.23521183301502e-36
TNFa	PLAU	11.4928841557209	6.13124035905333e-36
TNFa	CCL20	38.38796712436	8.99311028095371e-36
TNFa	SLC2A6	10.2491083436558	1.49070679102099e-34
TNFa	MRGPRX3	10.7862105639636	2.84525569213216e-34
TNFa	NINJ1	8.56073467679646	1.06928455653982e-33
TNFa	CXCL3	23.7581056721946	3.14534495145841e-32
TNFa	BIRC3	13.5820454975574	1.2661131734842e-31
TNFa	IFNGR2	7.37778887147541	1.50918645949857e-31
TNFa	TCIM	8.47272392100229	2.17679097363067e-31
TNFa	BID	5.60413176278799	4.07266953159097e-31
TNFa	CSF3	6.3431403754269	4.11981566337603e-31
TNFa	NFKB1	9.34895801819977	1.26359662929676e-30
TNFa	CXCL2	8.95475957467154	2.10615308775546e-30
TNFa	DRAM1	10.7582523735317	4.37400297064642e-30
TNFa	PPP4R4	3.32805460896588	5.04408351860565e-30
TNFa	CD83	11.0026648585106	8.362908053154e-30
TNFa	IKBKE	3.77316318124465	6.21035986086166e-29
TNFa	CLDN1	9.08995559516412	2.39144265791828e-28
TNFa	C1QTNF1	5.76229135641842	3.39686488306706e-28
TNFa	IRF1	15.6507267043495	5.169439657959e-28
TNFa	NKX3-1	2.8716327693324	1.04405052275731e-27
TNFa	TRIM47	5.24430408827719	1.30305301626826e-26
TNFa	CXCL6	10.5176140568733	1.54252482094565e-26
TNFa	TNIP1	6.42959443446254	4.49386412452454e-26
TNFa	MMP12	6.47701710876828	5.9110886919777e-26
TNFa	BMP2	8.58244616483555	7.28722577295543e-26
TNFa	CFB	7.42673542648038	1.54133250194566e-25
TNFa	CCL2	19.8461827604001	1.72403852927223e-25
TNFa	TICAM1	3.4637566632122	2.69860842982851e-25
TNFa	CTHRC1	9.45956028211605	3.42898635953186e-25
TNFa	IL6	19.7035733279822	3.97172980420357e-25
TNFa	NFKB2	5.00245014832866	1.37712783066732e-24
TNFa	SOD2	13.6231102743594	3.43247630093042e-24
TNFa	MMP9	12.5887577301903	3.83247076723182e-24
TNFa	RHCG	3.1016003564153	1.08739112036465e-23
TNFa	TIFA	6.05229277160913	1.65236703725533e-23
TNFa	MMP10	8.3474278396048	3.31116165649417e-23
TNFa	TAPBP	3.97974251672057	4.10391990402355e-23
TNFa	IGFL1	8.95156997995298	7.04022034687282e-23
TNFa	B4GALT1	2.74585326118168	8.39124796812462e-23
TNFa	DTX2	2.93131972832495	1.39876677633443e-22
TNFa	TNIP2	3.39428997789513	2.85483112792881e-22
TNFa	PTX3	21.5027341668347	4.63093709719698e-22
TNFa	CYLD	2.87546365386172	7.96864875457704e-22
TNFa	EDN1	7.58562380277574	9.74937275411214e-22
TNFa	TMEM217	4.03815067960134	1.7352607310019e-21
TNFa	RIPK2	5.57240789372111	2.60067359550726e-21
TNFa	SDC4	8.12277620754622	3.41114305855934e-21
TNFa	USP43	3.44922455572442	6.05984166137799e-21
TNFa	RND1	4.68488068272288	6.32239958856292e-21
TNFa	BDKRB1	4.92230605182128	6.35905857056469e-21
TNFa	BIRC2	4.6716612506693	1.03947133480049e-20
TNFa	CTSS	6.39753883417669	2.51068744260985e-20
TNFa	MMP13	7.10575903301674	3.40234673761816e-20
TNFa	ETS1	4.59117093435463	3.68853108488345e-20
TNFa	APBA3	2.17708576512392	3.8841290668176e-20
TNFa	TYMP	4.01862514336095	4.77247781758676e-20
TNFa	NECAP2	2.72740852022079	5.28403227036868e-20
TNFa	C11orf96	4.76666905066669	1.09743702249492e-19
TNFa	ANKLE2	2.3679316803426	1.21440142745304e-19
TNFa	WTAP	3.22152819902064	1.2880250113854e-19
TNFa	TRAF1	9.39600119511034	2.34205311380926e-19
TNFa	SQOR	5.95671516807764	3.9004115433144e-19
TNFa	UBE2Z	2.24879962181531	4.62056422233735e-19
TNFa	CXCL1	20.426545983467	7.38237568752855e-19
TNFa	KRT6B	4.41622326681522	9.34214996635302e-19
TNFa	CLUHP3	1.94728821555566	1.67081631849567e-18
TNFa	CFLAR	3.72654423539729	1.80255897856523e-18
TNFa	SRGN	3.95132838618118	2.47316187124584e-18
TNFa	GPR176	3.01218627261636	3.57861558312e-18
TNFa	C3	9.89843789140028	4.91248690159217e-18
TNFa	TNFAIP1	2.77854938464495	7.54802464492057e-18
TNFa	SLC41A2	5.35799494026177	1.17116468253607e-17
TNFa	PDPN	2.35425067871459	1.50475530712326e-17
TNFa	IL1RN	4.75429798599401	1.9287826948515e-17
TNFa	AKR1B1	6.59669303559411	2.81272080873255e-17
TNFa	GSAP	4.86816241367859	2.81361147790516e-17
TNFa	UXS1	4.23497082219788	3.30416540933294e-17
TNFa	RHBDL2	3.67783737126775	3.51718244520447e-17
TNFa	NFKBIB	2.08712740694308	3.56714454335112e-17
TNFa	IL15	5.50710022230726	3.67376533778911e-17
TNFa	STAT5A	3.63348929436324	5.15519796808294e-17
TNFa	SQSTM1	3.65020275325832	5.61415703997821e-17
TNFa	IRAK2	4.6053085713551	9.5691316064882e-17
TNFa	TYK2	2.36304336216681	1.71878311053746e-16
TNFa	NR2F2	-3.38501919592333	1.77370090900426e-16
TNFa	IFNGR1	4.14651940455902	1.79010103711975e-16
TNFa	VCAM1	6.39398009755798	1.79922749559192e-16
TNFa	CD82	4.52817514148528	1.97493350701727e-16
TNFa	OLR1	7.46850691871764	2.40754238029982e-16
TNFa	SUSD6	5.82150256897803	3.40234125963642e-16
TNFa	SLC12A7	4.07095993463152	4.04737291855371e-16
TNFa	BMAL2	3.76137766722961	4.16161559255321e-16
TNFa	CREB3	2.59151589851817	4.26332599256835e-16
TNFa	CD47	2.582205229467	4.33441973011815e-16
TNFa	TNFAIP8	4.91757411899349	5.86681369464368e-16
TNFa	BPGM	5.51921007067165	8.2180819994871e-16
TNFa	BMP4	-3.6504498229496	8.67708799078687e-16
TNFa	MAP3K8	6.42604490704437	1.31473516761956e-15
TNFa	TNF	15.3244291118782	1.43720742280962e-15
TNFa	EHD1	4.97778667673511	1.46647451761545e-15
TNFa	HLA-F	3.46937467071125	1.7374621758609e-15
TNFa	VNN1	3.40212675283373	1.73854094773956e-15
TNFa	CANT1	2.70681293677234	2.0710226383943e-15
TNFa	GBP3	7.67028777960409	2.11318900240581e-15
TNFa	IRGQ	1.6204947368021	2.20323133888295e-15
TNFa	IL1R2	5.6565650472265	3.56840248055555e-15
TNFa	TNC	3.78415871627128	3.77501117699444e-15
TNFa	ANKRD33B	4.40835562578494	4.3327126255019e-15
TNFa	MSC	5.13153037864027	5.63157321938075e-15
TNFa	IL13RA2	5.09220378761895	7.21633600930853e-15
TNFa	PANX1	3.60316499711186	9.02079034174984e-15
TNFa	KYNU	5.49797792230313	9.66496170529492e-15
TNFa	ISL1	-2.46669280418669	9.77488849499814e-15
TNFa	TPST1	3.29454804709518	1.07550397072082e-14
TNFa	GCH1	11.2985183796255	1.25950170714191e-14
TNFa	JUNB	6.83098738821544	1.92851327702987e-14
TNFa	TAP1	7.70463321512629	2.55415210709754e-14
TNFa	PARP12	5.81203210397586	4.32010597432059e-14
TNFa	DAXX	1.9395490158764	4.81230423650753e-14
TNFa	PLA2G4C	2.34811971701458	6.79276719151343e-14
TNFa	GATA6	2.85612041887431	7.60256087402293e-14
TNFa	STAP2	2.93694194218161	7.88629516796063e-14
TNFa	S100A7	4.55452095997898	9.58926411379394e-14
TNFa	TNFRSF9	5.17197239359527	9.72662271308282e-14
TNFa	IRS1	-3.37764270525427	9.95494181629543e-14
TNFa	LIF	8.15856021734296	1.00852877642445e-13
TNFa	POLG2	-2.28788609498139	1.32623653683783e-13
TNFa	ICOSLG	2.24904628294813	1.35481729087686e-13
TNFa	SERPINB4	4.32917960703664	1.40353817085303e-13
TNFa	CAVIN2	-3.01136254905823	1.50999791306536e-13
TNFa	N4BP1	2.60321863094522	1.72801842978373e-13
TNFa	TNFSF15	4.94486426214125	2.60241448600792e-13
TNFa	CSF1	3.52387276316725	2.84943100483904e-13
TNFa	PSMB9	7.50777685418299	2.88720624042089e-13
TNFa	EFNB1	1.63060071552912	3.39096170067364e-13
TNFa	SELE	4.00388617410958	4.59070053288717e-13
TNFa	SLC25A37	2.57992027406168	5.13570756371654e-13
TNFa	FGF5	3.06471452970059	5.61870513310078e-13
TNFa	SLC8B1	1.56557654829671	5.68010205889353e-13
TNFa	CHST2	2.99542303403592	7.5925860674397e-13
TNFa	PRAG1	-4.8544193886916	7.94507740288475e-13
TNFa	SLC28A3	1.88514542162436	8.12266330030126e-13
TNFa	NIPAL4	3.04940784510847	8.41774876868781e-13
TNFa	BTN2A2	1.75155393699294	8.4574379742322e-13
TNFa	AMPD3	5.15395594782645	8.93810035704476e-13
TNFa	RARRES1	6.66129423184038	9.28816664392331e-13
TNFa	TMEM51	3.27703882332962	1.02781637381345e-12
TNFa	PDGFB	2.61936830562906	1.08503340603787e-12
TNFa	NOCT	3.9271565427198	1.11245134578214e-12
TNFa	LAYN	1.67073834356564	1.1153807695018e-12
TNFa	CD70	2.76325586375037	1.14437031309627e-12
TNFa	SELENOM	5.87343541930175	1.75711206750317e-12
TNFa	C10orf55	1.90177979339902	1.81915209694281e-12
TNFa	TRAF3	2.59293099910404	2.11850473918509e-12
TNFa	KMO	3.39598834874691	2.15684349974191e-12
TNFa	RCAN1	3.25198254611648	2.19209251792371e-12
TNFa	B2M	2.6210448733793	2.45512843050715e-12
TNFa	SYNGR3	3.5491304649225	2.53641476504681e-12
TNFa	SLC31A2	3.77484410479868	2.70718755783242e-12
TNFa	IL17C	1.52738520110861	2.83895609426847e-12
TNFa	CCDC8	-1.33620978226583	3.21138034003145e-12
TNFa	DUSP16	2.54438255792305	3.37114338744129e-12
TNFa	TNFRSF11B	6.55413192617231	3.44477830217635e-12
TNFa	SLC7A2	2.92978995259465	3.5724194853898e-12
TNFa	ERAP1	1.96136608119181	3.60073741946147e-12
TNFa	CEBPD	4.64301221646202	3.75390623763055e-12
TNFa	TP53BP2	2.43444445499079	4.03208329526121e-12
TNFa	THAP11	-2.04380527827988	4.76240560727122e-12
TNFa	IL6ST	2.48101898350324	4.77090381705294e-12
TNFa	S100A3	3.6792534706451	5.01988780073339e-12
TNFa	ELOVL7	7.22917596047998	5.13041808889301e-12
TNFa	MMP3	4.2237254812602	5.34287632695889e-12
TNFa	THAP10	-2.82813044807897	5.86541498713991e-12
TNFa	NMES1	20.2746133064602	7.0928135148788e-12
TNFa	TMEM52B	2.3656332938276	9.57975188644693e-12
TNFa	RNF207	0.899821739014501	9.892718852019e-12
TNFa	IL1B	16.5963153705629	1.00170138382134e-11
TNFa	TMEM132A	1.33377866956946	1.04041829880906e-11
TNFa	IL7R	7.09678619714611	1.04852610644809e-11
TNFa	DAPP1	2.46550864865159	1.16101323187217e-11
TNFa	TNFAIP6	16.2349399487869	1.16299334375409e-11
TNFa	LRRC49	2.41929417692246	1.37980728581587e-11
TNFa	CHMP4B	1.96302667683694	1.624690427596e-11
TNFa	PRICKLE1	-2.88555400536802	1.65373521681515e-11
TNFa	BTN2A1	1.44508149513677	2.13442270379933e-11
TNFa	IRF2	3.53080470776478	2.13528096670983e-11
TNFa	CNTNAP1	2.92677005358254	2.20144125564226e-11
TNFa	PRDM1	3.77610411515789	2.23990635534509e-11
TNFa	HLA-G	2.98339438705852	2.33884345772906e-11
TNFa	IRAK3	1.65619719275239	2.37939553989477e-11
TNFa	IL1A	5.71291563089565	2.48676122180343e-11
TNFa	MYO10	2.88903169410129	2.87153939384489e-11
TNFa	RFX5	2.6168579169292	2.94369296409019e-11
TNFa	MTARC1	-3.21078327533604	3.10781106735741e-11
TNFa	PNMA8A	-2.35646464631596	3.70406884155188e-11
TNFa	DLEU1	-3.23545512123192	4.16357226485278e-11
TNFa	FAM8A1	-2.79023286487293	4.27514948596331e-11
TNFa	TTMP	2.49505426031627	4.86183413132623e-11
TNFa	ZHX3	-1.22664881282399	5.13274167661906e-11
TNFa	S100A12	3.1525158670312	5.2479750670452e-11
TNFa	RIPOR1	1.43854566224814	5.75225921109523e-11
TNFa	KLF9	2.15108362886135	5.82401054223204e-11
TNFa	PIK3CD	1.83375429821363	6.5122403498271e-11
TNFa	PPARD	1.67046300525795	7.03142923237595e-11
TNFa	PTGFR	2.22493367950028	7.33871210724225e-11
TNFa	OPTN	4.16544356524146	8.01403910794387e-11
TNFa	INAVA	4.07482117361746	1.14089543420884e-10
TNFa	NEDD9	3.61910852924436	1.15556288508757e-10
TNFa	GPR68	1.74055681554022	1.22478227071427e-10
TNFa	CLIC4	3.41825643943521	1.24469148529441e-10
TNFa	NFKBIZ	11.3515542196591	1.30627746489539e-10
TNFa	COL27A1	1.76159775784266	1.33781798992831e-10
TNFa	SDCBP	2.75084618372005	1.34719257315393e-10
TNFa	NOD2	2.26523897000479	1.3799517693178e-10
TNFa	MAST4	2.13489583119352	1.63014724504719e-10
TNFa	PLA2G12A	-2.14862555410992	1.71140523293924e-10
TNFa	MREG	3.03052755771632	1.74991069197183e-10
TNFa	FUT2	1.35251606137992	1.90425715171655e-10
TNFa	PSME1	3.80358000933585	1.92939639596801e-10
TNFa	BDKRB2	2.26246257988809	1.96149388996421e-10
TNFa	MYOCD	3.21160536015681	2.08240030198101e-10
TNFa	PDCD5	2.23173016265123	2.09736866410082e-10
TNFa	ZNF697	2.63240536276063	2.19856170571172e-10
TNFa	HMGN2P46	4.38642969144954	2.22474031899948e-10
TNFa	GORAB	2.82023506022263	2.42240521102995e-10
TNFa	STYK1	1.92533044921355	2.5541652353068e-10
TNFa	LHFPL6	2.22554461538738	2.5556555297069e-10
TNFa	PPP1R15A	5.68499129784359	2.60085947064893e-10
TNFa	RHBDF2	2.81158712057678	2.70910899568932e-10
TNFa	RBMS1	2.313749834635	2.80013323920405e-10
TNFa	QPCT	3.67212334836294	2.81791705551337e-10
TNFa	CCDC9B	2.98129837932974	2.89299949436885e-10
TNFa	RELA	1.58201083278552	3.12394369808168e-10
TNFa	CCDC51	-2.30557293040939	3.64749317852342e-10
TNFa	TRAF2	1.37413017284841	3.74427651198019e-10
TNFa	ZXDA	2.08613125600349	3.78604330974206e-10
TNFa	IL18R1	2.91477864703909	3.95831411595511e-10
TNFa	RNF19B	5.24584830241922	4.64962225698734e-10
TNFa	SNAPC4	1.22270891119647	4.7987033066791e-10
TNFa	PALMD	-2.3600271198429	5.06397073137185e-10
TNFa	MTERF2	-2.42378887327125	5.31845827597696e-10
TNFa	RRAD	2.93315643858089	5.39006256797733e-10
TNFa	SERPINB8	2.48910719749599	5.60745250531026e-10
TNFa	RHOBTB2	-1.5516798435557	6.06503669684805e-10
TNFa	PLAUR	4.86780958893685	6.4702365715773e-10
TNFa	CCL5	12.2176010333766	6.62499492046472e-10
TNFa	B3GNT5	2.70353395558892	6.86598999662716e-10
TNFa	SIX5	1.02165546478636	6.89373790735703e-10
TNFa	FADS3	3.25482166635993	6.96669860277005e-10
TNFa	NFE2L3	3.45484501325612	7.0887619989304e-10
TNFa	PGLYRP4	1.30831642238778	7.09898149461246e-10
TNFa	FKBP2	1.60114266783838	7.72121933661146e-10
TNFa	CTSC	3.20440446411164	8.13131950087389e-10
TNFa	SLC9A8	1.85660558916543	8.17530067489219e-10
TNFa	LAMB3	4.66990965715321	9.93690961635466e-10
TNFa	ITM2A	-2.22463856158613	1.03170782171733e-09
TNFa	PPL	-3.91687158111365	1.04670044073296e-09
TNFa	STX11	3.35735106824701	1.13738640583114e-09
TNFa	PAK6	-1.94632970448849	1.17494123746389e-09
TNFa	HINT3	2.67719702873024	1.18736893232174e-09
TNFa	LUC7L3	-1.48712191275867	1.25689993217724e-09
TNFa	CDKN2B	2.56181237926456	1.28852517866353e-09
TNFa	HIVEP1	2.77850448326811	1.30237726377351e-09
TNFa	FILIP1L	3.06998715715713	1.42735268984517e-09
TNFa	LGALSL	2.72265223367311	1.4865163568733e-09
TNFa	RND3	4.73582950825439	1.51932076789534e-09
TNFa	C2CD4A	3.4416136778078	1.58041762536056e-09
TNFa	WNT5A	3.40061118520816	1.6335785143253e-09
TNFa	TP53AIP1	-1.23436935287767	1.68998628009753e-09
TNFa	TAGLN2	3.18867401199	1.75751516401214e-09
TNFa	ADAMTSL4	-1.54036335015943	1.80470398889368e-09
TNFa	PTAFR	2.38025033533373	1.84988079290291e-09
TNFa	GBP2	6.58226137996292	1.85510674474411e-09
TNFa	ITGAV	3.22582639550885	1.96304579685848e-09
TNFa	TNFRSF10B	2.4980578898917	1.9790742751271e-09
TNFa	CX3CL1	3.21646322231334	2.12594710071273e-09
TNFa	PIM3	4.99516602512051	2.35950718504813e-09
TNFa	STARD5	2.78159258061792	2.57920418376929e-09
TNFa	AVPI1	-2.97838059073366	2.64078092422404e-09
TNFa	LACTB	2.92363565477825	2.67861505827204e-09
TNFa	CEBPA	-3.04887739315932	2.77958510274872e-09
TNFa	WWC1	1.76747457724685	2.78478762999237e-09
TNFa	CLIP2	2.67202835050441	2.81653254880044e-09
TNFa	PI3	3.3637732230397	2.8675011637285e-09
TNFa	REL	3.37740856898264	3.0254465744373e-09
TNFa	TEX2	-2.32941971841639	3.33608002776329e-09
TNFa	HLA-B	5.54553673200066	3.46205326672773e-09
TNFa	HBEGF	3.9613956923458	3.72552356528052e-09
TNFa	CXCL11	11.9360439791331	3.77716600341125e-09
TNFa	JADE1	-2.56132061562045	3.90988068246073e-09
TNFa	NCOA7	2.45334938480169	3.9829353173069e-09
TNFa	ZC3H12C	3.08690210748234	4.09075994427444e-09
TNFa	SLCO3A1	2.40003887429459	4.36955112617756e-09
TNFa	MAFF	6.74035400895573	4.55194654123737e-09
TNFa	MEOX1	1.80748531008455	4.8644005897684e-09
TNFa	CAPNS2	-1.5878821128299	4.87923127298348e-09
TNFa	RAB24	2.44193802165061	5.06505310234995e-09
TNFa	KLF6	3.78203303037057	5.07992186711459e-09
TNFa	POU5F1B	0.992114941287307	5.34730236469455e-09
TNFa	NRCAM	2.10832923486428	5.39483289306126e-09
TNFa	SBNO2	1.57781880148978	5.48151294677436e-09
TNFa	CDKN2C	-3.23157086773863	6.85966714281124e-09
TNFa	FAT2	-1.86397214757338	7.27504198925547e-09
TNFa	PPP2R5A	-1.25720167047998	7.32085102032174e-09
TNFa	IFIH1	4.55036965991984	7.47046799192818e-09
TNFa	ZBTB46	1.03839671532275	7.56623126709767e-09
TNFa	HRH1	2.31916433087726	8.06508225460513e-09
TNFa	PANK1	-3.59429195582641	8.38808601831697e-09
TNFa	ROBO1	4.10225401260306	8.72451405794248e-09
TNFa	TAPBPL	2.57871263092533	8.77905055334078e-09
TNFa	SIX6	0.796525334116873	9.00981293593396e-09
TNFa	PMAIP1	7.37565382851013	9.58221854532762e-09
TNFa	PPP1R18	2.80337600963639	9.75248392422895e-09
TNFa	CTNNBIP1	-1.67607801620044	9.95603980106709e-09
TNFa	ANO9	2.3490186857221	1.05018113301636e-08
TNFa	EMP3	4.07281957438268	1.06497389483356e-08
TNFa	RAB32	2.0772904285154	1.06659910632964e-08
TNFa	MICB	3.2399512697626	1.08535894671183e-08
TNFa	VPS37C	0.979030114376252	1.14122618161935e-08
TNFa	GBP1	6.62073532152414	1.14348273536284e-08
TNFa	AFG3L2	-1.0729735578502	1.25285159432491e-08
TNFa	SLC27A3	-2.29366602377701	1.31715235022561e-08
TNFa	FBXO17	-1.66359030378131	1.35375734046405e-08
TNFa	ASS1	5.9897149371092	1.38317708745844e-08
TNFa	L3MBTL3	-2.12578999909147	1.41033493293871e-08
TNFa	MT1M	4.09112782530169	1.41579042958432e-08
TNFa	EVA1B	0.979756624470168	1.7105906223384e-08
TNFa	SERPINB2	8.39444170736019	1.71832196032789e-08
TNFa	PTCD3	-1.44712005799061	1.74292106551962e-08
TNFa	DBT	-1.40912911822333	1.79525968377564e-08
TNFa	B4GAT1	-1.45950337799002	1.79771616091981e-08
TNFa	VEGFC	3.86349957263496	1.82252884627661e-08
TNFa	STEAP4	3.17045414457173	2.08679391831284e-08
TNFa	PEX19	-1.30850092986442	2.12370898458315e-08
TNFa	TLNRD1	2.37059159973132	2.14110460306596e-08
TNFa	IFNAR1	1.47625118988582	2.32404961248321e-08
TNFa	SLC39A14	2.09787643979942	2.50728511901025e-08
TNFa	ALDH3A2	-2.16691570727061	2.59197948948253e-08
TNFa	ASIC1	-1.32394287096786	2.6533932457087e-08
TNFa	GNA15	1.85372930987607	2.75101929880413e-08
TNFa	NFATC3	-1.27463129089314	2.87134982436134e-08
TNFa	HLA-C	3.98902686134843	2.96595701417541e-08
TNFa	GNAI1	-2.11894815543924	3.09809470750563e-08
TNFa	NUP153	1.61852965401635	3.16021738561224e-08
TNFa	DIS3L	-2.58252998813924	3.26930815861963e-08
TNFa	GSTA4	-2.52303710773853	3.74132798060615e-08
TNFa	DNER	4.52120212341275	3.78618736126339e-08
TNFa	MAPKAPK5-AS1	-1.47064703065278	3.87073549975141e-08
TNFa	RAB3IP	1.21940230838488	3.90130108298839e-08
TNFa	ADPRH	1.18040331348877	4.05368221801048e-08
TNFa	PECR	-1.42968301861196	4.07988647217087e-08
TNFa	INTS8	-1.60642362472306	4.10147990533866e-08
TNFa	SCP2	-2.19753008133855	4.1142973452357e-08
TNFa	SOX12	-1.38490579217528	4.13351027065525e-08
TNFa	HCAR3	8.04882384999231	4.19472106186779e-08
TNFa	PDCD1LG2	2.67505101834554	4.30639895069498e-08
TNFa	TFPI2	7.95542236211236	4.4626744987609e-08
TNFa	CDYL	1.36835881391761	4.58518578954329e-08
TNFa	FGD6	1.68118563096821	4.7397575554488e-08
TNFa	ZBTB18	-1.77465012874499	4.84676015018962e-08
TNFa	TSLP	3.23290803893451	4.8859779572444e-08
TNFa	PGM3	1.90534466068897	4.89030971870693e-08
TNFa	NFIA	-1.67845457497357	4.91510474296564e-08
TNFa	ABHD10	-2.18130723354784	4.95866249791333e-08
TNFa	PDZK1IP1	3.51106496874846	5.02907613492325e-08
TNFa	ARHGEF26	-1.77993518214914	5.2616921639537e-08
TNFa	UPK1B	-1.20680380612435	5.29208961880513e-08
TNFa	NDUFB5	-1.56821295852714	5.42548183542969e-08
TNFa	HCP5	2.2201860564577	5.44566496306776e-08
TNFa	SGPP2	5.23194914833042	5.68377496699146e-08
TNFa	CCDC24	1.22787179247443	6.09156887508368e-08
TNFa	BAG4	-1.52782814507608	6.13136836827989e-08
TNFa	CDV3	1.90938169420302	6.40565561944566e-08
TNFa	ORMDL1	-1.52180838420601	6.63570824995648e-08
TNFa	S100A9	3.05689212285398	6.73135463407693e-08
TNFa	TNIP3	5.08510472718145	6.74230329393405e-08
TNFa	KDM6B	3.10182355657554	6.85275819148404e-08
TNFa	MSANTD3	2.65239487663391	6.9211454276744e-08
TNFa	FMNL3	2.64286623565892	7.06913594305251e-08
TNFa	HADH	-1.98323729084498	7.07981274994855e-08
TNFa	FOXQ1	-4.00811968112408	7.21484856178264e-08
TNFa	ALOX5AP	2.85147351788245	7.27927549401636e-08
TNFa	TOMM20	-1.59221698503872	7.3184967386632e-08
TNFa	ZNF589	-1.1046696588772	7.50563190728876e-08
TNFa	MYO1B	1.81162433409355	7.54667421044043e-08
TNFa	DNAJB9	2.60635082775389	7.92388888155817e-08
TNFa	PML	1.94773991090544	8.09040509567158e-08
TNFa	MARK1	1.12011161427136	8.37989038839657e-08
TNFa	FAN1	-0.886769444245523	8.43590534624568e-08
TNFa	DUSP3	1.77749780791247	8.49415738867907e-08
TNFa	ILK	1.84940459188165	8.51249245714684e-08
TNFa	SSX2IP	-1.80782307687077	8.57375378570292e-08
TNFa	ZHX1	-2.25441841830095	8.76352027510249e-08
TNFa	ELF3	3.36869342414996	8.78923958329423e-08
TNFa	LAMC2	3.58070693343418	8.96239020082137e-08
TNFa	PTPN4	-1.27564228205023	9.04265709146718e-08
TNFa	HIVEP2	2.66895340025501	9.14514720895382e-08
TNFa	ABCA5	2.08658887990408	9.20935170675223e-08
TNFa	TXNDC16	-2.63667883678553	9.32587829836876e-08
TNFa	PPP3CC	0.966943408452426	9.42016725338221e-08
TNFa	ZNF267	2.79018405695782	9.70738852447748e-08
TNFa	PLEKHF1	1.87483015350132	1.00476487378884e-07
TNFa	KIAA1958	-1.5351297136617	1.04937779105289e-07
TNFa	CXCL10	20.4676619899551	1.07082481687239e-07
TNFa	IL20	1.72263603250005	1.07763327686555e-07
TNFa	IL15RA	3.92886676177841	1.0846577973542e-07
TNFa	PDP2	-2.38442254879415	1.09029133901328e-07
TNFa	SPIDR	1.14098110413889	1.14146578197787e-07
TNFa	GPD1L	-3.43899131161343	1.1507150412264e-07
TNFa	HDGF	1.95292276562628	1.1734387313968e-07
TNFa	ZNF398	-1.61067329477994	1.24307298855251e-07
TNFa	FBXO9	-1.22866576013271	1.28890522627392e-07
TNFa	ABR	1.68865488896515	1.29737034047496e-07
TNFa	G0S2	7.5134838615789	1.34747926214574e-07
TNFa	PSMB10	3.96919101390365	1.34991233913009e-07
TNFa	ITSN2	1.02179475964254	1.35762228680657e-07
TNFa	TRAF4	1.62068323520798	1.37341080763738e-07
TNFa	TTC28	-1.27933582955293	1.38487344996234e-07
TNFa	NDUFC1	-1.14911985216673	1.38503616997845e-07
TNFa	PIK3C2B	-2.48879321546248	1.42463486749522e-07
TNFa	APLF	1.21646015909829	1.44480478610975e-07
TNFa	CIDEA	-1.25857885932833	1.46300352506014e-07
TNFa	CSTB	1.67125500256496	1.67564291746781e-07
TNFa	SELENOK	1.74583340668796	1.81556007274925e-07
TNFa	LBP	3.90710470496408	1.85823352933549e-07
TNFa	CXCL16	3.15043667189606	1.86337732449817e-07
TNFa	LINC01465	1.81438560821276	1.89529489370561e-07
TNFa	RWDD3	-1.57719620563131	1.96359199492095e-07
TNFa	FLT3LG	1.52375260617592	1.99144397646044e-07
TNFa	CDC42EP2	1.9933723324196	2.01356169293697e-07
TNFa	PGLYRP2	0.96036631891098	2.06409435996579e-07
TNFa	UBR5	-1.62539184425059	2.06963919715766e-07
TNFa	GRAMD2B	2.60056978769398	2.2066600529411e-07
TNFa	RIGI	5.51245375090138	2.20990352256712e-07
TNFa	ADH7	-1.04089890203773	2.26707103000146e-07
TNFa	PLEKHH1	-2.00632241874634	2.26929559811661e-07
TNFa	BTBD3	-2.03000007373002	2.49373997838193e-07
TNFa	SLC11A2	1.78336292586211	2.54806517374248e-07
TNFa	PCDH12	0.765744179336504	2.65672997444295e-07
TNFa	MTSS1	1.36288020632456	2.67583701412679e-07
TNFa	ETV6	1.73609941973358	2.70238795802755e-07
TNFa	FEZ1	1.90106174483426	2.80351410836378e-07
TNFa	CYTH1	1.29811573460988	2.85479721457104e-07
TNFa	ERN1	2.01654863100341	2.87984609592022e-07
TNFa	KLHL5	1.6639695349504	3.00354058032779e-07
TNFa	XPA	-1.60925039270163	3.03416221269221e-07
TNFa	ANKMY2	-1.97954571641103	3.09011156132218e-07
TNFa	ROBO4	1.54202181296382	3.13131682117368e-07
TNFa	THYN1	-1.96430021383221	3.13211795374794e-07
TNFa	GSTO1	2.17063702407069	3.19815880978009e-07
TNFa	POMGNT2	-1.49293261544562	3.21328143587689e-07
TNFa	ERAP2	2.07877466426568	3.46773608362723e-07
TNFa	PIEZO1	1.11035025904215	3.48994308644587e-07
TNFa	FGF9	-1.56160673004817	3.54436768237307e-07
TNFa	CD34	0.804471406442398	3.55844494177735e-07
TNFa	NUDT6	-1.79424286762735	3.65765904093165e-07
TNFa	RNF8	-0.711365341133036	3.66185892278836e-07
TNFa	LGALS16	-7.17213106663124	3.67627898280597e-07
TNFa	HLTF	-2.41579284907305	3.72378667590507e-07
TNFa	NUAK2	10.3070131299341	3.73417395702894e-07
TNFa	ENTPD7	1.94088388002142	3.80376501141447e-07
TNFa	CCDC102A	1.44185588515399	3.84385619166169e-07
TNFa	TRIM16	4.09393335836824	3.90978566525399e-07
TNFa	LRATD1	-1.25101705593655	3.94458658723768e-07
TNFa	TAF13	2.13897468860139	3.98398789396149e-07
TNFa	LYN	2.73823771105525	4.13274783731215e-07
TNFa	IL4I1	3.94292416917586	4.15823073951335e-07
TNFa	ALDH4A1	-1.53156166788587	4.18355721556388e-07
TNFa	SMURF2	2.83950205865992	4.18774847064073e-07
TNFa	ZNF140	1.95959382610606	4.28005893239573e-07
TNFa	PSMB8	3.36524539363305	4.39135013072096e-07
TNFa	ZC3H7B	0.856819392904367	4.49247587581218e-07
TNFa	GJD3	0.712127103065053	4.57438610992968e-07
TNFa	NAA16	-1.2200452470662	4.61563325166174e-07
TNFa	CD44	2.64147781943069	4.68442057672112e-07
TNFa	ACTL7B	0.790075804608121	4.6872048749001e-07
TNFa	SDHAF1	-1.26460082616679	4.72397676320297e-07
TNFa	SLC25A38	-1.3777090278613	5.06249283914521e-07
TNFa	ANP32A	-1.90074128636741	5.11679165487084e-07
TNFa	PTPRK	2.35262910030524	5.1845640069515e-07
TNFa	SLAMF8	2.62375338996322	5.30568875286082e-07
Trail	FRMPD1	-2.23461424298725	9.37850478396528e-07
Trail	WT1-AS	2.22510536038425	2.0316748081384e-06
Trail	WNT8A	-1.84696160993909	3.79546906292273e-05
Trail	GPR18	3.24080482584031	6.10907164503681e-05
Trail	TEC	2.05132163884467	6.32897997140023e-05
Trail	TAS2R5	-2.17606807531498	6.82975174998899e-05
Trail	NPY	1.60672627320766	0.00057655543561847
Trail	KLHL14	-1.7627600009602	0.00064910740528861
Trail	RAG2	1.5714490591915	0.00119285830611305
Trail	SCNN1D	-1.42004580646592	0.00144676074725903
Trail	ZIM3	1.49806065926814	0.00154725325753382
Trail	C17orf99	2.21300321523207	0.00158685767793328
Trail	RHEBL1	4.12871152878987	0.00173821466080988
Trail	GNL3L	-2.05913973383355	0.00223684971444097
Trail	TLDC2	1.74716445606875	0.00240349069862939
Trail	KASH5	1.69945908127163	0.00253635099647631
Trail	TMEM259	-1.49011646629899	0.00284526329660649
Trail	CALML6	1.67758810550199	0.00291077618936012
Trail	TMEM273	2.03895218080619	0.00356488738031601
Trail	CST7	2.08453480085733	0.00372027741067118
Trail	DMRTC2	-1.48746499327238	0.00398494091653205
Trail	NPW	-2.20001978697375	0.00408840301091871
Trail	ADAMTS17	-1.5773492573586	0.00464109627122315
Trail	MS4A1	1.47937007178223	0.00483123362297769
Trail	FLCN	1.59343944823718	0.00504624946998927
Trail	AGAP6	-1.85489301733595	0.00572987193323133
Trail	LINC03043	-1.43061942551172	0.00627660038180605
Trail	HVCN1	2.1822532622856	0.00640174407107377
Trail	WFDC10A	1.59819595907836	0.00646373327732644
Trail	LIM2	1.12315143576669	0.00657899527540708
Trail	TESPA1	0.966658874137441	0.00792358497815471
Trail	CD1A	1.69160948318846	0.00819255427282478
Trail	ZNRF4	1.03388541926211	0.0083612853949196
Trail	WDR97	-1.35064883514859	0.00856687541069262
Trail	HTR1F	-1.43670826425636	0.00869979994453147
Trail	TRIM72	1.58663855500031	0.0089445396135316
Trail	PDAP1	-1.37049660321232	0.00910543784367737
Trail	RAB37	2.94792791773863	0.00935286485162762
Trail	CCDC28A-AS1	-1.63253304085379	0.00937778059797194
Trail	LSM12	-1.97877031562439	0.00980716494437086
Trail	DNAJB8	-1.36639666486338	0.0100632234981079
Trail	BHMT	1.27667238263648	0.0104418172827181
Trail	BRS3	0.857473561278004	0.0104617651483587
Trail	KRT35	1.08224727064896	0.0115334911957206
Trail	KCNA5	1.48005006589551	0.0117558360076116
Trail	ATP5F1E	1.45639039059568	0.0119733489120218
Trail	KCNAB3	-0.951733669534874	0.012021930267368
Trail	TLR10	-1.51857826393371	0.0124689051572047
Trail	MYOC	1.00194709618001	0.0128368601856671
Trail	RRP12	-1.14056866275777	0.0130839149439842
Trail	SPINK2	1.33316609395514	0.0132811853376639
Trail	RNF175	2.80090306130311	0.0134675977648705
Trail	TMEM74	1.23206479186322	0.013701262584134
Trail	CBFA2T3	2.08475037082496	0.0141243154676013
Trail	OR5K1	-1.26124605389026	0.0144762052758455
Trail	UAP1L1	2.79737235571998	0.0145034972473094
Trail	STEEP1	-1.37939389765807	0.0149664504195122
Trail	TAS2R9	1.11704778475682	0.0151962270937936
Trail	GLIPR1L1	1.16222417293878	0.0152293327589055
Trail	NFAM1	1.13890912001509	0.015449500781486
Trail	BACH2	1.939233902246	0.0161528933717748
Trail	NDST3	0.966563798250112	0.0162068920505637
Trail	VHL	-1.19230810700464	0.0165648641504313
Trail	SLC7A9	1.21571076891102	0.016851286260355
Trail	IFNLR1	1.71424730315627	0.0174880463572275
Trail	RGSL1	0.831747421434686	0.0175139014327647
Trail	DDX19A	-1.45625861322515	0.0175244501209552
Trail	GH1	0.710362026045897	0.0180656388222084
Trail	DDX42	-1.39883609570112	0.0182432266859361
Trail	AGAP4	-2.57449336332971	0.0183067041945269
Trail	OVOL3	0.870949111270993	0.0187950543452231
Trail	LCA5L	1.25931104307433	0.0189161105952298
Trail	NLRP9	1.25920401125668	0.0196068104431701
Trail	MED18	-1.83897964421725	0.0202963326176049
Trail	CD79A	0.973768673164574	0.0207942142939047
Trail	MCCC2	-1.57682661358767	0.0208440632757611
Trail	AFMID	-2.31305514312579	0.0212671060415792
Trail	ODAD3	1.33921956531812	0.0214556708450948
Trail	XAB2	1.39527159964392	0.0217120503629598
Trail	OR1D2	1.00703874747229	0.0220480178909432
Trail	ASZ1	1.17853451670649	0.0223273855598818
Trail	RBBP5	-1.69343939768641	0.0224406590571888
Trail	MED12L	1.35540999047957	0.0228540663494789
Trail	QPCTL	-1.09472813962717	0.0234336122716608
Trail	HTR3C	1.0882583303984	0.0239404005415811
Trail	RFPL3	1.07965404411005	0.0243130982063955
Trail	MS4A5	0.947757768078296	0.0246837871073937
Trail	EPB42	0.925845779543307	0.0258281452288806
Trail	CLVS1	-1.2863268876553	0.026289438982841
Trail	TTC16	1.01004251781895	0.026610608439092
Trail	VIPR2	0.696047191500632	0.026871003673245
Trail	FMNL1	1.25681134889757	0.0271383976747912
Trail	ZNF99	-0.992769199540952	0.0272136320656158
Trail	TXNL1	-1.13877785486208	0.0274183678773253
Trail	SPATA46	1.21525919773166	0.0274731219671305
Trail	VPREB3	1.93466431338626	0.0282597616745723
Trail	FAAP24	-1.37324641370439	0.0289623620976903
Trail	ADAMTSL5	1.20430141333721	0.0290463340619034
Trail	NAP1L4	-0.959866097193273	0.0293742040255026
Trail	LILRA2	1.04873496420781	0.0298148046144626
Trail	STARD13	2.09695297759026	0.0301276528890412
Trail	HNRNPH1	-1.34862578017132	0.0306562293698093
Trail	KLLN	1.43146031998574	0.0306945250097551
Trail	GPX2	1.83382481059606	0.0317083317158649
Trail	SELL	2.47217195255472	0.0319957879271304
Trail	PTPRT	1.00512675529458	0.0324942905586804
Trail	PLGLB1	-1.56403796863062	0.0329238996790429
Trail	ASB12	1.43356957418812	0.0329434583170515
Trail	U2AF1	-1.67953602681837	0.0329556411799452
Trail	KIF12	1.18964195435317	0.0333129666892151
Trail	RPL34	1.2967358082719	0.0336768022928509
Trail	ERVH48-1	1.11088570413433	0.0338716764424962
Trail	SLC30A8	0.839191185998463	0.0338812028157495
Trail	GCSAM	1.58917045218895	0.033949390620083
Trail	TARS3	-1.63811293285968	0.0339657190978458
Trail	CRYGA	0.877588410904933	0.0340722868283726
Trail	SMIM3	3.71194965213304	0.0344580366335165
Trail	GATC	-1.36296697672721	0.0345602838027554
Trail	GCSAML	-1.27401353202437	0.0348037808918906
Trail	UCMA	1.1853146014807	0.0349342010618762
Trail	GADL1	-1.18316321429431	0.0349710288656818
Trail	GUCY2C	0.934853258555989	0.0350414841382843
Trail	CCDC105	1.26474567362882	0.0351298216586968
Trail	AFG3L2	-1.10464524614514	0.0352147277620417
Trail	DMBX1	1.20474693500154	0.035451194514614
Trail	BANK1	1.67912731336363	0.0354925960312467
Trail	RENBP	1.31017933767911	0.0357030163267774
Trail	NDUFB1	1.36565211418788	0.0357966920160288
Trail	PSG11	0.873906838814076	0.0358624598671149
Trail	ATXN3L	0.909048196566656	0.0359218773181254
Trail	COG2	-1.31052647409731	0.0360384054020577
Trail	MSS51	-1.49359784520075	0.0367548732011075
Trail	CANX	-1.43096126573598	0.0367708758392186
Trail	C21orf62	0.739560383492682	0.0368032351048249
Trail	ENHO	1.33243198831256	0.0368505968057429
Trail	GNG7	0.800144833923799	0.0369076205562928
Trail	KLK1	0.997308462582459	0.0371773636161725
Trail	NTN3	-0.867203144151994	0.0374606944796677
Trail	SLC38A1	-2.52719832118246	0.0375097518953194
Trail	IFNA7	0.830493524036761	0.0377769432875364
Trail	ANAPC5	-1.47737621375974	0.0378627747340827
Trail	SFSWAP	-0.989840374228508	0.037888344789385
Trail	SYDE2	-2.00424920559393	0.0380973149027193
Trail	CYFIP1	-1.48120011181251	0.0386274710536274
Trail	REXO2	-1.46073770831097	0.038846500431323
Trail	CD72	1.68423744202647	0.0389682215261583
Trail	UBE2G2	-1.81605565979652	0.0390137770706304
Trail	SYS1	1.47037061331098	0.039080019492052
Trail	RIMBP2	0.695131187559727	0.0392343414039541
Trail	PSD2	1.20431085960098	0.039551027947936
Trail	MFN2	-1.1113762052307	0.0398049916927195
Trail	KRT25	0.968567562947449	0.0403737550073966
Trail	SLC5A8	1.13400374608216	0.0403928823196856
Trail	RIBC1	0.870012258768013	0.0404232086096938
Trail	CCL17	0.93170681032073	0.0405017449335062
Trail	OR51E1	1.74183029385379	0.0406075922937821
Trail	CSNK2A1	-1.18611096326699	0.0406899367812231
Trail	TMEM258	1.4684319511225	0.0407071403386947
Trail	SSBP3-AS1	-1.34240891626323	0.0407321243451919
Trail	EGFEM1P	-1.17143640337418	0.0408752718893159
Trail	PRAMEF10	0.884376543949197	0.0409492075188596
Trail	MPIG6B	-0.865857194566603	0.0413935026504565
Trail	RGL4	1.32065490259668	0.0418040353590343
Trail	CELF6	1.20276037908051	0.0421150626189957
Trail	GSC2	-0.856851242279462	0.0422445149561874
Trail	CMTM6	-1.3156310635619	0.0422660835847714
Trail	PAX4	0.575440850142802	0.0424528739978009
Trail	PIP5K1A	-1.44651321729794	0.0425365350853272
Trail	ZNF276	-0.874750983992887	0.0425517867134193
Trail	UBE2D3	-0.88117912078708	0.0425811097511996
Trail	KARS1	-1.81966089256836	0.04273547973687
Trail	CD5L	0.774552244173215	0.0427765770565842
Trail	LGALS4	0.929940704379513	0.0432908228614056
Trail	PAX1	0.662034209826686	0.0433440428231877
Trail	GNAT3	0.797707049410311	0.0434329656817382
Trail	CCDC153	1.31454621313741	0.0434457982539449
Trail	SET	-1.543724086744	0.0437263170377679
Trail	TEX22	-1.15006830827569	0.0437319650151122
Trail	TAS2R13	0.891598974129422	0.0437321994898101
Trail	KRTAP4-3	1.06064646653708	0.0443651593586726
Trail	LINC00313	0.918154403898905	0.0443899786909151
Trail	CABS1	-0.926411949037408	0.0452511209748759
Trail	DNAAF6	1.17078158670911	0.0455220327926861
Trail	RUFY1	-0.929597867188196	0.0459469137015398
Trail	COL6A5	0.735346602806288	0.0460598934372356
Trail	CCDC38	1.0572313282852	0.0461560048605708
Trail	CNMD	0.842908301051912	0.0464144729208719
Trail	IMPG1	-0.713784309510662	0.046705447195881
Trail	CTXN3	0.778679796588567	0.0469561508561145
Trail	OR1E1	0.812613981873958	0.0471058177936487
Trail	CHRNA6	1.15899111692354	0.0472975218567369
Trail	NKAIN3	1.01825471458135	0.0478580431726723
Trail	ATCAY	0.988749474798132	0.0483559753015677
Trail	AMELY	0.680510380163022	0.0485931209830249
Trail	HORMAD2	0.886749512629167	0.0489957200070208
Trail	SLC12A5	1.09264721395726	0.0490461112073731
Trail	SFTPD	1.13141594364176	0.0491419638169795
Trail	TULP1	0.846232838309148	0.0492404722799567
Trail	NR1I2	0.763063607759012	0.0493147669994279
Trail	SLC10A4	-1.77509181257113	0.049849737870316
Trail	NDUFS1	-1.28436268114022	0.0499303510281079
Trail	ONECUT3	1.0498004066393	0.0501343590293426
Trail	RHOQ	1.96860558698873	0.0501955109187251
Trail	RIMKLB	1.45421651957226	0.0505911957291491
Trail	LHFPL5	1.02958657449108	0.0506436918015689
Trail	MYRFL	1.37654655738341	0.0508170589645375
Trail	CAPG	1.93271729205686	0.0510955068128345
Trail	IFNW1	0.786616384146575	0.0511486474172727
Trail	GPR83	-1.20914235356687	0.0518888808338275
Trail	LYPD4	0.750122143774409	0.0519043261524145
Trail	LUC7L	-1.15740445003563	0.0519719381266768
Trail	SLC18A3	0.828139575478404	0.0523211773730279
Trail	GAS8-AS1	0.808002023266711	0.0523575418421464
Trail	WFDC6	0.894508074207763	0.0526567498825656
Trail	BRI3	2.3524513301403	0.052898535005451
Trail	TMED2	-1.86164594033419	0.0533833491123935
Trail	HSD3B2	0.787624112307589	0.0533938119369765
Trail	SMG6	0.783862670197801	0.0534866175711313
Trail	INSL3	0.715990735884904	0.0541581967882662
Trail	CPA2	1.04409971999362	0.054608533462313
Trail	FNBP4	-1.12766606198367	0.0546544834172175
Trail	HOXD4	0.919126683575072	0.0547075070083144
Trail	NIBAN3	0.964653136750255	0.0549221712589884
Trail	CCDC81	1.28187512903428	0.055057770134982
Trail	PTPN23	1.02000302178899	0.055176105716245
Trail	CAPRIN1	-1.03579228726351	0.055237859648681
Trail	BEND2	-0.855814918002574	0.0552970039133317
Trail	SCN7A	0.696106790782929	0.0557861073828386
Trail	ASB15	0.864675188255758	0.0558961827050417
Trail	ZNF835	0.815040714928446	0.0559512422149117
Trail	SF3A2	1.41900304325356	0.0560335057889646
Trail	DDI1	0.960598460476706	0.0563875965359839
Trail	CRMP1	0.790100622884266	0.0564724189811152
Trail	TUBA8	0.831835624513289	0.0565138616300326
Trail	BTBD17	0.976725227811125	0.056751308714651
Trail	DTNB	-0.709977919793808	0.0568933980201974
Trail	CYP2C9	0.579423926579708	0.05702540286783
Trail	AQP5	0.908786298702558	0.0570383732964906
Trail	PTGER1	0.696354195051185	0.0573025640553901
Trail	ZNF207	-1.15911655429137	0.0573108247300597
Trail	TMEM196	0.798484321440304	0.0577863228524003
Trail	ISX	1.02679710759791	0.0578724633457252
Trail	ZNRF1	1.4285155240226	0.0588768597591498
Trail	GDI2	-1.26907767471811	0.059709911078566
Trail	FHL5	0.598342906015413	0.060160939292473
Trail	CHAD	0.718491068145165	0.0602965117150045
Trail	IRF2BP1	0.822628088694362	0.0603573483166213
Trail	QRICH2	1.16409530782898	0.0604314167787723
Trail	FAM24A	0.767773923661851	0.0605645099576273
Trail	RAD52	-0.773638025249271	0.0606951757548686
Trail	NEUROD4	0.8282382886625	0.0610501615867254
Trail	MPG	1.32833439943727	0.0611786432174627
Trail	DNMT3L	0.750594017428211	0.061304105658768
Trail	CFAP107	0.867473028452254	0.0616370453621884
Trail	SPATA1	-0.775263414124805	0.0624476029496487
Trail	ALDH5A1	1.62472968677928	0.0628913491451855
Trail	CA5A	0.887532105384476	0.0628982653504624
Trail	TMPRSS11B	-1.07521006537496	0.0630170905354153
Trail	STX16	-1.37953569398969	0.0633176724163572
Trail	SEPTIN12	1.03195768854348	0.0637313797099107
Trail	PLA2G2F	0.863879547134174	0.0639157893517913
Trail	CRYGD	0.759772990468844	0.0639257508948727
Trail	COX6C	1.33053206563104	0.0641384611114812
Trail	GSDME	2.34814558826082	0.064242128919388
Trail	OR6A2	0.857518903194665	0.0643132183074681
Trail	SPATA16	0.821159727796055	0.0653878564812305
Trail	RIMS3	1.1062442372657	0.0656933538895284
Trail	ASB2	1.85309205259466	0.0657749368901487
Trail	VPS26A	0.864009933730861	0.0660596284915613
Trail	SMYD1	0.80851725818032	0.0662185078586044
Trail	CCDC184	0.980955762567009	0.0665612114316981
Trail	GCNA	-2.64344297890617	0.0667794750557355
Trail	GLRA2	0.746729094192746	0.0667992144338409
Trail	DERL1	-0.963875945394077	0.0669151492107949
Trail	OR6B1	1.115982505585	0.0673758809475484
Trail	RFX6	1.18049338956685	0.0679361998112277
Trail	LHPP	1.54516531592742	0.0680233251715476
Trail	MINK1	0.81886705741768	0.0686787128241172
Trail	RAB35	-1.11751870256527	0.0690143081969982
Trail	NCL	-1.60430060501671	0.0691188565956906
Trail	SPRN	0.993897986369042	0.0691371598962219
Trail	MAP7	1.39830450872659	0.0691648650696622
Trail	HRH3	0.571956185150304	0.069404774278673
Trail	IFNA8	-0.626600280145905	0.0696067709889997
Trail	OSBP	-0.862748819458534	0.0696860375927787
Trail	GLYATL1	-0.863473752633787	0.0698122256635786
Trail	SLC3A1	0.590133521247463	0.0698847827351512
Trail	RBFOX2	-0.928142285846496	0.0700563301279158
Trail	ZFP14	-1.48807400356125	0.0703406785802696
Trail	ASMT	0.559921502529721	0.0708187925415452
Trail	MYCNOS	0.62189775009381	0.0710433479835001
Trail	KRTAP5-8	0.777015590614377	0.0711776757147973
Trail	PLA2G4F	1.06449387433983	0.0713546305772976
Trail	WBP2	1.57110412724248	0.0713734610090551
Trail	EXOC3L2	0.995968655093798	0.071654026761112
Trail	PLPPR1	0.865838975889664	0.0722589504825174
Trail	USF2	0.981801278379003	0.0726413378104893
Trail	TRBV27	-1.0610794492361	0.0727560251779383
Trail	FSD2	0.898453206597414	0.0728134938852457
Trail	NPAS4	0.80796537976108	0.0734126863404446
Trail	HIGD1B	0.772625793823813	0.0735582555018838
Trail	BPNT1	-0.898034182295242	0.0737032363824569
Trail	KIF5A	0.75620045879296	0.0740074386467459
Trail	AKAP7	0.715325902523029	0.0741505324241698
Trail	VN1R2	0.951861741447545	0.0742251904617421
Trail	CPSF1	-0.890211844787775	0.074258278369789
Trail	ANKMY1	-0.514300353176156	0.0746270628150696
Trail	MMP20	0.706023261315457	0.0747412832645181
Trail	EFCAB10	-1.33019627416834	0.0752378681949845
Trail	MYL2	0.86602639593816	0.0754202554901216
Trail	PRKRA	-1.32360151679252	0.0755458373283375
Trail	KCNH7	-0.732557876757358	0.0755809488816255
Trail	KCNK17	1.05598447429971	0.0756709538688491
Trail	CECR2	0.891944780448893	0.0757010653484
Trail	MISP	1.31052598385622	0.0757172701955939
Trail	CELF5	0.808270550104318	0.0758089788157142
Trail	ADAMTS20	0.581186073294305	0.0761839922607808
Trail	UMOD	0.715172583396173	0.0761901434692756
Trail	SCN10A	0.734967087608255	0.0762091194744382
Trail	AKT1S1	-1.52742851543914	0.0764125964133787
Trail	TEKT5	-0.802843380003111	0.0764128439751405
Trail	INSL5	-0.702139597965888	0.0772185651369291
Trail	ODAD2	0.622126900755351	0.0772930481989575
Trail	GALNTL6	0.875156790871352	0.077764860307922
Trail	NOS2	0.78848000184129	0.0782077719387477
Trail	BRINP2	1.05490486018142	0.078256511575623
Trail	CLEC14A	1.09344556496538	0.0785494661518376
Trail	CTNNB1	-1.42695332184685	0.0787550768006341
Trail	OPRM1	0.524154008454606	0.0789188502351888
Trail	EIF3B	-1.36947661017113	0.0789854857110288
Trail	ANKRD33	0.86588637557404	0.0793751781684282
Trail	FAM90A1	0.93714236592616	0.0797602763866615
Trail	TGFB1I1	2.40404575614255	0.0798875543771052
Trail	REC114	0.86825040886724	0.0799862681411867
Trail	CMA1	-0.757631085938512	0.0802054956438268
Trail	C3orf20	0.91186156079228	0.0802354836150846
Trail	MPP3	0.982635772509121	0.080422969529659
Trail	TBC1D29P	0.734177691529232	0.0804906848432776
Trail	SLC17A7	0.747532786748924	0.080514601554491
Trail	PTCD2	-1.48563264367968	0.0809633440577662
Trail	DHH	0.825442949905667	0.0812818872837671
Trail	NCR3	0.53263283799375	0.0816111142236015
Trail	MRTO4	-2.96494461384036	0.0818050707635378
Trail	HSP90AB1	-2.3854896038326	0.0821783699389845
Trail	DDX24	-1.33527014896285	0.0824942202176161
Trail	ACMSD	0.933979755966656	0.0825914781265151
Trail	NOC2L	-1.5003344960758	0.0828710268073606
Trail	MUC7	0.564434953216678	0.0829824109991144
Trail	DUSP21	-0.746331668442904	0.083062509975157
Trail	NT5DC4	-0.851485598342413	0.0831629849724939
Trail	ADAM5	0.570020940573022	0.0832099878601104
Trail	AGAP9	-1.35313710033938	0.0833445649330822
Trail	TFAP2D	0.940639539698497	0.0835666556523944
Trail	SYN1	0.796518419884732	0.0840678559694289
Trail	ARGLU1	-1.16975183954861	0.0842415750083014
Trail	KRTAP4-5	0.946402159668957	0.0842668428279491
Trail	COLEC10	0.931116111219405	0.0844387821511282
Trail	ANKS3	-0.902682956667447	0.0846404582711223
Trail	RXRA	1.51655429047902	0.0868440422619216
Trail	EHMT1	-0.808347809279737	0.0870943847299916
Trail	TSPY1	0.52947265899538	0.0871106870758294
Trail	GAL3ST2	0.878055246214892	0.0872054503467741
Trail	METTL21C	0.931875204831558	0.0872690813731626
Trail	NLRP8	0.866732182793454	0.0873049145282026
Trail	ZNF221	-0.658454475090771	0.0874127206636015
Trail	HSPD1	-1.9734032579812	0.0876680409309696
Trail	FNDC5	0.738902915853659	0.0878422142003515
Trail	ELAVL1	-1.11844348799999	0.0878864119109774
Trail	FAF2	-1.37077136755062	0.088177728382579
Trail	SPATA24	0.970510570342115	0.0885373951276949
Trail	ADGB	-0.593306652538614	0.0885506460870677
Trail	LRP2	0.776008424246528	0.0886753327219729
Trail	DHRSX	1.02795449833725	0.0889046930815516
Trail	LAIR1	0.959069513376365	0.0892244793532527
Trail	CCDC182	0.687955890546547	0.089381336890164
Trail	NPC2	2.00883173505686	0.0896136682501002
Trail	CLCN1	0.619571068046373	0.0901199427195645
Trail	DNAJC14	-1.92062062832319	0.090234311963743
Trail	FARSB	-2.37640837009096	0.0903121032972276
Trail	KCNH1	-1.011297039417	0.0904273201035839
Trail	GNRHR	0.529476133170147	0.0905213087239081
Trail	ILDR1	0.900852435167324	0.0908834672139674
Trail	HSPA5	-2.49203225703395	0.0910931037509776
Trail	FAM9A	0.820092299373807	0.0911760658222385
Trail	DNAJC5B	0.8664451838372	0.0913460447901178
Trail	SPINK13	1.07365910418711	0.0916732464285758
Trail	UMODL1-AS1	0.869266041026149	0.0920281466329299
Trail	DYNLT2	0.624942339823119	0.092579866229282
Trail	KIAA0319	0.710129520809614	0.0925830484525544
Trail	HOXB1	0.634743666548805	0.0926121447153654
Trail	ASTN1	0.792657605866336	0.0927612787070362
Trail	GUCA1A	0.512176122871522	0.0932084236532708
Trail	PHOX2B	0.672164819398253	0.0938137141862606
Trail	PRSS37	0.884464227627632	0.0939936038673675
Trail	PCDHAC1	-0.811170535534978	0.0943238167275864
Trail	GTF2I	-1.45452084843956	0.0946317763356537
Trail	CTDNEP1	1.00224441383126	0.094813142905775
Trail	NEUROG2	-0.850990170114119	0.0950124535207737
Trail	RXFP2	0.914530955524077	0.0953269711180657
Trail	TBC1D10B	0.941734061069988	0.0955196672235963
Trail	VARS1	-1.74507149127257	0.0956092268759724
Trail	FAM215A	-0.736413369695889	0.0957310517510097
Trail	CCT4	-1.39411777279901	0.0958202312316811
Trail	TRAPPC3L	-0.938664521302433	0.0958546155510932
Trail	MATR3	-1.66413252860691	0.0960930715061969
Trail	LGMN	2.05573574641963	0.0961594352669403
Trail	RERGL	0.764385991771645	0.0963462014303795
Trail	SPDYE2	-1.19095951452387	0.0969856247528153
Trail	PPIB	-1.46319401870463	0.0972657093180232
Trail	MGAM2	0.90483388508825	0.0972970843046411
Trail	NLGN4X	-1.47966882903021	0.0974664511932206
Trail	PROKR2	1.05923363090814	0.097586590217175
Trail	TNMD	-0.742451542767461	0.0977586635533593
Trail	TP53BP1	-0.75786202097043	0.0980841952695123
Trail	SLCO1A2	0.63291548902866	0.0981940569700536
Trail	ZNF544	-1.00708601931035	0.0984238619293088
Trail	COPA	-0.776398276477381	0.0986851252490841
Trail	TACR2	0.752602425127219	0.0987260948024802
Trail	OR4D2	0.913454357896507	0.0987721079413105
Trail	ADAMTSL2	-0.695165401357515	0.0989190549936264
Trail	LRIT1	0.651199090665483	0.0991599075516981
Trail	LRRFIP2	-0.890994713407958	0.0992988528638966
Trail	KCTD19	0.790190896053194	0.0994682277248294
Trail	IGHD	0.71331553576178	0.0999278776459644
Trail	SRRM4	0.738517393193082	0.100196200390033
Trail	FOXB1	0.809587716610137	0.100469286985597
Trail	PWP1	-1.34947786507544	0.100574031665627
Trail	RP1	0.981603318820033	0.100679107657578
Trail	AICDA	0.647079475166167	0.100951050961915
Trail	CHCHD3	-1.14479617758593	0.101017707459666
Trail	OBP2B	0.899939811088358	0.101044784468235
Trail	KYAT1	0.776287876147729	0.10106387116189
Trail	RAG1	0.694351110627658	0.101451458975997
Trail	RNF148	1.0434146103845	0.101646344365259
Trail	OPA3	-0.81696975144247	0.101855422171056
Trail	SART1	-0.831866036213057	0.102141096387445
Trail	HSPA1L	0.756252003047169	0.102258210307697
Trail	ZNF672	0.764456201375096	0.102467098551408
Trail	PRPH	0.797240415696664	0.102532242850409
Trail	NEUROG1	-0.618245237065083	0.102712074051202
Trail	FBXO36	-0.789497240895502	0.102724868594904
Trail	PLAC4	0.526579170180136	0.103070655701345
Trail	HPS1	0.593398217473866	0.103101302270022
Trail	LRRC31	1.04785922570062	0.103173741890996
Trail	UNC45B	0.832068996131437	0.103311093084284
Trail	DRC7	0.812247988273431	0.103439875621586
Trail	FTHL17	0.84518776230538	0.10363203120667
Trail	TPM3	-0.836997966353438	0.103680130448021
Trail	DYRK1A	0.484600190040214	0.103711131677224
Trail	SRSF6	-1.65119497011785	0.10374207671445
Trail	ZCCHC3	0.699090202759982	0.103933802085683
Trail	SCART1	-0.782183419350587	0.104309808468715
Trail	SRSF4	-0.904589187121534	0.104471850601561
Trail	SLC6A1	0.782216604114604	0.104578368847621
Trail	TSTD2	-0.861133878195109	0.104780770321314
Trail	SCGB3A1	0.86744001213826	0.104782069402182
Trail	BLID	-1.64727640593054	0.105143104578117
Trail	APTX	-0.843119378395665	0.10527471620075
Trail	EMC1	-0.884475661888864	0.105703708769545
Trail	PEX5	-0.86372056047626	0.105749159325695
Trail	FAM184B	-1.06836604892866	0.106444760003845
Trail	RPS6KB2	-0.885214812183592	0.10652506876491
Trail	SLC22A24	0.844470774305256	0.106730015563533
Trail	PAK4	0.640088829257125	0.106735981348366
Trail	CEACAM4	0.622909558307478	0.10675567083055
Trail	DEFA5	0.733519285086861	0.107234456999955
Trail	SPAM1	0.491898196664343	0.107304672971343
Trail	CD300LF	1.77885703483663	0.107341120876278
Trail	XRCC5	-1.11253530380899	0.107341324733407
Trail	CYP4F11	1.23989065003488	0.107570263381299
Trail	PEX10	-0.938586556809015	0.107677541006212
Trail	CCDC7	0.592904275884161	0.108021870678116
Trail	GARIN4	0.744147498237989	0.108446891130342
Trail	PLEKHB2	-0.890324890282016	0.108511263924449
Trail	TSC22D1	1.35385956920589	0.108609526557868
Trail	RGS7	0.747857013626949	0.108955368234611
Trail	TGM3	0.72862898461458	0.109384293443155
Trail	GALNT8	-0.69465346411292	0.109424223815976
Trail	LILRB5	-0.67634579989909	0.109623690590324
Trail	ART1	0.553245998079464	0.110011059448455
Trail	KICS2	-1.71745544166048	0.110395228488777
Trail	PTPRE	1.40188059754443	0.110611644774438
Trail	KIF1A	-0.584840270057792	0.110673840350612
Trail	OR10A4	0.944374131507471	0.110913578290225
Trail	EIF4G1	-1.65854093926674	0.110965824354367
Trail	OR1J2	0.795602766531397	0.111110573303602
Trail	SLC22A9	0.949732184439355	0.111209201224717
Trail	CRCP	-0.969513166986802	0.111780777714794
Trail	ITGB1BP2	-0.783930149400187	0.111794157696701
Trail	TFAP2E	0.878358065560077	0.112032602907927
Trail	SAG	0.649230252947247	0.112054650807937
Trail	MTHFD1	-1.75092993933462	0.112870981029808
Trail	IL3RA	0.795761856720805	0.11288700828457
Trail	POU5F2	0.767535512858324	0.112954324548925
Trail	SLC39A1	1.02904429876414	0.1129732637218
Trail	SUPV3L1	-1.29496403093533	0.113077036370958
Trail	CXCR3	-0.57433236375374	0.113134244326463
Trail	TGFBRAP1	-1.12771534081782	0.113470665257828
Trail	WAS	0.587077394177488	0.113945446657912
Trail	TSR1	-1.57984678101875	0.114346114498689
VEGF	CRACD	-4.87119003049659	6.71853642819792e-25
VEGF	VWA8	-3.60680434040849	1.44952647835107e-18
VEGF	NLGN1	-5.61807493255322	2.65870720331342e-18
VEGF	NRG3	-5.8237473288507	1.08480740641238e-16
VEGF	KCNK10	2.88330636393117	1.81298677445607e-16
VEGF	HTR1F	-2.23645979302208	3.599533495988e-16
VEGF	EPHA3	-4.43408560858063	2.23558380225886e-15
VEGF	ZNF257	-4.55614554813936	2.3777080912212e-15
VEGF	JCHAIN	-3.34799501276244	5.56082375726108e-15
VEGF	PHACTR3	-9.24996861208268	1.0110701421727e-14
VEGF	HACD4	-3.76231391977954	1.12826348086792e-14
VEGF	VPREB3	-3.39233793500076	1.89152186690596e-14
VEGF	NCKAP5	-8.07105939813173	3.32455086300093e-14
VEGF	CYTL1	3.47832790139519	6.83902753381434e-14
VEGF	NID2	-4.91747172517082	7.48349815335854e-14
VEGF	SCML4	-1.87826820552769	9.30238738874715e-14
VEGF	XKR4	-3.63251576361539	1.56307633994804e-13
VEGF	CPA6	-2.56376825502185	2.38313613099601e-13
VEGF	PKHD1L1	-2.10520403862256	5.61260386364014e-13
VEGF	ART4	-2.06452249559302	6.36150245968954e-13
VEGF	VASH2	-3.04376019627761	6.958274887766e-13
VEGF	SPINK2	-1.89118937820105	7.32555811350961e-13
VEGF	EPN2	10.7661902184329	8.36052424455062e-13
VEGF	MYO3A	-1.95217804207498	1.3735145974779e-12
VEGF	VPREB1	-3.1796901692439	1.5610783181173e-12
VEGF	UNC5D	-2.53942754943866	1.65433209541227e-12
VEGF	IGLL1	-3.38489055084362	2.23680849295449e-12
VEGF	TMCC3	7.27199391875632	3.48416172393736e-12
VEGF	SMAD1	-3.80111156446347	4.87776535427095e-12
VEGF	RORB	-2.77447740207386	5.94283157389195e-12
VEGF	CCDC81	-2.30136366491409	8.87146856181412e-12
VEGF	IRAG2	-3.31230507011548	9.76830013738041e-12
VEGF	CD72	-2.71772638853328	1.14884371036311e-11
VEGF	SRGAP2	-4.34000364382405	1.20712430661585e-11
VEGF	PIEZO2	-1.89109700367819	1.30783766196672e-11
VEGF	BEND4	-2.47092843543712	1.35481137720629e-11
VEGF	GP5	-1.59192643405096	1.53729523451149e-11
VEGF	CDC37L1	3.30291948664358	2.39383032619869e-11
VEGF	CCM2	4.27456516902487	2.4894534079886e-11
VEGF	ALDH1A1	-6.40250832815474	2.52585408188337e-11
VEGF	SPAG6	-1.57091526864182	3.02234527961819e-11
VEGF	ZNF597	3.02088005545987	3.03720460034844e-11
VEGF	NUDT19	-9.11136805816042	3.49219323703631e-11
VEGF	CRYM	3.46103326090118	4.31513119937676e-11
VEGF	ANKS1B	-2.57751849088035	4.4444504999133e-11
VEGF	ZNF669	-2.18745320858855	4.72312053345635e-11
VEGF	P2RY14	2.83000209492682	4.94573259345856e-11
VEGF	ZNF347	3.03105365010758	5.93041056621868e-11
VEGF	IMMP2L	-2.01199922020731	9.77699584187608e-11
VEGF	C1QTNF4	-1.85916802627489	9.84091694058753e-11
VEGF	CD93	3.08046025142857	1.00578682091227e-10
VEGF	PTCH1	-2.78416382323069	1.18972021057219e-10
VEGF	ADGRD1	-3.68664523264694	1.43454440033083e-10
VEGF	LINC01558	-1.20642645652423	1.64655307945835e-10
VEGF	IKZF3	-1.60694787639927	1.87205589752492e-10
VEGF	AHRR	18.5042225173004	2.10510852372782e-10
VEGF	RGL1	9.31297358657362	2.6488863091773e-10
VEGF	HMHB1	-1.70945328379811	2.83148739992007e-10
VEGF	SENP5	1.86554945711406	2.86069464465674e-10
VEGF	ZNF200	3.50469205309727	3.08827630004199e-10
VEGF	MZB1	-1.70130741236217	3.23901789736889e-10
VEGF	NKD2	3.89538372600471	3.5124904944304e-10
VEGF	CNR1	-1.45613759001507	3.80301804466259e-10
VEGF	DCHS2	-1.73174543158831	4.07628864847217e-10
VEGF	TTC28	-2.07389642175488	4.27938440005055e-10
VEGF	XK	-4.11559505539785	5.42699652270307e-10
VEGF	WNT16	-2.03801122829194	5.96955847874486e-10
VEGF	ZNF415	-2.78346505845975	6.07273084227442e-10
VEGF	SMCO3	-2.10198457226268	6.28283030269135e-10
VEGF	BCAR3	5.83201039316044	7.34629583487716e-10
VEGF	LMO2	3.65174298925834	7.51891367978119e-10
VEGF	CAMK4	-2.54705763730386	8.07354225890124e-10
VEGF	ARL9	-2.32334540018359	8.09678501139205e-10
VEGF	FAT1	-5.1053841819177	9.92285242252651e-10
VEGF	PLAA	2.302383390894	1.01505384829872e-09
VEGF	RUBCNL	3.1367475160911	1.03690034248249e-09
VEGF	CPVL	-4.0383857404609	1.23611980723252e-09
VEGF	MYEF2	-2.36864642954137	1.35293055574645e-09
VEGF	CSMD1	-1.35447220477316	1.63634355960673e-09
VEGF	TMSB15B	-2.22124959710701	1.82885885389063e-09
VEGF	DGKE	1.54756144737829	1.84435694464151e-09
VEGF	LIPC	-2.30505695768852	2.00157429221527e-09
VEGF	ALKBH1	1.75594202846895	2.235912033615e-09
VEGF	HOXD10	-1.82701963282543	2.30161365369359e-09
VEGF	CCDC141	-1.58801197816074	2.53347360386626e-09
VEGF	SAP30BP	1.75311662299697	2.54179924992321e-09
VEGF	NPTX1	2.37867180415157	2.62006964554925e-09
VEGF	IL21R	2.54369361167438	3.03895267972339e-09
VEGF	KIF26A	-2.10745048885752	3.10179395669625e-09
VEGF	ANXA5	-5.26878270342457	3.12616454544119e-09
VEGF	TRPC6	-2.12534568209119	3.19332327747377e-09
VEGF	SLC38A4	-2.22955626474965	3.83795195211101e-09
VEGF	SLFN13	-3.53155263947754	5.47583895322046e-09
VEGF	ZNF202	2.30653707966537	5.65422148440551e-09
VEGF	ASTE1	2.65124034624065	6.23662222537933e-09
VEGF	GRIP1	-1.61752794014123	6.37612254299665e-09
VEGF	SST	-1.22482486385723	6.60379716710657e-09
VEGF	CAPSL	-2.49836082209338	6.81889660494827e-09
VEGF	SLC25A43	-4.35830552974223	6.86410093138263e-09
VEGF	GPR68	2.15720693695108	7.30361953387566e-09
VEGF	TBX1	-1.00386277078018	7.72552777576314e-09
VEGF	BAALC	2.14178266787112	7.84539146243355e-09
VEGF	MFSD8	3.20567288114981	8.23627992133512e-09
VEGF	HECW1	-1.35347270804291	8.51051752802579e-09
VEGF	MYOM2	-2.0130472396557	8.71572963957864e-09
VEGF	SAMSN1	3.28370365184556	8.7415862310373e-09
VEGF	CA13	11.4773605804905	9.90901031595138e-09
VEGF	EID3	-4.17660332137928	1.09996302853022e-08
VEGF	STK33	-1.66861951656259	1.1005055043972e-08
VEGF	NCBP3	2.95975836070336	1.20309020504129e-08
VEGF	APBA1	-1.4296427557661	1.2397809687538e-08
VEGF	SCAI	-2.28173208618383	1.45610375686588e-08
VEGF	TBX18	-1.60412548084331	1.60539027840545e-08
VEGF	MAD2L1BP	2.06120220942149	1.68260298585891e-08
VEGF	LPCAT1	4.3874781101082	1.70179379310989e-08
VEGF	CRISPLD1	-6.03898067869792	1.76285750267988e-08
VEGF	PLA2G1B	-1.19235124931311	1.90553562370516e-08
VEGF	AASS	-2.76957673996815	2.0580484756121e-08
VEGF	HDAC9	-2.35763820506796	2.08725187667367e-08
VEGF	LCN10	1.47738442655261	2.14915778538092e-08
VEGF	KIFBP	3.34238252490321	2.15329550660955e-08
VEGF	CATSPERE	-1.40134962354125	2.15528682725232e-08
VEGF	ZNF572	3.07813016165433	2.23862741787015e-08
VEGF	TMEM150C	-3.37910334143885	2.36089542920846e-08
VEGF	PPP2CB	1.55266756994407	2.55162052417356e-08
VEGF	TKTL1	1.49616068880392	2.57617509603034e-08
VEGF	DPY19L2	-2.03049583076283	2.80854303407542e-08
VEGF	LINS1	1.99994718258084	2.81280721503391e-08
VEGF	MLIP	-3.56518553076599	2.87239444053107e-08
VEGF	LDLRAP1	-2.56891197325546	2.94509613499637e-08
VEGF	SFMBT1	1.72247136792759	3.46026971853099e-08
VEGF	MSANTD2	2.73243489057946	3.50489376288019e-08
VEGF	CYSLTR1	2.34991030126932	4.18182401614403e-08
VEGF	ZNF112	-3.28234633052532	4.42815995009814e-08
VEGF	CD84	-1.32359493245824	4.64738130749506e-08
VEGF	RLN2	-2.4341777648818	4.72001104435139e-08
VEGF	TRAF3	2.78302529660645	5.33054950442083e-08
VEGF	ERMN	2.84646636091042	5.37277408924368e-08
VEGF	FGF9	-2.28526111106739	5.62592127279794e-08
VEGF	SRFBP1	4.09923608294224	5.75788038578732e-08
VEGF	IRX1	2.31565768335748	5.93453930956599e-08
VEGF	ACP5	3.96225220032566	6.16059972640761e-08
VEGF	SLC23A3	1.6945194891986	6.59935003906392e-08
VEGF	FHOD3	-3.35512388076389	6.60967971802398e-08
VEGF	CFAP20DC	-2.98597009984544	6.7761935221904e-08
VEGF	E2F6	3.06857484864722	6.85958365026608e-08
VEGF	PARP15	1.57855729590811	6.981690295683e-08
VEGF	ZNF234	1.83207874759015	6.9817249721776e-08
VEGF	ZNF594	2.19166422392229	7.31396761930251e-08
VEGF	PCDH9	-2.91212997021231	7.56120516255608e-08
VEGF	APBB3	-10.3151269988406	8.45511672576034e-08
VEGF	FBXO25	-3.43475817846424	8.45690766427326e-08
VEGF	DOK5	2.20963615040971	9.17429046549001e-08
VEGF	PGM5	-1.26936009472266	9.53762642741253e-08
VEGF	SNX22	-1.22224253743068	9.69280096300542e-08
VEGF	ZAP70	-1.11498263029041	9.74835733524754e-08
VEGF	BCHE	-3.24750235993993	1.0387277491935e-07
VEGF	SNX10	-4.0428053992266	1.05615546546167e-07
VEGF	TMEM273	1.75810181842327	1.08226463787753e-07
VEGF	LRRC2	2.50918433195343	1.10197644414468e-07
VEGF	ADD2	-1.20388602316121	1.15320910596761e-07
VEGF	PPP1R16B	1.66460781641082	1.21578706809557e-07
VEGF	TRIL	-1.73517996400549	1.21670028473377e-07
VEGF	KCNK17	-1.43328344754152	1.23879943446614e-07
VEGF	TMEM121B	1.94173159567525	1.31262560342613e-07
VEGF	PPP1R14A	-2.7898554385483	1.31847535390476e-07
VEGF	ITPRIPL2	2.96763795802144	1.33857635229574e-07
VEGF	ZSCAN22	1.54011027370157	1.45361995995373e-07
VEGF	NCF4	1.8109504588682	1.53423988188198e-07
VEGF	INPP5A	3.13149164454822	1.55820190180443e-07
VEGF	IGHM	-1.11218095594776	1.57683304100132e-07
VEGF	RUNX1T1	-1.27371685506563	1.59249068977705e-07
VEGF	PRSS12	-2.96010160529825	1.62934857032691e-07
VEGF	FBN2	-2.67947236269197	1.74937696579179e-07
VEGF	ST8SIA5	1.49216457277086	1.77252694593821e-07
VEGF	CADPS	1.48068881225047	1.78813903060888e-07
VEGF	HNRNPLL	-2.1918952102067	1.79230930232553e-07
VEGF	KIF26B	-1.25132770714319	2.01086717289746e-07
VEGF	YAE1	4.00017331052691	2.02218124014714e-07
VEGF	TNFSF11	2.33338096564402	2.05680307831741e-07
VEGF	ACSL4	2.94952436841756	2.17481703596706e-07
VEGF	PDCD10	2.07021618756099	2.24487096426373e-07
VEGF	TP53RK	3.02212903616207	2.25794139522848e-07
VEGF	CCBE1	-2.58104636866003	2.30471417536256e-07
VEGF	SLC35E2A	-15.7327651108963	2.41500463382874e-07
VEGF	GNA12	2.29827027744438	2.49437637903195e-07
VEGF	KCNK12	1.51702985811079	2.50731044687787e-07
VEGF	JAKMIP1	-1.55826573614492	2.65714826651513e-07
VEGF	TAFA5	-2.3394635032396	2.74891011030816e-07
VEGF	MICAL2	2.93472462123407	2.75790809142732e-07
VEGF	ZSWIM3	2.56697465389779	2.80152973936895e-07
VEGF	CLEC11A	-2.18871340117366	2.85341796942796e-07
VEGF	FLT3	-2.52757668611816	2.88489197039277e-07
VEGF	AOX1	-3.01690214279545	3.24037207060808e-07
VEGF	SNX29	-1.88995022619519	3.28903905739425e-07
VEGF	OBI1	2.08033447677452	3.35564301034569e-07
VEGF	PPM1E	-1.78943699898476	3.51820510338473e-07
VEGF	CLEC5A	2.69453580365157	3.6546411635645e-07
VEGF	ATG10	-1.45522708389579	3.88242338154974e-07
VEGF	CDY1B	-1.18323982860941	3.99871719431731e-07
VEGF	CDK12	1.26807654612335	4.19846684901491e-07
VEGF	PEX2	-1.96718778406958	4.42872862729467e-07
VEGF	PARVB	1.78117379270762	4.4609285902524e-07
VEGF	ZNF547	1.80007825946308	4.46811693528434e-07
VEGF	ZNF786	2.92127600765388	4.62084020786287e-07
VEGF	AP1G1	1.71454054048463	4.68233630765765e-07
VEGF	RPS27	-2.01006949280963	4.80582751289378e-07
VEGF	REN	2.89485474619371	4.98453801892542e-07
VEGF	GOSR2	1.17306292016054	5.13876862358466e-07
VEGF	ZNF322	2.51122377043659	5.7678470380681e-07
VEGF	NLGN4Y	-1.38350117145025	5.9840708250354e-07
VEGF	C17orf67	2.21536210407319	6.10388653325428e-07
VEGF	ARHGAP28	-2.05420833663234	6.51372632198399e-07
VEGF	GPAT3	8.75992210296717	6.63435431729674e-07
VEGF	NDUFA12	3.0580236529621	7.11690527223861e-07
VEGF	CWC22	2.83445126266805	7.18083042833057e-07
VEGF	IL18RAP	1.74335350936269	7.20813139428369e-07
VEGF	RRP7BP	9.74608371194484	7.49814034331791e-07
VEGF	RGMB	3.13981868765968	7.60797249193547e-07
VEGF	AGO2	4.30030798042986	8.07213625373863e-07
VEGF	FAM117B	-2.93886551019838	8.45555168462628e-07
VEGF	DNAJC24	1.60155194872165	8.45863976193945e-07
VEGF	MED18	1.98995707038345	8.54003578721723e-07
VEGF	ZNF526	1.79965742345879	9.64058664095439e-07
VEGF	PDXDC1	-1.09264789538017	9.78805405520203e-07
VEGF	ACY3	-1.19525028139936	9.7899299721795e-07
VEGF	ICA1L	-1.21256149832437	9.82517967920267e-07
VEGF	PLXNA4	-1.20782466055402	9.86916929029257e-07
VEGF	ODAD2	-0.877798501092155	9.96366373232624e-07
VEGF	ZNF267	3.52497368004398	9.99759576446086e-07
VEGF	ZNF830	1.72232309812432	1.01163026417259e-06
VEGF	MYB	2.52976284702002	1.03595458732479e-06
VEGF	KPNA1	1.76324777909273	1.03663343097764e-06
VEGF	GZMB	3.78301466932599	1.03769254166181e-06
VEGF	EBF3	-2.21278869727295	1.04103750659024e-06
VEGF	AGPAT4-IT1	1.84011567343786	1.0507294566444e-06
VEGF	CTTNBP2NL	3.33946877737576	1.07470523469594e-06
VEGF	ZNF135	-1.00044603331638	1.09611466870287e-06
VEGF	C1QTNF3	-1.24383480217362	1.10554652996142e-06
VEGF	PCNX2	-1.20009014073081	1.11195305041478e-06
VEGF	GGTA1	-1.53205925418159	1.12361778090321e-06
VEGF	TLR10	-1.35516143901222	1.12646989724651e-06
VEGF	CHST6	-3.40143744482557	1.12850442816434e-06
VEGF	BCDIN3D	3.37845467031559	1.13775414770798e-06
VEGF	THBD	4.70758608517934	1.17502710299356e-06
VEGF	FAM30A	-1.18260130657951	1.20927246449118e-06
VEGF	BABAM2	-1.85382633897077	1.23011075166066e-06
VEGF	FCRL5	-1.25670398495817	1.23357720019592e-06
VEGF	CCR6	1.63476455323293	1.24212184798495e-06
VEGF	SORBS2	-1.74180293211608	1.26586339091034e-06
VEGF	CRIP1	-2.90111883354558	1.3922715263046e-06
VEGF	ZNF2	2.16331408213424	1.41861985480895e-06
VEGF	RAB14	1.51266741588035	1.43268375472554e-06
VEGF	HAS2	4.30019249436754	1.47331938379055e-06
VEGF	MFHAS1	3.03013382091717	1.47919918843995e-06
VEGF	TARS1	2.51561309374285	1.48510877131503e-06
VEGF	ADAMTS18	-1.11448949816462	1.49720112857685e-06
VEGF	RETN	-1.21351169300814	1.50375943051936e-06
VEGF	VGF	2.95219663667164	1.51661441905396e-06
VEGF	FAM162B	-1.24830817751222	1.55352255933986e-06
VEGF	CARD10	1.52165173162868	1.5709317382306e-06
VEGF	KALRN	-0.703405153243918	1.58437254196212e-06
VEGF	SIT1	-1.40329576890685	1.59191192171094e-06
VEGF	CRYGS	2.041610869636	1.62402913878887e-06
VEGF	SLC25A27	-1.80298560122723	1.62820918989513e-06
VEGF	IKBKB	1.73200879677937	1.63333219082415e-06
VEGF	RASGEF1B	-4.15782857054899	1.64480676075499e-06
VEGF	SLC22A4	3.24447020393375	1.66207932807462e-06
VEGF	RALA	2.84938782932806	1.68767300906215e-06
VEGF	WDR89	2.37898039323897	1.79720450365635e-06
VEGF	RYBP	2.72439703436036	1.8163296869941e-06
VEGF	ULK2	-1.9246705428736	1.90549606907132e-06
VEGF	MFAP1	1.97938241563454	1.94563344160567e-06
VEGF	ESX1	-1.07838294608073	2.01597459839114e-06
VEGF	LRRC8C	2.69091533952207	2.05222945312882e-06
VEGF	ANKDD1B	-4.09875625908391	2.0710439976788e-06
VEGF	WASF1	-2.22770474216206	2.12111604401637e-06
VEGF	TNFRSF11A	2.80986259492202	2.13267671837979e-06
VEGF	UTP25	2.48451248768727	2.14070798000443e-06
VEGF	RNF139	-1.9246188980273	2.16583329301597e-06
VEGF	ASB1	1.36635567567313	2.22886569551409e-06
VEGF	ARMH4	-1.55966326905343	2.25896662953279e-06
VEGF	CACNB2	-1.19956012415561	2.28907798226058e-06
VEGF	CISH	2.78549357062377	2.31227615745024e-06
VEGF	ZNF225	2.03053592072035	2.37579745867308e-06
VEGF	RPP38	1.77221006257991	2.45383011336872e-06
VEGF	AR	-1.44948771058941	2.56452682427836e-06
VEGF	ZNF584	1.96027064407114	2.58439612636186e-06
VEGF	RSPH4A	-1.32866867851059	2.59083868296901e-06
VEGF	TVP23B	2.44290505629925	2.66104985132816e-06
VEGF	BLZF1	1.89907359116212	2.67428777516368e-06
VEGF	PLEKHG1	3.63505563750082	2.73124270973459e-06
VEGF	ATXN7L1	-1.42905485079573	2.8623320813452e-06
VEGF	CCDC26	-2.41153746177377	2.89343502494768e-06
VEGF	ZPBP	-0.90191340714837	2.92139161919287e-06
VEGF	CGRRF1	1.79559462570046	2.93392450521958e-06
VEGF	TMEM39A	1.55664099630646	3.08509893061259e-06
VEGF	LCN6	1.11448717007906	3.16450973849345e-06
VEGF	AK5	-2.64007484454549	3.16961038616655e-06
VEGF	KAT6B	-1.69837913703572	3.2041150687173e-06
VEGF	SVEP1	-1.0343527300961	3.21321077625068e-06
VEGF	RGS2	-7.79617455773988	3.22107957635118e-06
VEGF	TMEM9	-2.2295822631901	3.29867822385711e-06
VEGF	TRO	-0.989948323386859	3.32970381533852e-06
VEGF	ITGA8	-1.28577736406611	3.36034716983648e-06
VEGF	SOCS2	2.9548547908793	3.39663396227206e-06
VEGF	ENTPD1	1.74018219324997	3.59127567439905e-06
VEGF	FOXF1	2.10084482203813	3.61865322327325e-06
VEGF	LRRC8B	1.74348033151156	3.64504174696347e-06
VEGF	TBP	1.81091536909003	3.65108246225493e-06
VEGF	PDE1A	-1.29040178590242	3.72984901561245e-06
VEGF	KLHDC4	1.07652143224354	3.7308146288584e-06
VEGF	IL4R	3.66968031293432	3.77925081072269e-06
VEGF	MFAP3	1.83384346882932	3.93393250721335e-06
VEGF	ANAPC10	1.89150461964702	3.98646777086291e-06
VEGF	GPR63	-1.50085489202199	4.0152687347105e-06
VEGF	PABIR1	1.83378582090761	4.03998804370192e-06
VEGF	FGF5	2.72447126845368	4.21225097190439e-06
VEGF	CASP3	2.49592803125476	4.23518796098874e-06
VEGF	TRBV27	1.28762671638744	4.25653544825876e-06
VEGF	EFHC2	-1.16037323160298	4.28670348883664e-06
VEGF	SEC62	2.11397553311195	4.3513461931124e-06
VEGF	ROBO1	-4.52336534106773	4.39174412496719e-06
VEGF	ZNF140	2.4496751087842	4.43739565382589e-06
VEGF	ZBTB9	2.45370697532003	4.49658979137448e-06
VEGF	ITGA1	-2.05503909615733	4.53762992596972e-06
VEGF	LYSMD3	4.07606932076078	4.54543312583938e-06
VEGF	C12orf56	-2.55504532682125	4.65253691178199e-06
VEGF	CAPN2	2.14110615648084	4.74199286873585e-06
VEGF	RASSF10	-2.88746317575561	4.74647042440525e-06
VEGF	COL8A2	-1.62814674909075	5.02648949217909e-06
VEGF	PRKCZ	-2.99459839782328	5.1294621883549e-06
VEGF	CCDC93	1.6256596190981	5.16711883581719e-06
VEGF	ZNF711	-2.04260091840711	5.38891694224697e-06
VEGF	TFIP11	1.11728948804656	5.52402454166901e-06
VEGF	DPT	-0.986721592236307	5.59668928586255e-06
VEGF	ACTR3C	-1.82384227211576	5.62117954439201e-06
VEGF	NPPC	-1.31400281947536	5.67304992645682e-06
VEGF	PITPNA	1.67511095154311	5.70927048230772e-06
VEGF	CHD7	1.5335637167064	5.73429418516034e-06
VEGF	TTC9C	2.14198682237791	5.76584681140118e-06
VEGF	C2orf42	2.15008377365688	5.84771159110707e-06
VEGF	WDR49	-1.28925438083841	5.88986020363552e-06
VEGF	ZBTB16	-2.37393576507243	5.89226788069456e-06
VEGF	TTBK2	-1.47797239663019	5.89234567503608e-06
VEGF	EPB41L5	-1.41857597968789	6.04298850733267e-06
VEGF	FOXL1	1.34940664283026	6.05752539148903e-06
VEGF	DOCK4	2.79637912494141	6.06872361661529e-06
VEGF	RIMS1	-1.09533978066153	6.12442112328111e-06
VEGF	ZFP82	1.99987436301049	6.13917774670089e-06
VEGF	TCF12	-1.39448433338417	6.15749923491755e-06
VEGF	PELO	1.15506182637887	6.17585345845389e-06
VEGF	GZMH	1.50971241207645	6.40310680990303e-06
VEGF	ADRB1	-1.44936946892915	6.47804453450501e-06
VEGF	RFX8	8.18745228779891	6.68071068777931e-06
VEGF	TNFRSF18	3.02803460589923	6.77808910300425e-06
VEGF	VIRMA	1.57438750559013	6.96144869055995e-06
VEGF	ACVR2A	2.59136981616422	7.13192963402332e-06
VEGF	ARSG	4.22361699502968	7.1438608030508e-06
VEGF	CDKN1C	-2.81372908058033	7.20935826344514e-06
VEGF	LCMT2	1.3837396641547	7.33082765817734e-06
VEGF	ACTBL2	10.8506437198603	7.56252707130826e-06
VEGF	CASP8AP2	2.29694103679223	7.57222121096937e-06
VEGF	LMO3	-1.39845989284105	7.6764598147076e-06
VEGF	RNF103	-2.01568658871208	8.02307106018829e-06
VEGF	PDCD4	-3.21965397332767	8.16975879535947e-06
VEGF	ALOX5AP	3.23584705023852	8.19869790712718e-06
VEGF	MAF	-2.62474721735637	8.29584665801176e-06
VEGF	MREG	-2.97884299356661	8.32119402549513e-06
VEGF	PCCA	-1.06029067435397	8.34326810227567e-06
VEGF	RIC8A	5.17018747673825	8.38373717124505e-06
VEGF	RAB11FIP1	-2.71859477339121	8.39997570151436e-06
VEGF	GTF2E1	2.29299692413431	8.45163129453381e-06
VEGF	DDHD1	2.00474754747898	8.56435138183834e-06
VEGF	FADD	2.7211965291014	8.67223592266323e-06
VEGF	PTRH2	2.4093361236484	8.77106299288533e-06
VEGF	ZNF394	-1.80563259931558	8.80413590748654e-06
VEGF	ARHGEF18	-2.22184449476197	9.08579158301377e-06
VEGF	RNF25	1.6528556856585	9.30248683031815e-06
VEGF	TGDS	2.1008881727328	9.54483847832278e-06
VEGF	C8orf82	-3.05404289828117	9.62461546811494e-06
VEGF	SPATA5L1	1.45801611445821	9.8438250351782e-06
VEGF	GNLY	-1.06991543401093	9.8587453597804e-06
VEGF	CD1E	-1.18973745556176	9.8894085773457e-06
VEGF	KIN	1.26030848696785	9.9541435985416e-06
VEGF	BST1	-1.65825300527857	1.01047760824787e-05
VEGF	PDE9A	1.51828305996059	1.01142140864288e-05
VEGF	TPBG	3.3345371543677	1.01425821063348e-05
VEGF	CD1D	-2.62851049851257	1.05480609415641e-05
VEGF	FMNL2	-2.24549889054833	1.05697872782228e-05
VEGF	TBC1D5	-1.8296294709255	1.06111847345164e-05
VEGF	MAGEF1	-2.01710208138849	1.07948163300746e-05
VEGF	TRIM72	-1.22581757708457	1.10107861632535e-05
VEGF	RUNX1	9.78846482562818	1.11608139640274e-05
VEGF	ZNF827	-2.58311111635842	1.18423561890874e-05
VEGF	HCCS	2.15014541933026	1.19779713807482e-05
VEGF	FAM24B	-2.33873596299884	1.21327870277293e-05
VEGF	TBX5	-0.69239543862175	1.22207336923656e-05
VEGF	ZNF516	2.69422446899816	1.24154331736887e-05
VEGF	ZNF513	2.00922000464848	1.26251416561197e-05
VEGF	MTERF3	2.65970985294553	1.26813801004937e-05
VEGF	ITGAL	1.71612916202111	1.27398482055159e-05
VEGF	ASXL1	-1.31121798756165	1.28088349957541e-05
VEGF	HSP90AA2P	10.0606068407522	1.28459360795135e-05
VEGF	EYA4	-1.44183395406693	1.29415561642468e-05
VEGF	PUS3	1.82349634504897	1.30130960886999e-05
VEGF	NELL2	-1.84477667275056	1.30544053613708e-05
VEGF	ADAM33	-0.97054163478311	1.31421886222588e-05
VEGF	POLL	-1.29819499970573	1.32424358138459e-05
VEGF	ITPRID2	2.32672818193175	1.32429570947424e-05
VEGF	STRBP	-1.90712716640439	1.36533611984117e-05
VEGF	GPRIN3	2.59747081982	1.37368738317584e-05
VEGF	TBC1D23	2.76187984511945	1.37623741991008e-05
VEGF	GUCY1A1	-1.7978627666938	1.3859247186028e-05
VEGF	SYNPO2L	-2.98390001471045	1.39802931215263e-05
VEGF	GSC	-1.3631059221898	1.41747699830737e-05
VEGF	LEMD3	2.04237295876812	1.42546380246181e-05
VEGF	UBE2Q1	1.46259302436587	1.43036897795036e-05
VEGF	RBFOX2	-1.10367594976092	1.43777904324565e-05
VEGF	ZNF280D	-8.12398431268379	1.44872421556937e-05
VEGF	GPRASP3	-1.66886519974181	1.47687732089839e-05
VEGF	NRXN2	-1.00870133124313	1.48254859903824e-05
VEGF	TPK1	-1.82974946259314	1.50891780736131e-05
VEGF	AKAP11	1.6147031071864	1.51503739313189e-05
VEGF	SEMA3G	-2.17251380008829	1.52621407714316e-05
VEGF	PLOD3	1.70627086445631	1.54620070882174e-05
VEGF	ZNF788P	2.25596246915269	1.56956886185733e-05
VEGF	MTX2	-1.77638248593594	1.57855524094821e-05
VEGF	IL1R1	2.48295920882848	1.62085966971687e-05
VEGF	ZC3HC1	1.84383880624738	1.62249930673218e-05
VEGF	CNTNAP3	-2.11928362582784	1.64273650243192e-05
VEGF	GPR82	2.9437701320232	1.64920419566822e-05
VEGF	C4orf36	-1.39702719898588	1.65305457533791e-05
VEGF	ZNF649	1.87028840127686	1.65735375099172e-05
VEGF	FBXO30	2.82239416515711	1.67415255303461e-05
VEGF	WDCP	1.78882783152594	1.72045155546489e-05
VEGF	RNFT1	2.16080184449012	1.77251101532627e-05
VEGF	LINC01600	-1.0458266724221	1.7992071762623e-05
VEGF	TCL1A	-0.995886268860275	1.82990935183684e-05
VEGF	ABRAXAS2	1.88620538030618	1.83634464034776e-05
VEGF	HSD3B2	-0.866126721791626	1.89223286843455e-05
VEGF	NME5	-1.97523520043811	1.90026964024373e-05
VEGF	BET1	2.3083018067041	1.90744673624786e-05
VEGF	FAM110C	-4.86864821125507	1.94290038161804e-05
VEGF	GPN2	1.23853418343764	1.98546192230288e-05
VEGF	NHLRC2	1.41969553151246	2.00903298708081e-05
VEGF	NABP1	3.26864152948509	2.01880960441975e-05
VEGF	TSPAN2	-2.67599882461366	2.04796784958161e-05
VEGF	ARCN1	1.63236833543162	2.12033650140511e-05
VEGF	COX7A1	-1.02143537435432	2.13400975745301e-05
VEGF	MCTP2	1.82128228061483	2.17386000906273e-05
VEGF	ITGA9	-1.51630506898934	2.18709438395427e-05
VEGF	CRK	1.85044418083452	2.1968550641738e-05
VEGF	SLC16A6	4.48649771289763	2.21939887449698e-05
VEGF	GSPT2	2.06663718126697	2.22255803226143e-05
VEGF	ZNF137P	2.26463584187151	2.22307314993295e-05
VEGF	YES1	1.21313877771617	2.22932000925209e-05
VEGF	PDXP	4.76701298561025	2.31024359633094e-05
VEGF	FAM199X	1.33272809545116	2.3174488562974e-05
VEGF	ANKRD40	0.919850304849181	2.31982343846872e-05
VEGF	BDP1	1.62593082468449	2.42984217666853e-05
VEGF	FGF13	-2.80964547167664	2.43142772186109e-05
VEGF	MED28	1.13656824413321	2.45575854138002e-05
VEGF	KLHL1	-0.935197987040053	2.45983336781612e-05
VEGF	CDK17	2.47389024819152	2.4614786156118e-05
VEGF	ARL11	1.40492705754125	2.47252060649389e-05
VEGF	CBX4	-2.38234504725893	2.48045131212326e-05
VEGF	CUL9	-0.980939517021781	2.49461114109816e-05
VEGF	ELL3	-1.74260552494285	2.56569046573607e-05
VEGF	IMPG1	-0.749811214164754	2.62030552358058e-05
VEGF	TRMT13	2.28831173742216	2.634637275607e-05
VEGF	ILDR2	-1.44501757691632	2.63582860317718e-05
VEGF	BANP	1.71446419760556	2.65312328758094e-05
VEGF	MED17	1.48995794890198	2.68379360515219e-05
VEGF	DOCK10	2.17688795730881	2.69071172350084e-05
VEGF	SERHL2	-0.964539134885782	2.7075330196742e-05
VEGF	UCK2	17.2673347780808	2.79877965673122e-05
VEGF	DTNB	-0.776147742548625	2.80307599402943e-05
VEGF	LPIN1	3.05510474313977	2.82029519217396e-05
VEGF	CCDC127	1.89222578516597	2.82107908536754e-05
VEGF	BLK	-0.770283427460037	2.82476730333034e-05
VEGF	TXNDC9	1.85954079436516	2.83352204906052e-05
VEGF	TSPAN32	-1.1068656650336	2.8548982706065e-05
VEGF	JAML	3.45068269188877	2.96613442474271e-05
VEGF	ESF1	2.54692541360267	2.97182683232848e-05
VEGF	PHAX	1.88055071812634	2.99032119043351e-05
VEGF	KBTBD8	3.53749303742925	3.00106596600617e-05
VEGF	RCAN3	-1.7115688303162	3.02234453080611e-05
VEGF	NKIRAS1	2.41904168029777	3.06638953824473e-05
VEGF	C2orf16	-1.25768515952108	3.22008482075259e-05
VEGF	MTX3	-1.91855179214543	3.25086588236505e-05
VEGF	CD109	3.17384238949952	3.37445972624166e-05
VEGF	NPW	-1.46200894987372	3.38493252908055e-05
VEGF	XCL1	-1.0807026001142	3.39202850949709e-05
VEGF	ZNF214	-0.865727354713388	3.39306891116243e-05
VEGF	SEPTIN1	-1.44794426651875	3.4703322731809e-05
VEGF	ZNF583	1.19355538956466	3.473843489214e-05
VEGF	BLNK	-3.17687685298149	3.52731936013027e-05
VEGF	MAN2A1	2.37892311505274	3.57962499222251e-05
VEGF	INSR	-1.51074126570068	3.62051643708768e-05
WNT	BMP4	5.93683107305	2.5117168915e-10
WNT	SIGLEC6	2.0207361471	2.34785797904e-09
WNT	NPY2R	1.38723387106	8.66691702251e-09
WNT	CSF3R	1.93231537539	3.02194158545e-07
WNT	KRT23	4.12161155069	5.46398873532e-07
WNT	FGF20	-2.0880306196	5.99759318512e-07
WNT	FGF3	-1.75149878034	6.95045464352e-07
WNT	MSX1	4.13090389196	1.20655935318e-06
WNT	RNF43	3.62818214446	1.4031369546e-06
WNT	CYP24A1	4.69230392105	4.71457364124e-06
WNT	BMP7	2.09307161751	1.06805103588e-05
WNT	NTF3	2.27388978335	1.56616390991e-05
WNT	FGD2	1.63117929701	2.12330440955e-05
WNT	ALOX12	-2.38809168835	2.26079183195e-05
WNT	ANKRD1	5.75344104425	3.89586688146e-05
WNT	FOXJ2	1.31222701553	6.05737606683e-05
WNT	KIF26B	1.36180050783	6.88326375137e-05
WNT	RUBCNL	2.90072733261	8.16874483651e-05
WNT	KLK10	2.00418100752	8.67928478255e-05
WNT	SYT12	-1.25326075663	0.000103359276663
WNT	CACNA1E	1.07499664802	0.000103819365547
WNT	LY86	1.59625220102	0.000188794580507
WNT	SLC7A8	-2.4843729916	0.000255840859267
WNT	ANO2	1.36220022375	0.000271853308515
WNT	GPR22	-1.02298721746	0.000306318830639
WNT	TCTN2	-1.51731000002	0.000363802600662
WNT	PLA2R1	-1.1473081003	0.00043154454415
WNT	SBSPON	1.4732102099	0.000492143876491
WNT	GFRA2	1.36711872351	0.000615454476643
WNT	MSX2	1.56657068981	0.000624635395585
WNT	CPLX2	-1.04050048512	0.000629542350627
WNT	SNTB1	1.76849258398	0.000634353018584
WNT	RBMS2	2.11730003842	0.000652883662358
WNT	C2CD3	1.45436019911	0.000671018806142
WNT	IRS1	3.18782977995	0.000677146160567
WNT	SNCAIP	1.43635014664	0.000684510890974
WNT	SFRP5	-1.07940364175	0.0006936654665
WNT	ZNF613	1.33650285529	0.000749468654752
WNT	ARL4C	3.27342846498	0.000767026874809
WNT	CAMK1D	1.84366782207	0.00085834320087
WNT	RAP2B	2.32707816213	0.000923448819569
WNT	SYK	-1.72470371194	0.000961543134275
WNT	ZNF385D	-1.28117922528	0.00104211930459
WNT	HOXB3	1.15163784334	0.00110033603615
WNT	B3GNT2	2.16641085465	0.0011133369452
WNT	TDRKH	-1.71027369375	0.00111520058608
WNT	KLHL4	1.54051285835	0.00114797669738
WNT	C4BPB	1.60281111775	0.00138877955408
WNT	PRDM5	0.987983717211	0.0016632867864
WNT	IL12RB1	0.839411846655	0.00170918624308
WNT	TSHZ2	-1.23388644759	0.00175648006775
WNT	MAB21L4	2.50620955677	0.00189873143397
WNT	FOXF1	-1.92842044692	0.00198206109101
WNT	ZNF701	1.03723151382	0.00198342140623
WNT	UPK1B	1.62050396442	0.00199485545678
WNT	OLFM4	-1.42315030737	0.00233193330248
WNT	AVPR1A	-0.583503378752	0.002616819342
WNT	RASGRP2	-1.28386241053	0.0027686071582
WNT	DLX5	1.64452023135	0.0027959639827
WNT	CLDN4	-1.89939345585	0.00281909102652
WNT	GNG11	2.09852650379	0.00288828454631
WNT	BNC1	1.58225139336	0.00290312755367
WNT	ZNF230	1.38534278144	0.00324531887819
WNT	LPAR2	1.26399445256	0.00331915742373
WNT	TRMT2B	1.80002842507	0.00341862787052
WNT	ASB4	-0.728762798846	0.00350588560801
WNT	ZNF43	2.2320690359	0.00357670958258
WNT	KCNJ10	-1.43276659141	0.00366710244234
WNT	ITGB7	1.36135777708	0.0038032648039
WNT	HIRA	1.72585140096	0.00412580248755
WNT	DESI2	1.10426832494	0.00439472464868
WNT	EYA4	1.39326162198	0.0044040834368
WNT	APBB1	-1.01528790297	0.0046106646729
WNT	MSI1	1.00152333996	0.00478340779841
WNT	KCNJ5	-0.970656340025	0.00494852099435
WNT	ANGPT1	-1.92617170318	0.00498163096702
WNT	ZFP30	1.53566031892	0.00498560551434
WNT	TBXT	-0.954038286972	0.00549736080612
WNT	MSH3	0.863448783565	0.00556448056192
WNT	CD244	0.75606236887	0.00588321045121
WNT	GNAO1	-0.915037841756	0.00633185783819
WNT	IGF1	1.35948123623	0.00677818966146
WNT	TPH1	1.0144342317	0.00692100552716
WNT	TLE4	-1.73347206901	0.00713974314072
WNT	LGALS14	0.981538986418	0.00719725792556
WNT	NCAM1	-0.877086430495	0.00743489897373
WNT	PIEZO2	-1.05133509247	0.007650404056
WNT	IL1RL1	2.08077074582	0.00804057919216
WNT	SEC31B	1.44708283337	0.0081756890797
WNT	WFDC2	-1.31768738028	0.00818971424443
WNT	HOXB5	1.13995823557	0.00829007336729
WNT	FASLG	-1.44349654904	0.00874322319687
WNT	AIRE	0.756269896603	0.00882285526742
WNT	SEL1L3	-1.62188109405	0.00898612368622
WNT	ZNF45	2.19565822721	0.00923027291226
WNT	CD48	1.57824848108	0.00939056115579
WNT	ZNF552	1.10289013974	0.00941593102656
WNT	RNASEH2B	1.05685087869	0.00954080307465
WNT	IGFBP1	1.48422826766	0.00959796972265
WNT	ANKMY1	0.58688972167	0.00984532791376
WNT	CP	-1.9644410489	0.0101949190957
WNT	SLC2A9	0.981192148782	0.0102086629226
WNT	CD37	0.983030055041	0.0102282294876
WNT	RNASE2	0.967893920485	0.0102453599333
WNT	LPAR1	2.01286029824	0.010761690679
WNT	HUNK	-0.818259121568	0.0113446415067
WNT	FOXO4	-1.43937669276	0.0113816769559
WNT	IL36A	-0.80629439472	0.0114144749865
WNT	RNASE3	0.891848953133	0.0116101548252
WNT	PTGER2	2.55539227579	0.0117109148423
WNT	BCORL1	-0.734435319083	0.0117496030567
WNT	TLL1	1.04142646256	0.0120008211464
WNT	MMACHC	1.55429416452	0.0120726221024
WNT	TOM1L2	1.0583859988	0.0121894738397
WNT	CDX2	-0.893798859653	0.0122528024691
WNT	IL17RC	-0.878163457797	0.0123150006043
WNT	TRAF6	1.0183646202	0.0123985106778
WNT	MAPK9	1.31905919156	0.0124586120202
WNT	OLFML3	1.9628656184	0.0125182604171
WNT	CD4	0.705275462864	0.0126315431161
WNT	SCARA3	1.68080702092	0.0128063192855
WNT	S1PR1	1.64590803612	0.0128783186852
WNT	HOXA2	1.21118581127	0.0135729957832
WNT	PTGFR	-1.70637184875	0.0145086681843
WNT	FYB1	1.65357465374	0.0145484188693
WNT	TIAL1	0.794941622627	0.0148786459986
WNT	MYOM1	1.04388276335	0.0148904110478
WNT	SLC45A2	-0.775987683492	0.0155720289478
WNT	SLC17A1	-0.628971826557	0.0157796417375
WNT	AXL	2.1436922898	0.0158781245208
WNT	ZNF10	0.932748218183	0.0159560513024
WNT	RIMBP2	-0.640157069563	0.0163359599964
WNT	PLPPR3	-0.919774792107	0.016383160837
WNT	SH3BP4	1.59507179731	0.0163974811867
WNT	CD84	0.972337550052	0.0167117279967
WNT	TAS2R10	1.09514445406	0.0167223582118
WNT	PAPPA	1.32522967283	0.0167257658218
WNT	CLTC	-0.831055272291	0.0169237911918
WNT	VPS26A	-0.8181474381	0.0171089198356
WNT	HTR2A	-0.774015143515	0.0173476036177
WNT	TMPRSS3	1.68811107254	0.0175111332174
WNT	SYT2	-0.886455995781	0.0175233058788
WNT	LRP2	-0.837882591908	0.0177777832462
WNT	PAX6	1.58228504868	0.0181003386739
WNT	CH25H	2.80326804516	0.0181100515402
WNT	RNF128	-2.4880887093	0.0183286706505
WNT	ROR1	1.65768084211	0.0189793536819
WNT	GK2	0.740268843154	0.019008931741
WNT	AVP	0.681123917365	0.01901048717
WNT	KISS1	0.969871585857	0.0190660309224
WNT	ITGB3	-1.97088543089	0.0192238929316
WNT	UBE2Z	-1.18190265328	0.0193452842624
WNT	TMEM62	1.20580372694	0.0194026448301
WNT	CRNN	0.85962484514	0.0195700103823
WNT	DSG1	-0.835336366826	0.019583630575
WNT	ST7L	0.708148540071	0.0196560813701
WNT	POFUT1	0.898538126817	0.0197796084205
WNT	KIF1A	0.637274488382	0.019786017205
WNT	STX18	1.11638409861	0.0199244141961
WNT	MAP4K1	0.89076784399	0.0199861575233
WNT	ERG	-0.629862048988	0.0200190097951
WNT	DNASE2	1.50619091775	0.0200551574921
WNT	SLC4A5	0.629763427598	0.0201406475026
WNT	DAPP1	1.71900455274	0.0203463482396
WNT	BDH1	1.26117175413	0.0204649302368
WNT	OVGP1	1.14148781089	0.0206373251084
WNT	SLC8A1	1.00365007376	0.0217807417948
WNT	CEP112	0.771116313763	0.0221876395822
WNT	SLC5A1	-0.78489325065	0.0222318187463
WNT	CHRNB4	-0.703986381166	0.02307403542
WNT	SEMA6D	-1.29535580241	0.0232279788655
WNT	EPB41L4A	-1.37522577926	0.0232898587317
WNT	NTRK2	-0.672821072244	0.0233209119523
WNT	CPS1	1.64655134485	0.0235130845523
WNT	SMG9	0.789238489406	0.0236580589391
WNT	RPS6KA5	-1.68306810451	0.0238141071964
WNT	MARCHF8	-1.45375756444	0.0240092722894
WNT	TNS4	1.29567733971	0.0240526132667
WNT	EPS8L1	-1.03570644839	0.024147651353
WNT	NDP	1.76266240009	0.024217858272
WNT	PKP2	1.61797993503	0.0242611670263
WNT	SGPL1	1.47423814072	0.024746852799
WNT	WT1-AS	-0.83101427043	0.0249844771265
WNT	CTF1	-1.00966676971	0.0250658046452
WNT	NCF2	2.14918651349	0.0252230781892
WNT	NPY5R	-0.89625715631	0.0253382980143
WNT	GLT8D2	-1.34771092712	0.0260913021981
WNT	EXOSC10	0.88038041589	0.0261491017389
WNT	CNGA1	-0.936614175281	0.0264693662657
WNT	RHOH	-0.893464254305	0.0267446090547
WNT	EXTL3	-0.852054909176	0.0270771176017
WNT	DMPK	-1.00250499802	0.0274344807203
WNT	PFDN4	0.808642344024	0.0280391283819
WNT	PTPN2	0.942575112756	0.0286111352376
WNT	RNF186	0.751390558596	0.0289413924788
WNT	ECE1	-1.61774938176	0.0290110467771
WNT	ING3	1.18937075595	0.0294322752538
WNT	VAV1	1.02980920484	0.0294658847668
WNT	B3GALT5	-0.857373993842	0.0295226663309
WNT	IGFLR1	1.56663157636	0.0295405938507
WNT	FHL1	-1.64302920564	0.0305617103984
WNT	H4C15	1.3975372266	0.030902138301
WNT	LAT2	-0.895714793695	0.0314234612551
WNT	CACNG2	-0.593523857298	0.0315958538403
WNT	FNDC4	-0.826714890194	0.0317354626713
WNT	OPN1SW	-0.657255312321	0.0321406792988
WNT	ICE2	1.17252347783	0.0321809165665
WNT	RETREG3	-1.48040697916	0.0325483623114
WNT	CNTFR	0.677384299542	0.0332459779234
WNT	WDTC1	-0.857976455526	0.0334585892953
WNT	TNIK	-1.81114087692	0.0336416231618
WNT	MTUS2	0.647808553281	0.0338099191154
WNT	EDN1	3.01859591483	0.0340135147416
WNT	POU2F3	-0.816326132131	0.0342373128757
WNT	PTAFR	-1.27222423928	0.0345054623574
WNT	FGF4	0.52945930768	0.034676374331
WNT	TACR1	-0.735229420079	0.0347850543114
WNT	SLC15A1	-0.607173964746	0.0358339635891
WNT	CLDN10	1.20167006069	0.0360632772607
WNT	TEAD3	-1.12245850612	0.0370336904888
WNT	BRME1	0.611110201437	0.0371450637729
WNT	ERVMER34-1	1.42723696071	0.0376590848108
WNT	PC	-1.45275868819	0.0378968129749
WNT	SPTSSA	1.82095024259	0.0379517123642
WNT	HBP1	-1.74457133069	0.0383067201717
WNT	ID2B	0.860574686847	0.0389893938426
WNT	GGA3	0.645986505584	0.0390773280881
WNT	SLC9A5	-0.475820971099	0.0395121264438
WNT	HOXB1	0.599719099085	0.039638069043
WNT	NT5M	0.907386925925	0.0396759788398
WNT	CD53	-0.591256506702	0.0398497995921
WNT	DHCR7	-2.23799636832	0.0399320195126
WNT	OTUD7B	-0.813817508215	0.0407562915713
WNT	TF	-0.953058663178	0.0416731966922
WNT	MAGI1	-0.62145704269	0.0422360250362
WNT	CAPN1	-1.09122517955	0.0422911708579
WNT	ABCA7	1.1381346323	0.0425461273003
WNT	PDE1B	0.64805982563	0.0425742632924
WNT	BCAP31	-1.08255913842	0.0426018251948
WNT	NCKAP1L	0.775533468972	0.0427381635141
WNT	LRRTM2	-0.970260425783	0.042951026757
WNT	GMEB1	-0.86390508043	0.0430801418096
WNT	SLC2A5	-0.942966590808	0.0433340220761
WNT	RHOBTB3	1.88752037522	0.0437034786606
WNT	PI15	-1.04380910277	0.043772128227
WNT	L2HGDH	0.783860921717	0.0438857167886
WNT	PLXNA1	-1.10426266687	0.0443572900304
WNT	SIRT4	-1.00517698581	0.0445009948495
WNT	CRYGD	-0.625208489135	0.0445482416815
WNT	ATP6V1B1	-1.02870173314	0.0450024351028
WNT	UCP2	2.71217989704	0.0452664983554
WNT	ENO3	0.91208996462	0.0452851964383
WNT	DBN1	-1.16807477133	0.0453838654716
WNT	CSNK2A2	1.19670868874	0.0454065558605
WNT	TNNT3	0.612745331179	0.045486475245
WNT	CD82	-2.25793257734	0.0458346438604
WNT	NCF4	0.942072606978	0.0459199999103
WNT	PIM2	-1.6417734264	0.0467164944754
WNT	MUTYH	1.11135225413	0.046987238914
WNT	PALS1	1.4990988865	0.0470852094775
WNT	PYGO1	0.832971395251	0.0472987815723
WNT	F2RL3	-0.609942112394	0.0473682205785
WNT	ZBTB7A	-0.538680340353	0.0477200406559
WNT	GDAP1L1	0.640632875271	0.0478055117518
WNT	CD22	-0.715617817294	0.0480068296664
WNT	NEUROD4	0.648404543714	0.0481122921709
WNT	ECI1	1.14866600655	0.0481485073895
WNT	ABHD6	1.13559554425	0.0486514393859
WNT	BBX	-1.43179302644	0.048752869477
WNT	THRB	-1.20400147861	0.0491537168846
WNT	TAS2R4	0.865072668989	0.0491937240047
WNT	PRSS21	0.780472002355	0.0495467108618
WNT	PYY	-0.532082732604	0.0496440656684
WNT	CTNNA3	-0.563611937822	0.0502364271543
WNT	EDA	-0.374800807771	0.050696954086
WNT	THG1L	1.27782683746	0.0508265079533
WNT	RLBP1	-1.00280098443	0.0514283837331
WNT	PNLIPRP1	0.458006795803	0.0514729868759
WNT	CUBN	0.920681584742	0.0516812433318
WNT	GMPS	1.26369177601	0.0519174801692
WNT	HCN2	-0.645382854643	0.052222668577
WNT	CRYBA2	0.81373930369	0.0526085736329
WNT	PIP5K1C	-0.982587281975	0.0528131806842
WNT	LSM8	0.978757853346	0.0530137013555
WNT	TYROBP	0.768330687491	0.0530445950163
WNT	TMCC2	-0.735128071278	0.0534852236444
WNT	TCP11L1	0.908390161563	0.0535313757443
WNT	GSN	-1.076031764	0.0540193290998
WNT	CKMT2	-0.645283915097	0.0541758195297
WNT	ZNF222	1.23204607345	0.0541783349944
WNT	PECAM1	0.973696445211	0.0542559420395
WNT	SNCG	-0.669106862794	0.0544633913294
WNT	DGKE	0.725247233281	0.0546209327495
WNT	MMP24	0.69446752152	0.0547465810546
WNT	RREB1	-0.521369464198	0.0550490814345
WNT	NEK3	-1.08568105798	0.0550587217301
WNT	RTF1	-0.711300209933	0.0559810806395
WNT	ESRP1	1.61307029048	0.0559860686965
WNT	TRAF3IP3	0.934787077549	0.0562266944136
WNT	MYCNOS	-0.53605181367	0.0565935677979
WNT	TLN1	-0.723930529946	0.0566980922504
WNT	KIF13B	-1.16778788811	0.0567919220219
WNT	TSC22D4	-0.817387528559	0.0569434222471
WNT	ODR4	1.00062183376	0.0569467283161
WNT	CTNNB1	-1.19583311129	0.0569656107789
WNT	CST8	0.566105775184	0.0570234075249
WNT	SSR3	1.67107854516	0.0570449477534
WNT	SERPINB5	1.31781658703	0.0572149980817
WNT	LINC00474	-0.566216179353	0.057665957652
WNT	P2RX1	0.7467152555	0.0577567565327
WNT	SLC38A3	-0.958970319706	0.0579564577034
WNT	GEMIN7	0.732327505555	0.0580250806571
WNT	OTULINL	1.77563542607	0.0585581925634
WNT	ZNF226	0.931214522714	0.0594553460468
WNT	OSBP	-0.71637052325	0.0595007938045
WNT	LIME1	-0.768789677834	0.0595965660171
WNT	RAB3B	1.57243159549	0.0598524465987
WNT	ELF3	-2.51085440949	0.0600684123596
WNT	NSUN3	0.63230427107	0.0601193995754
WNT	TSPAN8	1.53478281949	0.060170605806
WNT	EPB41L2	-1.08934684497	0.0604144652948
WNT	ZDHHC18	0.69706815265	0.0610784748323
WNT	CRISP3	-1.30590724985	0.0611581855334
WNT	PPFIBP1	1.02443863248	0.0613902970635
WNT	VGLL1	0.879010238903	0.0615697504332
WNT	TIAM1	-1.36589517272	0.0616515390718
WNT	TRPV2	-0.854584900022	0.062024413419
WNT	ADGRL3	1.1025631237	0.062155786242
WNT	LZTFL1	-0.98157731023	0.0622413172241
WNT	PLXNB3	-1.1039637836	0.0628096615973
WNT	PIP4K2C	-1.00851007594	0.0629164522209
WNT	PLIN3	-1.29727929698	0.0630988599025
WNT	VPS51	1.27085527985	0.0631139031948
WNT	NAP1L1	1.13245565984	0.0633464637828
WNT	USP20	-0.842918982266	0.0633826504149
WNT	PABPC3	1.03060345641	0.0634536316915
WNT	DHRS7	-0.913715424896	0.0636149134525
WNT	ESYT1	-1.12890538332	0.0638632760425
WNT	S100P	2.71559428256	0.0639233436945
WNT	BCL2L11	-1.41820498356	0.0642718753199
WNT	PCP4	1.56368906403	0.064607539519
WNT	MALT1	2.01370396301	0.0647862013095
WNT	RPL15	0.812088801829	0.0653206690898
WNT	GATM	-0.810887345097	0.0654037097204
WNT	KCNAB1	0.465978163859	0.0654269986728
WNT	EDA2R	0.765316008556	0.065517183342
WNT	FAN1	0.651521883132	0.0657048399599
WNT	ATP6V0A4	-1.36684867802	0.0659491708307
WNT	ARSA	-0.703363954664	0.0661894237034
WNT	BAHD1	-0.804818543279	0.0662620040487
WNT	NBEA	-1.61067975587	0.0666925423774
WNT	FSHB	-0.54423936098	0.0670422947918
WNT	BTF3	0.523740044862	0.06731496611
WNT	RPL11	0.90539941737	0.0673371231843
WNT	SLC6A2	0.365106627072	0.0674480668488
WNT	BICDL1	-0.806552420395	0.0677040543175
WNT	ZFAND1	1.41276953073	0.0680210619686
WNT	NR2F6	-0.693880458936	0.0680693584426
WNT	KCNK15	-0.799623112692	0.0683252139487
WNT	ADA2	1.00644612141	0.0683842224647
WNT	ATP5PB	0.744961268774	0.0683850374115
WNT	ETV5	-2.50476246571	0.0684970096673
WNT	PNLIPRP2	-0.638851099046	0.0684995823477
WNT	FAM110B	1.16509188969	0.0685620775966
WNT	HOXB2	1.20985722724	0.0686830432575
WNT	OVOL1	0.968510645898	0.0687778897264
WNT	GPR18	-1.08019613642	0.068814756509
WNT	UCP1	0.544787554024	0.0695155360479
WNT	PSTPIP2	1.89408729752	0.0695696007317
WNT	WFDC8	-0.556649337328	0.0696807965426
WNT	B3GALT4	-0.900999512512	0.0699432222603
WNT	ABO	0.58855949351	0.0700530923117
WNT	ERN2	0.504623422774	0.0700536896539
WNT	CRYZ	-1.59138928045	0.0701312181975
WNT	FTSJ1	1.17237424038	0.070296984314
WNT	UNC45A	-0.508440916029	0.0706587477862
WNT	ZNF442	0.794829981281	0.0707720233892
WNT	EFCC1	0.537061854347	0.070974334197
WNT	SMAD2	0.759965336154	0.0710330803374
WNT	DPH5	1.24402786147	0.0713492986917
WNT	ETS2	-1.84105533105	0.0714122516389
WNT	MYO19	0.97734769081	0.0715005687168
WNT	ZNF426	1.07318768264	0.0717092489518
WNT	GLCE	-1.84746772997	0.0717743135266
WNT	ANKRD26	0.828339962132	0.0718036194503
WNT	DGKG	-0.725355992424	0.0718427983307
WNT	VSX1	0.420486437981	0.0723206175856
WNT	FBXO3	-0.851239985055	0.0723713376807
WNT	CMKLR1	0.661274322815	0.0723979560999
WNT	HAND1	-0.595727761404	0.0727117300868
WNT	COL11A2	-0.700343398644	0.0728404740566
WNT	PIK3CD	-1.08283120389	0.0729044344563
WNT	SLC2A2	-0.593535752595	0.073218334899
WNT	YARS2	0.815732224084	0.0734437205993
WNT	PAN2	1.34911187444	0.0736250725118
WNT	ACTR1B	0.767541377944	0.0737970975794
WNT	MTIF2	1.2581740438	0.0738951142289
WNT	CHMP7	-0.768241887957	0.0739002904566
WNT	FCAR	0.44745351367	0.0739844861185
WNT	AKAP10	-0.848465157162	0.0740122396178
WNT	BTBD3	-1.4437911896	0.0740983640358
WNT	CDH2	1.15562178249	0.0742475418992
WNT	PTCD2	1.07306254845	0.0743292394071
WNT	AGTPBP1	1.05070713749	0.0757473188435
WNT	NUDT13	0.765802641571	0.0757546611687
WNT	AHSP	-0.492542043741	0.0762574058769
WNT	RGN	-0.708346511052	0.0763097656978
WNT	DUS4L	1.10459452587	0.0764928371365
WNT	SRSF4	-0.782044079052	0.0767960942187
WNT	FCRL2	-0.398858834948	0.0768697209212
WNT	PRKCG	-0.48537044195	0.0769006983872
WNT	KCNA10	0.573172940171	0.0775608490015
WNT	MFSD9	-0.714415580896	0.0776441883779
WNT	BAHCC1	-0.626740317041	0.0780791513301
WNT	DENND1C	0.764730409654	0.0783501559714
WNT	PLEKHS1	-1.2355838531	0.0783986206046
WNT	CHI3L1	-1.59090493071	0.0784309659116
WNT	GPHN	1.01512886864	0.0784354188669
WNT	GMFG	-1.02107037215	0.0787030714421
WNT	NR2F2	1.47084188047	0.0787814329272
WNT	POPDC2	0.705405482456	0.0789550770178
WNT	MMP20	0.581258019798	0.0790985420797
WNT	FGL2	1.03054110312	0.0793225811952
WNT	DRD2	0.450634487989	0.0801605606086
WNT	ZNF804A	1.52128998088	0.080404655222
WNT	ABCD1	-0.851047188842	0.080564144608
WNT	OAT	-1.4289232058	0.0807483607173
WNT	IL12A	-1.32293611174	0.0807651435725
WNT	TGFBR1	-1.29361066515	0.0809737467051
WNT	PLEKHG6	0.778785017658	0.0810658257
WNT	HYI	1.02287227979	0.081191589095
WNT	EFNB1	-0.729107031319	0.0814179517619
WNT	SUN2	-1.09662484708	0.081441426234
WNT	OR10H3	-0.590648918921	0.0815933896528
WNT	MAGEA11	-0.766237742264	0.082220472976
WNT	MVK	-0.75475783428	0.0823667240027
WNT	LBH	2.29689004778	0.0825607020095
WNT	MINDY1	-1.29214200574	0.0828746809336
WNT	KLHL41	-0.705479542755	0.0830511586057
WNT	CCR1	-1.30837714917	0.0832145368219
WNT	RIN3	0.585105334139	0.0835409011365
WNT	ELF5	0.882643044646	0.0837652881275
WNT	ATP7B	-1.05576922983	0.0840025507029
WNT	MUC13	-0.918559543876	0.0840537629068
WNT	PWWP3A	-0.80943911507	0.0842452625707
WNT	AKAP5	0.839438344225	0.0843472242488
WNT	SLC17A4	-0.436560375739	0.0849237600068
WNT	PDGFC	1.74785885626	0.0851845283502
WNT	FKBP10	0.860526810258	0.0859145497303
WNT	LRPPRC	0.912680948233	0.0861569231339
WNT	PDE8A	0.830303743012	0.0863542486025
WNT	ANAPC10	0.964420602515	0.0864385844824
WNT	PIP4K2B	-0.522432834496	0.0864539157706
WNT	SLC6A16	-0.731677950265	0.0865086981224
WNT	PDCL	-0.710925781195	0.0866527955591
WNT	GTPBP3	0.706571406541	0.0866763921017
WNT	RAB11B	-0.633911539384	0.08682799745
WNT	KIAA0513	-0.987048461411	0.0872614254749
WNT	C8A	0.515345712091	0.0872887245808
WNT	HERPUD1	-1.61445063186	0.0874256004843
WNT	SLC26A4	-0.928944866447	0.087442983754
WNT	MUS81	0.807639368488	0.0877433582341
WNT	SNTB2	-0.82962210018	0.0877959440184
WNT	KCND3	0.504099181286	0.087876894426
WNT	TAS2R3	0.661313280538	0.0878879714808
WNT	CHPF	-0.961941259767	0.0878948976653
WNT	HEXB	0.975558627332	0.087914589727
WNT	FGF9	-1.07096100425	0.0882679734611
WNT	BMP5	0.838989840012	0.0885120680428
WNT	XK	1.56698642995	0.0889417741236
WNT	HAO1	0.52689102683	0.0891372079495
WNT	GNAT2	0.579644005982	0.0892874262497
WNT	NECTIN1	-0.540818054906	0.0897482792663
WNT	TCF7	0.711206308266	0.0899207914528
WNT	PPP1R14D	0.772647117814	0.0899532081991
WNT	PSORS1C2	0.529767776362	0.0902895664599
WNT	THAP10	1.3906613913	0.0903136404102
WNT	CDK5RAP3	1.13311607924	0.090681602862
WNT	ELAC1	0.89270309467	0.0912425827769
WNT	PRKD2	-0.939307929882	0.0912683193329
WNT	BAIAP3	-0.473838632907	0.0913131184188
WNT	HOXD12	0.621771631014	0.0913337045505
WNT	FAM32A	-0.952428476382	0.0918180832549
WNT	CFAP70	0.542679037722	0.0918365510758
WNT	PCDHB6	-0.781886093913	0.0924625295681
WNT	ISYNA1	-1.00961813874	0.0928520052808
WNT	INSIG1	-2.92778961873	0.0932645288278
WNT	CCNB1IP1	1.55880298147	0.0932789279961
WNT	IRF2BP1	0.563917519326	0.0932837183192
WNT	MTHFD2L	0.821367820981	0.0933019582642
WNT	KBTBD4	-0.957901630532	0.0937035892884
WNT	DLG1	0.868675543413	0.0941086426081
WNT	FZD9	0.634061290817	0.0944111602232
WNT	AP5S1	0.815701289291	0.0947071505419
WNT	NR3C2	-1.05531044756	0.0949347753019
WNT	HSPA4L	-1.71202050874	0.0952173492887
WNT	TEAD4	1.2908550114	0.0952836119888
WNT	DIRAS2	-0.777954599982	0.0952970728485
WNT	SMUG1	0.634147098231	0.0953646646992
WNT	PRG3	0.411285980231	0.0954773744948
p53	GLS2	6.45246488467629	7.44430211911439e-37
p53	MDM2	8.1934882691823	2.11943038773031e-35
p53	ZNF79	4.02026334439871	4.5987434612231e-34
p53	FDXR	11.9944959216904	5.58948211215764e-32
p53	LCE1B	11.8137365968873	7.80954041104147e-30
p53	FAS	12.0306013823747	5.08462281968336e-29
p53	CABYR	6.12547191219197	7.22274236984984e-29
p53	SESN1	12.5292288974635	1.10060631626211e-27
p53	PIDD1	5.96064072378319	8.95161661597391e-27
p53	TP53I3	18.2611473292383	7.05436668276754e-26
p53	ABCA12	9.59718211876955	1.44564408392594e-25
p53	SMIM10L2A	6.37256519522957	1.97004124005911e-25
p53	DNAI3	13.0984058801245	3.52979627231707e-25
p53	CDKN1A	15.9569703107547	1.1433541637267e-24
p53	SPATA18	7.84899796478288	9.93102858937937e-24
p53	CES2	7.28038484156682	3.51056563825273e-23
p53	CDIP1	5.04944358228244	2.11910868226431e-22
p53	RETSAT	7.13672798613649	2.16439101875212e-22
p53	PRKAB1	4.52002945928526	4.36861079456739e-22
p53	CYP4F2	4.13943485407478	4.46181068655106e-22
p53	KLHDC7A	4.56627460909572	5.80225854761434e-22
p53	GPR87	10.8361217599775	5.8159929954092e-22
p53	POLH	5.17601264330087	9.80645884129403e-22
p53	XPC	6.58702600859331	2.03257939926139e-21
p53	PPM1D	6.24952058106223	2.27433130314022e-21
p53	ANKRA2	10.8896309741869	2.32747109134171e-21
p53	PADI4	4.10773014766389	2.52595574339479e-20
p53	NECTIN4	9.30887621816103	3.57195175291331e-20
p53	SLC52A1	4.15558984583101	4.33347625153749e-20
p53	PHLDA3	6.79043734303921	2.30139713542216e-19
p53	DDB2	8.18558326014517	9.81192860085691e-19
p53	RRM2B	10.6329276794067	1.23679096978612e-18
p53	EDA2R	3.17913230269643	1.27613866773293e-18
p53	ZNF337	3.30176303014569	1.71129642988392e-18
p53	MUC19	7.0401102333555	7.88247763185818e-18
p53	TNFRSF10B	6.00945938847029	1.46862115982655e-17
p53	FBXW7	4.28328558233132	1.85419718464691e-17
p53	CLCA2	10.5192559356231	1.96110779636407e-17
p53	ZMAT3	7.95669826461469	2.00823664289892e-17
p53	STAG1	-3.86511334869035	2.86980278601943e-17
p53	TMEM63B	4.80735222665581	3.61593792749401e-17
p53	SCN3B	4.85900175146136	3.67074960670457e-17
p53	DRAXIN	6.01440524485263	4.03344353225948e-17
p53	SERPINB5	4.79640560962552	4.11284058464981e-17
p53	RPS27L	6.25116452788065	1.16942579808029e-16
p53	FAM13C	4.31497453386035	2.01190530367989e-16
p53	DGKA	5.3815056342531	2.03097168368663e-16
p53	TIGAR	10.1514954141103	3.12594535553678e-16
p53	NRF1	-2.35103514848797	3.67742870429772e-16
p53	ACER2	11.5960643896458	4.56521602190048e-16
p53	TP53INP1	8.65838226312228	4.97317222830913e-16
p53	STX6	3.46579999630662	6.75152360910123e-16
p53	BLOC1S2	7.41262326071374	7.30520052347406e-16
p53	CMBL	5.05085572920282	7.52481491061498e-16
p53	SRGAP3	2.51854760461627	7.68325035571369e-16
p53	CLTRN	6.82934107641466	7.98434186555874e-16
p53	GRIN2C	1.83935980581783	9.25150959285338e-16
p53	CYFIP2	7.06090455961486	1.07111439574899e-15
p53	TRIAP1	6.42278898218996	1.11693305498102e-15
p53	ISCU	5.51234995398229	1.56357182125132e-15
p53	ARHGAP11A	-7.97622636328492	2.17687991717979e-15
p53	CCDC90B	3.38810946263638	3.08571858994254e-15
p53	NADSYN1	3.83691258033224	3.31162423775221e-15
p53	ZNF561	10.1232181976834	5.6136896090784e-15
p53	ZSCAN4	3.18346250616366	5.87207063709361e-15
p53	INPP1	7.48807583582186	5.90384961761944e-15
p53	LINC02875	3.27828305794746	5.99627745456037e-15
p53	TEX37	3.03848257750685	8.80592913727539e-15
p53	PGAP1	5.57428710691835	8.95202176248495e-15
p53	NBEAP1	6.7123085334829	1.06372065079196e-14
p53	CSTA	9.00607770370773	1.14191129222936e-14
p53	DQX1	4.38711610593762	2.33995049910149e-14
p53	PGF	4.45484651236069	2.73320388259448e-14
p53	GRHL3	8.21231017387999	3.26445890147727e-14
p53	C2orf66	11.5031743252221	3.49668375594735e-14
p53	FBXO22	3.69252600162702	3.85855190969399e-14
p53	ANKRD20A12P	3.69177440970098	4.1441289721214e-14
p53	KANK3	2.90543979717519	4.55478917263695e-14
p53	RINL	4.51468968662645	4.929636267523e-14
p53	AK1	4.35299241504451	5.51359784711993e-14
p53	ZNF83	-5.8575187613946	5.63136129860962e-14
p53	CYSRT1	5.07643075873178	5.90285384233265e-14
p53	GDF15	9.77398168384019	6.07462624733254e-14
p53	GRIP2	2.52761146451273	7.25983866883346e-14
p53	EFNB1	2.86567899119345	9.56779301634355e-14
p53	AKR1B10	10.3220773400368	1.05318197001447e-13
p53	CEL	4.04953467226343	1.27537746021327e-13
p53	PLTP	6.88503288508829	1.41222454719896e-13
p53	SLC44A5	5.04342092041207	2.42617048654914e-13
p53	EI24	4.09203042424567	2.47397685598168e-13
p53	CSMD3	4.81260146300689	3.05180659652823e-13
p53	RTL5	4.58551453484021	4.18944163980441e-13
p53	PDE6C	3.01413540282696	4.5934182783772e-13
p53	CARNS1	4.53873384469128	4.73057045822876e-13
p53	LCE1C	30.2207472764061	6.04883308679986e-13
p53	CCDC150	-3.17452711127065	7.39625201386698e-13
p53	LCE1A	6.15482283929932	8.475457514198e-13
p53	TREM2	4.10193661511406	9.73964803080786e-13
p53	GDF9	3.35574134398277	1.08743332294361e-12
p53	NHLH2	2.20163791722115	1.65158235569303e-12
p53	SLC25A45	4.91980677432265	2.13748852760286e-12
p53	TYMSOS	4.14795258058786	2.36251452145943e-12
p53	TMEM68	5.09873610685454	2.73595024806431e-12
p53	CYGB	3.20194683248846	2.82335862263106e-12
p53	PHLDB3	2.57377408995391	2.87286396144824e-12
p53	BTG2	10.2252230994473	2.93146349437672e-12
p53	CLP1	2.88384100677135	4.26994415462916e-12
p53	ULBP2	4.65454177203006	4.89685207954298e-12
p53	MON2	2.30947627992802	5.04551846427941e-12
p53	APAF1	3.55733570944424	5.72744168458617e-12
p53	NOPCHAP1	6.13180367928793	6.77428388814158e-12
p53	MR1	5.31974274567462	7.51728587699865e-12
p53	BTBD10	4.6234179857618	7.53412259249905e-12
p53	NLRX1	3.27548045704212	8.22422197150243e-12
p53	INPP5D	3.12450758341477	8.48413591339903e-12
p53	TCERG1L	2.37412001647258	8.85866243175237e-12
p53	APOBEC3C	4.29626538959128	9.59875587569349e-12
p53	CDKAL1	-2.15383001738579	9.65045207240859e-12
p53	SNX32	2.29181077618188	1.06173040177105e-11
p53	BLCAP	4.62599326333332	1.17407209276173e-11
p53	SKA3	-7.64405986948356	1.28431662135296e-11
p53	IKBIP	7.33031293543692	1.39978511103404e-11
p53	TRIM3	1.57372807974593	1.5849426945597e-11
p53	CENPF	-5.5138195483583	2.11400346853089e-11
p53	CEP128	-4.1553294012497	2.40226979063888e-11
p53	C14orf28	5.41955985682861	2.74292117016895e-11
p53	HEPACAM	4.41631276392725	4.36124388767986e-11
p53	RASAL1	1.89517720437839	5.09667469478834e-11
p53	H2AX	-3.35642288477556	5.5618762137e-11
p53	ATP6AP2	2.4617285388482	5.79180285602481e-11
p53	ZNF385A	3.71368074231343	5.90327000637512e-11
p53	TRIML2	3.81469344731875	6.45249829603487e-11
p53	HOXC13	3.10226752013958	6.96074269008471e-11
p53	EPPK1	4.71202168002039	7.13782155341891e-11
p53	GADD45A	10.535211502433	7.64419978688177e-11
p53	CWF19L1	-2.52310026386716	8.5945709294355e-11
p53	RALGDS	4.84609531351548	8.76981694403282e-11
p53	PADI3	4.17658762055864	9.65735141470627e-11
p53	NSG1	4.38066036262177	1.06924224724079e-10
p53	LCE1F	10.2858311553072	1.07376355101189e-10
p53	G2E3	-5.62478806811859	1.17275159205114e-10
p53	SULF2	8.88427133430346	1.33156551591537e-10
p53	CLSPN	-4.42815692828741	1.58319392909406e-10
p53	CEP85L	3.58133785046115	1.64171242882614e-10
p53	PPM1J	2.92688305465527	1.74539676903526e-10
p53	TICRR	-5.08348835376989	1.79131742752873e-10
p53	CCDC63	2.64580290798019	1.98512404536142e-10
p53	ZFPM1	1.82628923002729	2.05201208356324e-10
p53	DUSP14	5.13692827579251	2.16212794681671e-10
p53	TAB3	3.44101807241346	2.19541904759529e-10
p53	HS3ST4	2.066360806203	2.37091254403444e-10
p53	ZBTB2	-4.63126520423796	2.49331872856548e-10
p53	HES2	1.64167379390675	2.64990179742471e-10
p53	TSPAN11	4.67389434250976	2.70503456716087e-10
p53	MTFR2	-5.53994095456078	2.99616899858499e-10
p53	RBFOX3	1.80613252706014	3.04249250203409e-10
p53	INCENP	-2.94156501705535	3.07337585472338e-10
p53	PLCL2	2.64071567153428	3.55276863327348e-10
p53	RSRC1	-3.36081697344435	3.57278869541023e-10
p53	HCAR2	12.2968064025373	3.77989597832602e-10
p53	PLK1	-6.99583871349826	3.90933061354223e-10
p53	PARD6G	2.387237425098	3.95150688544712e-10
p53	SUGCT	4.68348393681313	4.09022966643279e-10
p53	VWCE	3.53895482982512	4.14014609643955e-10
p53	DNAJC18	4.07603574242989	4.31814329758892e-10
p53	SLC30A1	4.39012536774328	4.44993042114981e-10
p53	XG	2.73757652544961	4.4720199041056e-10
p53	WFDC5	3.08824072226571	5.1308142175442e-10
p53	FLYWCH1	2.12784385548567	5.1835550267519e-10
p53	DPYSL4	3.29662667173401	5.48876301583238e-10
p53	NSD3	-1.84496405562492	5.76969685816906e-10
p53	NEURL2	6.45953942391429	5.85052625847806e-10
p53	HHAT	4.05151918198613	6.24065804461613e-10
p53	BAX	4.34425470404785	6.48059561445319e-10
p53	TSGA10	2.40495803304282	6.87531165536183e-10
p53	DSC3	5.01158885948596	8.94158427774652e-10
p53	PLCXD2	3.63443820248488	9.03284887744023e-10
p53	BUB1	-4.60405660271192	9.90533336989356e-10
p53	ALMS1	-2.5431700072705	1.05744879375527e-09
p53	CHRNA3	1.65936948177367	1.08239121856064e-09
p53	C7orf57	3.29926633653865	1.1029569698876e-09
p53	PLK3	4.63537825997775	1.20181337313972e-09
p53	AGBL5	2.74271535801978	1.22306583101712e-09
p53	CEP170B	3.16239061403269	1.31555576853909e-09
p53	GNGT2	2.55176292387423	1.38629419629991e-09
p53	CCNK	2.04575308310878	1.38967774789009e-09
p53	MLF2	3.28939319781939	1.41295960537738e-09
p53	LRP10	4.32505688497738	1.48207254574531e-09
p53	WDR76	-6.17277171141208	1.59116332756744e-09
p53	ARVCF	1.78821562101401	1.75648754049141e-09
p53	CEP295	-2.24984649001135	1.8341664830917e-09
p53	REEP2	2.15304631431642	1.98505103648421e-09
p53	ING5	-1.78610597365435	2.11091758614884e-09
p53	BBS7	3.24654654831392	2.32491893226116e-09
p53	SGO1	-4.87832536378597	2.39881937869407e-09
p53	KLC3	2.1380884067701	2.43463919371633e-09
p53	RNASE7	4.77675543834818	2.73060181176016e-09
p53	CDH10	5.80251018231907	2.77229384123295e-09
p53	CFHR4	2.58203708409393	2.88392179935356e-09
p53	ALOX5	2.74178898672656	2.92126218722216e-09
p53	ZDHHC6	-2.8596337704644	2.96334255181816e-09
p53	CENPI	-4.51521189737238	3.01745310585015e-09
p53	CERS5	2.0004680587916	3.22489824030832e-09
p53	COQ8A	4.10504378127184	3.26421902791684e-09
p53	LACC1	8.38745179440065	3.33819007640638e-09
p53	RALGAPB	2.33151577709237	3.37064656123595e-09
p53	KLHL30	4.23743118542772	3.41293746123201e-09
p53	TRIM59	-5.86204889609867	3.50674470018754e-09
p53	PLA2G2A	-4.15861019747567	3.63546862368022e-09
p53	ABHD4	4.76064364336096	3.64257161987388e-09
p53	KIF18A	-6.15822329731189	3.65606233918733e-09
p53	SLC12A4	1.80959057940556	3.66877965339963e-09
p53	MED23	2.44186292154017	3.78352910167282e-09
p53	PHYH	4.56391574867049	3.81077097669886e-09
p53	SCN2A	3.71010643677324	3.87028391741679e-09
p53	ACTA2	3.97428519157633	3.92476876084784e-09
p53	BBS4	3.26685085716286	3.9690248003373e-09
p53	GPSM2	-4.60377046601186	3.99513046444626e-09
p53	TRAF4	3.09979662188127	4.14527128923694e-09
p53	CSNK1G1	2.16404902352182	4.33684642558491e-09
p53	GSTA2	8.14719302612503	4.56367078829156e-09
p53	MIS18BP1	-4.06238320652994	4.73175238693831e-09
p53	ZDHHC15	-1.92809346631832	4.82417262090308e-09
p53	MSH6	-3.55676997733756	5.03449200841489e-09
p53	LYRM9	2.96217588457651	5.37296701105472e-09
p53	TP53	4.91371400524448	5.42699652372073e-09
p53	ANXA4	6.27280171206051	5.47128137353175e-09
p53	RAI2	2.57332168879856	5.55182754391327e-09
p53	EGFLAM	2.7169903664556	5.67534568323797e-09
p53	ELP4	-3.03471242775414	5.81374910763715e-09
p53	MTBP	-3.37861163789751	6.5084841684412e-09
p53	STXBP3	2.82414548627612	6.62400746469625e-09
p53	CPT2	3.5234787018055	7.34473243572886e-09
p53	APLP1	3.13435320895359	7.38554631012648e-09
p53	SMC4	-4.92148539397589	7.44245501969489e-09
p53	TRIM35	3.84648639716477	8.04934245459775e-09
p53	PEX14	-1.45378736432796	8.71473918332383e-09
p53	NSD2	-3.26599046420362	8.86884709929755e-09
p53	DIAPH3	-3.65387979357768	1.05798920036582e-08
p53	RNF216	-1.45623006774431	1.06120617874887e-08
p53	ZFYVE1	5.86594295836281	1.09852457899788e-08
p53	GEN1	-4.06564035863659	1.23109232560252e-08
p53	OR52N4	9.91611847677872	1.3360761320183e-08
p53	FANCC	-1.863792654069	1.36943983917077e-08
p53	DENND2C	3.01070971016568	1.459251404778e-08
p53	CXCR2	3.52429243042523	1.63400680813898e-08
p53	SPIN1	-2.79115213285278	1.65610514714357e-08
p53	SYTL1	5.14972158817789	1.70252994799338e-08
p53	PAK5	1.27079905287565	1.71009174689642e-08
p53	CST3	3.37501885255358	1.82639728601708e-08
p53	SMC3	-3.38689149453163	1.87199810376771e-08
p53	IGDCC4	5.00606625435844	1.8947124689932e-08
p53	TAF3	2.73026680373477	1.89605156948677e-08
p53	KNL1	-3.63006432164052	1.89872888999731e-08
p53	SESN2	8.09489835641706	2.04881375780716e-08
p53	FANCD2	-4.07100610010717	2.063987749713e-08
p53	GPX8	-5.54621277993773	2.08112835915067e-08
p53	KLHL23	-4.65553243872573	2.12837351835591e-08
p53	PLCD1	3.13895378373942	2.15309232289386e-08
p53	KPNB1	-2.93916190024152	2.21567786100986e-08
p53	PRIM2	-3.10132549298003	2.30940718442987e-08
p53	ZNF440	1.51196698715907	2.33218596231999e-08
p53	FAM210B	6.6771146763064	2.40035229038547e-08
p53	FRMD8	2.12065904008587	2.48982225553606e-08
p53	RGMA	1.84056327995983	2.50158176604011e-08
p53	KIF22	-4.06826944036868	2.76715115798738e-08
p53	CLEC17A	2.76795560630849	2.87714308301931e-08
p53	CCDC14	-2.18408539621388	3.17268533673364e-08
p53	UBE2D2	-1.72768787087237	3.41527308982074e-08
p53	AMZ2	3.66230190518756	3.5647441316543e-08
p53	CIP2A	-6.04338725618639	3.7509030063677e-08
p53	GAL3ST4	2.6102274811711	3.75215675527733e-08
p53	DUSP11	2.93118742360636	3.76326524973376e-08
p53	CCS	2.54501531570515	3.86301420934507e-08
p53	GAS2L3	-6.64655270632069	3.90362354488884e-08
p53	STIL	-5.681272222464	3.90617344252754e-08
p53	TMPO	-5.02589560298561	3.9122631830295e-08
p53	BRCA1	-4.92152920534151	3.91317683904052e-08
p53	SLF1	-4.33348855193985	3.91371354457326e-08
p53	GLTP	3.46816599084747	3.95987429026948e-08
p53	MRPL39	2.9269379862034	4.15175170981117e-08
p53	CCNF	-4.17212185994256	4.18894551371527e-08
p53	USP28	-2.87442204415663	4.35130540536305e-08
p53	EML2	1.52255563975204	4.37989941665307e-08
p53	PKP4	-2.69378814139534	4.41726096861078e-08
p53	SCLT1	-3.47398388242681	4.48992034199314e-08
p53	PDS5B	-1.90221945865863	4.52360880862267e-08
p53	PTPRU	2.39830085135214	4.70036748420234e-08
p53	TBL1XR1	-2.88623945715483	4.70380872837209e-08
p53	MPHOSPH9	-3.4698779236307	4.8244369698717e-08
p53	PORCN	2.74578715259092	4.94139062924243e-08
p53	TNFRSF14	3.83674019905736	5.42535563951963e-08
p53	HNRNPDL	-2.49243285962431	5.48921538810085e-08
p53	NIN	-1.81794596058914	5.5577744505764e-08
p53	F5	2.39785372664004	5.74684255677037e-08
p53	MKI67	-5.68033977775496	5.75856524431481e-08
p53	THOC2	-2.10817822140188	5.85835939311206e-08
p53	POLA1	-4.94387329698027	5.91187313544026e-08
p53	TMEM52	2.59664800963448	6.57694962772593e-08
p53	MAST4	3.11522926994197	6.76973349859143e-08
p53	CENPL	-4.83662026622154	6.78535941420548e-08
p53	ZGRF1	-2.8881545466487	6.91719233185476e-08
p53	HS3ST6	1.97146512110218	6.94750779453432e-08
p53	ZBBX	1.67103521149364	7.08552969455862e-08
p53	CENPA	-4.57387564071129	7.23456033808555e-08
p53	TDRD3	-2.2774131122088	7.47779777397215e-08
p53	SLC35D1	3.49361749897179	7.61421030372054e-08
p53	ZNF767P	3.06050248330116	7.74365319213994e-08
p53	KEL	1.46395617810817	7.78805678106015e-08
p53	LZIC	-2.57733223638232	7.84745718951886e-08
p53	BTBD19	3.92560924826984	7.85521026690688e-08
p53	MCPH1	-1.60503749374448	8.55155892178094e-08
p53	CEP57L1	-1.80458402184147	8.60261660414597e-08
p53	BARD1	-4.28061526458253	8.71145237726657e-08
p53	CES3	1.42017695655085	9.19921883528367e-08
p53	DIAPH2	-3.24435693719321	9.26332434385992e-08
p53	SMARCC1	-2.43562950819297	9.48759039859262e-08
p53	BORA	-4.79838980377805	9.70789380419877e-08
p53	ABCA1	3.55010027718027	9.73590687223216e-08
p53	AURKA	-5.30450074457032	9.82079755915877e-08
p53	PIF1	-2.77547104099817	1.02033363729265e-07
p53	KIFC1	-4.76254711426084	1.02559523691397e-07
p53	PDS5A	-2.16831002051021	1.06064013237848e-07
p53	SPATA25	2.66845037033743	1.07126211085127e-07
p53	EPS8L2	2.61535040176216	1.13192295876443e-07
p53	MICALL1	3.63827914130027	1.13926543076919e-07
p53	CASP2	-2.2504697844854	1.14149552594634e-07
p53	RBM38	3.27109257111491	1.15269473596195e-07
p53	BRMS1L	3.41062372896307	1.16556148370534e-07
p53	BUD13	-2.85021155077956	1.17298501498815e-07
p53	TCHP	-2.97646537072188	1.24164527276519e-07
p53	CDC25C	-3.35832083213889	1.25327034751539e-07
p53	SCN4B	3.44737430884708	1.27420094094219e-07
p53	TPX2	-6.89455376817923	1.27631314890567e-07
p53	NUP98	-2.88695874493846	1.27719961059828e-07
p53	ANP32B	-2.90176677385895	1.29136632702935e-07
p53	SGK2	1.38384370555153	1.32730848882447e-07
p53	DOCK8-AS1	1.90295472773081	1.34882479397188e-07
p53	RPGRIP1L	-2.53676507636685	1.37052659839174e-07
p53	DHRS7	2.08140472996153	1.3832731500381e-07
p53	RABGGTA	2.29462250718054	1.40630248386225e-07
p53	SMCHD1	-2.64346380381591	1.44365753003544e-07
p53	TNPO3	-1.94763964850366	1.46440685626263e-07
p53	ZMYND11	-1.9915917161906	1.46969976294122e-07
p53	CAPRIN1	-1.7562753732849	1.51002839183555e-07
p53	SKA1	-5.29998679469088	1.53936966557955e-07
p53	PLK4	-4.71009587261041	1.56827443629864e-07
p53	MCM8	-5.11465904080061	1.63246615323769e-07
p53	HAP1	1.24705239295263	1.65921395064203e-07
p53	PAPOLA	-1.96457284371847	1.66022063742032e-07
p53	CCDC77	-4.16097116806346	1.66521128960472e-07
p53	FAM98C	3.17812218406082	1.74452960397228e-07
p53	ESCO2	-5.08354434216971	1.78872432128675e-07
p53	LAS2	-4.11682206865243	1.80404347375308e-07
p53	LRP2BP	1.78466265584841	1.80726182638163e-07
p53	PTCHD4	2.95854924455258	1.81397941681616e-07
p53	CTCF	-2.35027445711673	1.8625526623326e-07
p53	DEPDC1	-6.29860205187922	1.9080039654197e-07
p53	EWSR1	-1.95553958556992	1.92552029850012e-07
p53	ADCYAP1R1	1.46479145725585	1.94643728936742e-07
p53	ANP32E	-4.20602833798016	2.05010059528372e-07
p53	PROM2	1.57273825247212	2.07938983589555e-07
p53	PARP2	-3.92624612424526	2.0804010078249e-07
p53	SPATS2	-2.15238731516386	2.0839790527792e-07
p53	POLD3	-3.45443764749773	2.15012799142003e-07
p53	H2BC14	-5.09832011366014	2.22230016026501e-07
p53	RHAG	1.00744051410146	2.25543172081718e-07
p53	FITM2	2.73383700948443	2.2864530190782e-07
p53	SEPHS1	-2.91969802762416	2.30035107345426e-07
p53	SUSD6	6.55823682092654	2.32399018863392e-07
p53	PRR11	-3.9364207032517	2.37042187290829e-07
p53	KIF23	-5.78749892025889	2.47988405419955e-07
p53	NATD1	4.25759041711113	2.57963094239864e-07
p53	ZMYM1	-3.33713254246329	2.67052813736955e-07
p53	SASS6	-4.84637206861523	2.67727433268485e-07
p53	TNFRSF10C	2.14542006053431	2.72739363037153e-07
p53	CENPO	-3.16420780965645	2.78307888992517e-07
p53	CRYAB	6.23484476104514	2.81861407655806e-07
p53	BRIP1	-5.2118439540597	2.8361190358637e-07
p53	FUT8	-3.54682259669787	2.85129672867365e-07
p53	MAEL	2.59208603539607	2.8710666667115e-07
p53	GAST	1.62016668522385	2.91216005672351e-07
p53	KIF17	1.59221478546458	2.9338670976083e-07
p53	NLRP5	1.92028688980502	2.97732523964017e-07
p53	TEAD3	2.54540346554672	2.98668739434782e-07
p53	H2AC20	-11.9645658152896	3.00359453137387e-07
p53	FAF1	-2.14553255227512	3.03122525681015e-07
p53	FLG	3.42456064547057	3.04423133643245e-07
p53	CEACAM1	4.04051919522247	3.11424829685108e-07
p53	QSER1	-2.23746554424766	3.2321943049797e-07
p53	TAFA2	3.98188493901581	3.37918536653172e-07
p53	PARD3	-2.29733269324934	3.43124778678779e-07
p53	WDHD1	-5.25427667630742	3.59023160651196e-07
p53	INTS7	-2.40201446522276	3.60078198492955e-07
p53	FIGN	-3.82311648863789	3.70012546019426e-07
p53	CDCA3	-5.75846497515046	3.91677069250703e-07
p53	NCAPH	-6.09095706934528	4.00167312338365e-07
p53	FAM43B	2.03673425295181	4.01658586734692e-07
p53	RAD21	-3.10981519446504	4.02749188322265e-07
p53	CCNA2	-6.37962812505719	4.03493604771691e-07
p53	NAPEPLD	-3.42465913392547	4.04929912605897e-07
p53	ALS2CL	2.23897868256362	4.29384523627151e-07
p53	LCAT	1.8887065553981	4.42262555649124e-07
p53	MIS18A	-4.04059305640033	4.44855490394499e-07
p53	ICE2	-2.36584052893984	4.51383552926127e-07
p53	CCNG1	4.33792597073688	4.59547997149416e-07
p53	LPIN3	2.10895719587299	4.6798670932838e-07
p53	CDC25B	-4.01646420895187	4.72393872797839e-07
p53	CFAP74	1.10870086305931	4.78269679926015e-07
p53	CDC27	-2.47578706205137	4.84400279401508e-07
p53	SLC35E3	1.44262673853224	4.93301155296534e-07
p53	TEP1	2.4032419637377	4.9602815235712e-07
p53	CLN8	2.18808163099183	5.04817998768799e-07
p53	GRK6	-2.12186076262753	5.14256453419288e-07
p53	NTPCR	3.28424362333525	5.21410524421502e-07
p53	KIF11	-6.34734615861993	5.36245596753931e-07
p53	CENPJ	-2.95447169838855	5.41755041540284e-07
p53	SLC25A40	-2.82355795393642	5.46883342431736e-07
p53	RFNG	2.4741131162332	5.50108592067493e-07
p53	ARL6IP6	-3.02686405661434	5.62306940019355e-07
p53	MELK	-6.38769323082593	5.6601765485229e-07
p53	KIF4A	-5.59639445114061	5.82989758150238e-07
p53	NCAPD2	-4.54644696163353	5.88551922951181e-07
p53	TGM4	1.04497836187427	5.89332549380564e-07
p53	GSTCD	-1.88747434450745	5.94835176995756e-07
p53	MRPL49	2.85985440876331	5.96076216813095e-07
p53	ARHGAP11B	-11.5554866342792	5.97483903873137e-07
p53	GALR2	2.62845419611161	6.11564109138124e-07
p53	GM2A	2.96211740699272	6.26091428224511e-07
p53	AEN	4.78850806650135	6.28221282714495e-07
p53	NEXN-AS1	2.30685184493643	6.37614155357916e-07
p53	CYP3A43	1.48690935096863	6.43274819209804e-07
p53	CHEK2	-3.57239860310337	6.79337890092427e-07
p53	SSX2IP	-2.88815204336443	6.8230557172902e-07
p53	NFIB	-2.79534610540693	7.06639122172759e-07
p53	GASK1B	6.17058426530193	7.08487961042438e-07
p53	IFT20	3.30677763988003	7.16486508139565e-07
p53	AADAC	2.22688197116828	7.31436359860092e-07
p53	GEMIN2	-3.26231018247829	7.3364219335464e-07
p53	SAE1	-2.55180936386266	7.42944586301733e-07
p53	DUOX1	1.6658458983571	7.65772844254057e-07
p53	CHAF1A	-3.51237649747622	7.67413795150339e-07
p53	ABCG4	1.22052412023949	7.75077925939812e-07
p53	CCNB1	-6.46209565173895	7.75156918072245e-07
p53	MT-ND4	-83.9089310476945	7.86899548750666e-07
p53	GTF2IRD1	-3.19931270610359	7.91762811855667e-07
p53	NEIL3	-5.2573432472505	8.16852117262534e-07
p53	DCLRE1A	-2.7963396487634	8.24261091649569e-07
p53	CASP10	1.68270061731694	8.2602686478975e-07
p53	CEP85	-2.25274812137049	8.26113153094597e-07
p53	SGO2	-5.91348869721888	8.30119771060496e-07
p53	KIF14	-6.2730022940127	8.30802360401152e-07
p53	SERTAD1	5.92551435999402	8.42073506321478e-07
p53	LRBA	-2.69784921333405	8.56959080783525e-07
p53	PIP4K2A	-2.28621854708332	8.61807588935683e-07
p53	FUCA1	3.02112356652648	8.73440299618449e-07
p53	DCAF1	-1.78979538656968	8.91053571566903e-07
p53	PATZ1	-1.63584434581274	9.09365255540859e-07
p53	SMTNL2	1.69430948200813	9.3130704400524e-07
p53	RNGTT	-1.91886779611292	9.37080640126691e-07
p53	CBX3	-2.44921526974095	9.52867714439037e-07
p53	SEMA3G	2.98619637628454	9.53440441011874e-07
p53	PPP6R3	-1.62493012793647	9.63936963102878e-07
p53	TRRAP	-2.12141436657274	9.69700536794785e-07
p53	FANCM	-2.93531633785355	9.98435794214809e-07
p53	CD163L1	2.71950174080857	1.0559727400867e-06
p53	HNRNPA0	-2.52676652716608	1.06204883349343e-06
p53	FANCF	-2.92411817623179	1.10498847910553e-06
p53	MNS1	-4.27686711590396	1.11725104236376e-06
p53	WRAP73	1.91448293360287	1.12394636022338e-06
p53	MYOM1	1.40167965538914	1.12471356013169e-06
p53	KIF2C	-5.32834130321361	1.14206657573503e-06
p53	MIPOL1	-1.62767191365164	1.1629880498739e-06
p53	ANKRD27	-2.62454821026016	1.17307181531429e-06
p53	HNRNPU	-1.98032596217851	1.22467096235217e-06
p53	NONO	-2.16442193820615	1.22762024740955e-06
p53	ZNF423	2.33962680983152	1.25899417492135e-06
p53	RBL1	-3.36815576583218	1.26042684796241e-06
p53	LARP4B	-1.58859423126876	1.27260541739398e-06
p53	ATAD5	-3.57382846405399	1.27277589933607e-06
p53	HNRNPR	-2.65419827866656	1.27600961217279e-06
p53	ZNF639	-1.99154419216943	1.27788925547724e-06
p53	CIT	-9.03645103786526	1.30121086146577e-06
p53	MBNL1	-1.90010900304857	1.3217693785595e-06
p53	ZNF609	-1.47720225665686	1.33193837366635e-06
p53	MFSD4A	1.50366332964121	1.34364787856982e-06
p53	ATP6V0A2	-1.71785659933882	1.3499042934044e-06
p53	POLQ	-3.4682177997077	1.3579186736176e-06
p53	POMZP3	3.22663964968099	1.37875016402173e-06
p53	DDX10	-2.77644615418038	1.39327472517354e-06
p53	FAM161A	-2.61399761786122	1.40995362107587e-06
p53	LONP2	5.19158880251127	1.4278711874613e-06
p53	CHEK1	-4.18612135101117	1.45571877680217e-06
p53	NTN1	1.41569229628942	1.48549489111219e-06
p53	NME7	-2.50479965989159	1.49338296596353e-06
p53	ZMYM4	-2.32575160681688	1.52238821632454e-06
p53	CFDP1	-1.62816796399604	1.52604470751304e-06
p53	VPS37D	2.30950340700461	1.53709807774002e-06
p53	TEDC1	-2.27482326435126	1.54703706409258e-06
p53	CCDC138	-3.20511304019316	1.56815953669541e-06
